player_name,position,college,consensus,text_source,sc_prediction,p_cornerstone,p_53_man,p_roster_bubble,p_out_of_league,sc_key_sentences,sc_concerns,sc_feat_consensus,sc_feat_round,sc_feat_position,sc_feat_beast_rank,sc_top_measurable,sc_top_measurable_contrib,draft_prediction,p_slide,p_consensus,p_riser,draft_key_sentences,draft_concerns,draft_feat_br,draft_top_measurable,draft_top_measurable_contrib,pred_apy_pct,pred_apy_pct_lo,pred_apy_pct_hi,p_real_contract,expected_apy_pct,apy_feat_consensus,apy_feat_round,apy_feat_beast_rank,apy_top_measurable,apy_top_measurable_contrib,sc_pos_words,sc_neg_words,draft_pos_words,draft_neg_words
Fernando Mendoza,QB,Indiana,1,beast,out_of_league,25.8,29.6,14.7,29.9,,,-0.296,1.1001,-0.0146,-0.0511,weight,0.284,consensus,12.2,59.6,28.2,"""Highly productive in 2025 — put together one of the best QB seasons in Big Ten history"" [the best]",,-0.066,weight,-0.0639,0.899,0.798,1.0,55.4,0.498,0.0337,-0.0478,0.0356,height,-0.0058,throws:0.0051|shoulder:0.0042|center:0.0042|timing and:0.0039|percentage:0.0037|situations:0.0030|winning:0.0028|mental:0.0025|iq:0.0024|florida:0.0023,history:-0.0066|athlete:-0.0043|pocket:-0.0040|quarterback:-0.0040|decision:-0.0039|heavy:-0.0031,the best:0.0058|elite:0.0054|adequate:0.0053|pressure:0.0051|velocity:0.0048|indiana:0.0045|coverages:0.0044|national:0.0044|arm:0.0044|history:0.0044,heavy:-0.0056|looks:-0.0049|next level:-0.0036|2024:-0.0035|has some:-0.0035|hole:-0.0034
Arvell Reese,LB,Ohio State,2,beast,cornerstone,43.3,20.2,14.1,22.4,,,0.5858,0.3584,0.2105,0.3458,vert_jump,-0.5373,riser,14.5,26.7,58.8,"""- Experience playing in an NFL-level defensive scheme with former New England Patriots defensive coordinator and Detroit Lions head coach Matt Patricia taking over as Ohio State's defensive coordinator in 2025. - Change of direction, lateral movement skills and lack of short-area quickness hinder his ability to cover tight ends and running backs in man coverage or make plays on the ball in zone coverage"" [of direction]",,0.1114,height,0.2853,0.898,0.797,1.0,63.4,0.57,0.0336,-0.0478,0.0356,wingspan,0.0171,ends:0.0069|blocks:0.0035|behind:0.0033|taking:0.0032|linebacker:0.0032|direction:0.0030|the quarterback:0.0029|tight:0.0028|find:0.0026|different:0.0024,ohio:-0.0064|edge:-0.0050|state:-0.0034|stand:-0.0032|shows:-0.0031|to stay:-0.0025,linebacker:0.0089|of direction:0.0058|scouts:0.0051|grade:0.0043|change:0.0042|state:0.0040|font:0.0038|coverage:0.0036|long arms:0.0036|technician:0.0036,in 2021:-0.0070|davis:-0.0062|weight:-0.0059|rusher:-0.0033|behind:-0.0033|find:-0.0033
David Bailey,EDGE,Texas Tech,3,beast,53_man,14.7,45.0,25.3,15.1,"""Only one season as a full-time starter 334 Back to table of contents"" [only one] || ""2 in tackles for loss (19.5) and total pressures (81). A linear-based pass rusher, Bailey fires off the ball like a sprinter, with stride length and hell-raising intentions to quickly build forceful momentum to the quarterback"" [total pressures] || ""- Not very physical at the point of attack"" [physical at]","""- Not very physical at the point of attack"" [of attack, the point] || ""- Has a habit of working around blocks, even against tight ends, often vacating his gap"" [tight ends]",-0.2141,-0.2005,0.1336,-0.1027,broad_jump,0.5269,riser,4.0,33.8,62.2,,"""Overall, Bailey is still developing his rush counters, but he is an explosive, quick-twitch athlete with the power, length and desire to be a disruptive rush piece"" [is still]",0.1114,broad_jump,1.0467,0.863,0.761,0.964,59.7,0.515,0.0334,-0.0478,0.0335,hand,-0.0416,edge:0.0047|instincts:0.0044|hands:0.0032|around:0.0029|offensive:0.0025|rush:0.0024|history:0.0024|practice:0.0023|inside:0.0023|outside:0.0021,percent:-0.0043|blockers:-0.0038|blocks:-0.0033|against:-0.0032|of attack:-0.0029|backside:-0.0027,grade:0.0047|nfl scouts:0.0045|font:0.0042|piece:0.0039|competition:0.0038|of direction:0.0037|take on:0.0037|struggles to:0.0036|bailey:0.0029|highly productive:0.0028,14:-0.0048|counters:-0.0047|in 2021:-0.0045|blocks and:-0.0044|backfield:-0.0037|rusher:-0.0037
Jeremiyah Love,RB,Notre Dame,4,beast,cornerstone,62.5,5.8,8.0,23.7,,"""A two-year starter at Notre Dame, Love became the featured weapon in offensive coordinator Mike Denbrock’s scheme and in 2025 helped the Irish average 40-plus points per game for the first time in 113 years"" [notre dame] || ""As a blocker, he has some fundamental lapses, such as lunging and dipping his head, though he also shows some solid reps"" [such as]",0.58,0.3584,0.087,0.3458,wingspan,0.7888,consensus,11.6,47.0,41.4,,,-0.066,arm,0.1225,0.947,0.846,1.0,68.3,0.647,0.0332,-0.0478,0.0356,wingspan,0.0308,slot:0.0066|defenders:0.0035|blocks:0.0032|love:0.0029|direction:0.0029|blocker:0.0026|backfield:0.0026|behind:0.0025|athlete:0.0025|plays:0.0024,shows:-0.0030|jump:-0.0029|contact:-0.0028|work:-0.0026|balance:-0.0025|burst:-0.0024,love:0.0076|rushing:0.0060|40:0.0057|footwork:0.0053|third:0.0046|dame:0.0045|notre:0.0045|dash:0.0044|projects as:0.0044|room:0.0042,running:-0.0113|solid:-0.0050|blocks:-0.0050|2024:-0.0047|into contact:-0.0046|change of:-0.0045
Francis Mauigoa,OT,Miami (FL),5,beast,cornerstone,34.2,16.8,18.4,30.6,"""A former five-star recruit, he earned a starting role from day one and started all 42 games the past three seasons (he led the Hurricanes in snaps played in both 2024 and 2025). A consensus All-American his final season, he was a pivotal part of Miami’s run to the 2025 national title game and became the first Miami player since 2005 (Eric Winston) to earn the Jacobs Blocking Trophy as the ACC’s top blocker"" [day one, star recruit] || ""He doesn’t have elite length or foot quickness, but he plays with a relaxed feel in space to mirror and put rushers in a vise"" [rushers in] || ""A wide-bodied blocker and “Freaks List” alum, Mauigoa carries his weight well"" [weight well, freaks list]","""Though his college tape says he can stay outside at right tackle, his skill set would be maximized inside at guard in the NFL."" [his college]",0.5771,0.3584,-0.2482,0.3256,vert_jump,-0.2857,riser,3.7,34.5,61.8,,,0.1114,broad_jump,0.9688,0.909,0.808,1.0,51.0,0.464,0.0331,-0.0478,0.0335,hand,-0.0481,ends:0.0049|blocks:0.0042|blocker:0.0038|percent:0.0036|defenders:0.0034|skill:0.0029|past:0.0029|pass:0.0028|plays:0.0028|blocking:0.0023,stay:-0.0050|inside:-0.0045|feel:-0.0045|shows:-0.0038|balanced:-0.0033|guard:-0.0032,vs:0.0052|in pass:0.0047|drive:0.0047|rushers:0.0047|attempting:0.0041|tackle:0.0039|thick:0.0031|result:0.0030|rep:0.0030|spacing:0.0028,miami:-0.0055|kick:-0.0041|games the:-0.0036|only average:-0.0035|anchor to:-0.0034|weight:-0.0034
Sonny Styles,LB,Ohio State,6,beast,cornerstone,60.6,16.3,4.0,19.0,"""Can see his safety background in the way he hunts underneath zones or plays man-up against tight ends"" [tight ends]","""Could do a better job ball searching to force incompletions or fumbles (only career interception was on a right-place, right-time deflection) - Very good athlete for a linebacker who has good eyes in man and zone coverages to locate threats and/or avoid pick routes"" [zone coverages, has good, was on] || ""- A little thin for his height, could afford to add some size and strength to have more pop behind his pads when coming downhill and hold his ground against stronger offensive linemen"" [add some]",0.5742,0.3584,0.2105,0.3458,wingspan,0.6973,riser,13.4,37.3,49.3,,,0.1114,height,0.3828,0.862,0.761,0.964,77.0,0.664,0.0329,-0.0478,0.0356,hand,-0.0371,tight ends:0.0101|slot:0.0074|safety:0.0051|blocks:0.0046|athleticism:0.0031|backfield:0.0029|against the:0.0029|linebacker:0.0028|athlete:0.0028|plays:0.0028,ohio:-0.0048|combine:-0.0034|state:-0.0024|during:-0.0023|contact:-0.0020|his pass:-0.0019,linebacker:0.0080|grade:0.0046|font:0.0041|runners:0.0036|coverage:0.0035|tall:0.0033|direction:0.0031|skills:0.0030|state:0.0028|position:0.0027,backfield:-0.0060|weight:-0.0051|in 2021:-0.0044|blocks and:-0.0043|senior:-0.0035|final:-0.0035
Rueben Bain,EDGE,Miami (FL),7,beast,53_man,25.8,36.4,7.1,30.7,,"""Bain is often late and doesn't play the hands well after contact"" [often late] || ""41 in the FBS in 2025 in pressures per snap). With a uniquely thick body type, short arms and an average get-off, Bain isn’t the picture-perfect embodiment of what NFL teams covet in a pass rusher"" [teams covet]",-0.2098,-0.2005,0.1336,-0.0964,wingspan,0.3721,consensus,21.5,49.3,29.2,"""​ More quick than explosive off the snap"" [off the]",,-0.066,arm,-0.178,0.942,0.841,1.0,62.2,0.586,0.0327,-0.0478,0.0314,hand,0.0424,tackle:0.0057|edge:0.0042|arms:0.0033|hands:0.0031|soft:0.0030|wide:0.0029|in all:0.0029|zone:0.0028|smith:0.0027|lead:0.0027,of attack:-0.0048|gap:-0.0038|blocks:-0.0035|tight:-0.0034|line:-0.0030|blockers:-0.0026,rushing:0.0066|isn:0.0049|sacks:0.0048|projects as:0.0048|weight:0.0046|list:0.0041|american:0.0035|half:0.0033|loss and:0.0033|leverage points:0.0032,blocks:-0.0067|font:-0.0062|solid:-0.0055|2024:-0.0051|attack:-0.0044|thick:-0.0044
Carnell Tate,WR,Ohio State,8,beast,roster_bubble,28.3,11.3,31.3,29.1,"""A two-year starter at Ohio State, Tate was an outside receiver (88.9 percent of snaps aligned wide) in former offensive coordinator Brian Hartline’s pro-style, balanced scheme"" [percent of]","""To reach his full potential, Tate would benefit from adding strength at the next level, as he currently does not rely heavily on top-end athleticism to win"" [does not, would benefit, next level] || ""He climbs the ladder with ease, and the ball doesn’t move when it hits his hands (among the 168 FBS receivers with at least 66 targets in 2025, Tate was one of only four who didn’t register a drop). Overall, Tate is a long, technically proficient receiver who can win at all three levels using 83 Back to table of contents high-level tracking/adjustment skills and catching radius"" [ball doesn, when it]",-0.0739,-1.258,0.413,-0.1856,vert_jump,0.875,consensus,5.7,64.6,29.7,"""He has only average snap out of breaks, but wins more with pacing and body control than suddenness"" [body control]",,-0.066,hand,0.0733,0.808,0.707,0.909,39.6,0.32,0.0326,-0.0478,0.0356,hand,-0.067,targets:0.0056|ohio state:0.0039|press:0.0037|body:0.0033|missed:0.0031|receiving:0.0031|vertical:0.0028|point:0.0026|caught:0.0025|catch:0.0025,fbs:-0.0040|as junior:-0.0038|the air:-0.0031|proficient:-0.0023|nfl:-0.0022|with long:-0.0021,body control:0.0081|among:0.0053|win:0.0051|projects as:0.0049|ohio state:0.0048|hand:0.0047|talent:0.0045|separation:0.0043|skillfully:0.0037|leverage:0.0036,caught:-0.0067|smith:-0.0064|solid:-0.0056|coverage:-0.0052|adjusts:-0.0042|fbs receivers:-0.0037
Caleb Downs,S,Ohio State,9,beast,cornerstone,46.5,32.7,1.6,19.1,,,0.5654,0.3584,0.0999,0.3458,wingspan,-0.502,consensus,20.2,46.0,33.8,"""Downs played with an unbelievable level of consistency over his three years in college"" [his three]",,-0.066,arm,-0.1011,0.837,0.735,0.938,79.3,0.663,0.0324,-0.0478,0.0356,wingspan,-0.0196,punt:0.0083|return:0.0064|safety:0.0057|skillset:0.0044|man coverage:0.0042|single high:0.0040|the quarterback:0.0035|plays:0.0034|breakups:0.0031|sees:0.0028,ohio:-0.0055|state:-0.0027|passing:-0.0025|college:-0.0024|his three:-0.0023|shows:-0.0022,coverages:0.0061|elite:0.0060|because:0.0053|great:0.0052|his three:0.0050|the field:0.0049|body control:0.0044|ohio state:0.0044|our:0.0043|american:0.0041,running:-0.0087|downs:-0.0062|2024:-0.0049|in coverage:-0.0047|return:-0.0042|looks:-0.0040
Mansoor Delane,CB,LSU,10,beast,roster_bubble,23.4,26.5,38.7,11.4,"""​ Just 4.7 percent of career defensive snaps came in the slot"" [percent of]","""He is instinctive in coverage and understands down and distance, which allows him to settle and close without any wasted or panicked movements (zero touchdowns allowed and zero penalties committed in 2025). His average frame and play strength might be greater hindrances versus NFL size, but he is an alpha competitor and carries himself like a pro"" [in coverage] || ""​ Rocked up in upper body but has shorter arms and underdeveloped lower half (lean thighs, thin ankles)"" [lower half]",-0.0731,-1.258,0.1989,-0.1856,vert_jump,0.4446,riser,9.4,44.6,46.0,"""He projects as a starting outside NFL cornerback, with the skill set to move inside over the slot"" [the slot]",,0.1114,arm,0.2279,0.882,0.781,0.983,49.9,0.44,0.0322,-0.0478,0.0356,hand,0.0207,press:0.0035|body:0.0034|play strength:0.0022|history:0.0021|missed:0.0021|moving:0.0020|caught:0.0017|at virginia:0.0016|move:0.0016|vertical:0.0015,doesn:-0.0035|run game:-0.0035|passes defended:-0.0029|size:-0.0028|key:-0.0026|in coverage:-0.0026,the slot:0.0059|responsibilities:0.0049|coverage:0.0046|of direction:0.0043|virginia:0.0042|phase:0.0039|route:0.0034|read:0.0032|change:0.0031|tackling:0.0029,lsu:-0.0064|man and:-0.0042|touchdowns:-0.0041|special teams:-0.0037|allows:-0.0037|maintain:-0.0037
Monroe Freeling,OT,Georgia,11,beast,53_man,18.3,30.7,23.9,27.1,,"""2025) after his left ankle got rolled up on and didn’t start following week; played through shoulder injury late in 2024 season (gave up three sacks against Notre Dame) and underwent offseason shoulder surgery (Jan"" [gave up, shoulder surgery, three sacks] || ""​ Inconsistent out in space adjusting to movement"" [adjusting to]",-0.2055,-0.2005,0.1013,-0.0964,wingspan,-0.3466,riser,12.5,38.0,49.5,"""Mixing up his pass sets, redirecting vs"" [pass sets]",,0.1114,height,0.2678,0.893,0.792,0.995,49.0,0.437,0.0321,-0.0478,0.0314,hand,-0.0571,tackle:0.0068|develop:0.0046|balance:0.0044|rushers:0.0043|sets:0.0041|only one:0.0040|long arms:0.0035|zone:0.0033|leverage:0.0029|his pass:0.0028,second:-0.0041|defenders:-0.0036|backside:-0.0031|broad:-0.0031|late:-0.0028|himself:-0.0028,upright:0.0060|vs:0.0056|pass sets:0.0051|drive:0.0051|rushers:0.0050|catches:0.0034|rep:0.0033|contact balance:0.0032|tackle:0.0030|base and:0.0029,counters:-0.0055|best football:-0.0051|second:-0.0039|adding:-0.0036|honors:-0.0035|control:-0.0034
Spencer Fano,OT,Utah,12,beast,cornerstone,37.7,30.3,7.2,24.8,"""A three-year starter at Utah, Fano played right tackle in former offensive coordinator Jason Beck’s RPO-based spread scheme (also lined up as a jumbo tight end in unbalanced sets). After becoming an immediate starter at left tackle as a true freshman, he moved to his more natural right tackle spot the past two seasons and became just the fifth unanimous All-American in school history (and the first on offense). He also became the first Utah player to win the Outland Trophy and was the second of Polynesian descent to win the honor (Sewell was the first). An impressive athlete for the position, Fano is quick out of his stance in pass protection and has the bend, balance and sudden hands to neutralize different types of rushers"" [has the, tight end] || ""​ Played left tackle in 2023 but is more natural at right tackle (played exclusively right tackle in high school) - Loose, fluid mover with very good athletic ability, balance and recovery skills"" [in high, athletic ability, but is] || ""​ Needs to continue developing core and anchor strength"" [needs to]",,0.5567,0.3584,-0.2482,0.3458,40yd,-0.6973,riser,2.7,22.7,74.6,"""A three-year starter at Utah, Fano played right tackle in former offensive coordinator Jason Beck’s RPO-based spread scheme (also lined up as a jumbo tight end in unbalanced sets). After becoming an immediate starter at left tackle as a true freshman, he moved to his more natural right tackle spot the past two seasons and became just the fifth unanimous All-American in school history (and the first on offense). He also became the first Utah player to win the Outland Trophy and was the second of Polynesian descent to win the honor (Sewell was the first). An impressive athlete for the position, Fano is quick out of his stance in pass protection and has the bend, balance and sudden hands to neutralize different types of rushers"" [in pass]","""A three-year starter at Utah, Fano played right tackle in former offensive coordinator Jason Beck’s RPO-based spread scheme (also lined up as a jumbo tight end in unbalanced sets). After becoming an immediate starter at left tackle as a true freshman, he moved to his more natural right tackle spot the past two seasons and became just the fifth unanimous All-American in school history (and the first on offense). He also became the first Utah player to win the Outland Trophy and was the second of Polynesian descent to win the honor (Sewell was the first). An impressive athlete for the position, Fano is quick out of his stance in pass protection and has the bend, balance and sudden hands to neutralize different types of rushers"" [an immediate]",0.1114,broad_jump,0.9275,1.0,0.899,1.0,68.0,0.68,0.0319,-0.0478,0.0356,hand,0.0696,has the:0.0037|tight end:0.0034|texas:0.0033|blocks:0.0033|needs to:0.0031|be an:0.0030|pass:0.0027|defenders:0.0026|athlete:0.0025|blocking:0.0022,sets:-0.0050|left tackle:-0.0045|tape:-0.0043|work:-0.0032|inside:-0.0031|easily:-0.0030,easily:0.0054|in pass:0.0053|tackle:0.0050|rangy:0.0039|drive:0.0037|core:0.0037|narrow:0.0036|straight:0.0034|protection:0.0032|rushers:0.0030,an immediate:-0.0073|counters:-0.0050|second:-0.0036|rpo:-0.0029|220:-0.0026|don:-0.0024
Makai Lemon,WR,USC,13,beast,cornerstone,38.2,10.3,29.4,22.1,,"""​ Average size and play strength will be more noticeable against NFL defensive backs"" [play strength] || ""Despite lacking top-tier physical traits, Lemon provided multiple examples each game in which his quarterback made a “my guy is better than your guy” throw for Lemon to go get"" [is better]",0.5538,0.3584,0.0623,0.3256,vert_jump,-0.4903,riser,14.4,42.6,42.9,"""A two-year starter at USC, Lemon was primarily an inside receiver (75.6 percent of career snaps aligned in the slot) in head coach Lincoln Riley’s RPO spread scheme"" [the slot]","""With his competitive urgency, he doesn’t let the ball hit the ground (2.8 percent career drop rate) and rarely gets tackled where he makes a catch (he produced hidden yards all over his college tape). Overall, Lemon doesn’t wow with his size or athletic profile, but he is a smooth, manipulative route runner and catches everything thrown his way"" [where he]",0.1114,arm,0.152,0.917,0.816,1.0,48.5,0.445,0.0317,-0.0478,0.0335,hand,0.0496,slot:0.0180|percent:0.0068|punt:0.0044|returner:0.0039|plays:0.0025|defenders:0.0024|athlete:0.0023|backs:0.0022|usc:0.0022|guy:0.0021,work:-0.0037|press:-0.0035|inside:-0.0029|burst:-0.0028|lacks:-0.0025|point:-0.0025,catches:0.0081|the slot:0.0062|tracking:0.0053|route:0.0044|came:0.0038|struggles:0.0036|matches:0.0033|limiting:0.0033|lacking:0.0029|traffic:0.0029,projects as:-0.0047|returner:-0.0039|kick:-0.0037|catch point:-0.0033|dirty:-0.0033|and finish:-0.0030
Jermod McCoy,CB,Tennessee,14,beast,53_man,24.6,34.7,10.3,30.4,,,-0.2023,-0.2005,-0.1555,-0.1027,broad_jump,0.4775,riser,6.3,17.5,76.2,,,0.0,broad_jump,0.9486,0.891,0.79,0.992,59.3,0.529,0.0316,-0.0478,0.0335,broad_jump,0.0109,interception:0.0057|cornerback:0.0054|develop:0.0053|tackle:0.0046|feel:0.0044|around:0.0039|lead to:0.0039|zone:0.0038|instincts:0.0035|tape:0.0033,punt:-0.0068|has the:-0.0033|himself:-0.0032|against:-0.0028|yards:-0.0022|knee:-0.0020,phase:0.0074|downfield:0.0053|competition:0.0050|doesn always:0.0048|coverage:0.0048|heavy:0.0040|route runners:0.0037|oregon:0.0032|came:0.0030|loses:0.0029,return:-0.0097|acl:-0.0057|right knee:-0.0050|yards per:-0.0044|punt:-0.0044|interceptions:-0.0038
Jordyn Tyson,WR,Arizona State,15,beast,out_of_league,11.1,23.0,30.1,35.9,,,-0.2755,1.1001,-0.1612,-0.0451,40yd,2.8192,consensus,17.8,45.6,36.6,"""He projects as an NFL starter (inside or outside), with a skill set that reminds me of Stefon Diggs"" [he projects]","""A two-year starter at Arizona State, Tyson lined up as the X receiver (74.7 of snaps aligned outside) in offensive coordinator Marcus Arroyo’s scheme (former NFL receiver Hines Ward was his wide receivers coach at ASU). After a devastating knee injury at Colorado in 2022, he transferred to Tempe and emerged as the Sun Devils’ go-to receiver the past two seasons, posting a combined 136 catches, 1,812 yards and 18 touchdowns over 21 games (Tyson, Ohio State’s Jeremiah Smith and UConn’s Skyler Bell were the only three FBS players with at least 1,800 receiving yards and 18 touchdowns over the past two years). He was leading the Big 12 in almost every receiving category through eight weeks of the 2025 season before being sidelined by injury — he missed 34 percent of his teams’ games over the past four years because of various injuries"" [yards and, arizona state, lined up] || ""- Struggles with physical press coverage, delayed, and inconsistent hand usage"" [with physical]",-0.066,40yd,-0.333,0.87,0.769,0.972,34.0,0.296,0.0314,-0.0478,0.0314,hand,0.0204,knee:0.0053|press coverage:0.0049|and will:0.0046|jump:0.0045|durability:0.0036|acl:0.0032|injuries:0.0026|doesn:0.0025|likely:0.0024|lacks:0.0022,history:-0.0071|percent:-0.0051|catch:-0.0037|outside:-0.0033|years:-0.0030|sidelined:-0.0029,he projects:0.0063|texas:0.0062|injuries:0.0057|durability:0.0056|above:0.0049|injury history:0.0048|elite:0.0046|2022:0.0045|hand:0.0041|for most:0.0040,sun:-0.0047|miss:-0.0046|coverage:-0.0045|yards and:-0.0041|catches:-0.0037|2024:-0.0037
Olaivavega Ioane,IOL,Penn State,16,beast,cornerstone,33.9,16.4,25.2,24.4,"""— Plays on the plus side of the line of scrimmage in the run game by covering up targets and creating displacement to form lanes on combinations, angle-drive and base blocks"" [plays on] || ""​ Saw at least a handful of snaps at each of the five offensive line spots, but all 32 of his starts came at left guard — Stout, densely-built body type with heavy hands and very good square power"" [of snaps] || ""While learning under the watchful eye of respected offensive line coach Phil Trautwein, he made noticeable improvements each of the past three seasons (zero sacks allowed and zero holding flags over the past two years). Penn State’s offensive line largely underperformed in 2025 compared to expectations, but Ioane was the lone exception"" [two years]","""— Does a nice job using shoe and short sets to play with inside-out positional leverage in pass protection to harden his inside shoulder and force rushers to work down the middle or high-side"" [to work] || ""​ Efficient footwork, especially on short pulls, sweeps and zone runs"" [and zone]",0.5451,0.3584,-0.2482,0.3458,arm,0.1531,riser,16.9,40.7,42.4,"""In pass protection, he is quick out of his stance and sports a stout base and commanding hands to anchor his spot"" [in pass]","""​ Missed one game because of injury his final season (Oct"" [missed one, his final] || ""​ Saw at least a handful of snaps at each of the five offensive line spots, but all 32 of his starts came at left guard — Stout, densely-built body type with heavy hands and very good square power"" [body type, very good]",0.1114,arm,0.076,0.926,0.825,1.0,50.3,0.466,0.0312,-0.0478,0.0356,hand,-0.039,blocks:0.0043|defenders:0.0039|pass:0.0033|plays on:0.0029|blocker:0.0028|gap:0.0026|least:0.0024|32:0.0020|protection:0.0019|skills:0.0018,inside:-0.0033|guard:-0.0033|at left:-0.0029|state:-0.0028|to work:-0.0027|sets:-0.0025,in pass:0.0061|penn:0.0054|attempting:0.0043|protection:0.0042|drive:0.0039|heavy:0.0034|easily:0.0033|state:0.0032|vs:0.0032|rushers:0.0031,weight:-0.0035|defenders:-0.0033|honors:-0.0033|zero:-0.0032|projects as:-0.0031|experienced:-0.0031
Kenyon Sadiq,TE,Oregon,17,beast,53_man,10.7,62.5,4.5,22.3,"""After backing up Terrance Ferguson for two seasons, Sadiq had his breakout in 2025, becoming the first player in Oregon history to win Big Ten Tight End of the Year honors"" [the first, for two] || ""— Uses superior physicality and multi-functional utility as a blocker to open up the run and screen games"" [run and] || ""​ Just one season as a starter; averaged 40 receiving yards per game in 2025 Sadiq is an ideal modern tight end in terms of athleticism and versatility"" [one season]",,-0.1991,-0.2005,0.4998,-0.1091,vert_jump,-0.3105,consensus,23.6,41.3,35.1,"""He projects as a versatile, Vernon Davis-like weapon and has his best football ahead of him"" [projects as]",,-0.066,40yd,-0.17,0.898,0.797,0.999,73.2,0.657,0.0311,-0.0478,0.0356,hand,-0.02,zone:0.0050|lead:0.0029|catch:0.0027|history:0.0025|practice:0.0024|hands:0.0023|angles:0.0022|short area:0.0021|arms:0.0021|outstanding:0.0020,percent:-0.0076|tight:-0.0059|receiving:-0.0057|ends:-0.0054|defenders:-0.0040|win:-0.0039,win:0.0086|ideal:0.0056|projects as:0.0053|talent:0.0049|blocker:0.0046|list:0.0046|end:0.0041|staff:0.0041|coaching:0.0039|freaks:0.0037,looks:-0.0065|drops:-0.0054|caught:-0.0043|coverage:-0.0037|oregon:-0.0035|catches:-0.0034
Dillon Thieneman,S,Oregon,18,beast,cornerstone,41.7,32.1,13.1,13.1,,"""A one-year starter at Oregon (and three-year starter overall), Thieneman was a hybrid safety in former defensive coordinator Tosh Lupoi’s scheme and wore a variety of hats (deep middle, robber, nickel etc.). A productive post safety at Purdue for two seasons, he transferred to Eugene for his junior season and earned a 2025 All-America nod for the Ducks, with both of his interceptions clinching 576 Back to table of contents victories late in a game (Penn State and Washington). He collected more than 300 combined tackles in three college seasons and averaged 7.9 tackles per start"" [tackles in, his junior, and three] || ""​ Arrives hot as a tackler, which leads to inconsistent angles from depth"" [which leads]",0.5393,0.3584,0.0999,0.3256,wingspan,0.4429,riser,5.9,23.2,70.9,"""​ Versatile athlete who can make an impact from the backend, near the box or as a nickel"" [the box]",,0.1114,broad_jump,1.0978,0.922,0.821,1.0,73.8,0.68,0.0309,-0.0478,0.0335,hand,0.0218,safety:0.0057|punt:0.0049|alignment:0.0044|the box:0.0041|single high:0.0040|versatility:0.0037|athleticism:0.0035|backfield:0.0033|sees:0.0028|nose:0.0028,to stay:-0.0031|feel:-0.0026|college:-0.0024|point:-0.0022|shows:-0.0022|contact:-0.0022,the box:0.0064|washington:0.0049|ball carrier:0.0045|testing:0.0044|alignment:0.0044|versatility:0.0042|range and:0.0040|doesn always:0.0040|phase:0.0036|in coverage:0.0033,backfield:-0.0067|interceptions:-0.0053|variety:-0.0047|impact:-0.0040|coverages:-0.0039|coordination:-0.0037
Akheem Mesidor,EDGE,Miami (FL),19,beast,53_man,29.3,34.9,15.6,20.2,"""After returning in 2024, 339 Back to table of contents he played defensive tackle out of necessity but moved back outside to edge for his sixth season and had a career year (one of only two FBS players in 2025 with at least 17.5 tackles for loss, 12.5 sacks and four forced fumbles). After several years of flash plays, Mesidor put it all together as a super senior and made significant strides with his pass-rush instincts"" [his pass, defensive tackle, players in] || ""2025) - Mesidor is a good overall athlete who is quick and has impressive change-of-direction skills to beat offensive tackles across their faces as a pass-rusher"" [offensive tackles] || ""​ Played through right foot injury during 2022 season — and tried to play through it again in 2023 but was forced to shut things down after two games and undergo surgery; suffered a similar injury (torn ligaments) to his left foot, which required surgery in 2023; offseason shoulder surgery before he enrolled at Miami (May 2022); missed one game because of injury as a super senior (Oct"" [one game, but was, play through]","""He is a physical run defender with adequate play strength, although he can get stuck on blocks and needs to continue maturing his escape maneuvers"" [run defender]",-0.197,-0.2005,0.1336,-0.0836,wingspan,0.1896,consensus,21.0,44.9,34.1,"""He is a physical run defender with adequate play strength, although he can get stuck on blocks and needs to continue maturing his escape maneuvers"" [to continue]",,-0.066,arm,-0.0811,0.87,0.769,0.972,64.2,0.559,0.0307,-0.0478,0.0273,hand,-0.0229,edge:0.0047|inside:0.0044|outside:0.0042|his pass:0.0039|offensive tackles:0.0033|hands:0.0032|defensive tackle:0.0029|zone:0.0026|balance:0.0025|instincts:0.0024,blockers:-0.0039|win:-0.0035|foot:-0.0029|and make:-0.0029|blocks:-0.0027|keep:-0.0026,win:0.0074|2022:0.0069|to continue:0.0052|sacks:0.0046|projects as:0.0046|weight:0.0044|offensive tackles:0.0042|injuries:0.0036|staff:0.0035|coaching:0.0033,solid:-0.0109|font:-0.0060|blocks:-0.0052|hands and:-0.0051|tennessee:-0.0048|2024:-0.0040
Keldric Faulk,EDGE,Auburn,20,beast,53_man,27.2,46.9,3.4,22.6,,"""​ Can get stood up at the point and washed/pinned when he loses leverage game"" [the point]",-0.1959,-0.2005,0.1336,-0.09,broad_jump,0.5269,riser,6.6,13.9,79.6,,"""- Not explosive off the line of scrimmage to threaten offensive tackles with speed as a pass-rusher"" [offensive tackles]",0.1114,broad_jump,1.0467,0.883,0.781,0.984,74.1,0.654,0.0306,-0.0478,0.0293,wingspan,0.0159,tackle:0.0060|edge:0.0044|inside:0.0039|hands:0.0038|long arms:0.0031|wide:0.0031|defensive:0.0030|lack:0.0030|lineman:0.0029|lead:0.0028,the point:-0.0056|of attack:-0.0050|blocks:-0.0036|alignments:-0.0026|against:-0.0026|win:-0.0025,grade:0.0047|font:0.0042|attempting:0.0038|walk:0.0032|linebacker:0.0031|upright:0.0030|nfl scouts:0.0026|solid:0.0025|oregon:0.0024|position:0.0022,offensive tackles:-0.0058|pass rusher:-0.0049|williams:-0.0039|several:-0.0037|man and:-0.0036|chest:-0.0034
Kadyn Proctor,OT,Alabama,21,beast,out_of_league,22.4,12.9,24.1,40.7,,,-0.2667,1.1001,0.3298,-0.0421,40yd,0.9247,riser,24.8,33.8,41.4,,,0.1114,height,0.1861,0.955,0.854,1.0,35.2,0.336,0.0304,-0.0478,0.0293,hand,0.0153,alabama:0.0071|shoulder:0.0053|size and:0.0047|flashes:0.0043|run game:0.0037|guard:0.0033|easily:0.0032|controls:0.0027|recruit out:0.0027|timing:0.0026,percent:-0.0060|movement:-0.0050|tackle:-0.0050|plays on:-0.0044|blocker:-0.0042|leverage:-0.0040,flashes:0.0070|tackle:0.0048|below average:0.0046|struggles to:0.0044|and looks:0.0043|tall:0.0041|heavy handed:0.0037|upright:0.0037|easily:0.0036|vs:0.0034,alabama:-0.0063|recruit out:-0.0048|post snap:-0.0041|defenders:-0.0036|controls:-0.0036|honors:-0.0036
Omar Cooper,WR,Indiana,22,beast,cornerstone,48.8,24.4,16.1,10.7,,"""2025); missed three games with high ankle sprain as redshirt freshman (Nov"" [redshirt freshman] || ""Cooper will have his doubters because of the way he was used within the Indiana offense, but he checks the boxes with his play strength, athletic coordination and competitiveness at the catch point"" [play strength]",0.5276,0.3584,0.0623,0.265,vert_jump,-0.4909,riser,2.4,23.4,74.2,"""A starter for one-and-a-half years at Indiana, Cooper worked primarily out of the slot (83.3 percent of his 2025 snaps) in offensive coordinator Mike Shanahan’s RPO-heavy scheme"" [the slot]","""Cooper will have his doubters because of the way he was used within the Indiana offense, but he checks the boxes with his play strength, athletic coordination and competitiveness at the catch point"" [because of]",0.1114,broad_jump,1.0504,0.853,0.752,0.954,73.2,0.625,0.0302,-0.0478,0.0273,hand,-0.0184,slot:0.0146|punt:0.0040|returner:0.0036|percent:0.0030|value:0.0028|be an:0.0026|route tree:0.0023|ball:0.0022|defenders:0.0022|blocker:0.0022,shows:-0.0044|balance:-0.0026|lacks:-0.0023|contact:-0.0023|feel:-0.0022|based:-0.0020,catches:0.0063|the slot:0.0057|heavy:0.0047|route:0.0043|working:0.0040|below average:0.0034|savvy:0.0030|athletic:0.0029|coverage:0.0029|penn:0.0026,coordination:-0.0052|rpo:-0.0041|ankle:-0.0036|returner:-0.0036|kick:-0.0034|cooper:-0.0032
Emmanuel McNeil-Warren,S,Toledo,23,beast,53_man,27.5,52.0,4.7,15.8,,"""Thanks to his footwork and hips, McNeil-Warren is a fluid mover with functional range and improved instincts versus the pass, which allows him to mirror and match tight ends and running backs"" [tight ends]",-0.1927,-0.2005,0.0815,-0.0964,wingspan,-0.3686,riser,20.8,23.9,55.3,"""— Learn to better use his length to take on blocks in the run game"" [take on]","""​ Missed final five games of junior season because of shoulder injury (October 2024); missed part of senior season because of elbow fracture and concussion (September 2021) — A willing and effective run supporting safety who can set the tone with big hits"" [because of]",0.1114,height,0.3337,0.87,0.769,0.971,79.6,0.692,0.0301,-0.0478,0.0314,wingspan,0.0183,instincts:0.0059|tackle:0.0038|zone:0.0031|redirect:0.0028|interception:0.0028|support:0.0026|thin:0.0025|defensive:0.0023|punch:0.0023|versus:0.0022,tight ends:-0.0061|take on:-0.0044|single high:-0.0044|safety in:-0.0028|missed:-0.0026|assignment:-0.0023,take on:0.0069|tackling:0.0048|rangy:0.0041|the box:0.0039|tall:0.0038|his shoulder:0.0034|opportunities:0.0033|route:0.0032|keys:0.0030|nfl scouts:0.0030,2021:-0.0040|carry:-0.0035|end speed:-0.0035|michigan:-0.0034|room:-0.0034|versus:-0.0034
Avieon Terrell,CB,Clemson,24,beast,53_man,19.3,34.4,20.4,25.8,,,-0.1916,-0.2005,-0.1555,-0.09,broad_jump,0.5017,riser,10.5,16.5,73.0,"""517 Back to table of contents Terrell is a fluid, easy mover, with light footwork in his pedal and read-and-drive reactions"" [his pedal]","""His physicality jumps off the tape versus both pass and run, although he will struggle playing through bigger bodies to affect the catch point"" [catch point]",0.1114,broad_jump,0.9967,0.901,0.8,1.0,53.8,0.484,0.0299,-0.0478,0.0293,hand,0.0413,zone:0.0052|inside:0.0052|outside:0.0049|interception:0.0046|cornerback:0.0044|catch point:0.0043|tackle:0.0038|in all:0.0032|his hands:0.0028|and run:0.0028,clemson:-0.0052|will have:-0.0039|eight:-0.0038|fumbles:-0.0036|the football:-0.0030|tight ends:-0.0029,straight:0.0061|his pedal:0.0059|drive:0.0039|coverage:0.0036|tracking:0.0036|forced fumbles:0.0035|heavy:0.0034|and won:0.0033|route:0.0033|vs:0.0032,clemson:-0.0104|tigers:-0.0058|catch point:-0.0053|get off:-0.0034|interceptions:-0.0033|projects as:-0.0032
Caleb Lomu,OT,Utah,25,beast,53_man,12.0,51.3,7.0,29.7,,"""​ Above-average lateral quickness and adequate balance in his pass sets"" [quickness and] || ""- Knows how to reset his hands and hips to get into his anchor and not panic against power"" [get into]",-0.1906,-0.2005,0.1013,-0.0836,vert_jump,-0.1862,riser,19.0,34.3,46.6,"""Lomu is an above-average athlete, which shows both in pass protection and the run game"" [in pass, run game] || ""- Below average play strength shows up primarily in the run game, leading to quick stalemates, soft edges and shaky sustain skills, especially on angle-drive blocks."" [below average] || ""​ Patiently reacts to rush counters"" [to rush]",,0.1114,height,0.1452,0.97,0.869,1.0,63.3,0.614,0.0297,-0.0478,0.0273,hand,0.0334,tackle:0.0107|develop:0.0043|inside:0.0042|balance:0.0037|zone:0.0031|his hands:0.0029|knows:0.0028|redirect:0.0028|tape:0.0027|lack of:0.0023,against:-0.0032|texas:-0.0031|backside:-0.0030|blocks:-0.0025|protection:-0.0023|quickness and:-0.0023,tackle:0.0047|below average:0.0042|in pass:0.0039|drive:0.0039|consistent:0.0036|straight:0.0036|timing:0.0035|skills:0.0034|vs:0.0031|result:0.0031,counters:-0.0052|body control:-0.0042|reset:-0.0036|stronger:-0.0034|honors:-0.0033|rpo:-0.0030
TJ Parker,EDGE,Clemson,26,beast,53_man,22.7,49.3,7.1,20.9,"""​ Play motor is always cranked and stuck in chase mode (recovered a fumble 30 yards downfield against South Carolina in 2025)"" [south carolina, is always] || ""​ Durable — finished college career playing in 39 straight games"" [college career] || ""A starter for two-and-a-half years at Clemson, Parker was an outside edge rusher (two- and three-point stance) in defensive coordinator Tom Allen’s scheme and was coached by defensive ends coach Chris Rumph, who’d previously coached in the NFL (2020-23). Parker broke onto the scene as a Freshman All-American and had a remarkable sophomore year in 2024. He wasn’t nearly as impactful on his 2025 tape, but he had his moments"" [was an]","""​ Disappointing production and impact in 2025 after All-America sophomore season - Thick build with good size for an NFL defensive end"" [good size] || ""Overall, Parker is still learning how to unlock counter maneuvers, but he offers a reliable foundation built on leveraged power and a consistent motor that helps him make plays as a rusher and run defender"" [plays as]",-0.1895,-0.2005,0.1336,-0.0772,height,0.0,riser,25.8,36.0,38.2,"""- Struggles to work the hands after contact and doesn't have a counter move to win as a pass-rusher if he doesn't make the first significant contact"" [struggles to]",,0.1114,height,0.0,0.897,0.795,0.998,71.9,0.645,0.0296,-0.0478,0.0252,height,-0.0,edge:0.0040|hands:0.0039|around:0.0031|zone:0.0030|balance:0.0028|defensive:0.0028|length:0.0026|college career:0.0025|best:0.0024|inside:0.0024,the point:-0.0047|percent:-0.0045|clemson:-0.0041|blockers:-0.0040|parker:-0.0035|win:-0.0032,struggles to:0.0065|grade:0.0050|solid:0.0045|font:0.0045|attempting:0.0041|of direction:0.0040|straight:0.0034|stiff:0.0031|change:0.0029|coverage:0.0027,clemson:-0.0079|williams:-0.0042|backfield:-0.0039|rusher:-0.0039|drop:-0.0039|loss:-0.0036
Blake Miller,OT,Clemson,27,beast,out_of_league,19.2,6.8,11.3,62.6,,"""NFL competition, but he has the type of profile (physical traits, football IQ, competitive toughness) that teams will bet on every time"" [physical traits] || ""​ Remarkable toughness and consistently plays through bumps and bruises (broken wrist during 2025 spring practices required surgery, but he missed only one practice)"" [only one]",-0.258,1.1001,0.3298,-0.0362,40yd,1.2983,riser,7.2,22.5,70.4,"""In pass protection, he is quick off the ball, with the range to mirror rushers up the arc and a surprisingly sturdy anchor to answer different types of rushers"" [in pass]",,0.1114,broad_jump,0.9275,0.961,0.859,1.0,26.1,0.25,0.0294,-0.0478,0.0252,hand,0.0153,clemson:0.0065|williams:0.0047|his coaches:0.0045|he should:0.0040|position:0.0028|job:0.0024|compete for:0.0023|stay:0.0022|broad:0.0022|and consistently:0.0021,rushers:-0.0043|find:-0.0042|history:-0.0040|right tackle:-0.0039|in school:-0.0032|generate:-0.0028,upright:0.0064|rushers:0.0051|in pass:0.0050|drive:0.0044|miller:0.0039|competition:0.0039|struggles to:0.0037|savvy:0.0034|tackle:0.0032|protection:0.0030,clemson:-0.0094|find:-0.0045|williams:-0.0040|lead:-0.0034|games the:-0.0034|hand:-0.0034
Peter Woods,DL,Clemson,28,beast,53_man,34.3,40.3,12.3,13.1,"""However, for a player with his explosive traits, he doesn’t have many quick wins on his tape and needs to learn how to diversify his rush approach"" [how to]","""Overall, Woods flashes the ability to win with 402 Back to table of contents quickness, strength and hand usage — and the next step in his development is for him to do so more consistently"" [strength and, do so] || ""He moves with big-man twitch and has the foot quickness to elude blocks in tight quarters"" [has the]",-0.1874,-0.2005,0.2552,-0.1027,3cone,0.7564,consensus,3.3,56.8,39.9,"""​ Comes off the ball with low pads and active hands, helping him stay detached"" [off the]",,-0.066,3cone,0.7015,0.866,0.765,0.968,74.6,0.646,0.0292,-0.0478,0.0335,3cone,-0.057,tackle:0.0059|develop:0.0039|hands:0.0037|tape:0.0034|lead:0.0028|balance issues:0.0023|defensive:0.0021|offensive:0.0020|stunts:0.0019|club:0.0019,blocks:-0.0040|clemson:-0.0039|tight:-0.0034|finisher:-0.0030|cut:-0.0028|line:-0.0028,clemson:0.0085|weight:0.0060|sacks:0.0051|honors in:0.0048|he projects:0.0044|quickness:0.0042|is still:0.0040|maxed:0.0039|american:0.0037|explosive:0.0036,blocks:-0.0080|font:-0.0066|his hands:-0.0064|2024:-0.0061|flashes:-0.0058|for him:-0.0047
Kevin Concepcion,WR,Texas A&M,29,beast,53_man,22.6,37.8,27.2,12.4,,,-0.1863,-0.2005,-0.314,-0.09,height,0.0,consensus,19.9,45.5,34.6,"""Paired with his short-area quickness, he takes the top off the defense from the slot and works on the outside"" [off the]","""He isn’t the most natural hands-catcher (10.3 percent drop rate in 2025), although he will benefit from a more receiver-friendly quarterback in the NFL. Overall, Concepcion must cut down on the drops and fine-tune areas of his game, but he is a versatile playmaker with an innate feel for getting open before the catch and creating after it"" [catch and]",-0.066,height,-0.0,0.851,0.75,0.952,60.4,0.514,0.0291,-0.0478,0.0293,height,-0.0,zone:0.0054|feel:0.0051|outside:0.0041|air:0.0037|catch:0.0037|tape:0.0028|in all:0.0027|lead:0.0025|balance:0.0025|quickly:0.0024,percent:-0.0094|punt:-0.0071|receiving:-0.0063|defenders:-0.0040|nc state:-0.0033|drops:-0.0030,texas:0.0068|isn:0.0048|because:0.0044|nc:0.0043|talent:0.0042|rushing:0.0038|rate:0.0034|footwork:0.0033|explosive:0.0033|touchdown:0.0033,catch and:-0.0062|drops:-0.0058|return:-0.0049|running:-0.0043|catches:-0.0036|sec:-0.0034
Ty Simpson,QB,Alabama,30,beast,roster_bubble,27.2,20.0,37.8,15.0,,"""However, he made just 15 career starts, and that lack of experience manifests in his decision-making and precision"" [lack of] || ""His arm strength is not lacking despite his size, as he has above-average overall arm talent"" [is not]",-0.0655,-1.258,0.5572,-0.1747,arm,-0.1706,consensus,12.2,47.4,40.4,,,-0.066,arm,-0.0472,0.926,0.825,1.0,47.2,0.437,0.0289,-0.0478,0.0335,hand,0.0127,second:0.0063|backside:0.0038|pocket:0.0037|targets:0.0034|needs:0.0027|tennessee:0.0025|downfield:0.0025|better:0.0025|behind:0.0023|arm strength:0.0022,lack of:-0.0049|enough:-0.0025|nfl:-0.0021|small:-0.0015|run game:-0.0015|pro:-0.0015,simpson:0.0056|pressure:0.0053|30:0.0050|age:0.0049|above:0.0048|isn:0.0043|championship:0.0043|projects as:0.0042|arm:0.0041|talent:0.0038,tennessee:-0.0074|late:-0.0038|experience:-0.0035|hole:-0.0035|concepts:-0.0032|working:-0.0031
Denzel Boston,WR,Washington,31,beast,cornerstone,39.7,18.4,14.6,27.3,,"""Strong hands, but tracking over his shoulder was up and down on tape"" [his shoulder]",0.5014,0.3584,0.0623,0.2448,wingspan,0.1698,riser,2.7,40.9,56.4,,,0.1114,broad_jump,1.0771,0.833,0.732,0.934,58.1,0.484,0.0287,-0.0478,0.0252,hand,-0.0282,slot:0.0078|percent:0.0070|ends:0.0045|punt:0.0045|returner:0.0041|man coverage:0.0038|blocker:0.0031|red zone:0.0030|quarterback:0.0028|yards per:0.0027,press:-0.0045|lacks:-0.0032|boston:-0.0027|field he:-0.0025|stand:-0.0021|point:-0.0021,washington:0.0079|catches:0.0063|route:0.0042|boston:0.0041|coverage:0.0037|sized athlete:0.0037|tall:0.0035|phase:0.0034|straight line:0.0033|skills but:0.0033,houston:-0.0053|touchdown:-0.0053|the catch:-0.0046|returner:-0.0041|corners:-0.0040|is physical:-0.0040
Kayden McDonald,DL,Ohio State,32,beast,out_of_league,4.2,38.0,5.1,52.7,,"""Overall, McDonald will require time to develop a pass-rush identity, but his dominant run-game qualities will make him immediately useful from different interior alignments"" [to develop] || ""- When he gets out of position or loses his gap against the run, his combination of strength, athleticism and quickness can help him recover and still make tackles near the line of scrimmage"" [athleticism and]",-0.2507,1.2768,0.3248,-0.0511,40yd,1.4223,slide,42.0,23.1,35.0,"""- Plenty of strength and power at the point of attack to stand up interior offensive linemen and reset the line of scrimmage when he plays with good pad-level"" [offensive linemen] || ""McDonald’s powerful skill set is at its best when he acts as a run defender"" [run defender] || ""​ Holds his ground versus double teams and resists pressure versus down blocks"" [double teams]",,-0.0455,40yd,0.2199,0.849,0.748,0.95,42.2,0.359,0.0286,-0.067,0.0356,wingspan,-0.0122,blockers:0.0052|dominant:0.0038|doesn:0.0037|position:0.0034|run defender:0.0031|considering:0.0029|guard:0.0027|pro:0.0027|gap:0.0024|title:0.0022,defensive:-0.0046|to develop:-0.0041|linemen:-0.0033|attempts:-0.0031|offensive:-0.0029|throughout the:-0.0026,blocks:0.0082|offensive linemen:0.0069|causing:0.0064|guard:0.0059|rush:0.0059|run defender:0.0058|solid:0.0054|double teams:0.0054|his gap:0.0051|tackles:0.0049,quickness:-0.0061|grade:-0.0054|defensive:-0.0049|pro:-0.0044|talent:-0.0041|isn:-0.0040
CJ Allen,LB,Georgia,33,beast,out_of_league,24.5,18.9,10.8,45.8,,,-0.2492,1.2768,0.2557,-0.0451,wingspan,-0.1209,consensus,20.5,45.7,33.8,"""He projects as an NFL starter who can make a Nick Bolton-like impact"" [projects as]","""- Doesn't have much pop behind his pads when coming downhill, offensive linemen can absorb contact from him"" [offensive linemen]",-0.066,hand,0.051,0.825,0.724,0.926,43.4,0.358,0.0284,-0.067,0.0314,hand,-0.0467,blockers:0.0052|knee:0.0050|blocks with:0.0047|key:0.0034|jump:0.0032|run defender:0.0031|doesn:0.0030|as junior:0.0028|the ground:0.0027|easily:0.0026,zone:-0.0054|behind:-0.0041|linebacker:-0.0038|plays on:-0.0035|playing:-0.0032|needs to:-0.0029,above:0.0058|2022:0.0054|allen:0.0053|projects as:0.0051|coordination:0.0046|the field:0.0045|american:0.0037|behind:0.0036|hand eye:0.0036|reliability:0.0035,linebacker:-0.0120|running:-0.0079|in coverage:-0.0072|font:-0.0067|solid:-0.0058|blocks:-0.0058
Cashius Howell,EDGE,Texas A&M,34,beast,out_of_league,19.4,28.0,21.0,31.7,,"""Overall, Howell needs to expand the consistency of his impact beyond winning as a high-side rusher, but his athletic twitch, play speed and violent demeanor make for the type of package you bet on at the position"" [needs to]",-0.2477,1.2768,0.0376,-0.0272,40yd,1.3727,riser,32.8,29.8,37.4,"""​ Competes with a chip; NFL scouts describe him as a “self-starter” who is “all about ball” in his training and prep"" [nfl scouts, him as] || ""​ Despite lack of length, shows a knack for finding passing lanes (combined 14 pass breakups over past two seasons)"" [over past, passing lanes, knack for] || ""​ Quick initial burst and acceleration to stress tackles vertically"" [acceleration to, initial burst]",,0.1114,arm,0.4407,0.878,0.777,0.979,47.3,0.415,0.0282,-0.067,0.019,wingspan,-0.0419,blockers:0.0054|size:0.0044|he should:0.0041|boundary:0.0036|doesn:0.0031|florida:0.0031|position:0.0028|tackles:0.0027|shoulder:0.0026|edge:0.0024,needs to:-0.0051|pass breakups:-0.0049|defensive:-0.0042|history:-0.0041|moves:-0.0038|can be:-0.0035,vs:0.0049|grade:0.0048|athletic:0.0046|font:0.0043|attempting:0.0039|linebacker:0.0032|in coverage:0.0031|acceleration to:0.0030|good speed:0.0029|nfl scouts:0.0027,sec:-0.0051|pass rusher:-0.0047|miami:-0.0042|make tackles:-0.0038|dropping:-0.0035|chop:-0.0035
Colton Hood,CB,Tennessee,35,beast,53_man,14.1,32.4,24.7,28.9,,"""He needs to shore up some of his technique and become more consistent in finding the football, but he isn’t a passive or athletically deficient player"" [more consistent, the football] || ""Wrapping as a tackler will clean up some missed tackles."" [missed tackles, clean up]",-0.1799,-0.0902,-0.1555,-0.0836,vert_jump,-0.1618,consensus,23.7,43.0,33.3,,,-0.066,wingspan,0.0148,0.827,0.725,0.928,46.4,0.384,0.0281,-0.067,0.0273,hand,0.0104,zone:0.0067|inside:0.0043|lead:0.0031|cover:0.0030|quickly:0.0029|instincts:0.0029|interception:0.0028|cornerback:0.0027|playing:0.0025|one season:0.0025,more consistent:-0.0041|georgia:-0.0027|throws:-0.0026|against:-0.0023|line:-0.0022|job of:-0.0022,hand:0.0068|timing:0.0059|talent:0.0052|above:0.0038|asked to:0.0038|the best:0.0038|holding:0.0037|match:0.0037|adequate:0.0035|isn:0.0035,tennessee:-0.0059|coverage:-0.0055|difficult:-0.0054|attempting:-0.0047|looks:-0.0041|heavy:-0.0038
Max Iheanachor,OT,Arizona State,36,beast,roster_bubble,6.3,26.7,36.6,30.4,"""​ Balanced athlete and moves well laterally to answer edge speed (Utah’s Logan Fano called him the best blocker he faced in 2025)"" [moves well, balanced athlete] || ""A starter for two-and-a-half years at Arizona State, Iheanachor lined up at right tackle in offensive coordinator Marcus Arroyo’s gap scheme"" [gap scheme, at right] || ""After he started playing football in the summer of 2021, the Nigerian native ascended quickly at the juco level before becoming a starter for the Sun Devils"" [juco level, playing football]","""Having grown up playing soccer and basketball, he has fluid footwork and body control in his pass sets, although he can do a better job governing his quickness to avoid spacing issues"" [pass sets, although he] || ""The lack of polish in his hands leads to errant placement (flagged six times for holding in 2025) and catching too much contact"" [lack of]",-0.0633,-0.8797,-0.1829,-0.1205,vert_jump,0.5113,riser,15.6,39.2,45.2,"""​ Okay anchor in pass sets but requires a beat to recover"" [in pass] || ""He made clear improvements each of the past three seasons and played his best ball as a senior (zero sacks allowed). He was also one of the standouts during Senior Bowl week"" [bowl week, ball as] || ""Overall, Iheanachor is still learning how to refine his talent on a more consistent basis, but his traits (athletic build, balanced quickness, play strength) form an exciting foundation for a future starting right tackle"" [play strength, starting right]","""Having grown up playing soccer and basketball, he has fluid footwork and body control in his pass sets, although he can do a better job governing his quickness to avoid spacing issues"" [although he, body control, better job] || ""He is an ascending player, although he might require a “redshirt” year — and a patient coaching staff — as he continues to develop"" [to develop]",0.1114,height,0.1043,0.996,0.895,1.0,33.1,0.329,0.0279,-0.067,0.0231,hand,0.0696,body:0.0034|clear:0.0030|blocker:0.0027|moves well:0.0022|play strength:0.0022|his career:0.0022|lined:0.0022|anchor:0.0022|test:0.0021|passes the:0.0021,pass sets:-0.0043|lack of:-0.0031|although he:-0.0031|tackle:-0.0030|during senior:-0.0028|leads:-0.0026,in pass:0.0049|rangy:0.0041|tackle:0.0040|drive:0.0039|straight:0.0036|skills:0.0034|upright:0.0033|mover:0.0032|rushers:0.0031|bowl week:0.0029,blocks and:-0.0049|2021:-0.0040|senior:-0.0040|although he:-0.0036|best:-0.0034|to develop:-0.0031
Zion Young,EDGE,Missouri,37,beast,53_man,9.3,69.2,4.8,16.7,"""- Solid strength at the point of attack and the long arms help him get extension on blocks from offensive tackles"" [long arms]","""​ Inconsistent leveraging the point and can be moved by double teams"" [the point, be moved] || ""- Consistently resets the line of scrimmage against tight ends"" [tight ends]",-0.1777,-0.0902,0.1336,-0.0645,broad_jump,0.5544,riser,3.6,24.1,72.2,,"""Overall, Young doesn’t have the pass-rush quickness or diversity that will scare NFL offensive tackles, but he sets a firm edge in the run game and uses his NFL-caliber measurables and heavy hands to open pathways to the pocket"" [offensive tackles]",0.1114,broad_jump,1.1015,0.889,0.787,0.99,78.5,0.698,0.0277,-0.067,0.021,hand,0.0144,edge:0.0053|long arms:0.0051|michigan:0.0046|around:0.0036|offensive tackles:0.0035|hands:0.0034|charged with:0.0031|balance:0.0027|burst:0.0026|team captain:0.0024,the point:-0.0044|blockers:-0.0033|room:-0.0030|of attack:-0.0029|blocks:-0.0028|his ability:-0.0028,vs:0.0046|grade:0.0046|solid:0.0041|jackson:0.0041|font:0.0040|arrested:0.0039|of direction:0.0036|state:0.0034|tall:0.0033|arms:0.0032,michigan:-0.0070|offensive tackles:-0.0070|weight:-0.0050|room:-0.0050|pass rusher:-0.0048|missouri:-0.0046
Caleb Banks,DL,Florida,38,beast,out_of_league,15.7,31.7,8.4,44.3,,"""Despite Florida’s losing season, Banks rushed his rehab to return for the final two games of his senior year (Banks: “I just couldn’t go out like that.”). Banks is a towering athlete with the fluid athleticism and unique physical traits to be impactful against the pass and the run"" [athleticism and, physical traits] || ""However, the absence of a healthy senior season complicates his projection, and his draft grade will depend on each team’s appetite for risk"" [on each]",-0.2419,1.2768,0.3248,-0.0421,broad_jump,-0.4087,riser,3.1,35.8,61.1,,"""Late to the game of football, he made strides over his first two seasons in Gainesville (his 2024 LSU tape is outstanding), although injuries disrupted what was supposed to be a breakout 2025 season"" [his first]",0.1114,broad_jump,1.1434,0.792,0.691,0.893,47.4,0.375,0.0276,-0.067,0.0293,hand,-0.0768,blockers:0.0063|florida:0.0048|williams:0.0045|combine:0.0042|size:0.0041|to work:0.0040|flashes:0.0034|combination:0.0032|surgery:0.0031|clemson:0.0030,develop:-0.0040|athleticism and:-0.0039|defensive:-0.0032|athlete:-0.0030|linemen:-0.0028|offensive:-0.0028,flashes:0.0054|grade:0.0051|solid:0.0040|font:0.0039|testing:0.0038|struggles to:0.0034|tall:0.0032|direction:0.0030|heavy:0.0029|easily:0.0028,two games:-0.0048|athleticism and:-0.0047|injuries:-0.0042|lsu:-0.0042|clemson:-0.0041|florida:-0.0039
Brandon Cisse,CB,South Carolina,39,beast,53_man,11.0,34.1,20.9,33.9,"""​ Very willing in run support to throw his body at ball carrier"" [in run]","""When he finds the football, he is capable of impressive athletic feats to knock it away, but he needs to be more consistent with his body phasing to shrink catch windows"" [be more] || ""​ Missed four games as a sophomore after surgery on left thumb (October 2024); wore a cast upon his return — The 5'11"", 189-pound corner looks the part on the field and on paper"" [four games]",-0.1756,-0.0902,-0.1555,-0.0709,broad_jump,0.4593,riser,4.4,19.0,76.6,"""A one-year starter at South Carolina (and two-year starter overall), Cisse was primarily an outside cornerback in defensive coordinator Clayton White’s scheme"" [at south, an outside] || ""​ Has speed to regain phase but struggles to get his body into right position"" [struggles to] || ""— From hard/soft press to catch technique and trail, his array of man coverage tools gives him different ways to win on any given rep"" [gives him, win on]",,0.1114,broad_jump,0.9125,0.881,0.78,0.983,45.1,0.398,0.0274,-0.067,0.0231,hand,0.0516,support:0.0055|zone:0.0054|outside:0.0051|develop:0.0044|tackle:0.0039|cover:0.0030|catch:0.0029|burst:0.0029|instincts:0.0029|interception:0.0028,be more:-0.0037|his coaches:-0.0030|nc state:-0.0024|say he:-0.0021|sees:-0.0019|four games:-0.0018,tackling:0.0049|relies:0.0044|at south:0.0043|struggles to:0.0041|phase:0.0038|downfield:0.0037|coverage:0.0037|skills:0.0035|upright:0.0035|pedal:0.0034,he tends:-0.0053|return:-0.0040|special teams:-0.0037|keeps his:-0.0036|willing:-0.0034|the field:-0.0030
Emmanuel Pregnon,IOL,Oregon,40,beast,53_man,6.8,43.6,9.2,40.3,"""​ Committed only one penalty in 2025 (false start vs"" [only one] || ""He garnered All-America honors and was a key reason the Ducks were finalists for the Joe Moore Award (nation’s top offensive line). A massive, well-proportioned blocker, Pregnon has an NFL body and plays with power through his hips and shock in his large hands"" [hips and] || ""— Will lean and get heavy on his hands upon first contact, leaving him vulnerable to the push-pull and overextending against counter moves."" [leaving him, counter moves]","""He anchors well in pass protection, although his hands need further refinement, and some of his athletic restrictions show versus dynamic three-techniques, who can cross him up and attack his edges"" [in pass] || ""​ Average-at-best range on a climbing track; has a tough time adjusting to defenders in space"" [adjusting to]",-0.1745,-0.0902,0.1013,-0.0964,broad_jump,0.446,riser,11.0,28.1,60.9,"""He anchors well in pass protection, although his hands need further refinement, and some of his athletic restrictions show versus dynamic three-techniques, who can cross him up and attack his edges"" [in pass]","""​ Needs to keep his head out of blocks and avoid excessive leaning 267 Back to table of contents"" [blocks and, head out] || ""A late bloomer on the football field, he made his bones at Wyoming and USC before transferring to Eugene in 2025 for his sixth college season"" [before transferring]",0.1114,broad_jump,0.8861,0.859,0.757,0.96,50.4,0.433,0.0272,-0.067,0.0314,hand,-0.0752,hands:0.0044|sets:0.0043|redirect:0.0031|punch:0.0025|strike:0.0024|offensive:0.0024|only one:0.0024|length:0.0024|nation:0.0022|soft:0.0022,blocks:-0.0039|defenders:-0.0037|keep:-0.0033|protection:-0.0031|pound:-0.0030|line:-0.0029,heavy:0.0061|in pass:0.0059|washington:0.0054|straight:0.0038|athletic:0.0038|protection:0.0036|vs:0.0034|timing:0.0030|oregon:0.0029|drive:0.0025,weight:-0.0037|room:-0.0036|honors:-0.0035|blocks and:-0.0031|several:-0.0026|defenders:-0.0025
Chris Johnson,CB,San Diego State,41,beast,53_man,6.9,50.9,11.3,30.9,,,-0.1735,-0.0902,-0.1555,-0.0964,broad_jump,0.4775,riser,6.7,20.3,72.9,,,0.1114,broad_jump,0.9486,0.775,0.673,0.876,57.8,0.447,0.0271,-0.067,0.0314,hand,-0.0616,zone:0.0069|johnson:0.0056|outside:0.0052|tackle:0.0035|catch point:0.0035|feel:0.0033|burst:0.0033|man and:0.0031|interception:0.0026|air:0.0025,percent:-0.0074|punt:-0.0030|throws:-0.0030|to close:-0.0025|flashes:-0.0023|in off:-0.0023,phase:0.0059|vs:0.0050|flashes:0.0048|stay in:0.0042|competition:0.0040|change of:0.0037|athletic:0.0033|pedal:0.0031|catches:0.0030|route:0.0030,man and:-0.0079|touchdowns:-0.0062|special teams:-0.0057|johnson:-0.0055|interceptions:-0.0051|as senior:-0.0049
Malachi Lawrence,EDGE,UCF,42,beast,53_man,19.5,42.0,15.8,22.8,"""He is twitchy off the ball and uses his long arms and well-timed hands to help pry open corners or create interior rush lanes"" [long arms]","""Aggressive on the field; easy-going off it (NFL scout: “He keeps to himself, not a leader-type, but very good toughness and solid football character.”)"" [and solid] || ""A two-year starter at UCF, Lawrence worked at both left and right defensive end (stand-up and hand on the ground) in defensive coordinator Alex Grinch’s multiple fronts (rotation-heavy; Lawrence averaged 39.2 defensive snaps in 2025). The last remaining member of UCF’s 2021 recruiting class still on the roster in 2025, he showed gradual improvements each season and became just the 10th player in school history to reach 20 career sacks"" [each season]",-0.1724,-0.0902,0.1336,-0.0709,broad_jump,0.4924,riser,5.6,41.1,53.2,,,0.0,broad_jump,0.9782,0.916,0.814,1.0,61.4,0.562,0.0269,-0.067,0.0231,hand,0.0331,long arms:0.0072|history:0.0057|edge:0.0043|defensive:0.0037|recruiting:0.0033|hands:0.0032|length:0.0028|twitchy:0.0025|gets:0.0024|offensive tackles:0.0024,of attack:-0.0041|keep:-0.0039|ucf:-0.0037|lawrence:-0.0037|cut:-0.0023|blockers:-0.0022,arms:0.0046|ucf:0.0043|heavy:0.0042|upright:0.0042|solid:0.0035|help:0.0032|came:0.0031|vertical:0.0030|worked:0.0029|however:0.0026,lawrence:-0.0083|2021:-0.0050|shoulders:-0.0049|offensive tackles:-0.0048|averaged:-0.0046|he gets:-0.0042
Chase Bisontis,IOL,Texas A&M,43,beast,53_man,6.2,45.1,21.7,27.0,,,-0.1713,-0.0902,0.1013,-0.1027,broad_jump,0.4668,riser,7.4,32.4,60.2,"""— Below average mass and square power can knock him on his heels against power down the middle of his frame."" [below average, the middle] || ""​ Jolts at contact but needs to be more consistent with leverage to drive his man away from the ball"" [his man, but needs] || ""​ Above-average raw strength to bully and batter defenders at contact"" [at contact]",,0.1114,broad_jump,0.9275,0.941,0.839,1.0,51.3,0.483,0.0267,-0.067,0.0335,hand,0.0153,inside:0.0055|tackle:0.0040|kick:0.0040|in all:0.0034|zone:0.0032|hands:0.0032|leverage:0.0029|his pass:0.0028|rushers:0.0028|leads:0.0027,the backside:-0.0060|defenders:-0.0059|blocks:-0.0033|blocker:-0.0032|seal:-0.0030|left guard:-0.0027,below average:0.0043|at contact:0.0038|mover:0.0032|nice:0.0032|works hard:0.0032|rushers:0.0031|streak:0.0029|pass sets:0.0029|his man:0.0027|the middle:0.0025,kick:-0.0072|weight:-0.0059|defenders:-0.0039|hand:-0.0038|room:-0.0035|post:-0.0034
Jadarian Price,RB,Notre Dame,44,beast,out_of_league,18.3,32.5,8.8,40.4,"""He also lacks the creativity to consistently force missed tackles at this stage, but his short-area agility showed progress as the year went on"" [lacks the, missed tackles] || ""He does not have extensive experience as a pass catcher, though his strength and willingness in pass protection give him third-down potential."" [does not, experience as] || ""A part-time player at Notre Dame, Price was the primary backup behind Jeremiyah Love in offensive coordinator Mike Denbrock’s varied run scheme (counter, pin-pull, outside zone). Despite not logging a single start over four years in South Bend, he would have been RB1 for most FBS programs and was consistently productive when given opportunities (6.2 yards per carry in 2025). He also impacted the game on special teams, becoming the first player in Notre Dame history to have multiple kick-return touchdowns of 100 yards or more in the same season"" [special teams]","""Ball-security issues and a lack of pass-catching production will be areas he needs to address during the draft process"" [needs to]",-0.2331,1.2768,-0.0211,-0.0481,40yd,1.7879,riser,4.6,26.1,69.4,"""At 5-foot-11 and 210 pounds, he is well built and looks the part of an NFL running back"" [and looks] || ""Promising reps in pass protection hint it could become a strength, but it isn’t right now"" [pass protection, but it] || ""A part-time player at Notre Dame, Price was the primary backup behind Jeremiyah Love in offensive coordinator Mike Denbrock’s varied run scheme (counter, pin-pull, outside zone). Despite not logging a single start over four years in South Bend, he would have been RB1 for most FBS programs and was consistently productive when given opportunities (6.2 yards per carry in 2025). He also impacted the game on special teams, becoming the first player in Notre Dame history to have multiple kick-return touchdowns of 100 yards or more in the same season"" [notre dame]",,0.0,broad_jump,1.4859,0.882,0.78,0.983,50.8,0.448,0.0266,-0.067,0.0335,hand,-0.032,lacks the:0.0040|does not:0.0033|jump:0.0033|part time:0.0029|runs:0.0026|shows:0.0025|come:0.0024|work:0.0022|missed tackles:0.0022|campus:0.0021,improved:-0.0054|needs to:-0.0051|outside zone:-0.0047|return:-0.0043|history:-0.0041|years:-0.0037,relies:0.0041|attempting:0.0041|and looks:0.0037|direction:0.0034|pass protection:0.0030|vs:0.0030|slow:0.0028|june:0.0027|open field:0.0026|notre dame:0.0026,kick:-0.0068|touchdowns:-0.0064|return:-0.0064|security:-0.0054|touches:-0.0051|standout:-0.0047
Jacob Rodriguez,LB,Texas Tech,45,beast,out_of_league,9.8,29.8,15.7,44.7,"""He should immediately compete for a starting role in the NFL."" [he should, compete for] || ""- Rodriguez lacks the ideal height and has shorter arms for an NFL linebacker"" [lacks the] || ""​ Marginal special teams resume in three years at Texas Tech"" [special teams]",,-0.2316,1.2768,0.2557,-0.0481,40yd,1.4258,riser,30.2,34.0,35.8,"""​ Struggles to make up ground once he loses angle"" [struggles to]","""2023), injuries which didn’t require surgery but sidelined him for eight games - Great production over the last two seasons"" [him for, eight games] || ""- Combination of arm length and below-average strength limits his extension and leads to him getting stuck on blocks from offensive linemen"" [combination of]",0.1114,arm,0.1781,0.865,0.763,0.966,39.6,0.342,0.0264,-0.067,0.0335,hand,0.0203,he should:0.0038|lacks the:0.0037|size:0.0033|putting:0.0033|blockers:0.0030|position:0.0026|combine:0.0024|tackles:0.0023|compete for:0.0021|throws:0.0021,linebacker:-0.0056|history:-0.0038|zone:-0.0036|years:-0.0034|quarterback:-0.0034|attempts:-0.0030,linebacker:0.0079|struggles to:0.0058|grade:0.0045|smith:0.0041|solid:0.0040|font:0.0040|below average:0.0036|take on:0.0035|virginia:0.0034|decent:0.0033,awareness:-0.0039|vision:-0.0039|backfield:-0.0035|touchdowns:-0.0033|return:-0.0033|special teams:-0.0031
R Mason Thomas,EDGE,Oklahoma,46,beast,53_man,26.5,43.1,12.9,17.4,,"""- Against the run, he takes on blocks with physicality and low pad level to gain a leverage advatange"" [on blocks] || ""​ Missed three games as a true freshman because of hamstring injury (Sept"" [games as]",-0.1681,-0.0902,0.1336,-0.0517,broad_jump,0.5338,riser,7.8,19.9,72.3,"""2025) and missed next three games - Impressive athlete with good quickness/twitch, acceleration and change of direction skills"" [of direction]",,0.1114,broad_jump,1.0604,0.925,0.824,1.0,69.6,0.644,0.0262,-0.067,0.0169,hand,0.061,tackle:0.0070|leads:0.0047|edge:0.0045|lack of:0.0043|arms:0.0033|issues:0.0031|offensive:0.0030|leverage:0.0030|around:0.0028|lead to:0.0028,percent:-0.0042|ankle:-0.0039|blockers:-0.0037|on blocks:-0.0036|missed:-0.0035|against:-0.0035,of direction:0.0060|grade:0.0045|change:0.0043|solid:0.0040|font:0.0040|ball carrier:0.0039|body strength:0.0037|competition:0.0036|below average:0.0036|determined:0.0033,offensive tackles:-0.0085|get off:-0.0049|ankle:-0.0046|pass rusher:-0.0038|return:-0.0033|because:-0.0033
Christen Miller,DL,Georgia,47,beast,out_of_league,18.1,9.3,15.1,57.5,,"""Overall, Miller can be up and down with his anchor and rush consistency, but he is rock solid as a run defender who should excel on early downs"" [can be] || ""He doesn't have a go-to pass-rush move that he can win with yet"" [win with, rush move]",-0.2287,1.2768,0.3248,-0.0451,weight,0.1542,consensus,34.3,36.2,29.6,"""A two-year starter at Georgia, Miller played multiple positions on the interior of the defensive line in defensive coordinator Glenn Schumann’s scheme"" [the defensive]","""- Takes on blocks from interior offensive linemen with good pad level and a wide base to stay in his gap when left one-on-one"" [his gap]",-0.066,weight,-0.0347,0.834,0.733,0.936,27.4,0.229,0.0261,-0.067,0.0314,hand,-0.0129,williams:0.0076|blockers:0.0050|his size:0.0044|lacks:0.0042|shoulder:0.0041|often late:0.0041|flashes:0.0034|gain:0.0032|center:0.0030|doesn:0.0029,defensive:-0.0049|to develop:-0.0040|offensive:-0.0027|scheme:-0.0027|can be:-0.0026|technique:-0.0024,williams:0.0081|the defensive:0.0051|sacks:0.0049|weight:0.0046|talent:0.0044|quickness and:0.0043|he projects:0.0042|2021:0.0042|rushing:0.0039|athletic:0.0036,solid:-0.0093|miller:-0.0085|blocks:-0.0073|flashes:-0.0069|font:-0.0063|his gap:-0.0061
Lee Hunter,DL,Texas Tech,48,beast,53_man,13.3,44.6,10.4,31.7,,"""Overall, Hunter doesn’t have the pass-rush skill set to consistently impact the quarterback, but he is instinctive as a run defender and has heavy hands to make stops at the line of scrimmage"" [run defender] || ""He is naturally strong, although high pads and a narrow base can take away from his power supply"" [narrow base]",-0.166,-0.0902,0.2552,-0.0836,vert_jump,-0.3262,slide,39.1,33.1,27.8,"""​ Finds ways to adjust and stalemate against double teams"" [double teams] || ""- Takes on blocks with his hands and displays impressive upper body strength to stand up offensive linemen at the line of scrimmage"" [offensive linemen]",,-0.0455,vert_jump,-0.0815,0.885,0.784,0.986,57.9,0.512,0.0259,-0.067,0.0273,hand,0.0419,tackle:0.0058|hands:0.0034|pocket:0.0028|knows:0.0025|leads:0.0023|inside:0.0022|more of:0.0021|pass rush:0.0021|offensive:0.0020|arms:0.0020,blocks:-0.0042|gap:-0.0039|taking:-0.0033|against:-0.0031|keep:-0.0027|downs:-0.0024,blocks:0.0104|hunter:0.0096|nose:0.0066|double teams:0.0065|guard:0.0058|offensive linemen:0.0055|getting:0.0044|rush:0.0043|while also:0.0041|extension:0.0038,relies on:-0.0070|texas:-0.0058|grade:-0.0053|quickness:-0.0042|and technique:-0.0041|timing:-0.0039
Anthony Hill,LB,Texas,49,beast,53_man,16.6,33.7,22.7,27.0,,,-0.1649,-0.0902,-0.2483,-0.0836,broad_jump,0.6469,riser,5.5,20.0,74.5,"""- Quick to key and diagnose running plays, constantly putting himself in a position to take on blocks or shoot gaps"" [take on]",,0.1114,broad_jump,1.2851,0.87,0.769,0.971,50.3,0.437,0.0257,-0.067,0.0273,broad_jump,0.0148,tackle:0.0059|zone:0.0048|develop:0.0040|feel:0.0033|long arms:0.0030|around:0.0029|lead to:0.0029|impact:0.0028|instincts:0.0026|wasn asked:0.0025,take on:-0.0050|gap:-0.0039|blocks:-0.0036|last season:-0.0029|tight ends:-0.0027|second level:-0.0024,take on:0.0078|direction:0.0055|grade:0.0048|font:0.0043|coverage:0.0040|piece:0.0040|relies:0.0039|blitzer:0.0037|change of:0.0037|sized athlete:0.0036,in 2021:-0.0078|weight:-0.0053|impact:-0.0043|an immediate:-0.0041|hill:-0.0038|backfield:-0.0037
Gabe Jacas,EDGE,Illinois,50,beast,out_of_league,9.7,33.3,10.5,46.6,"""​ Mediocre instincts in run game and loses positioning"" [run game] || ""He put himself on the NFL radar with his Freshman All-America season, then led the Illini in sacks, tackles for loss and forced fumbles as both a junior and senior"" [junior and, put himself] || ""- Plays high and has issues anchoring against down blocks or when setting the edge versus offensive tackles who play with good leverage"" [play with, or when]","""He credits his wrestling background for his handwork and maneuvering skills (also worked closely with pass-rush specialist Joe Kim, whom Illinois hired from 348 Back to table of contents the New England Patriots in 2025). As a run defender, he uses his heavy hands to strike blockers but gets tangled versus length and must improve his awareness against seal down blocks"" [down blocks]",-0.2243,1.2768,0.0376,-0.0212,40yd,2.0558,consensus,23.2,40.6,36.3,"""He projects as a rotational edge defender"" [projects as]",,-0.066,40yd,-0.2429,0.822,0.721,0.923,42.9,0.353,0.0256,-0.067,0.0148,hand,-0.0229,run game:0.0037|boundary:0.0035|size:0.0034|blockers:0.0031|doesn:0.0030|junior and:0.0030|defender:0.0028|tackles:0.0028|key:0.0027|easily:0.0026,history:-0.0040|motor:-0.0036|offensive:-0.0032|in school:-0.0032|attempts:-0.0031|direction:-0.0031,sacks:0.0079|rushing:0.0069|fumbles:0.0054|projects as:0.0050|weight:0.0048|ohio state:0.0040|athletic:0.0038|for loss:0.0036|27:0.0035|asked to:0.0034,solid:-0.0121|blocks:-0.0076|font:-0.0066|change of:-0.0052|tackles:-0.0048|running:-0.0046
Jake Golday,LB,Cincinnati,51,beast,out_of_league,15.0,38.3,4.3,42.4,"""He projects as an immediate special teamer who can compete for defensive snaps during his rookie year"" [compete for, an immediate] || ""- Against the run, Golday takes on blocks with his hands, plays physically and presents solid strength to get extension and escape from offensive linemen"" [blocks with] || ""He has little-to-no issues stacking and shedding against tight ends"" [against tight]",,-0.2229,1.2768,0.2557,-0.0421,40yd,1.341,riser,5.5,15.4,79.1,,,0.1114,broad_jump,1.2523,0.847,0.746,0.949,53.2,0.451,0.0254,-0.067,0.0293,broad_jump,0.0144,throws:0.0035|size:0.0033|defender:0.0031|jump:0.0030|blockers:0.0030|grass:0.0029|blocks with:0.0027|position:0.0026|key:0.0026|coverage:0.0026,linebacker:-0.0051|zone:-0.0045|defensive:-0.0045|athlete:-0.0030|linemen:-0.0028|offensive:-0.0027,linebacker:0.0072|grade:0.0045|coverage:0.0045|font:0.0040|take on:0.0035|tall:0.0032|phase:0.0032|direction:0.0030|pedal:0.0028|help:0.0028,in 2021:-0.0074|room:-0.0070|weight:-0.0050|growing:-0.0043|cincinnati:-0.0042|awareness:-0.0040
Chris Bell,WR,Louisville,52,beast,out_of_league,16.6,27.2,8.8,47.4,"""Virginia, at Miami) in which he became the first Louisville player with nine-plus catches in three straight games since Deion Branch in 2001. Bell passes the eye test with his size and acceleration, and he displays the versatility to be both a bully possession target and run-after-catch weapon"" [his size] || ""- Bell plays to his strong frame when attacking the football in contested situations"" [contested situations, when attacking] || ""He possesses a physical and dense frame, allowing him to pinball off would-be tackles in space"" [tackles in]","""Having run primarily slants, crossers and hitches (with the occasional post/go route mixed in) on his college tape, he needs to expand his route tree and polish his releases"" [needs to] || ""Bell has also had some frustrating drops over the past few seasons, though he balances that with impressive contested catches"" [that with]",-0.2214,1.2768,-0.1612,-0.0302,weight,0.2425,consensus,18.3,41.5,40.2,"""​ Outstanding body control and play strength to make difficult catches"" [body control]",,-0.066,weight,-0.0546,0.768,0.667,0.869,43.8,0.336,0.0252,-0.067,0.021,hand,-0.0476,his size:0.0046|shoulder:0.0035|acl:0.0030|doesn:0.0024|displays:0.0023|likely:0.0022|tackles in:0.0022|break:0.0022|lacks:0.0021|contested situations:0.0019,needs to:-0.0049|slot:-0.0042|especially:-0.0034|cover:-0.0033|zone:-0.0030|eye:-0.0030,body control:0.0054|displays:0.0043|outstanding:0.0042|explosive:0.0040|each season:0.0038|coordination:0.0037|talent:0.0037|footwork and:0.0033|release:0.0032|is still:0.0032,solid:-0.0078|straight:-0.0051|difficult:-0.0048|coverage:-0.0039|late:-0.0037|catches:-0.0036
Eli Stowers,TE,Vanderbilt,53,beast,roster_bubble,18.0,13.0,61.0,7.9,"""A two-year starter at Vanderbilt (three-year starter overall), Stowers was a detached tight end (70.7 percent of snaps in the slot) in offensive coordinator Tim Beck’s run-heavy scheme"" [percent of]","""Because of the quarterback and scheme at Vanderbilt, he was asked to use his burst for quick windows and is unproven in other areas, although he has the speed to be more of a deep threat in a pro-style scheme"" [asked to] || ""An above-average athlete for the position, Stowers attacks defenders’ techniques and uses his quickness to consistently win one-on-one on slants, digs or seam balls"" [athlete for]",-0.0568,-0.8797,0.1561,-0.1747,vert_jump,0.8508,consensus,18.0,61.4,20.6,"""Because of the quarterback and scheme at Vanderbilt, he was asked to use his burst for quick windows and is unproven in other areas, although he has the speed to be more of a deep threat in a pro-style scheme"" [asked to]",,-0.0,weight,0.043,0.907,0.805,1.0,31.1,0.282,0.0251,-0.067,0.0335,wingspan,0.0056,receiving:0.0045|scheme:0.0033|blocker:0.0031|backside:0.0031|improved:0.0025|his quarterback:0.0024|catch:0.0024|especially:0.0021|moving:0.0020|deep:0.0019,required:-0.0045|shoulder:-0.0037|asked to:-0.0034|fbs:-0.0034|nfl:-0.0029|usage:-0.0027,injuries:0.0080|asked to:0.0067|fluid:0.0065|room:0.0056|blocker:0.0051|list:0.0051|rate:0.0043|texas:0.0041|freaks:0.0040|above:0.0040,solid:-0.0067|competes:-0.0052|attack:-0.0048|heavy:-0.0039|moving:-0.0036|which required:-0.0032
Chris Brazzell,WR,Tennessee,54,beast,53_man,10.5,38.4,33.0,18.0,"""A two-year starter at Tennessee (and three-year starter overall), Brazzell was an outside receiver (exclusively to the right of the formation) in head coach Josh Heupel’s up-tempo spread scheme"" [was an, year starter] || ""Physical defenders will make contact and disrupt his timing mid-route"" [contact and] || ""Brazzell’s middle-of-the-field route running remains limited in both experience and nuance"" [route running]",,-0.1596,-0.0902,-0.314,-0.0071,wingspan,-0.4603,riser,20.9,34.2,45.0,,"""He can sink to smoothly get in and out of breaks, although scouts want to see him improve his consistency on intermediate routes and expand his route menu in the NFL (48.7 percent of his routes in 2025 were either a hitch or go). He is at his best using his tracking skills and length to be a jump-ball winner down the field"" [his routes] || ""He will benefit from developing late hands to avoid tipping off defenders that he is about to make a play on the football"" [play on, benefit from]",0.1114,height,0.2218,0.844,0.743,0.945,48.9,0.413,0.0249,-0.067,0.0023,hand,0.0301,zone:0.0039|outside:0.0030|catch:0.0028|hands:0.0026|contact and:0.0023|route running:0.0022|plus:0.0021|length:0.0020|air:0.0020|seasons in:0.0019,receiving:-0.0056|defenders:-0.0046|percent:-0.0035|break:-0.0028|his role:-0.0028|strides:-0.0025,tall:0.0059|catches:0.0058|vertical:0.0047|savvy:0.0047|tracking:0.0045|flashes:0.0038|technician:0.0032|downfield:0.0027|skills:0.0025|plus:0.0025,his routes:-0.0041|sec:-0.0033|recruit out:-0.0033|corners:-0.0032|defenders:-0.0032|drop:-0.0030
Dangelo Ponds,CB,Indiana,55,beast,53_man,16.9,36.7,22.8,23.7,,,-0.1585,-0.0902,-0.1555,-0.0772,height,0.0,consensus,32.1,34.1,33.8,"""Underrecruited out of high school because of his size, he was a Freshman All-American at James Madison, then followed Curt Cignetti to Indiana and became a two-time All-American"" [because of]",,-0.066,height,-0.0,0.824,0.723,0.926,53.6,0.442,0.0247,-0.067,0.0252,height,-0.0,zone:0.0068|outside:0.0045|instincts:0.0044|indiana:0.0043|air:0.0041|around:0.0036|arms:0.0035|ball production:0.0030|smith:0.0028|college:0.0027,punt:-0.0051|will have:-0.0036|against:-0.0032|missed:-0.0029|twitch:-0.0022|bryant:-0.0021,american:0.0063|indiana:0.0048|chip:0.0048|talent:0.0046|footwork and:0.0042|body control:0.0040|willing:0.0034|afraid to:0.0033|outstanding:0.0032|win:0.0031,looks:-0.0061|against the:-0.0057|missed tackles:-0.0050|smith:-0.0039|played primarily:-0.0038|arms:-0.0038
Germie Bernard,WR,Alabama,56,beast,out_of_league,25.3,18.4,17.5,38.8,,,-0.2156,1.2768,-0.1612,-0.0332,arm,0.1267,consensus,20.8,47.2,32.0,,,-0.066,arm,-0.087,0.782,0.681,0.884,43.7,0.342,0.0246,-0.067,0.0231,hand,-0.0379,alabama:0.0050|work:0.0031|good sized:0.0031|position:0.0030|is not:0.0029|iq:0.0026|junior and:0.0026|likely:0.0025|tackles in:0.0024|break:0.0024,slot:-0.0097|catch:-0.0038|the backfield:-0.0033|zone:-0.0033|bernard:-0.0033|quarterback:-0.0031,room:0.0072|michigan:0.0051|along:0.0049|adequate:0.0047|projects as:0.0044|great:0.0041|fastest:0.0037|suited:0.0037|third:0.0037|rushing:0.0036,linebacker:-0.0062|solid:-0.0051|boston:-0.0050|miss:-0.0048|catch and:-0.0048|competition:-0.0038
AJ Haulcy,S,LSU,57,beast,53_man,15.6,54.5,8.9,21.0,,"""—Showcased better ability to carry tight ends in man coverage while at LSU, and improved footwork to match quicker movements"" [tight ends] || ""​ Rarely used as a blitzer"" [used as]",-0.1564,-0.0902,0.0815,-0.0836,height,0.0,consensus,28.1,43.9,27.9,,,-0.066,height,-0.0,0.831,0.73,0.932,70.1,0.582,0.0244,-0.067,0.0273,height,-0.0,zone:0.0060|instincts:0.0045|leads:0.0040|outstanding:0.0033|around:0.0029|cover:0.0028|college:0.0027|defensive:0.0027|lsu:0.0024|short area:0.0021,keep:-0.0047|the box:-0.0044|himself:-0.0035|sees:-0.0029|tight ends:-0.0027|throws:-0.0024,willing:0.0072|outstanding:0.0054|tigers:0.0052|houston:0.0047|recovery:0.0046|leads:0.0046|interceptions:0.0044|footwork:0.0037|the field:0.0037|defensive:0.0034,looks:-0.0062|tendencies:-0.0060|tackles per:-0.0049|attempting:-0.0043|himself:-0.0041|blitzer:-0.0040
Keylan Rutledge,IOL,Georgia Tech,58,beast,out_of_league,23.4,9.7,29.2,37.7,,,-0.2126,1.2768,0.3298,-0.0421,40yd,1.0314,consensus,31.1,40.8,28.1,,,-0.066,40yd,-0.1218,0.914,0.812,1.0,33.1,0.302,0.0242,-0.067,0.0293,3cone,-0.0051,center:0.0058|broad:0.0041|guard:0.0037|adjusting to:0.0033|surgery:0.0029|compete for:0.0025|stay:0.0025|tech:0.0023|pre draft:0.0023|gain:0.0022,movement:-0.0055|years:-0.0039|leverage:-0.0036|heavy:-0.0034|johnson:-0.0034|percent:-0.0032,recovery:0.0051|injuries:0.0045|body control:0.0045|games the:0.0043|leverage:0.0042|footwork:0.0041|above:0.0038|blocker:0.0035|honors in:0.0032|snaps:0.0032,solid:-0.0110|tennessee:-0.0100|guard:-0.0080|heavy:-0.0063|at right:-0.0058|movement:-0.0052
Derrick Moore,EDGE,Michigan,59,beast,53_man,15.2,52.9,10.1,21.7,"""​ Athletic frame, with broad shoulders, defined quads and long arms"" [long arms] || ""- The lack of extension and subpar strength can also lead to him getting stuck on blocks against offensive linemen"" [lead to] || ""- Acceleration off the line of scrimmage improved in 2025 to help threaten offensive tackles with speed and get them to open their hips"" [speed and]","""- Doesn't have much pop behind his hands when taking on blocks as a run defender, making it difficult for him to get extension against offensive tackles"" [on blocks, making it] || ""- Against the run, he's physical at the point of attack and has enough strength to beat blocks from tight ends"" [of attack]",-0.1542,-0.0902,0.1336,-0.0262,broad_jump,0.5613,riser,11.8,18.6,69.6,,,0.1114,broad_jump,1.1152,0.906,0.805,1.0,68.2,0.618,0.0241,-0.067,0.0086,hand,0.0424,inside:0.0047|edge:0.0046|tackle:0.0034|offensive:0.0033|michigan:0.0033|feel:0.0032|hands:0.0031|long arms:0.0030|lead to:0.0028|zone:0.0028,on blocks:-0.0045|percent:-0.0042|tight:-0.0034|against:-0.0031|the backside:-0.0030|of attack:-0.0028,solid:0.0051|grade:0.0046|change:0.0044|font:0.0041|of direction:0.0036|take on:0.0036|and looks:0.0034|open:0.0031|subpar:0.0030|heavy:0.0030,offensive tackles:-0.0057|michigan:-0.0051|pass rusher:-0.0044|in 2021:-0.0044|backfield:-0.0036|turning:-0.0035
Gennings Dunker,OT,Iowa,60,beast,53_man,15.9,44.4,3.9,35.8,,"""​ Underwent surgery during his first year at Iowa to address a broken sesamoid bone suffered in high school, forcing him to redshirt in 2021 (also missed 2022 spring practices); offseason shoulder surgery following the 2023 season; played through a broken pinkie in 2023; missed two games as a junior because of a knee injury; “minor” procedure to address an ankle injury in spring of 2025 — Thick, rugged build and playing style with the power to back it up"" [games as] || ""— Mediocre foot quickness creates short corners that will necessitate a move inside to guard instead of staying at offensive tackle"" [foot quickness]",-0.1532,-0.0902,0.1013,-0.0836,vert_jump,-0.1855,consensus,33.3,35.4,31.3,"""He projects as a guard with starting potential and tackle flexibility"" [projects as]",,-0.066,40yd,-0.1345,0.916,0.815,1.0,60.3,0.553,0.0239,-0.067,0.0273,wingspan,0.0055,tackle:0.0085|zone:0.0056|hands:0.0037|redirect:0.0030|offensive:0.0030|practice:0.0027|inside:0.0026|chest:0.0024|wide:0.0021|mentality:0.0021,defenders:-0.0045|of attack:-0.0034|keep:-0.0032|second level:-0.0028|missed:-0.0028|ten:-0.0026,iowa:0.0071|projects as:0.0058|blocker:0.0044|spring:0.0043|footwork:0.0042|2022:0.0037|field:0.0035|flexibility:0.0034|weight:0.0033|very good:0.0032,solid:-0.0067|guard:-0.0066|his hands:-0.0053|attempting:-0.0048|staying:-0.0047|body strength:-0.0045
Keionte Scott,CB,Miami (FL),61,beast,53_man,14.5,66.4,4.2,15.0,,"""— He plays with an aggressive mindset from the slot and a shows a willingness to not only help out in the run game but to also take on blocks"" [take on, game but] || ""After two years at the junior college level, he bounced between slot and outside cornerback at Auburn without much consistency"" [slot and]",-0.1521,-0.0902,-0.1555,-0.09,broad_jump,0.5017,riser,17.3,30.2,52.5,"""— He plays with an aggressive mindset from the slot and a shows a willingness to not only help out in the run game but to also take on blocks"" [take on, the slot, an aggressive] || ""— In man coverage, he struggles to mirror receivers' movements, opens his hips too quickly against good releases or stems and displays a slight hitch during route breaks, which creates unwanted separation"" [struggles to] || ""Overall, Scott offers a unique blend of quick processing and decisive speed that makes him a natural fit as an attacking nickel, although some schemes might view him as too specialized outside of subpackages"" [him as]",,0.1114,broad_jump,0.9967,0.814,0.713,0.915,80.9,0.658,0.0237,-0.067,0.0293,hand,-0.041,zone:0.0051|instincts:0.0047|cornerback:0.0043|scott:0.0042|edge:0.0040|outside:0.0039|feel:0.0035|to balance:0.0031|best:0.0030|right:0.0030,blocks:-0.0038|the backside:-0.0033|punt:-0.0032|his ability:-0.0030|nickel:-0.0027|line:-0.0026,below average:0.0041|take on:0.0039|struggles to:0.0039|coverage:0.0034|linebacker:0.0034|the slot:0.0032|route:0.0031|working:0.0031|vs:0.0030|timing:0.0027,miami:-0.0043|best:-0.0040|final:-0.0038|return:-0.0038|blend:-0.0037|special teams:-0.0034
Josiah Trotter,LB,Missouri,62,beast,out_of_league,18.4,37.9,5.7,38.0,,"""Overall, Trotter doesn’t have playmaking awareness in coverage (at least, not yet), but his run instincts and take-on skills are among the best in this draft class"" [at least]",-0.2068,1.2768,0.2557,-0.0362,40yd,1.7652,slide,53.4,20.2,26.4,"""Quick trigger; doesn’t slow into contact as a tackler"" [into contact] || ""He is quick to key and diagnose versus the run and is a physical filler who can punch his way off blocks and square up as a tackler"" [blocks and]",,-0.0,40yd,0.2729,0.802,0.7,0.903,56.3,0.451,0.0236,-0.067,0.0252,hand,-0.0562,acl:0.0055|doesn:0.0054|knee:0.0043|pro:0.0032|required:0.0030|coaches:0.0028|draft class:0.0026|physically:0.0025|sec:0.0024|honors:0.0023,linebacker:-0.0069|behind:-0.0048|skills:-0.0037|best in:-0.0036|up his:-0.0031|quarterback:-0.0031,linebacker:0.0114|sec:0.0110|into contact:0.0067|mike:0.0054|blocks and:0.0054|acl:0.0052|looks:0.0047|with solid:0.0046|green:0.0046|late to:0.0045,among:-0.0071|energy:-0.0067|age:-0.0062|tackler:-0.0057|father:-0.0051|pro:-0.0051
Treydan Stukes,CB,Arizona,63,beast,53_man,10.9,56.4,4.1,28.6,,"""— He's an aggressive downhill playmaker with explosive click and close ability to take on blocks in the run and screen game or to just blow them up entirely"" [take on, an aggressive] || ""He plays with toughness and physicality near the line, although he needs to clean up things as a tackler"" [clean up]",-0.15,-0.0902,-0.1555,-0.0645,broad_jump,0.4775,riser,14.2,24.5,61.3,"""​ Good eyes and drive burst in underneath zone coverage"" [zone coverage]",,0.1114,broad_jump,0.9486,0.879,0.778,0.981,67.3,0.592,0.0234,-0.067,0.021,hand,0.0516,zone:0.0071|outside:0.0054|inside:0.0050|in all:0.0031|ball production:0.0031|defensive:0.0028|instincts:0.0027|team captain:0.0026|cornerback:0.0025|leads:0.0025,single high:-0.0043|nickel:-0.0030|coaches:-0.0028|late:-0.0026|take on:-0.0025|throws:-0.0025,zone coverage:0.0050|arizona:0.0047|take on:0.0039|drive:0.0038|walk:0.0035|versatility:0.0034|upright:0.0032|pedal:0.0032|under:0.0029|single high:0.0027,interceptions:-0.0053|september:-0.0052|acl:-0.0047|his final:-0.0044|right knee:-0.0041|backfield:-0.0040
Zachariah Branch,WR,Georgia,64,beast,roster_bubble,23.2,13.1,33.1,30.6,"""A one-year starter at Georgia (and three-year starter overall), Branch was primarily a slot receiver (77.9 percent of career snaps aligned there) in offensive coordinator Mike Bobo’s scheme"" [percent of]","""With his speed gifts, Branch has the talent for a role beyond what Georgia asked of him — but how much more? He ran a screen on 25.4 percent of his routes (No"" [his speed] || ""He will struggle to make contested catches against tight-man coverage"" [man coverage]",-0.0527,-0.5486,0.413,-0.0446,40yd,-0.9762,riser,6.8,21.3,71.9,,,0.1114,broad_jump,1.0371,0.864,0.763,0.965,36.3,0.314,0.0232,-0.0664,0.0086,hand,0.0301,grabs:0.0033|downfield:0.0030|catch:0.0029|the line:0.0027|georgia:0.0025|tree:0.0022|if he:0.0021|missed:0.0019|receiving:0.0019|touchdown:0.0018,williams:-0.0046|special:-0.0041|fbs:-0.0036|slot receiver:-0.0032|return:-0.0030|kick:-0.0029,relies:0.0066|catches:0.0062|slot:0.0042|came:0.0039|route:0.0036|beat:0.0034|downfield:0.0033|tracking:0.0032|upright:0.0030|undisciplined:0.0028,return:-0.0093|averaged:-0.0070|special teams:-0.0068|backfield:-0.0063|his career:-0.0042|williams:-0.0039
Caleb Tiernan,OT,Northwestern,65,beast,53_man,7.7,51.3,20.4,20.7,,,-0.1478,-0.2375,0.1013,-0.0645,height,0.1703,riser,24.3,30.9,44.8,,"""He started at right tackle opposite Peter Skoronski as a redshirt freshman before filling Skoronski’s shoes the past 231 Back to table of contents three seasons as the Wildcats’ left tackle, finishing his career with 43 straight starts (he never considered opting out of the 2025 bowl game). He earned All-Big Ten honors as a junior and senior, and NFL scouts say he went from gentle giant to unquestioned leader of the offensive line room"" [earned all, he started] || ""He’ll have swing tackle ability, although his best position long-term might be guard"" [ll have, might be]",0.1114,height,0.2951,0.952,0.851,1.0,59.0,0.561,0.0231,-0.0664,0.021,hand,0.0696,tackle:0.0122|redirect:0.0064|develop:0.0047|inside:0.0046|more of:0.0044|hands:0.0038|rushers:0.0036|zone:0.0034|offensive:0.0030|at right:0.0028,percent:-0.0051|defenders:-0.0037|finisher:-0.0036|position to:-0.0029|second level:-0.0028|blocker:-0.0028,straight:0.0065|tackle:0.0053|relies:0.0046|transition:0.0045|rushers:0.0041|tall:0.0040|phase:0.0040|consistent:0.0039|easily:0.0036|vs:0.0034,reset:-0.0039|weight:-0.0037|room:-0.0036|honors:-0.0035|control:-0.0035|senior:-0.0035
Domonique Orange,DL,Iowa State,66,beast,53_man,16.2,34.2,18.6,31.0,"""​ Straight-line tendencies as a pass rusher; expected more of a consistent bull rush"" [more of] || ""​ Longer arms than most players his height and plays with extension"" [plays with, than most] || ""​ Sturdy lower half; absorbs contact well to hold his ground"" [lower half]","""- Orange has room for improvement when it comes to disengaging and escaping from blocks"" [for improvement] || ""He earned All-Big 12 honors each of the past three seasons, and his defensive snaps jumped from 28.2 per game in 2024 to 45.6 in 2025 — although his production decreased as a senior"" [per game]",-0.1468,-0.2375,0.2552,-0.0772,wingspan,-0.1397,consensus,22.7,52.7,24.6,,"""Overall, Orange is an ineffective pass rusher but has the 408 Back to table of contents frame and play strength to be an immovable, stout nose when he wants to be"" [strength to]",-0.066,weight,-0.0365,0.816,0.714,0.917,50.4,0.411,0.0229,-0.0664,0.0252,hand,-0.0311,tackle:0.0038|smith:0.0031|hands:0.0030|although:0.0025|more of:0.0024|outside:0.0023|defensive:0.0023|initial:0.0023|offensive:0.0022|arms:0.0022,blocks:-0.0039|taking:-0.0036|room:-0.0033|keep:-0.0030|pound:-0.0027|orange:-0.0027,room:0.0090|projects:0.0082|weight:0.0066|initial:0.0058|iowa:0.0055|list:0.0048|timing:0.0047|games the:0.0042|texas:0.0039|freaks:0.0038,blocks:-0.0078|font:-0.0073|extension:-0.0057|offensive linemen:-0.0055|strength to:-0.0051|shed:-0.0049
Keith Abney,CB,Arizona State,67,beast,out_of_league,6.6,34.7,18.5,40.2,"""He plays with physicality, and missed tackles are rare on his tape"" [with physical, missed tackles] || ""A two-year starter at Arizona State, Abney lined up primarily outside (mostly at right cornerback) in defensive coordinator Brian Ward’s multiple scheme (press/off man, zone, side-saddle bail). After becoming a starter as a sophomore, he was one of the most productive corners in the FBS, registering 21 passes defended and five interceptions over his final 25 starts"" [passes defended] || ""​ Love his physicality and desire as a run defender"" [run defender]",,-0.1995,1.2399,-0.229,-0.0272,40yd,1.4931,consensus,35.7,39.5,24.8,,,-0.066,40yd,-0.1764,0.75,0.649,0.852,41.3,0.31,0.0227,-0.0664,0.019,hand,-0.0513,boundary:0.0041|passes defended:0.0034|physicality:0.0032|position:0.0032|lacks:0.0030|throw:0.0029|situations:0.0026|stay:0.0026|with physical:0.0026|work:0.0024,zone:-0.0062|downfield:-0.0038|technique:-0.0036|plays:-0.0035|percent:-0.0033|catch:-0.0032,talent:0.0053|skillfully:0.0044|athletic:0.0044|footwork:0.0042|the field:0.0042|multiple:0.0040|coordinator brian:0.0040|among:0.0038|afraid to:0.0037|outstanding:0.0036,tendencies:-0.0068|coverage:-0.0062|on blocks:-0.0048|caught:-0.0047|undisciplined:-0.0046|straight:-0.0044
Dani Dennis-Sutton,EDGE,Penn State,68,beast,53_man,11.2,48.6,4.7,35.5,"""Dennis-Sutton wins with a combination of quickness and power in all facets of his game"" [in all] || ""A two-year starter at Penn State, Dennis-Sutton was an outside edge rusher (three-point stance) in former defensive coordinator Jim Knowles’ scheme"" [was an] || ""Dennis-Sutton doesn't threaten offensive tackles with speed as an edge-rusher"" [offensive tackles]","""​ Scouts say he has “self-inflated” view of himself at times but it comes from a good place, because he sets a high bar for himself"" [say he, but it] || ""Overall, Dennis-Sutton will find sack production harder to come by against NFL blocking, but he is a commanding presence and has the size, strength and quickness to be a force player on the edge"" [strength and]",-0.1446,-0.2375,0.1336,-0.0326,wingspan,-0.3213,riser,36.0,26.6,37.5,,"""- Bend is below-average to turn tight corners"" [turn tight] || ""His subpar athletic ability will cause him to miss sacks and let mobile quarterbacks escape the pocket"" [cause him]",0.1114,height,0.2488,0.828,0.726,0.929,59.8,0.495,0.0226,-0.0664,0.0106,hand,-0.0322,edge:0.0050|outside:0.0038|arms:0.0036|in all:0.0031|around:0.0031|hands:0.0029|knows:0.0027|redirect:0.0027|isn:0.0023|defensive:0.0022,tight:-0.0045|blocks:-0.0040|single:-0.0037|attack:-0.0033|punt:-0.0031|twitch:-0.0029,solid:0.0069|grade:0.0050|font:0.0044|attempting:0.0040|below average:0.0040|take on:0.0038|struggles to:0.0038|arms:0.0035|straight line:0.0034|subpar:0.0033,blocked:-0.0049|in 2021:-0.0048|rusher:-0.0045|backfield:-0.0039|getting:-0.0038|shoulders:-0.0037
Mike Washington,RB,Arkansas,69,beast,53_man,12.7,43.0,5.4,38.9,"""- His pass protection technique is unrefined"" [his pass] || ""Overall, Washington is a good-sized athlete who gets through the crease and can be a punisher behind his pads, although he will need to improve his third-down skills to increase his NFL value"" [need to] || ""He is a power back, but one with added traits"" [but one]","""While his larger frame limits some fluidity and flexibility in space, he does show quick feet for short cuts and hops between the tackles in man- and gap-scheme concepts"" [in space] || ""Despite some stiffness in his lower half, he is quick to read, collect his feet and cut away from pursuit with speed to finish"" [is quick]",-0.1436,-0.2375,-0.1401,-0.0964,wingspan,-1.0955,riser,7.1,27.4,65.5,,,0.1114,broad_jump,1.4132,0.896,0.795,0.997,55.7,0.499,0.0224,-0.0664,0.0314,wingspan,0.0543,issues:0.0029|wide:0.0027|jr:0.0026|zone:0.0025|running:0.0024|balance:0.0024|his pass:0.0022|playing:0.0020|ball:0.0020|conversion:0.0019,defenders:-0.0039|runs:-0.0033|cut:-0.0031|receiving:-0.0029|behind:-0.0027|protection:-0.0026,washington:0.0136|grade:0.0043|open:0.0041|font:0.0038|runs with:0.0032|sized athlete:0.0032|pass protection:0.0032|straight line:0.0029|bad:0.0028|upright:0.0027,in 2021:-0.0069|backfield:-0.0056|jr:-0.0051|weight:-0.0047|security:-0.0046|his career:-0.0038
Malachi Fields,WR,Notre Dame,70,beast,roster_bubble,8.5,27.8,35.2,28.5,"""​ Mature worker with strong character feedback (NFL scout: “Practices like he plays on game day … has a professional approach.”)"" [plays on] || ""​ Broken metatarsal in his left foot during 2022 spring football, which required surgery and sidelined him for the first nine games of the season Fields brings an ideal frame for the position at the NFL level, particularly when projecting to an outside “X” receiver role"" [an outside] || ""​ Skillfully tracks football in flight and adjusts accordingly"" [in flight]","""A high school quarterback, he transitioned well to receiver at Virginia before transferring to the Irish for his final season in 2025. His targets and production took a nosedive with a freshman at quarterback (he didn’t record a 100-yard receiving game in 2025), although he produced several memorable plays"" [high school] || ""NFL coaches will like the way he uses his hands and feet to gain a step of separation out of breaks, although they will want to see him expand his route proficiency (there is a healthy amount of hitches and go routes all over his tape). Overall, Fields is a big-bodied receiver who presents a large target for his quarterback, using his athleticism and catch radius"" [all over]",-0.0504,-0.5486,0.413,-0.0988,vert_jump,0.8745,riser,5.8,20.8,73.3,,"""NFL coaches will like the way he uses his hands and feet to gain a step of separation out of breaks, although they will want to see him expand his route proficiency (there is a healthy amount of hitches and go routes all over his tape). Overall, Fields is a big-bodied receiver who presents a large target for his quarterback, using his athleticism and catch radius"" [athleticism and] || ""Fields flashes both build-up speed and short-area juice, along with a go-and-get-it gear when the ball is in the air"" [along with]",0.1114,broad_jump,1.0371,0.857,0.756,0.958,36.3,0.311,0.0222,-0.0664,0.019,hand,0.0301,targets:0.0042|second:0.0032|receiving:0.0032|corners:0.0031|catch:0.0029|point:0.0027|body:0.0024|cover:0.0023|blocker:0.0019|pull:0.0019,size:-0.0031|fields:-0.0026|although:-0.0025|required:-0.0023|nfl:-0.0023|boundary:-0.0022,catches:0.0051|up speed:0.0048|route:0.0046|of direction:0.0039|an outside:0.0038|virginia:0.0038|tall:0.0035|can take:0.0028|flashes:0.0028|build:0.0028,catch point:-0.0043|corners:-0.0040|final:-0.0037|adding:-0.0032|athleticism and:-0.0031|defenders:-0.0027
Antonio Williams,WR,Clemson,71,beast,roster_bubble,17.8,28.3,31.8,22.1,,,-0.05,-0.5486,0.413,-0.088,vert_jump,0.8768,consensus,27.2,52.8,20.1,"""He isn’t a “slot-only” receiver, but he projects best inside and has some Khalil Shakir to his game"" [he projects]",,-0.0,40yd,-0.0776,0.834,0.733,0.936,46.1,0.385,0.0221,-0.0664,0.0169,hand,0.0107,percent:0.0106|receiving:0.0051|his career:0.0043|eight:0.0040|body:0.0032|of routes:0.0029|catch:0.0027|grabs:0.0026|history:0.0025|missed:0.0025,williams:-0.0156|slot:-0.0032|special:-0.0026|return:-0.0025|fbs:-0.0023|receiver:-0.0022,williams:0.0164|clemson:0.0132|rushing:0.0087|tigers:0.0063|he projects:0.0056|injuries:0.0050|body control:0.0050|eight:0.0048|at age:0.0045|separation:0.0044,his hands:-0.0057|2024:-0.0055|competition:-0.0054|catches:-0.0049|return:-0.0047|vs:-0.0042
Kyle Louis,LB,Pittsburgh,72,beast,out_of_league,27.4,25.1,4.3,43.2,"""Keeps missed tackles to a minimum — but they are inevitable at his size"" [his size, missed tackles] || ""He is elusive in his pursuit paths, but he plays light and is more likely to try to run around blocks than engage and work off them"" [try to, around blocks] || ""Always ball-searching and will turn catches into incompletions"" [and will]",,-0.1921,1.2399,0.2557,-0.0332,40yd,1.1713,slide,48.5,25.6,26.0,"""He was primarily a curl/flat zone defender in coverage but has the athletic tools to handle more man-to-man responsibilities (he looked great blanketing backs and tight ends during Senior Bowl practices). Overall, Louis is a difficult evaluation because he isn’t a traditional linebacker, but he brings value to the field with his range, instincts and man-coverage upside"" [in coverage]",,-0.0,40yd,0.1811,0.845,0.744,0.947,52.5,0.444,0.0219,-0.0664,0.0231,3cone,-0.009,and will:0.0040|blockers:0.0038|passes defended:0.0037|try to:0.0036|likely:0.0035|percentage:0.0034|position:0.0034|his size:0.0034|easily:0.0032|closing:0.0029,pitt:-0.0065|linebacker:-0.0058|zone:-0.0047|years:-0.0044|plays on:-0.0044|team captain:-0.0035,linebacker:0.0099|tackles:0.0076|blocks:0.0072|in coverage:0.0050|senior:0.0047|24:0.0046|keeps:0.0046|react:0.0045|star:0.0044|caught:0.0042,athletic:-0.0086|ball:-0.0055|instincts:-0.0052|talent:-0.0051|about his:-0.0046|fumbles:-0.0041
Davison Igbinosun,CB,Ohio State,73,beast,53_man,11.4,50.6,28.3,9.8,,"""​ Needs to be more consistent holding outside leverage in run game 526 Back to table of contents"" [more consistent] || ""He played his best as a senior, allowing just 22 catches (one for more than 20 yards) and zero touchdowns"" [than 20]",-0.1393,-0.2375,-0.1555,-0.0517,broad_jump,0.5017,riser,8.3,22.6,69.1,"""He plays with presence and looks to reroute receivers from press or downfield"" [and looks]","""After one season at Ole Miss, he transferred to Columbus in 2023 and became an immediate starter, subsequently leading the Buckeyes in both passes defended and interceptions as a junior and senior"" [an immediate, season at] || ""He played his best as a senior, allowing just 22 catches (one for more than 20 yards) and zero touchdowns"" [more than]",0.1114,broad_jump,0.9967,0.829,0.728,0.93,62.0,0.514,0.0217,-0.0664,0.0169,wingspan,0.021,outside:0.0055|cornerback:0.0043|cover:0.0036|feel:0.0035|penalties:0.0034|leverage:0.0033|long arms:0.0032|around:0.0031|zone:0.0030|passing:0.0027,coaches:-0.0029|16:-0.0023|more consistent:-0.0023|tight:-0.0022|combined:-0.0021|than 20:-0.0021,phase:0.0086|and looks:0.0064|stay in:0.0044|attempting:0.0041|transition:0.0041|coverage:0.0039|struggles to:0.0039|windows:0.0039|tall:0.0037|consistent:0.0035,an immediate:-0.0044|find:-0.0039|touchdowns:-0.0038|carry:-0.0034|room:-0.0033|senior:-0.0032
Gracen Halton,DL,Oklahoma,74,beast,53_man,19.3,41.5,9.8,29.5,,,-0.1382,-0.2375,0.2552,-0.0517,3cone,0.6889,consensus,20.5,69.6,9.9,"""Overall, Halton is sawed off and can be overwhelmed at times, but he moves with big-man twitch and his initial quickness and closing speed can be weaponized"" [quickness and] || ""(Alabama center Parker Brailsford called him the toughest player he faced in 2025, because of his initial quickness.) When he doesn’t do that, he switches to an edge-to-edge attacking mindset that leads to clean-up stops or sacks"" [leads to]","""​ Needs to tempo his hands at contact for better speed-to-power success"" [his hands]",-0.066,3cone,0.6388,0.762,0.661,0.863,60.8,0.463,0.0216,-0.0664,0.0169,3cone,-0.0519,tackle:0.0065|leads:0.0054|issues:0.0044|hands:0.0041|defensive:0.0036|edge:0.0034|initial:0.0033|lineman:0.0032|offensive:0.0032|team captain:0.0027,part time:-0.0050|blocks:-0.0047|the point:-0.0029|quickness and:-0.0029|late:-0.0027|win:-0.0027,initial:0.0081|quickness and:0.0061|leads to:0.0061|win:0.0058|sacks:0.0056|weight:0.0053|room:0.0053|oklahoma:0.0053|pro:0.0048|rushing:0.0045,blocks:-0.0092|font:-0.0072|his hands:-0.0071|offensive linemen:-0.0068|solid:-0.0063|take on:-0.0058
Max Klare,TE,Ohio State,75,beast,53_man,26.5,32.9,24.4,16.2,"""However, he was underutilized in the passing game, in large part because of all the mouths Ohio State had to feed (his percentage of catches that went for 10-plus yards dropped from 60.8 in 2024 to 39.5 in ‘25). Klare is a good-looking athlete and shows speed and urgency that suggest he has yet to play his best football"" [all the, speed and, plus yards] || ""​ Competitive blocker who can wall off lanes or run his feet once he engages"" [blocker who] || ""Overall, Klare has a low ceiling as a blocker and needs to continue adding refinement as a route runner, but his combination of athleticism, toughness and ball skills gives him a modern-day skill set"" [route runner]",,-0.1371,-0.2375,0.4998,-0.0964,wingspan,0.1956,riser,28.1,32.4,39.5,,"""However, he was underutilized in the passing game, in large part because of all the mouths Ohio State had to feed (his percentage of catches that went for 10-plus yards dropped from 60.8 in 2024 to 39.5 in ‘25). Klare is a good-looking athlete and shows speed and urgency that suggest he has yet to play his best football"" [best football]",0.1114,arm,0.1091,0.941,0.84,1.0,59.4,0.559,0.0214,-0.0664,0.0314,hand,0.0547,develop:0.0044|zone:0.0032|blocker who:0.0031|hands:0.0031|burst:0.0029|passing:0.0028|air:0.0027|ball:0.0024|shows:0.0023|positional:0.0022,tight:-0.0054|defenders:-0.0053|second:-0.0040|day:-0.0037|receiving:-0.0036|consistency:-0.0034,catches:0.0070|route:0.0055|flashes:0.0053|savvy:0.0038|the slot:0.0034|once:0.0034|state:0.0032|works hard:0.0032|nfl scouts:0.0030|at purdue:0.0029,best football:-0.0050|consistency:-0.0046|continue:-0.0042|backfield:-0.0042|second:-0.0038|averaged:-0.0038
Connor Lew,IOL,Auburn,76,beast,out_of_league,15.7,30.5,8.0,45.8,,"""Overall, Lew isn’t a strong drive blocker and needs to develop better consistency, but he has the movement skills and instincts to get the job done in the NFL. He has starting potential, if he stays healthy and proves he can match up physically with NFL power"" [needs to]",-0.1863,1.2399,0.3298,-0.0421,40yd,1.2449,slide,37.8,34.7,27.5,"""It didn’t take long for him to break into the starting lineup as a true freshman and establish himself as one of the top up-and-coming linemen in the SEC. There were high expectations for his 2025 season, but a torn left ACL sidelined him for the second half of the season and the draft process"" [him to]",,-0.0455,40yd,0.1925,0.985,0.884,1.0,46.2,0.455,0.0212,-0.0664,0.0293,hand,0.0696,center:0.0062|acl:0.0044|run game:0.0044|mental:0.0038|jump:0.0037|he stays:0.0037|knee:0.0035|position:0.0032|break:0.0032|torn:0.0030,movement:-0.0067|needs to:-0.0058|develop:-0.0048|zone:-0.0045|rushers:-0.0039|team captain:-0.0033,blocks:0.0087|sec:0.0055|bull:0.0049|acl:0.0044|his hands:0.0042|movement:0.0040|of attack:0.0040|solid:0.0039|leave:0.0037|linemen:0.0034,active:-0.0102|adequate:-0.0061|match:-0.0052|athletic:-0.0049|staff:-0.0043|initial quickness:-0.0043
Ted Hurst,WR,Georgia State,77,beast,roster_bubble,6.9,23.2,44.2,25.8,"""​ 70.9 percent of his catches resulted in either a first down or touchdown"" [percent of]","""After two seasons in Division II, he immediately proved to be productive upon moving up to the FBS, despite playing for a struggling Georgia State program that combined for just four wins in his two seasons (3-9 in 2024, 1-11 in ‘25). Hurst combined for 127 catches, 1,965 yards and 15 touchdowns over his junior and senior seasons"" [seasons in, junior and, just four] || ""He has the frame to be an effective blocker, but could benefit from adding more mass to maintain consistency at the next level."" [benefit from, next level, but could]",-0.0478,-0.5486,0.413,-0.0554,vert_jump,0.8768,consensus,23.0,54.0,23.0,,,-0.0,arm,0.0727,0.782,0.681,0.883,30.0,0.235,0.0211,-0.0664,0.0106,hand,-0.0282,press:0.0034|georgia:0.0027|productive:0.0027|vertical:0.0025|keep:0.0024|catch:0.0022|grabs:0.0021|needs:0.0021|gear:0.0021|school history:0.0021,fbs:-0.0039|seasons in:-0.0037|despite:-0.0030|nfl:-0.0028|long arms:-0.0026|usage:-0.0026,footwork:0.0066|above:0.0062|room:0.0052|seasons in:0.0047|list:0.0047|jackson:0.0042|feldman:0.0042|rate:0.0040|bruce:0.0039|freaks:0.0037,struggling:-0.0057|drops:-0.0055|coverage:-0.0053|catches:-0.0042|committed to:-0.0036|tracking:-0.0036
Romello Height,EDGE,Texas Tech,78,beast,out_of_league,15.1,23.9,18.0,42.9,,"""Overall, there aren’t many edge rushers with Height’s slender size profile who find sustained NFL success, but his twitchy get-off and rush movements can be weaponized by the right defensive play caller"" [can be] || ""- Doesn't have the lower body strength to effectively set the edge"" [lower body]",-0.1834,1.2399,0.0376,-0.0093,broad_jump,-0.3546,riser,8.8,30.3,60.9,,,0.1114,broad_jump,0.9919,0.875,0.774,0.976,39.1,0.342,0.0209,-0.0664,0.0065,hand,0.0144,blockers:0.0063|shoulder:0.0052|auburn:0.0034|size:0.0033|position:0.0033|flashes:0.0027|tackles:0.0025|surgery:0.0025|lacks:0.0025|cut:0.0025,linebacker:-0.0046|needs:-0.0045|productive:-0.0040|outside:-0.0037|zone:-0.0037|moves:-0.0035,linebacker:0.0065|direction:0.0052|vs:0.0047|grade:0.0046|flashes:0.0045|font:0.0041|change of:0.0035|below:0.0035|struggling:0.0033|lacking:0.0028,offensive tackles:-0.0080|pass rusher:-0.0039|off and:-0.0036|chest:-0.0034|2020:-0.0031|weight:-0.0030
Elijah Sarratt,WR,Indiana,79,beast,53_man,4.6,44.1,28.3,22.9,"""A former hooper, Sarratt is a coordinated athlete who knows how to use his size and adjust to the football (4.5 percent drop rate in 2025), which made him a back-shoulder machine for the Hoosiers"" [how to]",,-0.1329,-0.2375,-0.314,-0.039,vert_jump,-0.3185,riser,28.7,35.4,35.9,,"""​ Missed two games as senior because of a hamstring injury (Oct"" [missed two] || ""Though he plays well through contact, he can get held up by press at times and will face more defenders who can match his physicality in the NFL. No one would describe his speed as electric, but he can find another gear when needed and combined for 32 catches of 20-plus yards the last two seasons (same number as Ohio State’s Jeremiah Smith). Overall, Sarratt will be saddled with the “possession receiver” label, but he is an underrated athlete and plays with the urgency and toughness to own the catch point — which translates to any level of football"" [catch point]",0.1114,height,0.1183,0.75,0.649,0.851,48.8,0.366,0.0207,-0.0664,0.0127,hand,-0.0476,outside:0.0048|knows:0.0040|develop:0.0037|inside:0.0036|indiana:0.0035|zone:0.0026|smith:0.0026|place:0.0025|catch:0.0025|through contact:0.0024,percent:-0.0085|grabs:-0.0030|defenders:-0.0029|situations:-0.0028|touchdown:-0.0027|point of:-0.0025,catches:0.0058|heavy:0.0049|smith:0.0041|reps:0.0040|slot:0.0035|development:0.0035|tall:0.0032|phase:0.0032|plus yards:0.0031|open:0.0030,touchdown:-0.0049|his routes:-0.0038|because:-0.0033|the game:-0.0031|team captain:-0.0030|and others:-0.0029
Sam Hecht,IOL,Kansas State,80,beast,53_man,25.4,43.8,9.7,21.1,"""He is “good enough” in most areas of the position to push for starting reps and offers depth at guard, despite having little experience there"" [good enough, in most] || ""​ Carries solid mass on wide frame, especially in lower half (added more than 50 pounds in college)"" [lower half] || ""— Keeps elbows connected to hips with tight hand placement"" [hand placement]",,-0.1318,-0.2375,0.1013,-0.1027,broad_jump,0.4946,riser,7.9,32.6,59.5,,"""— Keeps elbows connected to hips with tight hand placement"" [hand placement] || ""— Middling power result in limited ability to uproot defenders on command or finish with authority."" [finish with]",0.1114,broad_jump,0.9826,0.929,0.827,1.0,69.2,0.643,0.0206,-0.0664,0.0335,wingspan,-0.0204,tackle:0.0042|penalties:0.0039|soft:0.0038|wide:0.0036|zone:0.0034|cover:0.0033|instincts:0.0032|redirect:0.0031|started:0.0028|moving:0.0025,percent:-0.0053|will have:-0.0043|tight:-0.0042|defenders:-0.0038|finisher:-0.0036|against:-0.0031,walk:0.0084|solid:0.0066|below average:0.0047|to easily:0.0045|drive:0.0044|kansas state:0.0042|straight:0.0040|heavy:0.0038|result:0.0035|position:0.0035,zero:-0.0045|post snap:-0.0042|athleticism and:-0.0037|as senior:-0.0035|slanting:-0.0033|carries:-0.0032
Skyler Bell,WR,UConn,81,beast,53_man,17.4,34.4,20.6,27.5,"""Good short area quickness to operate out of the slot on choice/option routes"" [short area] || ""​ Pulled left hamstring before the 2021 season and was forced to redshirt his first year at Wisconsin"" [forced to] || ""He set single-season school records for catches (101) and touchdown grabs (13). Bell has proven that he can handle a high volume of targets"" [records for]",,-0.1307,-0.2375,-0.314,0.0057,broad_jump,0.5019,riser,6.4,25.4,68.2,,"""He is natural at maintaining his play speed through route cuts and stems, and he shows a knack for finding space after the catch (averaged 8.2 yards after catch per reception in 2025). He needs to fight harder for catch space when things get crowded, but he clearly listened to the feedback that his hands needed to improve in 2025 (NFL scout: “He wore out the JUGS machine.”). Overall, Bell doesn’t stand out with his size or physicality, but his route savvy helps him slip past coverage and accelerate"" [the catch, nfl scout] || ""​ Didn’t play on special teams in college Bell looked uncoverable at times against his level of competition in his final season and, despite below-average size and athleticism, produced like a top-100 prospect as a productive slot receiver"" [special teams, play on]",0.1114,broad_jump,0.9971,0.762,0.661,0.864,51.8,0.395,0.0204,-0.0664,-0.0018,hand,-0.0476,zone:0.0044|develop:0.0037|catch:0.0034|best:0.0026|bell:0.0026|hands:0.0026|defensive:0.0024|leverage:0.0023|wisconsin:0.0023|history:0.0022,percent:-0.0068|receiving:-0.0051|defenders:-0.0044|slot:-0.0027|break:-0.0026|keep:-0.0025,route:0.0054|catches:0.0047|slot:0.0040|competition:0.0036|below average:0.0036|wisconsin:0.0032|savvy:0.0032|open:0.0031|direction:0.0030|huskies:0.0030,the catch:-0.0039|best:-0.0036|touchdown:-0.0035|2021:-0.0035|coverages:-0.0034|post snap:-0.0032
Joshua Josephs,EDGE,Tennessee,82,beast,roster_bubble,19.4,12.7,36.2,31.8,"""Not a run technician at point of attack"" [of attack] || ""Missed tackles on every tape, usually because of out-of-control pursuit"" [tackles on] || ""Underdeveloped core strength — can be pushed around the arc"" [pushed around]","""He plays with a violent edge when attacking blocks in the run game, although he isn’t a sturdy point-of-attack player and misses too many tackles while playing hot, despite his rare wingspan"" [the run] || ""A starter for one-and-a-half years at Tennessee, Josephs played the “Leo” edge position (standup and three-point) in defensive coordinator Tim Banks’ scheme (also dropped and manned-up versus tight ends). With his close friend and roommate, James Pearce Jr., off to the NFL, Josephs was expected to have a breakout senior season"" [tight ends, starter for]",-0.0459,-0.5486,-0.1792,0.0205,vert_jump,0.6808,consensus,29.0,36.4,34.6,"""Josephs boasts explosiveness that jumps off the film"" [off the]",,-0.066,arm,0.0838,0.841,0.74,0.942,32.0,0.269,0.0202,-0.0664,-0.0039,wingspan,0.0277,of attack:0.0042|pull:0.0034|point:0.0033|tennessee:0.0032|better:0.0025|shown:0.0025|improved:0.0023|dropped:0.0022|against:0.0020|missed:0.0020,long arms:-0.0043|the run:-0.0038|despite:-0.0030|nfl:-0.0027|pass:-0.0024|edge:-0.0024,win:0.0068|sacks:0.0066|weight:0.0050|room:0.0050|pro:0.0046|scheme also:0.0044|is still:0.0041|pull:0.0036|loss and:0.0036|being:0.0034,solid:-0.0101|tennessee:-0.0092|blocks:-0.0074|font:-0.0068|tackles:-0.0049|long arms:-0.0049
Garrett Nussmeier,QB,LSU,83,beast,roster_bubble,5.7,35.2,38.1,21.0,"""He runs plays as designed and has complete control at the line of scrimmage to make any protection checks and route changes based on what the defense shows pre-snap"" [based on] || ""However, his senior year was a disappointment, brought on by a perfect storm of contributing factors, including an inconsistent offensive line and a run game that ranked 124th in the FBS. Nussmeier wasn’t blameless for the Tigers’ offensive struggles, although the root of his issues was a preseason abdominal injury, which restricted his movements and prematurely ended his 2025 season"" [including an] || ""​ Not electric as an athlete but can go get a first down"" [athlete but]","""However, his senior year was a disappointment, brought on by a perfect storm of contributing factors, including an inconsistent offensive line and a run game that ranked 124th in the FBS. Nussmeier wasn’t blameless for the Tigers’ offensive struggles, although the root of his issues was a preseason abdominal injury, which restricted his movements and prematurely ended his 2025 season"" [senior year, run game] || ""He can make any throw he wants and isn’t shy about testing quick-expiring windows, although those overconfident decisions lead to turnovers"" [lead to, and isn]",-0.0455,-0.5486,0.5572,-0.1639,arm,-0.3132,riser,27.7,30.6,41.7,"""However, his senior year was a disappointment, brought on by a perfect storm of contributing factors, including an inconsistent offensive line and a run game that ranked 124th in the FBS. Nussmeier wasn’t blameless for the Tigers’ offensive struggles, although the root of his issues was a preseason abdominal injury, which restricted his movements and prematurely ended his 2025 season"" [an inconsistent, that ranked, run game] || ""After backing up Jayden Daniels for two seasons, he earned his own first-round buzz from NFL scouts with a productive 2024 season"" [nfl scouts] || ""Though he likes to make plays outside of structure, he lacks the physical ability to consistently be effective as a passer on the run"" [plays outside]","""He redshirted his first season in 2021, then backed up Jayden Daniels in both 2022 and 2023. He started all 13 games in 2024 and, despite having some NFL interest, decided to return for one more year at LSU. Unfortunately, he wasn’t able to put his best foot forward, as he played through an abdominal tear suffered in the summer and ultimately appeared in just nine games"" [in 2021, he started] || ""He has a quick release and quick time to throw, stemming from growing up with a quarterback father and establishing good foundations for pre-snap reads and progression work, but it can also get him in trouble"" [growing up, it can]",0.1114,arm,0.1685,0.92,0.818,1.0,40.9,0.376,0.0201,-0.0664,0.0314,hand,0.0337,pocket:0.0034|passer:0.0034|line:0.0032|productive:0.0021|needs:0.0021|coach:0.0020|arm:0.0020|based on:0.0020|pressure:0.0017|scheme he:0.0016,nfl:-0.0029|despite:-0.0024|spot:-0.0023|undersized:-0.0022|although:-0.0021|knee:-0.0019,testing:0.0035|struggles:0.0031|poor:0.0031|open:0.0028|passer:0.0026|route:0.0025|lacking:0.0025|vs:0.0025|result:0.0024|nfl scouts:0.0023,post snap:-0.0049|lsu:-0.0048|tigers:-0.0045|in 2021:-0.0039|injuries:-0.0039|the field:-0.0035
Kamari Ramsey,S,USC,84,beast,out_of_league,24.7,29.2,15.7,30.4,"""— He's a willing participant downhill in the screen and run game"" [run game] || ""2025) — Ramsey has fantastic eyes in zone coverage and his instincts take him to the football regularly"" [coverage and] || ""Though his production declined in his final season, he never complained about the position switch and showed his versatility to scouts"" [his final]","""— His upside as a nickel defender is limited by his short area lateral burst, effectiveness as a man defender and tackling ability in the run game can still create an impact."" [short area] || ""​ Reserved personality and keeps his eyes on the prize (NFL scout: “Not a man of many words … goal-oriented and very intentional with his decisions.”)"" [eyes on]",-0.1746,1.2399,0.4036,-0.0242,broad_jump,-0.4186,riser,8.6,13.8,77.6,,,0.1114,broad_jump,1.171,0.833,0.732,0.934,53.9,0.449,0.0199,-0.0664,0.0169,broad_jump,0.0135,run game:0.0042|putting:0.0039|position:0.0038|nickel:0.0034|knee:0.0034|defender:0.0032|allows:0.0031|lacks:0.0029|throw:0.0029|coverage and:0.0025,zone:-0.0043|the quarterback:-0.0041|willing:-0.0038|better:-0.0037|skills:-0.0036|catch point:-0.0034,chess:0.0060|tackling:0.0049|piece:0.0045|drive:0.0040|phase:0.0039|coverage:0.0037|linebacker:0.0037|direction:0.0036|versatility:0.0036|skills:0.0035,his final:-0.0048|right knee:-0.0044|catch point:-0.0039|only average:-0.0038|allows:-0.0037|usc:-0.0035
Jaishawn Barham,LB,Michigan,85,beast,53_man,23.8,40.8,12.1,23.3,,"""He was a stacked, off-ball player his first three years in college but was receptive to the position switch — and was a better fit at edge, collecting 10 tackles for loss in 2025. There is a difference between being versatile and a tweener, and Barham is more of the latter, as he lacks the instincts to play off-ball or the size to be an every-down edge"" [better fit, three years, be an] || ""​ Violent, aggressive hands but struggles sifting through bodies"" [but struggles]",-0.1265,-0.2375,-0.2483,-0.0135,broad_jump,0.6799,riser,4.0,25.4,70.7,,"""He was a stacked, off-ball player his first three years in college but was receptive to the position switch — and was a better fit at edge, collecting 10 tackles for loss in 2025. There is a difference between being versatile and a tweener, and Barham is more of the latter, as he lacks the instincts to play off-ball or the size to be an every-down edge"" [first three]",0.0,broad_jump,1.3508,0.807,0.705,0.908,64.6,0.521,0.0197,-0.0664,0.0044,hand,-0.0562,edge:0.0054|michigan:0.0047|zone:0.0040|hands:0.0039|instincts:0.0037|more of:0.0031|former:0.0028|outstanding:0.0027|penalties:0.0027|twitchy:0.0025,the backside:-0.0044|level he:-0.0028|lacks:-0.0024|coaches:-0.0022|collected:-0.0021|say:-0.0020,linebacker:0.0076|struggles:0.0051|easily:0.0042|his athletic:0.0035|and often:0.0032|off ball:0.0032|the position:0.0030|mean:0.0030|narrow:0.0029|former defensive:0.0028,backfield:-0.0088|michigan:-0.0074|first three:-0.0053|he tends:-0.0039|body twitch:-0.0035|tackles:-0.0030
Darrell Jackson,DL,Florida State,86,beast,out_of_league,10.2,37.4,7.5,44.9,,,-0.1717,1.2399,0.3248,-0.0272,wingspan,0.4119,slide,42.3,22.5,35.3,"""Absorbs contact in run game to stack the point of attack"" [of attack, the point] || ""Has plenty of knockback power and can stand up offensive linemen with his upper body strength"" [offensive linemen] || ""- When he shoots his hands as a pass-rusher, he can overwhelm interior offensive linemen with a long-arm move by using his strength and length"" [his hands]",,-0.0455,height,-0.1752,0.773,0.672,0.874,47.6,0.368,0.0196,-0.0664,0.019,hand,-0.0859,florida:0.0061|work:0.0044|size:0.0034|junior:0.0033|center:0.0030|blockers:0.0030|of attack:0.0030|doesn:0.0029|run game:0.0029|flashes:0.0028,develop:-0.0068|jackson:-0.0045|pocket:-0.0040|arms:-0.0038|moves:-0.0036|offensive:-0.0032,florida:0.0123|blocks:0.0098|offensive linemen:0.0067|as pass:0.0057|his hands:0.0057|rusher:0.0055|of attack:0.0054|the point:0.0051|tackles:0.0048|nose:0.0043,jackson:-0.0205|grade:-0.0052|arm:-0.0050|carrier:-0.0045|work:-0.0041|rushing:-0.0037
Oscar Delp,TE,Georgia,87,beast,53_man,13.5,41.9,32.4,12.2,"""He has above-average speed and body control for his frame, which shows in his route running and when he has a runway after the catch (he models his game after AJ Barner). He plays with physicality in all areas of his game, although his catch-point focus tends to decline when he’s challenged"" [in all, route running] || ""He strains as a blocker, inline and on the move, although his lack of length limits him at times"" [lack of] || ""A three-year starter at Georgia, Delp was a Y tight end in offensive coordinator Mike Bobo’s offense"" [year starter]",,-0.1243,-0.2375,0.4998,-0.09,broad_jump,0.4629,riser,7.7,26.2,66.2,,"""He has above-average speed and body control for his frame, which shows in his route running and when he has a runway after the catch (he models his game after AJ Barner). He plays with physicality in all areas of his game, although his catch-point focus tends to decline when he’s challenged"" [the catch]",0.1114,broad_jump,0.9196,0.901,0.8,1.0,55.4,0.499,0.0194,-0.0664,0.0293,hand,0.0227,catch:0.0041|lack of:0.0040|arms:0.0038|feel:0.0036|in all:0.0032|shows:0.0031|although:0.0031|hands:0.0031|right:0.0025|college:0.0024,receiving:-0.0061|defenders:-0.0053|tight:-0.0038|his game:-0.0032|keep:-0.0030|georgia:-0.0027,transition:0.0072|route:0.0051|sized athlete:0.0040|helps:0.0039|arms:0.0038|however:0.0036|heavy:0.0034|catches:0.0033|flashes:0.0031|coverage:0.0029,the catch:-0.0051|pursuit:-0.0038|defenders:-0.0037|2020:-0.0036|room to:-0.0036|and finish:-0.0035
Zakee Wheatley,S,Penn State,88,beast,53_man,12.4,52.7,6.3,28.5,,"""After a productive 2024 season, he entered this past season as my top-ranked senior safety prospect and was one of the more consistent parts of the Penn State defense, despite a decrease in his ball production"" [more consistent] || ""— Playing more physically against tight ends in man coverage will help round out his impact against the pass."" [tight ends]",-0.1233,-0.2375,0.0815,-0.0772,broad_jump,0.6116,riser,4.9,23.7,71.3,,,0.1114,broad_jump,1.215,0.805,0.704,0.906,65.2,0.525,0.0192,-0.0664,0.0252,hand,-0.0178,zone:0.0070|feel:0.0065|instincts:0.0051|around:0.0048|ball production:0.0043|closing:0.0033|interception:0.0030|support:0.0027|attacking:0.0025|penn:0.0025,single high:-0.0047|more consistent:-0.0043|ankle:-0.0039|finisher:-0.0035|against:-0.0034|tight ends:-0.0031,penn:0.0057|tackling:0.0051|ball carrier:0.0049|drive:0.0041|tall:0.0040|consistent:0.0038|coverage:0.0038|skills but:0.0038|in zone:0.0036|route:0.0034,around the:-0.0052|ankle:-0.0047|special teams:-0.0038|room to:-0.0038|field goal:-0.0037|fluid athlete:-0.0035
Bud Clark,S,TCU,89,beast,53_man,33.7,34.3,10.6,21.5,"""He proved to be a ballhawk for the Horned Frogs over the past four seasons, with 35 passes defended and 15 interceptions (four most in school history). In both coverage and run support, Clark moves with athletic twitch to get where he is going in a hurry"" [in school, passes defended] || ""— The three-time team captain contributes on special teams and is a willing participant against the run"" [team captain] || ""​ Sidelined for at least one game because of injury in four of past five seasons (combined 14 games missed) — Clark is always around the football and it shows in his ball production"" [is always, 14 games]","""— Showcases the tools to flex to nickel and man up against tight ends, and he has the experience to handle a variety of roles"" [tight ends] || ""— Tackling technique needs to be cleaned up as he frequently lunges at ballcarriers legs and goes low, missing tackles and allowing for broken tackle opportunities"" [up as]",-0.1222,-0.2375,0.0815,-0.0709,broad_jump,0.5747,riser,9.3,14.4,76.4,,,0.1114,broad_jump,1.1417,0.861,0.76,0.962,67.9,0.585,0.0191,-0.0664,0.0231,hand,0.0218,air:0.0045|tackle:0.0038|lead:0.0031|instincts:0.0029|shows:0.0028|team captain:0.0027|cornerback:0.0027|history:0.0026|ball:0.0026|support:0.0026,tcu:-0.0048|safety:-0.0031|tight ends:-0.0029|nickel:-0.0028|blocks:-0.0026|putting:-0.0023,coverage:0.0048|looks:0.0044|of direction:0.0042|athletic:0.0036|tracking:0.0036|route:0.0033|when the:0.0031|flashes:0.0031|change:0.0030|tackling:0.0028,touchdowns:-0.0040|special teams:-0.0036|team captain:-0.0036|room to:-0.0036|interceptions:-0.0033|14:-0.0032
Bryce Lance,WR,North Dakota State,90,beast,53_man,5.1,39.8,31.7,23.4,"""He was an instrumental part of the Bison’s 2024 national championship, recording a school-record 17 touchdown catches"" [part of, was an] || ""​ Willing blocker, but his angles and finish need to be better"" [need to] || ""​ Elected a 2025 team captain and universally liked in the program (NFL scout: “Comes from an A-plus family"" [team captain]","""He also shows flashes of nuance in his releases and route setup, though he will need to become more consistent in that area"" [more consistent] || ""​ Willing blocker, but his angles and finish need to be better"" [be better]",-0.1211,-0.2375,-0.314,-0.0135,wingspan,-0.3861,consensus,36.0,39.8,24.2,"""He projects as a rookie backup who should eventually compete for a starting role"" [projects as]",,-0.0,3cone,0.0641,0.82,0.719,0.921,44.9,0.368,0.0189,-0.0664,0.0044,wingspan,0.0191,outside:0.0041|need to:0.0040|tackle:0.0040|though:0.0036|hands:0.0032|team captain:0.0028|comes:0.0027|plus:0.0024|competition:0.0024|kick:0.0023,punt:-0.0034|finisher:-0.0034|eight:-0.0032|acceleration and:-0.0027|foot:-0.0025|pick:-0.0025,projects as:0.0060|talent:0.0055|list:0.0052|contested:0.0051|body control:0.0047|eight:0.0046|though:0.0045|freaks:0.0041|above:0.0040|willing:0.0040,competition:-0.0086|vs:-0.0067|running:-0.0055|catches:-0.0053|2024:-0.0052|adjusts:-0.0051
Keyron Crawford,EDGE,Auburn,91,beast,53_man,10.5,58.5,13.1,17.9,"""After two seasons at Arkansas State, he was a backup for the Tigers in 2024 before emerging in 2025 as one of the more disruptive players in the SEC. Despite rushing the passer on just 39.1 percent of his snaps, he notched a pressure on 17.8 percent of his pass-rush snaps in 2025 (No"" [his pass, players in, after two] || ""​ Only one season as an SEC starter with modest production"" [only one] || ""​ Average strength in lower half — might struggle to anchor vs"" [lower half, anchor vs]",,-0.12,-0.2375,0.1336,-0.039,arm,-0.1597,consensus,33.2,35.5,31.3,"""Overall, Crawford is still learning what it means to be a technician, but he is a twitched-up defender with the compete skills and intriguing skill set to contribute right away"" [is still]","""​ Can get stuck at top of his rush and will be late to access his counters"" [late to] || ""After two seasons at Arkansas State, he was a backup for the Tigers in 2024 before emerging in 2025 as one of the more disruptive players in the SEC. Despite rushing the passer on just 39.1 percent of his snaps, he notched a pressure on 17.8 percent of his pass-rush snaps in 2025 (No"" [the sec]",-0.0,arm,-0.0908,0.908,0.806,1.0,69.0,0.626,0.0187,-0.0664,0.0127,hand,0.0517,his pass:0.0035|defensive:0.0030|only one:0.0029|stunts:0.0027|club:0.0027|edge:0.0026|sec:0.0026|need:0.0024|rush:0.0023|experienced:0.0022,percent:-0.0104|blockers:-0.0038|late:-0.0035|and will:-0.0030|past:-0.0027|defender:-0.0027,tigers:0.0072|character:0.0062|rushing:0.0059|is still:0.0057|even more:0.0048|lacks ideal:0.0042|flexibility:0.0042|snaps:0.0041|weight:0.0041|counters:0.0038,into contact:-0.0076|late to:-0.0070|the sec:-0.0066|looks:-0.0051|flashes:-0.0049|vs:-0.0048
Julian Neal,CB,Arkansas,92,beast,out_of_league,3.2,25.4,25.3,46.1,"""Neal matches up well physically and plays to his size in different ways"" [his size]","""​ Needs to improve ability to read receivers once his back is turned to the ball"" [needs to] || ""— Neal's instincts and route recognition are still developing; he's late to pass off routes to safety help and take underneath routes entering his zone, giving up big plays"" [up big]",-0.1629,1.2399,-0.229,-0.0093,40yd,1.6455,riser,12.6,35.4,51.9,"""​ Able to carry receivers vertically but struggles to recover if they gain a step"" [struggles to]",,0.1114,broad_jump,0.9245,0.768,0.667,0.87,28.6,0.22,0.0186,-0.0664,0.0065,hand,-0.0308,his size:0.0058|timing:0.0055|williams:0.0048|lacks:0.0044|throws:0.0038|boundary:0.0036|physicality:0.0028|combine:0.0026|shows:0.0025|suddenness:0.0024,zone:-0.0048|cover:-0.0042|skills:-0.0040|technique:-0.0037|catch:-0.0036|corner:-0.0034,struggles to:0.0062|direction:0.0054|timing:0.0040|attempting:0.0039|skills:0.0038|route:0.0037|phase:0.0034|however:0.0032|tracking:0.0032|lacking:0.0029,neal:-0.0073|williams:-0.0040|man and:-0.0037|catch point:-0.0034|ways:-0.0033|carry:-0.0032
Malik Muhammad,CB,Texas,93,beast,53_man,10.9,56.3,18.0,14.8,,"""He gave up his share of completions in 2025, but he also limited big plays (allowed only two catches of 12-plus yards) and earned All-SEC honors"" [gave up, big plays, earned all] || ""— Start using more single hand-jam technique to not lock his hips in press coverage"" [press coverage]",-0.1179,-0.2375,-0.1555,-0.0453,broad_jump,0.4714,riser,10.8,27.1,62.1,,"""​ Has some special teams experience but inconsistent blocking/jam skills — Uses elite short-area footwork to mirror receivers movements in man coverage"" [special teams, experience but] || ""He doesn’t consistently play up to his timed speed, but he does show lateral agility and strain to stay attached to routes"" [stay attached]",0.1114,broad_jump,0.9366,0.754,0.652,0.855,67.2,0.507,0.0184,-0.0664,0.0148,hand,-0.0616,zone:0.0074|feel:0.0041|outstanding:0.0041|instincts:0.0032|cornerback:0.0030|although:0.0029|quickly:0.0029|outside:0.0027|defensive:0.0027|short area:0.0026,gain:-0.0031|gave up:-0.0028|single:-0.0026|run defender:-0.0025|room:-0.0023|completions:-0.0021,coverage:0.0053|route:0.0051|below average:0.0048|struggles to:0.0045|and looks:0.0044|tall:0.0042|athletic:0.0040|his pedal:0.0039|upright:0.0038|catches:0.0037,immediate:-0.0049|stay attached:-0.0042|special teams:-0.0040|weight:-0.0039|room:-0.0038|honors:-0.0037
Deion Burks,WR,Oklahoma,94,beast,out_of_league,8.0,33.7,17.6,40.6,,"""Overall, Burks has size limitations but dynamic athleticism (with or without the ball) and the tracking skills to snatch and secure"" [the ball]",-0.16,1.2399,-0.1612,-0.0003,40yd,2.8192,slide,50.4,34.4,15.2,"""2024), which kept him out of the final two games 110 Back to table of contents Burks' size and production do not clearly point to a future NFL contributor, but his athleticism and strength make him difficult to dismiss"" [final two, him out] || ""​ Outstanding speed in his routes and with the ball in his hands"" [his hands] || ""​ Dangerous on jet sweeps, because of his speed and make-you-miss ability"" [speed and]","""Though he has the juice and contact balance to be a big-play creator, he wasn’t used as a downfield threat — he ranked 152nd in the FBS last season with just nine catches of 20-plus yards"" [plus yards]",-0.0455,40yd,0.4359,0.782,0.68,0.883,41.7,0.326,0.0182,-0.0664,0.0002,wingspan,-0.0206,size:0.0032|tackles in:0.0026|alabama:0.0026|shoulder:0.0024|to work:0.0023|is natural:0.0021|be able:0.0021|oklahoma:0.0021|throws:0.0020|vs:0.0020,slot:-0.0084|only two:-0.0046|years:-0.0041|athleticism and:-0.0038|zone:-0.0035|eye:-0.0035,tackles:0.0047|sec:0.0043|2024:0.0043|returner:0.0042|double:0.0041|running:0.0039|miss:0.0038|point:0.0038|averaged:0.0036|his hands:0.0033,oklahoma:-0.0126|plus yards:-0.0075|purdue:-0.0074|outstanding:-0.0043|footwork:-0.0040|balance:-0.0040
Genesis Smith,S,Arizona,95,beast,53_man,8.6,48.7,17.6,25.1,,"""Using his length to wrap up better and driving his legs will clean up missed tackles"" [missed tackles, clean up] || ""However, he has a natural center-field skill set because of his ability to read the quarterback and range toward the football"" [his ability]",-0.1158,-0.2375,0.0815,-0.0581,wingspan,-0.5215,riser,32.8,32.9,34.3,,,0.1114,3cone,-0.2453,0.855,0.754,0.956,57.3,0.49,0.0181,-0.0664,0.019,hand,0.0317,smith:0.0082|cover:0.0037|feel:0.0036|zone:0.0031|instincts:0.0029|air:0.0027|ball:0.0026|outside:0.0024|angles:0.0023|closing burst:0.0023,tight:-0.0038|free:-0.0027|safety:-0.0027|himself:-0.0027|using:-0.0026|ends:-0.0024,smith:0.0129|tall:0.0065|arizona:0.0061|poor:0.0051|tackling:0.0049|his athletic:0.0047|relies:0.0044|attempting:0.0043|transition:0.0043|safety position:0.0042,post:-0.0057|angles to:-0.0039|the field:-0.0036|developing:-0.0036|interceptions:-0.0033|growing:-0.0030
Jalon Kilgore,S,South Carolina,96,beast,roster_bubble,15.6,14.6,37.2,32.7,"""— He's a willing run defender who identifies the ball carrier quickly and attacks"" [defender who] || ""Kilgore is an impressive height-weight-speed athlete and consistently made plays on the football from the nickel position"" [plays on] || ""​ Missed one game as a junior because of hamstring injury (September 2025) — Kilgore is a physically gifted athlete who excels in the short area"" [short area]",,-0.0406,-0.2045,-0.585,-0.1097,vert_jump,0.6162,riser,7.0,18.6,74.4,,,0.1114,broad_jump,1.1564,0.822,0.72,0.923,30.1,0.248,0.0179,-0.0761,0.021,wingspan,0.0258,deep:0.0038|targets:0.0027|willing:0.0025|keep:0.0025|point:0.0024|catch:0.0023|beaten:0.0023|missed:0.0021|eight:0.0020|defender who:0.0020,play with:-0.0052|passes defended:-0.0048|timing:-0.0039|size:-0.0034|usage in:-0.0029|junior:-0.0027,phase:0.0065|coverage:0.0046|take on:0.0042|the box:0.0040|athlete and:0.0039|athletic:0.0037|tracking:0.0037|timing:0.0036|his pedal:0.0036|route:0.0034,clemson:-0.0086|return:-0.0069|interceptions:-0.0057|releases:-0.0047|catch point:-0.0039|29:-0.0038
Jalen Farmer,IOL,Kentucky,97,beast,53_man,12.4,32.7,30.4,24.6,"""Using his long arms and leg drive, he can fit up and dump defenders in the run game"" [long arms]",,-0.1136,-0.4006,0.1013,-0.0772,broad_jump,0.5015,riser,9.9,26.2,63.9,"""He has a stout anchor and heavy punch in pass protection and is quick to replace his hands and recover when he’s initially beaten"" [in pass]","""His pad-level issues pop up more than you’d like, and the nasty flashes need to become more consistent"" [need to, more than] || ""​ Late with his hands — would like to see him tighten his carriage"" [tighten his]",0.1114,broad_jump,0.9964,0.971,0.87,1.0,45.0,0.437,0.0177,-0.0761,0.0252,hand,0.0515,long arms:0.0064|hands:0.0044|at right:0.0037|started:0.0036|senior bowl:0.0034|team captain:0.0031|rushers:0.0031|seasons in:0.0030|sets:0.0027|punch:0.0027,percent:-0.0054|defenders:-0.0048|backside:-0.0034|protection:-0.0033|late:-0.0031|using:-0.0030,heavy:0.0063|vs:0.0059|flashes:0.0056|in pass:0.0053|long arms:0.0048|upright:0.0037|protection:0.0036|once:0.0036|rushers:0.0034|slow:0.0032,24:-0.0048|games the:-0.0041|team captain:-0.0039|michigan:-0.0037|defenders:-0.0032|right guard:-0.0031
Devin Moore,CB,Florida,98,beast,out_of_league,11.5,29.6,26.0,32.9,,"""He is behind the developmental curve due to his inexperience (17 career starts) and needs to mature his transition technique and anticipation — especially as a deep-third player"" [needs to]",-0.1541,1.6521,-0.229,-0.0063,weight,0.1146,slide,38.1,25.4,36.5,,,-0.0,height,-0.2286,0.822,0.721,0.924,41.1,0.338,0.0176,-0.0761,0.0044,hand,0.0413,florida:0.0079|shoulder:0.0068|match:0.0044|junior:0.0043|surgery:0.0041|position:0.0035|durability:0.0032|and senior:0.0029|stay:0.0028|good sized:0.0027,history:-0.0086|moore:-0.0079|needs to:-0.0063|years:-0.0057|developmental:-0.0052|zone:-0.0049,florida:0.0166|recruit he:0.0100|senior:0.0061|missed:0.0044|solid:0.0042|junior and:0.0038|mostly:0.0036|double:0.0033|releases:0.0031|adding:0.0031,to match:-0.0106|40:-0.0044|body length:-0.0043|continue:-0.0042|penalties:-0.0039|2022:-0.0038
Dametrious Crownover,OT,Texas A&M,99,beast,roster_bubble,6.2,34.2,34.5,25.1,"""​ Unproven at left tackle (96.1 percent of career snaps came at right tackle) — Massive frame with excellent length and wingspan"" [percent of]","""A tight end when he arrived in College Station, he made the transition to offensive tackle in 2022 and became a full-time starter over his junior and senior seasons, starting the final 27 games of his Aggies’ career"" [junior and, time starter] || ""​ Struggles to redirect show against inside counters and out in space"" [to redirect]",-0.0395,-0.2045,-0.1829,-0.0446,vert_jump,0.5101,consensus,28.3,39.7,32.0,"""Overall, Crownover is still raw in several areas and too easily loses his rhythm versus skilled defenders, but his size, length and functional talent are worth cultivating"" [is still]",,-0.066,arm,0.1154,0.885,0.784,0.986,40.5,0.358,0.0174,-0.0761,0.0086,wingspan,0.0246,upright:0.0036|backside:0.0035|movement:0.0032|improved:0.0028|lined:0.0025|anchor:0.0025|defenders:0.0025|inconsistent:0.0023|behind:0.0022|clear:0.0021,tackle:-0.0038|large:-0.0038|to redirect:-0.0032|junior and:-0.0028|pass:-0.0028|wide:-0.0025,talent:0.0058|pro:0.0056|is still:0.0051|texas:0.0045|holding:0.0041|anchor:0.0041|an impact:0.0041|2022:0.0040|adequate:0.0040|initial:0.0039,at right:-0.0066|blocks:-0.0059|to redirect:-0.0049|runs his:-0.0048|movement:-0.0047|tackle:-0.0046
Logan Jones,IOL,Iowa,100,beast,53_man,6.2,62.0,19.8,12.0,,,-0.1104,-0.4006,0.1013,-0.0964,wingspan,4.9935,riser,2.5,1.8,95.8,"""— Below average mass, length and play strength leave him routinely stalemated and pried open on base blocks"" [below average]",,0.1114,arm,2.4527,0.823,0.722,0.924,68.2,0.562,0.0172,-0.0761,0.0314,wingspan,-0.2475,zone:0.0051|tackle:0.0037|feel:0.0035|rushers:0.0032|around:0.0031|right:0.0030|defensive:0.0028|leverage:0.0027|hands:0.0024|college:0.0023,defenders:-0.0051|percent:-0.0046|blocks:-0.0035|room:-0.0032|keep:-0.0029|powerful:-0.0028,below average:0.0067|transition:0.0067|drive:0.0051|slow:0.0046|attempting:0.0040|struggles:0.0038|in pass:0.0037|rushers:0.0036|phase:0.0035|straight:0.0034,2021:-0.0079|jones:-0.0067|weight:-0.0054|room:-0.0054|blocks and:-0.0046|hand:-0.0035
Chandler Rivers,CB,Duke,101,beast,out_of_league,22.4,22.1,21.2,34.3,,"""He doesn't avoid tackling despite his smaller stature at the position (5'10"", 185). — Rivers isn't afraid to man up against bigger tight ends and receivers, but he needs to time his hands and jumps more consistently at the catch point to disrupt throws"" [needs to, up against] || ""He didn’t miss a game because of injury (3,588 career snaps) and was an important part of Duke’s first ACC championship since 1962. 529 Back to table of contents Rivers turns you off with his size, but then immediately draws you back in with his on-field play"" [was an]",-0.1497,1.6521,-0.229,-0.0183,40yd,1.4931,riser,20.2,25.7,54.1,"""He reads the quarterback well from depth, with the burst to close and very little wasted movement when he trusts his instincts"" [to close] || ""​ Attacks run like a rottweiler but size leaves him at a disadvantage when tackling bigger bodies — Rivers excels in zone coverage where he can see the quarterback and read the field"" [in zone] || ""​ Loves to compete and finds a way to play through the hands of receivers"" [and finds]",,0.1114,broad_jump,0.9366,0.769,0.668,0.87,44.5,0.342,0.0171,-0.0761,0.0127,hand,-0.0308,throws:0.0062|jump:0.0058|size:0.0058|stay:0.0041|work:0.0039|passes defended:0.0032|position:0.0030|disrupt:0.0029|compete:0.0029|route and:0.0025,history:-0.0043|zone:-0.0041|the quarterback:-0.0040|outside:-0.0037|in school:-0.0035|attempts:-0.0034,tackling:0.0048|phase:0.0037|coverage:0.0035|direction:0.0035|route:0.0032|lacking:0.0032|receivers:0.0032|vs:0.0032|to close:0.0031|change:0.0030,of size:-0.0040|catch point:-0.0037|29:-0.0037|carry:-0.0035|his feel:-0.0033|as senior:-0.0031
Jonah Coleman,RB,Washington,102,beast,out_of_league,3.4,19.5,28.5,48.7,"""A starter for two-and-a-half years at Washington, Coleman was a natural fit in head coach Jedd Fisch’s zone-based scheme"" [at washington, starter for] || ""- Coleman is not an explosive athlete"" [is not] || ""At just 5-foot-9, his stride length is shorter and limits his overall top gear and breakaway speed, but that stockier build also aids his contact balance"" [contact balance]","""His 225-plus-pound frame allows him to run behind his pads with good power and balance for yards after contact, but he also has surprisingly quick footwork and decent lateral movement skills"" [power and] || ""He will not burst past first and second-level defenders in proximity"" [defenders in]",-0.1483,1.6521,-0.0211,-0.0362,40yd,1.9024,slide,35.6,31.7,32.6,"""He catches the ball well as an underneath/check-down receiver out of the backfield"" [the backfield]",,-0.0455,40yd,0.2941,0.85,0.748,0.951,22.9,0.194,0.0169,-0.0761,0.0252,wingspan,-0.0213,knee:0.0044|work:0.0032|lanes:0.0030|coaches:0.0029|is not:0.0029|runs:0.0028|jump:0.0028|center:0.0027|blockers:0.0027|armed:0.0026,zone:-0.0047|percent:-0.0043|pull:-0.0039|possesses:-0.0036|years:-0.0032|behind:-0.0029,tackles:0.0061|the backfield:0.0056|star:0.0054|senior:0.0041|coleman:0.0040|davis:0.0039|downs:0.0038|enough to:0.0037|running:0.0036|recruit:0.0036,in 2022:-0.0054|grade:-0.0054|huskies:-0.0051|plus:-0.0046|build:-0.0045|footwork and:-0.0044
Jake Slaughter,IOL,Florida,103,beast,out_of_league,20.1,10.5,15.2,54.2,"""With his makeup, he should compete for starting center snaps as a rookie"" [he should]",,-0.1468,1.6521,0.3298,-0.0511,40yd,0.7646,slide,39.6,35.1,25.3,,,-0.0455,40yd,0.1182,0.917,0.816,1.0,30.6,0.28,0.0167,-0.0761,0.0356,wingspan,-0.0068,center:0.0083|florida:0.0063|he should:0.0050|reset:0.0039|junior and:0.0038|his feet:0.0035|lanes:0.0035|guard:0.0034|finish:0.0032|keeps:0.0031,team captain:-0.0061|isolated:-0.0034|pull:-0.0033|skills:-0.0033|moving:-0.0031|offensive:-0.0029,florida:0.0130|blocks:0.0104|keeps:0.0079|guard:0.0075|square:0.0061|sec:0.0057|enough:0.0053|extension:0.0049|senior:0.0048|his hands:0.0044,adequate:-0.0064|athletic:-0.0052|active:-0.0051|length and:-0.0044|initial:-0.0041|fluid:-0.0033
Kaleb Proctor,DL,Southeastern Louisiana,104,beast,53_man,7.3,32.9,28.9,30.9,,"""Overall, Proctor lacks ideal girth and will need to prove himself versus NFL size, but his athletic traits, passionate motor and elite intangibles are qualities NFL teams should want in their organization"" [his athletic] || ""​ Inconsistent leveraging run lanes, and can be walled off"" [can be]",-0.1062,-0.4006,0.2552,-0.0262,3cone,0.7105,consensus,17.4,56.4,26.1,"""A high school linebacker, he moved to the defensive line in college, and his impact and production improved each season"" [each season]",,-0.0,3cone,0.6589,0.809,0.708,0.91,40.2,0.325,0.0166,-0.0761,0.0086,3cone,-0.0535,history:0.0056|in school:0.0046|defensive:0.0041|tape:0.0034|need to:0.0029|versus:0.0028|earn an:0.0026|issues:0.0026|wide:0.0024|place:0.0021,the point:-0.0036|himself:-0.0033|gap:-0.0032|line:-0.0027|day:-0.0027|ankle:-0.0027,continue:0.0078|each season:0.0068|history:0.0062|fastest:0.0061|ideal:0.0060|defensive:0.0053|along:0.0047|among:0.0046|three technique:0.0046|combine:0.0046,linebacker:-0.0210|louisiana:-0.0083|competition:-0.0061|flashes:-0.0049|to earn:-0.0047|tackles:-0.0041
LT Overton,EDGE,Alabama,105,beast,53_man,5.6,44.9,33.3,16.2,"""He is a gap-sound, unselfish run defender and uses his long arms to get extension into contact and control blocks"" [long arms]",,-0.1051,-0.4006,0.1336,-0.0071,broad_jump,0.5889,riser,15.9,40.8,43.3,,,0.1114,broad_jump,1.17,0.727,0.626,0.829,50.5,0.367,0.0164,-0.0761,0.0023,hand,-0.0696,long arms:0.0055|develop:0.0042|inside:0.0041|outside:0.0039|tackle:0.0037|stunts:0.0034|hands:0.0034|defensive:0.0032|contact and:0.0030|offensive:0.0027,of attack:-0.0053|percent:-0.0046|gap:-0.0042|blocks:-0.0038|florida:-0.0032|line:-0.0030,grade:0.0051|solid:0.0046|font:0.0045|below average:0.0041|of direction:0.0040|working:0.0038|arms:0.0036|walk:0.0035|vs:0.0031|decent:0.0030,offensive tackles:-0.0063|alabama:-0.0045|body type:-0.0042|jr:-0.0039|pass rusher:-0.0035|room to:-0.0034
Sam Roush,TE,Stanford,106,beast,out_of_league,10.4,32.9,23.5,33.2,"""As a blocking “Y” tight end, he can be a valuable piece in heavy personnel packages and some single-tight-end looks, though his impact in the passing game will likely be limited"" [the passing]","""A three-year starter at Stanford, Roush worked primarily inline as an attached Y tight end in former head coach Frank Reich’s offense"" [tight end]",-0.1424,1.6521,-0.9436,-0.0362,40yd,1.3652,slide,38.0,34.3,27.7,,,-0.0455,40yd,0.2111,0.797,0.696,0.899,43.3,0.345,0.0162,-0.0761,0.0252,3cone,-0.0258,combine:0.0056|the passing:0.0051|work:0.0038|center:0.0033|tape:0.0030|flashes:0.0030|likely:0.0030|create:0.0027|coverage and:0.0024|timing:0.0022,tight end:-0.0053|percent:-0.0052|zone:-0.0050|catch:-0.0049|blocking:-0.0048|defensive:-0.0043,blocks:0.0079|drops:0.0070|linemen:0.0053|stanford:0.0045|point:0.0044|tends:0.0039|his hands:0.0038|chest:0.0035|find:0.0032|physical:0.0032,combine:-0.0074|separation:-0.0050|defensive:-0.0048|windows:-0.0046|timing:-0.0044|works:-0.0043
Emmett Johnson,RB,Nebraska,107,beast,out_of_league,15.6,27.0,21.2,36.2,,,-0.141,1.6521,-0.0211,-0.0421,40yd,1.2155,consensus,31.1,43.0,25.9,,,-0.066,40yd,-0.1436,0.818,0.716,0.919,42.6,0.348,0.0161,-0.0761,0.0293,hand,-0.0417,jump:0.0045|runs:0.0040|time starter:0.0039|cuts:0.0032|he shows:0.0030|does not:0.0027|yards and:0.0027|center:0.0026|try to:0.0025|concepts:0.0024,johnson:-0.0088|zone:-0.0045|slot:-0.0045|needs:-0.0039|history:-0.0034|outside:-0.0029,rushing:0.0084|nebraska:0.0059|footwork:0.0053|pro:0.0047|weight:0.0042|drop:0.0041|great:0.0040|average:0.0032|explosive:0.0031|to jump:0.0030,running:-0.0104|font:-0.0057|into contact:-0.0045|yards and:-0.0042|blocks:-0.0040|next level:-0.0038
Chris McClellan,DL,Missouri,108,beast,53_man,1.8,63.4,5.1,29.7,"""​ Looks the part with natural thickness, long arms and large hands"" [long arms] || ""​ Durable — played in all 51 games the past four seasons"" [in all] || ""​ Comes to balance well as a tackler to corral ball carriers and avoid misses"" [to balance]","""His production won’t blow anyone away, but his impact gradually increased each season"" [each season] || ""However, he can get stuck on blocks and needs to be more efficient with his hands to deconstruct and shed"" [be more]",-0.1019,-0.4006,0.2552,-0.0645,wingspan,-0.4736,slide,63.4,17.1,19.5,"""​ Good mover for his size who can make plays in the backfield or outside the hashes"" [the backfield] || ""However, he can get stuck on blocks and needs to be more efficient with his hands to deconstruct and shed"" [his hands]","""His production won’t blow anyone away, but his impact gradually increased each season"" [each season]",-0.0,40yd,0.1983,0.739,0.638,0.841,65.3,0.483,0.0159,-0.0761,0.021,hand,-0.0859,long arms:0.0044|in all:0.0043|to balance:0.0043|hands:0.0041|practice:0.0034|outside:0.0032|loses:0.0029|quickly:0.0027|wide:0.0026|lineman:0.0025,blockers:-0.0049|florida:-0.0045|the point:-0.0038|blocks:-0.0034|extension:-0.0027|each season:-0.0027,extension:0.0097|florida:0.0090|blocks:0.0087|arm over:0.0065|running:0.0061|the backfield:0.0056|tends:0.0053|his hands:0.0052|looks:0.0049|spent:0.0045,each season:-0.0070|timing:-0.0059|technique:-0.0056|upright:-0.0055|consistent:-0.0054|pressure:-0.0045
JaKobi Lane,WR,USC,109,beast,out_of_league,4.3,29.4,16.9,49.4,"""He is an ideal goal-line fade target and uses long strides to cover ground vertically, even if he is not an overly explosive athlete"" [is not] || ""Despite his length, his slender build shows up against physical defenders, as he can be outmuscled in press coverage and as a blocker"" [press coverage] || ""Overall, Lane is a light, linear athlete with an outstanding catch radius, but play strength and separation concerns must be addressed for him to find steady success"" [for him, strength and]",,-0.138,1.6521,-0.1612,0.0176,height,0.0,consensus,37.4,39.7,22.9,,,-0.066,height,-0.0,0.759,0.658,0.861,33.7,0.256,0.0157,-0.0761,-0.0122,height,-0.0,situations:0.0037|strides:0.0035|flashes:0.0034|is not:0.0032|press coverage:0.0027|separation:0.0023|come:0.0023|using:0.0021|create:0.0020|50 50:0.0020,catch:-0.0052|zone:-0.0046|needs:-0.0045|his career:-0.0044|athlete:-0.0043|to develop:-0.0040,room:0.0100|outstanding:0.0052|hand:0.0048|coordination:0.0045|separation:0.0043|in press:0.0040|body control:0.0039|30:0.0035|contested:0.0034|and zone:0.0033,running:-0.0077|flashes:-0.0071|for him:-0.0046|coverage:-0.0042|enough to:-0.0042|catches:-0.0038
Will Lee,CB,Texas A&M,110,beast,53_man,8.7,38.5,23.0,29.7,"""After going the juco route and spending the 2023 season at Kansas State, he established himself as one of the SEC’s better cornerbacks over the past two seasons — although he did not record an interception in 2025. A rangy athlete, Lee uses his long arms to jam at the line of scrimmage or play through the hands of receivers"" [long arms] || ""His cover awareness is a strength, but he has too many mistimed moments, which lead to penalties or big plays"" [lead to]","""His cover awareness is a strength, but he has too many mistimed moments, which lead to penalties or big plays"" [too many] || ""The uneven nature of his game might make it tough for him to lock down a starting job, but he should get plenty of chances"" [it tough, lock down]",-0.0997,-0.4006,-0.1555,0.0184,wingspan,-0.5175,riser,11.4,19.2,69.4,,,0.1114,broad_jump,0.9004,0.804,0.702,0.905,47.2,0.379,0.0156,-0.0761,-0.006,wingspan,0.0256,zone:0.0069|long arms:0.0059|lead to:0.0057|instincts:0.0051|air:0.0047|penalties:0.0046|inside:0.0044|tackle:0.0040|around:0.0034|speed and:0.0032,himself:-0.0028|throws:-0.0027|gap:-0.0027|flashes:-0.0027|twitch:-0.0026|too many:-0.0026,flashes:0.0054|ball carrier:0.0048|coverage:0.0046|transition:0.0044|struggles to:0.0042|and looks:0.0041|tall:0.0039|kansas state:0.0039|arms:0.0039|easily:0.0035,lead:-0.0039|the catch:-0.0034|plenty of:-0.0032|juco:-0.0029|awareness:-0.0028|sec:-0.0028
Deontae Lawson,LB,Alabama,111,beast,out_of_league,12.9,16.0,5.1,66.0,"""- While Lawson hasn't been used in man coverage much, he shows the athleticism to be able to match up with tight ends and running backs at the next level"" [he shows, be able] || ""He's also done a much better job of getting depth"" [job of] || ""He has the talent to compete for starting reps, but questions about durability cloud his future"" [compete for]","""He returned in 2025 and had his most consistent season, leading the Tide in tackles and becoming just the 16th player in school history to serve as a multiyear team captain"" [in school]",-0.1351,1.6521,0.2557,0.0086,40yd,1.1713,slide,59.4,23.0,17.5,"""- Quick and agile to occasionally make offensive linemen miss on the second level"" [offensive linemen]",,-0.0455,40yd,0.1811,0.833,0.732,0.934,28.9,0.241,0.0154,-0.0761,-0.006,hand,0.0203,blockers:0.0050|acl:0.0044|alabama:0.0044|durability:0.0041|doesn:0.0035|he shows:0.0033|size:0.0033|injuries:0.0029|defended:0.0028|job of:0.0026,history:-0.0080|in school:-0.0052|team captain:-0.0046|zone:-0.0045|linebacker:-0.0045|plays on:-0.0034,miss:0.0080|linebacker:0.0076|tackles:0.0058|blocks:0.0055|return:0.0054|offensive linemen:0.0053|backs:0.0049|2024:0.0043|acl:0.0043|alabama:0.0041,grade:-0.0051|oklahoma:-0.0048|ball carrier:-0.0044|match:-0.0041|washington:-0.0040|talent:-0.0039
Daylen Everette,CB,Georgia,112,beast,out_of_league,24.5,14.5,17.9,43.0,"""A former five-star recruit, he never reached true “playmaker” status in Athens, but he gave the Bulldogs’ defense quality cornerback reps, earning All-SEC honors as a junior and senior"" [junior and]","""He needs to see route combinations better and match them to the quarterback to speed up his process"" [needs to]",-0.1336,1.6521,-0.229,-0.0153,wingspan,0.1308,consensus,30.6,36.6,32.8,"""Although his timed speed doesn’t always show up on tape, he plays fast enough and has the foot quickness and physicality to leverage routes in man-to-man or zone"" [quickness and]",,-0.066,hand,0.0449,0.759,0.658,0.86,39.0,0.296,0.0152,-0.0761,0.0106,hand,-0.041,junior and:0.0056|stay:0.0042|boundary:0.0039|size:0.0038|match:0.0038|jump:0.0035|contribute:0.0032|route breaks:0.0031|earning all:0.0030|throw:0.0028,needs to:-0.0055|zone:-0.0052|cover:-0.0046|the quarterback:-0.0040|catch:-0.0039|better:-0.0036,match:0.0062|room:0.0055|quickness and:0.0051|footwork:0.0041|the field:0.0041|holding:0.0037|adequate:0.0035|win:0.0035|player who:0.0035|leverage:0.0034,recruit he:-0.0071|blitzer:-0.0044|up on:-0.0043|looks:-0.0041|coverage:-0.0039|react:-0.0034
Cole Payton,QB,North Dakota State,113,beast,53_man,13.2,38.8,23.0,24.9,"""Inconsistent mechanics and wide base lead to sprays"" [lead to] || ""Broken thumb on throwing hand attempting to recover a fumble during 2025 FCS playoffs (December 2025), which knocked him out of the game (NDSU lost); surgery the following day, but started throwing after six weeks and played in Senior Bowl Payton was a former two-star recruit in the 2021 class from Omaha, Nebraska, who won the Nebraska Gatorade Player of the Year award as a senior in 2020. He committed to North Dakota State, where he served as a backup quarterback and situational rushing option until his senior season, when he became the full-time starter"" [senior bowl] || ""However, his mobility and run strength are separating factors (29 carries of 10-plus yards in 2025). Overall, Payton is green and will require patience, but he’s a dynamic dual-threat quarterback"" [plus yards]","""After accounting for 23 total touchdowns as a reserve in mop-up duty or special packages, he became the starter in 2025 and set school records for total offense per game (268.9) and per play (9.71). Going into the 2025 season, NFL teams saw Payton as an intriguing potential tight end convert, because of his size, athleticism and toughness"" [his size, per game] || ""He is also an adequate pro athlete, not just for the position but for his size"" [not just]",-0.0965,-0.4006,-0.1857,-0.0836,wingspan,-0.3635,slide,50.2,37.2,12.6,"""Broken thumb on throwing hand attempting to recover a fumble during 2025 FCS playoffs (December 2025), which knocked him out of the game (NDSU lost); surgery the following day, but started throwing after six weeks and played in Senior Bowl Payton was a former two-star recruit in the 2021 class from Omaha, Nebraska, who won the Nebraska Gatorade Player of the Year award as a senior in 2020. He committed to North Dakota State, where he served as a backup quarterback and situational rushing option until his senior season, when he became the full-time starter"" [star recruit]","""However, his mobility and run strength are separating factors (29 carries of 10-plus yards in 2025). Overall, Payton is green and will require patience, but he’s a dynamic dual-threat quarterback"" [plus yards]",-0.0,broad_jump,0.2426,0.817,0.715,0.918,52.1,0.425,0.0151,-0.0761,0.0273,hand,-0.0608,feel:0.0035|wide:0.0032|lead to:0.0031|senior bowl:0.0029|plus yards:0.0023|lack of:0.0023|rushing:0.0022|starting:0.0021|outstanding:0.0021|became:0.0020,throws:-0.0031|keep:-0.0030|efficiency:-0.0024|tight:-0.0022|10:-0.0021|day:-0.0021,star recruit:0.0051|senior:0.0049|committed to:0.0039|tends:0.0037|touchdowns as:0.0036|wide base:0.0036|green:0.0034|backfield:0.0030|full time:0.0027|eyes:0.0026,plus yards:-0.0083|arm:-0.0054|adequate:-0.0053|rushing:-0.0050|ethic:-0.0049|records:-0.0045
Brian Parker,OT,Duke,114,beast,53_man,3.0,47.1,5.8,44.2,,,-0.0955,-0.4006,0.1013,-0.0772,wingspan,0.1998,slide,42.6,23.9,33.5,"""A three-year starting center (right-handed snapper) in high school, he transitioned to tackle for the Blue Devils and helped them capture the 2025 ACC Championship (their first outright title since 1962). He became an All-American in 2025 and was a key reason Duke was among 10 semifinalists for the Joe Moore Award (nation’s top offensive line). Parker excels in zone looks with his burst out of his stance and balance into contact"" [into contact] || ""​ Coordinated athlete who marries his feet and hips in movements"" [his feet]","""— Sawed-off frame with below-average arm length creates soft edges and leaves Parker too easily stacked"" [with below]",-0.0455,40yd,0.176,0.882,0.781,0.983,50.1,0.442,0.0149,-0.0761,0.0252,wingspan,-0.0099,zone:0.0083|tackle:0.0072|feel:0.0040|right:0.0034|burst:0.0032|offensive:0.0031|length:0.0030|inside:0.0028|outside:0.0026|lack of:0.0026,defenders:-0.0058|parker:-0.0045|tight:-0.0042|backside:-0.0033|second level:-0.0029|clemson:-0.0028,into contact:0.0117|guard:0.0071|his feet:0.0058|running:0.0049|leaving:0.0048|primarily at:0.0047|defenders:0.0043|blocks:0.0041|looks:0.0039|chest:0.0039,among:-0.0059|with below:-0.0052|athletic:-0.0049|work:-0.0041|very good:-0.0038|length:-0.0037
Brenen Thompson,WR,Mississippi State,115,beast,roster_bubble,8.0,19.8,48.0,24.2,"""2024) because of right ankle injury; missed first four games of 2023 with an ankle issue; missed most of his senior year in high school with an ankle injury, which required surgery"" [with an, first four] || ""3 WR for an NFL offense looking for his specific skill set"" [looking for] || ""Of the 57 players in the FBS with 50-plus catches in 2025, Thompson had the second-highest yards per reception rate (18.5). An alum of Bruce Feldman’s “Freaks List,” Thompson is an electric athlete who reaches his top gear in a hurry (24.07 mph at the combine). He has a basic understanding of how to weaponize his speed, setting up double moves or holding his vertical stem on posts or go routes (10 catches of 40-plus yards in 2025). He can loosen coverage using the threat of his deep speed, giving the quarterback clear targets on comebacks"" [plus yards]",,-0.0334,-0.2045,0.413,-0.0337,vert_jump,0.8771,consensus,30.3,40.8,29.0,"""Of the 57 players in the FBS with 50-plus catches in 2025, Thompson had the second-highest yards per reception rate (18.5). An alum of Bruce Feldman’s “Freaks List,” Thompson is an electric athlete who reaches his top gear in a hurry (24.07 mph at the combine). He has a basic understanding of how to weaponize his speed, setting up double moves or holding his vertical stem on posts or go routes (10 catches of 40-plus yards in 2025). He can loosen coverage using the threat of his deep speed, giving the quarterback clear targets on comebacks"" [the combine, plus yards]",,-0.066,arm,-0.1579,0.809,0.707,0.91,27.8,0.225,0.0147,-0.0761,0.0065,hand,0.0301,second:0.0047|corners:0.0038|missed:0.0035|press:0.0034|receiving:0.0028|pocket:0.0025|deep:0.0024|clear:0.0024|ankle:0.0023|targets:0.0021,thompson:-0.0062|mississippi:-0.0047|running:-0.0027|fbs:-0.0026|his speed:-0.0023|and lack:-0.0021,healthy:0.0064|injuries:0.0060|40:0.0058|the combine:0.0055|plus yards:0.0050|lead:0.0041|great:0.0041|for his:0.0039|list:0.0038|fastest:0.0037,running:-0.0069|catches:-0.0043|mississippi:-0.0043|coverage he:-0.0040|caught:-0.0036|thompson:-0.0036
Justin Joly,TE,NC State,116,beast,roster_bubble,26.9,22.5,35.6,15.0,"""He also finished with seven touchdown grabs, second most among FBS tight ends (behind Kenyon Sadiq). 177 Back to table of contents Joly is a good-sized athlete who can drop his weight at the top of routes and uncover with foot quicks and savvy"" [top of]","""— Joly needs to improve his functional strength to help him block more consistently and play through contact in man coverage"" [man coverage] || ""A two-year starter at NC State (and three-and-a-half-year starter overall), Joly lined up primarily detached (47.4 percent of snaps in the slot, 6.9 percent wide) in offensive coordinator Kurt Roper’s scheme (mostly wing and tight-slot splits). A 190-pound wide receiver recruit out of high school, Joly bulked over the last four years and developed into a weapon at tight end"" [recruit out, year starter]",-0.033,-0.2045,0.1561,-0.1422,hand,-0.1927,consensus,29.9,56.9,13.2,"""Overall, Joly is a versatile pass catcher, because of his athleticism, ball skills and upside as a three-level threat"" [because of]",,-0.066,3cone,0.2829,0.783,0.682,0.884,49.4,0.387,0.0146,-0.0761,0.0273,hand,-0.0627,percent:0.0104|targets:0.0053|receiving:0.0040|second:0.0033|blocker:0.0033|downfield:0.0031|line:0.0027|years:0.0026|body:0.0025|move:0.0025,special:-0.0034|wide:-0.0027|become:-0.0022|slot:-0.0021|built:-0.0019|nfl:-0.0018,blocker:0.0053|end:0.0050|nc:0.0050|coordination:0.0049|suited:0.0045|developed:0.0044|threat:0.0040|athletic:0.0040|field goal:0.0038|separation:0.0037,wide:-0.0048|competes:-0.0047|and looks:-0.0042|smith:-0.0041|is good:-0.0035|stack:-0.0033
Drew Allar,QB,Penn State,117,beast,roster_bubble,3.8,15.9,53.2,27.2,,"""He has NFL starting-caliber physical tools, although a lack of natural passing rhythm creates uncertainty about his developmental ceiling"" [lack of] || ""He tends to get overly conservative with his reads, which leads to second-guessing, and needs more reps to continue developing his passing instincts (didn’t start playing quarterback until high school). He is better than expected as a scrambler (81 first downs as a ball carrier over 35 career starts). Overall, Allar is a sturdy, strong-armed passer with promising intangibles, 9 Back to table of contents but underdeveloped timing disrupts his ability to execute at a high level"" [leads to]",-0.0327,-0.2045,0.5572,-0.153,arm,0.3643,slide,44.3,30.2,25.6,"""He tends to get overly conservative with his reads, which leads to second-guessing, and needs more reps to continue developing his passing instincts (didn’t start playing quarterback until high school). He is better than expected as a scrambler (81 first downs as a ball carrier over 35 career starts). Overall, Allar is a sturdy, strong-armed passer with promising intangibles, 9 Back to table of contents but underdeveloped timing disrupts his ability to execute at a high level"" [to get]",,-0.0455,height,-0.1816,0.826,0.725,0.927,19.6,0.162,0.0144,-0.0761,0.0293,hand,-0.0293,percent:0.0061|second:0.0050|attempts:0.0039|inconsistent:0.0039|pocket:0.0037|the backside:0.0030|body:0.0028|better:0.0028|arm:0.0027|decision:0.0026,lack of:-0.0044|fbs:-0.0034|center:-0.0026|although:-0.0023|size:-0.0023|leads to:-0.0022,late:0.0057|attempts:0.0044|senior:0.0044|making:0.0044|miss:0.0038|drops:0.0035|tends:0.0033|downs:0.0033|his feet:0.0032|stand:0.0027,pressure:-0.0073|arm:-0.0060|velocity:-0.0051|continue:-0.0051|footwork:-0.0049|ball:-0.0049
Michael Trigg,TE,Baylor,118,beast,roster_bubble,10.5,37.0,40.0,12.5,"""Frequently used on vertical patterns; has experience getting over the top of defenders (11.3-yard average depth of target in 2025)"" [top of]","""Overall, Trigg needs additional refinement as a route runner and blocker, but he plays with the foot quickness, body control and catch-point talent to be a three-level weapon"" [he plays] || ""Late to lock on and sustain, which leaves him falling off blocks (called for holding against Cincinnati and UCF)"" [on and]",-0.0323,-0.2045,0.1561,-0.0229,wingspan,-0.6507,consensus,30.4,48.4,21.2,,,-0.066,arm,0.1443,0.8,0.699,0.901,47.5,0.38,0.0142,-0.0761,0.0044,hand,-0.0627,percent:0.0037|needs:0.0031|missed:0.0031|second:0.0031|body:0.0029|blocker:0.0028|catch:0.0028|point:0.0026|productive:0.0024|vertical:0.0022,fbs:-0.0040|he plays:-0.0032|run game:-0.0030|baylor:-0.0029|play with:-0.0026|key:-0.0022,among:0.0053|2022:0.0052|blocker:0.0046|talent:0.0045|body control:0.0039|athletic:0.0037|american:0.0036|coaching:0.0036|explosive:0.0035|of breaks:0.0034,ole:-0.0131|miss:-0.0066|drops:-0.0061|at usc:-0.0048|his hands:-0.0045|catches:-0.0043
Markel Bell,OT,Miami (FL),119,beast,out_of_league,9.7,31.1,16.6,42.6,,"""​ Needs to be more consistent keeping hips square to rushers to cut off speed"" [needs to] || ""— Susceptible to biting on inside-out stutters into high-side rushes, thus giving up short corners."" [on inside]",-0.1234,1.6521,0.3298,-0.0242,weight,0.4367,riser,30.6,32.1,37.3,,"""Overall, Bell is high cut and faces some disadvantages because of how he is built, but he compensates with his length and ascending awareness, which suggests he has NFL starts in his future"" [because of]",0.1114,height,0.4721,0.951,0.85,1.0,40.8,0.388,0.0141,-0.0761,0.0169,hand,0.0696,knee:0.0061|stay:0.0046|run game:0.0045|size:0.0042|his feet:0.0042|time starter:0.0033|cut:0.0031|miami:0.0030|more consistent:0.0028|title:0.0027,better:-0.0049|moves:-0.0044|tied:-0.0043|continues:-0.0037|needs to:-0.0035|tackle:-0.0032,upright:0.0062|transition:0.0046|doesn always:0.0045|phase:0.0041|savvy:0.0041|heavy:0.0037|stiff:0.0035|rushers:0.0034|nfl scouts:0.0033|tackle:0.0031,miami:-0.0062|kick:-0.0046|ascending:-0.0044|senior at:-0.0039|weight:-0.0038|defenders:-0.0036
Jude Bowry,OT,Boston College,120,beast,out_of_league,3.0,11.8,32.9,52.3,,"""​ Named a 2025 team captain (NFL scout: “Still learning how to be a leader but found more of a voice this past year.”)"" [team captain, more of] || ""He is quick to square up defenders in pass protection, although his balance breaks down mid-slide when he is jolted off the balls of his feet"" [defenders in, breaks down]",-0.1219,1.6521,0.3298,-0.0153,40yd,0.8713,slide,49.9,31.6,18.6,"""238 Back to table of contents A two-year starter at Boston College, Bowry lined up at left tackle in head coach Bill O’Brien’s pro-style, balanced offense"" [boston college]",,-0.0455,40yd,0.1347,0.825,0.724,0.926,14.8,0.122,0.0139,-0.0761,0.0106,hand,-0.0571,lacks:0.0051|shoulder:0.0051|timing:0.0041|size:0.0040|his feet:0.0032|guard:0.0032|easily:0.0031|strides:0.0025|terms:0.0024|proper:0.0024,rushers:-0.0045|tackle:-0.0043|improved:-0.0036|team captain:-0.0033|more of:-0.0033|corner:-0.0032,guard:0.0070|boston college:0.0064|square:0.0057|rushers to:0.0048|might be:0.0046|on angle:0.0044|up defenders:0.0043|tends:0.0042|seasons at:0.0041|his hands:0.0041,timing:-0.0080|left tackle:-0.0062|athletic:-0.0048|recovery:-0.0044|length:-0.0041|in pass:-0.0036
Dontay Corleone,DL,Cincinnati,121,beast,roster_bubble,4.5,7.6,58.8,29.1,,"""His weight and stamina need to be closely monitored (averaged just 35.2 defensive snaps per game in 2025). Overall, Corleone is a space-eater with outstanding point-of-attack strength, although he doesn’t offer much as a pass rusher"" [need to, although he] || ""​ Medical exam for back pain prior to the 2024 season revealed blood clots in one lung — he overcame the issue and was medically cleared; missed final two games of redshirt freshman season because of left knee injury (Nov"" [and was, final two]",-0.0311,-0.2045,-0.2056,0.1289,arm,-0.3558,slide,53.9,23.6,22.5,"""​ Holds up versus double teams by corkscrewing and putting down roots"" [double teams]",,-0.0455,height,0.222,0.785,0.684,0.887,12.2,0.095,0.0137,-0.0761,-0.0247,hand,0.0237,second:0.0068|the line:0.0034|missed:0.0033|body:0.0025|limiting his:0.0024|keep:0.0023|ankle:0.0021|lined:0.0020|power:0.0019|scrimmage:0.0018,knee:-0.0039|need to:-0.0026|doesn:-0.0026|as pass:-0.0024|pro:-0.0023|pounds:-0.0023,blocks:0.0099|double teams:0.0065|linemen:0.0047|2024:0.0044|nose:0.0043|davis:0.0043|reset the:0.0042|as pass:0.0041|rusher:0.0039|averaged:0.0037,in 2022:-0.0061|grade:-0.0053|pro:-0.0043|pounds:-0.0041|left:-0.0039|technique:-0.0037
Zxavian Harris,DL,Mississippi,122,beast,53_man,1.3,63.7,8.4,26.7,"""- When he does get his hands up against the run, he has the strength to hold his gap against base blocks and shed to make tackles in his gap"" [his hands] || ""​ Stiff in his lower half, and has a tough time managing pad level"" [pad level, lower half] || ""​ Below-average redirect skills lead to breakdown issues as a tackler (see 2025 Playoff game versus Georgia)"" [lead to]","""Pad level and lack of a get-off kill his bull-rush, and he's often late with his hands when working finesse moves"" [often late] || ""Overall, Harris doesn’t pop nearly as much as one might expect for a player who should be noticeable on every snap, but he offers developmental upside with rare size"" [as much, should be]",-0.0869,-0.4006,0.2552,0.0886,wingspan,-0.5439,consensus,33.7,38.1,28.1,"""​ Potential to knock the center off the ball with long levers"" [off the]",,-0.066,height,-0.1399,0.734,0.633,0.835,64.9,0.476,0.0136,-0.0761,-0.0289,wingspan,0.027,develop:0.0040|tackle:0.0035|his hands:0.0033|issues:0.0033|lead to:0.0029|length:0.0029|defensive:0.0027|redirect:0.0026|technique:0.0022|isn:0.0022,gap:-0.0049|blocks:-0.0041|against:-0.0032|miss:-0.0025|line:-0.0025|win:-0.0025,weight:0.0060|win:0.0053|isn:0.0052|pro:0.0044|character:0.0043|field:0.0035|half:0.0035|defensive:0.0033|three technique:0.0032|2022:0.0032,ole:-0.0109|harris:-0.0096|blocks:-0.0080|font:-0.0066|his gap:-0.0064|miss:-0.0055
DeZhaun Stribling,WR,Mississippi,123,beast,roster_bubble,3.6,18.2,60.8,17.4,,"""His overall separation metrics are not particularly strong, but he plays with a physical edge"" [he plays] || ""​ Needs to better leverage man coverage to create separation"" [man coverage]",-0.0304,-0.2045,0.413,-0.0771,height,-0.0,consensus,33.4,39.5,27.1,,,-0.066,height,-0.0,0.794,0.692,0.895,21.8,0.173,0.0134,-0.0761,0.0148,height,-0.0,percent:0.0062|press:0.0041|targets:0.0039|better:0.0032|receiving:0.0030|downfield:0.0028|body:0.0028|point:0.0025|catch:0.0024|needs to:0.0023,he plays:-0.0031|man coverage:-0.0025|route:-0.0024|size:-0.0023|versus:-0.0020|special:-0.0018,willing:0.0053|yards in:0.0045|room:0.0045|oklahoma:0.0045|coordination:0.0043|talent:0.0043|pro:0.0041|scheme also:0.0039|is still:0.0037|drop:0.0035,ole:-0.0125|miss:-0.0063|solid:-0.0053|tracking:-0.0052|stack:-0.0050|running:-0.0043
Keyshaun Elliott,LB,Arizona State,124,beast,53_man,6.3,48.6,5.3,39.8,,"""​ Enough speed to stay within arm’s length of tight ends on seams and running backs on wheels"" [tight ends] || ""​ Over-pursuit leads to missed tackles (see 2025 Utah tape)"" [missed tackles]",-0.0848,-0.4006,-0.2483,-0.0645,broad_jump,0.6386,riser,22.2,18.5,59.3,,,0.0,broad_jump,1.2687,0.862,0.761,0.963,54.9,0.473,0.0132,-0.0761,0.021,hand,0.0203,feel:0.0072|instincts:0.0057|plus:0.0039|balance:0.0035|team captain:0.0032|leads:0.0030|inside:0.0029|length:0.0026|coverages:0.0022|elliott:0.0020,tight ends:-0.0035|combined:-0.0026|suddenness:-0.0026|room:-0.0023|missed tackles:-0.0022|prove:-0.0021,linebacker:0.0088|arizona:0.0072|state:0.0058|doesn always:0.0049|struggles to:0.0048|plus:0.0046|in coverage:0.0040|can take:0.0036|flashes:0.0036|his work:0.0029,coverages:-0.0048|team captain:-0.0042|room:-0.0041|on special:-0.0039|tackles:-0.0039|final two:-0.0039
Kage Casey,OT,Boise State,125,beast,roster_bubble,4.7,29.6,39.4,26.3,,,-0.0296,-0.2045,-0.1829,-0.088,vert_jump,0.5088,riser,10.2,21.6,68.2,,"""​ Multiple shoulder surgeries in his first year at Boise State — suffered a torn labrum in right shoulder during 2022 spring practices and required surgery; after a six-month rehab, returned to the field for 2022 season but suffered another tear, this time in left shoulder; opted to play through the injury but had surgery the day after season ended (Dec"" [required surgery, 2022 spring] || ""Despite some drifting and stiffness in his lower half, he is athletic enough to stay square in pass protection and has strong hands to combat what rushers throw at him"" [has strong]",0.1114,broad_jump,0.9412,0.872,0.771,0.973,34.3,0.299,0.0131,-0.0761,0.0169,hand,-0.0209,targets:0.0043|keep:0.0039|backside:0.0028|body:0.0025|move:0.0025|straight:0.0024|boise:0.0024|struggled:0.0022|defenders:0.0021|month:0.0020,shoulder:-0.0051|run game:-0.0032|center:-0.0029|tackle:-0.0028|as junior:-0.0024|key:-0.0024,straight:0.0056|works:0.0045|relies:0.0040|below average:0.0039|struggles to:0.0037|tackle:0.0037|in pass:0.0036|senior bowl:0.0036|savvy:0.0034|skills:0.0031,blocks and:-0.0046|immediate:-0.0040|defenders:-0.0036|good hand:-0.0030|counters:-0.0029|delayed:-0.0025
Kaleb Elarms-Orr,LB,TCU,126,beast,53_man,3.6,44.2,25.4,26.7,,"""​ Average play recognition and often a tick late deciphering run/pass"" [play recognition] || ""Overall, Elarms-Orr needs to continue maturing his eye discipline and development in coverage, but he is explosive in short areas and has the range to cover ground"" [in short]",-0.0827,-0.4006,-0.2483,-0.0581,broad_jump,0.6221,riser,8.4,33.4,58.1,"""​ Can really run in the open field (22.68 mph on his 40-yard dash at the combine)"" [open field] || ""​ Occasionally takes wasted steps when he reads blocker instead of ball carrier"" [ball carrier] || ""Though he needs to tighten his pursuit angles, he can course-correct on the move and does a nice job breaking down and finishing as a tackler"" [nice job]",,0.0,broad_jump,1.2359,0.863,0.762,0.965,47.8,0.413,0.0129,-0.0761,0.019,hand,0.0394,inside:0.0062|develop:0.0052|tackle:0.0045|feel:0.0043|to balance:0.0038|zone:0.0037|cover:0.0035|shows:0.0033|with three:0.0029|plus:0.0028,led:-0.0034|tcu:-0.0034|cal:-0.0033|try:-0.0026|taking:-0.0026|nine:-0.0024,below average:0.0050|coverage:0.0042|linebacker:0.0041|open field:0.0032|plus:0.0032|ball carrier:0.0032|nice job:0.0028|development:0.0028|blitzer:0.0028|led the:0.0026,2021:-0.0047|with three:-0.0045|tackles:-0.0042|character:-0.0041|and finish:-0.0040|acl:-0.0033
Carson Beck,QB,Miami (FL),127,beast,roster_bubble,1.3,11.1,49.4,38.2,"""He projects as an NFL backup and potential spot starter"" [up and] || ""Fumbled combined 17 times over past three seasons"" [past three] || ""Cut down on turnover-worthy plays in 2025 but combined for 24 interceptions past two seasons (second most in FBS over that span) 12 Back to table of contents"" [cut down]","""Average athlete — not much of a threat with his legs"" [average athlete]",-0.0289,-0.2045,0.5572,-0.1314,arm,-0.2419,consensus,22.5,46.4,31.1,,,-0.066,arm,-0.0669,0.796,0.694,0.897,12.3,0.098,0.0127,-0.0761,0.0252,hand,-0.0398,second:0.0045|passer:0.0038|pocket:0.0033|percent:0.0032|georgia:0.0025|attempts:0.0025|better:0.0025|national:0.0025|decision:0.0024|florida:0.0023,spot:-0.0027|center:-0.0023|surgery:-0.0023|nfl:-0.0023|lack:-0.0020|required:-0.0019,pressure:0.0052|national:0.0045|projects as:0.0041|his back:0.0040|miami:0.0040|lead:0.0038|arm:0.0036|hits:0.0035|touch:0.0031|accuracy:0.0030,florida:-0.0062|2024:-0.0055|recruit he:-0.0052|looks:-0.0050|committed to:-0.0046|has some:-0.0035
Austin Barber,OT,Florida,128,beast,out_of_league,1.9,15.7,22.0,60.3,"""After battling injuries as a sophomore in 2023, he started all 25 games across his junior and senior seasons, earning All-SEC honors in 2025. He was inconsistent over his career, with high highs and low lows — and NFL teams are just as inconsistent in their evaluations of him"" [junior and, earning all] || ""His hands are erratic, in terms of punch tempo and placement, but he can displace bodies when he connects"" [terms of] || ""​ Gritty competitor and plays through pain (NFL scout: “Showed better maturity in 2025. … [He] actually took less NIL [money] to stay put.”)"" [plays through, nfl scout]","""Overall, Barber has NFL size, tools and demeanor but needs to polish his timing and technique to hold up against next-level competition"" [needs to] || ""​ Shaky anchor and loses balance when attempting to sit down vs"" [when attempting]",-0.1102,1.3236,0.3298,-0.0212,broad_jump,-0.3315,riser,7.6,20.5,71.9,,,0.1114,broad_jump,0.9275,0.888,0.787,0.99,17.7,0.157,0.0126,-0.0971,0.0148,hand,0.0244,shoulder:0.0048|sets:0.0036|jump:0.0035|injuries:0.0034|junior and:0.0033|florida:0.0032|earning all:0.0030|stay:0.0025|with physical:0.0024|terms of:0.0024,moves:-0.0050|better:-0.0036|tackle:-0.0036|attempts:-0.0035|needs to:-0.0032|pull:-0.0028,competition:0.0043|attempting:0.0043|doesn always:0.0041|punch:0.0036|tackle:0.0035|vs:0.0032|result:0.0031|pass sets:0.0029|however he:0.0027|his man:0.0027,injuries:-0.0050|as sophomore:-0.0043|29:-0.0037|earning:-0.0034|honors:-0.0033|senior seasons:-0.0031
VJ Payne,S,Kansas State,129,beast,53_man,9.2,39.1,32.5,19.2,"""He is at his best as a matchup player against big, dynamic tight ends, using his nimble quickness and body length to influence the catch point"" [catch point, is at] || ""​ Wide-based tackler — uses his long arms to hug and pile-drive ball carriers"" [long arms] || ""​ Below-average ball production for a player with 42 college starts"" [ball production]","""He is at his best as a matchup player against big, dynamic tight ends, using his nimble quickness and body length to influence the catch point"" [tight ends]",-0.0794,-0.4395,0.0815,-0.039,wingspan,-0.7509,riser,16.4,37.9,45.7,"""​ High cut and struggles to stay low when taking on blocks or tackling"" [struggles to] || ""​ Able to swerve around bodies in the box"" [the box]","""He is at his best as a matchup player against big, dynamic tight ends, using his nimble quickness and body length to influence the catch point"" [catch point] || ""Overall, Payne has the skill set of an 591 Back to table of contents interchangeable defensive back, although he projects best as a boundary safety who can play physical football and overlap short zones"" [although he]",0.0,broad_jump,1.1857,0.775,0.674,0.877,48.4,0.375,0.0124,-0.0971,0.0127,wingspan,0.0372,long arms:0.0044|length:0.0041|catch point:0.0041|best:0.0033|defensive:0.0031|penalties:0.0028|wide:0.0026|ball production:0.0025|around:0.0025|lower half:0.0020,tight ends:-0.0066|the box:-0.0037|safety:-0.0035|using:-0.0034|on blocks:-0.0032|against:-0.0030,relies:0.0056|below average:0.0056|struggles to:0.0053|the box:0.0051|kansas state:0.0049|straight:0.0047|using his:0.0044|tackler:0.0041|coverage:0.0038|tackling:0.0037,catch point:-0.0049|special teams:-0.0047|best:-0.0044|honors:-0.0043|and senior:-0.0038|projects:-0.0034
Tacario Davis,CB,Washington,130,beast,out_of_league,7.7,25.1,32.9,34.2,"""While at Arizona, he put himself on the NFL radar with a standout sophomore season (Pac-12-best 16 passes defended). He didn’t match that production over his junior and senior seasons but played well enough to maintain his status in the “intriguing” bucket for NFL scouts"" [passes defended, junior and, production over] || ""With the largest wingspan among all defensive backs at the 2026 NFL combine, Davis has the length that limits air space and gives quarterbacks doubt about throwing his way"" [davis has, among all] || ""Though he has tools for press-man teams, he projects best as a zone corner in Cover 3 looks"" [best as]",,-0.1073,1.3236,-0.229,-0.0123,40yd,0.7312,riser,16.3,26.0,57.8,"""While at Arizona, he put himself on the NFL radar with a standout sophomore season (Pac-12-best 16 passes defended). He didn’t match that production over his junior and senior seasons but played well enough to maintain his status in the “intriguing” bucket for NFL scouts"" [nfl scouts]","""​ Missed six games as a senior because of separate injuries — three because of a rib injury (September 2025); final three because of a “severe” hamstring pull (November 2025)"" [because of]",0.0,broad_jump,0.9606,0.775,0.673,0.876,32.8,0.254,0.0122,-0.0971,0.0086,wingspan,0.0377,size:0.0047|match:0.0047|passes defended:0.0041|junior and:0.0041|position:0.0038|combine:0.0035|measurables:0.0031|stay:0.0031|best as:0.0030|work:0.0029,zone:-0.0052|defensive:-0.0045|skills:-0.0044|attempts:-0.0043|improved:-0.0043|needs to:-0.0040,vs:0.0067|washington:0.0063|nfl scouts:0.0062|helps:0.0048|straight line:0.0045|skills:0.0042|upright:0.0042|route:0.0040|strider:0.0039|arizona:0.0036,davis:-0.0196|interceptions:-0.0068|standout:-0.0061|carry:-0.0043|best:-0.0042|senior:-0.0041
Harold Perkins,LB,LSU,131,beast,out_of_league,17.9,18.6,25.3,38.2,"""He is at his best as an open-field rat or blitzer, because he can get home in a hurry, regardless of the angle or depth"" [because he, best as] || ""- Experienced several mental lapses in coverage where he'll lose his man, cover the wrong receiver or drift out of his area"" [his man] || ""​ Inconsistent through contact and can find himself velcroed to blocks without much shock in his take-on hands"" [blocks with]","""- His lateral movement skills and short-area quickness help tighten throwing windows and allow him make plays on the ball in zone coverage"" [plays on] || ""​ Inconsistent through contact and can find himself velcroed to blocks without much shock in his take-on hands"" [through contact]",-0.1058,1.3236,0.2557,-0.0063,40yd,1.1713,riser,14.0,13.3,72.7,,,0.1114,broad_jump,1.318,0.94,0.839,1.0,36.5,0.343,0.0121,-0.0971,0.0044,hand,0.1064,blockers:0.0047|doesn:0.0038|position:0.0035|defender:0.0032|his man:0.0031|contribute:0.0026|part time:0.0026|blocks with:0.0025|lsu:0.0025|break:0.0025,slot:-0.0048|linebacker:-0.0042|the quarterback:-0.0041|cover:-0.0037|ends:-0.0035|athlete:-0.0035,linebacker:0.0062|take on:0.0057|grade:0.0044|blitzer:0.0041|slow:0.0041|tackling:0.0040|coverage:0.0039|font:0.0039|open field:0.0039|his man:0.0038,backfield:-0.0058|lsu:-0.0051|carry:-0.0049|an immediate:-0.0038|several:-0.0035|jr:-0.0034
Zane Durant,DL,Penn State,132,beast,out_of_league,10.4,23.4,28.8,37.4,"""- Flashes the ability to escape blocks with quickness and athleticism"" [blocks with] || ""Overall, Durant wins with play strength and violent hands, but you don’t feel his impact consistently on tape or in the box score"" [you don] || ""- Stiff hips prevent him from clearing his lower half when working finesse moves and limit his bend or ability to corner at the top of the rush"" [him from]",,-0.1044,1.3236,0.3248,-0.0033,arm,0.1433,consensus,32.3,39.6,28.1,"""He is quick off the ball but can get pinballed and becomes a nonfactor"" [off the]",,-0.066,arm,-0.0984,0.713,0.612,0.815,33.8,0.241,0.0119,-0.0971,0.0023,hand,-0.0585,lacks:0.0048|flashes:0.0038|blockers:0.0034|florida:0.0032|part time:0.0031|likely:0.0031|blocks with:0.0030|throw:0.0028|hold:0.0027|situations:0.0025,defensive:-0.0051|to develop:-0.0045|leverage:-0.0041|moves:-0.0040|team captain:-0.0031|needs:-0.0030,win:0.0058|weight:0.0053|room:0.0053|pro:0.0048|leverage:0.0047|pressure:0.0045|rushing:0.0045|anchor:0.0044|initial quickness:0.0044|maxed:0.0042,blocks:-0.0092|flashes:-0.0080|font:-0.0072|solid:-0.0063|his gap:-0.0057|offensive linemen:-0.0054
DeMonte Capehart,DL,Clemson,133,beast,roster_bubble,3.5,17.0,56.0,23.5,"""As a pass rusher, he has yet to prove himself as anything more than a pocket pusher"" [himself as, more than] || ""​ Can be used on loops, but pass-rush profile is based on pushing the pocket"" [can be] || ""​ Passes the eye test with a tall frame filled out with muscular mass"" [passes the]","""He is an inconsistent shed player and strains to muddy up the run game"" [run game] || ""Overall, Capehart has impressive traits and flashes disruptive ability, but he hasn’t been able to take that next step in his development"" [to take]",-0.0266,0.173,-0.2056,-0.0229,vert_jump,0.8983,slide,45.4,39.7,14.9,"""​ Uses bully power in backside gaps to displace blockers and find the backfield"" [the backfield]",,-0.0,height,-0.1255,0.748,0.646,0.849,20.5,0.154,0.0117,-0.0971,0.0044,hand,-0.0311,pocket:0.0038|backside:0.0036|line:0.0035|gaps:0.0029|can be:0.0028|struggled:0.0028|program:0.0025|34:0.0025|missed:0.0025|test:0.0025,run game:-0.0041|and find:-0.0036|long arms:-0.0032|required:-0.0031|knee:-0.0030|battled:-0.0030,recruit he:0.0104|blocks:0.0079|extension:0.0052|the backfield:0.0051|averaged:0.0051|find:0.0050|2024:0.0050|star:0.0049|rush:0.0049|late to:0.0043,ball carrier:-0.0064|defensive:-0.0059|program:-0.0050|fires:-0.0048|an inconsistent:-0.0047|snaps:-0.0046
Rayshaun Benny,DL,Michigan,134,beast,53_man,1.8,36.9,35.5,25.8,"""​ Found more of a voice as a senior; interacts well with teammates"" [more of] || ""He utilizes his long arms to engage and detach from blocks, along with the contact balance and revving motor to work his way through congestion"" [long arms, through congestion] || ""​ NFL scout: “The Senior Bowl helped him"" [senior bowl]","""- Good bend and flexibility in his lower body to work flat down the line of scrimmage and make tackles for loss or short gains after getting penetration"" [and make] || ""- Use of hands as a pass-rusher is a big work in progress, as he's often late and misses"" [often late]",-0.0741,-0.4395,0.2552,-0.039,3cone,0.6619,consensus,34.6,61.4,4.1,,,-0.066,3cone,0.6138,0.794,0.692,0.895,38.7,0.307,0.0116,-0.0971,0.0127,3cone,-0.0498,more of:0.0039|tackle:0.0037|long arms:0.0032|wide:0.0032|hands:0.0029|senior bowl:0.0028|instincts:0.0027|his pass:0.0026|defensive:0.0022|versus:0.0021,blocks:-0.0034|blockers:-0.0029|found:-0.0028|the point:-0.0028|line:-0.0026|gap:-0.0024,active:0.0061|pro:0.0057|2022:0.0056|clemson:0.0052|talent:0.0048|his lower:0.0046|arm:0.0045|initial quickness:0.0041|our:0.0040|staff:0.0040,font:-0.0069|blocks:-0.0068|flashes:-0.0061|solid:-0.0060|2024:-0.0056|stack:-0.0056
Anthony Lucas,EDGE,USC,135,beast,53_man,4.6,36.3,30.7,28.5,,,-0.073,-0.4395,0.1336,0.0376,wingspan,-0.741,slide,45.6,20.4,34.0,"""​ Drops his weight and weaponizes his hands as edge setter vs"" [his hands] || ""Originally a five-star recruit of Texas A&M, he never lived up to those expectations but gradually improved each year with the Trojans and finished second on the team in pressures (23) in 2025. A well-built athlete, Lucas has the heavy hands to hold his own at the point of attack"" [star recruit]",,-0.0455,height,-0.1675,0.773,0.672,0.875,40.8,0.316,0.0114,-0.0971,-0.0122,hand,-0.0416,inside:0.0050|edge:0.0046|hands:0.0042|zone:0.0030|defensive:0.0028|stays:0.0025|attacking:0.0023|length:0.0021|club:0.0020|rush:0.0020,tight:-0.0052|second:-0.0038|the backside:-0.0033|late:-0.0032|of attack:-0.0031|against:-0.0031,his hands:0.0086|blocks:0.0075|rusher:0.0069|extension:0.0067|late:0.0063|usc:0.0058|solid:0.0056|as pass:0.0054|star recruit:0.0050|drops:0.0039,quickness:-0.0063|grade:-0.0056|lucas:-0.0048|defensive:-0.0045|threaten:-0.0044|arm:-0.0043
Billy Schrauth,IOL,Notre Dame,136,beast,roster_bubble,3.2,26.6,53.2,17.1,,"""A starter for two and a half years at Notre Dame, Schrauth worked primarily at left guard in offensive coordinator Mike Denbrock’s varied scheme, although he saw snaps at both left (73.4 percent) and right guard (26.6 percent) over his career"" [although he, at both] || ""In pass protection, he delivers a stiff, well-placed punch to control the frame of rushers and find his balance to anchor the rep"" [and find]",-0.0255,0.173,-0.1829,-0.1205,arm,-0.1147,slide,41.8,39.4,18.8,"""A starter for two and a half years at Notre Dame, Schrauth worked primarily at left guard in offensive coordinator Mike Denbrock’s varied scheme, although he saw snaps at both left (73.4 percent) and right guard (26.6 percent) over his career"" [primarily at]","""A starter for two and a half years at Notre Dame, Schrauth worked primarily at left guard in offensive coordinator Mike Denbrock’s varied scheme, although he saw snaps at both left (73.4 percent) and right guard (26.6 percent) over his career"" [notre dame]",-0.0,arm,-0.03,0.867,0.766,0.968,29.8,0.258,0.0112,-0.0971,0.0231,hand,-0.0209,percent:0.0086|missed:0.0052|backside:0.0035|keep:0.0029|his career:0.0026|defensive linemen:0.0023|caught:0.0020|years:0.0019|weight room:0.0019|to anchor:0.0019,although he:-0.0036|durability:-0.0035|key:-0.0030|required:-0.0030|punch:-0.0027|surgery:-0.0026,guard:0.0077|blocks:0.0075|tendencies:0.0051|primarily at:0.0050|his feet:0.0044|caught:0.0044|solid:0.0041|late to:0.0041|linemen:0.0037|missed:0.0035,athletic:-0.0089|notre dame:-0.0077|ethic:-0.0061|left:-0.0052|work:-0.0044|snaps:-0.0043
Nick Singleton,RB,Penn State,137,beast,roster_bubble,3.3,33.1,37.4,26.2,"""​ Plays with head-down mentality as an inside runner and needs to improve feel for finding creases"" [needs to] || ""- His patience and vision on power concepts are keys to his ability to find daylight behind his lead blockers"" [his ability] || ""​ Effective in screen game, with strong hands and adjustment skills (can also line up in the slot or wide)"" [with strong, adjustment skills]","""​ Runs with tunnel vision and must be led to the hole"" [vision and, must be] || ""​ Low elusiveness rating and lack of agility hinder ability to make late cuts away from incoming tacklers"" [lack of]",-0.0251,0.173,0.0742,-0.1097,height,-0.0,slide,53.8,24.7,21.6,"""​ At his best on tosses and outside runs, where he can capture the corner and turn on the jets"" [where he]",,-0.0455,height,-0.0,0.833,0.731,0.934,36.4,0.303,0.0111,-0.0971,0.021,height,-0.0,second:0.0046|line:0.0037|inconsistent:0.0035|power:0.0026|needs to:0.0021|potential:0.0020|100:0.0020|scheme:0.0020|his ability:0.0017|dropped:0.0017,kick:-0.0042|running:-0.0036|total:-0.0025|lack of:-0.0024|pursuit angles:-0.0023|nfl:-0.0023,return:0.0105|running:0.0086|touchdowns:0.0069|miss:0.0060|backfield:0.0059|kick:0.0057|senior:0.0047|yards and:0.0045|star recruit:0.0043|into contact:0.0041,acceleration:-0.0061|000:-0.0057|in 2022:-0.0054|grade:-0.0047|great:-0.0047|plus:-0.0046
Trey Zuhn,OT,Texas A&M,138,beast,roster_bubble,4.4,23.4,42.8,29.3,"""​ Two-time team captain who brings along the young guys — described as the “ultimate” team player"" [team captain] || ""​ Committed only one penalty in 2025 (hands to the face flag, which was declined)"" [the face, which was] || ""​ Can be put on his heels by momentum; struggles with force to his shoulders"" [can be, put on]",,-0.0247,0.173,-0.1829,-0.1422,40yd,-0.657,riser,8.5,22.8,68.7,,,0.1114,broad_jump,0.9275,0.889,0.787,0.99,27.8,0.247,0.0109,-0.0971,0.0273,broad_jump,0.0107,missed:0.0039|team captain:0.0032|blocker:0.0029|power:0.0028|keep:0.0027|struggles:0.0022|short area:0.0019|line:0.0019|aggies:0.0019|body:0.0017,center:-0.0072|required:-0.0047|sec:-0.0043|he should:-0.0037|run game:-0.0037|lack of:-0.0034,struggles:0.0072|reps:0.0040|savvy:0.0039|athletic:0.0037|stiff:0.0034|flashes:0.0032|the aggies:0.0031|tackle:0.0030|handed:0.0029|skills:0.0029,team captain:-0.0063|sec:-0.0059|right knee:-0.0045|2020:-0.0037|weight:-0.0036|best:-0.0036
Ephesians Prysock,CB,Washington,139,beast,roster_bubble,4.3,36.6,50.1,9.1,"""Strength concerns when attempting to play through contact or rid himself of blocks"" [through contact]","""Overall, Prysock has rare physical traits that are hard to find at the position, although he is still learning how to maximize those tools in coverage"" [in coverage, although he] || ""He doesn’t consistently trust his technique or speed, which is the root of several of his issues, leaving him unbalanced and tardy to react"" [is the]",-0.0243,0.173,0.1989,-0.0012,arm,0.55,riser,16.7,27.6,55.7,,,0.0,broad_jump,0.9366,0.727,0.626,0.828,40.9,0.297,0.0107,-0.0971,0.0002,hand,-0.0513,press:0.0045|missed:0.0027|downfield:0.0026|better:0.0021|vertical:0.0020|scheme:0.0020|point:0.0019|developmental:0.0017|below:0.0016|turned:0.0015,long arms:-0.0035|in coverage:-0.0034|doesn:-0.0029|man:-0.0025|and speed:-0.0025|tools:-0.0025,washington:0.0070|attempting:0.0059|below average:0.0058|of direction:0.0058|tall:0.0052|phase:0.0051|huskies:0.0048|in coverage:0.0047|heavy:0.0047|stiff:0.0044,coverages:-0.0055|blend:-0.0053|carry:-0.0048|as senior:-0.0043|and zone:-0.0042|releases:-0.0037
Hezekiah Masses,CB,California,140,beast,roster_bubble,4.1,9.9,78.3,7.7,,,-0.024,0.173,0.1989,0.0856,vert_jump,0.4436,slide,43.9,25.5,30.6,"""A low-ranked high school recruit, he built the foundation of his game over his three seasons at FIU. He transferred to Cal for his senior season and took the FBS lead in passes defended in Week 2, then didn’t surrender his crown the rest of the season"" [defended in] || ""Aggressive hands up and down the field, which will get him flagged (eight coverage penalties in 2025)"" [hands up]","""Needs to continue strengthening his frame"" [to continue]",-0.0,weight,-0.0718,0.822,0.721,0.923,14.0,0.115,0.0106,-0.0971,-0.0164,hand,0.0721,press:0.0053|body:0.0034|keep:0.0031|moves well:0.0028|his career:0.0027|18:0.0027|power:0.0026|especially:0.0026|eight:0.0026|continues:0.0025,passes defended:-0.0075|brown:-0.0046|fbs:-0.0041|lead:-0.0029|natural:-0.0023|gets:-0.0022,recruit he:0.0108|defended in:0.0061|keeps:0.0052|hands up:0.0052|cal:0.0049|seasons at:0.0049|over his:0.0046|solid:0.0045|shoulders:0.0044|body type:0.0039,match:-0.0061|gives:-0.0060|to continue:-0.0052|staff:-0.0050|elite:-0.0045|the quarterback:-0.0044
Eli Raridon,TE,Notre Dame,141,beast,53_man,10.4,50.6,20.4,18.6,"""A native son of South Bend (his dad was an offensive lineman for Brady Quinn), his first two seasons were disrupted by knee injuries, but he stayed healthy as a junior and senior and was productive when targeted — even if he wasn’t a central aspect of the offense"" [and was, even if] || ""​ Stayed healthy past two seasons, playing in all 28 games"" [in all] || ""​ Can be out-leveraged in the run game, especially when his hand placement is off 183 Back to table of contents"" [back to, run game, be out]","""Raridon shows more promise than one might expect of a player with just 48 career catches"" [career catches] || ""— He possesses three-down ability and positional versatility from the tight end position"" [end position]",-0.0666,-0.4395,0.4998,-0.0581,broad_jump,0.476,consensus,23.0,40.5,36.5,"""— Raridon needs to continue developing his technique as a blocker"" [to continue]",,-0.066,3cone,0.3165,0.717,0.616,0.819,61.0,0.438,0.0104,-0.0971,0.019,hand,-0.084,develop:0.0043|in all:0.0032|zone:0.0031|offensive:0.0027|practice:0.0025|back to:0.0025|inside:0.0024|hands:0.0024|during:0.0023|short area:0.0022,tight:-0.0046|defenders:-0.0041|healthy:-0.0036|receiving:-0.0035|the backside:-0.0033|adjustments on:-0.0028,hand:0.0066|to continue:0.0063|timing:0.0057|healthy:0.0057|room:0.0053|end:0.0048|blocker:0.0048|and was:0.0045|injuries:0.0044|is still:0.0044,running:-0.0051|blocks:-0.0050|path:-0.0036|miss:-0.0035|create:-0.0034|leaving his:-0.0032
Tim Keenan,DL,Alabama,142,beast,roster_bubble,0.8,14.5,58.1,26.5,,"""2025), which sidelined him for first three games of senior season; missed second half of senior year in high school because of right MCL surgery (Oct"" [senior year] || ""- Doesn't have any pass-rush moves he can win with due to the lack of athleticism and limited hand-usage"" [lack of]",-0.0232,0.173,-0.2056,0.0422,vert_jump,0.8941,riser,20.9,11.8,67.3,"""Struggles to regain ground once he loses it"" [struggles to] || ""A three-year starter at Alabama, Keenan lined up at nose tackle in defensive coordinator Kane Womack’s multiple scheme"" [lined up, defensive coordinator] || ""Works hard to keep weight in check, but something to monitor (enrolled at 380 pounds)"" [works hard]",,0.1114,broad_jump,1.1754,0.845,0.744,0.947,15.3,0.13,0.0102,-0.0971,-0.0081,hand,0.0876,second:0.0057|the point:0.0038|lined:0.0035|get his:0.0026|keep:0.0023|ankle:0.0022|short:0.0020|passer:0.0020|missed:0.0020|pocket:0.0018,senior year:-0.0035|lack of:-0.0029|surgery:-0.0026|usage:-0.0025|knee:-0.0024|alabama:-0.0022,grade:0.0050|jackson:0.0045|font:0.0044|once:0.0039|struggles to:0.0038|arms:0.0035|works hard:0.0030|responsibilities:0.0026|lined up:0.0025|short:0.0025,weight:-0.0085|blocks and:-0.0058|alabama:-0.0054|senior:-0.0043|ankle:-0.0042|first three:-0.0039
Bryce Boettcher,LB,Oregon,143,beast,out_of_league,6.9,16.4,36.9,39.8,,"""- Below-average upper body strength and lack of length lead to limited extension and his getting stuck on blocks"" [body strength] || ""- Can use his athletic ability to sift through the trash or make offensive linemen miss in space"" [athletic ability]",-0.0883,1.3236,0.2557,-0.0242,40yd,1.2562,slide,60.1,15.9,24.0,"""- Can use his athletic ability to sift through the trash or make offensive linemen miss in space"" [offensive linemen]",,-0.0455,40yd,0.1942,0.833,0.732,0.934,23.3,0.194,0.0101,-0.0971,0.0169,hand,0.0394,center:0.0050|lacks:0.0042|terms of:0.0035|work:0.0034|blockers:0.0030|junior and:0.0028|special:0.0027|tackles in:0.0027|shows:0.0027|easily:0.0025,linebacker:-0.0045|movement:-0.0039|zone:-0.0036|skills:-0.0035|ends:-0.0030|attempts:-0.0030,running:0.0083|linebacker:0.0077|blocks:0.0070|tackles:0.0067|solid:0.0065|offensive linemen:0.0054|backs:0.0050|backfield:0.0046|miss:0.0039|extension:0.0037,oklahoma:-0.0083|baseball:-0.0069|in 2022:-0.0060|grade:-0.0052|washington:-0.0041|athletic:-0.0039
Isaiah World,OT,Oregon,144,beast,53_man,5.3,42.0,29.7,23.0,"""However, he is too narrow in his pass sets, which weakens his ability to anchor, and his hands and punch timing lack purpose"" [his pass]","""​ Stiff hips and struggles to sink his weight"" [stiff hips] || ""​ Late, erratic hands and can be blown off the ball"" [can be]",-0.0634,-0.4395,0.1013,-0.0135,height,0.0,consensus,30.0,41.3,28.7,"""He is quick off the ball, with the athletic ability to reach landmarks and the foot quickness to mirror rushers to the corner"" [off the]","""However, he is too narrow in his pass sets, which weakens his ability to anchor, and his hands and punch timing lack purpose"" [hands and] || ""​ Stiff hips and struggles to sink his weight"" [struggles to]",-0.066,height,-0.0,0.86,0.759,0.961,47.3,0.406,0.0099,-0.0971,0.0044,height,-0.0,tackle:0.0090|his pass:0.0051|develop:0.0049|sets:0.0044|hands:0.0043|arms:0.0042|rushers:0.0042|positional:0.0042|lead to:0.0036|instincts:0.0032,finisher:-0.0037|keep:-0.0034|late:-0.0030|flashes:-0.0028|signed:-0.0027|ability:-0.0025,body control:0.0049|left tackle:0.0046|especially for:0.0041|holding penalties:0.0040|quickness:0.0037|weight:0.0035|lead:0.0034|recovery:0.0033|balanced scheme:0.0031|former offensive:0.0031,flashes:-0.0072|vs:-0.0069|heavy:-0.0069|late:-0.0056|hands and:-0.0056|struggles to:-0.0052
Matt Gulbin,IOL,Michigan State,145,beast,53_man,4.3,38.1,29.1,28.4,,"""Gulbin is the only offensive lineman in this draft class who can say he has double-digit college starts at all three interior positions"" [say he, draft class, starts at] || ""Overall, Gulbin doesn’t have top-tier physical traits, and he gives defenders opportunities to break him down, but he is a resourceful player with veteran instincts"" [him down]",-0.0624,-0.4395,0.1013,-0.0645,broad_jump,0.4946,riser,17.4,30.0,52.6,,,0.0,broad_jump,0.9826,0.912,0.811,1.0,42.4,0.387,0.0097,-0.0971,0.021,hand,0.0334,michigan:0.0063|zone:0.0043|smith:0.0043|hands:0.0043|instincts:0.0039|team captain:0.0038|inside:0.0035|asked to:0.0033|strike:0.0031|former:0.0031,defenders:-0.0047|playside:-0.0044|backside:-0.0041|gain:-0.0037|gap scheme:-0.0036|him down:-0.0032,smith:0.0064|heavy:0.0045|state:0.0042|handed:0.0037|grade:0.0034|forest:0.0033|wake:0.0033|athletic traits:0.0030|versatility:0.0027|opportunities:0.0026,michigan:-0.0096|captain:-0.0060|only average:-0.0048|this draft:-0.0045|projects as:-0.0042|experienced:-0.0041
Taylen Green,QB,Arkansas,146,beast,roster_bubble,4.9,10.1,50.6,34.4,"""He takes too many unnecessary chances — he committed a combined 37 turnovers the past two seasons (20 interceptions, 17 fumbles). Overall, Green needs to take better care of the football and refine his mechanics and passing rhythm, but he offers the physical traits and high character worth molding in a read-option, vertical passing game"" [needs to] || ""​ First player in school history with 300 yards passing and 100 yards rushing in a single game"" [school history] || ""​ Voted a team captain in 2025 and carries himself the right way (NFL scout: “Always laughing and really sharp"" [team captain]","""He takes too many unnecessary chances — he committed a combined 37 turnovers the past two seasons (20 interceptions, 17 fumbles). Overall, Green needs to take better care of the football and refine his mechanics and passing rhythm, but he offers the physical traits and high character worth molding in a read-option, vertical passing game"" [he committed] || ""​ Didn’t show much improvement with pocket presence between junior and senior tape"" [junior and]",-0.0217,0.173,0.5572,-0.1205,arm,0.9348,slide,45.9,35.6,18.5,,,-0.0455,broad_jump,0.3261,0.809,0.708,0.91,15.0,0.121,0.0096,-0.0971,0.0231,wingspan,0.0526,pocket:0.0041|passer:0.0038|inconsistent:0.0038|body:0.0029|needs to:0.0026|years:0.0026|accuracy:0.0024|arm:0.0024|backside:0.0022|productive:0.0021,key:-0.0033|he committed:-0.0026|center:-0.0024|size:-0.0021|required:-0.0019|nfl:-0.0019,green:0.0095|late:0.0051|he committed:0.0042|sec:0.0038|downs:0.0037|enough to:0.0036|running:0.0035|getting:0.0030|rushed for:0.0030|star:0.0030,plus yards:-0.0082|talent:-0.0059|athletic:-0.0058|arm:-0.0054|passer:-0.0047|grade:-0.0046
Charles Demmings,CB,Stephen F. Austin,147,beast,53_man,3.0,51.1,24.2,21.7,,"""He is more comfortable in press man than zone, although some play-strength concerns show up (in coverage and run support). Overall, Demmings has some learning-on-the-job lessons waiting for him in the NFL, but he has the cover athleticism and mental toughness to weather that storm and be better for it"" [for him, be better, is more] || ""​ Missed five games because of minor injuries over past three seasons"" [past three]",-0.0602,-0.4395,-0.1555,0.012,broad_jump,0.4532,riser,22.2,35.2,42.7,"""​ Lacks ideal shed strength to easily discard blocks"" [to easily]",,0.0,broad_jump,0.9004,0.679,0.578,0.781,54.2,0.368,0.0094,-0.0971,-0.0039,hand,-0.0822,zone:0.0068|lead to:0.0041|senior bowl:0.0038|interception:0.0036|length:0.0035|support:0.0033|hands:0.0032|passes defended:0.0031|college:0.0030|defense and:0.0029,houston:-0.0033|single:-0.0029|mental:-0.0024|led:-0.0022|past three:-0.0021|show:-0.0021,competition:0.0055|of direction:0.0054|to easily:0.0052|fcs:0.0051|tall:0.0049|his pedal:0.0045|vs:0.0041|change:0.0039|team in:0.0039|nfl but:0.0034,houston:-0.0075|immediate:-0.0056|special teams:-0.0047|weight:-0.0045|earning:-0.0044|athleticism and:-0.0043
Kaytron Allen,RB,Penn State,148,beast,out_of_league,4.8,32.9,27.0,35.4,"""Allen does not possess the athleticism to run an expanded route tree"" [does not] || ""He will be viewed as an early down runner but offers little value in the passing game"" [the passing] || ""- As a result of his limited athletic profile, Allen's ceiling will be capped"" [will be]",,-0.081,1.3236,-0.0211,-0.0392,arm,0.1423,slide,44.8,30.8,24.4,"""3 in school history with 39 rushing touchdowns and 43 total touchdowns). Affectionally nicknamed “Fatman,” Allen is a big, powerful runner who makes it difficult on defenders to get him on the ground"" [to get]",,-0.0455,arm,-0.0924,0.814,0.713,0.916,37.6,0.307,0.0092,-0.0971,0.0273,hand,-0.0222,williams:0.0042|lacks:0.0039|carries:0.0030|does not:0.0029|runs:0.0029|blockers:0.0028|true:0.0027|the passing:0.0026|concepts:0.0025|will be:0.0025,history:-0.0061|zone:-0.0042|moves:-0.0040|better:-0.0036|lead:-0.0035|penn:-0.0034,running:0.0098|touchdowns:0.0072|tackles:0.0056|backfield:0.0055|catch and:0.0046|late:0.0045|star recruit:0.0044|yardage:0.0041|makes:0.0040|carry:0.0039,athletic:-0.0063|allen:-0.0059|rushing:-0.0057|in 2022:-0.0056|acceleration:-0.0051|grade:-0.0049
Taurean York,LB,Texas A&M,149,beast,roster_bubble,1.4,4.1,59.3,35.2,"""After starting all four seasons in 6A high school football in Texas, he earned a starting role immediately as a freshman in College Station and was voted a team captain as a sophomore and junior (was also a team captain for three of four high school seasons). He led the Aggies in tackles each of the past two seasons and earned All-SEC honors in 2025. On the hoof, York doesn’t pass the eye test of being an NFL linebacker"" [team captain, for three, starting role] || ""- Could afford to be more physical at the point of attack when taking on blocks"" [the point] || ""​ Durable and started all 39 games in his three seasons"" [games in]","""​ Lack of length is evident when blockers reach and overwhelm him"" [lack of] || ""- A combination of shorter arms and subpar upper body strength make it difficult for York to get extension on blocks, leading to struggles when asked to stack and shed or escape"" [when asked]",-0.0206,0.173,-0.2178,0.0205,vert_jump,0.9584,slide,63.9,18.3,17.7,,,-0.0455,40yd,0.2467,0.877,0.775,0.978,5.5,0.048,0.0091,-0.0971,-0.0039,hand,0.0777,lined:0.0031|team captain:0.0025|movement:0.0023|body:0.0023|eye:0.0022|thomas:0.0021|the point:0.0020|39:0.0020|games in:0.0020|to finish:0.0018,lack of:-0.0044|key:-0.0037|when asked:-0.0030|running:-0.0028|nfl:-0.0028|kick:-0.0027,blocks:0.0085|tackles:0.0066|running:0.0066|linebacker:0.0061|backs:0.0060|sec:0.0043|kick:0.0036|extension:0.0036|mike:0.0036|difficult for:0.0034,texas:-0.0056|below average:-0.0053|grade:-0.0051|instincts:-0.0049|oklahoma:-0.0048|adequate:-0.0048
Jager Burton,IOL,Kentucky,150,beast,roster_bubble,2.1,23.1,41.2,33.6,,,-0.0202,0.173,-0.1829,-0.0988,40yd,-0.5273,consensus,14.7,43.3,42.0,"""Overall, Burton needs to continue developing his sustain skills and the mental aspects of the position, but he is a quick-win blocker with position flexibility across the interior"" [to continue] || ""After reps at both guard spots, he moved back to center for his senior season and changed the narrative with NFL scouts"" [for his]",,-0.0,40yd,-0.1282,0.863,0.762,0.965,25.2,0.218,0.0089,-0.0971,0.019,hand,-0.0119,percent:0.0120|second:0.0079|blocker:0.0035|moves well:0.0030|needs:0.0029|lined:0.0029|sustain:0.0028|scheme he:0.0028|struggles:0.0027|43:0.0025,center:-0.0099|run game:-0.0045|size:-0.0045|nfl:-0.0037|for his:-0.0029|sets:-0.0026,to continue:0.0085|for his:0.0074|room:0.0072|staff:0.0057|blocker:0.0057|active:0.0051|second:0.0047|win:0.0046|isn:0.0046|flexibility:0.0043,guard:-0.0106|struggles:-0.0051|vs:-0.0050|is good:-0.0049|size with:-0.0043|blocks:-0.0041
Jeff Caldwell,WR,Cincinnati,151,beast,roster_bubble,1.8,24.2,64.8,9.2,,"""Still relatively new to football at the time, he was an ascending player during his four years at Lindenwood, including a 1,000-yard receiving season in 2024. He transferred up to the FBS for his final season and had more games under the 50-yard receiving mark (eight) than over it (five), although he finished third on the Bearcats in receiving yards in 2025. A “Freaks List” alum and combine darling, Caldwell builds up his speed quickly and strides out to create vertical separation"" [for his, although he] || ""Though he worked hard to add weight at Cincinnati, he needs to learn how to play with better strain and physicality"" [play with]",-0.0198,0.173,0.413,0.0856,vert_jump,0.8788,riser,9.3,24.2,66.6,,"""At his best stretching out his stride (15.3 average depth of target for his career)"" [his best]",0.0,broad_jump,0.9838,0.714,0.613,0.816,26.0,0.186,0.0087,-0.0971,-0.0164,hand,-0.0282,percent:0.0070|second:0.0057|receiving:0.0042|vertical:0.0031|catch:0.0027|in off:0.0027|targets:0.0026|body:0.0026|dropped:0.0022|fcs:0.0022,fbs:-0.0044|play with:-0.0029|size:-0.0026|long arms:-0.0025|roster spot:-0.0021|special:-0.0021,below:0.0064|vertical:0.0049|fcs:0.0046|attempting:0.0040|route:0.0038|tall:0.0036|straight line:0.0035|opener:0.0032|as ball:0.0031|stiff:0.0030,cincinnati:-0.0066|weight:-0.0056|list:-0.0045|releases:-0.0043|final:-0.0038|yard:-0.0037
Max Llewellyn,EDGE,Iowa,152,beast,roster_bubble,0.9,23.0,49.0,27.1,"""He led the Hawkeyes in 2025 in pressures (45) and delivered a pressure on 14.7 percent of his pass rush snaps, which ranked No"" [percent of]","""​ Only one year as college starter — below-average experience for someone who will be a 24-year-old NFL rookie"" [one year]",-0.0194,0.173,-0.1792,-0.0012,40yd,-0.8332,slide,66.6,23.6,9.9,"""He struggles to out-leverage blockers as an edge setter and doesn’t put himself in position to make run stops (averaged two tackles per game in 2025). Overall, Llewellyn needs to improve as a run defender if he wants to be an every-down NFL defender, but his relentless, high-effort pass rush will give him a chance to find a long-term role"" [run defender] || ""He pairs a quick get-off with a crafty setup to overwhelm blockers before they have much time to react"" [to react]",,-0.0,40yd,0.2651,0.782,0.68,0.883,23.9,0.187,0.0086,-0.0971,0.0002,hand,0.0517,upright:0.0030|if he:0.0028|needs to:0.0027|below:0.0025|arm:0.0025|missed:0.0025|struggles:0.0025|motor:0.0024|old:0.0024|tackles on:0.0023,key:-0.0031|nfl:-0.0030|run:-0.0027|doesn:-0.0027|blockers:-0.0021|edge:-0.0020,tackles:0.0084|run defender:0.0079|solid:0.0074|likes:0.0056|to react:0.0053|averaged:0.0051|24:0.0051|stand up:0.0050|rush:0.0049|blocks:0.0047,upright:-0.0086|below average:-0.0076|defensive:-0.0059|arm:-0.0057|ranked:-0.0041|pressure:-0.0041
Joe Royer,TE,Cincinnati,153,beast,roster_bubble,6.4,29.0,45.4,19.1,,"""He needs to play with a stronger base and better leverage"" [play with] || ""However, his usage and production took slight declines in his final year (4.2 catches per game in 2024 to 2.2 in ‘25). Royer is a smooth athlete for the position, with the impressive hands needed to easily adjust and frame the football, regardless of the placement"" [athlete for]",-0.019,0.173,0.1561,-0.0663,arm,-0.4161,slide,38.3,30.4,31.2,"""Although he is more of a one-speed receiver down the seam, he runs hard and has some giddy-up with the ball in his hands (only FBS tight end with multiple receptions of 60-plus yards in 2025). Though competitive as a blocker, his execution must improve for NFL coaches to trust him"" [his hands]","""Although he is more of a one-speed receiver down the seam, he runs hard and has some giddy-up with the ball in his hands (only FBS tight end with multiple receptions of 60-plus yards in 2025). Though competitive as a blocker, his execution must improve for NFL coaches to trust him"" [yards in] || ""A two-year starter at Cincinnati, Royer was a Y tight end in former offensive coordinator Brad Glenn’s scheme and split his snaps evenly between the slot (49.3 percent of snaps) and inline (45.4 percent). After injuries derailed his time at Ohio State, he reinvented himself with the Bearcats and in 2024 broke Travis Kelce’s single-season school record for catches by a tight end"" [ohio state]",-0.0455,arm,-0.1088,0.739,0.638,0.84,35.5,0.262,0.0084,-0.0971,0.0127,hand,-0.084,percent:0.0074|ohio state:0.0045|receiving:0.0035|better:0.0033|blocker:0.0033|needs:0.0031|backside:0.0030|scheme:0.0026|catch:0.0023|grabs:0.0022,usage:-0.0045|run game:-0.0034|fbs:-0.0033|play with:-0.0031|man coverage:-0.0030|key:-0.0026,his hands:0.0067|2024:0.0041|tends:0.0040|chest:0.0037|tackles:0.0033|defenders:0.0033|late:0.0033|competes:0.0025|kept:0.0023|receptions:0.0022,yards in:-0.0063|easily:-0.0057|among:-0.0056|ohio state:-0.0054|plus:-0.0048|snaps:-0.0047
Parker Brailsford,IOL,Alabama,154,beast,out_of_league,7.5,22.9,29.5,40.1,,,-0.0722,1.3236,0.3298,-0.0332,40yd,1.0314,slide,47.2,35.3,17.4,"""​ Gracefully gets where he is going and can be a weapon on screens/climbs"" [where he] || ""— Will get stoned and stacked when squared up on angle-drive and bull-rushes that lead him to getting slowly pried open"" [him to]",,-0.0455,height,0.2376,0.912,0.811,1.0,30.4,0.277,0.0082,-0.0971,0.0231,hand,0.0334,center:0.0062|lacks the:0.0045|stay:0.0044|mental:0.0038|jump:0.0037|run game:0.0035|likely:0.0033|blocks with:0.0033|alabama:0.0032|his size:0.0032,zone:-0.0055|moves:-0.0043|can be:-0.0040|offensive:-0.0038|moore:-0.0035|needs to:-0.0034,blocks:0.0096|angle:0.0060|getting:0.0042|guard:0.0041|offensive linemen:0.0039|and late:0.0037|tackles:0.0034|alabama:0.0030|bull:0.0028|recover:0.0027,among:-0.0058|quickness:-0.0051|washington:-0.0049|active:-0.0047|consistent:-0.0042|huskies:-0.0040
Tyler Onyedim,DL,Texas A&M,155,beast,roster_bubble,2.6,21.9,57.4,18.1,"""A one-year starter at Texas A&M (and three-year starter overall), Onyedim was the three-technique in head coach Mike Elko’s versatile front"" [at texas, in head] || ""​ Average pad level and won’t manhandle NFL blockers at point of attack"" [of attack] || ""Against the run, he plays with awareness and extension to do his job, but he struggles reacting to double teams and down blocks"" [awareness and]","""Against the run, he plays with awareness and extension to do his job, but he struggles reacting to double teams and down blocks"" [he plays, the run] || ""After playing primarily head-up over the offensive tackle in Iowa State’s three-man front, he was a natural fit in the Aggies’ scheme and finished second on the team with 9.5 tackles for loss (behind only Cashius Howell) in his final season"" [team with]",-0.0183,0.173,-0.2056,-0.1205,vert_jump,0.899,consensus,20.4,58.9,20.6,"""He projects best as a one-gap penetrator and dependable rotational piece"" [he projects]",,-0.0,3cone,0.6739,0.733,0.632,0.835,24.4,0.179,0.0081,-0.0971,0.0231,3cone,-0.0547,move:0.0049|second:0.0046|behind:0.0040|backside:0.0039|point:0.0032|gaps:0.0031|of attack:0.0027|inconsistent:0.0025|finished:0.0024|line:0.0023,nfl:-0.0032|he plays:-0.0028|the run:-0.0024|lose:-0.0024|natural:-0.0024|best as:-0.0023,adequate:0.0076|he projects:0.0064|character:0.0062|texas:0.0051|awareness:0.0047|three technique:0.0046|sacks:0.0044|iowa:0.0042|behind:0.0042|snaps:0.0041,blocks:-0.0102|competition:-0.0062|attack:-0.0048|heavy:-0.0048|up over:-0.0048|miss:-0.0047
Beau Stephens,IOL,Iowa,156,beast,roster_bubble,3.7,28.2,43.4,24.7,,"""Overall, Stephens might struggle compensating for his lack of ideal length and athleticism, but blocking awareness and the power in his hands give him a fighting chance"" [lack of, and athleticism] || ""​ Senior year was first time he was healthy enough to play a full season — missed most of 2023 season because of injuries, including to his left leg (Oct"" [senior year, enough to]",-0.0179,0.173,-0.1829,-0.0771,vert_jump,0.5094,riser,13.9,24.6,61.5,"""— Has a potent snatch-trap technique to combat and flip the script against power down the middle of his frame"" [the middle] || ""A three-year starter at Iowa, Stephens lined up at left guard in offensive coordinator Tim Lester’s zone-blocking scheme"" [guard in, lined up, year starter] || ""— Strains and works hard to close space on blocks to sustain control and create a seal"" [works hard]","""​ Senior year was first time he was healthy enough to play a full season — missed most of 2023 season because of injuries, including to his left leg (Oct"" [because of]",0.1114,broad_jump,0.9826,0.9,0.798,1.0,32.0,0.288,0.0079,-0.0971,0.0148,hand,0.0515,second:0.0093|missed:0.0039|line:0.0032|power:0.0032|targets:0.0030|body:0.0030|sustain:0.0024|pull:0.0023|stubborn:0.0021|against:0.0021,run game:-0.0038|earn:-0.0036|center:-0.0035|lack of:-0.0034|as junior:-0.0029|senior year:-0.0024,the middle:0.0045|struggling:0.0041|tall:0.0041|among:0.0035|works hard:0.0034|flashes:0.0033|sack:0.0028|agility:0.0027|combine:0.0027|didn allow:0.0027,second:-0.0056|oct:-0.0044|senior:-0.0043|blocking:-0.0039|and finish:-0.0037|pop:-0.0033
Drew Shelton,OT,Penn State,157,beast,53_man,5.3,34.2,31.9,28.6,,"""However, he struggles to stay attached at the point of attack and doesn’t have the power to move defenders against their will"" [of attack] || ""He will struggle to win at the NFL level, though, unless he improves his functional strength and finishing toughness"" [strength and]",-0.0495,-0.4395,0.1013,-0.0198,broad_jump,0.4738,riser,15.4,22.7,61.9,"""However, he struggles to stay attached at the point of attack and doesn’t have the power to move defenders against their will"" [struggles to]","""He made steady improvements between his junior and senior seasons, though, and allowed just one sack in 2025 (to Ohio State’s Arvell Reese). Shelton is at his best when he can showcase his athletic traits — his quick feet to match speed off the edge, reach/pull range in the run game or twitchy body movements to get himself out of compromised positions"" [senior seasons, the edge, speed off] || ""However, he struggles to stay attached at the point of attack and doesn’t have the power to move defenders against their will"" [stay attached]",0.1114,broad_jump,0.9412,0.886,0.785,0.987,39.5,0.35,0.0077,-0.0971,0.0065,hand,0.0244,tackle:0.0103|inside:0.0048|though:0.0040|the edge:0.0039|zone:0.0035|holding:0.0035|lead:0.0034|punch:0.0026|conversion:0.0026|positional:0.0025,blocks:-0.0044|second:-0.0044|defenders:-0.0038|florida:-0.0038|of attack:-0.0036|gain:-0.0030,struggles to:0.0076|tackle:0.0045|in pass:0.0044|and looks:0.0043|at left:0.0041|straight:0.0040|athletic:0.0040|penn:0.0035|state:0.0035|vs:0.0035,stay attached:-0.0041|second:-0.0041|29:-0.0041|weight:-0.0038|room:-0.0038|projects as:-0.0035
Jadon Canady,CB,Oregon,158,beast,roster_bubble,3.1,39.2,41.8,15.9,"""Canady has been up and down over his career but played his most confident ball as a senior"" [his career] || ""— He reads out and recognizes plays quickly in off coverage while using speed and fluid hips to get in the proper position"" [in off, fluid hips] || ""— Canady is an undersized defender who consistently triggers to the football, but his tackling angles with high and low attack points on the ball carrier see him miss a lot of tackles"" [defender who]","""Though his ball skills are a tad inconsistent, he has a good feel for body positioning to compete versus size"" [ball skills] || ""​ Not afraid to compete as a tackler"" [afraid to]",-0.0172,0.173,0.1989,-0.0121,vert_jump,0.4422,slide,44.7,31.1,24.2,"""​ Will slip inside blocks and lose contain against outside runs"" [blocks and]",,-0.0455,height,0.1115,0.742,0.64,0.843,42.3,0.313,0.0076,-0.0971,0.0023,wingspan,-0.0153,his career:0.0036|in off:0.0027|catch:0.0026|keep:0.0024|point:0.0024|improved:0.0023|especially:0.0020|downfield:0.0019|inconsistent:0.0019|slip:0.0018,undersized:-0.0035|bigger:-0.0033|timing:-0.0031|man coverage:-0.0029|lack:-0.0026|impact:-0.0025,blocks and:0.0070|keeps:0.0069|nickel:0.0048|miss:0.0045|leaving:0.0044|as senior:0.0042|react:0.0040|star:0.0040|defender:0.0039|tends:0.0039,timing:-0.0074|tackling:-0.0065|ethic:-0.0052|ball:-0.0049|defensive:-0.0048|front:-0.0038
Travis Burke,OT,Memphis,159,beast,53_man,5.3,39.6,28.7,26.4,,,-0.0474,-0.4395,0.1013,-0.0581,broad_jump,0.5015,riser,19.9,14.5,65.6,,,0.0,broad_jump,0.9964,0.858,0.757,0.96,44.9,0.385,0.0074,-0.0971,0.019,hand,-0.0119,tackle:0.0120|zone:0.0086|rushers:0.0044|right:0.0033|outside:0.0031|attacking:0.0031|kick:0.0030|length:0.0029|issues:0.0028|overly:0.0027,backside:-0.0067|defenders:-0.0056|florida:-0.0044|blocks:-0.0034|space:-0.0027|contact balance:-0.0027,of direction:0.0056|tackle:0.0054|rushers:0.0051|linebacker:0.0047|heavy:0.0045|vs:0.0042|flashes:0.0041|change:0.0040|nfl scouts:0.0039|and hands:0.0039,kick:-0.0056|final:-0.0054|memphis:-0.0044|violence:-0.0043|defenders:-0.0039|florida:-0.0037
TJ Hall,CB,Iowa,160,beast,roster_bubble,3.9,14.4,48.7,33.0,,"""Overall, Hall has only average long speed, and his lack of anticipation leaves interceptions on the field, but his competitiveness will translate well in both coverage and run defense"" [lack of, only average, long speed] || ""Injuries disrupted his development early in his Hawkeyes career, but he took a substantial jump in his effectiveness and performance as a senior in 2025. He finished with a team-best 11 passes defended and allowed a completion rate of just 47.6 percent when targeted"" [passes defended]",-0.0164,0.5251,0.1989,0.0639,40yd,-0.5035,riser,23.4,24.0,52.6,"""​ Struggles to turn and put himself in finishing positions downfield"" [struggles to]",,0.0,broad_jump,0.9727,0.733,0.632,0.834,18.2,0.134,0.0072,-0.0864,-0.0122,hand,-0.0308,percent:0.0057|missed:0.0047|second:0.0046|improved:0.0031|press:0.0027|downfield:0.0026|technique:0.0025|hall:0.0024|turn:0.0024|finished:0.0024,lack of:-0.0041|passes defended:-0.0037|boundary:-0.0032|run:-0.0030|senior year:-0.0028|shoulder:-0.0028,development:0.0053|struggles to:0.0052|route:0.0042|patterns:0.0041|coverage:0.0037|tackling:0.0037|vertical:0.0032|windows:0.0031|drive:0.0030|receivers:0.0030,as senior:-0.0084|only average:-0.0047|hall:-0.0045|best:-0.0044|interceptions:-0.0042|injuries:-0.0038
Josh Cameron,WR,Baylor,161,beast,53_man,4.8,41.8,30.7,22.7,"""Team captain for six games in 2025 (NFL scout: “Self-motivated kid"" [team captain] || ""Unique size, with running-back bulk, long arms and tapered waist"" [long arms] || ""Overall, Cameron plays well through contact and has functional strength and ball-winning size, but his struggle in separating and avoiding contested windows will be a limiting factor"" [contact and]",,-0.0453,-0.2551,-0.314,0.0631,wingspan,-0.5641,slide,50.2,29.7,20.1,,"""Overall, Cameron plays well through contact and has functional strength and ball-winning size, but his struggle in separating and avoiding contested windows will be a limiting factor"" [through contact, has functional] || ""He is an explosive linear athlete, but his high-cut frame limits his change of direction, which shows up in lower separation metrics and receiving grades against single coverage"" [in lower, an explosive]",-0.0455,arm,0.1023,0.692,0.59,0.793,46.6,0.322,0.0071,-0.0864,-0.0206,hand,-0.067,zone:0.0047|team captain:0.0041|outside:0.0035|tackle:0.0034|hands:0.0031|long arms:0.0029|contact and:0.0028|catch:0.0026|air:0.0023|history:0.0023,receiving:-0.0076|percent:-0.0071|punt:-0.0049|suddenness:-0.0033|pound:-0.0030|cut:-0.0028,returner:0.0073|running:0.0068|baylor:0.0042|releases:0.0039|averaged:0.0037|corners:0.0034|his hands:0.0034|attempts:0.0033|touchdowns:0.0033|routes:0.0030,and doesn:-0.0049|easily:-0.0049|ball:-0.0049|snaps:-0.0041|foot:-0.0040|timing:-0.0039
Keagen Trost,IOL,Missouri,162,beast,53_man,1.5,58.2,17.8,22.6,,,-0.0442,-0.2551,0.1013,-0.039,broad_jump,0.4738,riser,34.4,14.8,50.8,"""A well-traveled prospect, he spent five seasons at the FCS level (Morgan State and Indiana State) before transferring up to Wake Forest in 2024. Looking to challenge himself again, he joined Missouri in 2025 and became an All-SEC blocker"" [fcs level]",,0.1114,broad_jump,0.9412,0.931,0.83,1.0,59.7,0.556,0.0069,-0.0864,0.0127,hand,0.0515,tackle:0.0106|inside:0.0049|tape:0.0039|wide:0.0038|in all:0.0038|instincts:0.0033|redirect:0.0033|at right:0.0030|hands:0.0029|isn:0.0028,keep:-0.0060|percent:-0.0055|pick:-0.0047|defenders:-0.0040|blocks:-0.0037|against:-0.0033,fcs level:0.0061|tackle:0.0046|drive:0.0045|heavy:0.0039|state:0.0036|flashes:0.0035|feet:0.0032|steady:0.0031|came:0.0029|position:0.0029,tigers:-0.0066|missouri:-0.0061|sec:-0.0052|chest:-0.0044|power to:-0.0034|handwork:-0.0033
Caden Curry,EDGE,Ohio State,163,beast,roster_bubble,3.7,21.5,41.4,33.4,"""A one-year starter at Ohio State, Curry lined up primarily as a three-point edge rusher outside the tackle in defensive coordinator Matt Patricia’s scheme, often moving inside (A-gap and B-gap) on passing downs"" [ohio state]","""His lack of length also shows as an edge setter, but he takes his contain responsibilities seriously by seeing through blocks and quickly diagnosing what an 360 Back to table of contents offense is trying to do"" [lack of]",-0.0153,0.5251,-0.1792,0.0096,arm,-0.8544,slide,54.5,37.1,8.4,,,-0.0,40yd,0.2651,0.781,0.68,0.882,25.2,0.197,0.0067,-0.0864,-0.0018,3cone,-0.0479,ohio state:0.0052|second:0.0041|body:0.0039|the line:0.0034|55:0.0026|lined:0.0025|tied:0.0024|attempts:0.0023|moving:0.0022|easy:0.0022,lack of:-0.0061|usage:-0.0030|as pass:-0.0030|nfl:-0.0029|edge:-0.0027|doesn:-0.0026,rusher:0.0074|shoulders:0.0069|tackles:0.0065|as pass:0.0055|blocks and:0.0049|gap:0.0047|backfield:0.0037|up primarily:0.0037|misdirection:0.0034|moving:0.0033,ohio state:-0.0063|washington:-0.0055|staff:-0.0047|tackling:-0.0045|average:-0.0045|below:-0.0043
Adam Randall,RB,Clemson,164,beast,out_of_league,4.6,16.4,29.5,49.5,,"""Overall, Randall plays like more of an athlete than a natural running back, but he has the versatility that can be useful at the next level"" [more of, athlete than] || ""While his pass-protection technique is inconsistent, he possesses the size and frame to develop into a reliable option in that area"" [to develop]",-0.0576,0.9558,-0.0211,0.0027,40yd,2.3602,riser,20.0,14.4,65.6,"""He embraced a move to running back in 2025 and led the Tigers in rushing, becoming just the fourth player in school history to surpass 750 career yards rushing and receiving (Travis Zachery, C.J. Spiller and Travis Etienne are the others). A big-bodied ball carrier, Randall doesn’t have the short-area quickness or vision to sort through traffic at the line of scrimmage, but he will gash the defense with his long strides if he finds a runway"" [ball carrier]",,0.1114,broad_jump,1.4496,0.792,0.691,0.894,21.0,0.167,0.0066,-0.0864,-0.0018,hand,-0.0417,clemson:0.0056|adjusting:0.0033|lacks the:0.0033|acl:0.0032|doesn:0.0032|work:0.0031|size:0.0030|bodied:0.0028|blockers:0.0027|injuries:0.0026,more of:-0.0041|zone:-0.0041|to develop:-0.0036|scheme:-0.0034|history:-0.0034|easy:-0.0033,ball carrier:0.0050|grade:0.0041|in pass:0.0038|font:0.0036|relies:0.0033|transition:0.0033|protection:0.0029|however:0.0028|versatility:0.0027|heavy:0.0026,clemson:-0.0080|davis:-0.0058|returner:-0.0058|kick:-0.0056|backfield:-0.0054|averaged:-0.0048
Demond Claiborne,RB,Wake Forest,165,beast,roster_bubble,3.6,32.2,45.7,18.5,"""​ Patient at the line and uses shifty lateral quickness to bounce from closed to open gaps"" [the line] || ""If he reaches the sideline with momentum, he has true home-run speed"" [if he] || ""4 in school history in career rushing yards (2,599) and No"" [school history]","""Claiborne also shows solid upside as a receiver and pass protector on third downs, though his lack of size can limit his reliability in pass protection."" [lack of, also shows] || ""​ Inconsistent adjusting to throws away from his chest and guilty of running before securing the ball"" [adjusting to]",-0.0145,0.5251,0.0742,-0.1205,vert_jump,0.6458,slide,63.0,26.7,10.4,"""2024) Claiborne is a former four-star recruit from Aylett, Virginia"" [star recruit] || ""​ Averaged 26.3 yards as a featured kick returner in 2023-24, including two touchdown returns (96-yarder and 100-yarder)"" [kick returner]",,-0.0,weight,-0.0876,0.845,0.744,0.947,35.8,0.303,0.0064,-0.0864,0.0231,hand,0.0167,inconsistent:0.0031|the line:0.0028|scheme:0.0025|improved:0.0023|if he:0.0022|school history:0.0020|missed:0.0020|receiving:0.0020|power:0.0020|especially:0.0020,kick:-0.0031|lack of:-0.0030|size:-0.0026|as junior:-0.0025|returner:-0.0024|angles:-0.0022,tackles:0.0052|star recruit:0.0051|kick returner:0.0051|running:0.0043|the backfield:0.0040|as senior:0.0040|drops:0.0040|averaged:0.0040|24:0.0039|tends:0.0037,fumbles:-0.0060|too many:-0.0047|quickness:-0.0046|though:-0.0044|foot:-0.0043|ball:-0.0043
Diego Pounds,OT,Mississippi,166,beast,53_man,7.9,38.9,24.3,28.9,"""​ Flashes power in run game to remove defenders from his gap"" [in run]",,-0.0399,-0.2551,0.1013,-0.039,broad_jump,0.4807,riser,22.3,20.6,57.1,,"""Overall, Pounds is a long, dense blocker with play strength who protects the integrity of the pocket, but he will need to be more consistent in the run game to stay on the field"" [game to, will need] || ""He has access to raw power, but his lower-body fluidity and positional leverage are lacking"" [his lower, raw power]",0.0,broad_jump,0.955,0.901,0.8,1.0,46.8,0.421,0.0062,-0.0864,0.0127,wingspan,0.0159,tackle:0.0103|develop:0.0056|rushers:0.0042|zone:0.0040|offensive:0.0035|sets:0.0030|need to:0.0029|only one:0.0029|moving:0.0028|positional:0.0028,percent:-0.0061|gap:-0.0055|miss:-0.0044|finisher:-0.0042|keep:-0.0039|pounds:-0.0035,easily:0.0071|vs:0.0067|consistent:0.0056|of direction:0.0052|pounds:0.0051|rushers:0.0048|savvy:0.0046|tackle:0.0044|heavy:0.0042|ole:0.0042,weight:-0.0043|sec:-0.0033|game to:-0.0032|offensive:-0.0031|jr:-0.0030|dense:-0.0026
Kevin Coleman,WR,Missouri,167,beast,roster_bubble,2.5,9.2,76.8,11.4,,"""Overall, Coleman falls short in terms of size and play strength but makes up for it 121 Back to table of contents with quick feet and steady hands"" [for it, steady hands] || ""An undersized slot target, Coleman has a high catch rate when targeted (2.9 percent drop rate in 2025), with explosive movements after the catch to consistently make the first man miss"" [drop rate]",-0.0137,0.5251,0.413,0.0747,vert_jump,0.875,slide,50.1,32.0,17.9,"""​ Returned punts all four seasons and averaged 8.2 yards per return, including a 67-yard touchdown in 2025"" [and averaged]","""​ Rarely targeted deep in 2025 (caught just four passes on throws of 20-plus yards)"" [plus yards]",-0.0,height,0.1253,0.747,0.645,0.848,11.7,0.088,0.0061,-0.0864,-0.0143,wingspan,-0.0132,percent:0.0090|his career:0.0045|caught:0.0035|targets:0.0033|catch:0.0032|keep:0.0030|point:0.0030|tree:0.0030|touchdown:0.0025|inconsistent:0.0024,mississippi:-0.0035|slot:-0.0034|size:-0.0034|returner:-0.0031|nfl:-0.0030|doesn:-0.0027,miss:0.0092|and averaged:0.0078|return:0.0077|caught:0.0077|hunter:0.0076|makes:0.0047|coleman:0.0046|value as:0.0044|point:0.0043|make the:0.0040,jackson:-0.0109|ethic:-0.0063|plus yards:-0.0063|talent:-0.0056|in 2022:-0.0049|nfl scouts:-0.0048
Jack Endries,TE,Texas,168,beast,roster_bubble,1.4,22.2,67.4,8.9,,"""​ Lacks power in his frame to physically move bodies in the run game"" [run game] || ""He's at his best as a detached tight end with free releases"" [best as]",-0.0134,0.5251,0.1561,-0.0771,vert_jump,0.8508,riser,26.9,30.2,42.9,"""— Endries struggles to make defenders miss post-catch, and his athleticism is lacking."" [struggles to] || ""​ Tracks naturally with dependable ball skills (0.9 percent drop rate over past two seasons)"" [over past] || ""A one-year starter at Texas (and three-year starter overall), Endries lined up inline (65.2 percent of snaps) and detached (34.5 percent) in head coach Steve Sarkisian’s spread scheme"" [lined up, year starter]","""He's at his best as a detached tight end with free releases"" [his best]",0.1114,broad_jump,0.9456,0.817,0.715,0.918,23.6,0.193,0.0059,-0.0864,0.0148,3cone,-0.0248,percent:0.0096|targets:0.0049|blocker:0.0032|body:0.0029|39:0.0025|defenders:0.0024|lined:0.0023|34:0.0022|receiving:0.0022|especially:0.0022,run game:-0.0045|dominant:-0.0034|catcher:-0.0028|athleticism:-0.0027|doesn:-0.0024|ball skills:-0.0023,alignment:0.0049|struggles to:0.0044|walk:0.0039|position but:0.0037|route:0.0035|lacking:0.0035|target:0.0033|over past:0.0032|works:0.0032|coverage:0.0031,blocking:-0.0045|drop:-0.0044|defenders:-0.0042|stronger:-0.0038|and finish:-0.0037|room:-0.0037
Jimmy Rolder,LB,Michigan,169,beast,roster_bubble,4.7,30.9,35.0,29.4,,"""He isn’t explosive as a thumper but drops his firm pads into the ball carrier and rarely misses tackles (4.7 percent missed tackle rate in 2025). Overall, Rolder needs to iron out his overaggressive tendencies, but he plays with ascending instincts and the reactive athleticism to make plays in the NFL. If healthy, he will be an immediate contributor on special teams and offer the potential to become a weakside starter"" [on special, an immediate] || ""​ Hips are a tad sticky in space, limiting his ability to break on the ball (just three career passes defended)"" [passes defended, to break]",-0.013,0.5251,-0.2178,-0.0771,arm,-0.4532,riser,20.9,13.5,65.6,"""He isn’t explosive as a thumper but drops his firm pads into the ball carrier and rarely misses tackles (4.7 percent missed tackle rate in 2025). Overall, Rolder needs to iron out his overaggressive tendencies, but he plays with ascending instincts and the reactive athleticism to make plays in the NFL. If healthy, he will be an immediate contributor on special teams and offer the potential to become a weakside starter"" [ball carrier, missed tackle, pads into] || ""He plays with multi-gap range, legit sideline-to-sideline speed and athletic upside in coverage"" [in coverage] || ""Rolder took advantage of the promotion and led the Wolverines in tackles during his final season"" [led the]","""He isn’t explosive as a thumper but drops his firm pads into the ball carrier and rarely misses tackles (4.7 percent missed tackle rate in 2025). Overall, Rolder needs to iron out his overaggressive tendencies, but he plays with ascending instincts and the reactive athleticism to make plays in the NFL. If healthy, he will be an immediate contributor on special teams and offer the potential to become a weakside starter"" [special teams, an immediate]",0.0,broad_jump,1.3015,0.81,0.709,0.912,35.6,0.288,0.0057,-0.0864,0.0148,hand,-0.018,percent:0.0055|better:0.0034|missed:0.0026|easy:0.0024|turn:0.0023|movement:0.0020|potential:0.0020|and balance:0.0020|limiting his:0.0019|scheme:0.0019,on special:-0.0049|he plays:-0.0046|lack of:-0.0039|passes defended:-0.0036|in coverage:-0.0033|become:-0.0031,linebacker:0.0044|in coverage:0.0043|flashes:0.0038|skills:0.0034|ball carrier:0.0034|size with:0.0031|framed:0.0031|chart:0.0028|led the:0.0028|former defensive:0.0028,special teams:-0.0077|michigan:-0.0073|injuries:-0.0063|an immediate:-0.0057|coverages:-0.0050|three career:-0.0047
Nadame Tucker,EDGE,Western Michigan,170,beast,53_man,1.4,59.0,19.2,20.4,"""He transferred to Western Michigan in 2025 and helped the team to its first MAC Championship, while leading the FBS in sacks per game (1.12), tackles for loss per game (1.62) and pass rush win percentage (28.4 percent). Tucker is a truly unique prospect because of his journey, and NFL teams will need to contextualize why he didn’t produce until his age-25 season in the MAC. He is quick off the ball and can turn the corner with serious closing speed"" [need to, pass rush, leading the] || ""​ Only one season as a full-time starter in the FBS"" [only one] || ""​ Light-framed defender — lacks ideal body mass and arm length"" [ideal body]",,-0.0356,-0.2551,0.1336,0.0694,3cone,0.5943,slide,45.9,26.8,27.3,"""Overall, Tucker might never be well-rounded enough to be an NFL starter, but his high-effort pass rush can earn him a subpackage role"" [enough to] || ""(The Los Angeles Chargers hired O'Leary as their defensive coordinator following the 2025 season.) After he started playing football as a senior in high school, Tucker spent three years at the juco level and three more at Houston, although he played just 161 combined defensive snaps in his Cougars career"" [juco level]",,-0.0,broad_jump,-0.957,0.805,0.703,0.906,60.4,0.486,0.0056,-0.0864,-0.0226,hand,0.0517,michigan:0.0043|western:0.0039|zone:0.0037|defensive:0.0034|inside:0.0030|outside:0.0028|need to:0.0027|strike:0.0027|only one:0.0027|length:0.0026,percent:-0.0056|houston:-0.0052|backside:-0.0036|blockers:-0.0035|himself:-0.0032|per game:-0.0029,rush:0.0060|enough to:0.0057|juco level:0.0056|as senior:0.0051|defender:0.0048|he started:0.0045|immediate:0.0043|spent:0.0041|mac:0.0040|tackles:0.0039,defensive:-0.0058|active:-0.0054|mediocre:-0.0052|nfl scouts:-0.0048|helps:-0.0047|percentage:-0.0044
Marlin Klein,TE,Michigan,171,beast,roster_bubble,4.7,15.2,72.0,8.0,,"""A German native, he moved to the United States in high school and was an understated part of the Wolverines’ offense, with just 38 career catches and more drops (four) than touchdowns (one). Though not on the same level as Colston Loveland, Klein is similar in that he is a better player and athlete than what the Michigan offense allowed him to be"" [in that] || ""​ Adequate hands but catch-point focus can improve (11.1 percent drop rate in 2025)"" [drop rate]",-0.0122,0.5251,0.1561,-0.088,vert_jump,0.8492,riser,16.7,18.9,64.3,,,0.0,broad_jump,0.9456,0.902,0.8,1.0,19.9,0.18,0.0054,-0.0864,0.0169,hand,0.0441,percent:0.0112|focus:0.0039|point:0.0030|improved:0.0029|can be:0.0029|if he:0.0029|catch:0.0028|receiving:0.0026|continues:0.0025|team captain:0.0022,doesn play:-0.0048|center:-0.0039|developing:-0.0036|become:-0.0030|special:-0.0027|shoulder:-0.0026,catches:0.0069|sized athlete:0.0050|tall:0.0047|flashes:0.0038|up speed:0.0038|throws of:0.0032|came:0.0031|vertical:0.0030|bowl:0.0030|is good:0.0029,michigan:-0.0089|projects as:-0.0066|blocks and:-0.0062|touchdowns:-0.0049|catch point:-0.0047|special teams:-0.0045
Nate Boerkircher,TE,Texas A&M,172,beast,roster_bubble,5.0,21.5,70.5,2.9,"""A one-year starter at Texas A&M, Boerkircher was a Y tight end (69.0 percent of snaps inline) in former offensive coordinator Collin Klein’s balanced scheme"" [percent of]","""​ Former walk-on has never been afraid of the work or challenges"" [has never]",-0.0119,0.5251,0.1561,-0.1097,vert_jump,0.8511,consensus,18.9,49.3,31.9,"""He projects as a Day 3 depth option with versatile blocking value."" [projects as]",,-0.0,3cone,0.3141,0.765,0.664,0.867,26.6,0.203,0.0052,-0.0864,0.021,hand,-0.0627,second:0.0042|receiving:0.0042|turn:0.0037|line:0.0035|targets:0.0032|blocker:0.0031|grabs:0.0026|scheme he:0.0025|power:0.0024|catch:0.0022,kick:-0.0038|lack:-0.0031|nfl:-0.0029|good sized:-0.0027|doesn:-0.0027|special:-0.0026,texas:0.0080|projects as:0.0068|talent:0.0062|blocking:0.0052|end:0.0052|blocker:0.0051|entering:0.0044|coverages:0.0044|among:0.0044|isn:0.0042,walk on:-0.0074|blocks:-0.0062|and looks:-0.0053|is good:-0.0044|to earn:-0.0044|catches:-0.0042
Jack Kelly,LB,BYU,173,beast,out_of_league,9.3,28.7,24.7,37.2,,,-0.0444,0.9558,0.2557,-0.0123,40yd,1.0865,riser,15.2,13.4,71.4,"""​ Adequate drop range but too reactive and struggles to challenge throws"" [struggles to]",,0.0,broad_jump,1.2851,0.858,0.757,0.959,38.1,0.327,0.0051,-0.0864,0.0086,hand,0.0299,shoulder:0.0060|position:0.0038|easily:0.0036|throw:0.0035|mismatches:0.0032|missed tackles:0.0029|translates:0.0029|sets:0.0026|battled:0.0025|injuries:0.0025,byu:-0.0073|team captain:-0.0066|least:-0.0038|as blitzer:-0.0035|playing:-0.0032|linebacker:-0.0031,struggles to:0.0051|blitzer:0.0050|straight line:0.0045|linebacker:0.0044|easily:0.0042|stiff:0.0040|nfl scouts:0.0037|solid:0.0035|his athletic:0.0034|four seasons:0.0032,team captain:-0.0075|room:-0.0072|best football:-0.0061|kelly:-0.0056|drop:-0.0051|games the:-0.0047
Landon Robinson,DL,Navy,174,beast,roster_bubble,4.9,12.4,62.0,20.7,"""He has active, sudden hands, although it will be tough to mask his lack of length versus NFL size"" [be tough] || ""He enrolled as a 240-pound linebacker but bulked up to 280 and moved to the defensive line"" [defensive line] || ""Overall, Robinson will be viewed as a classic tweener for most schemes, but his quickness and energy lead directly to production"" [quickness and]","""He has active, sudden hands, although it will be tough to mask his lack of length versus NFL size"" [lack of] || ""Overall, Robinson will be viewed as a classic tweener for most schemes, but his quickness and energy lead directly to production"" [to production]",-0.0111,0.5251,-0.2056,0.0313,height,-0.0,slide,65.5,20.6,13.9,"""Robinson, a three-time “Freaks List” honoree (665-pound squat, 465-pound bench press, 350-pound power clean), is highly attuned to his body and makes his “undersized” features work for him"" [for him] || ""Landon was a multisport athlete all his life, including at Copley High School, where he lettered in baseball, football, track and wrestling (twice qualified for districts). He was an all-state linebacker as a senior with 116 tackles, four sacks and two interceptions (over just 10 games). A two-star recruit, he had mostly FCS offers and originally committed to Lehigh"" [committed to]",,-0.0,height,-0.0,0.779,0.678,0.88,17.3,0.135,0.0049,-0.0864,-0.006,height,-0.0,robinson:0.0034|linebacker:0.0034|ohio:0.0032|press:0.0031|be tough:0.0027|defensive line:0.0025|body:0.0024|captain:0.0021|showed:0.0020|program:0.0019,lack of:-0.0047|nfl:-0.0030|fbs:-0.0029|extremely:-0.0028|undersized:-0.0026|energy:-0.0026,linebacker:0.0138|recruit he:0.0132|for him:0.0077|senior:0.0066|committed to:0.0065|star:0.0062|blocks:0.0060|immediate:0.0056|tackles:0.0051|late:0.0050,ethic:-0.0081|robinson:-0.0074|active:-0.0070|work:-0.0059|baseball:-0.0052|sacks:-0.0051
Nick Barrett,DL,South Carolina,175,beast,53_man,3.0,35.5,32.0,29.4,,"""He also hasn’t yet developed a plan for pass-rush moves and counters, but his quickness and upper-body flexibility suggest he can be more than just a block-eater"" [be more, than just] || ""​ Only one season as a full-time player (fewer than 1,000 career snaps over five years)"" [time player]",-0.0303,-0.2551,0.2552,-0.0326,3cone,0.6565,slide,56.2,39.7,4.1,,,-0.0,40yd,0.2632,0.724,0.623,0.826,38.6,0.279,0.0047,-0.0864,0.0106,3cone,-0.0494,develop:0.0058|tackle:0.0051|long arms:0.0044|zone:0.0041|balance:0.0039|instincts:0.0038|team captain:0.0036|his pass:0.0036|defensive:0.0031|only one:0.0030,blocks:-0.0048|last season:-0.0042|gap:-0.0034|clemson:-0.0033|detached:-0.0033|against:-0.0030,blocks:0.0117|extension:0.0093|rush:0.0064|double teams:0.0045|spent:0.0043|his gap:0.0043|tackles:0.0042|stopping:0.0034|51:0.0034|five years:0.0034,000:-0.0055|upright:-0.0053|defensive:-0.0050|balance:-0.0049|runners:-0.0047|flexibility:-0.0046
Aiden Fisher,LB,Indiana,176,beast,out_of_league,18.2,19.5,24.1,38.1,"""A two-year starter at Indiana (and three-year starter overall), Fisher was the Mike linebacker in defensive coordinator Bryant Haines’ 4-2-5 base (wore the green dot). After leading James Madison in tackles in 2023, he followed Curt Cignetti to Bloomington and became the first Hoosiers linebacker to become an All-American (in 2024 and 2025). He combined for 215 tackles in two seasons at Indiana and was the unquestioned leader of the Hoosiers’ national title-winning defense"" [tackles in, combined for, seasons at] || ""- Lacks the strength and length to take on and disengage blocks from offensive linemen and good blocking tight ends"" [lacks the] || ""Love the competitive fire he shows on every snap"" [he shows]","""He embraces the dirty work and is at his best swarming downhill, although his overaggressive nature will lead to misses"" [although his] || ""- Stiffness and lack of lateral movement skills will lead to misses when trying to tackle shifty running backs and wide receivers in the open field"" [wide receivers]",-0.04,0.9558,0.2557,-0.0153,40yd,1.0016,slide,62.0,16.5,21.5,"""- Decent shoulder-dip move to occasionally make offensive linemen miss on the second level"" [offensive linemen]",,-0.0455,40yd,0.1549,0.816,0.715,0.917,37.7,0.308,0.0046,-0.0864,0.0106,3cone,-0.0082,tackles in:0.0049|lacks the:0.0040|title:0.0039|he shows:0.0036|match:0.0036|coaches:0.0034|center:0.0032|blockers:0.0032|knee:0.0031|pro:0.0028,zone:-0.0049|easy:-0.0040|linebacker:-0.0040|attempts:-0.0033|team captain:-0.0029|running backs:-0.0029,running:0.0089|blocks:0.0085|backs:0.0075|linebacker:0.0066|tackles:0.0063|offensive linemen:0.0058|title:0.0045|in coverage:0.0042|miss:0.0042|as senior:0.0039,match:-0.0075|athletic:-0.0071|grade:-0.0056|pro:-0.0045|build:-0.0043|active:-0.0041
Febechi Nwaiwu,IOL,Oklahoma,177,beast,53_man,3.7,41.5,19.1,35.7,"""A two-year starter at Oklahoma (and four-year starter overall), Nwaiwu started primarily at right guard in 2025 before moving to center for the final two games in offensive coordinator Ben Arbuckle’s scheme"" [year starter, final two] || ""​ Lackluster range when asked to get out in space or pick off linebackers"" [get out] || ""As a run blocker, he is at his best on counter and inside zone, when he can batter and unload on defenders"" [is at]",,-0.0282,-0.2551,0.1013,-0.0645,vert_jump,-0.1851,slide,58.0,27.9,14.1,"""​ Jolts at point of attack to displace defenders against their will"" [attack to] || ""A two-year starter at Oklahoma (and four-year starter overall), Nwaiwu started primarily at right guard in 2025 before moving to center for the final two games in offensive coordinator Ben Arbuckle’s scheme"" [primarily at]","""​ Slow-twitch mover with below-average lateral agility"" [with below]",-0.0,40yd,0.176,0.903,0.802,1.0,45.2,0.408,0.0044,-0.0864,0.021,hand,0.0244,best:0.0040|zone:0.0040|right:0.0032|inside:0.0032|moving:0.0028|asked:0.0027|nation:0.0026|balance:0.0022|place:0.0022|started:0.0019,defenders:-0.0054|offensive line:-0.0042|of attack:-0.0041|keep:-0.0039|himself:-0.0034|texas:-0.0031,guard:0.0086|attack to:0.0065|sec:0.0065|primarily at:0.0056|as senior:0.0054|tends:0.0051|blocks:0.0050|caught:0.0049|point of:0.0047|displace:0.0043,texas:-0.0085|oklahoma:-0.0073|among:-0.0071|ethic:-0.0068|with below:-0.0062|recovery:-0.0053
Jaydn Ott,RB,Oklahoma,178,beast,roster_bubble,4.1,19.7,45.7,30.6,"""He doesn’t have an ideal frame for between-the-tackles work and can be dinged up"" [can be] || ""He is not an elite athlete, but he is more than athletic enough — both linearly and laterally — for the NFL. In 2022 and 2023, he displayed strong patience and awareness, allowing blocks to develop and consistently finding open space"" [more than, finding open] || ""​ Runs with better confidence when he has clear point of entry"" [point of]",,-0.0096,0.5251,0.0742,0.0313,height,-0.0,slide,53.5,30.1,16.4,"""He started to receive early-round grades from NFL scouts based on his freshman and sophomore seasons at Cal"" [seasons at]",,-0.0,height,-0.0,0.819,0.718,0.921,23.8,0.195,0.0042,-0.0864,-0.006,height,-0.0,clear:0.0031|can be:0.0024|struggled:0.0024|scheme he:0.0022|missed:0.0022|press:0.0021|inconsistent:0.0020|point of:0.0020|based:0.0018|runs:0.0017,kick:-0.0057|shoulder:-0.0046|nfl:-0.0032|durability:-0.0031|returner:-0.0026|junior and:-0.0025,kick:0.0077|seasons at:0.0070|senior:0.0056|returner:0.0052|running:0.0049|averaged:0.0044|2024:0.0043|cal:0.0041|blocks:0.0041|transfer:0.0040,oklahoma:-0.0102|nfl scouts:-0.0072|plus yards:-0.0055|athletic:-0.0048|chart:-0.0045|the sooners:-0.0043
Jeremiah Wright,IOL,Auburn,179,beast,out_of_league,3.5,16.4,38.2,41.9,,"""​ Hand placement needs to find better consistency, both in run game and pass pro"" [needs to]",-0.0356,0.9558,0.3298,-0.0033,weight,0.2338,slide,50.6,25.0,24.5,,,-0.0455,weight,0.0683,0.856,0.755,0.957,19.9,0.17,0.0041,-0.0864,0.0023,wingspan,0.0104,stay:0.0060|size:0.0044|run game:0.0038|junior and:0.0038|knee:0.0038|time starter:0.0035|guard:0.0034|reps:0.0032|started every:0.0031|pass sets:0.0030,needs to:-0.0063|develop:-0.0052|defensive:-0.0042|skills:-0.0041|heavy:-0.0040|rushers:-0.0037,square:0.0074|guard:0.0073|blocks:0.0072|wright:0.0069|double teams:0.0066|late:0.0060|tendencies:0.0049|gap:0.0044|senior seasons:0.0039|shoulders:0.0038,footwork:-0.0052|reps:-0.0045|recovery:-0.0045|staff:-0.0044|pro:-0.0044|defensive:-0.0043
JC Davis,OT,Illinois,180,beast,out_of_league,8.2,13.5,32.9,45.4,"""He relies on his length and angles to keep pass rushers blocked, although he can be late with his punches and doesn’t have the reactive skills for sudden recoveries"" [and doesn, be late] || ""Though he is more strong than powerful in the run game, he has the grip strength to pull/redirect defenders’ balance"" [run game] || ""— Extensive experience at left tackle"" [experience at]","""He relies on his length and angles to keep pass rushers blocked, although he can be late with his punches and doesn’t have the reactive skills for sudden recoveries"" [pass rushers] || ""​ Penalties dropped from nine in 2024 to only one (holding) in ‘25"" [only one]",-0.0342,0.9558,0.3298,-0.0003,height,0.0,slide,57.9,27.7,14.5,"""​ Gets in trouble in run game when he dips his head into contact and falls off blocks"" [into contact]","""He relies on his length and angles to keep pass rushers blocked, although he can be late with his punches and doesn’t have the reactive skills for sudden recoveries"" [and doesn, relies on]",-0.0455,height,-0.0,0.855,0.753,0.956,21.7,0.185,0.0039,-0.0864,0.0002,height,-0.0,run game:0.0046|and doesn:0.0043|guard:0.0033|easily:0.0033|work:0.0026|good sized:0.0026|timing:0.0026|junior:0.0025|experience at:0.0024|twists:0.0022,tackle:-0.0046|attempts:-0.0039|experienced:-0.0036|blocker:-0.0034|leverage:-0.0033|pull:-0.0032,davis:0.0115|into contact:0.0098|late:0.0086|guard:0.0074|chest:0.0068|solid:0.0068|kick:0.0048|blocks:0.0043|defenders:0.0036|wide:0.0036,left tackle:-0.0081|adequate:-0.0078|illinois:-0.0075|and doesn:-0.0062|ethic:-0.0058|relies on:-0.0053
Kaelon Black,RB,Indiana,181,beast,roster_bubble,1.5,14.5,52.8,31.2,,"""Though mashing the gas pedal helps him produce, he could benefit from added patience to eliminate false-stepping cuts"" [benefit from] || ""He and Hemby each topped 1,000 rushing yards in 2025, making them the only FBS pair to accomplish that feat, and Black led the Hoosiers in rushing yards in each of Indiana’s final four games (Ohio State, Alabama, Oregon and Miami). A short, well-built back, Black runs balanced, low to the ground and consistently finds cracks at the line of scrimmage"" [rushing yards]",-0.0085,0.5251,0.0742,-0.088,height,-0.0,slide,68.3,20.1,11.6,"""After four seasons at James Madison, he followed Curt Cignetti to Bloomington, where he emerged as a vital part of Indiana’s national title run"" [where he]","""He and Hemby each topped 1,000 rushing yards in 2025, making them the only FBS pair to accomplish that feat, and Black led the Hoosiers in rushing yards in each of Indiana’s final four games (Ohio State, Alabama, Oregon and Miami). A short, well-built back, Black runs balanced, low to the ground and consistently finds cracks at the line of scrimmage"" [yards in]",-0.0455,height,-0.0,0.833,0.732,0.935,16.0,0.134,0.0037,-0.0864,0.0169,height,-0.0,second:0.0060|line:0.0030|behind:0.0025|james:0.0023|targets:0.0022|keep:0.0020|the point:0.0019|ohio state:0.0018|receiving:0.0017|of attack:0.0017,running:-0.0039|required:-0.0035|center:-0.0026|size:-0.0022|benefit from:-0.0022|key:-0.0021,running:0.0090|backfield:0.0044|attack:0.0044|his feet:0.0039|recruit:0.0038|averaged:0.0034|keeps:0.0034|acl:0.0033|star:0.0033|seasons at:0.0032,black:-0.0081|yards in:-0.0063|grade:-0.0050|part of:-0.0041|pro:-0.0040|helps:-0.0040
Kendrick Law,WR,Kentucky,182,beast,roster_bubble,1.5,16.4,44.6,37.5,"""A one-year starter at Kentucky, Law lined up primarily in the slot (77.3 percent of his snaps in 2025) in former offensive coordinator Bush Hamdan’s scheme (Hamdan is now quarterbacks coach for the Miami Dolphins). After serving primarily as a gadget guy (jet sweeps, screens) at Alabama, Law saw his target share and usage expand with the Wildcats in 2025, although he was still predominantly an underneath receiver (3.4-yard average depth of target; one of just four FBS receivers under 3.5). Law is unimpressive on paper because of his college usage and underwhelming production"" [percent of]",,-0.0081,0.5251,0.413,0.0422,40yd,-1.0419,riser,37.7,16.2,46.1,,,0.0,broad_jump,0.9838,0.753,0.651,0.854,17.9,0.134,0.0036,-0.0864,-0.0081,hand,-0.0184,receiving:0.0052|targets:0.0033|potential:0.0032|lined:0.0026|downfield:0.0024|catch:0.0022|deep:0.0022|scheme:0.0018|skills and:0.0018|tree:0.0017,special:-0.0055|usage:-0.0054|although:-0.0033|long arms:-0.0032|nfl:-0.0030|when asked:-0.0026,catches:0.0068|testing:0.0056|relies:0.0052|below average:0.0052|athletic:0.0044|tracking:0.0043|the slot:0.0041|works:0.0035|experience:0.0035|open field:0.0034,special teams:-0.0074|releases:-0.0055|return:-0.0048|yard:-0.0038|alabama:-0.0034|awareness:-0.0033
Michael Taaffe,S,Texas,183,beast,53_man,2.7,43.1,35.1,19.2,"""— He possesses an excellent work ethic and will bring an added special teams floor with over 500 special teams snaps in his collegiate career"" [collegiate career, he possesses] || ""​ Aggressive tendencies leave him playing catch-up mode"" [him playing] || ""​ Lack of strength presents itself in both coverage and run support"" [and run]","""Taaffe is an easy player to appreciate because of his feel for the game and toughness — even if his size, strength and athletic traits fall below what most teams desire at the position"" [because of]",-0.0218,-0.2551,0.0815,-0.0326,wingspan,0.4725,slide,49.2,29.5,21.3,"""Overall, Taaffe has NFL-level instincts, but that probably won’t be enough for him to overcome his underwhelming physical traits and become a regular on an NFL defense"" [him to]",,-0.0455,arm,-0.1781,0.754,0.653,0.855,45.7,0.345,0.0034,-0.0864,0.0106,wingspan,-0.0234,instincts:0.0046|tackle:0.0037|feel:0.0034|lack:0.0031|zone:0.0030|excellent:0.0027|support:0.0025|defense:0.0025|defensive:0.0022|arms:0.0021,the box:-0.0046|single high:-0.0043|punt:-0.0032|safety in:-0.0027|position to:-0.0026|himself:-0.0025,tackles:0.0066|sec:0.0049|tendencies:0.0043|blocks and:0.0040|as senior:0.0040|keeps:0.0040|special:0.0035|on an:0.0033|post snap:0.0033|leave:0.0033,athletic:-0.0074|the box:-0.0064|ethic:-0.0050|instincts:-0.0045|recovery:-0.0040|defensive:-0.0037
Jakobe Thomas,S,Miami (FL),184,beast,roster_bubble,4.3,35.1,43.8,16.9,,,-0.0073,0.5251,-0.585,-0.0771,vert_jump,0.6148,riser,26.4,20.6,53.1,"""​ Runs the alley with conviction and fearless throwing his body around"" [with conviction, the alley] || ""He reads it, triggers and looks to tune up ball carriers"" [and looks] || ""He tracks the quarterback well from depth with ball skills but will overthink route concepts and isn’t as effective once he turns his back to the ball"" [skills but]",,0.1114,broad_jump,1.215,0.662,0.56,0.763,39.4,0.261,0.0032,-0.0864,0.0148,hand,-0.1069,thomas:0.0075|tennessee:0.0032|body:0.0026|national:0.0026|lined:0.0021|program:0.0020|missed:0.0020|quarterback:0.0020|against:0.0018|finished:0.0018,safety:-0.0050|special:-0.0036|lead to:-0.0034|passes defended:-0.0027|in coverage:-0.0025|safeties:-0.0023,spacing:0.0048|attempting:0.0042|and looks:0.0039|skills but:0.0035|in coverage:0.0033|catches:0.0032|route:0.0032|keys:0.0029|nfl scouts:0.0029|tackling:0.0028,miami:-0.0055|interceptions:-0.0054|special:-0.0047|backfield:-0.0040|pursuit:-0.0037|lead:-0.0037
Dallen Bentley,TE,Utah,185,beast,53_man,2.3,56.4,27.5,13.8,,,-0.0196,-0.2551,0.4998,-0.0326,broad_jump,0.4825,slide,51.2,29.9,18.9,"""But he made up for lost time in his senior season for the Utes, finishing second on the team in receiving (and he would have had 25 more catches had he played with a more accurate quarterback). A zone monster, Bentley has a great feel for urgently sitting down, securing the catch and then finding hidden yards as a tough-to-finish runner"" [catch and] || ""​ Natural hands catcher (zero drops on 76 targets in 2025)"" [drops on]",,-0.0,broad_jump,-0.8434,0.835,0.734,0.936,58.7,0.491,0.0031,-0.0864,0.0106,hand,0.0441,zone:0.0068|only one:0.0049|catch:0.0046|feel:0.0046|issues:0.0046|leads:0.0033|hands:0.0032|need to:0.0030|arms:0.0029|become:0.0027,receiving:-0.0078|tight:-0.0049|blocker:-0.0037|runs:-0.0035|efficiency:-0.0032|pick:-0.0031,catch and:0.0071|drops on:0.0060|keeps:0.0052|blocks:0.0048|his feet:0.0048|solid:0.0045|giving:0.0040|win with:0.0036|carry:0.0035|finishing second:0.0033,talent:-0.0058|blocker:-0.0045|great:-0.0045|entering:-0.0042|the team:-0.0042|to sustain:-0.0038
George Gumbs,EDGE,Florida,186,beast,roster_bubble,4.8,15.6,56.7,22.9,,"""Missed three games as a senior because of injury, including final two after surgery to repair meniscus in right knee (Nov"" [final two] || ""366 Back to table of contents Overall, Gumbs is more talented than skilled in his edge duties, but he is explosive, physical and selfless against the run"" [against the]",-0.0066,0.5251,-0.1792,0.053,vert_jump,0.6811,riser,24.7,21.0,54.2,,"""Missed three games as a senior because of injury, including final two after surgery to repair meniscus in right knee (Nov"" [right knee]",0.0,broad_jump,0.9645,0.867,0.766,0.969,20.4,0.177,0.0029,-0.0864,-0.0102,hand,0.0517,improved:0.0051|at florida:0.0041|years:0.0035|his career:0.0027|missed:0.0026|attempts:0.0025|caught:0.0021|lower body:0.0021|every:0.0020|gaps and:0.0020,run game:-0.0043|knee:-0.0031|asked to:-0.0025|pass:-0.0024|graded:-0.0023|walk on:-0.0023,walk:0.0076|below average:0.0053|linebacker:0.0044|flashes:0.0038|works:0.0036|his man:0.0034|loses:0.0031|missed three:0.0030|illinois:0.0029|former defensive:0.0028,florida:-0.0072|right knee:-0.0053|final two:-0.0041|counters:-0.0039|as senior:-0.0039|hand:-0.0037
Seth McGowan,RB,Kentucky,187,beast,roster_bubble,3.3,28.8,49.3,18.6,"""​ Character background is vital — arrested in April 2021 on multiple charges, dismissed from Oklahoma’s program and later pleaded guilty to larceny of a person at nighttime; sentenced to one year of probation after spending three months in jail"" [year of] || ""Dismissed from the Sooners’ program, McGowan began a winding journey that led him from Texas College, an NAIA school, to Butler Community College, then to New Mexico State and ultimately Kentucky, where he fought through multiple injuries to start all 11 games in 2025. At 6-foot and 215 pounds, McGowan has the frame of a legitimate NFL back with difference-making athleticism"" [games in] || ""​ Presses the line with clear vision and minimal wasted steps"" [the line]","""He has the tools to be reliable in pass protection, though he had a few costly misses in 2025. McGowan has also seen steady work as a receiver but is not as dynamic in that phase of his game"" [tools to, receiver but, be reliable] || ""Thanks to his ability to read blocks, he runs with steady tempo between the tackles and in the open field, but he’s missing tackle-breaking balance and a pull-away gear to get past the second level (ranked 207th in the FBS with just 13 runs of 10-plus yards). Overall, McGowan is a good-sized, coordinated athlete with adequate vision and run strength, although his lack of explosive traits and inconsistent third-down value will make it an uphill climb to prove his worth on an NFL roster"" [vision and, open field]",-0.0062,0.5251,0.0742,-0.0554,vert_jump,0.6456,slide,62.0,16.9,21.1,"""A former four-star recruit who saw immediate playing time at Oklahoma, his path took a dramatic turn after he was arrested, pleaded guilty to felony larceny and served three months in jail, followed by a year of probation"" [star recruit]",,-0.0,height,-0.1209,0.866,0.765,0.968,32.1,0.278,0.0027,-0.0864,0.0106,hand,0.0361,second:0.0036|year of:0.0033|productive:0.0028|games in:0.0024|program:0.0021|missed:0.0021|pull:0.0021|inconsistent:0.0020|turn:0.0019|finished:0.0019,conversion:-0.0028|lack:-0.0027|vision and:-0.0021|shoulder:-0.0021|screen game:-0.0021|tools to:-0.0021,blocks:0.0067|star recruit:0.0056|sec:0.0052|tackles and:0.0050|drops:0.0043|touchdowns:0.0038|immediate:0.0037|vision:0.0035|make it:0.0027|but didn:0.0027,oklahoma:-0.0099|fumbles:-0.0065|plus:-0.0060|adequate:-0.0058|arrested:-0.0051|chart:-0.0044
Will Kacmarek,TE,Ohio State,188,beast,53_man,3.1,42.6,42.0,12.3,,"""​ Can rumble down the seam but will have trouble running away from anyone (saw only three targets of 20-plus yards, although he caught them all)"" [will have]",-0.0164,-0.2551,0.4998,-0.0709,broad_jump,0.476,slide,45.2,19.4,35.4,,"""​ Can rumble down the seam but will have trouble running away from anyone (saw only three targets of 20-plus yards, although he caught them all)"" [plus yards]",-0.0,broad_jump,-0.8319,0.833,0.732,0.935,45.7,0.38,0.0026,-0.0864,0.0231,3cone,-0.0248,zone:0.0067|tackle:0.0049|hands:0.0039|lead:0.0039|although:0.0032|ohio:0.0032|catch:0.0030|sets:0.0030|only one:0.0029|edge:0.0025,percent:-0.0103|tight:-0.0060|will have:-0.0050|of attack:-0.0041|drops:-0.0037|second:-0.0030,drops:0.0089|2024:0.0063|running:0.0058|seasons at:0.0049|blocks:0.0048|transfer:0.0047|caught:0.0047|of attack:0.0046|mentality:0.0045|point:0.0045,buckeyes:-0.0069|ohio state:-0.0067|plus yards:-0.0065|technique:-0.0053|describe:-0.0043|adequate:-0.0042
Jalen Huskey,CB,Maryland,189,beast,53_man,4.1,48.6,20.8,26.6,"""and other Maryland vets in the room). He did an impressive job learning how to communicate and made all the adjustments based on pre-snap looks"" [how to]","""He needs to tighten his angles but brings physicality as a run defender"" [run defender]",-0.0153,-0.2551,-0.1555,-0.0071,hand,0.2005,slide,73.0,17.0,10.0,"""Formerly a cornerback at Bowling Green, he joined the Terps and then transitioned to safety midway through the 2024 season"" [to safety, the 2024] || ""He needs to tighten his angles but brings physicality as a run defender"" [run defender]",,-0.0,40yd,0.1366,0.659,0.557,0.76,52.7,0.347,0.0024,-0.0864,0.0023,hand,-0.0925,cornerback:0.0063|feel:0.0051|zone:0.0044|balance:0.0042|instincts:0.0040|team captain:0.0038|defensive:0.0033|angles:0.0032|strike:0.0032|outstanding:0.0030,safety:-0.0047|punt:-0.0047|run defender:-0.0031|room:-0.0028|prior:-0.0025|box:-0.0025,run defender:0.0090|to safety:0.0066|the 2024:0.0059|as senior:0.0059|tends:0.0055|looks:0.0051|green:0.0050|shoulders:0.0049|tackles:0.0046|based on:0.0043,adequate:-0.0079|upright:-0.0058|defensive:-0.0055|tackling:-0.0054|balance:-0.0054|great:-0.0050
Reggie Virgil,WR,Texas Tech,190,beast,roster_bubble,1.9,15.6,79.3,3.2,"""He flashes suddenness in his release package to gain an initial advantage and can drop his weight at the top of routes to create spacing"" [top of]","""​ Strong character feedback (NFL scout: “Quiet kid but puts his head down and works … does whatever the coaches ask.”)"" [down and] || ""He is tougher than his frame would have you believe, but he likely will require an adjustment period with NFL physicality mid-route and at the catch point"" [would have]",-0.0051,0.5251,0.413,0.053,vert_jump,0.8759,riser,11.2,32.0,56.8,,,0.0,broad_jump,1.0637,0.779,0.678,0.88,17.5,0.136,0.0022,-0.0864,-0.0102,broad_jump,0.0123,percent:0.0053|at texas:0.0033|catch:0.0028|ohio:0.0026|receiving:0.0025|corners:0.0025|press:0.0025|initial:0.0020|body:0.0019|vertical:0.0019,on special:-0.0047|coverages:-0.0040|kick:-0.0039|nfl:-0.0030|shoulder:-0.0026|breakout:-0.0024,tall:0.0080|below average:0.0053|route:0.0050|easily:0.0041|catches:0.0041|adjustment:0.0039|flashes:0.0038|tech:0.0037|works:0.0036|spacing:0.0036,coverages:-0.0105|special teams:-0.0076|miami:-0.0056|kick:-0.0053|drop:-0.0050|yards per:-0.0047
Cade Klubnik,QB,Clemson,191,beast,roster_bubble,3.2,12.4,58.6,25.9,"""Klubnik delivers with above-average touch to all levels of the field and shows enough arm strength to drive the ball down the seam or outside the numbers, when his mechanics are sound"" [arm strength, down the] || ""3 in school history in career passing yards, behind only Tajh Boyd and Deshaun Watson"" [school history, deshaun watson] || ""​ Competitive leader and wants the ball in big moments (“oldest sibling theory”)"" [leader and]","""His lack of pace on his passes shows up in his high turnover-worthy play rate over the middle of the field, and there are times when he has to stand and pass on his toes to see over the line"" [lack of] || ""Klubnik has struggled to play with consistency without the threat of a running game"" [play with]",-0.0047,0.5251,0.5572,-0.1097,wingspan,-0.1148,slide,54.5,20.1,25.4,,"""His lack of pace on his passes shows up in his high turnover-worthy play rate over the middle of the field, and there are times when he has to stand and pass on his toes to see over the line"" [the middle]",-0.0455,weight,-0.0424,0.864,0.762,0.965,15.5,0.134,0.0021,-0.0864,0.021,hand,0.0232,second:0.0045|pocket:0.0045|inconsistent:0.0031|struggled:0.0030|decision:0.0029|school history:0.0027|arm strength:0.0022|line:0.0022|productive:0.0021|improved:0.0018,lack of:-0.0023|play with:-0.0023|enough:-0.0020|need:-0.0018|streak:-0.0018|safeties:-0.0018,as senior:0.0067|star:0.0052|late:0.0051|player of:0.0045|enough:0.0035|running:0.0035|recruit:0.0035|post snap:0.0032|making:0.0032|decision:0.0030,texas:-0.0062|talent:-0.0059|the middle:-0.0054|pressure:-0.0053|arm:-0.0050|40:-0.0048
Mikail Kamara,EDGE,Indiana,192,beast,out_of_league,3.1,20.0,17.2,59.7,,,-0.0166,1.655,0.0376,0.0475,height,0.0,slide,70.5,17.8,11.7,"""​ Cleaned up missed tackles in 2025 but can get better with break-down mechanics"" [missed tackles]","""​ Short-area quickness to work his way around roadblocks"" [work his]",-0.0,height,-0.0,0.734,0.633,0.836,23.1,0.17,0.0019,-0.1341,-0.033,height,-0.0,blockers:0.0098|shoulder:0.0057|he shows:0.0046|injuries:0.0040|doesn:0.0040|tackles in:0.0037|break:0.0036|to work:0.0032|title:0.0030|required:0.0027,history:-0.0053|better:-0.0043|attempts:-0.0041|short area:-0.0032|was an:-0.0031|james:-0.0029,missed tackles:0.0054|rush:0.0048|the 2021:0.0048|shoulders:0.0042|physical hands:0.0037|title:0.0035|arriving:0.0029|2024:0.0029|defender:0.0028|sprain:0.0027,athletic:-0.0055|work his:-0.0051|nfl scouts:-0.0048|bryant:-0.0042|short area:-0.0041|adequate:-0.0040
Trey Moore,EDGE,Texas,193,beast,53_man,0.7,45.3,31.3,22.7,"""​ Flashes twitch in lower half, with good speed in open field"" [lower half, good speed] || ""He added nuance to his pass-rush attack over the years and understands how to gain ground by setting up his rush moves"" [his pass] || ""​ Often finds himself too far upfield, behind the quarterback"" [too far, often finds]",,-0.0111,-0.5246,0.1336,0.0439,3cone,0.6558,slide,75.5,20.5,4.1,"""After two record-setting seasons at UTSA, he took his talents to Austin, but he struggled to maintain the pace set by his underclassman production"" [seasons at]",,-0.0,3cone,0.173,0.631,0.53,0.732,46.0,0.291,0.0017,-0.1341,-0.0143,hand,-0.0602,edge:0.0045|instincts:0.0038|his pass:0.0036|leads:0.0034|sets:0.0031|short area:0.0030|length:0.0030|rush:0.0024|leverage:0.0022|through contact:0.0022,the box:-0.0064|gain:-0.0036|take on:-0.0035|part time:-0.0032|him down:-0.0031|blockers:-0.0024,rush:0.0066|linebacker:0.0056|seasons at:0.0051|point:0.0048|stack:0.0047|role in:0.0047|stand:0.0043|backfield:0.0042|coordinator pete:0.0038|time starter:0.0038,the box:-0.0088|match:-0.0064|timing:-0.0059|texas:-0.0051|initial:-0.0047|short area:-0.0045
Pat Coogan,IOL,Indiana,194,beast,53_man,0.7,47.0,31.4,20.9,"""He wasn’t expected to be a starter at Notre Dame in 2024, but he was pushed into duty at center and then later transferred to the Hoosiers for his final season in 2025. He was up and down throughout his final season but didn’t allow a sack and played at a more consistent level during the College Football Playoff"" [during the, notre dame] || ""— Deliberate pacing, timing and depth when uncovered to sort basic lines games, stunts and locate most dangerous man"" [and locate] || ""— Feet die quickly after initial surge leaving him stranded or overextended against slippery defenders"" [leaving him]",,-0.01,-0.5246,0.1013,-0.0517,broad_jump,0.4877,riser,11.7,10.1,78.2,,"""He wasn’t expected to be a starter at Notre Dame in 2024, but he was pushed into duty at center and then later transferred to the Hoosiers for his final season in 2025. He was up and down throughout his final season but didn’t allow a sack and played at a more consistent level during the College Football Playoff"" [his final]",0.1114,broad_jump,0.9688,0.866,0.765,0.967,47.7,0.413,0.0016,-0.1341,0.0169,hand,0.0515,rushers:0.0045|redirect:0.0034|punch:0.0028|strike:0.0027|offensive:0.0027|short area:0.0027|during the:0.0027|length:0.0027|pad:0.0027|issues:0.0025,defenders:-0.0051|keep:-0.0037|second level:-0.0032|ten:-0.0029|at center:-0.0028|against:-0.0027,easily:0.0067|rushers:0.0052|technician:0.0052|of direction:0.0049|pad level:0.0045|tall:0.0045|walk:0.0042|once:0.0039|flashes:0.0036|change:0.0036,his final:-0.0054|projects as:-0.0037|blocks and:-0.0035|defenders:-0.0034|at center:-0.0033|transferred to:-0.0032
Albert Regis,DL,Texas A&M,195,beast,roster_bubble,0.3,30.8,45.7,23.2,"""Limited bag of tricks as pass rusher — finished his college career with just 3.5 sacks"" [college career, finished his] || ""A two-year starter at Texas A&M, Regis was the nose tackle and played from B-gap to B-gap in head coach Mike Elko’s versatile front"" [at texas, in head] || ""If there is a Poona Ford-like prospect in this draft class, it is Regis"" [this draft]","""Overall, Regis is a compact plugger, and his lack of length shows on tape, but he wins with strength, leverage and instincts to be disruptive versus the run"" [lack of, the run, length shows] || ""He will have a tough time disconnecting from longer-armed blockers in the NFL, but he plays with passion and a GPS for the football"" [he plays]",-0.0032,0.513,-0.2056,-0.0771,vert_jump,0.898,slide,43.0,29.3,27.7,"""​ Controlled run defender — flat back and low pads"" [run defender]","""The Aggies have boasted a ton of four- and five-star defensive linemen over the last half-decade, but Regis was a lower-rated recruit and more of an underdog who has earned everything that has come his way"" [his way]",-0.0,broad_jump,-0.9778,0.709,0.607,0.81,31.2,0.221,0.0014,-0.1341,0.0148,3cone,-0.0506,line:0.0039|college career:0.0033|gaps:0.0032|missed:0.0028|especially:0.0027|finished his:0.0026|aggies:0.0023|caught:0.0023|rest:0.0022|at texas:0.0021,lack of:-0.0041|nose tackle:-0.0036|he plays:-0.0028|the run:-0.0025|ford:-0.0023|size:-0.0021,blocks:0.0085|nose:0.0065|recruit:0.0060|miss:0.0059|extension:0.0056|as senior:0.0055|gap:0.0053|star:0.0053|run defender:0.0050|caught:0.0049,ethic:-0.0069|quickness:-0.0063|athletic:-0.0060|defensive:-0.0051|texas:-0.0051|work:-0.0050
Roman Hemby,RB,Indiana,196,beast,out_of_league,3.1,23.6,28.1,45.1,"""Averaged just 3.8 yards per carry during the Big Ten Championship Game and College Football Playoff Hemby is a former three-star recruit from Edgewood, Maryland, who initially committed to Maryland out of high school"" [big ten, star recruit] || ""Overall, Hemby is a linear back with only average vision and power, but he is a decisive runner with acceleration to clear holes and get downhill"" [and get] || ""That extensive starting experience shows up in his high football IQ. He is detail-oriented as a runner, showing patience to let blocks develop and strong technique both as a pass protector and receiver"" [high football, starting experience]","""Being your team’s leading rusher four straight seasons is no small feat, although Hemby needs to show more development as a blocker"" [needs to] || ""He led his home state Maryland in rushing for three straight seasons before the Terps decided to move on, which was painful for Hemby in the moment but turned out for the best"" [for three]",-0.0108,1.655,-0.0211,-0.0063,40yd,1.101,slide,55.6,31.7,12.7,"""Overall, Hemby is a linear back with only average vision and power, but he is a decisive runner with acceleration to clear holes and get downhill"" [only average]",,-0.0455,40yd,0.1702,0.731,0.63,0.832,26.7,0.196,0.0012,-0.1341,0.0044,hand,-0.0222,and get:0.0032|is not:0.0031|runs:0.0030|blocks with:0.0026|show:0.0026|position:0.0026|pro:0.0025|cuts:0.0025|catcher:0.0025|big ten:0.0023,needs to:-0.0047|zone:-0.0044|develop:-0.0039|scheme:-0.0033|offensive:-0.0027|runner:-0.0026,running:0.0083|miss:0.0066|blocks:0.0056|only average:0.0055|catch and:0.0049|rusher:0.0048|star recruit:0.0047|kick returner:0.0046|enough to:0.0041|as pass:0.0040,acceleration:-0.0066|in 2022:-0.0059|grade:-0.0052|decisive:-0.0049|rushing:-0.0045|pro:-0.0042
Justin Jefferson,LB,Alabama,197,beast,out_of_league,4.4,12.5,25.7,57.4,"""- Quick to key and diagnose gap runs as a run defender and can beat offensive linemen to the spot"" [run defender] || ""- Takes on blocks with his hands and has decent physicality to help get some extension on blocks"" [blocks with] || ""He is a twitchy tackler but needs to use that same physicality when attacking blocks"" [when attacking, that same]","""He is a twitchy tackler but needs to use that same physicality when attacking blocks"" [needs to]",-0.0093,1.655,0.2557,-0.0093,weight,-0.2122,slide,76.8,13.5,9.7,"""More likely to try to run around blockers than to use his hands to work off them"" [his hands] || ""Sucked up and spit out by offensive linemen"" [offensive linemen] || ""- Quick to key and diagnose gap runs as a run defender and can beat offensive linemen to the spot"" [run defender]",,-0.0455,height,0.0949,0.707,0.606,0.808,16.9,0.119,0.0011,-0.1341,0.0065,hand,-0.0371,work:0.0047|jefferson:0.0038|run defender:0.0033|blockers:0.0033|likely:0.0030|blocks with:0.0029|alabama:0.0029|disrupt:0.0028|runs:0.0027|special:0.0024,needs to:-0.0065|movement:-0.0053|linebacker:-0.0050|quarterback:-0.0046|zone:-0.0040|better:-0.0034,blocks:0.0086|linebacker:0.0084|his hands:0.0077|offensive linemen:0.0073|run defender:0.0061|caught:0.0060|solid:0.0057|into contact:0.0049|sec:0.0048|running:0.0043,tackling:-0.0062|work:-0.0044|timing:-0.0042|being:-0.0041|quarterback:-0.0039|acceleration:-0.0035
Anez Cooper,IOL,Miami (FL),198,beast,roster_bubble,0.8,9.0,68.1,22.1,"""​ All his starts (98.5 percent of his snaps) came at right guard — Wide-bodied frame with a dense, thick build and great length"" [percent of]","""​ Weighed more than 400 pounds going into senior year of high school — weight still needs to be monitored moving forward"" [senior year]",-0.002,0.513,-0.1829,-0.0446,vert_jump,0.5069,slide,51.3,26.9,21.8,"""A three-and-a-half-year starter at Miami, Cooper entrenched himself at right guard in offensive coordinator Shannon Dawson’s balanced scheme"" [right guard]","""However, he relies more on force than leverage to execute blocks, and he lacks the ideal agility and twitch to match up with NFL speed"" [to match]",-0.0455,weight,0.0801,0.814,0.713,0.915,9.8,0.08,0.0009,-0.1341,0.0086,wingspan,0.0135,body:0.0038|moving:0.0037|backside:0.0034|line:0.0033|targets:0.0031|scheme:0.0029|power:0.0029|college career:0.0028|blocker:0.0024|missed:0.0024,sets:-0.0047|lack:-0.0030|long arms:-0.0030|thick:-0.0029|senior year:-0.0024|wide:-0.0024,right guard:0.0083|moving:0.0053|leaving:0.0049|extension:0.0047|blocks and:0.0046|immediate:0.0040|can find:0.0039|double teams:0.0039|displace:0.0037|physical:0.0036,upright:-0.0096|to match:-0.0059|relies:-0.0051|active:-0.0050|000:-0.0048|snaps:-0.0041
Armaj Reed-Adams,IOL,Texas A&M,199,beast,roster_bubble,1.4,34.5,36.5,27.7,"""​ Vocal team captain; often rallies the troops in the huddle (became known for smashing a folding chair as a prop)"" [team captain] || ""​ Average blocking range — effectiveness declines the further he gets from the line"" [the line] || ""​ Highly penalized player (combined 29 flags over the past three seasons)"" [past three]","""Overall, Reed-Adams has NFL-ready size and is at his best using his run strength on down blocks, but his balance issues could be a limiting factor at the next level"" [balance issues, could be, next level] || ""He is stout versus power, but his feet tend to lose life against counter moves, which can create pass-rush lanes"" [rush lanes]",-0.0017,0.513,-0.1829,0.0205,height,-0.0,slide,74.2,15.5,10.2,"""​ Played through left labrum injury during the 2024 season and underwent surgery after the regular season (Dec"" [the 2024]",,-0.0,height,-0.0,0.813,0.712,0.915,35.9,0.292,0.0007,-0.1341,-0.0039,height,-0.0,adams:0.0050|body:0.0035|pocket:0.0025|turn:0.0024|team captain:0.0023|the line:0.0023|aggies:0.0023|defenders:0.0022|years:0.0022|movement:0.0021,size:-0.0036|long arms:-0.0035|nfl:-0.0033|to earn:-0.0029|pounds:-0.0026|lose:-0.0024,reed:0.0152|guard:0.0088|blocks:0.0087|recruit:0.0061|the 2024:0.0056|drops:0.0056|role in:0.0047|spent:0.0045|to earn:0.0044|defenders:0.0043,footwork:-0.0063|relies on:-0.0063|texas:-0.0052|former:-0.0051|pounds:-0.0051|joining:-0.0049
Tyreak Sapp,EDGE,Florida,200,beast,53_man,0.6,36.3,31.2,31.9,"""He isn’t a pass-rush technician and lacks the burst to get offensive tackles turned when attempting to win the corner"" [offensive tackles] || ""- Lacks the ideal height for an NFL defensive end and has shorter arms, which also impacts his use of hands and allows offensive linemen to make the first significant contact"" [for an] || ""​ Competes with positive energy, on and off the field (Billy Napier: “He never has a bad day"" [and off]","""He played the same number of snaps as a senior in 2025 but saw a considerable production dip — his tackles for loss dropped from 13.0 to 3.5; sacks from seven to one"" [of snaps] || ""- Use of hands as a pass-rusher is poor; Sapp either drops his hands, is very inaccurate or doesn't have good timing to win the hand fight against offensive tackles"" [is poor]",-0.0036,-0.5246,0.1336,0.0567,wingspan,0.518,slide,84.4,6.2,9.3,"""Also, Sapp is quick to get his hands up as a run defender and can knock linemen climbing to the second level off their path to help free up linebackers"" [his hands]",,-0.0455,40yd,0.2915,0.736,0.635,0.838,36.9,0.271,0.0006,-0.1341,-0.0185,wingspan,-0.0257,offensive tackles:0.0041|inside:0.0039|outside:0.0037|hands:0.0035|feel:0.0033|edge:0.0031|practice:0.0023|best:0.0023|pass rush:0.0022|defensive:0.0022,gap:-0.0040|on blocks:-0.0038|florida:-0.0031|punt:-0.0030|against:-0.0029|lacks:-0.0027,blocks:0.0087|tackles:0.0084|stack:0.0065|florida:0.0059|linemen:0.0058|his hands:0.0057|rush:0.0054|as pass:0.0041|kick:0.0037|extension:0.0037,grade:-0.0053|sacks:-0.0048|lacks:-0.0045|ideal:-0.0043|pro:-0.0043|quickness:-0.0042
Domani Jackson,CB,Alabama,201,beast,out_of_league,0.8,10.8,34.6,53.8,,"""He needs to do a better job tracking the quarterback through the route and play stronger through the catch (only one pass breakup in 2025). Overall, Jackson is a battle-tested size-speed athlete, but his inconsistent eye discipline and short-area movements held him back on his college tape"" [needs to]",-0.0035,1.655,-0.229,0.0265,40yd,2.1026,slide,78.6,6.7,14.8,"""He is late to transition from his backpedal and can get turned around with his match movements"" [late to] || ""A two-year starter at Alabama (and three-year starter overall), Jackson played on the perimeter in defensive coordinator Kane Wommack’s scheme (press bail, off coverage). A top-five national recruit out of high school, his career trajectory took a turn as he rehabbed a knee injury, which delayed his development at both USC and Alabama"" [recruit out]",,-0.0455,40yd,0.3251,0.677,0.576,0.778,11.6,0.079,0.0004,-0.1341,-0.0185,wingspan,-0.0153,knee:0.0065|alabama:0.0049|he should:0.0041|route and:0.0040|position:0.0036|senior year:0.0030|flashes:0.0030|understanding:0.0024|situations:0.0024|recruit out:0.0023,cover:-0.0054|needs to:-0.0052|jackson:-0.0049|the quarterback:-0.0038|catch:-0.0037|better:-0.0034,late to:0.0081|usc:0.0075|tackles:0.0053|recruit out:0.0051|senior:0.0050|alabama:0.0046|caught:0.0036|point:0.0035|in 2021:0.0030|double:0.0027,jackson:-0.0227|match:-0.0047|timing:-0.0043|transition:-0.0042|ball:-0.0038|alignment:-0.0036
Riley Nowakowski,TE,Indiana,202,beast,roster_bubble,2.3,30.1,60.1,7.5,"""As evidenced by 89.6 percent of his targets resulting in a completion over the past two seasons, he is very quarterback-friendly and usually gets more after the catch than he should"" [percent of]","""— Inconsistent balance when trying to sustain blocks often leads to him pulled forward too easily"" [to him] || ""— He must work on his route-running nuance to create separation against man coverage and settling against zone to find those soft spots"" [man coverage]",-0.0005,0.513,0.1561,-0.0446,vert_jump,0.8473,slide,69.8,22.0,8.2,,,-0.0455,height,0.1881,0.839,0.738,0.941,32.4,0.272,0.0002,-0.1341,0.0086,hand,0.0868,targets:0.0029|improved:0.0026|the point:0.0025|catch:0.0025|moves well:0.0024|blocker:0.0023|sustain:0.0023|missed:0.0023|receiving:0.0023|power:0.0022,he should:-0.0037|running:-0.0036|lack:-0.0029|special:-0.0024|safety:-0.0024|nfl:-0.0022,blocks:0.0109|running:0.0084|linebacker:0.0046|the backfield:0.0046|drops:0.0046|keeps:0.0045|getting:0.0044|hands and:0.0043|of attack:0.0040|touchdowns:0.0040,ethic:-0.0057|work:-0.0051|timing:-0.0048|balance:-0.0042|alignment:-0.0040|great:-0.0039
Logan Taylor,IOL,Boston College,203,beast,roster_bubble,2.0,19.8,42.5,35.7,"""Despite his upright style, his strength allows him to absorb and redirect force, although he won’t overpower at the point of attack"" [the point, of attack] || ""​ Battled through a torn labrum in hip during first season at Virginia and eventually underwent surgery (Dec"" [at virginia, torn labrum] || ""​ Great communication skills and works well in tandem"" [skills and]","""Though not an elite athlete, he marries his hat, feet and hands with ready-to-go hand carriage and accurate placement"" [elite athlete] || ""Despite his upright style, his strength allows him to absorb and redirect force, although he won’t overpower at the point of attack"" [although he]",-0.0001,0.513,-0.1829,-0.0988,vert_jump,0.5094,riser,26.2,31.8,42.0,,"""​ Only average pop on angle-drive blocks"" [only average, pop on] || ""Despite his upright style, his strength allows him to absorb and redirect force, although he won’t overpower at the point of attack"" [of attack, although he]",0.1114,broad_jump,0.9412,0.779,0.678,0.88,21.8,0.17,0.0001,-0.1341,0.019,hand,-0.039,the point:0.0041|line:0.0038|pull:0.0037|of attack:0.0037|inconsistent:0.0034|move:0.0028|upright:0.0026|posture:0.0026|sturdy:0.0024|anchor:0.0022,doesn play:-0.0040|punch:-0.0040|kick:-0.0034|center:-0.0033|despite:-0.0032|knee:-0.0026,upright:0.0058|works:0.0050|transition:0.0043|virginia:0.0041|tall:0.0038|punch:0.0036|opener:0.0035|base:0.0033|booth:0.0031|and hands:0.0029,kick:-0.0043|2021:-0.0041|only average:-0.0037|room:-0.0035|best:-0.0034|this draft:-0.0034
LeVeon Moss,RB,Texas A&M,204,beast,roster_bubble,0.8,13.1,53.1,33.0,,"""​ Noticeable lack of second-level burst and breakaway speed"" [lack of] || ""His inconsistencies as a pass blocker and receiver will need to improve"" [need to]",0.0002,0.513,0.0742,-0.0663,height,-0.0,slide,60.4,21.4,18.2,,,-0.0455,height,-0.0,0.774,0.673,0.875,13.9,0.108,-0.0001,-0.1341,0.0127,height,-0.0,second:0.0058|line:0.0040|missed:0.0035|if he:0.0031|especially:0.0027|scheme:0.0025|behind:0.0024|years:0.0022|scrimmage:0.0022|targets:0.0021,knee:-0.0041|durability:-0.0040|small:-0.0027|running:-0.0026|lack of:-0.0024|pro:-0.0022,tackles:0.0076|running:0.0061|blocks:0.0051|touchdowns:0.0049|shoulders:0.0046|2024:0.0045|late:0.0043|star recruit:0.0043|gap:0.0039|senior:0.0033,upright:-0.0055|balance:-0.0050|grade:-0.0047|footwork:-0.0046|pro:-0.0044|third:-0.0042
Cyrus Allen,WR,Cincinnati,205,beast,roster_bubble,0.7,10.9,75.1,13.4,"""He transferred to Cincinnati for his senior year, then led the Bearcats in targets, catches and receiving yards in 2025. His 13 touchdown grabs tied for third most in the FBS. A dynamic athlete, Allen moves with twitch as a route runner, although some of his steps and movements can get choppy"" [tied for] || ""Proving himself as a returner will help his chances of making a pro roster (he has some kick return experience). Overall, Allen gave his draft profile a boost at the Senior Bowl, and he shows the quickness and ball skills that will stand out during training camp."" [quickness and] || ""Despite his lack of size, he shows outstanding body control to adjust and frame the football mid-air, and his drops declined each season"" [his drops]","""Despite his lack of size, he shows outstanding body control to adjust and frame the football mid-air, and his drops declined each season"" [lack of, he shows, to adjust] || ""He transferred to Cincinnati for his senior year, then led the Bearcats in targets, catches and receiving yards in 2025. His 13 touchdown grabs tied for third most in the FBS. A dynamic athlete, Allen moves with twitch as a route runner, although some of his steps and movements can get choppy"" [senior year]",0.0006,0.513,0.413,0.0964,height,-0.0,slide,58.9,30.0,11.1,"""He caught 25 passes for 458 yards and nine touchdowns in just four games as a junior in 2019. 123 Back to table of contents A three-star recruit, Allen didn’t play in 2021, then signed with Louisiana Tech as part of its 2022 recruiting class"" [yards and, star recruit, signed with] || ""He has only average lateral agility, and you’d like to see him do more with the ball in his hands"" [his hands, only average]","""He transferred to Cincinnati for his senior year, then led the Bearcats in targets, catches and receiving yards in 2025. His 13 touchdown grabs tied for third most in the FBS. A dynamic athlete, Allen moves with twitch as a route runner, although some of his steps and movements can get choppy"" [led the]",-0.0,height,-0.0,0.703,0.601,0.804,11.5,0.081,-0.0003,-0.1341,-0.0185,height,-0.0,targets:0.0039|tied for:0.0035|grabs:0.0032|receiving:0.0030|gave:0.0025|caught:0.0025|body:0.0023|point:0.0021|below:0.0018|arm:0.0018,kick:-0.0047|lack of:-0.0045|as junior:-0.0038|returner:-0.0036|he shows:-0.0033|senior year:-0.0031,return:0.0094|yards and:0.0084|star recruit:0.0080|kick:0.0063|senior:0.0062|drops:0.0062|his hands:0.0057|only average:0.0056|transfer:0.0055|caught:0.0055,allen:-0.0071|texas:-0.0057|below:-0.0054|led the:-0.0051|2022:-0.0048|ball:-0.0047
Thaddeus Dixon,CB,North Carolina,206,beast,out_of_league,2.1,23.8,32.3,41.8,"""​ Average long speed by NFL standards"" [long speed, by nfl] || ""​ Tilts early and uses shadow technique to read his man"" [his man] || ""Dixon is a high-energy cover man and carries himself with maturity, both on and off the field"" [on and]",,0.0039,1.655,-0.229,0.0146,40yd,0.7312,slide,65.2,15.3,19.5,"""1 receiver in defensive coordinator Steve Belichick’s scheme, aligning both inside and outside (Bill Belichick: “He could probably play any position in the secondary.”). With few options out of high school, he earned his way from the juco level to Washington, and then to the Tar Heels, although his final season was marred by injury"" [juco level]","""1 receiver in defensive coordinator Steve Belichick’s scheme, aligning both inside and outside (Bill Belichick: “He could probably play any position in the secondary.”). With few options out of high school, he earned his way from the juco level to Washington, and then to the Tar Heels, although his final season was marred by injury"" [his way]",-0.0,40yd,0.1131,0.637,0.536,0.739,26.0,0.166,-0.0004,-0.1341,-0.0102,hand,-0.0719,position:0.0049|doesn:0.0043|washington:0.0041|likely:0.0041|stay:0.0032|his man:0.0030|size:0.0029|roster:0.0029|carries:0.0028|on and:0.0028,cover:-0.0060|find:-0.0049|interception:-0.0044|only two:-0.0042|scheme:-0.0041|needs:-0.0039,solid:0.0082|juco level:0.0063|guard:0.0053|shadow:0.0048|can find:0.0048|the secondary:0.0045|bill:0.0042|final:0.0039|enough:0.0037|in trouble:0.0036,washington:-0.0107|quickness:-0.0065|opportunities:-0.0062|relies:-0.0062|technique:-0.0057|staff:-0.0053
Red Murdock,LB,Buffalo,207,beast,out_of_league,5.3,29.2,13.2,52.3,,,0.0053,1.655,0.2557,-0.0183,40yd,1.341,slide,79.9,9.0,11.1,"""He does a nice job finding his balance as a one-on-one tackler without stopping his feet, which allows him to explode into ball carriers"" [him to]",,-0.0,40yd,0.2073,0.701,0.6,0.803,34.5,0.242,-0.0006,-0.1341,0.0127,hand,-0.0658,blockers:0.0041|allows:0.0037|combine:0.0034|position can:0.0032|job:0.0031|tackles:0.0028|his feet:0.0022|american:0.0022|developing:0.0020|cut:0.0020,history:-0.0053|years:-0.0048|record:-0.0043|in school:-0.0043|team captain:-0.0038|cover:-0.0033,tackles:0.0085|miss:0.0056|linebacker:0.0053|stack:0.0045|role in:0.0044|misdirection:0.0036|stopping:0.0033|force:0.0033|which allows:0.0033|versus:0.0031,fumbles:-0.0078|ball:-0.0050|combine:-0.0044|mack:-0.0043|coordinator brian:-0.0042|fbs:-0.0041
Cameron Ball,DL,Arkansas,208,beast,out_of_league,1.7,32.7,30.3,35.4,,"""He generates most of his power from his hips and upper half, although he needs to get stronger in his lower half to combat double teams"" [needs to]",0.0068,1.655,0.3248,-0.0093,40yd,0.932,slide,37.6,34.7,27.8,,"""Overall, Ball needs to continue making improvements to take that next step, but his baseline size and talent are solid starting points"" [to continue] || ""​ Finds himself too upright and is late to hit the brakes and change direction"" [upright and]",-0.0,broad_jump,-1.0059,0.695,0.594,0.796,34.3,0.239,-0.0008,-0.1341,0.0065,3cone,-0.0525,size:0.0068|williams:0.0066|zero:0.0037|compete for:0.0032|work:0.0030|gap:0.0024|senior year:0.0024|flashes:0.0023|starting experience:0.0023|balanced:0.0022,needs to:-0.0087|defensive:-0.0047|better:-0.0046|make plays:-0.0045|his lower:-0.0045|ball:-0.0038,solid:0.0096|sec:0.0064|rush:0.0063|senior:0.0054|gap:0.0051|tends:0.0050|blocks:0.0049|run defender:0.0048|double teams:0.0045|the point:0.0044,to continue:-0.0088|ethic:-0.0066|upright and:-0.0066|talent:-0.0059|ball:-0.0057|active:-0.0057
Bishop Fitzgerald,S,USC,209,beast,roster_bubble,2.4,22.5,37.6,37.5,"""Overall, Fitzgerald doesn’t have ideal speed and needs to clean up his tackling, but he is an aggressive, instinctive player with the type of on-ball production you like to see"" [to clean, up his, an aggressive] || ""He led NC State in interceptions and passes defended in 2024 and did the same at USC in 2025. A former high school quarterback, Fitzgerald sees things develop quickly and has the trigger to range versus the run or undercut routes"" [interceptions and]",,0.0021,0.513,-0.585,-0.0012,vert_jump,0.6158,riser,31.3,24.6,44.0,,,0.0,broad_jump,1.215,0.7,0.598,0.801,24.9,0.174,-0.0009,-0.1341,0.0002,hand,-0.0178,missed:0.0026|interceptions and:0.0025|inconsistent:0.0024|to clean:0.0023|finishing:0.0021|strength:0.0021|weight room:0.0020|eye:0.0019|scheme:0.0019|state:0.0017,safety:-0.0056|usc:-0.0041|kick:-0.0040|lack of:-0.0038|passes defended:-0.0035|angles:-0.0035,attempting:0.0054|below average:0.0054|coverage:0.0051|state:0.0050|joining:0.0040|looks:0.0039|flashes:0.0039|tackling:0.0036|single high:0.0035|pass and:0.0035,post:-0.0071|interceptions:-0.0069|kick:-0.0053|final:-0.0051|return:-0.0050|usc:-0.0048
Mason Reiger,EDGE,Wisconsin,210,beast,roster_bubble,1.4,11.2,46.8,40.7,"""Prioritizes rush hands just as much as (if not more than) his feet"" [more than] || ""​ Never had more than five sacks in a season, which reflects some of his finishing issues"" [never had] || ""​ Medical feedback on right knee will be crucial: right knee surgery after 2023 season, which led to a bone infection and “complications” that kept him sidelined for entirety of 2024 season; stress fractures in right leg caused by rehab, which required another surgery (Feb"" [which led]",,0.0025,0.513,-0.1792,0.0856,vert_jump,0.6824,riser,20.7,26.6,52.7,"""Against the run, he gives outstanding effort, although he struggles to consistently lock out and control edges"" [struggles to]",,0.0,broad_jump,0.9782,0.703,0.601,0.804,12.5,0.088,-0.0011,-0.1341,-0.0164,hand,-0.0509,second:0.0045|body:0.0042|wisconsin:0.0036|sidelined:0.0027|arm:0.0026|missed:0.0026|hindering:0.0023|another:0.0023|more than:0.0022|leg:0.0020,knee:-0.0053|leads:-0.0033|required:-0.0032|punch:-0.0029|doesn:-0.0028|surgery:-0.0028,struggles to:0.0050|tall:0.0047|wisconsin:0.0046|december:0.0039|practices:0.0038|june:0.0036|grade:0.0031|finisher:0.0031|an explosive:0.0029|he didn:0.0029,right knee:-0.0089|continue:-0.0052|more than:-0.0043|adding:-0.0043|weight:-0.0043|room:-0.0043
Kaden Wetjen,WR,Iowa,211,beast,roster_bubble,0.6,43.2,50.3,5.8,,,0.0029,0.513,0.413,0.1289,vert_jump,0.8762,slide,67.8,21.0,11.2,,,-0.0,height,0.1686,0.757,0.656,0.858,43.9,0.332,-0.0013,-0.1341,-0.0247,hand,0.069,targets:0.0056|history:0.0043|receiving:0.0043|better:0.0032|touchdown:0.0031|if he:0.0028|program:0.0026|downfield:0.0024|team captain:0.0021|the line:0.0021,kick:-0.0083|return:-0.0056|fbs:-0.0056|small:-0.0053|senior year:-0.0026|running:-0.0024,return:0.0284|kick:0.0110|touchdowns:0.0108|yards and:0.0070|running:0.0056|punt:0.0049|his hands:0.0047|caught:0.0046|vision:0.0041|dynamic:0.0038,relies:-0.0057|program:-0.0050|ball:-0.0049|fbs:-0.0045|acceleration:-0.0045|led the:-0.0042
JMari Taylor,RB,Virginia,212,beast,roster_bubble,1.5,11.2,47.5,39.8,,"""​ Inconsistent when given reps as a pass blocker (see 2025 ACC championship) Taylor began his college career as a zero-star recruit who walked on at North Carolina Central, an HBCU in Durham, North Carolina"" [north carolina, star recruit] || ""Taylor is a patient, quick-reading zone runner who can find creases and gets what is blocked for him (plus a little extra). He can be a bowling ball when needed to burrow in short yardage or bounce off contact in the lane, although I wouldn’t classify him as a creative runner"" [bounce off]",0.0033,0.513,0.0742,-0.0771,height,-0.0,slide,67.1,19.9,12.9,"""​ Inconsistent when given reps as a pass blocker (see 2025 ACC championship) Taylor began his college career as a zero-star recruit who walked on at North Carolina Central, an HBCU in Durham, North Carolina"" [star recruit]",,-0.0,height,-0.0,0.781,0.679,0.882,12.7,0.099,-0.0014,-0.1341,0.0148,height,-0.0,behind:0.0039|productive:0.0028|scheme:0.0026|54:0.0022|power:0.0021|inconsistent:0.0020|short:0.0019|selling:0.0017|runs:0.0017|at virginia:0.0016,fbs:-0.0034|kick:-0.0033|on special:-0.0024|gets:-0.0022|north carolina:-0.0021|nfl:-0.0021,taylor:0.0110|return:0.0065|touchdowns:0.0063|tackles:0.0056|star recruit:0.0055|2024:0.0051|acc:0.0049|carolina:0.0045|kick:0.0044|drops:0.0043,fumbles:-0.0064|plus yards:-0.0053|ball:-0.0046|virginia:-0.0045|third:-0.0044|000:-0.0044
Matthew Hibner,TE,SMU,213,beast,roster_bubble,0.9,24.1,62.3,12.7,"""​ Not imposing but solidly built with definition in his arms and lower body"" [lower body] || ""Overall, Hibner might not be a playmaker who frightens defenses, but his NFL usefulness will be based on his well-rounded skill set from the slot, wing or inline"" [based on] || ""​ Needs to eliminate some route drift to be more consistent at uncovering"" [needs to]","""He struggled to find offensive snaps over four seasons in Ann Arbor, but he took advantage of his opportunities once he transferred to SMU, especially as RJ Maryland battled injuries"" [seasons in] || ""​ Strong, tight hands in the run game to fit and churn his feet"" [run game]",0.0036,0.513,0.1561,0.0096,vert_jump,0.8501,slide,53.5,28.3,18.2,"""He won’t simply overpower opponents as a blocker, but he has some snap into contact and stays controlled to cover up defenders and ride the bull"" [into contact] || ""​ Hand-eye coordination to look the ball into his hands"" [his hands]",,-0.0,broad_jump,-0.8205,0.767,0.665,0.868,25.0,0.192,-0.0016,-0.1341,-0.0018,hand,0.0334,struggled:0.0030|blocker:0.0028|receiving:0.0027|hindering:0.0024|short area:0.0023|lower body:0.0022|defenders:0.0022|potential:0.0021|better:0.0021|move:0.0021,special:-0.0048|he should:-0.0045|knee:-0.0032|versatility:-0.0031|seasons in:-0.0030|doesn:-0.0029,into contact:0.0069|his hands:0.0051|defenders:0.0043|stand:0.0042|based on:0.0041|playmaker:0.0039|as pass:0.0037|bull:0.0035|special:0.0034|has some:0.0031,locate and:-0.0067|ball:-0.0053|snaps:-0.0049|alignment:-0.0049|the slot:-0.0049|yards in:-0.0048
Lander Barton,LB,Utah,214,beast,roster_bubble,0.9,17.2,59.8,22.1,"""​ Has room on his body to get up to 250 pounds, if he wants"" [if he] || ""He surpassed 200 career tackles and intrigued scouts on the offensive side of the ball, as well, while seeing tight end snaps in 10 games in 2025. Like his two older brothers, Barton has the makeup for the NFL with off-the-charts mental and competitive toughness"" [games in] || ""- Movement skills also allow him to tighten throwing windows or make plays on the ball in zone coverage"" [plays on]","""But questions about his reaction quickness and long speed will be high hurdles to clear at the next level"" [speed will, be high, next level] || ""- Impressive overall athlete with fluid hips and the speed to match tight ends in man coverage"" [tight ends]",0.004,0.513,-0.2178,0.0856,vert_jump,0.9577,riser,15.1,16.9,68.0,,,0.1114,broad_jump,1.3508,0.745,0.643,0.846,18.1,0.135,-0.0018,-0.1341,-0.0164,wingspan,0.0208,second:0.0033|utah:0.0029|targets:0.0025|keep:0.0023|if he:0.0022|games in:0.0022|test:0.0020|inconsistent:0.0018|strength:0.0018|plays on:0.0017,to him:-0.0038|the run:-0.0037|running:-0.0032|backs:-0.0030|versus:-0.0027|nfl:-0.0026,grade:0.0049|scouts:0.0046|coverage:0.0044|font:0.0043|attempting:0.0039|below average:0.0039|take on:0.0038|struggles to:0.0037|the box:0.0036|tall:0.0035,backfield:-0.0064|weight:-0.0054|room:-0.0054|awareness:-0.0043|versus:-0.0039|post snap:-0.0035
Aamil Wagner,OT,Notre Dame,215,beast,out_of_league,1.2,11.4,43.6,43.7,,,0.017,1.655,0.3298,0.0056,40yd,0.7112,slide,70.1,20.7,9.3,,"""He entered the starting lineup as a sophomore and started all 28 games for the Irish over the past two seasons, earning a captaincy as a junior in 2025. Wagner has an interesting body composition — a high-cut frame and lack of lower-body girth but long arms that help him stay attached"" [help him] || ""​ High cut with long legs and below-average mass/girth in lower half"" [high cut]",-0.0,40yd,0.11,0.783,0.682,0.884,12.6,0.099,-0.0019,-0.1341,-0.0039,hand,-0.0209,stay:0.0055|center:0.0045|knee:0.0044|as junior:0.0042|and finish:0.0038|cut:0.0037|situations:0.0033|compete for:0.0033|timing:0.0030|size:0.0030,tackle:-0.0048|needs to:-0.0043|arms:-0.0041|cover:-0.0036|rushers:-0.0034|his lower:-0.0028,enough:0.0060|miss:0.0058|extension:0.0055|blocks:0.0050|defenders:0.0034|and finish:0.0034|mike:0.0032|at right:0.0031|as sophomore:0.0031|his feet:0.0029,below average:-0.0081|girth:-0.0067|help him:-0.0062|arm:-0.0060|talent:-0.0060|high cut:-0.0058
Robert Spears-Jennings,S,Oklahoma,216,beast,roster_bubble,2.5,33.6,37.1,26.8,"""Though he’s fearless attacking the line of scrimmage, he needs to be consistent reading his keys and keeping his leverage"" [needs to, the line] || ""He has experience patrolling deep from Cover 2, but he struggles making plays on 594 Back to table of contents the ball — his game translates best working top down or near the box"" [plays on, down or] || ""​ Not twitchy in change of direction but also not rigid"" [but also, of direction]","""​ Below-average ball production (six career passes defended, two interceptions)"" [passes defended] || ""​ Inconsistent tempo in pursuit angles, giving ball carrier a chance to win leverage"" [pursuit angles]",0.0048,0.513,-0.585,-0.0446,vert_jump,0.6171,riser,36.7,23.6,39.7,"""​ Linear burst to explode into the ball carrier (five forced fumbles over past two seasons)"" [ball carrier] || ""​ Not twitchy in change of direction but also not rigid"" [of direction]",,0.0,broad_jump,1.1857,0.657,0.556,0.758,36.2,0.238,-0.0021,-0.1341,0.0086,hand,-0.0871,needs to:0.0029|lined:0.0028|struggles:0.0027|tennessee:0.0026|inconsistent:0.0025|turn:0.0024|plays on:0.0024|deep:0.0023|but also:0.0023|the line:0.0023,special:-0.0048|passes defended:-0.0037|key:-0.0034|safeties:-0.0031|safety:-0.0028|carrier:-0.0025,struggles:0.0088|ball carrier:0.0059|below average:0.0055|of direction:0.0054|sooners:0.0051|the box:0.0050|tall:0.0049|at oklahoma:0.0040|change:0.0039|keys:0.0038,special teams:-0.0078|standout:-0.0063|coverages:-0.0052|room:-0.0044|two interceptions:-0.0043|but also:-0.0041
John Michael Gyllenborg,TE,Wyoming,217,beast,roster_bubble,7.4,7.1,62.6,22.9,,"""He fits best as a receiving tight end who can align in the slot or backfield, though his blocking impact will be limited."" [best as]",0.0052,0.513,0.1561,0.0,height,-0.0,slide,72.0,13.0,15.0,"""He fits best as a receiving tight end who can align in the slot or backfield, though his blocking impact will be limited."" [who can]",,-0.0,height,-0.0,0.792,0.691,0.893,14.5,0.115,-0.0023,-0.1341,-0.0,height,-0.0,receiving:0.0083|fits:0.0067|potential:0.0063|with strong:0.0032|his blocking:0.0022|backfield:0.0010,running:-0.0079|athlete for:-0.0076|best as:-0.0069|impact:-0.0060|the position:-0.0054|slot:-0.0052,running:0.0186|backfield:0.0129|who can:0.0056|profiles:0.0040|impact:0.0031|his blocking:0.0029|tight:0.0027|athlete for:0.0024|will be:0.0013|limited:0.0011,though:-0.0112|the position:-0.0103|explosive play:-0.0084|slot:-0.0067|receiving:-0.0055|with strong:-0.0054
CJ Daniels,WR,Miami (FL),218,beast,roster_bubble,0.3,14.5,72.9,12.2,,"""His measurables are above the 50th percentile for NFL receivers, and he appears to have long arms, though he is still on the smaller side for an outside receiver"" [long arms, for an] || ""Overall, Daniels might lack explosive speed, but he creates separation with crafty instincts and finishes with dependable ball skills"" [ball skills]",0.0055,0.513,0.413,0.3025,vert_jump,0.875,slide,54.4,29.9,15.7,,,-0.0,vert_jump,-0.0797,0.668,0.567,0.769,14.9,0.099,-0.0024,-0.1341,-0.058,wingspan,0.0147,percent:0.0092|catch:0.0029|productive:0.0028|college career:0.0025|liberty:0.0023|lined:0.0022|missed:0.0021|receiving:0.0021|corners:0.0021|contested:0.0020,required:-0.0044|lack:-0.0027|long arms:-0.0027|nfl:-0.0025|knee:-0.0025|doesn:-0.0023,lsu:0.0057|the 2024:0.0042|his hands:0.0039|speak highly:0.0034|making:0.0034|he had:0.0031|up primarily:0.0031|double:0.0028|80:0.0026|releases:0.0026,daniels:-0.0052|separation:-0.0051|rate:-0.0049|relies:-0.0046|contested:-0.0046|foot:-0.0045
Louis Moore,S,Indiana,219,beast,53_man,0.9,42.1,33.1,23.9,,"""Playing in the nickel against quicker receivers and nuanced tight ends can be a difficult assignment"" [tight ends] || ""​ Called out by his coaches early in the 2025 season for lack of urgency (Curt Cignetti: “He’s got to practice better"" [his coaches]",0.0167,-0.5246,0.0815,0.0057,broad_jump,0.6042,riser,41.4,12.0,46.6,"""​ Gives up separation in man-cover looks from the slot"" [the slot] || ""He's an excellent in zone coverage and consistently rotates post-snap to fool quarterbacks"" [zone coverage] || ""Formerly a wide receiver in junior college, he moved to defensive back and landed at Indiana in 2022. After a one-year sabbatical at Ole Miss, Moore returned to Bloomington for the 2025 season and became an All-American, recording six interceptions for the national-champion Hoosiers"" [defensive back]",,0.1114,broad_jump,1.2003,0.656,0.555,0.757,43.0,0.282,-0.0026,-0.1341,-0.0018,hand,-0.0475,feel:0.0059|instincts:0.0047|wide:0.0039|lack of:0.0038|indiana:0.0032|zone:0.0030|practice:0.0025|for coverage:0.0024|ball:0.0023|asked to:0.0023,assignment:-0.0038|punt:-0.0032|tight ends:-0.0028|his coaches:-0.0028|nickel:-0.0027|safety:-0.0026,attempting:0.0041|the slot:0.0032|route:0.0031|tackler:0.0030|change:0.0029|keys:0.0029|works:0.0028|spacing:0.0027|solid:0.0027|skills:0.0026,coverages:-0.0039|nose:-0.0038|post snap:-0.0036|dirty:-0.0036|2020:-0.0034|end:-0.0033
Tanner Koziol,TE,Houston,220,beast,roster_bubble,1.9,18.6,69.2,10.3,"""A one-year starter at Houston (and three-and-a-half-year starter overall), Koziol was primarily detached (50.9 percent of snaps in the slot) in offensive coordinator Slade Nagle’s scheme"" [percent of]","""Though he has made a conscious effort to add quality weight, his mediocre play strength and questionable toughness will be hard to mask in the NFL. Overall, Koziol will be ranked higher by teams who put a premium on ball skills or are looking for a “big slot” weapon"" [ball skills] || ""He will need to keep adding manipulation tactics to create separation against man coverage at the next level."" [man coverage]",0.0063,0.513,0.1561,0.0205,vert_jump,0.8501,slide,59.7,21.4,19.0,"""​ Outstanding pass-catching ability, thanks to his hands and tracking skills"" [his hands] || ""—Koziol doesn't offer much upside as an in-line tight end with his poor natural leverage, wide base at the point of attack, and inability to anchor"" [of attack]","""Though he has made a conscious effort to add quality weight, his mediocre play strength and questionable toughness will be hard to mask in the NFL. Overall, Koziol will be ranked higher by teams who put a premium on ball skills or are looking for a “big slot” weapon"" [to add]",-0.0455,height,-0.1645,0.734,0.633,0.835,20.5,0.15,-0.0028,-0.1341,-0.0039,3cone,-0.0252,keep:0.0039|especially:0.0033|catch:0.0032|body:0.0031|adding:0.0030|point:0.0028|line:0.0028|looking for:0.0023|houston:0.0023|defenders:0.0021,need:-0.0039|natural:-0.0029|doesn:-0.0026|slot:-0.0026|impact:-0.0024|nfl:-0.0023,his hands:0.0077|of attack:0.0060|adding:0.0052|running:0.0044|point:0.0042|on blocks:0.0042|defenders:0.0041|next level:0.0040|seasons at:0.0037|tackles:0.0031,to add:-0.0071|separation:-0.0060|ball:-0.0050|upright and:-0.0050|outstanding:-0.0048|timing:-0.0042
Wesley Williams,DL,Duke,221,beast,out_of_league,2.3,29.5,28.2,40.0,,"""Can reach landmarks when he drops but needs to show better feel for route development"" [needs to] || ""Smart player off the field but makes some poor mistakes on tape (flagged for roughing the passer four times in 2025)"" [times in]",0.0258,1.655,0.3248,0.0086,40yd,1.0721,slide,73.3,23.9,2.7,"""He committed to a 3-9 program and was a key part of Duke’s turnaround, helping the program to its first ACC Championship since 1962. He combined for 29 tackles for loss over the past three seasons and made a name for himself on special teams (five career blocks). For Williams, the saying “you have to stop the run to rush the passer” feels more like a personal motto"" [committed to]",,-0.0,3cone,0.2045,0.681,0.58,0.783,31.8,0.217,-0.0029,-0.1341,-0.006,3cone,-0.0584,williams:0.0133|blockers:0.0042|the gap:0.0040|special teams:0.0038|break:0.0037|lacks:0.0035|tape:0.0034|too much:0.0034|defender:0.0031|with physical:0.0030,motor:-0.0049|needs to:-0.0040|duke:-0.0040|middle of:-0.0038|team captain:-0.0038|backfield:-0.0036,blocks:0.0112|rush:0.0069|backfield:0.0066|kick:0.0052|drops:0.0051|committed to:0.0051|gap:0.0049|defender:0.0048|shoulders:0.0042|tackles:0.0040,quickness:-0.0059|active:-0.0055|passer:-0.0053|the middle:-0.0052|program:-0.0050|nfl scouts:-0.0049
Vincent Anthony,EDGE,Duke,222,beast,roster_bubble,0.8,10.5,46.9,41.8,"""7 in school history with 15 career sacks). He led the Blue Devils in sacks and tackles for loss as a senior and was a part of the program’s first ACC Championship since 1962. Anthony has a long, slender frame, with the rush juice and quick hands to work through the edges of blockers"" [school history] || ""​ Below-average bulk, with marginal definition in quads and lower body"" [lower body] || ""​ Narrow base and moves stiff through his hips and core"" [base and]",,0.007,0.513,-0.1792,0.194,vert_jump,0.6815,slide,83.6,12.6,3.8,"""​ Fast hands to chop, swat and discard blocks and soften edges"" [blocks and]",,-0.0,height,-0.1783,0.662,0.561,0.764,11.3,0.075,-0.0031,-0.1341,-0.0372,3cone,-0.0475,backside:0.0036|struggled:0.0028|school history:0.0025|missed:0.0025|power:0.0025|continues:0.0024|attempts:0.0024|inconsistent:0.0023|easy:0.0022|finished:0.0022,need to:-0.0033|key:-0.0031|anthony:-0.0027|he plays:-0.0026|nfl:-0.0024|spot:-0.0021,tackles:0.0083|rush:0.0060|blocks and:0.0051|as senior:0.0051|immediate:0.0044|role in:0.0043|anthony:0.0042|41:0.0041|acc:0.0034|he looks:0.0034,sacks:-0.0067|ethic:-0.0063|chart:-0.0051|staff:-0.0048|average:-0.0046|work:-0.0046
Eric Gentry,LB,USC,223,beast,53_man,0.8,47.0,21.8,30.4,"""His ball production (14 passes defended, eight forced fumbles) can be directly tied to his rare length"" [ball production, passes defended] || ""​ Puts long arms to work creating forced fumbles (eight in his career)"" [long arms] || ""A four-year starter at USC, Gentry lined up as a Will linebacker in former defensive coordinator D’Anton Lynn’s scheme (also learned from Trojans assistant and longtime NFL coach Rob Ryan). He transferred to USC after one season at Arizona State and was consistently productive, finishing his college career with 269 tackles"" [former defensive, year starter, at arizona]","""​ Size makes him an interesting man-cover matchup versus tight ends"" [tight ends, makes him] || ""​ Missed two games as a sophomore because of left ankle injury (Oct"" [games as]",0.021,-0.5246,-0.2483,0.0822,wingspan,-1.3527,slide,74.7,15.0,10.3,,,-0.0,height,-0.4041,0.659,0.558,0.76,47.8,0.315,-0.0033,-0.1341,-0.0268,hand,-0.0754,long arms:0.0042|length:0.0039|cover:0.0038|need to:0.0029|edge:0.0025|lack:0.0025|ball production:0.0024|around:0.0024|speed and:0.0023|redshirt:0.0022,ankle:-0.0046|eight:-0.0039|fumbles:-0.0038|coaches:-0.0038|tight ends:-0.0037|games as:-0.0037,usc:0.0081|tackles:0.0071|linebacker:0.0055|averaged:0.0054|react:0.0052|of attack:0.0048|stack:0.0046|ankle:0.0041|footed:0.0034|missed:0.0032,fumbles:-0.0081|below average:-0.0081|quickness:-0.0077|talent:-0.0060|scheme also:-0.0060|the box:-0.0051
Eric McAlister,WR,TCU,225,beast,roster_bubble,1.0,14.2,73.8,11.0,"""​ Tracks deep ball well and looks comfortable along the sideline"" [ball well] || ""After an acrimonious end at Boise State, he resurfaced at TCU and produced one of the best receiving seasons in school history"" [school history] || ""Mediocre play strength shows vs"" [play strength]","""McAlister is a tall, linear athlete who maintains his acceleration through route stems to take off vertically (one of five FBS players with at least 20 catches of 20-plus yards in 2025). His speed also shows with the ball in his hands, when he can turn short catches into big plays"" [also shows, his speed] || ""Accountability concerns will follow him to the league, although he could be a steal if given an opportunity to mature in a professional environment"" [an opportunity]",0.0082,0.513,0.413,0.2808,vert_jump,0.8762,slide,74.4,11.2,14.5,,"""He was the only Big 12 player to surpass 1,000 receiving yards in 2025 and was named an All-American"" [yards in]",-0.0,height,-0.1404,0.625,0.524,0.727,15.2,0.095,-0.0036,-0.1341,-0.0538,hand,-0.0282,receiving:0.0050|second:0.0040|turn:0.0035|catch:0.0033|boise:0.0029|ball well:0.0026|school history:0.0024|corners:0.0023|press:0.0023|attempts:0.0022,key to:-0.0031|seasons in:-0.0026|special:-0.0025|route:-0.0025|safety:-0.0025|running:-0.0023,2024:0.0057|running:0.0052|causing:0.0048|his hands:0.0044|stack:0.0041|off field:0.0038|assault:0.0037|for one:0.0029|corners:0.0026|turn:0.0025,000:-0.0083|yards in:-0.0070|arrested:-0.0056|plus:-0.0053|talent:-0.0053|ball:-0.0045
Caleb Douglas,WR,Texas Tech,226,beast,roster_bubble,1.1,19.7,60.0,19.2,"""More smooth than sudden as an athlete, Douglas can quickly build up his speed and get vertical (his 29 catches of 20-plus yards over the past 2 seasons tied for 10th best in the FBS). With his wingspan and ability to play above the rim, he will make an exciting, full-extension grab on one play but follow it up with a focus drop or inability to play through contact the next"" [tied for, will make, through contact] || ""2023) and missed the final seven games of his sophomore season; hyperextended knee and bone bruise (April 2025) during spring practices but was cleared for the start of fall camp"" [missed the] || ""​ Comfortable playing on the road (all six of his career 100-yard receiving games came away from home)"" [his career]","""Overall, Douglas needs to play with more consistent ball skills and underneath separation, but he can stride out and be a vertical threat on runway routes"" [play with, threat on] || ""His catch rates are lower than ideal, which points to a lack of play strength that shows up at times due to his slender build"" [lack of]",0.0086,0.513,0.413,0.1398,vert_jump,0.8768,slide,63.9,22.6,13.5,"""The Florida transfer started all 27 games over the past 2 seasons and led the Red Raiders in both receiving yards and touchdowns as a senior"" [yards and]","""More smooth than sudden as an athlete, Douglas can quickly build up his speed and get vertical (his 29 catches of 20-plus yards over the past 2 seasons tied for 10th best in the FBS). With his wingspan and ability to play above the rim, he will make an exciting, full-extension grab on one play but follow it up with a focus drop or inability to play through contact the next"" [play through]",-0.0,height,-0.1342,0.63,0.528,0.731,20.8,0.131,-0.0038,-0.1341,-0.0268,hand,-0.0573,second:0.0037|receiving:0.0036|vertical:0.0033|focus:0.0033|productive:0.0028|florida:0.0026|tied for:0.0025|missed the:0.0023|grabs:0.0023|his career:0.0022,knee:-0.0043|lack of:-0.0032|play with:-0.0032|as junior:-0.0027|need:-0.0025|and find:-0.0025,florida:0.0122|extension:0.0077|return:0.0068|solid:0.0065|yards and:0.0061|as senior:0.0045|drops:0.0045|committed to:0.0044|star:0.0043|version:0.0041,texas:-0.0098|separation:-0.0067|play through:-0.0054|too many:-0.0052|threaten:-0.0050|build:-0.0049
JMichael Sturdivant,WR,Florida,227,beast,roster_bubble,1.2,4.6,78.4,15.8,"""He posted impressive track times in high school, including a career-best 10.39 in the 100 meters, and that top-end speed and acceleration show up consistently on film"" [times in, the 100] || ""His footwork against press coverage is explosive but not always efficient enough to consistently create separation"" [not always] || ""Sturdivant also brings good play strength as a blocker, which supports his projection as an every-down contributor"" [play strength]","""Sturdivant profiles as a vertical receiver with the skill set to line up at all three spots, though he is best suited to the outside"" [skill set] || ""His catch rate was inconsistent prior to 2025 but improved significantly in his final season"" [his final]",0.0089,0.513,0.413,0.0,height,-0.0,slide,69.5,21.0,9.4,"""At 6-foot-3 and 215 pounds, Sturdivant, a former four-star recruit, offers an appealing blend of size and speed"" [star recruit] || ""His footwork against press coverage is explosive but not always efficient enough to consistently create separation"" [enough to]","""His explosiveness gives him the potential to develop into a more refined route runner, but his routes currently lack consistency and nuance"" [his explosiveness]",-0.0,height,-0.0,0.735,0.633,0.836,5.8,0.042,-0.0039,-0.1341,-0.0,height,-0.0,improved:0.0044|39:0.0043|press:0.0037|inconsistent:0.0036|catch:0.0034|line:0.0032|potential:0.0029|vertical:0.0028|not always:0.0024|play strength:0.0024,lack:-0.0049|consistently:-0.0045|to break:-0.0037|and speed:-0.0035|timing:-0.0034|despite:-0.0034,star recruit:0.0103|enough to:0.0090|career best:0.0047|blend of:0.0046|he posted:0.0045|coverage is:0.0038|at all:0.0032|consistently create:0.0031|film:0.0031|catch:0.0030,separation:-0.0096|timing:-0.0084|his explosiveness:-0.0082|acceleration:-0.0070|gives:-0.0054|footwork:-0.0053
Carver Willis,OT,Washington,228,beast,out_of_league,0.7,14.0,26.2,59.1,"""A fluid blocker, Willis shines on the move, when he can reach or steamroll defenders in the run game"" [run game]","""​ Underdeveloped bulk; needs to work extra to maintain his weight (just 255 pounds when he enrolled in college)"" [needs to] || ""He reaches proper depth in his kick slides, but his reaction quickness and hand use must improve on the interior, where everything is a little bit faster"" [hand use]",0.036,1.655,0.3298,0.0027,40yd,0.818,slide,60.2,22.5,17.3,"""​ Tackle only in college; unproven inside at center or guard — Operates on time with snap out of his stance and into contact"" [into contact]",,-0.0455,40yd,0.1265,0.822,0.72,0.923,14.7,0.121,-0.0041,-0.1341,-0.0018,hand,0.0334,run game:0.0055|proper:0.0045|at washington:0.0042|center:0.0040|likely:0.0036|pass sets:0.0030|stay:0.0029|work:0.0027|and physicality:0.0024|considered:0.0022,tackle:-0.0042|needs to:-0.0038|blocker:-0.0035|pull:-0.0033|especially:-0.0033|times in:-0.0033,blocks:0.0076|into contact:0.0061|kick:0.0050|senior:0.0049|guard:0.0046|his hands:0.0045|only average:0.0044|against the:0.0043|chest:0.0042|tackles:0.0038,washington:-0.0093|fluid:-0.0072|willis:-0.0051|length and:-0.0045|huskies:-0.0044|left tackle:-0.0040
Bryson Eason,DL,Tennessee,229,beast,roster_bubble,0.8,11.1,56.0,32.2,"""​ Strong at the point to keep single blockers from overwhelming him"" [the point] || ""He made the transition from inside linebacker to defensive line in 2022 and was a solid rotational player for the Vols defense, despite lackluster production (his defensive snap count jumped from 27.8 per game in 2024 to 39.3 in 2025). Eason moved into the trenches without sacrificing his athletic twitch"" [is at, athletic twitch] || ""​ Durable — started all 26 games the past two seasons"" [started all]","""​ Core strength is only average"" [only average, core strength] || ""He made the transition from inside linebacker to defensive line in 2022 and was a solid rotational player for the Vols defense, despite lackluster production (his defensive snap count jumped from 27.8 per game in 2024 to 39.3 in 2025). Eason moved into the trenches without sacrificing his athletic twitch"" [and was]",0.0097,0.513,-0.2056,0.0205,vert_jump,0.8958,slide,80.8,16.4,2.8,"""​ Relies on shock over skill with his hands to disconnect from blocks"" [his hands] || ""​ Core strength is only average"" [only average]","""He made the transition from inside linebacker to defensive line in 2022 and was a solid rotational player for the Vols defense, despite lackluster production (his defensive snap count jumped from 27.8 per game in 2024 to 39.3 in 2025). Eason moved into the trenches without sacrificing his athletic twitch"" [in 2022]",-0.0,3cone,0.1668,0.648,0.546,0.749,11.8,0.077,-0.0043,-0.1341,-0.0039,3cone,-0.0476,line:0.0040|keep:0.0034|the point:0.0032|39:0.0032|tennessee:0.0027|heavy:0.0026|relies:0.0026|finished:0.0025|eason:0.0023|roles:0.0022,become:-0.0033|run game:-0.0028|despite:-0.0025|doesn get:-0.0024|only average:-0.0021|fire:-0.0020,tends:0.0090|tennessee:0.0088|linebacker:0.0057|rush:0.0054|his hands:0.0052|blocks:0.0052|only average:0.0051|solid:0.0048|can find:0.0048|double teams:0.0048,relies:-0.0106|defensive:-0.0074|talent:-0.0062|athletic:-0.0061|in 2022:-0.0055|eason:-0.0054
Lorenzo Styles,CB,Ohio State,230,beast,roster_bubble,2.1,37.0,39.1,21.9,"""A one-year starter at Ohio State, Styles played the nickel position in defensive coordinator Matt Patricia’s zone-based scheme"" [ohio state] || ""Older brother of premier 2026 draft prospect Sonny Styles, he started out as a wide receiver at Notre Dame before transferring back home and playing on special teams in 2024. He earned a starting role as a senior (and shared the field with his brother) on one of the best defensive units in college football"" [starting role, notre dame] || ""Overall, Styles doesn’t have NFL-level cover skills or anticipation right now, but he has enough explosiveness (and an impressive pedigree). His potential impact on special teams should keep him in the mix for a spot on the back end of the roster or practice squad as he continues to develop"" [an impressive]",,0.0101,0.513,0.1989,0.1289,vert_jump,0.4447,riser,35.1,17.9,47.0,,,0.0,broad_jump,0.9366,0.679,0.578,0.78,39.0,0.265,-0.0044,-0.1341,-0.0247,hand,-0.0308,deep:0.0040|keep:0.0033|improved:0.0031|ohio state:0.0028|continues:0.0027|turn:0.0024|clear:0.0023|line:0.0023|potential:0.0021|straight:0.0020,special:-0.0061|shoulder:-0.0047|doesn:-0.0042|wide receiver:-0.0031|surgery:-0.0029|small:-0.0027,testing:0.0061|below average:0.0056|straight line:0.0048|vs:0.0042|coverage:0.0038|skills:0.0036|now:0.0034|position:0.0033|combine:0.0033|labrum:0.0032,special teams:-0.0100|return:-0.0052|carry:-0.0046|interceptions:-0.0043|as senior:-0.0041|the field:-0.0038
Eli Heidenreich,WR,Navy,231,beast,roster_bubble,1.1,8.0,67.5,23.4,,"""Overall, Heidenreich has dynamic pass-catching ability that can be weaponized in a hybrid role by an NFL offense (think closer to Danny Woodhead than Kyle Juszczyk). He won’t be a fit for everybody, but he will be a fit for somebody"" [by an] || ""He set Navy records for career receiving yards (1,994), single-season receiving yards (941) and single-game receiving yards (243). Heidenreich and Tavon Austin are the only FBS players since 1956 with 925-plus receiving yards and 475-plus rushing yards in the same season"" [rushing yards]",0.0104,0.513,0.413,-0.0988,vert_jump,0.8774,riser,37.4,15.4,47.2,"""He is unproven in pass protection, although there are no questions about his competitive toughness"" [in pass]",,0.0,broad_jump,1.0637,0.738,0.637,0.84,9.1,0.067,-0.0046,-0.1341,0.019,wingspan,-0.0176,percent:0.0093|receiving:0.0063|can be:0.0037|productive:0.0035|body:0.0034|grabs:0.0028|54:0.0027|school history:0.0027|especially:0.0026|press:0.0026,pass catcher:-0.0037|usage:-0.0034|likely:-0.0033|doesn:-0.0029|slot:-0.0028|nfl:-0.0026,in pass:0.0051|the slot:0.0043|catches:0.0042|route:0.0042|him as:0.0036|likely:0.0036|records for:0.0036|plus:0.0035|ball carrier:0.0035|protection:0.0035,backfield:-0.0053|return:-0.0051|yards:-0.0041|14:-0.0041|vision:-0.0034|and can:-0.0033
Brandon Cleveland,DL,NC State,232,beast,roster_bubble,1.1,13.0,43.4,42.5,"""Overall, Cleveland is more plugger than playmaker, with the leverage and play strength to control the point of attack"" [the point, of attack, play strength] || ""He is a stout run defender who can bend and hold his ground"" [defender who] || ""A two-year starter at NC State, Cleveland was an interchangeable one-/three-technique in defensive coordinator D.J. Eliot’s multiple fronts"" [was an, in defensive]","""​ Lacks creativity and burst as a pass rusher"" [lacks creativity]",0.0108,0.513,-0.2056,0.0096,vert_jump,0.8958,slide,49.4,44.8,5.8,"""He is a stout run defender who can bend and hold his ground"" [his ground, run defender] || ""Overall, Cleveland is more plugger than playmaker, with the leverage and play strength to control the point of attack"" [of attack]","""​ Needs to continue developing instincts to defend against down blocks or cutbacks"" [to continue]",-0.0,3cone,0.1732,0.7,0.599,0.801,14.1,0.099,-0.0048,-0.1341,-0.0018,3cone,-0.0494,cleveland:0.0045|line:0.0040|the point:0.0032|needs:0.0030|of attack:0.0028|clear:0.0024|movement:0.0022|gaps:0.0019|counter:0.0019|three technique:0.0019,as junior:-0.0036|versus:-0.0032|doesn:-0.0031|work:-0.0025|run:-0.0025|added:-0.0024,blocks:0.0126|his ground:0.0078|run defender:0.0053|of attack:0.0051|solid:0.0050|late:0.0045|playmaker with:0.0044|as pass:0.0038|enough:0.0038|rusher:0.0037,nc state:-0.0098|adequate:-0.0078|work:-0.0065|talent:-0.0064|the middle:-0.0058|to continue:-0.0057
Tyren Montgomery,WR,John Carroll,234,beast,roster_bubble,1.2,13.2,52.8,32.8,"""A two-year starter at John Carroll, Montgomery worked primarily on the outside (76.7 percent of snaps). Having taken arguably the most unlikely path to the NFL of anyone in this draft class, he worked his way to the Division III level and dominated as a junior and senior"" [percent of]","""Overall, Montgomery is understandably green in areas, but his route quickness and athletic instincts with the ball in the air are intriguing qualities worth developing in camp"" [the air] || ""He faces a gigantic leap in competition, going from Division III to the NFL, but he didn’t look out of place at the Senior Bowl (as an athlete or wide receiver), and his mental determination should be applauded"" [look out, an athlete]",0.0116,0.513,0.413,0.2699,height,-0.0,slide,69.1,16.5,14.4,,,-0.0,height,-0.0,0.658,0.556,0.759,14.4,0.094,-0.0051,-0.1341,-0.0518,height,-0.0,his body:0.0036|better:0.0032|grabs:0.0027|program:0.0026|receiving:0.0025|old:0.0024|inconsistent:0.0024|focus:0.0023|finished:0.0022|years:0.0020,nfl:-0.0037|as junior:-0.0032|route:-0.0031|instincts:-0.0030|become:-0.0029|on special:-0.0028,return:0.0077|senior:0.0051|drops:0.0050|green:0.0043|play speed:0.0042|backs:0.0041|to shield:0.0040|junior and:0.0039|on draft:0.0038|unlikely:0.0034,ethic:-0.0063|quickness:-0.0058|age:-0.0058|records:-0.0057|instincts:-0.0056|athletic:-0.0055
Sawyer Robertson,QB,Baylor,235,beast,roster_bubble,0.6,11.9,64.8,22.7,"""​ Team captain for seven games in 2025; knows how to rally the troops"" [games in, team captain] || ""​ Adequate arm strength with enough velocity on intermediate rips"" [arm strength] || ""His highlight throws are impressive, when he plays on time and anticipates open zones, but he can be late attacking windows and needs to do a better job keeping his lower body, upper body and eyes all on the same page"" [needs to]","""A two-year starter at Baylor, Robertson was a productive quarterback in offensive coordinator Jake Spavital’s spread scheme, with a focus on RPOs and choice routes (almost exclusively 11 personnel). After starting his college career playing under Mike Leach at Mississippi State, Robertson showed gradual development the past three seasons in Waco and played his best as a senior"" [best as, year starter, almost exclusively] || ""- He plays with a late trigger and does not hit the open receiver quickly"" [does not]",0.012,0.513,0.5572,-0.0663,wingspan,-0.2713,slide,61.9,18.2,19.9,,,-0.0455,broad_jump,0.0964,0.777,0.676,0.878,12.5,0.097,-0.0053,-0.1341,0.0127,wingspan,0.018,pocket:0.0041|productive:0.0037|percent:0.0034|inconsistent:0.0032|arm strength:0.0029|second:0.0028|body:0.0026|better:0.0026|needs to:0.0025|per game:0.0022,mississippi:-0.0038|fbs:-0.0032|size:-0.0027|kick:-0.0026|versus:-0.0023|athleticism:-0.0020,as senior:0.0069|mississippi:0.0051|touchdowns:0.0049|solid:0.0048|late:0.0043|attended:0.0037|kick:0.0034|star:0.0032|tends:0.0031|baylor:0.0030,baseball:-0.0055|arm:-0.0052|passing yards:-0.0049|grade:-0.0048|plus:-0.0046|ranked:-0.0045
Luke Altmyer,QB,Illinois,236,beast,roster_bubble,1.1,21.3,64.7,13.0,,"""His arm strength and accuracy are average, but he knows how to touch up throws and plays with a pre-snap plan to get the ball into the hands of his weapons"" [and plays] || ""Though nothing about his physical skill set will wow you, Altmyer makes the most of his talent and competes with the intelligence and mental fortitude required for the next level"" [skill set, next level]",0.0123,0.513,0.5572,-0.0446,arm,-0.4559,slide,68.2,15.1,16.7,"""His arm strength and accuracy are average, but he knows how to touch up throws and plays with a pre-snap plan to get the ball into the hands of his weapons"" [to get]",,-0.0,arm,-0.1192,0.82,0.718,0.921,22.4,0.183,-0.0054,-0.1341,0.0086,hand,0.0442,improved:0.0057|pocket:0.0055|arm strength:0.0042|productive:0.0039|accuracy:0.0037|can be:0.0033|showed:0.0031|scheme he:0.0030|passer:0.0030|history:0.0030,and plays:-0.0037|required:-0.0036|doesn:-0.0032|illinois:-0.0030|nfl:-0.0028|undersized:-0.0024,taylor:0.0060|24:0.0060|guard:0.0057|makes:0.0057|next level:0.0036|competes:0.0036|attempts:0.0032|point:0.0031|posted:0.0031|showed:0.0030,illinois:-0.0098|accuracy:-0.0069|arm:-0.0068|talent:-0.0068|ball:-0.0058|fumbles:-0.0054
Jamarion Miller,RB,Alabama,237,beast,roster_bubble,1.5,6.3,74.1,18.0,,"""While his physical profile fits that mold, his game lacks creativity"" [his physical, lacks creativity] || ""Miller has the build to become a reliable pass protector, but he must keep his eyes up and maintain a strong base to grow into a consistent third-down option."" [base to]",0.0127,0.513,0.0742,0.0,height,-0.0,slide,83.2,10.9,5.9,"""Miller is a former four-star recruit who still holds the career rushing record at Tyler Legacy High School in Tyler, Texas"" [star recruit] || ""He committed to Alabama and has been part of the Crimson Tide’s running back rotation since his true freshman season"" [committed to]",,-0.0,height,-0.0,0.795,0.694,0.896,7.8,0.062,-0.0056,-0.1341,-0.0,height,-0.0,keep:0.0050|receiving:0.0042|fits:0.0034|better:0.0032|season at:0.0032|up and:0.0030|four star:0.0025|power:0.0025|south:0.0023|profile:0.0018,become:-0.0049|he committed:-0.0041|running:-0.0040|220:-0.0026|pounds:-0.0024|his physical:-0.0023,star recruit:0.0111|running:0.0094|committed to:0.0085|miller:0.0082|alabama:0.0058|looks:0.0044|immediately:0.0041|his physical:0.0040|option:0.0037|creativity:0.0035,build:-0.0095|rushing:-0.0087|texas:-0.0080|since:-0.0060|foot:-0.0055|third:-0.0052
Micah Morris,IOL,Georgia,238,beast,out_of_league,0.7,6.1,19.3,74.0,"""In the run game, he wants to be a road grader and create push with his length and power, although he lacks ideal range and consistency for some schemes"" [run game]",,0.0507,1.655,0.3298,0.0176,40yd,1.1382,slide,71.4,18.6,10.0,,,-0.0,40yd,0.176,0.767,0.665,0.868,6.8,0.052,-0.0058,-0.1341,-0.0122,hand,-0.03,run game:0.0051|size:0.0047|guard:0.0046|time starter:0.0037|lacks:0.0035|facing:0.0033|come:0.0032|create:0.0028|gain:0.0027|gap:0.0023,especially:-0.0059|movement:-0.0055|scheme:-0.0039|blocker:-0.0037|needs:-0.0037|club:-0.0034,guard:0.0102|davis:0.0061|gap:0.0050|solid:0.0044|role in:0.0043|late:0.0040|shedding:0.0037|full time:0.0036|as pass:0.0034|make it:0.0033,upright:-0.0087|athletic:-0.0056|chart:-0.0052|allowed:-0.0051|holding:-0.0043|the only:-0.0039
Cole Wisniewski,S,Texas Tech,239,beast,roster_bubble,3.2,15.7,49.5,31.6,,,0.0135,0.513,-0.585,0.0313,height,-0.0,slide,70.0,18.3,11.7,"""​ Works downhill to work off blocks, square and throw his body into contact"" [into contact] || ""A former linebacker at North Dakota State, he moved to safety for the Bison in 2023 and became an FCS All-American, posting a school-record eight interceptions"" [to safety] || ""Despite some range limitations, he takes sound angles in coverage, and he collected eight interceptions in college (ironically, all eight came in the same season). Overall, Wisniewski is tightly wound as an athlete and at his best near the line of scrimmage, where he can use his short-area instincts and reliable tackling"" [in coverage]",,-0.0,height,-0.0,0.727,0.626,0.829,18.9,0.138,-0.0059,-0.1341,-0.006,height,-0.0,eight:0.0061|line:0.0037|body:0.0034|keep:0.0031|fcs:0.0028|missed:0.0026|deep:0.0023|another:0.0022|short area:0.0022|at texas:0.0020,required:-0.0054|safety:-0.0046|in coverage:-0.0032|surgery:-0.0028|special:-0.0027|to break:-0.0025,return:0.0082|2024:0.0074|into contact:0.0067|to safety:0.0060|in coverage:0.0058|linebacker:0.0055|blocks:0.0049|square:0.0041|broken:0.0034|against tight:0.0033,the box:-0.0086|texas:-0.0084|adequate:-0.0072|led:-0.0060|foot:-0.0059|timing:-0.0057
Josh Cuevas,TE,Alabama,240,beast,roster_bubble,1.2,31.3,59.8,7.7,"""A one-year starter at Alabama, Cuevas was a versatile tight end (54.4 percent of snaps inline) in offensive coordinator Ryan Grubb’s RPO-based downfield attack"" [percent of]","""— Cuevas will need to get stronger at the point of attack and maintain blocks longer to have a better in-line impact at the next level"" [need to, next level] || ""​ Didn’t play on special teams in 2025 but has four-phase experience from Washington"" [on special]",0.0139,0.513,0.1561,-0.0337,vert_jump,0.8492,slide,40.7,21.3,38.0,"""​ Looks to get upfield too quickly after the catch, occasionally leading to drops"" [to get]",,-0.0455,broad_jump,-0.8548,0.757,0.656,0.859,32.5,0.246,-0.0061,-0.1341,0.0065,3cone,-0.0257,blocker:0.0038|his quarterback:0.0027|better:0.0025|move:0.0025|the catch:0.0024|keep:0.0023|needs:0.0021|54:0.0020|missed:0.0020|receiving:0.0020,need to:-0.0045|size:-0.0032|pass catcher:-0.0027|doesn:-0.0026|lack:-0.0025|impact:-0.0024,blocks:0.0076|looks:0.0049|extension:0.0041|as senior:0.0040|drops:0.0040|defenders:0.0038|his hands:0.0037|attack:0.0036|caught:0.0036|point of:0.0034,washington:-0.0076|blocker and:-0.0063|oklahoma:-0.0054|quickness:-0.0046|quarterback:-0.0039|staff:-0.0038
Faalili Faamoe,OT,Wake Forest,241,beast,roster_bubble,1.1,28.5,45.1,25.3,,,0.0142,0.513,-0.1829,0.0096,height,-0.0,slide,75.9,13.9,10.2,,,-0.0,height,-0.0,0.803,0.702,0.904,29.6,0.237,-0.0063,-0.1341,-0.0018,height,-0.0,second:0.0072|improved:0.0049|which he:0.0041|years:0.0034|move:0.0032|lined:0.0026|blocker:0.0026|pull:0.0025|inconsistent:0.0023|behind:0.0022,knee:-0.0051|although:-0.0034|long arms:-0.0032|injuries:-0.0031|become:-0.0029|punch:-0.0027,drops:0.0051|24:0.0051|tends:0.0049|guard:0.0048|which he:0.0034|rusher:0.0033|defenders:0.0032|might be:0.0031|at right:0.0030|gap:0.0029,washington:-0.0098|ethic:-0.0064|upright and:-0.0064|staff:-0.0049|pro:-0.0049|work:-0.0047
DaeQuan Wright,TE,Mississippi,242,beast,roster_bubble,1.9,21.7,61.1,15.4,"""2 in Ole Miss history for career tight end yardage (behind only Evan Engram). Wright put as many splash plays on tape as any tight end in college football in 2025 (and did so while playing hurt). Though he benefited from some manufactured touches, he also created his own separation and caught the ball cleanly"" [plays on] || ""​ Competitive as a blocker; made key improvements in 2025 with his base and hands"" [base and] || ""He started an upward trajectory in two seasons at Virginia Tech, and that only continued once he arrived in Oxford"" [at virginia]",,0.0146,0.513,0.1561,-0.0121,height,-0.0,slide,69.3,20.3,10.4,,"""​ 12 catches of 20-plus yards in 2025 (one of just three tight ends in this draft class to reach that number)"" [plus yards] || ""2 in Ole Miss history for career tight end yardage (behind only Evan Engram). Wright put as many splash plays on tape as any tight end in college football in 2025 (and did so while playing hurt). Though he benefited from some manufactured touches, he also created his own separation and caught the ball cleanly"" [benefited from]",-0.0,height,-0.0,0.76,0.659,0.861,23.5,0.179,-0.0064,-0.1341,0.0023,height,-0.0,grabs:0.0025|blocker:0.0025|scheme he:0.0025|history:0.0024|receiving:0.0024|behind:0.0021|plays on:0.0021|clear:0.0020|caught:0.0020|defenders:0.0019,shoulder:-0.0051|lack of:-0.0036|key:-0.0030|to earn:-0.0025|run game:-0.0023|nfl:-0.0023,ole:0.0109|miss:0.0089|wright:0.0083|sec:0.0059|as senior:0.0049|seasons at:0.0045|caught:0.0044|he started:0.0044|solid:0.0042|leave:0.0040,oklahoma:-0.0066|plus yards:-0.0060|separation:-0.0059|talent:-0.0054|athletic:-0.0053|benefited from:-0.0050
Logan Fano,EDGE,Utah,244,beast,53_man,1.6,44.3,40.2,13.9,"""He doesn’t have ideal explosiveness or length to easily deconstruct blocks, but he uses timely two-hand stabs or shoulder shivers to work off contact and find the football"" [to work, contact and] || ""A starter for two-and-a-half years at Utah, Fano lined up on the edge (primarily five- or seven-technique) in defensive coordinator Morgan Scalley’s four-man front"" [the edge, for two] || ""​ Penalized only once in college career (and it was declined)"" [college career]","""Injuries hampered him over the last few seasons, but he was disruptive when on the field"" [when on] || ""​ Puts his head down and works to set an example (NFL scout: “He was an older brother for a lot of guys, not just Spencer.”)"" [not just]",0.0434,-0.5246,0.1336,0.0248,broad_jump,0.5476,riser,27.0,18.7,54.3,"""He doesn’t have ideal explosiveness or length to easily deconstruct blocks, but he uses timely two-hand stabs or shoulder shivers to work off contact and find the football"" [to easily, have ideal] || ""A starter for two-and-a-half years at Utah, Fano lined up on the edge (primarily five- or seven-technique) in defensive coordinator Morgan Scalley’s four-man front"" [at utah, man front, defensive coordinator] || ""​ Shows equal parts balance and strain to work through contact"" [through contact]","""​ Three ACL injuries in past seven years: missed sophomore year of high school after tearing ACL in his right knee (spring 2018); tore right ACL again during spring practices at BYU (March 2022), which sidelined him for the season; tore ACL in left knee (Sept"" [right knee]",0.0,broad_jump,1.0878,0.776,0.674,0.877,45.8,0.356,-0.0068,-0.1341,-0.0081,wingspan,-0.0239,college career:0.0034|right:0.0032|inside:0.0032|outside:0.0030|to work:0.0029|chest:0.0028|shows:0.0028|though:0.0026|the edge:0.0026|seasons but:0.0024,injuries:-0.0031|second:-0.0030|blockers:-0.0023|split:-0.0022|knee:-0.0021|read:-0.0020,to easily:0.0049|vs:0.0039|2018:0.0036|slow:0.0036|works:0.0035|runners:0.0030|once:0.0024|through contact:0.0024|thick:0.0023|decent:0.0023,acl:-0.0084|injuries:-0.0062|right knee:-0.0052|backfield:-0.0050|chest:-0.0048|pass rusher:-0.0044
Fernando Carmona,IOL,Arkansas,245,beast,out_of_league,0.8,14.7,36.8,47.8,,"""He stays persistent with his hands to latch, sustain and recover versus different types of pass rushers, although he needs to do a better job keeping blocks centered to deflect heat from his edges"" [needs to, pass rushers] || ""He played only a half season of high school ball as a tight end before transitioning to the offensive line at San Jose State"" [tight end, he played]",0.0609,1.655,0.3298,-0.0003,40yd,0.9781,riser,42.3,11.8,46.0,,"""He stays persistent with his hands to latch, sustain and recover versus different types of pass rushers, although he needs to do a better job keeping blocks centered to deflect heat from his edges"" [although he, better job] || ""He played only a half season of high school ball as a tight end before transitioning to the offensive line at San Jose State"" [of high]",0.1114,broad_jump,0.9688,0.835,0.734,0.936,15.5,0.129,-0.0069,-0.1341,0.0002,hand,0.0334,center:0.0063|guard:0.0046|experience at:0.0040|doesn:0.0036|run game:0.0036|persistent:0.0036|break:0.0033|qualities:0.0032|combine:0.0030|stay:0.0027,moving:-0.0049|movement:-0.0048|tackle:-0.0039|needs to:-0.0035|experienced:-0.0035|offensive:-0.0034,solid:0.0053|below average:0.0047|transition:0.0047|in pass:0.0044|athletic:0.0039|tackle:0.0039|vs:0.0035|rushers:0.0034|rep:0.0034|flashes:0.0034,dirty:-0.0041|experienced at:-0.0040|team captain:-0.0039|room:-0.0038|honors:-0.0036|projects as:-0.0035
Alex Harkey,OT,Oregon,246,beast,roster_bubble,1.3,20.3,45.4,33.1,"""​ Penalized nine times in 2025 (three unsportsmanlike conducts, two face masks, two false starts, two holds)"" [times in] || ""He played at four different programs over six college seasons, and he showed steady progress after not playing offensive line until 2021 in junior college"" [played at] || ""A one-year starter at Oregon (and two-year starter overall), Harkey manned the right tackle spot in former offensive coordinator Will Stein’s balanced scheme"" [offensive coordinator]",,0.0161,0.513,-0.1829,-0.0554,vert_jump,0.5101,slide,42.5,17.9,39.7,"""His anchor and sustain skills are works in progress, but he is tireless with his hands and responds well to challenges"" [his hands]",,-0.0455,broad_jump,-0.8281,0.803,0.702,0.904,21.5,0.173,-0.0071,-0.1341,0.0106,hand,-0.0119,especially:0.0039|anchor:0.0024|sustain:0.0024|power:0.0023|inconsistent:0.0022|heavy:0.0022|turn:0.0021|line:0.0020|defenders:0.0019|body:0.0018,the run:-0.0045|nfl:-0.0037|earn:-0.0037|spot:-0.0034|pass sets:-0.0029|vs:-0.0027,guard:0.0074|his hands:0.0074|blocks:0.0073|earn:0.0058|running:0.0051|miss:0.0051|tends:0.0044|angle:0.0038|defenders:0.0036|and sustain:0.0034,relies on:-0.0053|continue:-0.0040|combine:-0.0040|coaching:-0.0038|in pass:-0.0038|adequate:-0.0037
Kendal Daniels,S,Oklahoma,247,beast,53_man,0.5,40.8,30.1,28.6,"""​ Quickly earned respect of his teammates and coaches in Norman (Venables: “Loves his family, his fiancée and his teammates"" [his teammates] || ""Overall, Daniels is a good-looking athlete with the range and movement skills to make plays at different levels of the field"" [and movement, plays at] || ""​ Recognizes tendencies and gets a head start (see “coffeehouse” stunt on 2025 Ole Miss tape)"" [head start]","""Though some teams see him as a tweener, others believe he can provide value on subpackages and special teams"" [special teams]",0.0466,-0.5246,0.0815,-0.0071,wingspan,-0.5215,slide,74.1,13.9,12.1,,"""​ Lean, tapered torso; needs to continue developing bulk"" [to continue] || ""He was a safety for his first three college seasons before moving to linebacker at Oklahoma State in 2024, then to a hybrid linebacker-safety-rusher role with the Sooners in 2025 (while playing for his fourth different defensive coordinator). Despite all of that shifting around, he was consistently productive in college and had almost 300 career tackles"" [the sooners]",-0.0,height,-0.3505,0.684,0.583,0.785,41.3,0.282,-0.0073,-0.1341,0.0023,wingspan,0.0258,around:0.0044|tape:0.0037|his teammates:0.0035|college:0.0032|punch:0.0032|moving:0.0030|though:0.0028|consistently:0.0023|leverage:0.0022|head start:0.0021,punt:-0.0045|box:-0.0041|gap:-0.0035|different:-0.0034|tight:-0.0031|safety:-0.0029,linebacker:0.0095|ole:0.0073|miss:0.0060|leaving:0.0059|tendencies:0.0059|as senior:0.0055|flow:0.0055|react:0.0053|defender:0.0052|tends:0.0052,oklahoma:-0.0127|box:-0.0080|daniels:-0.0064|to continue:-0.0054|the sooners:-0.0054|tackling:-0.0051
David Gusta,DL,Kentucky,248,beast,roster_bubble,0.3,9.9,62.1,27.8,"""He plays low and wide to establish leverage using contact balance and strong hands (his wrestling experience shows on the field). His short arms make it tough to keep blockers’ hands off him, but he answers with violent and strong hands, which help him shed the point of attack"" [the point, of attack, tough to] || ""After four seasons in Pullman (two as a starter), he transferred to Kentucky for his senior year and averaged 34 defensive snaps per game in 2025. Gusta is a densely built nose, with thickness in his arms and lower body"" [lower body, per game] || ""His younger brother (Devon), a defensive back, was his teammate at Kentucky in 2025. David grew up playing in the Grand Terrace Jr"" [grew up]","""He plays low and wide to establish leverage using contact balance and strong hands (his wrestling experience shows on the field). His short arms make it tough to keep blockers’ hands off him, but he answers with violent and strong hands, which help him shed the point of attack"" [he plays]",0.0169,0.513,-0.2056,0.053,40yd,-1.0317,slide,42.0,20.6,37.4,"""He plays low and wide to establish leverage using contact balance and strong hands (his wrestling experience shows on the field). His short arms make it tough to keep blockers’ hands off him, but he answers with violent and strong hands, which help him shed the point of attack"" [of attack, the point] || ""After four seasons in Pullman (two as a starter), he transferred to Kentucky for his senior year and averaged 34 defensive snaps per game in 2025. Gusta is a densely built nose, with thickness in his arms and lower body"" [and averaged] || ""He was a standout defensive lineman for three years before transferring to Cajon High School for his senior season (he was also a standout wrestler in high school). A three-star recruit, he originally committed to Fresno State before flipping to Washington State"" [committed to]",,-0.0,broad_jump,-1.0059,0.71,0.608,0.811,10.1,0.072,-0.0074,-0.1341,-0.0102,wingspan,-0.0253,productive:0.0044|keep:0.0040|the point:0.0038|34:0.0034|of attack:0.0033|grew up:0.0027|lower body:0.0027|years:0.0026|can be:0.0022|tough to:0.0022,he plays:-0.0059|seasons in:-0.0036|senior year:-0.0035|arms:-0.0031|directions:-0.0028|for his:-0.0025,recruit he:0.0139|and averaged:0.0105|attended:0.0077|standout:0.0071|senior:0.0069|committed to:0.0068|star:0.0065|of attack:0.0060|the point:0.0057|hands:0.0048,defensive:-0.0079|washington:-0.0077|below average:-0.0060|seasons in:-0.0050|quickness:-0.0046|directions:-0.0044
Collin Wright,CB,Stanford,249,beast,roster_bubble,0.9,15.4,72.2,11.5,"""​ Balanced trigger to plant and drive from off coverage"" [off coverage] || ""He led the team in interceptions and passes defended in 2024, and he took another jump on tape in 2025. Wright, who models his game after Byron Murphy, is a good-sized athlete with the foot quickness to mirror in man and alert movements from zone"" [interceptions and, game after] || ""​ Toughness as a tackler to get his man to the ground"" [get his]","""He is aggressive in his reactions, which can lead to missteps, but he plays through hands at the catch point and likes to mix it up in run support"" [he plays, lead to, it up]",0.0173,0.513,0.1989,0.0747,vert_jump,0.4435,riser,41.6,16.3,42.1,"""He led the team in interceptions and passes defended in 2024, and he took another jump on tape in 2025. Wright, who models his game after Byron Murphy, is a good-sized athlete with the foot quickness to mirror in man and alert movements from zone"" [sized athlete]","""He is aggressive in his reactions, which can lead to missteps, but he plays through hands at the catch point and likes to mix it up in run support"" [catch point]",0.0,broad_jump,0.9366,0.725,0.624,0.827,16.3,0.118,-0.0076,-0.1341,-0.0143,hand,0.031,off coverage:0.0034|point:0.0034|captain:0.0032|missed:0.0029|press:0.0028|interceptions and:0.0028|catch:0.0026|turn:0.0025|another:0.0025|get his:0.0023,passes defended:-0.0039|he plays:-0.0030|lead to:-0.0029|route breaks:-0.0026|support:-0.0023|man:-0.0022,sized athlete:0.0053|tall:0.0051|flashes:0.0041|team in:0.0040|coverage:0.0038|prone:0.0034|loses:0.0033|play the:0.0033|an outside:0.0032|reactions:0.0032,wright:-0.0057|man and:-0.0054|find:-0.0054|catch point:-0.0050|captain:-0.0049|interceptions:-0.0043
Deven Eastern,DL,Minnesota,250,beast,out_of_league,1.1,30.3,24.9,43.6,,,0.0682,1.655,0.3248,0.0445,40yd,1.2822,slide,86.5,11.8,1.7,"""​ Lackluster contact balance; can be late to recover"" [late to] || ""A three-year starter at Minnesota, Eastern played primarily as a 2i-technique in defensive coordinator Danny Collins’ scheme"" [played primarily]",,-0.0,40yd,0.1983,0.628,0.526,0.729,31.4,0.197,-0.0078,-0.1341,-0.031,3cone,-0.0515,blockers:0.0076|break:0.0067|doesn:0.0043|his size:0.0039|lacks:0.0037|broad:0.0032|work:0.0031|carries:0.0028|coaches:0.0028|injuries:0.0026,needs:-0.0083|wisconsin:-0.0050|make plays:-0.0047|more of:-0.0041|pocket:-0.0035|ready:-0.0031,late to:0.0080|extension:0.0058|played primarily:0.0054|tends:0.0053|chest:0.0048|double teams:0.0048|starter as:0.0047|shoulders:0.0047|sturdy:0.0036|pass rusher:0.0036,threaten:-0.0064|relies:-0.0062|lower half:-0.0059|eastern:-0.0059|nfl scouts:-0.0054|staff:-0.0053
Malik Benson,WR,Oregon,251,beast,roster_bubble,1.1,9.0,69.1,20.8,"""A one-year starter at Oregon (and two-and-a-half-year starter overall), Benson was a perimeter wideout (80.2 percent of career snaps) in former offensive coordinator Will Stein’s spread scheme"" [percent of]","""A deep-ball weapon, Benson is a fleet-of-foot athlete who can really fly once he opens up on downfield patterns (caught 11 of 17 targets of 20-plus yards in 2025). He can loosen coverage with the threat of his speed, but lacks the rhythm and efficiency to easily separate at the top of routes"" [his speed] || ""A well-traveled prospect, he played for four different programs over the past four years but performed his best as a senior, leading the Ducks in receiving yards"" [best as]",0.018,0.513,0.413,0.0313,vert_jump,0.8768,slide,71.1,17.5,11.4,,"""He tied for third in the Big 10 (with Jeremiah Smith and Omar Cooper Jr.) with 15 catches of 20-plus yards, and he was one of five FBS players in 2025 to average better than 17.5 yards per punt return"" [plus yards, of 20]",-0.0,vert_jump,-0.0798,0.768,0.667,0.869,10.1,0.078,-0.0079,-0.1341,-0.006,hand,0.0593,downfield:0.0041|inconsistent:0.0040|deep:0.0038|targets:0.0034|better:0.0033|off coverage:0.0030|tied for:0.0030|improved:0.0029|the top:0.0029|pull:0.0026,his speed:-0.0036|size:-0.0034|lack:-0.0033|perimeter:-0.0028|return:-0.0027|fbs:-0.0024,return:0.0137|as senior:0.0053|caught:0.0048|usc:0.0047|chest:0.0046|top:0.0034|80:0.0034|punt:0.0033|routes:0.0030|makes:0.0029,plus yards:-0.0111|ball:-0.0057|of 20:-0.0056|lacks:-0.0053|above:-0.0052|below average:-0.0047
Toriano Pride,CB,Missouri,252,beast,out_of_league,2.7,23.6,26.7,46.9,"""After things didn’t go as planned at Clemson, he transferred closer to home and was a reliable presence for the Tigers, while making noticeable improvements between his junior and senior seasons"" [junior and] || ""​ Smooth body control to make mid-air adjustments on the football"" [adjustments on, body control] || ""​ Played in 52 games over four collegiate seasons (including on special teams); didn’t miss a game because of injury"" [special teams]","""Overall, Pride has the speed and ball skills for the next level, but he can be mismatched against bigger, stronger pass catchers and needs to develop better consistency to earn a spot on a 53-man roster"" [to develop, can be]",0.0711,1.655,-0.229,0.0325,40yd,1.1884,slide,87.6,6.3,6.2,"""​ Quick to react in smaller spaces to defend slants and comebacks"" [to react] || ""​ Too easily boxed out by perimeter blocks and loses balance through contact"" [blocks and] || ""A starter for one-and-a-half years at Missouri, Pride played primarily on the outside with some snaps inside, defending the slot in defensive coordinator Corey Batoon’s scheme"" [played primarily]",,-0.0,40yd,0.1837,0.688,0.587,0.789,26.4,0.182,-0.0081,-0.1341,-0.0226,hand,-0.0102,clemson:0.0043|junior and:0.0042|easily:0.0037|combine:0.0036|tape:0.0035|timing:0.0029|size:0.0029|roster:0.0029|shows:0.0028|ran:0.0025,slot:-0.0075|to develop:-0.0058|defensive:-0.0058|better:-0.0057|can be:-0.0054|needs:-0.0038,miss:0.0059|to react:0.0057|blocks and:0.0055|played primarily:0.0053|senior seasons:0.0046|leave:0.0045|late:0.0043|playmaker with:0.0042|on tape:0.0042|earn:0.0040,among:-0.0073|defensive:-0.0064|tackler:-0.0059|timing:-0.0059|smaller:-0.0056|recovery:-0.0054
Andre Fuller,CB,Toledo,253,beast,roster_bubble,0.7,18.4,61.3,19.6,,"""Through a connection with assistant coach Ross Watson, he transferred up to Toledo and was a reserve safety in 2022 and 2023. He moved to cornerback for his senior season in 2024 but suffered a core muscle injury, which required sports hernia surgery and sidelined him for the season"" [and was] || ""His recovery speed is lacking, but when in phase, he can find the ball downfield and turn potential deep catches into incompletions"" [is lacking]",0.0188,0.513,0.1989,0.1073,vert_jump,0.4438,slide,55.8,14.8,29.5,"""Just a one-year starter in the FBS, Fuller put himself in draftable territory with his 2025 performance (42.3 percent completion rate when targeted). He has a natural feel as a man-cover defender to get physical at the line, quickly find his balance (regardless of his footwork) and stay with route runners through the stem"" [physical at] || ""Andre Fuller, the oldest of six children in his family, grew up in Palm Beach, Fla., with his mother (Fran Edmond). He played cornerback and wide receiver at Seminole Ridge Community High School and earned all-county and all-district honors as a senior in 2019. A no-star recruit, he signed with Arkansas-Pine Bluff and played two seasons for the FCS program"" [signed with] || ""His recovery speed is lacking, but when in phase, he can find the ball downfield and turn potential deep catches into incompletions"" [can find]","""Through a connection with assistant coach Ross Watson, he transferred up to Toledo and was a reserve safety in 2022 and 2023. He moved to cornerback for his senior season in 2024 but suffered a core muscle injury, which required sports hernia surgery and sidelined him for the season"" [in 2022] || ""Just a one-year starter in the FBS, Fuller put himself in draftable territory with his 2025 performance (42.3 percent completion rate when targeted). He has a natural feel as a man-cover defender to get physical at the line, quickly find his balance (regardless of his footwork) and stay with route runners through the stem"" [his footwork]",-0.0,broad_jump,-0.8663,0.685,0.583,0.786,19.1,0.131,-0.0083,-0.1341,-0.0206,hand,-0.0205,percent:0.0067|fuller:0.0056|off coverage:0.0038|downfield:0.0031|turn:0.0028|plays on:0.0028|deep:0.0028|the line:0.0027|no star:0.0025|potential:0.0024,required:-0.0039|need:-0.0037|safety:-0.0033|fbs:-0.0030|honors:-0.0029|natural:-0.0028,recruit he:0.0131|tendencies:0.0069|senior:0.0065|star:0.0062|physical at:0.0062|honors:0.0058|signed with:0.0056|solid:0.0055|can find:0.0055|2024:0.0037,fuller:-0.0090|recovery:-0.0064|in 2022:-0.0063|tackling:-0.0060|his footwork:-0.0053|adequate:-0.0051
Quintayvious Hutchins,EDGE,Boston College,254,beast,roster_bubble,1.5,35.2,46.1,17.2,"""​ Looks to anchor his feet but can be uprooted by physical blockers"" [to anchor, can be] || ""​ Voted a team captain in 2025"" [team captain] || ""He has the get-off and body bend to attack the corner but hasn’t been detailed or impactful enough at the top of his rush to consistently win as a pass rusher"" [the top]",,0.0191,0.513,-0.1792,0.1398,vert_jump,0.6804,slide,58.9,20.9,20.2,"""A two-year starter at Boston College, Hutchins was a stand-up edge rusher in defensive coordinator Tim Lewis’ scheme"" [boston college]",,-0.0,broad_jump,-0.8968,0.712,0.611,0.813,36.7,0.261,-0.0084,-0.1341,-0.0268,3cone,-0.046,backside:0.0039|playside:0.0036|passer:0.0028|missed:0.0028|pocket:0.0025|team captain:0.0023|body:0.0021|to anchor:0.0021|scheme:0.0020|can be:0.0018,special:-0.0061|run game:-0.0045|doesn:-0.0042|lack of:-0.0041|size:-0.0036|key:-0.0034,boston college:0.0078|tackles:0.0071|rush:0.0064|senior:0.0054|stand up:0.0053|2024:0.0053|his hands:0.0050|junior and:0.0042|backfield:0.0041|special:0.0041,threaten:-0.0061|once he:-0.0057|notre dame:-0.0051|defensive:-0.0050|plan:-0.0046|hasn:-0.0045
Barion Brown,WR,LSU,255,beast,out_of_league,1.1,10.8,35.4,52.7,"""He was the most prolific return man in Kentucky history, setting school records for kickoff return average in a season (36.0 yards) and career (30.3). He took his talents to Baton Rouge, La., for his final season and led the team in receiving in 2025. He also continued his impact on special teams, returning an SEC-record sixth kickoff for a touchdown (one shy of the NCAA record). Brown is a track athlete with speed that translates to the field in a big way"" [special teams] || ""His drops are frustrating, too, although he showed improvements as a senior when attacking 50-50 balls"" [when attacking] || ""​ Must go back to freshman season to get a feel for his YAC potential"" [freshman season]",,0.0755,1.655,-0.1612,0.0564,broad_jump,-0.3993,slide,44.4,21.2,34.4,,,-0.0,broad_jump,-0.9828,0.718,0.617,0.819,11.8,0.085,-0.0086,-0.1341,-0.0393,hand,0.0301,brown:0.0041|special teams:0.0037|suddenness:0.0031|translates:0.0027|create:0.0027|roster:0.0027|balls:0.0025|lsu and:0.0025|injuries:0.0024|doesn:0.0023,return:-0.0091|record:-0.0053|history:-0.0052|catch:-0.0046|attempts:-0.0041|athlete:-0.0041,return:0.0223|sec:0.0107|kick:0.0091|drops:0.0089|yards and:0.0072|as senior:0.0052|only average:0.0048|earn:0.0038|tds:0.0038|lsu:0.0034,records:-0.0059|nfl scouts:-0.0050|elite:-0.0045|led the:-0.0043|improve:-0.0042|team in:-0.0040
Jaeden Roberts,IOL,Alabama,256,beast,out_of_league,0.5,12.3,26.6,60.7,"""He is average at best as an athlete, but he competes to wall off or drive defenders off the ball, when his technique is right"" [best as, is average] || ""He headed into the 2025 season with draftable grades from NFL scouts, but his senior year was sidetracked early by a concussion suffered in fall camp, as well as on-field consistency issues"" [senior year] || ""Jaeden Roberts grew up with his mother (Twanisha) and played sports with his older brother (Matthew) throughout childhood"" [and played, older brother]","""Though he flashes shock in his hands, his placement and processing aren’t yet where they need to be, but NFL scouts are emphatic about his coachability and how hard he works"" [he works, his hands] || ""He is average at best as an athlete, but he competes to wall off or drive defenders off the ball, when his technique is right"" [drive defenders]",0.077,1.655,0.3298,0.0265,40yd,0.9247,slide,81.1,11.1,7.8,"""As a senior right guard, Jaeden Roberts helped the program capture the 2021 Class 6A state championship"" [right guard] || ""A four-star recruit, he had offers from LSU, Texas and most national powers; he originally committed to Auburn before flipping to Alabama"" [committed to] || ""Though he flashes shock in his hands, his placement and processing aren’t yet where they need to be, but NFL scouts are emphatic about his coachability and how hard he works"" [his hands]","""He headed into the 2025 season with draftable grades from NFL scouts, but his senior year was sidetracked early by a concussion suffered in fall camp, as well as on-field consistency issues"" [nfl scouts]",-0.0,40yd,0.143,0.769,0.668,0.87,12.8,0.098,-0.0088,-0.1341,-0.0185,hand,-0.0209,alabama:0.0047|guard:0.0047|best as:0.0038|auburn:0.0036|size:0.0035|junior:0.0034|carries:0.0034|camp:0.0032|scouts:0.0032|suffered:0.0031,before moving:-0.0043|lineman:-0.0034|defensive:-0.0034|athlete:-0.0032|technique:-0.0026|school:-0.0026,recruit he:0.0131|right guard:0.0116|attended:0.0073|senior:0.0065|committed to:0.0064|star:0.0062|his hands:0.0060|for him:0.0045|moving:0.0044|alabama:0.0043,nfl scouts:-0.0104|texas:-0.0060|is average:-0.0047|helped:-0.0044|though:-0.0043|character:-0.0042
Chase Roberts,WR,BYU,257,beast,roster_bubble,1.7,35.7,39.0,23.6,,"""​ Lack of top-end speed will limit run-after-catch potential"" [lack of] || ""140 Back to table of contents Overall, Roberts lacks ideal speed and separation skills, which are tough hurdles to clear in the NFL, but his crafty NFL-ready skill set will have value as a possession target for the right situation"" [skill set, right situation]",0.0203,0.513,0.413,0.2266,vert_jump,0.8753,riser,32.9,20.4,46.6,,"""​ Hip surgery in 2021 to repair an issue from high school"" [in 2021]",0.0,broad_jump,1.0504,0.647,0.546,0.748,37.4,0.242,-0.0089,-0.1341,-0.0434,hand,-0.0282,percent:0.0124|second:0.0048|byu:0.0030|gear:0.0029|scheme he:0.0029|corners:0.0028|press:0.0028|catch:0.0025|deep:0.0025|clear:0.0024,lack of:-0.0042|nfl:-0.0034|the air:-0.0029|man:-0.0026|speed:-0.0025|although:-0.0022,catches:0.0074|tall:0.0050|savvy:0.0049|through contact:0.0043|route:0.0043|vs:0.0042|up speed:0.0041|works:0.0039|coverage:0.0038|skills:0.0037,in 2021:-0.0067|team captain:-0.0048|room:-0.0046|injuries:-0.0040|locker:-0.0039|the field:-0.0039
Owen Heinecke,LB,Oklahoma,258,beast,out_of_league,1.6,21.2,35.0,42.1,,,0.0799,1.655,0.2557,0.0027,arm,0.2317,slide,66.1,21.7,12.3,"""He has yet to play his best football, and in the right situation he could reach his potential"" [best football] || ""On the one hand, his inexperience is obvious, especially in his reactions and finishing skills as a tackler (16 missed tackles in 2025). On the other hand, you can tell how well-coached he is by the way he trusts his eyes and athleticism to make plays"" [missed tackles]",,-0.0,arm,-0.1505,0.718,0.617,0.819,22.9,0.164,-0.0091,-0.1341,-0.0018,wingspan,-0.0199,lacks:0.0059|and will:0.0044|part time:0.0038|special:0.0038|tackles in:0.0038|often late:0.0034|midway:0.0029|oklahoma:0.0028|size:0.0027|flag:0.0026,linebacker:-0.0051|make plays:-0.0044|skills:-0.0035|return:-0.0033|moving:-0.0033|cover:-0.0033,linebacker:0.0090|return:0.0080|best football:0.0076|late:0.0068|missed tackles:0.0056|react:0.0050|solid:0.0045|stack:0.0045|backs:0.0042|special:0.0040,oklahoma:-0.0170|tackling:-0.0048|hasn:-0.0044|inexperience:-0.0042|lacks:-0.0042|adequate:-0.0042
DeShon Singleton,S,Nebraska,259,beast,53_man,1.6,41.8,18.7,37.9,"""​ Team captain who received glowing feedback from the school (NFL scout: “His position coach raves about his loyalty to the team"" [team captain] || ""He will need to improve on special teams to justify an NFL roster spot"" [need to] || ""A two-and-a-half-year starter at Nebraska, Singleton played rover and boundary safety roles as a senior in former defensive coordinator John Butler’s scheme"" [former defensive, year starter]",,0.0594,-0.5246,0.0815,-0.0198,wingspan,-0.6744,slide,81.2,10.7,8.2,"""He is at his best using his length to crowd tight ends in coverage and throw his body around as a flow tackler"" [in coverage]","""He will need to improve on special teams to justify an NFL roster spot"" [to improve]",-0.0,height,-0.2021,0.662,0.561,0.763,43.4,0.287,-0.0093,-0.1341,0.0065,hand,-0.0574,asked:0.0046|lead:0.0039|team captain:0.0035|need to:0.0030|spot:0.0029|length:0.0028|wide:0.0025|around:0.0024|catch point:0.0023|bowl:0.0021,will have:-0.0051|against:-0.0041|tight ends:-0.0038|the box:-0.0036|slot:-0.0029|safety:-0.0028,in coverage:0.0058|senior:0.0054|flow:0.0053|blocks:0.0049|late:0.0041|for him:0.0037|against:0.0037|size he:0.0034|on special:0.0033|spot:0.0031,the team:-0.0072|match:-0.0062|to improve:-0.0056|tackler:-0.0046|box:-0.0045|and interceptions:-0.0038
Desmond Reid,RB,Pittsburgh,260,beast,roster_bubble,1.1,31.6,59.0,8.3,,"""He also missed multiple games because of injuries the past three seasons, so durability will play a key factor in his evaluation"" [his evaluation] || ""He’s a willing pass blocker, too, but can only do so much against bigger defenders"" [so much]",0.0214,0.513,0.0742,0.0747,arm,-0.7916,slide,44.7,18.5,36.9,"""He attended Miramar High School and stood out as a senior, with 1,536 rushing yards and 27 touchdowns (22 rushing, three receiving, two kick returns). 72 Back to table of contents A three-star recruit, Reid landed at FCS Western Carolina, where he made an immediate impact and became an All-American"" [yards and, star recruit]","""He has been highly productive, totaling more than 1,200 rushing yards and 800 receiving yards over the past two seasons despite missing time with injury"" [highly productive]",-0.0,broad_jump,-1.3073,0.845,0.744,0.946,32.8,0.277,-0.0094,-0.1341,-0.0143,hand,0.075,productive:0.0055|missed:0.0052|receiving:0.0052|short area:0.0035|body:0.0032|struggled:0.0027|history:0.0025|test:0.0025|attempts:0.0023|inconsistent:0.0023,running:-0.0049|size:-0.0040|kick:-0.0038|durability:-0.0035|as junior:-0.0031|key:-0.0031,yards and:0.0122|running:0.0121|return:0.0081|star recruit:0.0068|attended:0.0059|missed tackles:0.0056|kick:0.0054|value:0.0053|senior:0.0053|transfer:0.0048,short area:-0.0073|rushing:-0.0066|highly productive:-0.0051|alignment:-0.0047|acceleration:-0.0046|elite:-0.0045
Rene Konga,DL,Louisville,261,beast,roster_bubble,1.9,25.4,47.5,25.2,"""For his final two seasons, he transferred to Louisville, where he became a starter and an All-ACC performer (44.3 defensive snaps per game in 2025). Konga’s college career was a slow burn, but his fresh start at Louisville felt like an awakening for him (NFL scout: “Quiet kid"" [college career] || ""He attended Colonel By Secondary School, where he played running back, defensive end and kicker"" [end and] || ""He tends to pop upright, which leaves him stuck on contact, but he can get blockers moving using his athletic feet and strong swats"" [stuck on]","""… Some guys just need time to mature their habits and realize their abilities.”). He has a compact build and carries his weight well with long, thick arms"" [with long, his weight, compact build] || ""For his final two seasons, he transferred to Louisville, where he became a starter and an All-ACC performer (44.3 defensive snaps per game in 2025). Konga’s college career was a slow burn, but his fresh start at Louisville felt like an awakening for him (NFL scout: “Quiet kid"" [final two, start at]",0.0218,0.513,-0.2056,-0.0012,height,-0.0,slide,83.9,8.4,7.7,"""As a senior, he accounted for 21 offensive touchdowns (15 rushing, four receiving, two passing) and was the league’s defensive MVP in 2019. A three-star recruit, he signed with Rutgers (over Syracuse) and reclassified, enrolling at 17. He found himself buried on the depth chart over four years in the program and struggled to make an impact"" [star recruit, signed with] || ""His closing speed is only average, which can hurt his sack production"" [only average]",,-0.0,height,-0.0,0.717,0.616,0.818,27.3,0.196,-0.0096,-0.1341,0.0002,height,-0.0,college career:0.0037|struggled:0.0034|receiving:0.0031|moving:0.0029|short area:0.0026|years:0.0024|upright:0.0022|hurt:0.0020|end and:0.0020|chart:0.0020,running:-0.0050|impact:-0.0038|need:-0.0036|run game:-0.0030|is the:-0.0026|closing:-0.0024,running:0.0112|star recruit:0.0078|attended:0.0068|as senior:0.0060|tends:0.0057|only average:0.0055|touchdowns:0.0053|originally:0.0053|signed with:0.0053|his ground:0.0048,defensive:-0.0079|athletic:-0.0066|chart:-0.0061|upright:-0.0060|short area:-0.0049|adequate:-0.0048
Xavian Sorey,LB,Arkansas,262,beast,out_of_league,1.7,12.1,41.7,44.4,,,0.0858,1.655,0.2557,0.0116,40yd,0.832,slide,82.9,8.8,8.3,"""A five-star recruit at Georgia, he spent three years as a backup in Athens before transferring to Fayetteville in 2024. He led the Razorbacks in tackles as a junior and senior (7.2 tackles per game). A run-and-hit linebacker, Sorey is a rangy athlete with the trigger quickness and motor to fill up the stat sheet"" [star recruit]",,-0.0,40yd,0.1286,0.707,0.605,0.808,13.8,0.098,-0.0098,-0.1341,-0.0081,hand,-0.018,blockers:0.0082|williams:0.0073|doesn:0.0047|junior and:0.0047|compete for:0.0035|work:0.0033|missed tackles:0.0033|timing:0.0032|required:0.0032|size:0.0032,linebacker:-0.0060|athlete:-0.0049|productive:-0.0038|carriers:-0.0036|motor:-0.0033|years:-0.0033,linebacker:0.0104|tackles:0.0100|star recruit:0.0079|kick:0.0062|senior:0.0061|blocks:0.0056|spent:0.0049|junior and:0.0047|his aggressive:0.0047|take on:0.0044,ethic:-0.0076|quickness:-0.0070|match:-0.0070|ball:-0.0066|timing:-0.0065|tackling:-0.0056
Caden Barnett,OT,Wyoming,263,beast,roster_bubble,0.9,20.4,40.6,38.1,"""​ Better timing led to fewer penalties in 2025 but still has room for improvement — Good square power to deliver jolt at the point of attack and dig out defenders in the post on double-teams, pulls and down blocks"" [the point, of attack, on double] || ""Overall, Barnett needs to develop better consistency with his sustain skills, but the mental and physical tools are there for him to grow into being a solid backup — and potentially more"" [needs to] || ""Having played in all 48 games the past four seasons, he was a durable presence for the Cowboys’ offense, starting his sophomore and junior years at right tackle before moving inside to right guard as a senior"" [before moving]","""Barnett has a very solid foundation for teams to work with in the NFL. He offers functional size and length, with the raw strength to move bodies in the run game and the athleticism to execute different types of blocks"" [run game] || ""​ Above-average athlete for his size, both off the ball and in space"" [athlete for]",0.0225,0.513,-0.1829,-0.0229,height,-0.0,slide,76.6,17.9,5.6,"""Overall, Barnett needs to develop better consistency with his sustain skills, but the mental and physical tools are there for him to grow into being a solid backup — and potentially more"" [him to]",,-0.0455,height,-0.0,0.794,0.692,0.895,21.4,0.169,-0.0099,-0.1341,0.0044,height,-0.0,better:0.0041|targets:0.0029|scheme:0.0028|power:0.0028|keep:0.0027|the point:0.0025|needs to:0.0024|lined:0.0023|anchor:0.0023|before moving:0.0023,run game:-0.0037|athleticism:-0.0035|timing:-0.0034|size:-0.0030|long arms:-0.0029|tackle:-0.0028,guard:0.0089|blocks:0.0087|chest:0.0066|solid:0.0066|leaving:0.0048|as senior:0.0045|at right:0.0044|his hands:0.0042|caught:0.0041|wyoming:0.0041,timing:-0.0081|balance:-0.0051|the middle:-0.0046|recovery:-0.0045|work:-0.0041|short:-0.0037
Harrison Wallace,WR,Mississippi,264,beast,roster_bubble,0.8,30.3,44.4,24.4,"""​ Balanced off the line and plays with consistent pacing"" [the line] || ""He is an efficient athlete with passable agility and speed, although he isn’t a polished technician at this point in his development"" [his development] || ""​ Natural tracking and adjustment skills (credits experience as a center fielder)"" [adjustment skills]",,0.0229,0.513,0.413,0.1506,vert_jump,0.8759,slide,44.2,21.4,34.5,,,-0.0,broad_jump,-0.9476,0.762,0.661,0.863,31.1,0.237,-0.0101,-0.1341,-0.0289,hand,0.0787,missed:0.0045|receiving:0.0045|body:0.0034|wallace:0.0032|keep:0.0031|improved:0.0030|scheme he:0.0027|press:0.0026|focus:0.0024|finished:0.0023,returner:-0.0053|doesn:-0.0040|center:-0.0040|junior:-0.0035|become:-0.0031|special:-0.0028,ole:0.0119|returner:0.0106|miss:0.0097|drops:0.0053|averaged:0.0053|his hands:0.0049|touchdowns:0.0047|an instinctive:0.0044|per return:0.0041|rebels:0.0036,and doesn:-0.0071|among:-0.0070|ball:-0.0050|led the:-0.0044|adjustment:-0.0044|vocal:-0.0041
Colbie Young,WR,Georgia,265,beast,out_of_league,0.5,28.6,23.3,47.6,"""He comfortably attacks the ball with graceful body control and uses his ball skills to win in contested situations (his value in the red zone is an untapped resource). He is a build-up mover and lacks the suddenness or immediate speed to easily create separation, but he has lighter feet than most players his size"" [his size]","""​ Instead of preserving himself for the draft process after a 2025 leg injury, he rehabbed rigorously to return for the College Football Playoff (Zachariah Branch: “Sometimes, people get injured and disappear, but he was nothing like that.”) 113 Back to table of contents"" [leg injury]",0.0902,1.655,-0.1612,0.0056,40yd,1.7382,riser,40.3,14.9,44.8,"""A starter for one-and-a-half years at Georgia and a three-year starter overall, Young was an outside X receiver in offensive coordinator Mike Bobo’s offense"" [at georgia, an outside] || ""He comfortably attacks the ball with graceful body control and uses his ball skills to win in contested situations (his value in the red zone is an untapped resource). He is a build-up mover and lacks the suddenness or immediate speed to easily create separation, but he has lighter feet than most players his size"" [to easily] || ""​ Tall, sinewy frame with broad shoulders, sturdy build and no bad weight"" [frame with]",,0.0,broad_jump,1.1037,0.697,0.596,0.799,29.1,0.203,-0.0103,-0.1341,-0.0039,broad_jump,0.0127,his size:0.0058|lacks the:0.0048|strides and:0.0033|easily:0.0033|suddenness:0.0030|contested situations:0.0030|come:0.0029|broad:0.0028|required:0.0026|playoff:0.0026,attempts:-0.0039|catch:-0.0035|outside:-0.0034|especially:-0.0032|return:-0.0031|productive:-0.0031,to easily:0.0045|leg:0.0043|tall:0.0042|route:0.0036|scouts:0.0033|arrested:0.0030|at georgia:0.0030|build:0.0027|framed:0.0027|rangy:0.0027,corners:-0.0068|immediate:-0.0049|return:-0.0044|special teams:-0.0040|weight:-0.0039|room:-0.0038
Avery Smith,CB,Toledo,266,beast,53_man,1.0,48.2,22.6,28.2,,"""​ Questionable deep speed and will struggle to close gaps in trail"" [and will] || ""​ Bulldog run defender but allows some ball carriers out of his grasp, because of shallow angles and average finishing strength"" [run defender]",0.0669,-0.5246,-0.1555,0.0248,wingspan,0.4972,slide,90.8,3.6,5.6,,,-0.0,40yd,0.2073,0.745,0.644,0.846,49.2,0.367,-0.0104,-0.1341,-0.0081,hand,0.0618,smith:0.0087|inside:0.0070|outside:0.0053|arms:0.0050|feel:0.0048|interception:0.0037|support:0.0034|angles:0.0031|though:0.0028|twitchy:0.0026,punt:-0.0044|allows:-0.0034|and will:-0.0031|nickel:-0.0030|combined:-0.0030|try:-0.0029,senior:0.0055|run defender:0.0050|nickel:0.0045|junior and:0.0043|quick footed:0.0039|final two:0.0036|in coverage:0.0035|defended over:0.0034|honors as:0.0032|arriving:0.0032,ball:-0.0065|staff:-0.0052|is average:-0.0040|former defensive:-0.0039|fluid:-0.0039|the boundary:-0.0038
Dalton Johnson,S,Arizona,267,beast,53_man,1.0,50.4,16.6,32.1,"""Though his lack of length shows at times as a tackler, he throws his body around with admirable toughness as a run defender"" [lack of]","""​ Needs to be more consistent at leveraging inside gaps"" [more consistent] || ""His versatile experience in the secondary and on special teams only helps his chances"" [special teams, versatile experience]",0.068,-0.5246,0.0815,-0.0135,broad_jump,0.5894,riser,39.1,18.9,42.0,,"""His versatile experience in the secondary and on special teams only helps his chances"" [special teams]",0.0,broad_jump,1.171,0.73,0.628,0.831,51.4,0.375,-0.0106,-0.1341,0.0044,3cone,-0.0135,tackle:0.0107|lead:0.0069|johnson:0.0057|lack of:0.0053|seasons in:0.0035|inside:0.0033|defensive:0.0031|shows:0.0030|length:0.0029|outstanding:0.0028,safety:-0.0036|more consistent:-0.0032|int:-0.0031|leave:-0.0030|lacks:-0.0025|senior captain:-0.0024,solid:0.0063|chances:0.0058|straight line:0.0048|consistent:0.0048|coverage:0.0047|tackle:0.0047|scouts:0.0039|arizona:0.0038|position:0.0033|acceleration:0.0033,as senior:-0.0086|special teams:-0.0081|johnson:-0.0056|lead:-0.0050|experienced at:-0.0048|post:-0.0044
Michael Heldman,EDGE,Central Michigan,268,beast,roster_bubble,1.3,14.9,59.6,24.1,,"""He isn’t super long, which shows at times versus the run, but he did a much better job shedding contact in 2025 than on his junior tape"" [the run]",0.0244,0.513,-0.1792,0.1506,height,-0.0,slide,92.0,4.9,3.1,,"""He showed gradual improvement each season with the Chippewas, and his 2025 performance (53 pressures, second in the MAC behind Nadame Tucker) raised his NFL profile"" [each season]",-0.0,height,-0.0,0.732,0.631,0.834,16.3,0.119,-0.0108,-0.1341,-0.0289,height,-0.0,second:0.0057|behind:0.0029|he did:0.0025|better:0.0025|point:0.0023|showed:0.0021|motor:0.0019|19:0.0019|turned:0.0019|has good:0.0018,nfl:-0.0040|in an:-0.0031|the run:-0.0030|mac:-0.0030|junior:-0.0026|athleticism:-0.0024,recruit he:0.0138|as senior:0.0115|stand up:0.0066|star:0.0065|mac:0.0053|central:0.0051|shedding:0.0048|edge rusher:0.0047|pass rush:0.0038|version:0.0037,nfl scouts:-0.0065|defensive lineman:-0.0061|sacks:-0.0053|each season:-0.0050|gradual:-0.0050|improvement:-0.0047
DJ Campbell,IOL,Texas,269,beast,out_of_league,1.0,21.2,33.0,44.8,,"""Overall, Campbell needs to continue refining his technique to cover up his warts, but he has the talent and toughness to fit a downhill, gap-centric scheme"" [needs to]",0.096,1.655,0.3298,0.0086,40yd,0.6578,slide,89.0,5.9,5.1,"""A three-year starter at Texas, Campbell was a mainstay at right guard in head coach Steve Sarkisian’s multiple-based scheme"" [right guard]","""Overall, Campbell needs to continue refining his technique to cover up his warts, but he has the talent and toughness to fit a downhill, gap-centric scheme"" [to continue]",-0.0,height,0.1498,0.76,0.659,0.861,22.3,0.169,-0.0109,-0.1341,-0.006,hand,-0.0209,lacks:0.0063|run game:0.0043|likely:0.0041|be late:0.0040|guard:0.0039|create:0.0030|described:0.0026|gap:0.0025|flashes:0.0024|ideal:0.0024,needs to:-0.0072|attempts:-0.0046|athlete:-0.0045|scheme:-0.0041|arms:-0.0040|blocker:-0.0040,recruit he:0.0113|late:0.0103|right guard:0.0100|blocks:0.0087|sec:0.0067|campbell:0.0063|miss:0.0060|extension:0.0057|as senior:0.0056|gap:0.0054,texas:-0.0088|ideal:-0.0066|talent:-0.0062|to continue:-0.0055|lacks:-0.0045|adequate:-0.0044
Noah Whittington,RB,Oregon,270,beast,roster_bubble,1.0,16.5,48.5,33.9,"""Overall, Whittington is a compact, muscular runner with vision and burst through the hole and toughness as a finisher and blocker"" [runner with] || ""Though he sculpted his body in the weight room, his frame appears maxed out and he offers little power as an inside runner, although his contact balance is encouraging (see his touchdown run vs"" [weight room, contact balance] || ""​ Active on screens and option routes but can be more reliable finishing catches"" [can be]","""He will need to be paired with a bigger back for those short-yardage situations against NFL defenses"" [need to] || ""Whittington became the starter in 2025 and led the Big Ten with 6.4 rushing yards per attempt, although injuries limited him at times"" [yards per, big ten]",0.0252,0.513,0.0742,-0.0446,40yd,-1.0359,slide,79.9,13.0,7.1,"""A one-year starter at Oregon, Whittington was the Ducks’ top ball carrier in former offensive coordinator Will Stein’s balanced scheme (zone/gap). A transfer from Western Kentucky, he shared the backfield with Bucky Irving before suffering an ACL injury"" [the backfield]",,-0.0455,40yd,0.3295,0.826,0.725,0.928,17.6,0.145,-0.0111,-0.1341,0.0086,hand,0.075,missed:0.0039|line:0.0032|second:0.0032|behind:0.0028|productive:0.0024|body:0.0024|runner with:0.0022|dropped:0.0020|blocker:0.0019|appears:0.0018,although:-0.0031|kick:-0.0029|center:-0.0028|durability:-0.0027|nfl:-0.0025|need to:-0.0025,return:0.0096|the backfield:0.0078|davis:0.0074|tackles:0.0069|2024:0.0051|running:0.0041|kick:0.0038|blocks and:0.0037|averaged:0.0037|acl:0.0036,grade:-0.0054|maxed:-0.0047|pro:-0.0044|quickness:-0.0043|threaten:-0.0042|runner:-0.0041
Eric Rivers,WR,Georgia Tech,271,beast,roster_bubble,0.8,9.7,47.6,41.9,"""A one-year starter at Georgia Tech (and two-year starter overall), Rivers lined up primarily outside (79.2 percent of snaps) in former offensive coordinator Buster Faulkner’s pro-style scheme (motion-heavy, west-coast principles). A former walk-on and defensive back, he put himself on the NFL radar with a highlight-reel 2024 season at FIU, ranking fifth nationally in receiving yards per game (97.7) and touchdowns (12) to become the first All-American in school history"" [percent of]","""However, his 149 Back to table of contents production decline in his final season is a concern — touchdown grabs dipped from 12 in 2024 to two in ‘25; receptions of 20-plus yards were down from 21 to seven"" [his final]",0.0256,0.513,0.413,0.2916,vert_jump,0.8777,riser,39.7,19.5,40.8,,"""However, his 149 Back to table of contents production decline in his final season is a concern — touchdown grabs dipped from 12 in 2024 to two in ‘25; receptions of 20-plus yards were down from 21 to seven"" [his final]",0.0,broad_jump,1.0504,0.704,0.603,0.806,10.5,0.074,-0.0113,-0.1341,-0.0559,hand,0.0301,improved:0.0056|receiving:0.0049|deep:0.0043|grabs:0.0025|big time:0.0025|lined:0.0024|school history:0.0024|skills but:0.0023|attempts:0.0022|rivers:0.0022,returner:-0.0048|undersized:-0.0033|on and:-0.0028|become:-0.0027|defensive back:-0.0026|special:-0.0025,walk:0.0069|catches:0.0062|skills but:0.0040|tracking:0.0040|heavy:0.0038|the slot:0.0038|route:0.0037|defensive back:0.0036|flashes:0.0034|records for:0.0032,returner:-0.0084|touchdowns:-0.0075|his final:-0.0064|punt:-0.0052|coverages:-0.0045|yards per:-0.0043
Nolan Rucci,OT,Penn State,272,beast,out_of_league,0.6,6.8,28.8,63.8,"""He became a full-time starter in his fifth season and achieved All-Big Ten honors"" [time starter]",,0.1004,1.655,0.3298,0.0116,height,0.0,slide,80.0,10.4,9.5,,"""​ Needs to continue strengthening frame to match up with NFL talent"" [to match]",-0.0,height,-0.0,0.782,0.681,0.883,7.4,0.058,-0.0114,-0.1341,-0.0081,height,-0.0,time starter:0.0069|run game:0.0045|big ten:0.0037|more consistent:0.0035|work:0.0032|vs:0.0031|size:0.0030|match:0.0030|tall:0.0029|worth:0.0028,wisconsin:-0.0052|penn:-0.0045|needs to:-0.0044|leverage:-0.0039|cover:-0.0036|offensive:-0.0035,recruit he:0.0112|full time:0.0064|star:0.0053|immediate:0.0047|violence:0.0046|late:0.0043|for him:0.0038|enough:0.0036|at right:0.0032|gap:0.0031,quickness:-0.0079|to match:-0.0070|talent:-0.0061|consistent:-0.0053|former:-0.0051|tall:-0.0050
Max Bredeson,RB,Michigan,273,beast,53_man,1.3,48.1,12.0,38.5,,"""Overall, Bredeson will have limited landing spots because of his position, but his passionate energy and blocking toughness are NFL worthy, if he lands in the right offense"" [will have]",0.0744,-0.5246,-0.1401,-0.0071,height,0.1899,slide,87.9,5.4,6.6,"""​ Accelerates into contact on lead blocks and motions/cross-formation pulls"" [into contact, blocks and]","""He does offer versatility in the ways he is deployed as a run blocker, creating movement with the same physicality and violence on every snap (former Michigan teammate Rayshaun Benny: “I watch Bredeson highlights to get jacked up.”). His lack of ideal length and speed will be more noticeable on a field with NFL athletes"" [ideal length, his lack, field with] || ""He wasn’t much of a factor in the passing game (12 catches, four first downs, zero touchdowns for his career). Bredeson fits the mold of a smashmouth, no-nonsense blocker that was an integral part of NFL football 30 years ago — but not as much in the modern game"" [that was]",-0.0,40yd,0.2941,0.692,0.59,0.793,49.5,0.342,-0.0116,-0.1341,0.0023,hand,-0.0611,michigan:0.0066|during the:0.0048|lead:0.0039|seasons in:0.0033|right:0.0032|arms:0.0029|former:0.0028|edge:0.0025|lack:0.0025|with high:0.0025,will have:-0.0050|punt:-0.0042|of attack:-0.0041|formation:-0.0031|part time:-0.0030|tight:-0.0029,touchdowns:0.0078|into contact:0.0065|senior:0.0053|blocks and:0.0052|of attack:0.0046|growing up:0.0046|the point:0.0043|violence:0.0043|factor:0.0040|linemen:0.0039,that was:-0.0049|former:-0.0048|brothers:-0.0045|easily:-0.0041|energy:-0.0039|seasons in:-0.0038
Skyler Gill-Howard,DL,Texas Tech,274,beast,roster_bubble,0.9,12.8,47.1,39.2,"""He made the transition to the defensive line without sacrificing his athleticism, which allows him to slice through gaps and work down the line of scrimmage"" [the transition] || ""Though built with solid mass, he lacks ideal size and length for trench work, which often puts him at a disadvantage"" [and length] || ""A one-year starter at Texas Tech, Gill-Howard played the three-technique in defensive coordinator Shiel Wood’s 4-2-5 base scheme"" [at texas]","""​ Struggles to stand out when asked to match power for power in trenches"" [when asked, stand out] || ""Though built with solid mass, he lacks ideal size and length for trench work, which often puts him at a disadvantage"" [ideal size]",0.0267,0.513,-0.2056,0.1073,vert_jump,0.8951,slide,77.8,19.3,2.9,"""A midseason ankle injury robbed him of the second half of his final college season"" [his final] || ""​ Physicality as a run defender will attract double teams"" [run defender]","""​ Struggles to stand out when asked to match power for power in trenches"" [to match]",-0.0,40yd,0.2199,0.687,0.586,0.788,13.6,0.094,-0.0118,-0.1341,-0.0206,3cone,-0.0531,line:0.0047|second:0.0045|gaps:0.0031|ankle:0.0030|three technique:0.0030|the transition:0.0028|missed:0.0027|power:0.0026|especially:0.0026|and length:0.0022,spot:-0.0038|energy:-0.0037|howard:-0.0032|nfl:-0.0032|need:-0.0031|when asked:-0.0027,linebacker:0.0095|miss:0.0059|keeps:0.0054|his final:0.0053|blocks:0.0051|howard:0.0051|run defender:0.0050|and length:0.0048|with solid:0.0048|double teams:0.0047,defensive:-0.0079|work:-0.0071|to match:-0.0070|energy:-0.0069|ideal:-0.0065|three technique:-0.0061
Jack Pyburn,EDGE,LSU,275,beast,roster_bubble,1.0,33.6,37.4,28.1,,,0.0271,0.513,-0.1792,0.1073,arm,-0.644,slide,80.6,15.5,4.0,"""He is a strong run defender with the physical hands to strike, tilt blockers off balance and quickly find the football"" [run defender]",,-0.0,3cone,0.1717,0.646,0.545,0.748,34.6,0.223,-0.0119,-0.1341,-0.0206,3cone,-0.049,find the:0.0030|body:0.0021|scheme:0.0020|below:0.0017|snaps:0.0016|end of:0.0014|track:0.0013|short:0.0012|high cut:0.0011|sacks:0.0011,special:-0.0061|as pass:-0.0034|acl:-0.0033|knee:-0.0033|break down:-0.0031|doesn:-0.0030,rush:0.0068|as pass:0.0064|leaving:0.0061|falling:0.0060|acl:0.0055|run defender:0.0052|looks:0.0050|to set:0.0048|role in:0.0048|find:0.0045,isn:-0.0060|snaps:-0.0051|below average:-0.0050|sacks:-0.0044|carrier:-0.0042|considering his:-0.0038
Joe Fagnano,QB,UConn,276,beast,roster_bubble,1.4,8.0,64.8,25.8,"""​ Started more than six games in just two of seven college seasons"" [games in, two of] || ""​ Doesn’t have an elite arm, but has more than what is required"" [more than] || ""​ Works at his craft and independently structured (NFL scout: “The guys respect his work, and I think that boosted his confidence.”)"" [his work]",,0.0275,0.513,0.5572,-0.088,wingspan,-0.3495,slide,79.2,9.9,10.9,"""He played four seasons at Maine, in the FCS, before making the FBS jump to UConn, where he was a part-time starter in 2024. He entered the 2025 season graded as a potential undrafted free agent by several NFL teams (and was ungraded by others), but he put together one of the best seasons in UConn history"" [where he]",,-0.0,height,-0.057,0.816,0.715,0.917,9.4,0.077,-0.0121,-0.1341,0.0169,wingspan,0.0232,passer:0.0044|years:0.0034|potential:0.0033|games in:0.0028|history:0.0026|missed:0.0025|decision:0.0023|more than:0.0022|accuracy:0.0019|prove:0.0019,required:-0.0065|fbs:-0.0040|the key:-0.0037|nfl:-0.0034|need to:-0.0034|surgery:-0.0027,seasons at:0.0048|transfer:0.0046|making:0.0041|weekend:0.0041|late:0.0040|on draft:0.0038|staying:0.0037|2021:0.0035|time starter:0.0035|rusher:0.0033,000:-0.0110|uconn:-0.0065|fluid:-0.0061|passer:-0.0054|season with:-0.0052|chart:-0.0052
Ethan Burke,EDGE,Texas,277,beast,roster_bubble,1.0,18.4,66.0,14.6,"""He missed the first half of his junior season because of a broken collarbone (suffered while playing lacrosse) but returned for the team’s state championship run (he sacked Quinn Ewers twice in a 2020 state title game win). Burke started to receive lacrosse scholarship offers, including from a powerhouse Maryland program"" [missed the, title game, returned for] || ""His effort and hard-working attitude will serve him well at the next level"" [effort and] || ""Ethan Burke enrolled at Westlake midway through his freshman year and joined the football team as a sophomore"" [enrolled at]","""He needs to be more consistent with his rush plan and shed skills to secure an NFL roster spot."" [roster spot, more consistent] || ""He committed to the Wolverines but abruptly flipped to Texas when the Longhorns swooped in days before signing day"" [he committed]",0.0278,0.513,-0.1792,0.2699,height,-0.0,slide,88.1,9.0,2.9,"""He committed to the Wolverines but abruptly flipped to Texas when the Longhorns swooped in days before signing day"" [committed to]",,-0.0,height,-0.0,0.713,0.612,0.814,19.4,0.138,-0.0123,-0.1341,-0.0518,height,-0.0,years:0.0041|missed the:0.0033|coach:0.0031|clear:0.0026|including:0.0025|move:0.0023|showed:0.0019|needs:0.0019|program:0.0018|four star:0.0018,roster spot:-0.0033|he committed:-0.0030|junior:-0.0024|baylor:-0.0019|more consistent:-0.0017|nfl:-0.0017,rush:0.0074|recruit:0.0068|committed to:0.0062|star:0.0060|tends:0.0059|tackles:0.0049|title:0.0043|in 2020:0.0039|next level:0.0037|as sophomore:0.0035,texas:-0.0098|the team:-0.0050|professional:-0.0049|wolverines:-0.0044|senior season:-0.0044|high cut:-0.0039
Chip Trayanum,RB,Toledo,278,beast,roster_bubble,0.9,38.5,47.2,13.4,,,0.0282,0.513,0.0742,-0.0012,height,-0.0,slide,90.9,6.1,3.0,"""After missing most of the 2024 season with an injury (he required two hand surgeries), he transferred to his fourth school and led Toledo in rushing in 2025. A well-put-together athlete, Trayanum looks the part, with a muscular torso and quads"" [the 2024] || ""A four-star recruit, he signed with Arizona State (in the same class as Rachaad White) and played two seasons for the Sun Devils before transferring to Ohio State, where he bounced between linebacker and running back"" [signed with]",,-0.0,height,-0.0,0.763,0.662,0.864,39.4,0.301,-0.0124,-0.1341,0.0002,height,-0.0,ohio:0.0058|second:0.0057|fourth:0.0030|behind:0.0029|linebacker:0.0029|and balance:0.0025|straight:0.0025|upright:0.0024|state:0.0023|after missing:0.0022,running:-0.0054|required:-0.0041|roster spot:-0.0036|special:-0.0035|shoulder:-0.0034|surgeries:-0.0028,recruit he:0.0137|running:0.0125|linebacker:0.0115|the 2024:0.0067|star:0.0065|tends:0.0064|signed with:0.0058|transferred:0.0056|rusher:0.0043|make it:0.0042,chip:-0.0072|upright:-0.0067|buckeyes:-0.0052|ohio:-0.0052|energy:-0.0050|helped:-0.0046
Enrique Cruz,OT,Kansas,279,beast,53_man,1.1,40.7,30.0,28.2,,,0.0808,-0.5246,0.1013,-0.0071,broad_jump,0.446,slide,54.1,14.5,31.4,"""​ Gets too upright in pass sets and into contact as a run blocker"" [into contact]",,-0.0,broad_jump,-0.7796,0.783,0.682,0.884,41.8,0.327,-0.0126,-0.1341,0.0023,hand,-0.0209,tackle:0.0103|zone:0.0040|tape:0.0035|leads:0.0033|right:0.0032|inside:0.0032|hands:0.0032|sets:0.0030|punch:0.0030|length:0.0028,gap:-0.0033|positive:-0.0028|day:-0.0028|defenders:-0.0026|nfl teams:-0.0022|corners:-0.0022,into contact:0.0065|running:0.0057|2024:0.0051|green:0.0045|role in:0.0044|linemen:0.0040|physical hands:0.0038|enough:0.0034|delayed:0.0034|gap:0.0030,timing:-0.0094|staff:-0.0084|kansas:-0.0074|adequate:-0.0070|upright:-0.0052|texas:-0.0048
Dillon Bell,WR,Georgia,280,beast,out_of_league,0.7,14.3,17.9,67.2,,,0.1121,1.655,-0.1612,0.0713,40yd,1.468,slide,46.4,8.7,44.8,"""​ Part-time kick returner in 2023, but lackluster overall background on special teams Bell is a former four-star receiver with a background in both track (100 and 200 meters) and basketball"" [kick returner]","""Though he has experience across the formation, his lack of route-running nuance limits the ways you can get him the football, and he is unproven as a downfield threat (30 targets of 20-plus yards in his career but just seven catches). Overall, Bell calls himself a “positionless player,” which is both intriguing and concerning for his projection"" [plus yards]",-0.0,broad_jump,-0.9007,0.657,0.555,0.758,14.9,0.098,-0.0128,-0.1341,-0.0497,broad_jump,0.0118,does not:0.0038|jump:0.0037|part time:0.0034|lacks:0.0030|shows:0.0029|starter for:0.0027|size and:0.0026|strides:0.0025|built:0.0023|combination:0.0023,his career:-0.0065|slot:-0.0063|catch:-0.0051|athlete:-0.0037|though:-0.0036|needs to:-0.0035,running:0.0120|as senior:0.0078|catch and:0.0062|kick returner:0.0059|primarily at:0.0048|value:0.0046|drops:0.0046|star:0.0044|tackles on:0.0044|only average:0.0042,though:-0.0064|ball:-0.0058|plus yards:-0.0057|bell:-0.0047|to continue:-0.0045|nfl scouts:-0.0044
Ceyair Wright,CB,Nebraska,281,beast,roster_bubble,0.8,12.6,66.2,20.4,"""He lacks ideal height and build, and NFL scouts say he has struggled adding weight"" [lacks ideal] || ""He is a fluid athlete with excellent speed for the position"" [fluid athlete]","""As a run defender, his angles and leverage are erratic, and his tackling is unreliable, because of his marginal technique and finishing strength (this also shows on special teams coverages). Overall, Wright has more volatility (in all phases) than is ideal in his game, but his speed and coverage instincts are appealing enough to warrant draft consideration."" [on special, angles and, enough to] || ""His footwork and fundamentals are inconsistent, but he can connect himself to routes in man and drive on throws from zone — his coverage awareness has improved each season"" [from zone]",0.0294,0.513,0.1989,0.1506,height,-0.0,slide,87.1,8.3,4.6,"""As a run defender, his angles and leverage are erratic, and his tackling is unreliable, because of his marginal technique and finishing strength (this also shows on special teams coverages). Overall, Wright has more volatility (in all phases) than is ideal in his game, but his speed and coverage instincts are appealing enough to warrant draft consideration."" [enough to, run defender] || ""A 4-star recruit, he stayed home and signed with the Trojans before transferring to Nebraska to finish his career"" [signed with]","""He lacks ideal height and build, and NFL scouts say he has struggled adding weight"" [nfl scouts]",-0.0,height,-0.0,0.677,0.576,0.779,13.3,0.09,-0.0129,-0.1341,-0.0289,height,-0.0,improved:0.0031|struggled:0.0031|jam:0.0026|inconsistent:0.0026|clear:0.0023|continued:0.0023|years:0.0022|roles:0.0021|adding:0.0020|played:0.0018,running:-0.0044|nfl:-0.0037|on special:-0.0030|seasons in:-0.0030|angles and:-0.0028|enough to:-0.0026,recruit he:0.0119|wright:0.0110|running:0.0109|enough to:0.0067|as senior:0.0059|star:0.0056|run defender:0.0054|usc:0.0052|signed with:0.0051|height and:0.0039,jackson:-0.0127|ideal:-0.0070|nfl scouts:-0.0056|tackling:-0.0054|hasn:-0.0049|his footwork:-0.0048
Zavion Thomas,WR,LSU,282,beast,roster_bubble,0.8,9.7,49.5,39.9,"""A starter for one-and-a-half-years at LSU (and two-and-a-half years overall), Thomas lined up primarily to the boundary (79.3 percent of his snaps) in former offensive coordinator Joe Sloan’s scheme"" [percent of]",,0.0297,0.513,0.413,0.1723,vert_jump,0.8777,slide,68.0,9.3,22.8,,"""​ Unproven as a deep target (just three of 64 catches at LSU came on targets of 20-plus yards)"" [plus yards]",-0.0,broad_jump,-0.9359,0.699,0.598,0.8,10.6,0.074,-0.0131,-0.1341,-0.033,hand,0.0301,thomas:0.0074|second:0.0043|receiving:0.0043|years:0.0034|targets:0.0033|lined:0.0026|scheme he:0.0026|inconsistent:0.0024|catch:0.0023|finished:0.0022,kick:-0.0067|return:-0.0046|energy:-0.0044|mississippi:-0.0035|nfl:-0.0030|the boundary:-0.0029,return:0.0225|kick:0.0087|lsu:0.0069|ole:0.0066|running:0.0055|miss:0.0054|touchdowns:0.0044|chest:0.0043|immediate:0.0043|solid:0.0043,energy:-0.0078|acceleration:-0.0074|plus yards:-0.0062|relies on:-0.0057|threaten:-0.0056|win:-0.0043
Latrell McCutchin,CB,Houston,283,beast,roster_bubble,1.3,39.9,43.5,15.3,"""He can sort through route concepts from off coverage but needs to do a better job putting himself in position to take away the football"" [needs to, off coverage, sort through] || ""​ Torn ACL in right knee and both menisci (September 2019) and sidelined for junior year of high school"" [year of] || ""However, his route recognition and ball awareness are inconsistent at this point in his development"" [his development]","""​ More tough than he is strong; needs to be quicker to rid himself of blocks"" [is strong]",0.0301,0.513,0.1989,0.0096,vert_jump,0.4435,slide,79.2,6.6,14.2,,,-0.0,height,-0.1301,0.745,0.644,0.847,41.2,0.307,-0.0133,-0.1341,-0.0018,hand,0.0516,press:0.0044|inconsistent:0.0042|point:0.0039|needs to:0.0036|better:0.0034|off coverage:0.0032|jam:0.0025|year of:0.0025|catch:0.0024|deep:0.0023,coverages:-0.0034|knee:-0.0032|job:-0.0026|run game:-0.0026|route:-0.0025|and speed:-0.0024,point:0.0057|blocks:0.0049|usc:0.0047|touchdowns:0.0047|looks:0.0047|he had:0.0040|carry:0.0036|punt:0.0033|acl:0.0031|is strong:0.0031,oklahoma:-0.0072|athletic:-0.0058|allowed:-0.0053|ball:-0.0041|outstanding:-0.0038|instincts:-0.0035
Aaron Anderson,WR,LSU,284,beast,roster_bubble,0.4,7.3,58.1,34.2,"""A two-year starter at LSU, Anderson worked primarily out of the slot (89.5 percent of snaps) in former offensive coordinator Joe Sloan’s scheme"" [percent of]","""Overall, Anderson is more than just a gadget player (as his usage in 2025 would suggest). Given his size and injury history, though, it can be tough to feel great about his NFL ceiling"" [usage in] || ""His focus lapses and smaller catch radius are frustrating, but he plays tough through contact with his rocked-up build"" [he plays]",0.0305,0.513,0.413,0.3242,vert_jump,0.8753,slide,62.5,8.2,29.3,,,-0.0455,broad_jump,-1.0062,0.652,0.55,0.753,7.7,0.05,-0.0134,-0.1341,-0.0622,wingspan,-0.0228,press:0.0034|catch:0.0028|point:0.0024|can be:0.0023|grabs:0.0022|history:0.0021|corners:0.0020|focus:0.0019|line:0.0017|lower body:0.0017,required:-0.0043|knee:-0.0042|size:-0.0038|small:-0.0035|man coverage:-0.0030|usage in:-0.0028,return:0.0064|2024:0.0057|lsu:0.0047|miss:0.0045|releases:0.0045|difficult for:0.0040|his hands:0.0039|point:0.0036|solid:0.0036|wasted:0.0031,washington:-0.0080|grade:-0.0060|separation:-0.0051|though:-0.0047|in 2022:-0.0041|ball:-0.0040
James Thompson,DL,Illinois,286,beast,roster_bubble,1.0,9.6,63.1,26.3,"""The character feedback, from both Wisconsin and Illinois, is positive — he’s received compliments for his “smiling, optimistic nature” and “dedication to the weight room.” Overall, Thompson is more of a splash player than a consistent presence, but he has the tools for disruptive flashes, which will help his pro chances."" [weight room, is more] || ""grew up playing sports and working at his family’s restaurant in Cincinnati"" [grew up] || ""However, he does have the lateral quickness and hand violence to work around roadblocks or push the pocket"" [quickness and]",,0.0312,0.513,-0.2056,0.1398,height,-0.0,slide,80.1,13.0,6.9,"""He attended Roger Bacon High, a Catholic school, where he starred on both the offensive and defensive lines and earned all-state honors as a senior in 2019. A three-star recruit, Thompson started to receive then-Power 5 offers during his senior year, including from Wisconsin (recruited by Jim Leonhard). He signed with the Badgers and gradually became a starter, but his senior season was wiped out because of a torn left pec in 2024. He was granted an extra year of eligibility and jumped into the portal"" [star recruit, signed with] || ""His stiff core also inhibits him against double teams"" [double teams]",,-0.0,height,-0.0,0.698,0.596,0.799,10.6,0.074,-0.0138,-0.1341,-0.0268,height,-0.0,wisconsin:0.0046|pocket:0.0030|grew up:0.0027|james:0.0026|weight room:0.0026|upright:0.0024|presence:0.0020|power:0.0019|positive:0.0019|pop:0.0017,thompson:-0.0091|key:-0.0041|doesn:-0.0036|senior year:-0.0034|tools:-0.0030|although he:-0.0029,star recruit:0.0088|senior:0.0085|thompson:0.0080|attended:0.0077|react:0.0065|tends:0.0064|blocks:0.0062|signed with:0.0059|double teams:0.0058|violence:0.0056,oklahoma:-0.0092|illinois:-0.0088|upright:-0.0067|texas:-0.0063|and doesn:-0.0054|quickness:-0.0046
Garrett DiGiorgio,OT,UCLA,290,beast,roster_bubble,0.6,10.0,52.2,37.2,,"""​ Pad-level issues lead to run-game stalemates and pass-blocking walkbacks"" [lead to] || ""2025) and was sidelined for Ohio State game his senior year; missed 2024 season opener because of an ankle injury (Aug"" [senior year]",0.0328,0.513,-0.1829,0.0422,vert_jump,0.5086,slide,77.1,10.1,12.8,,,-0.0455,40yd,0.1347,0.748,0.647,0.849,10.6,0.079,-0.0144,-0.1341,-0.0081,hand,-0.0119,second:0.0079|especially:0.0037|targets:0.0029|ohio state:0.0023|before moving:0.0023|history:0.0023|arm:0.0022|missed:0.0022|eight:0.0022|attempts:0.0021,run game:-0.0045|lead to:-0.0038|tackle:-0.0037|nfl:-0.0030|need:-0.0026|pass:-0.0023,guard:0.0107|as senior:0.0074|solid:0.0064|leave:0.0061|2024:0.0043|his feet:0.0040|defenders:0.0039|shoulders:0.0036|41:0.0035|square:0.0033,adequate:-0.0059|penalties:-0.0059|relies on:-0.0050|arm:-0.0049|upright:-0.0044|pass blocking:-0.0043
Evan Beerntsen,IOL,Northwestern,291,beast,roster_bubble,0.3,8.1,65.8,25.8,"""​ 98.3 percent of college snaps came at right guard; unproven at other spots"" [percent of]",,0.0331,0.513,-0.1829,-0.0337,vert_jump,0.5096,slide,83.8,10.4,5.8,"""A one-year starter at Northwestern (and four-year starter overall), Beerntsen played right guard in former offensive coordinator Zach Lujan’s zone-centric scheme"" [right guard] || ""​ Generates enough torque to seal on angle-drive blocks"" [on angle]","""​ Shorter arms, with below-average girth in his lower half"" [with below]",-0.0,40yd,0.1182,0.829,0.728,0.93,8.4,0.07,-0.0146,-0.1341,0.0065,hand,0.0425,second:0.0044|needs to:0.0028|55:0.0028|sustain:0.0027|scheme he:0.0027|missed:0.0026|skills but:0.0026|old:0.0025|inconsistent:0.0024|short area:0.0022,lack:-0.0056|run game:-0.0043|although:-0.0035|vs:-0.0030|punch:-0.0028|iowa:-0.0024,right guard:0.0093|blocks:0.0081|miss:0.0056|tendencies:0.0055|on angle:0.0051|overaggressive:0.0045|late:0.0040|2021:0.0036|enough:0.0034|delayed:0.0034,2022:-0.0085|quickness:-0.0060|with below:-0.0060|staff:-0.0049|snaps:-0.0046|coaching:-0.0043
Jalon Daniels,QB,Kansas,292,beast,roster_bubble,0.7,13.4,73.9,12.0,,"""The greatest area of concern: He needs to take better care of the football (19 interceptions and 18 fumbles over his final 24 college games). Overall, Daniels has the ball-handling skills and intangibles that give him a chance, but his inconsistencies as a passer will be tough to overcome versus NFL speed."" [to take]",0.0335,0.513,0.5572,-0.0012,arm,-0.3132,slide,77.1,14.1,8.8,"""He originally committed to Middle Tennessee, but Kansas entered the mix and flipped him just before signing day"" [committed to] || ""Daniels’ mobility made him a natural fit in the Jayhawks’ RPO-based scheme, as he showed off both instincts and the elusiveness to create with the ball in his hands"" [his hands]",,-0.0,height,0.1066,0.767,0.666,0.869,14.1,0.108,-0.0148,-0.1341,0.0002,hand,-0.0083,second:0.0058|passer:0.0035|school history:0.0035|interceptions and:0.0033|tennessee:0.0033|inconsistent:0.0032|decision:0.0031|be tough:0.0029|grew up:0.0028|years:0.0027,as junior:-0.0043|nfl:-0.0033|total:-0.0032|to take:-0.0030|natural:-0.0030|undersized:-0.0028,recruit he:0.0139|tennessee:0.0106|committed to:0.0068|24:0.0067|star:0.0066|his hands:0.0063|touchdowns:0.0060|giving:0.0052|chance:0.0040|originally:0.0035,2018:-0.0096|daniels:-0.0079|talent:-0.0075|000:-0.0070|ball:-0.0065|fumbles:-0.0061
Behren Morton,QB,Texas Tech,294,beast,roster_bubble,0.8,10.1,66.2,22.9,,"""Overall, Morton needs to develop better passing consistency to make up for his lack of physical upside and to stand out in an NFL camp"" [lack of, in an] || ""He has a modest build and will struggle to elude NFL pressure, but he uses subtle moves in the pocket to get himself out of trouble"" [and will]",0.0343,0.513,0.5572,0.0096,arm,-0.2419,slide,76.5,13.3,10.2,,,-0.0,broad_jump,-0.1124,0.751,0.649,0.852,10.9,0.082,-0.0151,-0.1341,-0.0018,arm,0.0056,percent:0.0052|his career:0.0044|missed:0.0043|inconsistent:0.0039|body:0.0032|better:0.0032|can be:0.0028|passer:0.0025|program:0.0025|arm:0.0025,shoulder:-0.0043|lack of:-0.0037|nfl:-0.0034|key:-0.0031|and will:-0.0029|surgery:-0.0027,as senior:0.0085|24:0.0049|late:0.0039|stand:0.0038|enough:0.0033|top five:0.0032|fooled by:0.0032|trouble:0.0029|sprain:0.0027|can do:0.0027,texas:-0.0079|adequate:-0.0067|arm:-0.0056|the middle:-0.0051|program:-0.0049|velocity:-0.0043
Patrick Payton,EDGE,LSU,295,beast,53_man,2.6,42.7,17.8,37.0,"""However, the volatile nature of his effectiveness is a red flag, especially when he’s asked to set a firm edge in the run game"" [asked to] || ""He had a breakout season in 2023 and started to receive early-round buzz from NFL scouts"" [and started] || ""He is a developmental pass rusher who can earn a practice-squad spot if he flashes his best self in camp"" [pass rush]","""​ Poor lower-body strength — can be moved in the run game"" [be moved, body strength] || ""​ Tall, long frame and has worked hard to add weight (just 195 pounds as a high school junior)"" [long frame]",0.0979,-0.5246,0.1336,0.1396,height,0.0915,slide,88.6,6.4,5.0,,"""​ Slender, gangly body type, with below-average (and probably near-maxed-out) mass"" [with below] || ""​ Tall, long frame and has worked hard to add weight (just 195 pounds as a high school junior)"" [to add]",-0.0,height,-0.1136,0.677,0.576,0.778,45.2,0.306,-0.0153,-0.1341,-0.0455,hand,-0.0229,practice:0.0036|asked to:0.0034|outside:0.0034|defensive:0.0033|and started:0.0032|squad:0.0028|edge:0.0028|wide:0.0028|around:0.0027|lsu:0.0026,contact balance:-0.0029|blockers:-0.0025|cutting:-0.0022|blocks:-0.0021|flashes:-0.0021|allows:-0.0021,tackles:0.0078|lsu:0.0066|tends:0.0056|blocks:0.0054|junior and:0.0046|he had:0.0044|earn:0.0043|pass rusher:0.0038|year as:0.0036|senior:0.0035,quickness:-0.0068|with below:-0.0068|threaten:-0.0067|athletic:-0.0064|nfl scouts:-0.0056|defensive:-0.0055
Marcus Allen,CB,North Carolina,296,beast,out_of_league,1.6,16.3,31.1,51.0,"""He led the team in passes defended as a sophomore and senior"" [passes defended] || ""​ Need to see more want-to and finish in his tackling"" [and finish] || ""​ Displays feel for deep patterns and can get his head turned to find the ball (see 2024 NC State tape)"" [nc state]","""​ Costly missed tackles resulted in avoidable YAC plays on tape"" [plays on]",0.1355,1.655,-0.229,0.0385,broad_jump,-0.3348,slide,57.8,14.3,27.9,"""​ Costly missed tackles resulted in avoidable YAC plays on tape"" [missed tackles]",,-0.0,broad_jump,-0.824,0.738,0.636,0.839,17.9,0.132,-0.0154,-0.1341,-0.0268,hand,0.0516,passes defended:0.0043|disrupt:0.0039|and finish:0.0037|roster:0.0029|match:0.0029|tape:0.0029|nc state:0.0025|flashes:0.0024|allen:0.0023|position:0.0023,athlete:-0.0056|zone:-0.0055|plays on:-0.0051|penalties:-0.0049|defensive:-0.0048|skills:-0.0046,return:0.0084|missed tackles:0.0059|tendencies:0.0059|averaged:0.0055|guard:0.0052|caught:0.0050|late:0.0043|and senior:0.0041|staying:0.0039|51:0.0035,penalties:-0.0074|match:-0.0064|allen:-0.0056|nc state:-0.0055|recovery:-0.0054|ball:-0.0053
Rahsul Faison,RB,South Carolina,297,beast,roster_bubble,1.0,15.3,53.6,30.0,"""A one-year starter at South Carolina (and two-year college starter overall), Faison was an underutilized back in former offensive coordinator Mike Shula’s scheme"" [south carolina] || ""In 2020, Faison took online classes at Lackawanna College before heading to Snow College in Utah for a year of junior college football"" [year of] || ""​ Patient at the line of scrimmage to find a sliver of daylight (models game after Le’Veon Bell)"" [the line]","""He is a functional pass catcher but put some bad blocking reps on film"" [pass catcher] || ""After an impressive senior season in 2017, he initially planned to attend Stony Brook but was unable to enroll for academic reasons"" [was unable]",0.0354,0.513,0.0742,0.0205,vert_jump,0.6458,slide,84.8,9.6,5.6,"""He redshirted in 2021 and served as a rotational back in 2022. From there, he transferred to Utah State, where he became the starting running back in 2023 and 2024, before finishing his final year of eligibility at South Carolina in 2025. Despite the unconventional path, Faison does offer some NFL intrigue"" [where he]",,-0.0,40yd,0.1525,0.764,0.663,0.865,16.3,0.125,-0.0156,-0.1341,-0.0039,hand,0.0167,utah:0.0039|south carolina:0.0036|years:0.0034|attempts:0.0033|year of:0.0033|behind:0.0031|the line:0.0030|move:0.0027|needs:0.0022|receiving:0.0021,pass catcher:-0.0029|nfl:-0.0028|junior:-0.0027|usage:-0.0026|tackle:-0.0026|back in:-0.0025,carolina:0.0055|running:0.0046|averaged:0.0042|keeps:0.0041|attempts:0.0037|spent:0.0034|weekend:0.0033|find:0.0033|tackles:0.0032|on draft:0.0031,foot:-0.0056|talent:-0.0046|athletic:-0.0045|rushing:-0.0042|in 2022:-0.0041|nfl scouts:-0.0040
RJ Maryland,TE,SMU,298,beast,roster_bubble,0.7,21.2,69.1,9.1,,"""​ Lacks upper-body power to redirect inline blocks"" [to redirect] || ""​ Average elusiveness — doesn’t have much shake in open field"" [open field]",0.0358,0.513,0.1561,0.1181,vert_jump,0.8492,slide,69.3,15.9,14.8,,"""​ Big-play ability didn’t look the same post-injury (only one catch of 25-plus yards in 2025)"" [plus yards]",-0.0,broad_jump,-0.8663,0.782,0.681,0.884,21.9,0.171,-0.0158,-0.1341,-0.0226,hand,0.0654,second:0.0078|body:0.0050|blocker:0.0035|if he:0.0031|catch:0.0030|missed the:0.0029|school history:0.0028|pull:0.0027|receiving:0.0027|especially:0.0027,acl:-0.0032|nfl:-0.0032|knee:-0.0032|despite:-0.0024|undersized:-0.0022|although:-0.0021,2024:0.0052|acl:0.0052|blocks:0.0049|immediate:0.0046|top:0.0034|adding:0.0033|trouble:0.0031|early and:0.0030|second half:0.0029|235:0.0026,combine:-0.0076|among:-0.0070|plus yards:-0.0066|threaten:-0.0060|athletic:-0.0058|upright:-0.0053
CJ Donaldson,RB,Ohio State,299,beast,roster_bubble,0.2,4.1,68.5,27.2,"""He transferred to Ohio State for his senior year and shared backfield duties with Bo Jackson"" [ohio state]",,0.0362,0.513,0.0742,0.053,vert_jump,0.6451,slide,81.2,14.8,3.9,"""A three-star recruit, he initially committed to Tulane before West Virginia got eyes on him during a school visit"" [committed to] || ""As a senior, he caught 81 passes for 1,164 yards and 13 touchdowns, helping to lead his team to a regional final"" [yards and] || ""De’Carlo “CJ” Donaldson, who has two siblings, grew up in Miami with his mother (Tyneshia Fleming). He played a versatile wide receiver role in high school at Gulliver Prep and had a breakout freshman year, before an injury sidelined him as a sophomore"" [role in]",,-0.0,height,-0.2112,0.729,0.627,0.83,4.3,0.031,-0.0159,-0.1341,-0.0102,wingspan,0.0352,ohio state:0.0056|productive:0.0042|better:0.0041|another:0.0027|short area:0.0027|the line:0.0027|caught:0.0026|coach:0.0019|blocker:0.0019|sidelined:0.0019,running:-0.0064|brown:-0.0055|senior year:-0.0033|he committed:-0.0031|breakout:-0.0030|despite:-0.0028,running:0.0149|recruit he:0.0132|committed to:0.0109|yards and:0.0088|linebacker:0.0066|senior:0.0065|drops:0.0065|star:0.0062|blocks:0.0059|caught:0.0058,jackson:-0.0140|ohio state:-0.0067|staff:-0.0062|former:-0.0059|short area:-0.0053|together:-0.0045
Lewis Bond,WR,Boston College,300,beast,roster_bubble,0.8,4.8,61.3,33.2,"""A three-year starter at Boston College, Bond aligned mostly in the slot (62.6 percent of snaps in 2025) in head coach Bill O’Brien’s pro-style, balanced offense"" [percent of]","""​ Reads pursuit angles and works against them to make first man miss"" [angles and] || ""- Does not offer a large catch radius to out-position longer-limbed defensive backs at the catch point."" [does not]",0.0365,0.513,0.413,0.194,height,-0.0,slide,84.9,7.6,7.5,"""A three-year starter at Boston College, Bond aligned mostly in the slot (62.6 percent of snaps in 2025) in head coach Bill O’Brien’s pro-style, balanced offense"" [boston college]","""One of Bond’s closest friends, Zay Flowers, led BC in receiving for three consecutive seasons (2020-22); Bond did the same (2023-25). He took it a step further, too, and passed Flowers’ school record for career catches (213). Bond also finished his BC career ranked fifth in receiving yards (2,385). Bond won’t wow anyone with his size/speed traits, but he more than makes up for it with his receiving savvy"" [in receiving, it with] || ""​ Limited return experience - Has a compact frame and plays with a fearless demeanor to operate in high-traffic areas and occupy the middle of the field"" [middle of]",-0.0455,height,-0.0,0.656,0.555,0.758,5.6,0.037,-0.0161,-0.1341,-0.0372,height,-0.0,receiving:0.0047|second:0.0038|catch:0.0036|the line:0.0032|targets:0.0029|corners:0.0022|press:0.0022|finished his:0.0021|moving:0.0021|focus:0.0020,running:-0.0036|size:-0.0029|instincts:-0.0027|slot:-0.0024|position:-0.0023|angles and:-0.0023,running:0.0082|miss:0.0081|return:0.0068|boston college:0.0064|drops:0.0044|stack:0.0038|backs:0.0036|catch:0.0031|moving:0.0030|height and:0.0029,instincts:-0.0050|athletic:-0.0048|works:-0.0046|mediocre:-0.0046|the position:-0.0046|through contact:-0.0044
Carsen Ryan,TE,BYU,302,beast,roster_bubble,2.3,36.7,50.9,10.1,"""A one-year starter at BYU (and a starter for two-and-a-half years overall), Ryan was a Y tight end (59.6 percent of career snaps inline) in offensive coordinator Aaron Roderick’s scheme"" [percent of]","""He finished third on the team in targets in 2025 and tied for sixth-most receiving yards (620) among FBS tight ends (ironically, tied with Utah’s Dallen Bentley). A surprising NFL combine snub, Ryan stands out in both phases as a receiver and blocker"" [receiver and, tight ends] || ""​ Quality catch radius but some body stiffness adjusting to throws"" [adjusting to]",0.0373,0.513,0.1561,-0.0012,height,-0.0,slide,88.1,7.5,4.3,"""Regardless of where he is drafted, he has the type of talent that sticks on a roster and becomes valuable for an NFL offense"" [where he]",,-0.0,height,-0.0,0.741,0.64,0.843,39.0,0.289,-0.0164,-0.1341,0.0002,height,-0.0,targets:0.0070|body:0.0051|tied:0.0044|receiving:0.0043|utah:0.0038|better:0.0033|blocker:0.0033|point:0.0030|catch:0.0028|byu:0.0027,nfl:-0.0030|become:-0.0030|fbs:-0.0024|natural:-0.0022|receiver and:-0.0021|job:-0.0020,his hands:0.0049|point:0.0045|to shield:0.0042|moving:0.0036|as pass:0.0035|stiffness:0.0035|delayed:0.0034|physical:0.0033|tied:0.0033|can do:0.0029,talent:-0.0099|among:-0.0070|combine:-0.0045|the team:-0.0042|separation:-0.0038|outstanding:-0.0038
Haynes King,QB,Georgia Tech,303,beast,out_of_league,1.7,18.2,33.6,46.5,,"""Overall, King needs to see things much clearer and faster to make it at the NFL level, but his competitive toughness, dual-threat skill set and diligence as a worker give him a chance to become an NFL backup"" [needs to]",0.1457,1.655,-0.0146,-0.0272,40yd,-0.679,slide,80.9,13.8,5.3,"""​ Rewrote school record books — accounted for 10,184 total yards in three seasons at Georgia Tech"" [seasons at]","""​ Only Power 4 quarterback in 2025 with five games of 100-plus yards passing and 100-plus yards rushing"" [plus yards] || ""3 in the FBS in total yards (325.3 per game), which earned him ACC Player of the Year (joined Calvin Johnson as the only two Georgia Tech players to finish top 10 in Heisman voting since 2000). From a physical standpoint, King has adequate size and an arm to match, with the competitive spirit that translates to production"" [to match]",-0.0,shuttle,-0.1269,0.818,0.717,0.92,19.9,0.163,-0.0166,-0.1341,0.019,hand,0.0442,shoulder:0.0065|concepts:0.0042|center:0.0038|tech:0.0034|durability:0.0031|read:0.0027|size and:0.0027|throws:0.0027|work:0.0026|timing:0.0025,needs to:-0.0061|quarterback:-0.0054|history:-0.0049|tied:-0.0043|record:-0.0040|in school:-0.0039,seasons at:0.0070|touchdowns:0.0039|chest:0.0038|late:0.0035|sept:0.0034|option:0.0032|acc:0.0030|player of:0.0030|dropped:0.0030|height and:0.0029,plus yards:-0.0094|adequate:-0.0060|to match:-0.0057|grade:-0.0052|arm:-0.0050|timing:-0.0047
Caullin Lacy,WR,Louisville,304,beast,roster_bubble,0.9,11.9,55.5,31.8,"""He has the route-running quickness to separate at all three levels and juice as a ball carrier"" [the route, separate at] || ""He took advantage of the extra year of eligibility granted by the NCAA because of the COVID-19 pandemic year and transferred to Louisville (to play the Rondale Moore role in Jeff Brohm’s offense). He redshirted in 2024 after having collarbone surgery but earned All-ACC honors in 2025. Lacy’s production primarily came underneath, with some deep balls but almost nothing in the intermediate part of the field"" [year of] || ""Caullin Lacy, the middle of three boys in his family, was born and raised in Mobile, Ala., by his parents (Quincy and Shanta). He was a standout basketball and track athlete at Faith Academy and a do-everything performer on the football field (1,842 rushing yards as an all-state senior). A three-star recruit, Lacy stayed close to home and signed with South Alabama as a wide receiver"" [was born]",,0.038,0.513,0.413,0.3567,vert_jump,0.8756,slide,90.2,6.1,3.7,"""Caullin Lacy, the middle of three boys in his family, was born and raised in Mobile, Ala., by his parents (Quincy and Shanta). He was a standout basketball and track athlete at Faith Academy and a do-everything performer on the football field (1,842 rushing yards as an all-state senior). A three-star recruit, Lacy stayed close to home and signed with South Alabama as a wide receiver"" [star recruit, signed with] || ""Overall, Lacy is undersized with average production (never hit 100 yards receiving in any of his 18 games at Louisville), but he has the vision and acceleration to be dangerous with the ball in his hands"" [his hands] || ""He took advantage of the extra year of eligibility granted by the NCAA because of the COVID-19 pandemic year and transferred to Louisville (to play the Rondale Moore role in Jeff Brohm’s offense). He redshirted in 2024 after having collarbone surgery but earned All-ACC honors in 2025. Lacy’s production primarily came underneath, with some deep balls but almost nothing in the intermediate part of the field"" [role in]",,-0.0,height,0.1809,0.609,0.508,0.71,12.7,0.078,-0.0168,-0.1341,-0.0684,hand,-0.0379,receiving:0.0034|year of:0.0032|deep:0.0030|james:0.0027|the route:0.0024|18:0.0021|having:0.0020|19:0.0019|south:0.0018|100:0.0018,special:-0.0061|running:-0.0033|undersized:-0.0028|performer:-0.0025|wide receiver:-0.0023|surgery:-0.0022,return:0.0106|star recruit:0.0090|running:0.0076|his hands:0.0064|touchdowns:0.0061|signed with:0.0060|role in:0.0058|late:0.0053|he had:0.0052|louisville:0.0051,the middle:-0.0070|rushing yards:-0.0067|acceleration:-0.0061|ball:-0.0053|carrier:-0.0051|quickness:-0.0047
Bobby Jamison-Travis,DL,Auburn,305,beast,roster_bubble,0.2,30.4,46.8,22.7,"""Quientrail “Bobby” Jamison-Travis grew up in the Minneapolis area with his mother (Julia Jamison); his father died in 2013. Jamison-Travis has two children with his girlfriend (Janae Winters). He grew up focused on basketball but gave football a try in junior high (he wanted to play, like his two older brothers). Because of his size, he played on the offensive and defensive lines at Minneapolis North High School"" [grew up] || ""He doesn’t explode out of his stance to create knockback but does hold the point with a functional anchor"" [the point] || ""He moves well on his feet, with the body flexibility to sift through congestion and find the football"" [moves well]",,0.0384,0.513,-0.2056,0.2049,vert_jump,0.8951,slide,72.5,20.4,7.1,"""After he became a junior college All-American, he was highly recruited and committed to Auburn over Nebraska, Penn State and others"" [committed to] || ""He doesn’t explode out of his stance to create knockback but does hold the point with a functional anchor"" [the point]",,-0.0,broad_jump,-1.1045,0.649,0.548,0.751,30.5,0.198,-0.0169,-0.1341,-0.0393,3cone,-0.0549,grew up:0.0042|the point:0.0035|moves well:0.0033|continues:0.0030|gave:0.0025|body:0.0023|state:0.0021|anchor:0.0019|helped:0.0018|length but:0.0017,junior:-0.0040|doesn:-0.0033|tools:-0.0028|size:-0.0024|game he:-0.0022|and find:-0.0021,as senior:0.0106|committed to:0.0062|the point:0.0052|full time:0.0043|carries his:0.0043|size he:0.0039|honors:0.0033|all state:0.0031|travis:0.0029|find:0.0029,ethic:-0.0078|basketball:-0.0069|scouts:-0.0055|and doesn:-0.0050|sacks:-0.0049|explode:-0.0045
Emmanuel Henderson,WR,Kansas,306,beast,roster_bubble,1.7,23.3,66.9,8.1,"""A one-year starter at Kansas, Henderson lined up mostly outside (67.2 percent of snaps) in offensive coordinator Jim Zebrowski’s scheme"" [percent of]","""Once a highly recruited running back, he moved to wide receiver but struggled to see offensive reps over three seasons at Alabama"" [receiver but, seasons at, over three] || ""Overall, Henderson falls into a very specific bucket as a receiver, but his speed can be weaponized in the right role, and his special teams impact will be an important aspect of his NFL projection"" [his speed, be an]",0.0388,0.513,0.413,0.2374,vert_jump,0.8765,slide,52.2,11.0,36.8,,,-0.0,broad_jump,-0.9476,0.756,0.655,0.857,25.0,0.189,-0.0171,-0.1341,-0.0455,hand,0.0787,body:0.0041|deep:0.0038|targets:0.0034|struggled:0.0029|lined:0.0027|downfield:0.0025|better:0.0020|vertical:0.0019|scheme:0.0019|point:0.0018,special:-0.0046|running:-0.0042|kick:-0.0040|center:-0.0039|henderson:-0.0033|receiver but:-0.0033,return:0.0132|running:0.0095|kick:0.0052|drops:0.0051|averaged:0.0051|seasons at:0.0047|receiver but:0.0045|tackles:0.0040|giving:0.0039|provide:0.0038,plus yards:-0.0107|ranked:-0.0070|among:-0.0068|relies:-0.0057|athletic:-0.0056|baseball:-0.0041
Ahmaad Moses,S,SMU,307,beast,roster_bubble,1.0,29.5,37.4,32.1,"""​ Combined for eight interceptions and 213 interception return yards over past two seasons"" [interceptions and, yards over] || ""Overall, Moses has the versatile profile and competitive toughness to provide depth at boundary safety and nickel, though his limitations will likely limit him to an NFL backup role"" [toughness to, though his] || ""​ Missed tackles on tape were the result of inaccurate insert angles caused by dropped eyes"" [tackles on]",,0.0392,0.513,-0.585,0.0422,arm,-0.3656,slide,73.0,8.6,18.4,"""His 2025 performance against Miami (15 tackles and two interceptions, including the game-clincher in overtime) elevated his profile during a productive senior year"" [tackles and]","""​ Average burst when attempting to match slot receivers in coverage"" [to match]",-0.0,broad_jump,-1.0045,0.726,0.625,0.827,30.5,0.221,-0.0173,-0.1341,-0.0081,wingspan,-0.0158,productive:0.0034|dropped:0.0028|missed:0.0026|eight:0.0025|interceptions and:0.0025|tackles on:0.0023|team captain:0.0021|but also:0.0021|toughness to:0.0020|years:0.0020,safety:-0.0056|special:-0.0045|nfl:-0.0034|become:-0.0030|boundary:-0.0029|surgery:-0.0027,return:0.0128|tackles and:0.0097|senior:0.0062|slanting:0.0038|full time:0.0034|acc:0.0034|eyes:0.0033|in coverage:0.0032|special:0.0030|experienced:0.0029,adequate:-0.0067|to match:-0.0063|plus:-0.0056|though:-0.0055|defensive:-0.0046|snaps:-0.0044
Karson Sharar,LB,Iowa,308,beast,roster_bubble,1.2,19.4,54.0,25.4,,"""His closing speed is represented in the stat sheet (12 tackles for loss), but so are his overaggressive tendencies and lack of length (18 missed tackles). Overall, Sharar needs to prove himself trustworthy in his eye discipline and coverage recognition, but his speed and toughness are enough to make an impact on special teams"" [on special]",0.0396,0.513,-0.2178,0.0639,vert_jump,0.9593,slide,68.2,9.6,22.2,,,-0.0,broad_jump,-1.0873,0.674,0.572,0.775,20.6,0.139,-0.0174,-0.1341,-0.0122,hand,-0.0467,second:0.0080|backside:0.0040|line:0.0039|productive:0.0037|scheme:0.0034|keep:0.0033|needs:0.0029|missed:0.0028|inconsistent:0.0026|lower body:0.0023,on special:-0.0052|lack of:-0.0042|closing:-0.0037|lead to:-0.0028|lowest:-0.0024|battle:-0.0024,tackles:0.0114|recruit he:0.0113|tendencies:0.0059|linebacker:0.0057|as senior:0.0056|drops:0.0056|react:0.0054|solid:0.0048|late:0.0043|backfield:0.0042,to match:-0.0071|talent:-0.0062|chart:-0.0057|tackling:-0.0052|the team:-0.0044|ball carrier:-0.0041
Keyshawn James-Newby,EDGE,New Mexico,309,beast,roster_bubble,1.2,11.8,68.2,18.8,,"""Overall, James-Newby doesn’t offer much of a power element, but he has pass-rush twitch that draws your eye and will give him a chance to make an NFL roster."" [and will]",0.0399,0.513,-0.1792,0.2808,height,-0.0,slide,87.0,7.7,5.3,"""He enrolled at NAIA Montana Tech, where he became a standout pass rusher"" [pass rusher] || ""In the run game, he does an adequate job extending to set an edge and fighting his way to the ball"" [to set]",,-0.0,height,-0.0,0.7,0.599,0.801,13.0,0.091,-0.0176,-0.1341,-0.0538,height,-0.0,james:0.0056|of power:0.0030|eight:0.0029|attempts:0.0028|behind:0.0026|fcs:0.0026|both in:0.0025|eye:0.0022|eligibility:0.0022|breakdown:0.0021,doesn:-0.0032|run game:-0.0029|pass:-0.0027|ahead:-0.0023|and will:-0.0021|standout:-0.0018,tackles:0.0084|pass rusher:0.0069|standout:0.0067|linebacker:0.0065|as senior:0.0064|to set:0.0054|force:0.0041|with burst:0.0039|chance:0.0038|2024:0.0037,adequate:-0.0086|sacks:-0.0084|fumbles:-0.0057|led the:-0.0053|arm:-0.0042|defensive end:-0.0037
Shadrach Banks,LB,UTSA,310,beast,out_of_league,0.5,20.3,35.5,43.6,"""He plays with urgent reaction skills to drive on the football, although he has mixed results when he runs himself into blockers"" [himself into]",,0.156,1.655,0.2557,0.0445,height,0.0,slide,89.7,7.4,2.9,"""He posted 1,292 receiving yards and 13 touchdowns as a senior"" [yards and, touchdowns as] || ""502 Back to table of contents A four-star recruit at wide receiver, he signed with Texas A&M (over Alabama, Ohio State and Texas) and enrolled in January 2021. However, after only a few months, he realized he wasn’t cut out to be a college wide receiver"" [star recruit, signed with] || ""His physicality and compete skills pop, both on defense and special teams"" [on defense]","""502 Back to table of contents A four-star recruit at wide receiver, he signed with Texas A&M (over Alabama, Ohio State and Texas) and enrolled in January 2021. However, after only a few months, he realized he wasn’t cut out to be a college wide receiver"" [back to]",-0.0,height,-0.0,0.706,0.604,0.807,20.8,0.147,-0.0178,-0.1341,-0.031,height,-0.0,himself into:0.0060|blockers:0.0050|alabama:0.0044|almost:0.0037|title:0.0036|yards and:0.0030|his coverage:0.0028|special teams:0.0026|lanes:0.0026|position:0.0026,linebacker:-0.0061|better:-0.0052|skills:-0.0051|playing:-0.0046|grew up:-0.0040|the transition:-0.0029,linebacker:0.0106|yards and:0.0084|star recruit:0.0080|attended:0.0069|senior:0.0062|on defense:0.0062|wide:0.0059|played primarily:0.0059|touchdowns as:0.0057|signed with:0.0054,texas:-0.0097|2018:-0.0086|back to:-0.0065|tackling:-0.0057|continue:-0.0053|adequate:-0.0049
Joshua Braun,IOL,Kentucky,311,beast,roster_bubble,0.4,5.4,63.2,31.0,"""Though he has functional movements, he is more of a phone-booth blocker — he’s best when he can worry more about latching and sustaining than trying to mirror quickness"" [he can]",,0.0407,0.513,-0.1829,0.0856,40yd,-0.3716,slide,81.5,14.2,4.3,"""He played football and tennis at Suwanee High School (4.0 GPA and 1560 SAT). A four-star recruit, Braun was the 22nd-ranked offensive tackle in the 2020 class"" [star recruit] || ""He originally committed to Georgia because of his relationship with former O-line coach Sam Pittman, but when Pittman left for the Arkansas head coaching job, Braun flipped to Florida"" [committed to]",,-0.0,40yd,0.1182,0.753,0.652,0.854,5.8,0.044,-0.0179,-0.1341,-0.0164,hand,-0.039,florida:0.0037|georgia:0.0036|army:0.0032|coach:0.0032|blocker:0.0032|89:0.0029|43:0.0027|line:0.0026|years:0.0024|sam:0.0022,although:-0.0041|tackle:-0.0031|nfl:-0.0029|timing:-0.0028|battle:-0.0026|developing:-0.0025,florida:0.0162|guard:0.0116|pittman:0.0100|star recruit:0.0077|committed to:0.0059|gainesville:0.0045|mike:0.0035|2024:0.0034|originally:0.0031|transferred:0.0029,athletic:-0.0064|timing:-0.0063|army:-0.0058|texas:-0.0055|offensive tackle:-0.0051|continue:-0.0051
Xavier Nwankpa,S,Iowa,312,beast,53_man,4.9,36.5,28.2,30.4,,"""​ Matches up well against big slots and tight ends working the seam"" [tight ends]",0.1161,-0.5246,0.0815,0.0312,vert_jump,-0.2241,slide,84.0,6.0,10.0,,,-0.0455,height,-0.165,0.762,0.661,0.864,41.5,0.316,-0.0181,-0.1341,-0.0102,hand,0.0812,zone:0.0067|lead:0.0031|instincts:0.0029|wasn asked:0.0028|recruiting:0.0026|more of:0.0024|defensive:0.0024|arms:0.0023|ball:0.0023|become:0.0022,tight ends:-0.0051|take on:-0.0046|has the:-0.0035|punt:-0.0034|his ability:-0.0032|keep:-0.0031,blocks:0.0065|late:0.0055|defender:0.0049|his ability:0.0041|react:0.0040|chest:0.0036|solid:0.0036|eyes:0.0034|he had:0.0032|take on:0.0030,box:-0.0060|to match:-0.0053|ethic:-0.0052|ball carrier:-0.0052|tackler:-0.0051|quarterback:-0.0047
Nyjalik Kelly,EDGE,UCF,314,beast,roster_bubble,0.7,22.6,57.6,19.1,,,0.0418,0.513,-0.1792,0.2049,vert_jump,0.6806,slide,76.6,13.9,9.5,"""A four-star recruit, Kelly had an impressive offer sheet and committed to Florida State before flipping to Miami"" [star recruit, committed to] || ""Overall, Kelly is a raw player in both phases, but his long arms and consistent effort are reasons to be encouraged that his best football is ahead of him."" [best football] || ""His daughter (Masunni) turns 3 in June 2026. Kelly grew up around the game (his great uncle and grandfather both played at Florida A&M). He attended Dillard High School, where he posted a combined 25 sacks over his junior and senior years"" [junior and]",,-0.0,broad_jump,-0.8968,0.633,0.532,0.735,23.3,0.148,-0.0184,-0.1341,-0.0393,hand,-0.0509,attempts:0.0053|grew up:0.0046|florida:0.0040|years:0.0026|35:0.0022|coach:0.0020|four star:0.0020|played at:0.0018|relies:0.0018|forced:0.0017,junior and:-0.0065|long arms:-0.0042|knee:-0.0040|lead to:-0.0034|the run:-0.0030|battle:-0.0028,florida:0.0192|best football:0.0102|junior and:0.0093|star recruit:0.0091|attended:0.0079|extension:0.0072|senior:0.0071|committed to:0.0070|rush:0.0067|blocks:0.0064,among:-0.0093|kelly:-0.0086|relies:-0.0078|tackling:-0.0065|fumbles:-0.0062|combine:-0.0060
Dan Villari,TE,Syracuse,315,beast,roster_bubble,0.5,13.8,81.9,3.9,"""Dan Villari was born and raised in Massapequa, N.Y., with his parents (Tim and Maria) and grew up as a quarterback (he also loved lacrosse). As a senior in 2019, he was an all-state captain and helped lead Plainedge High School to a 12-0 record and the school’s first Long Island Class III state title"" [the school, grew up, was born] || ""Once C.J. Stroud signed with Ohio State, Villari became Plan B for Jim Harbaugh and Michigan"" [ohio state] || ""He improved his blocking quickness and balance into engagement, although he tends to fall off contact in that area"" [and balance]","""He improved his blocking quickness and balance into engagement, although he tends to fall off contact in that area"" [although he, in that]",0.0422,0.513,0.1561,0.1398,height,-0.0,slide,94.2,3.9,1.9,"""A three-star quarterback recruit, he initially committed to Fordham, before several FBS programs showed interest during his senior year"" [committed to] || ""Once C.J. Stroud signed with Ohio State, Villari became Plan B for Jim Harbaugh and Michigan"" [signed with]","""He improved his blocking quickness and balance into engagement, although he tends to fall off contact in that area"" [quickness and]",-0.0,height,-0.0,0.728,0.627,0.829,14.2,0.104,-0.0186,-0.1341,-0.0268,height,-0.0,improved:0.0044|ohio state:0.0040|the school:0.0038|grew up:0.0031|years:0.0030|and balance:0.0028|captain:0.0025|quarterback:0.0024|showed:0.0024|helped:0.0022,senior year:-0.0039|fbs:-0.0035|although he:-0.0033|pass catcher:-0.0031|in that:-0.0028|lead:-0.0025,recruit he:0.0164|senior:0.0082|committed to:0.0080|star:0.0078|tends:0.0077|signed with:0.0070|title:0.0056|as pass:0.0054|transferred:0.0040|an all:0.0039,among:-0.0107|athletic:-0.0088|scouts:-0.0071|quarterback:-0.0065|syracuse:-0.0059|play through:-0.0058
Marvin Jones,EDGE,Oklahoma,316,beast,roster_bubble,0.7,24.2,57.7,17.5,"""He began his career at Georgia (and won a national championship in 2022) but entered the portal after two seasons and enrolled at Florida State, his childhood dream school (and father’s alma mater). However, he lasted just one season in Tallahassee before going back into the portal and committing to Oklahoma (over Ohio State and Texas) for his senior year"" [his career, ohio state, to oklahoma] || ""was raised in the Miami area by his parents (Marvin and Alexsandra). His father was an All-America linebacker at Florida State and a first-round pick (No"" [at florida, was an] || ""grew up on the football field and naturally followed in his father’s footsteps"" [grew up]","""He appears more comfortable rushing from a two-point stance, likely because of a lack of flexibility"" [lack of] || ""He began his career at Georgia (and won a national championship in 2022) but entered the portal after two seasons and enrolled at Florida State, his childhood dream school (and father’s alma mater). However, he lasted just one season in Tallahassee before going back into the portal and committing to Oklahoma (over Ohio State and Texas) for his senior year"" [senior year]",0.0426,0.513,-0.1792,0.2482,vert_jump,0.6815,slide,84.3,12.2,3.5,"""A five-star recruit, Jones was a consensus top-25 prospect in the country — every school was after his commitment"" [star recruit]","""He began his career at Georgia (and won a national championship in 2022) but entered the portal after two seasons and enrolled at Florida State, his childhood dream school (and father’s alma mater). However, he lasted just one season in Tallahassee before going back into the portal and committing to Oklahoma (over Ohio State and Texas) for his senior year"" [in 2022]",-0.0,3cone,0.1736,0.677,0.576,0.779,24.8,0.168,-0.0188,-0.1341,-0.0476,3cone,-0.0496,at florida:0.0044|his career:0.0029|ohio state:0.0029|grew up:0.0023|body:0.0021|national:0.0021|outside he:0.0020|point:0.0019|counter:0.0018|level and:0.0018,lack of:-0.0041|usage:-0.0035|as junior:-0.0035|nfl:-0.0033|senior year:-0.0029|jones:-0.0026,florida:0.0157|star recruit:0.0126|jones:0.0065|attended:0.0065|linebacker:0.0058|an all:0.0047|junior and:0.0045|edge rusher:0.0040|senior:0.0034|point:0.0029,oklahoma:-0.0078|father:-0.0068|talent:-0.0063|in 2022:-0.0056|texas:-0.0053|championship:-0.0053
DJ Rogers,TE,TCU,317,beast,out_of_league,0.7,24.0,21.8,53.6,"""Overall, Rogers is a tad behind on the learning curve, but his athletic traits at his size, plus the improvements on his 2025 tape, make him an interesting Day 3 developmental option"" [his size]","""A one-year starter at TCU, Rogers was a Y tight end (56.4 percent of snaps inline) in former offensive coordinator Kendal Briles’ spread scheme"" [percent of]",0.1662,1.655,-0.9436,0.0086,40yd,0.6242,slide,85.7,11.4,2.8,,,-0.0,40yd,0.0965,0.744,0.643,0.846,24.7,0.184,-0.0189,-0.1341,-0.006,3cone,-0.0262,knee:0.0064|his size:0.0059|rogers:0.0059|himself into:0.0048|jump:0.0040|break:0.0035|throw:0.0033|combine:0.0032|tape:0.0032|work:0.0027,improved:-0.0067|find:-0.0043|tight end:-0.0039|blocker:-0.0035|pull:-0.0033|return:-0.0032,return:0.0075|senior:0.0061|kick:0.0050|his ability:0.0048|find:0.0039|late:0.0038|option:0.0036|versus:0.0029|2024:0.0028|hands:0.0028,athletic:-0.0091|threaten:-0.0055|plus:-0.0055|build:-0.0054|upright:-0.0049|staff:-0.0047
Bryan Thomas,EDGE,South Carolina,318,beast,roster_bubble,0.3,11.5,54.9,33.3,"""BEST OF THE REST NAME SCHOOL HEIGHT WEIGHT 40 YD 20 YD 10 YD VJ BJ SS 3-CONE BP HAND​ SIZE ARM​ LENGTH WING​ SPAN 47 ERIC O'NEILL Rutgers 6021 247 4.81 2.81 1.69 35 1/2 9'9"" 4.40 7.38 27 9 5/8 31 76 1/4 48 NATHAN VOORHIS Ball State 6027 251 4.76 2.72 1.70 37 9'10"" 4.59 7.45 22 9 1/2 32 1/8 80 3/8 49 JOSHUA WERU Kenya (IPP) 6040 244 4.45 2.62 1.59 41 11'02"" DNP DNP 18 9 1/4 33 1/4 79 3/4 50 DANIEL RICKERT Virginia 6005 236 4.65 2.70 1.65 33 09'08"" 4.52 6.90 22 9 3/8 30 1/8 73 3/4 51 WESLEY BAILEY Louisville 6046 260 4.69 2.68 1.53 35 10'1"" 4.50 7.00 27 9 1/2 34 1/4 81 3/4 52 NIKKO TAYLOR Oregon State 6052 262 4.73 2.75 1.73 30 9'11"" 4.58 7.13 19 9 3/8 30 7/8 77 3/4 53 DARRYL PETERSON Wisconsin 6012 248 4.85 2.77 1.65 35 9'2"" 4.40 7.35 22 9 5/8 32 1/2 78 3/8 54 GARRET STEFFEN Illinois State 6042 285 DNP DNP DNP DNP DNP DNP DNP DNP 10 32 1/8 DNP 55 TJ GUY Michigan 6033 240 4.94 2.99 1.68 29 1/2 9'5"" 4.65 7.27 DNP 9 3/4 31 3/8 78 1/2 56 TAMATOA MCDONOUGH Iowa State 6051 272 DNP DNP DNP 29 1/2 9'3"" 4.32 7.41 DNP 9 5/8 33 5/8 81 1/8 57 ISAIAH SMITH SMU 6034 246 4.92 2.82 1.71 29 09'08"" 4.52 7.40 DNP 9 5/8 32 79 1/4 392 Back to table of contents NAME SCHOOL HEIGHT WEIGHT 40 YD 20 YD 10 YD VJ BJ SS 3-CONE BP HAND​ SIZE ARM​ LENGTH WING​ SPAN 58 BEN BELL Virginia Tech 6006 243 4.69 2.56 1.62 32 1/2 10'1"" 4.35 6.89 23 10 30 3/4 74 1/4 59 SABASTIAN HARSH NC State 6017 255 4.66 2.72 1.62 28 9'2"" 4.63 7.22 28 9 5/8 31 3/8 77 1/8 60 FINN CLAYPOOL Fresno State 5114 250 4.64 2.69 1.67 33 10'0"" 4.56 7.38 21 9 1/2 30 3/4 74 1/4 61 CLAY PATTERSON Stanford 6022 283 4.89 2.87 1.71 35 10'04"" 4.34 7.51 23 9 1/8 32 1/4 79 3/8 62 DAYON HAYES Texas A&M 6031 290 4.91 2.81 1.69 28 9'2"" 4.39 7.26 19 9 1/4 32 5/8 78 63 A.J. PENA Rhode Island 6006 234 DNP DNP DNP DNP DNP DNP DNP DNP 9 1/4 31 7/8 79 1/2 64 MALICK SYLLA Mississippi State 6054 258 4.89 2.81 1.78 26 1/2 9'9"" 4.87 8.04 DNP 10 1/4 34 5/8 84 65 NILES KING San Diego State 6056 265 4.70 2.76 1.71 31 1/2 9'7"" 4.59 7.47 25 10 1/8 34 5/8 82 1/2 66 EDDIE WALLS III Houston 6036 250 DNP DNP DNP 31 1/2 9'4"" 4.68 7.70 22 9 1/2 33 1/4 79 3/4 67 TYCE WESTLAND Wyoming 6040 244 4.62 2.72 1.62 36 1/2 10'1"" 4.38 7.02 DNP 9 1/4 32 5/8 77 68 RILEY WILSON Arizona 6013 226 4.57 2.65 1.66 33 1/2 10'0"" 4.46 7.07 18 10 30 1/2 73 1/2 69 KOREY FOREMAN Fresno State 6035 270 4.82 2.75 1.70 29 9'3"" 4.65 7.48 29 10 32 1/2 80 70 CAM'RON STEWART Temple 6041 244 4.56 2.60 1.66 30 10'3"" 4.40 7.37 24 8 3/4 34 80 5/8 71 DEVEAN DEAL TCU 6021 251 DNP DNP DNP 33 1/2 9'6"" DNP DNP 9 9 1/4 32 7/8 79 5/8 72 PRINCE DORBAH Arizona State 6023 251 4.82 2.86 1.74 36 10'04"" 4.62 7.03 14 9 1/8 31 5/8 77 73 SMITH VILBERT North Carolina 6056 290 5.10 2.92 1.71 29 1/2 9'6"" 4.69 7.74 19 10 1/8 34 1/4 83 1/8 74 CAMERON ROBERTSON SMU 6034 253 4.84 2.76 1.69 DNP 9'4"" 4.40 7.33 14 9 1/2 32 3/8 78 75 DAVID REESE Syracuse 6014 240 4.65 2.72 1.52 37 10'5"" 4.35 7.15 22 9 1/4 32 3/4 79 3/8 76 BRADLEY WEAVER Rutgers 6032 267 4.82 2.81 1.78 30 09'08"" 4.25 7.24 31 9 5/8 32 1/4 78 1/2 77 JAH-MAL WILLIAMS Troy 6032 243 4.78 2.71 1.60 26 DNP 4.65 7.32 18 8 7/8 33 1/4 79 1/4 78 JUSTIN WODTLY Arizona State 6013 276 5.15 3.03 1.77 29 8'11"" 4.77 7.45 19 9 3/8 31 3/8 76 7/8 79 MICHAEL LUNZ II South Carolina State 6020 233 4.87 2.84 1.70 DNP DNP 4.60 7.35 17 9 1/4 32 75 1/2 80 MICHAEL SHIMEK Ashland 6010 244 4.84 2.81 1.75 30 1/2 9'4"" 4.35 7.06 18 9 1/2 31 3/4 75 1/4 81 ELIJAH O'NEAL Arizona State 6033 261 DNP DNP DNP DNP DNP DNP DNP 18 9 1/8 32 3/4 79 1/4 82 KOBE STEWART Buffalo 6017 240 5.12 2.84 1.78 29 1/2 9'6"" 4.52 7.34 18 9 3/4 34 81 83 MATT SPATNY Lehigh 6020 247 4.65 2.74 1.62 38 9'11"" 4.44 7.45 24 9 31 76 1/4 84 ETHAN HURKETT Iowa 6030 244 4.87 2.80 1.64 38 1/2 9'7"" 4.40 7.15 19 10 1/4 31 1/8 76 1/2 85 DEMARCUS HENDRICKS Arkansas State 6017 238 4.87 2.81 1.64 28 1/2 9'4"" 4.64 7.53 20 8 3/4 33 3/8 81 1/2 86 JORDAN LAWSON Louisiana 6037 251 4.75 2.75 1.68 33 9'3"" 4.65 7.31 18 10 33 7/8 81 1/2 87 CJ NUNNALLY IV Purdue 6024 253 4.87 2.85 1.76 29 9'5"" 4.76 7.59 17 9 33 1/8 79 1/4 88 TANIELA LATU San Jose State 6015 233 4.66 2.65 1.61 35 1/2 10'7"" 4.48 6.95 14 9 1/4 33 1/8 79 5/8 89 COREY WALKER Wisconsin 6052 273 4.91 2.82 1.72 33 1/2 9'11"" 4.61 7.46 14 9 3/8 32 1/8 79 5/8 90 JUNIOR TUIHALAMAKA Notre Dame 6016 252 DNP DNP DNP 29 1/2 9'4"" 4.75 7.46 12 9 3/8 31 3/8 75 5/8 91 CHIBUIKE MADU Nigeria (IPP) 6056 250 4.84 2.81 1.69 DNP 9'11"" DNP DNP DNP 9 5/8 34 82 3/8 92 COLBY TAYLOR West Florida 6014 251 4.56 DNP 1.56 39 10'7"" 4.50 7.05 30 9 3/4 31 3/4 75 7/8 93 KEATEN WADE Colorado 6026 233 4.64 2.76 1.65 33 1/2 09'08"" 4.40 7.14 15 9 5/8 33 80 1/4 94 ANTHONY DUNN JR. Toledo 6045 246 4.84 2.78 1.75 35 9'10"" 4.60 7.28 17 10 35 83 1/4 95 BRANDEN JENNINGS Mississippi State 6025 242 4.88 2.81 1.69 35 10'3"" 4.65 7.60 21 10 5/8 34 1/2 82 1/4 96 RODNEY MCGRAW Western Michigan 6044 264 4.72 2.78 1.70 29 1/2 9'0"" 4.70 7.27 20 9 1/8 32 3/4 78 3/8 97 CADE DENHOFF Clemson 6041 261 4.68 2.70 1.65 27 1/2 9'7"" 4.54 7.49 21 9 7/8 32 3/4 78 1/2 98 JAMES STEWART Tennessee State 6006 240 4.75 DNP DNP DNP 9'2"" DNP DNP DNP 9 1/2 31 1/2 76 1/2 99 NUER GATKUOTH Wake Forest 6025 239 4.92 2.76 1.65 31 9'10"" 4.62 7.26 17 9 32 1/4 77 7/8 100 KELLAN WYATT Indiana 6016 257 DNP DNP DNP DNP DNP DNP DNP 22 9 1/2 31 7/8 76 7/8 101 CANNON BUTLER Iowa State 6055 259 4.93 2.81 1.71 36 10'3"" 4.71 7.84 27 9 1/4 32 1/4 79 1/8 102 BUDDHA PELETI Washington State 6013 235 4.67 2.67 1.66 33 10'04"" 4.63 7.44 17 9 1/2 32 1/4 78 1/2 393 Back to table of contents NAME SCHOOL HEIGHT WEIGHT 40 YD 20 YD 10 YD VJ BJ SS 3-CONE BP HAND​ SIZE ARM​ LENGTH WING​ SPAN 103 JORDAN BOTELHO Notre Dame 6022 247 4.85 2.85 1.68 36 1/2 9'10"" 4.30 7.10 21 9 1/8 31 1/8 75 1/8 104 DESHAWN LYNCH Washington 6015 291 4.94 2.82 1.80 30 8'10"" 4.85 7.63 20 10 32 7/8 81 1/2 105 CKELBY GIVENS Southern 6006 240 4.81 2.79 1.65 34 1/2 9'7"" 4.64 7.68 22 9 31 1/8 75 3/4 106 CHIEF BORDERS UNLV 6033 243 4.75 2.74 1.68 32 1/2 9'4"" 4.53 7.20 23 9 3/4 32 77 7/8 107 XAVIER HOLMES James Madison 6022 252 4.76 2.84 1.76 29 1/2 10'0"" 4.34 7.34 22 9 5/8 32 3/4 80 108 MALIN WHITE Buffalo 6020 251 4.69 2.71 1.63 33 10'0"" 4.52 7.36 28 9 1/4 32 1/8 78 109 MALACHI COOPER San Diego 6047 289 5.08 2.90 1.76 27 1/2 9'0"" 4.75 7.64 19 9 5/8 34 83 7/8 110 CHRISTIAN HICKS Liberty 6040 245 4.77 2.65 1.57 37 1/2 10'7"" 4.44 7.31 25 9 1/8 33 79 1/8 111 QUINDARIUS DUNNIGAN Michigan State 6024 251 4.97 2.82 1.67 31 9'6"" 4.63 7.43 19 10 33 1/2 82 1/8 112 MALAKAI WILLIAMS Boise State 6050 248 4.64 2.79 1.67 33 9'9"" DNP 7.57 20 9 1/2 32 3/8 79 3/4 113 JIMMORI ROBINSON West Virginia 6042 261 5.00 2.88 1.72 30 09'08"" 4.75 7.46 19 9 1/2 34 81 1/4 114 HUNTER PECK Montana 6005 243 4.75 2.82 1.69 32 9'7"" 4.50 7.26 22 9 5/8 32 76 3/4 115 CHISOM IFEANYI Wyoming 6041 260 4.62 2.68 1.61 34 1/2 10'0"" 4.69 7.50 25 8 3/8 33 77 3/4 116 JACOB FERGUSON Georgia Southern 6022 246 5.03 2.96 1.67 DNP 9'1"" 4.68 7.30 16 9 32 1/2 79 117 PHILLIP LEE Arkansas 6030 237 4.80 2.87 1.74 31 9'6"" DNP DNP 15 9 32 5/8 77 5/8 118 DEONTE ANDERSON Mississippi State 6040 260 4.84 2.75 1.71 31 9'4"" 4.53 7.56 14 8 7/8 32 3/4 79 7/8 119 JAMES YELBERT JR. Delaware 6050 284 4.87 2.85 1.71 30 9'7"" 4.78 7.68 17 9 7/8 34 5/8 82 1/4 120 JOE MOORE Missouri 6024 235 4.76 2.81 1.68 31 1/2 10'2"" 4.66 7.55 23 9 7/8 33 1/8 80 121 KRIS TRINIDAD Old Dominion 6044 266 4.95 2.85 1.70 29 1/2 9'7"" 4.32 7.46 25 9 1/2 33 3/8 80 122 DAVID HOAGE West Georgia 6017 244 4.89 2.90 1.63 31 1/2 9'7"" 4.55 7.52 23 9 3/8 33 1/8 77 123 CHRIS VICTOR California 6031 247 4.90 2.83 1.64 30 10'2"" 4.72 7.32 22 9 3/8 33 3/4 80 3/4 124 RICKY FREYMOND Western Colorado 6047 262 4.99 2.82 1.71 31 9'0"" 4.50 7.54 13 9 1/4 32 5/8 78 1/4 125 KAM OLDS Kentucky 6026 256 DNP DNP DNP DNP DNP DNP DNP DNP 8 5/8 32 1/2 78 1/8 126 JIMARI BUTLER LSU 6040 258 4.75 2.70 1.64 30 9'6"" 4.66 DNP 19 8 5/8 31 1/2 77 1/2 127 JASON COMPOH Merrimack 6014 255 4.82 DNP 1.64 35 1/2 10'3"" 4.58 7.27 23 9 1/2 32 1/4 78 5/8 128 NOAH ARINZE Coastal Carolina 6047 260 4.91 2.83 1.72 31 10'1"" 4.56 7.40 23 9 1/2 34 82 1/2 129 MAKAI MCCALL NC Central 6032 230 4.77 2.82 1.66 33 10'3"" 4.56 7.31 21 9 32 78 1/2 130 BRYCE CAGE Grambling 6027 271 5.07 DNP DNP DNP 9'5"" DNP DNP DNP 9 7/8 31 1/2 76 3/4 131 KALIL ALEXANDER Texas State 6010 204 4.87 2.80 1.61 31 1/2 09'08"" 4.64 7.90 13 8 1/2 32 1/4 78 132 JAYDEN GRAY Western Kentucky 6020 263 5.08 2.99 1.77 30 1/2 9'2"" DNP DNP 21 10 5/8 33 3/8 80 3/4 133 TERRELL TILMON Texas Tech 6036 242 4.72 2.77 1.73 33 10'2"" 4.36 7.20 19 9 3/8 32 1/4 78 1/4 134 JAYDEN FLAKER Memphis 6033 239 4.65 2.70 1.56 31 1/2 09'08"" 4.50 7.28 22 9 7/8 32 7/8 79 3/8 135 DAVION HOOD Austin Peay 6015 239 4.92 2.94 1.75 25 1/2 8'9"" 4.69 7.59 21 8 1/4 32 76 7/8 136 JUSTICE FINKLEY Kansas 6012 242 5.07 2.91 1.71 29 1/2 9'10"" 4.89 7.46 25 9 31 77 137 DOMINIC OLIVER Western Kentucky 6030 244 4.92 2.80 1.70 30 1/2 9'2"" 4.40 7.52 22 9 1/4 32 3/8 78 1/8 138 WILLIAM WHITLOW JR. Memphis 6017 251 4.88 2.78 1.70 29 1/2 9'0"" 4.55 8.20 17 9 7/8 33 3/8 79 7/8 139 TY COOPER Tulsa 6033 248 4.94 2.96 1.71 33 1/2 9'4"" 4.69 7.40 24 10 32 7/8 80 3/4 140 KERSHAWN FISHER Western Michigan 6017 247 5.06 2.93 1.75 27 1/2 9'0"" 4.69 7.58 DNP 10 31 7/8 78 3/8 141 KECHAUN BENNETT UCLA 6034 254 5.08 2.91 1.78 28 1/2 9'5"" 4.63 7.70 20 10 1/8 34 7/8 81 1/8 142 JALEN GARNER Houston 5117 218 4.94 2.76 1.75 29 1/2 9'10"" 4.41 7.28 15 8 7/8 32 3/8 79 3/4 143 OSE EGBASE UNLV 6035 247 4.69 2.71 1.69 34 9'10"" 4.52 7.50 16 9 3/4 32 3/4 81 5/8 144 JJ HAWKINS Southern Miss 6012 259 4.88 2.86 1.65 32 1/2 9'2"" 4.40 7.35 20 10 1/2 32 3/4 79 3/4 145 CJ BAZILE JR. Liberty 6006 250 DNP DNP DNP 31 1/2 9'3"" 4.51 7.40 22 10 1/2 32 5/8 79 146 CHRISTOPHER EATON JR. Sam Houston State 6023 246 4.70 2.70 1.71 40 10'1"" 4.45 7.33 20 9 3/8 32 1/4 78 1/2 147 ARDEN WALKER Colorado 6020 242 4.76 2.78 1.69 31 9'6"" 4.40 7.20 22 9 1/4 33 5/8 78 1/2 394 Back to table of contents NAME SCHOOL HEIGHT WEIGHT 40 YD 20 YD 10 YD VJ BJ SS 3-CONE BP HAND​ SIZE ARM​ LENGTH WING​ SPAN 148 RAAM STEVENSON Washington State 6036 249 4.91 2.82 1.76 30 1/2 9'6"" 4.40 7.26 12 9 7/8 30 3/8 78 1/4 149 KEEGAN DAVIS Florida International 6020 248 5.14 2.87 1.82 28 1/2 8'10"" 4.55 7.61 28 8 7/8 30 1/2 74 7/8 150 CAZEEM MOORE Virginia 6034 254 4.94 2.73 1.69 32 09'08"" DNP DNP 21 9 34 81 1/2 151 KEANU KOHT Vanderbilt 6042 256 DNP DNP DNP 32 9'3"" 4.63 7.32 DNP 9 1/2 33 1/4 80 1/2 152 MAX VAN LANDINGHAM Northern State 6025 266 4.93 2.82 1.68 28 1/2 9'6"" 4.53 7.46 20 9 3/4 32 1/2 79 1/2 153 DENIS JAQUEZ JR. Syracuse 6031 256 DNP DNP DNP 27 1/2 9'4"" 4.63 7.36 23 9 1/8 31 5/8 77 5/8 154 JACKIE JOHNSON III Hawaii 5107 231 5.03 2.84 1.74 34 1/2 8'11"" 4.70 7.25 19 9 3/8 29 7/8 73 1/8 155 BILLY PULLEN Louisiana-Monroe 6020 245 4.85 2.82 1.71 DNP DNP 4.70 7.63 17 9 1/2 30 5/8 74 156 JOEY ZELINSKY Pittsburgh 6032 245 4.76 2.75 1.71 34 1/2 10'0"" 4.44 7.43 26 9 1/8 32 3/4 79 157 DONOVAN BRANCH UConn 6031 258 4.94 2.81 1.72 35 9'9"" 4.33 DNP 23 9 1/2 33 1/2 82 5/8 158 JONAS KING Mercyhurst 6050 278 4.90 2.74 1.76 32 1/2 10'2"" 4.43 DNP 28 9 7/8 33 3/8 79 1/4 159 MALACHI BAILEY Arizona 6011 283 4.83 2.77 1.68 26 8'6"" 4.84 7.84 17 9 3/8 30 1/8 75 3/4 160 DONOVAN PARHAM Idaho 6016 236 DNP DNP DNP DNP DNP 4.53 7.37 19 9 5/8 32 1/8 78 1/2 161 TRAVALI PRICE NC State 6034 265 5.14 2.84 1.70 29 1/2 8'10"" 4.75 7.53 23 10 3/8 32 7/8 81 1/2 162 IAN MATHEWS Georgia State 6031 258 DNP DNP DNP 27 8'10"" 4.77 7.71 14 9 1/2 33 7/8 81 3/8 163 ESE DUBRE Stanford 6022 259 4.83 2.80 1.71 31 1/2 9'10"" 4.50 7.37 26 9 1/4 33 3/8 78 3/8 164 NEVAEH SANDERS Mississippi State 6023 220 4.52 2.57 1.64 36 10'10"" 4.65 7.58 11 8 3/4 32 3/8 79 1/2 165 ELIJAH DAVIS Troy 6031 249 4.83 2.84 1.60 29 9'0"" 4.81 8.02 14 9 3/8 33 1/4 79 3/4 166 BRETT KARHU New Mexico 6007 229 4.79 2.76 1.64 34 9'9"" 4.58 7.51 26 9 3/8 30 3/4 74 7/8 167 MATTHEUS CARROLL Kent State 6036 246 5.03 2.82 1.73 32 1/2 10'2"" 4.35 7.22 20 9 1/2 34 1/4 84 168 TYMERE JACKSON Texas State 6027 251 4.75 2.63 1.65 34 1/2 10'6"" 4.58 7.42 13 10 1/8 31 7/8 78 7/8 169 JOREL LIVERPOOL Charlotte 6056 253 4.92 2.81 1.71 26 9'5"" 4.95 7.61 22 9 1/2 35 3/4 82 7/8 170 ANGELO ANDERSON Tarleton State 6016 268 DNP DNP DNP 32 8'11"" 4.70 7.52 18 10 3/8 31 3/8 78 171 TRA THOMAS NC State 6023 224 4.54 2.63 1.56 32 1/2 10'04"" 4.42 7.03 18 10 1/2 32 1/4 76 172 BLAINE SPIRES Pittsburgh 6023 258 4.81 2.72 1.70 30 1/2 09'08"" 4.57 DNP 20 9 1/8 32 76 1/8 173 TRENT JONES II UConn 6027 272 5.29 3.02 1.77 29 1/2 8'10"" 4.65 DNP 25 9 7/8 31 7/8 77 1/8 174 JALYN DURGAN North Texas 6024 239 4.70 2.76 1.65 30 9'9"" 4.87 7.90 18 10 1/4 33 3/4 82 1/8 175 LANDO BROWN Southern Utah 5075 229 5.21 2.87 1.84 29 8'9"" 4.57 7.65 DNP 8 7/8 28 3/4 72 1/8 176 NOAH MILES Howard 6026 242 4.96 2.89 1.69 32 10'2"" 4.56 7.33 DNP 10 1/4 33 3/4 83 177 RICO WATSON III South Florida 5111 232 4.93 2.83 1.71 25 8'8"" 4.56 7.73 13 9 3/8 31 74 3/4 178 ZAVIER CARTER Georgia State 6033 222 4.95 2.88 1.70 31 1/2 9'9"" 4.68 7.35 16 9 1/4 32 1/4 78 1/4 179 SLADE SHUFELT Portland State 6020 250 4.72 2.78 1.65 39 10'04"" 4.43 7.22 20 9 1/4 30 5/8 77 1/4 180 ASHAAD HALL UTEP 6022 248 4.77 2.75 1.71 36 11'01"" 4.87 DNP 17 9 5/8 32 3/4 80 181 CJ MCCRAY Cincinnati 6032 244 4.65 2.70 1.63 36 1/2 10'04"" 4.52 7.24 17 9 1/2 32 1/2 79 182 ANTOINEO HARRIS JR. UConn 6022 259 4.90 2.75 1.72 32 1/2 09'08"" DNP DNP 23 10 31 3/8 77 7/8 183 KEION MITCHELL Howard 6026 265 5.03 2.80 1.71 29 9'6"" 4.55 7.33 21 9 1/4 31 1/4 76 7/8 184 KEVONTAY WELLS Louisiana-Monroe 6010 245 4.91 2.88 1.71 27 8'6"" 4.78 7.40 14 8 7/8 33 1/4 77 3/4 185 J.D. LAMPLEY East Carolina 6031 267 5.06 2.93 1.65 35 1/2 9'10"" 4.58 7.66 22 9 3/8 32 79 5/8 186 TRISTAN MAROIS Colorado 6047 244 DNP DNP DNP 31 10'0"" 4.83 7.70 DNP 9 32 5/8 78 5/8 187 TARIQ JONES Hawaii 6015 236 4.93 2.75 1.66 32 1/2 9'9"" 4.84 7.75 21 9 1/2 31 5/8 76 7/8 188 DEVIN GRANT West Virginia 6011 288 4.83 2.82 1.70 29 1/2 9'2"" 4.64 7.31 19 9 1/4 33 1/4 76 3/8 189 MARCUS BRADLEY Arkansas State 6030 264 5.06 2.96 1.77 26 8'9"" 4.70 7.89 18 9 32 1/4 78 1/8 190 JABRIL MCNEILL Troy 6030 222 4.69 2.77 1.60 33 1/2 10'1"" 4.71 7.52 16 9 32 1/2 78 5/8 191 TALIB SALAHUDDIN Incarnate Word 6033 241 4.75 2.76 1.64 33 1/2 9'9"" 4.60 7.21 13 9 1/2 34 1/2 80 3/4 192 JAMICHAEL ROGERS UAB 6006 247 4.71 2.75 1.55 34 1/2 9'0"" 4.63 7.62 21 10 3/8 31 74 1/8 395 Back to table of contents NAME SCHOOL HEIGHT WEIGHT 40 YD 20 YD 10 YD VJ BJ SS 3-CONE BP HAND​ SIZE ARM​ LENGTH WING​ SPAN 193 JATIUS GEER South Carolina 6035 256 5.14 2.94 1.69 28 1/2 9'0"" 4.69 7.65 DNP 9 3/4 33 3/4 79 3/4 194 DAVON TOWNLEY JR. Missouri State 6044 279 DNP DNP DNP 28 8'7"" 5.13 8.29 14 10 33 1/8 79 5/8 195 JAMALL THOMPSON JR. New Mexico State 6015 242 DNP DNP DNP 29 9'0"" 4.65 7.40 17 9 5/8 31 5/8 76 1/8 196 JACOB BUSIC UCLA 6042 265 5.03 2.93 1.77 32 8'10"" 4.59 7.47 21 9 1/2 33 3/4 80 197 STANLEY LAMBERT Ferris State 6035 251 4.79 2.60 1.75 33 1/2 9'9"" 4.81 7.96 22 9 1/2 34 79 3/4 198 KYJUAN VENGROWSKY North Dakota 6001 245 4.84 2.75 1.62 32 9'2"" 4.43 7.25 21 9 1/2 31 3/4 76 1/2 199 RAVONTE BLOWE Houston Christian 6016 241 4.82 2.56 1.62 30 1/2 10'0"" 4.32 7.50 16 9 3/8 33 78 3/4 200 ROB HOLTZ Gardner-Webb 6017 250 5.06 2.79 1.68 30 09'08"" 4.60 7.54 21 9 7/8 32 1/2 76 1/2 201 MO VANDERWIEL San Diego 6001 210 4.80 2.82 1.70 27 1/2 9'1"" 4.46 7.16 11 9 31 3/4 75 1/8 202 FRANK LEE IV Eastern Kentucky 6007 238 4.75 2.70 1.63 35 10'5"" 4.33 7.00 23 10 5/8 33 1/8 80 3/4 203 DONOVAN SPELLMAN UNLV 6016 226 5.04 2.82 1.72 31 9'2"" 4.99 7.90 8 9 1/2 31 77 1/8 204 QUINCY IVORY Jackson State 6030 274 4.90 2.83 1.75 35 1/2 10'0"" 4.65 7.77 13 11 33 81 1/8 205 MYLES MENDESZOON Iowa State 6022 240 4.87 2.81 1.75 32 09'08"" 4.62 7.41 27 10 30 7/8 77 3/4 206 KY THOMAS Stephen F. Austin 6031 267 5.00 2.82 1.67 30 1/2 9'3"" 4.90 7.66 DNP 9 3/4 32 1/2 80 3/4 207 ZAIRE PATTERSON Clemson 6045 272 5.08 2.87 1.74 32 1/2 9'11"" 4.66 7.61 20 9 5/8 33 79 5/8 208 DYLAN HOWELL Louisiana-Monroe 6024 281 4.88 2.78 1.65 32 9'3"" 4.73 7.85 23 10 1/8 32 1/4 80 3/4 209 KEVIN ABRAMS-VERWAYNE Appalachian State 6015 238 4.86 2.75 1.67 30 1/2 9'6"" 4.70 7.67 23 9 1/2 32 3/8 79 1/8 210 JOE CADETTE Incarnate Word 6002 244 4.92 2.89 1.71 27 8'8"" 4.89 7.65 DNP 9 3/8 34 81 1/8 211 JALEN COLES Tiffin 6031 229 DNP DNP DNP DNP DNP DNP DNP DNP 9 1/4 32 76 5/8 212 DAVONTE MURRAY Northern Illinois 6023 250 5.09 2.90 1.77 31 1/2 9'6"" 4.46 7.39 17 9 1/8 32 5/8 79 1/2 213 RYHEEM CRAIG East Carolina 6024 231 4.86 2.79 1.65 32 9'11"" 4.83 7.40 DNP 9 31 1/2 76 3/4 214 MICHAEL WHITE Olivet Nazarene 6033 228 4.99 2.82 1.72 30 9'6"" 4.52 7.64 13 9 3/4 33 1/4 77 215 DEVIN AUPIU UCLA 6044 271 5.06 2.59 1.83 26 1/2 8'8"" 4.90 7.74 DNP 10 3/4 33 5/8 81 1/4 216 DEMON CLOWNEY South Carolina 6030 248 4.91 2.81 1.67 30 9'5"" 4.62 7.49 DNP 10 32 3/4 80 217 REGGIE GRIMES II Memphis 6037 265 4.76 2.74 1.70 31 1/2 9'9"" 4.48 7.57 24 9 33 7/8 79 5/8 218 DANIEL KNUDSEN Louisiana-Monroe 6024 219 4.55 2.59 1.57 31 9'3"" 4.40 7.35 17 8 7/8 31 3/8 77 5/8 219 CHARLES ESTERS III Texas Tech 6022 256 4.82 2.82 1.75 29 1/2 9'4"" 4.56 7.65 18 8 7/8 32 5/8 79 5/8 220 MYLES TERRY North Dakota 6010 242 4.77 2.72 1.59 33 9'10"" 4.31 7.25 26 9 5/8 33 1/8 77 221 JAMEER LEWIS Southern Miss 6013 221 4.97 2.81 1.77 26 1/2 9'1"" 4.74 7.85 DNP 10 1/8 33 81 3/4 222 ZACH GARRON New Hampshire 6035 228 4.75 DNP 1.63 32 1/2 10'0"" 4.37 7.34 17 9 1/2 32 1/8 79 1/2 223 QUARDALE PATT Sam Houston State 6040 266 4.98 2.83 1.75 33 9'7"" 4.35 7.02 DNP 9 7/8 34 5/8 81 1/8 224 JAMAL JONES Bowie State 5113 237 DNP DNP DNP DNP DNP DNP DNP DNP 9 31 3/8 74 3/4 225 BRANDON BUCKNER Middle Tenn"" [height weight, the rest, notre dame] || ""A three-star recruit, he collected offers from programs in the Big Ten (Maryland, Minnesota) and ACC (NC State, Pittsburgh, Virginia Tech) but opted for his lone SEC offer (South Carolina). After playing a part-time role for three seasons, he became a full-time starter as a senior and led the team in pressures (38) and sacks (seven). Ungraded as a draft prospect by NFL teams entering the 2025 season, Thomas forced scouts to reevaluate their summer reports with his performance"" [south carolina] || ""State 5115 245 4.78 2.77 1.64 28 1/2 9'0"" 4.75 7.81 20 8 1/4 31 5/8 75 5/8 226 JEREMIAH PETERS Toledo 6041 213 4.82 2.71 1.68 27 1/2 9'4"" 4.87 7.72 DNP 9 1/2 32 3/4 76 7/8 227 KHALIB GILMORE Norfolk State 6033 234 DNP DNP DNP 33 9'10"" DNP 7.67 23 9 3/4 33 3/8 81 228 JON JONES UTSA 6033 274 5.00 2.85 1.69 30 9'2"" 4.74 8.18 DNP 9 5/8 32 3/4 80 1/4 229 IBK MAFE South Alabama 6013 236 4.93 2.82 1.75 30 1/2 9'9"" 4.90 7.69 14 9 5/8 32 5/8 78 1/4 230 AMORIE MORRISON UAB 6033 262 5.19 2.96 1.79 26 1/2 8'11"" 4.67 7.55 23 9 1/2 32 5/8 78 3/4 231 CHARLES CALHOUN Temple 6012 236 4.97 2.87 1.76 27 1/2 8'11"" 4.66 7.97 15 9 1/8 31 5/8 76 5/8 232 DOMONIQUE DAVIS II Central State 5090 210 4.72 2.68 1.62 29 1/2 8'11"" 4.54 7.50 20 8 1/4 29 5/8 69 1/4 233 CHRISTIAN SMITH NC Central 6010 267 5.13 2.99 1.70 27 1/2 8'8"" 5.37 DNP 15 9 3/8 32 1/2 78 3/4 234 DEVANTE KEYS East Texas A&M 6043 265 5.25 3.08 1.78 29 1/2 8'6"" 5.04 8.01 10 10 3/8 36 1/8 85 1/2 235 BREYLON CHARLES Purdue 6030 261 5.07 2.98 1.83 28 9'1"" 4.95 7.43 15 10 1/4 33 1/2 82 1/4 236 MARVIN GANT Missouri Western 6014 242 4.88 2.84 1.69 DNP DNP DNP DNP DNP 9 5/8 34 1/8 79 3/8 237 CORY HALL UNLV 6051 288 5.62 3.18 1.91 24 1/2 8'8"" 5.01 8.31 13 9 7/8 33 1/2 82 396 Back to table of contents NAME SCHOOL HEIGHT WEIGHT 40 YD 20 YD 10 YD VJ BJ SS 3-CONE BP HAND​ SIZE ARM​ LENGTH WING​ SPAN 238 EMMANUEL OLAITAN Reinhardt 5111 259 4.88 2.87 1.62 28 9'7"" 4.63 7.81 21 9 1/2 32 1/2 78 1/8 239 ZION SHOCKLEY Charlotte 6030 275 5.24 2.93 1.73 24 1/2 8'4"" 4.93 8.04 33 9 1/2 33 1/4 78 3/8 240 TYSON LEE Western Michigan 6012 262 5.08 2.95 1.79 29 1/2 8'8"" 4.68 7.78 21 9 5/8 33 5/8 79 5/8 241 THOMAS IBRAHIM Southeastern 6025 245 4.81 2.73 1.63 29 9'6"" 4.32 7.43 21 9 3/8 32 7/8 77 7/8 242 CALEB SIMS Louisiana Tech 6030 273 5.18 2.89 1.81 28 1/2 8'9"" 4.77 7.90 27 9 1/4 34 1/8 80 1/8 243 JAMES SMYRE UAB 6013 210 4.83 2.80 1.68 29 1/2 9'5"" 4.72 7.82 13 9 3/4 32 1/2 78 3/4 244 MALIK MCKINZIE Charleston Southern 6010 233 4.85 2.73 1.70 DNP DNP DNP DNP DNP 9 3/8 31 1/4 77 245 KHRIS WALTON Tiffin 6010 244 5.05 2.85 1.68 29 9'4"" 4.65 7.36 26 9 30 3/4 74 3/8 246 BEN SMILEY III UConn 6040 249 5.00 2.87 1.75 26 1/2 9'0"" 4.81 7.51 17 8 1/2 33 80 3/4 247 MAURICE HEIMS Idaho 6053 241 4.84 2.83 1.79 27 1/2 8'11"" 4.69 7.21 20 10 33 3/4 78 1/2 248 JOHN BROWN JR. Jackson State 6001 250 5.01 2.93 1.71 24 1/2 8'5"" 4.76 8.12 13 9 3/8 31 75 1/2 249 ROD DANIELS Kennesaw State 6002 251 5.28 2.95 1.76 28 8'10"" 4.84 8.01 27 9 7/8 32 1/2 77 1/8 250 CAM GEORGE Northwestern State 6003 259 5.00 2.89 1.73 DNP DNP DNP DNP DNP 9 3/4 32 80 1/2 251 TANGATA TUITUPOU San Jose State 6041 240 5.08 2.87 1.77 27 8'9"" 5.04 7.65 17 9 3/8 33 1/8 80 1/4 252 ERIC THOMAS JR. Southern Miss 6017 260 5.08 2.89 1.75 27 1/2 9'3"" 4.61 7.52 18 9 1/8 32 1/4 78 1/2 253 DEWEY GREENE Incarnate Word 6011 251 5.46 3.00 1.77 27 1/2 8'2"" 4.77 7.85 18 9 1/2 32 78 3/4 254 DAN HICKS Mercer 6025 253 4.83 2.90 1.67 27 1/2 9'5"" 4.75 8.01 14 9 1/8 33 3/8 79 7/8 255 E.J. COLBERT North Alabama 5116 261 5.10 2.94 1.84 24 1/2 8'6"" 4.76 8.30 DNP 9 31 3/8 76 256 JOSH DAVIES-BALOGUN Nebraska-Kearney 6033 245 5.21 2.96 1.88 DNP DNP DNP DNP DNP 9 3/8 34 1/8 82 1/4 257 JEROME WALLACE Southern 6051 254 4.93 2.87 1.71 DNP DNP DNP DNP DNP 9 5/8 33 81 1/4 258 MICHAEL SULLIVAN UCLA 6040 245 5.07 2.93 1.78 27 1/2 8'11"" 4.76 7.64 16 9 32 1/4 77 1/8 259 JAMES SMITH Pittsburg State 6004 282 5.08 3.03 1.79 DNP DNP DNP DNP 19 9 1/2 32 3/8 79 1/8 260 DEUCE CALDWELL II Samford 5117 276 5.00 2.89 1.77 24 1/2 8'10"" 4.75 8.21 21 9 5/8 31 5/8 77 1/8 261 CORBET MIMS Jacksonville State 6040 231 5.11 2.80 1.73 25 9'5"" 4.77 7.23 15 9 1/2 34 3/8 79 5/8 262 D.J. HARRIS South Florida 6023 247 4.90 2.83 1.66 31 1/2 9'10"" 4.57 7.90 DNP 9 3/4 34 82 263 JAMAR RUCKS Kennesaw State 6022 222 5.04 2.88 1.66 25 1/2 8'11"" 4.76 7.71 DNP 10 1/4 31 1/8 77 3/4 264 XAVIER MORROW Nebraska-Kearney 6020 261 5.26 2.95 1.86 DNP DNP DNP DNP DNP 9 1/2 32 1/2 76 1/2 265 DAMON EARLY North Greenville 6015 245 5.25 2.97 1.75 22 1/2 8'6"" DNP 8.31 DNP 8 3/4 31 7/8 76 266 JADYN WALKER Fort Valley State 5106 219 4.97 2.89 1.65 27 1/2 09'08"" 4.57 7.55 23 8 5/8 32 1/8 77 1/4 267 JAHSEIM HENRY Shorter 6002 241 5.02 2.89 1.66 27 9'2"" 4.84 7.79 20 9 3/8 33 3/8 76 3/8 268 ZUKUDO IGWENAGU UMass DNP DNP DNP DNP DNP DNP DNP DNP DNP DNP DNP DNP DNP 269 JOJO PARHAM SW Minnesota State 6013 256 5.43 3.13 1.92 23 1/2 9'0"" 4.89 8.03 13 10 1/4 32 1/2 78 1/4 270 NOA MASUI Duquesne 6057 228 5.27 2.94 1.73 32 9'1"" 4.97 7.78 14 9 3/8 33 1/8 80 3/4 397 Back to table of contents THE BEAST 2026 NFL Draft Guide DEFENSIVE TACKLES NAME SCHOOL GRADE YEAR HEIGHT WEIGHT 40-YD (10-YD) HAND SIZE ARM​ LENGTH WING​ SPAN AGE 1 KAYDEN MCDONALD Ohio State 1st-2nd 3JR 6022 326 DNP (DNP) 10 32 3/8 78 1/2 21.12 2 PETER WOODS Clemson 1st-2nd 3JR 6024 298 DNP (1.67) 9 1/8 31 1/4 76 7/8 21.13 3 CHRISTEN MILLER Georgia 2nd 4JR 6036 321 DNP (DNP) 10 33 80 3/4 21.71 4 CALEB BANKS Florida 2nd-3rd 5SR 6062 327 5.04 (1.76) 10 7/8 35 1/4 85 7/8 23.12 5 LEE HUNTER Texas Tech 2nd-3rd 5SR 6034 318 5.18 (1.79) 9 1/4 33 1/4 81 23.81 6 DOMONIQUE ORANGE Iowa State 2nd-3rd 4SR 6023 322 DNP (DNP) 10 1/4 33 3/8 80 7/8 22.12 7 TYLER ONYEDIM Texas A&M 3rd 5SR 6034 290 5.07 (1.69) 10 1/8 34 1/4 81 3/8 22.94 8 CHRIS MCCLELLAN Missouri 3rd-4th 4SR 6037 313 5.05 (1.80) 11 34 83 1/2 22.52 9 DARRELL JACKSON JR. Florida State 4th 5SR 6054 315 DNP (DNP) 11 1/8 35 1/4 86 1/2 22.99 10 GRACEN HALTON Oklahoma 4th 4SR 6025 293 4.82 (1.70) 10 31 1/2 77 1/4 22.24 11 ALBERT REGIS Texas A&M 4th-5th 5SR 6013 295 4.88 (1.72) 9 5/8 32 77 1/8 22.93 12 RAYSHAUN BENNY Michigan 4th-5th 5SR 6032 298 DNP (DNP) 9 1/4 33 3/8 81 5/8 23.96 13 NICK BARRETT South Carolina 5th 5SR 6027 312 5.10 (1.69) 10 33 1/2 80 3/4 22.74 14 KALEB PROCTOR Southeastern Louisiana 5th 4SR 6017 291 4.79 (1.68) 9 1/2 33 79 3/4 21.99 15 CAMERON BALL Arkansas 5th 5SR 6035 308 5.10 (1.79) 9 1/2 33 1/8 79 7/8 23.17 16 DEMONTE CAPEHART Clemson 5th-6th 6SR 6047 313 4.85 (1.71) 10 1/4 34 1/2 84 1/2 23.76 17 ZANE DURANT Penn State 5th-6th 4SR 6011 290 4.75 (1.66) 10 5/8 31 7/8 77 7/8 21.96 18 RENE KONGA Louisville 5th-6th 6SR 6036 298 4.79 (1.60) 9 1/2 33 5/8 81 23.44 19 BRANDON CLEVELAND NC State 6th 4SR 6030 307 5.12 (1.78) 9 1/4 32 3/8 77 1/4 21.65 20 BRYSON EASON Tennessee 6th 6SR 6022 323 5.09 (1.78) 10 33 1/8 78 3/4 24.25 21 LANDON ROBINSON Navy 6th 4SR 5112 293 4.87 (1.65) 9 1/8 31 3/4 77 1/4 23.30 22 TIM KEENAN III Alabama 6th-7th 5SR 6011 327 5.31 (1.83) 8 3/4 30 1/2 77 23.37 23 DAVID GUSTA Kentucky 6th-7th 5SR 6023 308 4.88 (1.68) 10 31 1/8 76 1/4 22.83 24 ANTERIO THOMPSON Washington 6th-7th 4SR 6017 306 4.73 (1.74) 10 33 1/2 80 5/8 23.48 25 JACKIE MARSHALL Baylor 7th 5SR 6024 293 4.88 (1.69) 9 5/8 32 78 22.99 26 GARY SMITH III UCLA 7th 6SR 6010 319 DNP (DNP) 9 3/4 33 1/2 80 7/8 24.47 27 DAMONIC WILLIAMS Oklahoma 7th 4SR 6015 305 DNP (DNP) 10 33 1/8 79 7/8 21.63 28 SKYLER GILL-HOWARD Texas Tech 7th-FA 5SR 6005 280 5.06 (1.80) 9 1/4 31 1/8 76 3/8 23.53 29 JORDAN VAN DEN BERG Georgia Tech 7th-FA 6SR 6032 310 4.94 (1.61) 9 3/8 32 1/8 77 24.03 30 DONTAY CORLEONE Cincinnati 7th-FA 5SR 6004 340 DNP (DNP) 9 7/8 32 77 1/2 23.71 31 JAMES THOMPSON JR. Illinois 7th-FA 6SR 6055 308 5.00 (1.75) 9 31 3/8 79 1/8 23.65 32 ZXAVIAN HARRIS Ole Miss FA 4SR 6076 330 DNP (DNP) 10 34 5/8 83 3/4 22.50 33 DEVEN EASTERN Minnesota FA 5SR 6052 315 DNP (DNP) 10 34 82 1/2 23.05 34 AARON HALL Duke FA 5SR 6041 297 5.04 (1.66) 10 33 80 5/8 23.01 35 JAYDEN LOVING Wake Forest FA 5SR 6013 309 4.82 (1.64) 9 3/8 30 1/4 77 3/8 23.04 36 STEPHEN DALEY Indiana FA 4SR 6010 276 DNP (DNP) 9 1/8 31 7/8 79 5/8 22.62 37 BOBBY JAMISON-TRAVIS Auburn FA 6SR 6033 335 5.25 (1.80) 9 7/8 34 3/8 83 24.99 38 JALEN HUNT Cincinnati FA 7SR 6023 310 4.99 (1.71) 9 32 1/2 78 7/8 24.67 39 TYWONE MALONE JR. Ohio State FA 4SR 6041 305 5.12 (1.87) 8 3/4 33 79 1/8 22.98 40 DAVID BLAY JR. Miami FA 5SR 6023 292 5.07 (1.74) 10 1/4 32 78 23.23 399 Back to table of contents"" [ohio state]","""Overall, Thomas is a try-hard rusher with average physical traits, but he has a revving motor that leads to production"" [leads to] || ""But he is quick off the ball, with adequate body flexibility to maneuver around blockers and find the football"" [blockers and]",0.0433,0.513,-0.1792,0.3025,height,-0.0,slide,89.2,6.9,3.9,,,-0.0,height,-0.0,0.653,0.552,0.754,11.9,0.077,-0.0191,-0.1341,-0.058,height,-0.0,34:0.0042|thomas:0.0032|32:0.0031|55:0.0030|39:0.0025|54:0.0024|35:0.0024|43:0.0024|24:0.0023|74:0.0021,williams:-0.0044|mississippi:-0.0028|brown:-0.0025|louisiana:-0.0023|thompson:-0.0021|size:-0.0020,florida:0.0084|24:0.0068|80:0.0054|tennessee:0.0046|harris:0.0046|miss:0.0045|davis:0.0043|29:0.0040|28:0.0037|recruit he:0.0036,jackson:-0.0091|40:-0.0068|texas:-0.0055|nc:-0.0050|temple:-0.0050|30:-0.0049
Jackson Kuwatch,EDGE,Miami (OH),319,beast,roster_bubble,1.5,9.9,49.4,39.2,,"""He has shorter arms for his height but can flip his hips cleanly for a high-cut athlete"" [for his] || ""He needs to continue maturing his punch hands to get off blocks more efficiently"" [off blocks]",0.0437,0.513,-0.1792,0.053,height,-0.0,slide,91.3,5.0,3.7,"""Playing the Mike linebacker role in the RedHawks’ 4-2-5 base, Kuwatch used his natural size and range to patrol the middle of the field with presence"" [role in]","""He needs to continue maturing his punch hands to get off blocks more efficiently"" [to continue]",-0.0,height,-0.0,0.747,0.646,0.848,11.4,0.085,-0.0193,-0.1341,-0.0102,height,-0.0,ohio:0.0050|helped:0.0028|linebacker:0.0025|grew up:0.0024|the mike:0.0023|no star:0.0023|years:0.0023|cover:0.0021|state:0.0020|needs to:0.0019,key:-0.0036|punch:-0.0032|seasons in:-0.0032|special:-0.0031|nfl:-0.0028|natural:-0.0025,linebacker:0.0103|star:0.0098|tackles and:0.0069|attended:0.0068|recruit:0.0065|senior:0.0061|flow:0.0059|blocks:0.0055|transfer:0.0054|role in:0.0051,jackson:-0.0130|helped:-0.0070|talent:-0.0066|the middle:-0.0061|to continue:-0.0059|buckeyes:-0.0046
Jordan Hudson,WR,SMU,320,beast,roster_bubble,1.3,9.5,56.4,32.8,"""​ Played on kickoff and punt coverages as a junior — but had more missed tackles than tackles"" [but had] || ""​ Inconsistent cadence between he and his quarterback led to high number of contested windows (and interception opportunities)"" [his quarterback] || ""Despite missing a pair of games as a senior, he finished ranked top seven in the ACC in receiving yards per game (69.6), and he produced 2025 performances versus Clemson and Miami that got NFL scouts buzzing"" [per game]","""​ Above-average balance to bounce off contact when running into teeth of the defense"" [bounce off] || ""Overall, Hudson isn’t a polished player at this point in his development, but he is a good-sized athlete with a bionic way of adjusting to the football"" [player at]",0.0441,0.513,0.413,0.1615,vert_jump,0.8745,slide,54.4,17.5,28.1,,,-0.0,broad_jump,-0.9828,0.685,0.584,0.787,10.8,0.074,-0.0194,-0.1341,-0.031,broad_jump,0.0129,missed:0.0043|receiving:0.0043|corners:0.0042|body:0.0041|point:0.0030|improved:0.0029|lined:0.0026|inconsistent:0.0023|finished:0.0022|years:0.0020,versus:-0.0035|as junior:-0.0032|nfl:-0.0030|need:-0.0029|senior year:-0.0026|shoulder:-0.0026,as senior:0.0085|tackles:0.0066|running:0.0055|tends:0.0047|corners:0.0046|chest:0.0043|point:0.0043|spent:0.0040|top:0.0040|versus:0.0037,athletic:-0.0092|talent:-0.0055|timing:-0.0053|body control:-0.0049|nfl scouts:-0.0048|staff:-0.0048
Jaylon Guilbeau,CB,Texas,322,beast,roster_bubble,0.6,4.9,63.5,31.0,"""Jaylon Guilbeau (GILL-boh) grew up in Port Arthur, Texas, with his parents (Floyd and Nicole). He is a self-described “cowboy” who grew up in the country and enjoys riding horses"" [up in] || ""He spent his first three seasons as a nickel and safety, before moving to outside cornerback as a senior in 2025. With his alert, decisive eyes, Guilbeau is most comfortable in zone, where he can sort and maintain his relationship to routes"" [he can]","""Overall, Guilbeau is a battle-tested player with experience across the secondary, although his average size and speed will be a challenge to overcome versus NFL wide receivers."" [speed will]",0.0449,0.513,0.1989,0.1723,40yd,-0.7257,slide,87.8,8.5,3.7,"""A four-star recruit, he originally committed to Texas before switching to TCU during his senior season of high school"" [committed to] || ""He has the short-area quickness to mirror in man-to-man, although false steps make it tough for him to recover and regain phase"" [recover and] || ""Overall, Guilbeau is a battle-tested player with experience across the secondary, although his average size and speed will be a challenge to overcome versus NFL wide receivers."" [the secondary]",,-0.0,40yd,0.2309,0.656,0.555,0.757,5.5,0.036,-0.0198,-0.1341,-0.033,hand,-0.0102,struggled:0.0035|before moving:0.0032|grew:0.0028|plays on:0.0027|another:0.0027|short area:0.0026|the line:0.0026|coach:0.0019|four star:0.0018|san:0.0017,although:-0.0041|as junior:-0.0039|speed will:-0.0035|safety:-0.0032|battle:-0.0026|size:-0.0024,recruit he:0.0133|as senior:0.0111|committed to:0.0065|star:0.0063|blocks:0.0060|recover and:0.0055|the secondary:0.0053|spent:0.0053|for him:0.0046|moving:0.0044,texas:-0.0127|tackling:-0.0060|short area:-0.0053|decisive:-0.0053|quickness:-0.0045|football his:-0.0042
Anterio Thompson,DL,Washington,323,beast,roster_bubble,1.3,16.8,57.8,24.1,"""Though he needs to mature his technique versus double teams, he plays stout against base blocks and has the hand strength to snatch and shed"" [needs to] || ""He can unlock and go with a clear path to the ball"" [and go] || ""He is late off the ball more than you’d like to see, but when he times it right, his lateral agility and linear burst allow him to shoot gaps"" [more than]",,0.0452,0.513,-0.2056,0.0639,height,-0.0,slide,93.1,4.8,2.1,"""He blocked a pair of punts in 2023 but didn’t see much playing time on defense and transferred to Western Michigan"" [on defense] || ""Though he needs to mature his technique versus double teams, he plays stout against base blocks and has the hand strength to snatch and shed"" [blocks and] || ""After the 2024 season, he went back into the portal and spent the 2025 season at Washington"" [the 2024]",,-0.0,height,-0.0,0.704,0.603,0.805,18.1,0.127,-0.0199,-0.1341,-0.0122,height,-0.0,needs to:0.0040|better:0.0038|39:0.0034|clear:0.0026|years:0.0024|move:0.0023|college:0.0021|gaps:0.0021|and go:0.0020|strength:0.0019,thompson:-0.0083|iowa:-0.0035|special:-0.0032|senior year:-0.0031|junior:-0.0023|punts:-0.0022,recruit he:0.0119|tackles:0.0078|thompson:0.0069|attended:0.0066|on defense:0.0059|blocks and:0.0059|the 2024:0.0059|star:0.0056|signed with:0.0051|spent:0.0047,washington:-0.0066|in 2022:-0.0057|defensive lineman:-0.0053|iowa:-0.0049|testing:-0.0046|ball:-0.0045
Joey Aguilar,QB,Tennessee,324,beast,roster_bubble,0.5,20.2,64.5,14.8,,,0.0456,0.513,0.5572,-0.0771,wingspan,-0.1018,slide,90.9,4.3,4.8,,,-0.0,height,-0.057,0.744,0.642,0.845,20.7,0.154,-0.0201,-0.1341,0.0148,hand,-0.0083,pocket:0.0058|passer:0.0057|tennessee:0.0043|deep:0.0039|improved:0.0031|can be:0.0030|arm:0.0027|especially:0.0027|eight:0.0026|old:0.0025,doesn play:-0.0050|nfl:-0.0036|shoulder:-0.0027|air:-0.0025|sec:-0.0024|timing:-0.0024,tennessee:0.0142|heupel:0.0078|sec:0.0065|drops:0.0054|solid:0.0046|coach josh:0.0045|option:0.0039|double:0.0037|height and:0.0035|chance:0.0032,passer:-0.0070|records:-0.0061|arm:-0.0060|timing:-0.0057|fumbles:-0.0048|passing yards:-0.0047
Alan Herron,IOL,Maryland,325,beast,roster_bubble,0.6,6.1,65.0,28.3,"""He can work down and use his strength in the run game but needs to stay balanced to be a better finisher"" [needs to, use his] || ""The native of Jamaica didn’t start playing football until late into high school and developed at the DII level before enrolling at Maryland"" [playing football] || ""He is quick into his slide to cut off speed in pass pro, although his initial movements are better than his reactionary quickness, which can leave him tied in knots against shifty rushers"" [leave him]","""He is quick into his slide to cut off speed in pass pro, although his initial movements are better than his reactionary quickness, which can leave him tied in knots against shifty rushers"" [pass pro, is quick] || ""​ Needs to use more consistent technique with run-blocking hands and posture"" [more consistent]",0.046,0.513,-0.1829,0.0313,vert_jump,0.5092,slide,75.2,11.8,12.9,"""He can work down and use his strength in the run game but needs to stay balanced to be a better finisher"" [stay balanced]",,-0.0,broad_jump,-0.816,0.844,0.743,0.945,6.8,0.057,-0.0203,-0.1341,-0.006,hand,0.0606,second:0.0049|inconsistent:0.0045|backside:0.0041|better:0.0037|posture:0.0034|improved:0.0033|needs to:0.0031|lined:0.0030|tied:0.0029|especially:0.0028,slide:-0.0036|run:-0.0035|pass pro:-0.0028|nfl:-0.0027|developing:-0.0023|tape:-0.0023,late:0.0092|chest:0.0083|24:0.0056|rush:0.0055|tends:0.0054|blocks:0.0052|caught:0.0051|stay balanced:0.0050|leave:0.0047|teams to:0.0037,quickness:-0.0066|pro:-0.0054|initial:-0.0049|holding:-0.0048|adequate:-0.0045|drop his:-0.0040
Josh Gesky,IOL,Illinois,326,beast,roster_bubble,1.1,6.5,69.4,23.1,"""He was diagnosed with Type 1 diabetes at age 6, but scouts say he manages it well with the staff (always has a water or Gatorade on him). Though his redirect skills are marginal, he has adequate feet and eager hands to set up shop and get into a punch-ready position"" [get into] || ""Gesky enrolled at 260 pounds, played at around 330 pounds in 2025 and weighed under 310 pounds for his pro day — he has a big-boned frame that he can fill out or make leaner, depending on what is needed"" [played at] || ""Joshua “Josh” Gesky (guess-KEE), who has two siblings, was born and raised in Manteno, Ill., by his parents (Joel and Dawn). He is engaged to his high school sweetheart (Daniela Zeilenga). His father, who coached his sons throughout youth and high school football, was an offensive tackle at Nebraska (1990-94). His older brother (Jeremy) played offensive line at NAIA Olivet Nazarene"" [was born]","""Overall, Gesky can do a better job with his flexibility to create leverage, but his natural strength and torque allow him to cover up in the run game or anchor in pass pro"" [run game]",0.0464,0.513,-0.1829,0.053,height,-0.0,slide,81.4,12.6,6.0,"""He was diagnosed with Type 1 diabetes at age 6, but scouts say he manages it well with the staff (always has a water or Gatorade on him). Though his redirect skills are marginal, he has adequate feet and eager hands to set up shop and get into a punch-ready position"" [to set]",,-0.0,height,-0.0,0.796,0.695,0.898,7.6,0.06,-0.0204,-0.1341,-0.0102,height,-0.0,josh:0.0045|line:0.0026|better:0.0024|get into:0.0023|cover:0.0023|anchor:0.0019|coach:0.0019|blue:0.0018|played at:0.0018|heavy:0.0017,pro:-0.0037|pounds:-0.0037|punch:-0.0035|tackle:-0.0032|run game:-0.0031|natural:-0.0028,recruit he:0.0130|star:0.0061|to set:0.0054|torque:0.0037|as sophomore:0.0036|can do:0.0035|honors:0.0034|what is:0.0029|offensive:0.0028|home:0.0022,scouts:-0.0095|among:-0.0085|pro day:-0.0082|pounds:-0.0072|ten:-0.0064|staff:-0.0061
Jaren Kanak,TE,Oklahoma,327,beast,53_man,1.4,59.8,23.7,15.1,,,0.1321,-0.5246,0.4998,0.0312,wingspan,0.7704,slide,77.1,9.0,13.8,"""​ Toughness is evident on wham blocks and when finishing through contact 204 Back to table of contents"" [blocks and]","""​ Had one catch of 20-plus yards in each of the first four games of 2025 (but none the rest of the season, in part because of inconsistent quarterback play)"" [plus yards] || ""Needs to continue packing on muscle"" [to continue]",-0.0,broad_jump,-0.8319,0.738,0.637,0.84,61.2,0.452,-0.0206,-0.1341,-0.0102,wingspan,-0.0382,zone:0.0068|lead:0.0039|catch:0.0037|lack of:0.0030|offensive:0.0029|michigan:0.0028|though:0.0027|coverages:0.0024|holding:0.0024|route running:0.0023,percent:-0.0062|tight:-0.0061|duties:-0.0039|part time:-0.0031|tree:-0.0030|himself as:-0.0026,linebacker:0.0091|running:0.0058|recruit:0.0058|miss:0.0057|blocks and:0.0053|caught:0.0048|special:0.0032|his ability:0.0031|stay on:0.0030|attack:0.0028,oklahoma:-0.0122|plus yards:-0.0066|athletic:-0.0058|to continue:-0.0052|the sooners:-0.0052|ball:-0.0050
James Brockermeyer,IOL,Miami (FL),328,beast,out_of_league,1.7,10.4,38.1,49.8,,,0.1823,1.655,0.3298,-0.0212,height,0.0,slide,82.8,11.0,6.2,"""​ Fits his hands inside and tries to drive his feet"" [his hands] || ""After struggling to crack the starting lineup at Alabama, he started for TCU in 2024 before becoming an underrated part of the Hurricanes’ run to the national championship game (he didn’t allow a sack in 2025). Miami’s offensive line was a key reason for the team’s success in 2025, though most casual college football fans couldn’t name the center — which Brockermeyer should take as a compliment, because it speaks to his steady play"" [he started]",,-0.0,height,-0.0,0.811,0.71,0.913,12.1,0.098,-0.0208,-0.1341,0.0148,height,-0.0,center:0.0101|knee:0.0046|alabama:0.0042|pro:0.0042|lacks:0.0040|miami:0.0039|started every:0.0038|size and:0.0035|stay:0.0035|work:0.0033,needs to:-0.0045|offensive:-0.0044|skills:-0.0040|zone:-0.0035|moves well:-0.0033|ready:-0.0033,miss:0.0062|as senior:0.0057|his hands:0.0053|he started:0.0052|to set:0.0049|role in:0.0048|alabama:0.0039|enough:0.0037|defenders:0.0036|and compete:0.0034,pro:-0.0067|athletic:-0.0063|recovery:-0.0057|nfl scouts:-0.0055|balance:-0.0053|body length:-0.0050
Jaden Dugger,LB,Louisiana-Lafayette,329,beast,roster_bubble,1.1,14.1,64.9,19.9,"""Overall, Dugger is an ascending player with a blend of size and reactive athleticism worth developing on the back end of an NFL roster or practice squad."" [end of] || ""He hasn’t yet fully realized how to weaponize his long arms to combat blockers, but he plays with toughness to battle through contact"" [through contact] || ""After two seasons as a safety, he wanted to challenge himself and move up to FBS, so he transferred to Louisiana"" [after two]",,0.0475,0.513,-0.2178,0.0747,height,-0.0,slide,94.8,2.7,2.6,"""A no-star recruit, Jaden Dugger started to receive interest from FCS programs and committed to Georgetown"" [star recruit, committed to] || ""Julian signed with Pittsburgh in 2024 and now plays for Washington State"" [signed with]",,-0.0,height,-0.0,0.715,0.614,0.817,15.2,0.109,-0.0209,-0.1341,-0.0143,height,-0.0,caught:0.0024|no star:0.0023|potential:0.0022|move:0.0022|sam:0.0021|attention:0.0021|explodes:0.0021|24:0.0020|played:0.0017|grew:0.0016,safety:-0.0052|size:-0.0039|long arms:-0.0037|as junior:-0.0037|senior year:-0.0030|nfl:-0.0028,as senior:0.0099|star recruit:0.0076|safety he:0.0062|linebacker:0.0059|committed to:0.0058|flow:0.0058|24:0.0058|keeps:0.0058|caught:0.0053|touchdowns:0.0052,match:-0.0067|washington:-0.0066|basketball:-0.0065|nfl scouts:-0.0056|tackler:-0.0050|hasn:-0.0049
Riley Mahlman,OT,Wisconsin,330,beast,roster_bubble,0.5,11.0,67.2,21.2,"""He earned all-state honors as a junior defensive lineman and blocking tight end in Lakeville’s option offense, while helping the team to 11 wins in 2019 and an undefeated 8-0 record in 2020. A four-star recruit, he was the top-ranked recruit in Minnesota and committed to Wisconsin (his first offer) over Ohio State, Minnesota and other Big Ten programs"" [ohio state, ranked recruit, and other] || ""He has an athletic lower half, with quickness out of his stance to answer the pass rush or reach in the run game"" [an athletic] || ""Overall, Mahlman is a high-cut blocker with inconsistent body control and handwork in space, but the size and foot quickness are worth developing."" [in space]","""He needs to be more consistent with his hand placement in all phases, as he relies more on his size to cover up defenders"" [more consistent, hand placement] || ""Mahlman has a towering, narrow frame, which can lead to leverage issues when he sets tall with his long legs and torso"" [lead to]",0.0479,0.513,-0.1829,0.0639,height,-0.0,slide,93.2,4.7,2.1,"""He earned all-state honors as a junior defensive lineman and blocking tight end in Lakeville’s option offense, while helping the team to 11 wins in 2019 and an undefeated 8-0 record in 2020. A four-star recruit, he was the top-ranked recruit in Minnesota and committed to Wisconsin (his first offer) over Ohio State, Minnesota and other Big Ten programs"" [committed to]","""He earned all-state honors as a junior defensive lineman and blocking tight end in Lakeville’s option offense, while helping the team to 11 wins in 2019 and an undefeated 8-0 record in 2020. A four-star recruit, he was the top-ranked recruit in Minnesota and committed to Wisconsin (his first offer) over Ohio State, Minnesota and other Big Ten programs"" [defensive lineman, the team]",-0.0,height,-0.0,0.784,0.683,0.885,11.6,0.091,-0.0211,-0.1341,-0.0122,height,-0.0,ohio state:0.0033|blocker:0.0033|inconsistent:0.0030|focus:0.0029|finished:0.0028|wisconsin:0.0026|years:0.0025|body:0.0025|national:0.0024|quickness:0.0023,durability:-0.0046|size:-0.0042|as junior:-0.0040|knee:-0.0038|the pass:-0.0038|lead to:-0.0033,recruit he:0.0132|committed to:0.0064|react:0.0062|star:0.0062|guard:0.0061|spent:0.0052|late:0.0050|in 2020:0.0040|honors as:0.0038|up defenders:0.0037,quickness:-0.0075|relies:-0.0072|athletic:-0.0071|defensive lineman:-0.0058|ranked:-0.0052|the team:-0.0052
Robert Henry,RB,UTSA,331,beast,roster_bubble,0.5,10.7,47.4,41.3,,"""Although he isn’t the same level of athlete, his tape is reminiscent of Elijah Mitchell’s when he was coming out of Louisiana"" [out of, although he, the same] || ""​ Not a power back but has adequate run strength to take shots and finish hard"" [and finish, back but]",0.0483,0.513,0.0742,0.0422,40yd,-0.6464,slide,66.1,14.1,19.8,"""He shows balance to break through arm tackles and flashes a playmaking gear — he had an FBS-best six plays of 70-plus yards in 2025 (five carries, one catch). Between high school, junior college and UTSA, he combined for 1,618 offensive touches, which speaks both to his reliability and the high mileage on the odometer"" [tackles and]",,-0.0,broad_jump,-1.2753,0.753,0.652,0.855,11.3,0.085,-0.0213,-0.1341,-0.0081,broad_jump,0.0167,keep:0.0063|productive:0.0057|his career:0.0045|missed:0.0043|inconsistent:0.0040|runner with:0.0030|moves well:0.0027|needs:0.0027|history:0.0026|attempts:0.0024,to break:-0.0042|fbs:-0.0040|usage:-0.0032|utsa:-0.0027|pass pro:-0.0025|out of:-0.0025,tackles and:0.0060|running:0.0057|miss:0.0056|averaged:0.0052|touchdowns:0.0046|backs:0.0042|he had:0.0039|based on:0.0039|tds:0.0038|attempts for:0.0035,plus yards:-0.0109|quickness:-0.0060|rushing:-0.0053|pro:-0.0049|texas:-0.0048|keep:-0.0042
Lake McRee,TE,USC,332,beast,roster_bubble,1.1,23.2,54.8,20.8,"""A two-and-a-half-year starter at USC, McRee was a Y tight end (55.3 percent of snaps inline) in head coach Lincoln Riley’s RPO spread scheme"" [percent of]",,0.0486,0.513,0.1561,0.0639,vert_jump,0.8473,slide,94.4,2.4,3.2,,,-0.0,40yd,0.1767,0.753,0.652,0.855,24.4,0.184,-0.0214,-0.1341,-0.0122,hand,0.0441,missed:0.0045|body:0.0035|if he:0.0030|55:0.0028|needs:0.0028|blocker:0.0027|receiving:0.0027|especially:0.0026|catch:0.0024|finished:0.0023,knee:-0.0067|doesn:-0.0036|junior:-0.0035|acl:-0.0032|route:-0.0031|usc:-0.0030,usc:0.0079|running:0.0058|miss:0.0057|as senior:0.0053|drops:0.0053|2024:0.0051|acl:0.0051|his hands:0.0049|solid:0.0045|play speed:0.0044,athletic:-0.0058|back to:-0.0056|bests:-0.0050|alignment:-0.0047|body length:-0.0047|adequate:-0.0042
Diego Pavia,QB,Vanderbilt,333,beast,roster_bubble,0.9,17.3,49.0,32.8,"""After a winding road led him to SEC country, he took the Vanderbilt program to new heights, becoming the first Heisman Trophy finalist in school history (finished runner-up behind Fernando Mendoza). Pavia set school records for single-season passing yards (3,539), passing touchdowns (29) and total offense (4,401). Pavia has a skill set that is both unique and limited"" [school history] || ""Overall, Pavia is a gamer, with the confidence and mobility that have elevated every offense he has been on, but his lack of size and arm strength is tough to overcome"" [tough to] || ""​ Four-year team captain (two years at New Mexico State, two at Vanderbilt) and connects with everyone in locker room"" [team captain]","""A two-year starter at Vanderbilt (and four-year starter overall), Pavia was an ideal fit in offensive coordinator Tim Beck’s RPO-based scheme with a diverse short passing game"" [passing game, year starter] || ""Overall, Pavia is a gamer, with the confidence and mobility that have elevated every offense he has been on, but his lack of size and arm strength is tough to overcome"" [lack of]",0.049,0.513,0.5572,-0.0229,arm,-0.8125,slide,90.8,5.2,4.0,"""He was a two-star quarterback from Albuquerque, New Mexico, who competed in wrestling, where he was a state champion, as well as baseball and football"" [where he]",,-0.0,height,0.2625,0.752,0.65,0.853,18.2,0.137,-0.0216,-0.1341,0.0044,arm,0.0189,pocket:0.0035|deep:0.0033|move:0.0033|passer:0.0032|school history:0.0032|finished:0.0027|initial:0.0025|years:0.0025|arm:0.0023|scheme:0.0023,total:-0.0030|sec:-0.0028|passing game:-0.0028|lack of:-0.0027|nfl:-0.0027|durability:-0.0026,sec:0.0076|touchdowns:0.0055|the year:0.0045|chance:0.0037|star:0.0036|guard:0.0035|caught:0.0033|solid:0.0032|juco:0.0031|transferred:0.0031,acceleration:-0.0055|initial:-0.0054|arm:-0.0051|murray:-0.0050|records:-0.0042|quarterback:-0.0042
Athan Kaliakmanis,QB,Rutgers,334,beast,roster_bubble,0.4,9.7,78.2,11.8,"""Kaliakmanis let it loose as a senior, showing better base mechanics and a more dialed-in downfield touch (28 completions of 20-plus yards in 2025, one behind Indiana’s Fernando Mendoza). His accuracy and pocket presence also looked different for much of 2025, although that wasn’t the case against better opponents on the schedule (Oregon, Ohio State). Overall, Kaliakmanis has functional physical tools for the next level, and his decision-making and accuracy took enough of a jump in 2025 that he should have a legitimate chance to make a roster in camp"" [ohio state, chance to, plus yards]","""Kaliakmanis let it loose as a senior, showing better base mechanics and a more dialed-in downfield touch (28 completions of 20-plus yards in 2025, one behind Indiana’s Fernando Mendoza). His accuracy and pocket presence also looked different for much of 2025, although that wasn’t the case against better opponents on the schedule (Oregon, Ohio State). Overall, Kaliakmanis has functional physical tools for the next level, and his decision-making and accuracy took enough of a jump in 2025 that he should have a legitimate chance to make a roster in camp"" [he should]",0.0494,0.513,0.5572,-0.0554,height,-0.0,slide,93.1,3.7,3.2,"""Athan Kaliakmanis was named Gatorade Player of the Year while at Antioch Community High and won a state title in the long jump (19 feet 6 inches). A four-star recruit, he committed to Minnesota over other Big Ten programs and became the full-time starter in 2023. He transferred to Rutgers for his final two seasons and reunited with former Minnesota offensive coordinator Kirk Ciarrocca (Rutgers’ O-coordinator). He made clear improvements from his junior to senior seasons"" [committed to, the year]","""Kaliakmanis let it loose as a senior, showing better base mechanics and a more dialed-in downfield touch (28 completions of 20-plus yards in 2025, one behind Indiana’s Fernando Mendoza). His accuracy and pocket presence also looked different for much of 2025, although that wasn’t the case against better opponents on the schedule (Oregon, Ohio State). Overall, Kaliakmanis has functional physical tools for the next level, and his decision-making and accuracy took enough of a jump in 2025 that he should have a legitimate chance to make a roster in camp"" [plus yards]",-0.0,height,-0.0,0.763,0.662,0.864,10.0,0.077,-0.0218,-0.1341,0.0106,height,-0.0,better:0.0047|accuracy:0.0047|ohio state:0.0038|downfield:0.0035|pocket:0.0033|decision:0.0033|behind:0.0032|clear:0.0031|showing:0.0025|level and:0.0024,he should:-0.0061|minnesota:-0.0042|tools:-0.0033|although:-0.0029|junior:-0.0029|enough:-0.0028,recruit he:0.0146|senior:0.0073|committed to:0.0071|star:0.0069|the year:0.0051|title:0.0050|hall:0.0050|full time:0.0050|player of:0.0049|final two:0.0047,plus yards:-0.0089|accuracy:-0.0081|rutgers:-0.0071|minnesota:-0.0063|completions:-0.0048|ohio state:-0.0044
Vinny Anthony,WR,Wisconsin,335,beast,roster_bubble,1.3,12.0,55.5,31.2,"""A two-and-a-half-year starter at Wisconsin, Anthony lined up outside (83.4 percent of snaps in his career) in offensive coordinator Jeff Grimes’ scheme"" [percent of]","""​ Not going to break many tackles after the catch"" [to break, many tackles] || ""Overall, Anthony is an undersized target with underwhelming college production, but the foot quickness, ball skills and level of detail in his routes suggest his best football will come in an NFL offense"" [in an]",0.0498,0.513,0.413,0.1832,vert_jump,0.8759,slide,78.7,4.6,16.7,"""Overall, Anthony is an undersized target with underwhelming college production, but the foot quickness, ball skills and level of detail in his routes suggest his best football will come in an NFL offense"" [best football] || ""​ Crafty routes — savvy enough to set up multiple breaks"" [enough to]",,-0.0,broad_jump,-0.9241,0.706,0.604,0.807,13.3,0.094,-0.0219,-0.1341,-0.0351,hand,0.0204,second:0.0045|receiving:0.0045|catch:0.0029|lined:0.0028|scheme he:0.0027|touchdown:0.0026|corners:0.0026|deep:0.0023|short area:0.0022|wisconsin:0.0021,kick:-0.0041|despite:-0.0040|nfl:-0.0036|come:-0.0035|anthony:-0.0033|all the:-0.0030,return:0.0084|best football:0.0080|enough to:0.0062|kick:0.0056|anthony:0.0052|only average:0.0050|shoulders:0.0045|tackles:0.0043|alabama:0.0037|force:0.0035,among:-0.0072|savvy:-0.0065|quickness:-0.0063|him as:-0.0050|40:-0.0049|combine:-0.0047
Micah Pettus,OT,Florida State,336,beast,roster_bubble,0.5,9.9,66.8,22.7,"""Micah Pettus grew up in northern Alabama with his parents (Glenn and Tamara Pettus). Both his father (baseball, football) and mother (basketball) were college athletes at Alabama A&M. His older brother (Dell) was an All-Sun Belt safety at Troy (2019-23) and signed with the New England Patriots as an undrafted free agent (played in the Super Bowl LX loss to the Seahawks). Micah was an offensive tackle and defensive tackle at Sparkman High School before transferring to James Clemens High School for his senior year in 2020. A three-star recruit, he received offers from Florida State and Ole Miss after his junior season and committed to the Rebels a few months later"" [florida state, was an, signed with] || ""Pettus has a massive frame, with both good and bad weight on his body"" [his body] || ""However, he leans on his size and talent to get the job done, and his technique as both a run blocker and pass protector is underdeveloped"" [run blocker]","""Micah Pettus grew up in northern Alabama with his parents (Glenn and Tamara Pettus). Both his father (baseball, football) and mother (basketball) were college athletes at Alabama A&M. His older brother (Dell) was an All-Sun Belt safety at Troy (2019-23) and signed with the New England Patriots as an undrafted free agent (played in the Super Bowl LX loss to the Seahawks). Micah was an offensive tackle and defensive tackle at Sparkman High School before transferring to James Clemens High School for his senior year in 2020. A three-star recruit, he received offers from Florida State and Ole Miss after his junior season and committed to the Rebels a few months later"" [senior year]",0.0501,0.513,-0.1829,0.1073,height,-0.0,slide,93.7,2.9,3.4,"""Micah Pettus grew up in northern Alabama with his parents (Glenn and Tamara Pettus). Both his father (baseball, football) and mother (basketball) were college athletes at Alabama A&M. His older brother (Dell) was an All-Sun Belt safety at Troy (2019-23) and signed with the New England Patriots as an undrafted free agent (played in the Super Bowl LX loss to the Seahawks). Micah was an offensive tackle and defensive tackle at Sparkman High School before transferring to James Clemens High School for his senior year in 2020. A three-star recruit, he received offers from Florida State and Ole Miss after his junior season and committed to the Rebels a few months later"" [committed to, signed with] || ""He has a rare wingspan and extends his long arms into contact to drive defenders off the ball and away from the play"" [into contact]","""He started for three years at Ole Miss before entering the portal and transferring to Florida State for his senior year in 2025. He only played right tackle in college and doesn’t have experience at left tackle or guard"" [left tackle, and doesn]",-0.0,height,-0.0,0.768,0.667,0.87,10.5,0.081,-0.0221,-0.1341,-0.0206,height,-0.0,florida state:0.0040|pocket:0.0028|his body:0.0026|james:0.0025|years:0.0025|run blocker:0.0021|technique:0.0017|grew:0.0016|was an:0.0016|college:0.0015,senior year:-0.0054|tackle:-0.0045|need to:-0.0042|size:-0.0041|long arms:-0.0040|safety:-0.0033,florida:0.0174|ole:0.0142|recruit he:0.0129|miss:0.0116|into contact:0.0079|alabama:0.0072|tendencies:0.0068|senior:0.0064|committed to:0.0063|star:0.0061,talent:-0.0070|pass rushers:-0.0054|left tackle:-0.0053|baseball:-0.0051|adequate:-0.0050|and doesn:-0.0050
Bauer Sharp,TE,LSU,337,beast,roster_bubble,0.2,33.7,54.2,11.9,"""William “Bauer” Sharp, the oldest of four children in his family, grew up in southern Alabama with his parents (Jason and Amy). His father played college baseball at Auburn"" [grew up] || ""Sharp found himself buried on the depth chart and moved to tight end in 2022. He entered the portal and transferred to Oklahoma in 2024 and LSU in ‘25. Lining up mostly inline and in the slot, Sharp is a good-sized athlete and energetic competitor (NFL scout: “There is some insanity to the way he plays.”). He operates cleanly on underneath routes, with the quickness and agility to give his quarterback a target, especially against zone"" [his quarterback] || ""A no-star recruit in the 2021 class, he went overlooked and was left with only one FCS offer, from Southeastern Louisiana"" [with only, recruit in]","""Overall, Sharp is more average than above average in most categories, but his special teams experience and alignment versatility give him a shot to earn an NFL roster spot."" [roster spot, to earn] || ""Sharp found himself buried on the depth chart and moved to tight end in 2022. He entered the portal and transferred to Oklahoma in 2024 and LSU in ‘25. Lining up mostly inline and in the slot, Sharp is a good-sized athlete and energetic competitor (NFL scout: “There is some insanity to the way he plays.”). He operates cleanly on underneath routes, with the quickness and agility to give his quarterback a target, especially against zone"" [he plays]",0.0505,0.513,0.1561,0.0747,vert_jump,0.8482,slide,80.0,10.8,9.1,"""He spent two years there before transferring to Dothan High School for his junior and senior seasons"" [senior seasons, junior and] || ""A no-star recruit in the 2021 class, he went overlooked and was left with only one FCS offer, from Southeastern Louisiana"" [star recruit] || ""Overall, Sharp is more average than above average in most categories, but his special teams experience and alignment versatility give him a shot to earn an NFL roster spot."" [to earn]","""Sharp found himself buried on the depth chart and moved to tight end in 2022. He entered the portal and transferred to Oklahoma in 2024 and LSU in ‘25. Lining up mostly inline and in the slot, Sharp is a good-sized athlete and energetic competitor (NFL scout: “There is some insanity to the way he plays.”). He operates cleanly on underneath routes, with the quickness and agility to give his quarterback a target, especially against zone"" [in 2022]",-0.0,broad_jump,-0.8434,0.718,0.616,0.819,33.8,0.243,-0.0223,-0.1341,-0.0143,3cone,-0.0265,grew up:0.0048|no star:0.0027|years:0.0027|his quarterback:0.0023|chart:0.0023|blocker:0.0021|shot:0.0019|fcs:0.0018|25:0.0017|against:0.0015,junior and:-0.0040|roster spot:-0.0037|special:-0.0037|to earn:-0.0036|he plays:-0.0036|nfl:-0.0033,star recruit:0.0088|senior seasons:0.0057|spent:0.0055|to earn:0.0054|junior and:0.0053|alabama:0.0046|lsu:0.0045|found:0.0044|sharp:0.0042|2024:0.0039,oklahoma:-0.0092|chart:-0.0069|in 2022:-0.0066|alignment:-0.0060|quarterback:-0.0054|baseball:-0.0054
Wade Woodaz,LB,Clemson,338,beast,out_of_league,1.6,17.9,39.6,40.8,,"""Overall, Woodaz needs to introduce more control to his frenzied play style, but his athleticism and eagerness to make plays can be assets in the right role"" [needs to]",0.1969,1.655,0.2557,-0.0003,wingspan,0.2009,slide,92.2,4.7,3.1,"""A starter for two-and-a-half-years at Clemson, Woodaz played a variety of inside, outside and nickel roles in defensive coordinator Tom Allen’s scheme (he wore the green dot for the Tigers’ defense). He made an immediate impact on special teams before becoming a key playmaker on defense, earning All-ACC honors as a junior and senior"" [on defense]",,-0.0,height,-0.1446,0.692,0.591,0.794,19.6,0.136,-0.0224,-0.1341,0.0002,hand,-0.0371,blockers:0.0072|clemson:0.0072|as junior:0.0066|special teams:0.0047|blocks with:0.0038|earning all:0.0037|shoulder:0.0035|immediate impact:0.0034|stay:0.0031|translates:0.0029,needs to:-0.0068|plays on:-0.0049|defensive:-0.0046|team captain:-0.0039|scheme:-0.0039|can be:-0.0037,blocks:0.0082|running:0.0058|leaving:0.0056|kick:0.0054|linebacker:0.0054|senior:0.0053|on defense:0.0053|flow:0.0052|gap:0.0051|green:0.0046,active:-0.0057|defensive:-0.0049|tackling:-0.0049|snaps:-0.0047|adequate:-0.0042|play through:-0.0038
Dean Connors,RB,Houston,340,beast,roster_bubble,0.6,9.0,74.1,16.2,"""He shows patience and slashing quickness at the line and runs with downhill toughness to barrel through arm tackles"" [the line] || ""Overall, Connors is at his best in the screen game or when he finds an outside track to show off his short-area quickness and open-field acceleration."" [is at, an outside] || ""He is effective as a pass catcher (183 career targets in college) and cut down on his drops (one) and fumbles (one) in 2025. His weight distribution and technique need to be addressed for him to become serviceable in pass protection"" [down on]","""He is effective as a pass catcher (183 career targets in college) and cut down on his drops (one) and fumbles (one) in 2025. His weight distribution and technique need to be addressed for him to become serviceable in pass protection"" [need to, pass catcher] || ""Overall, Connors is at his best in the screen game or when he finds an outside track to show off his short-area quickness and open-field acceleration."" [screen game]",0.0517,0.513,0.0742,0.0639,height,-0.0,slide,89.0,6.3,4.7,,"""He is effective as a pass catcher (183 career targets in college) and cut down on his drops (one) and fumbles (one) in 2025. His weight distribution and technique need to be addressed for him to become serviceable in pass protection"" [and technique] || ""Connors was league MVP as a senior running back in 2020, but he went overlooked as a recruit (in part because his best season occurred in the middle of the COVID-19 pandemic). He played the 2021 season at Riverside City (Calif.) College and received an offer from Rice"" [the middle]",-0.0,height,-0.0,0.739,0.637,0.84,9.7,0.071,-0.0228,-0.1341,-0.0122,height,-0.0,targets:0.0037|track:0.0032|short area:0.0024|the line:0.0024|years:0.0023|in power:0.0022|quickness:0.0020|houston:0.0020|needs:0.0018|arm:0.0017,running:-0.0046|need to:-0.0038|become:-0.0033|screen game:-0.0029|pass catcher:-0.0023|best:-0.0021,running:0.0105|attended:0.0064|recruit:0.0062|as senior:0.0057|drops:0.0057|transfer:0.0051|tackles:0.0044|was standout:0.0036|getting:0.0032|originally:0.0029,track:-0.0085|dean:-0.0070|quickness:-0.0065|and technique:-0.0064|rushing:-0.0058|the middle:-0.0057
Khalil Dinkins,TE,Penn State,341,beast,53_man,2.0,60.2,18.0,19.8,,,0.147,-0.5246,0.4998,0.0248,3cone,0.3481,slide,94.5,4.1,1.3,"""As a blocker, Dinkins explodes through his hips and legs to create pop into contact"" [into contact] || ""Overall, Dinkins has the athletic traits and flashes to earn the “promising” label as both a pass catcher and blocker — his best football should be ahead of him"" [best football] || ""He shows strength in his hands to strain and finish, although he needs to stay balanced, especially when he is outsized on the edge"" [his hands]","""​ Underutilized pass catcher (never reached 50 receiving yards in a game)"" [yards in]",-0.0,40yd,0.2111,0.73,0.629,0.831,62.1,0.454,-0.0229,-0.1341,-0.0081,3cone,-0.0262,outside:0.0052|tackle:0.0050|feel:0.0047|zone:0.0040|tape:0.0035|his pass:0.0035|inside:0.0032|the edge:0.0027|was an:0.0024|hips and:0.0024,receiving:-0.0079|percent:-0.0062|gap:-0.0056|tight:-0.0049|finisher:-0.0043|catcher:-0.0032,into contact:0.0116|best football:0.0080|gap:0.0053|his hands:0.0051|pop:0.0049|can find:0.0047|scores:0.0047|to earn:0.0043|and flashes:0.0039|enough:0.0036,yards in:-0.0081|talent:-0.0061|athletic:-0.0060|catcher:-0.0059|track:-0.0058|him as:-0.0050
Lance Mason,TE,Wisconsin,342,beast,roster_bubble,0.7,15.3,58.6,25.4,,"""Though not explosive off the line or out of breaks, he is balanced in his route movements and has accepting hands to catch in stride"" [is balanced] || ""Lance Mason grew up in Rockwall, Texas, with his parents (Derek and Kara) and two brothers (Kaston and Evan). He was a three-year starter at Rockwall-Heath High School, where he played linebacker and tight end"" [year starter, high school]",0.0524,0.513,0.1561,0.1073,height,-0.0,slide,88.8,8.0,3.2,"""As a senior, he was the program’s MVP (39 catches for 603 yards and seven touchdowns) and helped lead the team to a 2021 district championship"" [yards and, catches for] || ""A no-star recruit in the 2022 class, he landed at FCS Missouri State, where he earned a starting spot as a freshman — and his impact grew each season"" [star recruit]","""Though not explosive off the line or out of breaks, he is balanced in his route movements and has accepting hands to catch in stride"" [of breaks]",-0.0,height,-0.0,0.728,0.627,0.829,16.0,0.116,-0.0231,-0.1341,-0.0206,height,-0.0,backside:0.0054|playside:0.0049|39:0.0042|grew:0.0034|the line:0.0031|wisconsin:0.0030|no star:0.0030|move:0.0028|level and:0.0024|blocker:0.0023,nfl:-0.0036|fbs:-0.0035|spot:-0.0032|undersized:-0.0031|impact:-0.0027|lead:-0.0025,yards and:0.0101|catches for:0.0097|star recruit:0.0096|linebacker:0.0075|senior:0.0075|touchdowns:0.0065|landed:0.0041|transferred:0.0036|wall off:0.0035|2021:0.0030,texas:-0.0069|the team:-0.0059|2022:-0.0058|each season:-0.0055|of breaks:-0.0051|helped:-0.0051
Ethan Onianwa,OT,Ohio State,343,beast,roster_bubble,2.0,12.1,62.8,23.1,"""He was a three-year starter at Rice before entering the transfer portal and receiving a lucrative NIL package from Ohio State"" [ohio state]","""However, he lost the starting right tackle battle during preseason camp and was used as a reserve guard in 2025 (just 96 offensive snaps). Onianwa is a massive human, with long arms, thickness in his quads and a tall, broad frame"" [long arms, offensive snaps, starting right] || ""He is an average athlete and has mediocre foot quickness to mirror speed in space, but his body control and bend help him get the job done"" [get the, average athlete, help him]",0.0528,0.513,-0.1829,0.1073,height,-0.0,slide,88.8,7.8,3.4,"""He attended Cinco Ranch High School, where he was a three-year starter on both the offensive and defensive lines — he earned all-district honors as a junior right tackle (also played baseball). A three-star recruit, he signed with Rice over Vanderbilt, SMU and several Ivy League programs"" [star recruit, signed with] || ""NFL scouts speak highly of his intelligence, work habits and 301 Back to table of contents character"" [speak highly]",,-0.0,height,-0.0,0.776,0.675,0.878,14.1,0.11,-0.0233,-0.1341,-0.0206,height,-0.0,ohio state:0.0056|before moving:0.0033|receiving:0.0032|his body:0.0027|line:0.0027|grew up:0.0026|years:0.0025|rice:0.0025|movement:0.0025|adding:0.0023,long arms:-0.0041|as junior:-0.0040|tackle:-0.0032|run game:-0.0031|was three:-0.0031|battle:-0.0027,star recruit:0.0087|attended:0.0076|guard:0.0063|transfer:0.0060|signed with:0.0058|speak highly:0.0054|moving:0.0045|force:0.0042|adding:0.0042|honors as:0.0040,ohio state:-0.0069|nfl scouts:-0.0064|baseball:-0.0053|flag:-0.0048|quickness:-0.0046|and receiving:-0.0045
Terion Stewart,RB,Virginia Tech,344,beast,roster_bubble,1.0,6.4,55.4,37.2,"""Stewart boasts eye-catching efficiency metrics, with missed-tackle-forced and yards-after-contact averages that rank near the top of the percentile charts"" [top of]",,0.0532,0.513,0.0742,0.3025,height,0.1299,slide,95.2,3.4,1.4,"""He has a compact, powerful build that allows him to bounce off contact and deploy a firm stiff arm"" [him to]","""At 5-foot-8, he has a shorter stride length that limits some build-up speed, though his acceleration is strong"" [up speed] || ""However, his tape can lack consistency and feel"" [and feel]",-0.0,height,0.298,0.716,0.615,0.818,7.4,0.053,-0.0234,-0.1341,-0.058,height,0.0115,missed:0.0043|receiving:0.0042|inconsistent:0.0039|eye:0.0031|sturdy:0.0028|arm:0.0025|thanks:0.0025|forced:0.0022|stiff:0.0022|significant:0.0021,lack:-0.0054|to earn:-0.0044|natural:-0.0037|flashing:-0.0029|vision and:-0.0026|tackle:-0.0025,drops:0.0087|earn:0.0064|stewart:0.0060|is strong:0.0050|his vision:0.0049|times but:0.0045|efficiency:0.0036|recognition:0.0034|yards after:0.0033|sturdy:0.0033,build:-0.0096|fumbles:-0.0077|acceleration:-0.0077|up speed:-0.0070|though:-0.0058|arm:-0.0057
Jalen Stroman,S,Notre Dame,345,beast,roster_bubble,0.6,7.1,70.6,21.7,,,0.0535,0.513,-0.585,0.0964,height,-0.0,slide,89.9,6.2,3.9,"""After transferring to Notre Dame for his final season, he lost his starting job three games into 2025 but rejoined the starting lineup for the season’s final two games"" [his final] || ""A three-star recruit, he considered offers from Duke, Syracuse and others but followed his brother’s footsteps and signed with Virginia Tech"" [signed with]","""Overall, Stroman has below-average on-ball production and projects best in the box because of his urgent demeanor to read run or pass and hustle to the play."" [the box] || ""After transferring to Notre Dame for his final season, he lost his starting job three games into 2025 but rejoined the starting lineup for the season’s final two games"" [notre dame]",-0.0,height,-0.0,0.697,0.596,0.798,7.7,0.054,-0.0236,-0.1341,-0.0185,height,-0.0,missed the:0.0037|history:0.0035|at virginia:0.0027|duke:0.0025|below:0.0021|pick:0.0020|grew:0.0018|batting:0.0017|played:0.0016|medical:0.0015,shoulder:-0.0060|safety:-0.0037|breakout season:-0.0034|run game:-0.0034|nfl:-0.0034|although:-0.0028,recruit he:0.0143|drops:0.0071|star:0.0068|his final:0.0067|signed with:0.0061|2024:0.0041|demeanor:0.0037|wide:0.0032|receiver at:0.0031|pick:0.0027,2018:-0.0099|syracuse:-0.0087|virginia:-0.0075|the box:-0.0067|notre dame:-0.0066|tackling:-0.0065
Aidan Hubbard,EDGE,Northwestern,351,beast,out_of_league,1.1,6.7,31.0,61.3,,,0.2159,1.655,0.0376,0.0355,40yd,1.2873,slide,94.3,3.0,2.7,"""​ Sturdy run defender who has play strength and knee bend to anchor"" [run defender]",,-0.0,40yd,0.199,0.744,0.643,0.845,7.8,0.058,-0.0246,-0.1341,-0.0247,hand,0.0424,knee:0.0095|blockers:0.0080|doesn:0.0046|junior and:0.0045|combine:0.0039|keeps:0.0038|with physical:0.0034|edge:0.0031|lock down:0.0028|run defender:0.0028,attempts:-0.0081|needs:-0.0070|history:-0.0061|motor:-0.0055|in school:-0.0049|improved:-0.0047,keeps:0.0096|rush:0.0096|blocks:0.0089|run defender:0.0052|attempts:0.0051|junior and:0.0045|late:0.0044|physical hands:0.0042|countering:0.0038|bull:0.0037,sacks:-0.0076|isn:-0.0061|consistent:-0.0055|combine:-0.0049|led the:-0.0047|bend:-0.0047
Miles Scott,S,Illinois,352,beast,53_man,0.6,42.3,23.0,34.1,,"""He is a fluid mover in space to turn and run with receivers or tight ends, although his ordinary speed does show at times"" [tight ends, in space]",0.1588,-0.5246,0.0815,0.0503,height,0.0,slide,96.5,2.3,1.3,"""A three-star recruit, Scott received mostly FCS attention (including a few offers), but he jumped at a preferred walk-on opportunity from Illinois"" [star recruit]",,-0.0,height,-0.0,0.701,0.6,0.802,42.9,0.301,-0.0248,-0.1341,-0.0164,height,-0.0,scott:0.0060|wide:0.0060|st:0.0042|defensive back:0.0039|during:0.0035|and run:0.0025|has only:0.0023|ball:0.0023|transferred to:0.0023|although:0.0022,tight ends:-0.0043|combined:-0.0033|throws:-0.0022|put on:-0.0022|continued:-0.0021|in space:-0.0020,star recruit:0.0080|wide:0.0059|green:0.0053|with burst:0.0038|he transferred:0.0036|his final:0.0035|stay on:0.0035|scott:0.0030|combined:0.0029|during:0.0029,the position:-0.0064|defensive back:-0.0060|tackling:-0.0057|adequate:-0.0049|ball:-0.0047|illinois:-0.0047
Mark Gronowski,QB,Iowa,353,beast,roster_bubble,1.4,10.8,64.8,23.0,,"""He has the play personality and makeup to compete for a backup role — especially given his physicality in short yardage — or even on special teams"" [on special, compete for] || ""​ Loses sight of lurking hole defenders; throws need to come out with better anticipation"" [need to]",0.0566,0.513,0.5572,-0.0121,height,-0.0,slide,87.8,7.9,4.3,,,-0.0,height,-0.0,0.757,0.655,0.858,12.2,0.092,-0.0249,-0.1341,0.0023,height,-0.0,passer:0.0036|especially:0.0034|inconsistent:0.0032|pocket:0.0031|arm:0.0029|national:0.0026|accuracy:0.0026|fcs:0.0025|sturdy:0.0023|captain:0.0023,iowa:-0.0032|nfl:-0.0028|need to:-0.0028|required:-0.0025|knee:-0.0025|on special:-0.0023,touchdowns:0.0063|leaving:0.0045|linebacker:0.0043|keeps:0.0042|blocks:0.0039|transfer:0.0038|caught:0.0038|usc:0.0037|he had:0.0032|speak:0.0031,records:-0.0081|arm:-0.0066|rushing:-0.0053|accuracy:-0.0048|iowa:-0.0047|athletic:-0.0046
Trebor Pena,WR,Penn State,356,beast,roster_bubble,0.2,9.3,64.3,26.1,"""State Mankato DNP DNP DNP DNP DNP DNP DNP DNP DNP DNP DNP DNP DNP 102 MICHAEL BRISCOE Cal Poly 6024 209 4.50 2.66 1.64 36 1/2 10'8"" 4.45 7.30 6 9 3/8 31 5/8 76 1/2 103 TJ SPEIGHT Monmouth 5091 168 4.49 2.54 1.56 33 10'1"" 4.17 7.15 7 8 7/8 30 1/4 72 1/2 104 TOMMY THOMAS Chadron State 6003 186 4.49 2.53 1.53 36 10'7"" 4.33 7.01 7 8 1/8 31 7/8 75 3/4 105 KEELAN MARION Miami 5115 190 4.56 2.67 1.62 DNP 9'6"" 4.19 6.97 6 8 5/8 30 7/8 74 1/2 106 JACOB GILL Iowa 5102 180 4.55 2.58 1.59 36 1/2 9'4"" 4.20 6.68 11 9 1/4 29 3/8 71 1/2 107 RAPHAEL WILLIAMS JR. Pittsburgh 5087 181 DNP DNP DNP DNP DNP DNP DNP 9 8 3/4 29 7/8 72 160 Back to table of contents NAME SCHOOL HEIGHT WEIGHT 40 YD 20 YD 10 YD VJ BJ SS 3-CONE BP HAND​ SIZE ARM​ LENGTH WING​ SPAN 108 JALIL FAROOQ Maryland 6004 205 4.62 2.73 1.61 30 9'5"" 4.50 7.39 9 8 3/4 31 75 1/4 109 RASHAD ROCHELLE Indiana State 5103 178 4.51 2.59 1.57 37 10'3"" 4.33 7.14 14 8 3/4 30 1/4 70 1/4 110 BEN PATTERSON UT Permian Basin 6042 223 4.45 2.56 1.57 35 1/2 10'3"" 4.46 7.28 14 8 1/2 34 81 1/4 111 ELIJAH METCALF Southern Miss 5074 164 4.47 2.59 1.50 38 1/2 9'10"" 4.37 7.07 16 8 1/2 29 3/8 69 112 KEAGAN JOHNSON New Mexico 5117 196 4.56 2.59 1.56 36 1/2 9'11"" 4.21 6.93 12 8 7/8 30 1/4 74 113 TERRILL DAVIS Oklahoma State 5107 195 4.62 2.75 1.59 39 10'04"" 4.37 7.05 16 8 3/8 29 71 1/4 114 DEUCE SPANN Pittsburgh 6023 201 4.40 2.54 1.63 38 10'04"" 4.58 7.48 8 9 3/8 33 3/4 80 1/2 115 TROND GRIZZELL California DNP DNP DNP DNP DNP DNP DNP DNP DNP DNP DNP DNP DNP 116 LATRELL CAPLES Boise State 5106 192 4.69 2.70 1.60 30 1/2 9'6"" 4.60 7.34 14 8 1/8 32 1/4 75 1/4 117 JAYLEEN RECORD Weber State 5070 170 4.52 2.60 1.53 41 10'7"" 4.35 7.33 23 7 3/4 28 3/8 68 3/4 118 SAM PHILLIPS Iowa 5074 174 4.51 2.61 1.55 36 1/2 9'7"" 4.28 6.86 12 8 5/8 30 72 1/2 119 MATTHEW HENRY Western Kentucky 5111 185 4.59 2.68 1.58 32 1/2 10'6"" 4.29 7.28 DNP 9 1/8 31 1/2 75 1/8 120 LIAM CLIFFORD Penn State 6011 200 4.57 2.66 1.63 33 9'3"" 4.36 7.26 19 8 5/8 29 5/8 72 3/4 121 DAEDAE REYNOLDS UNLV 6015 202 4.62 2.68 1.62 37 1/2 10'7"" 4.15 7.02 DNP 9 5/8 31 3/4 77 7/8 122 CASEY CAIN Liberty 6023 204 DNP DNP DNP 41 10'2"" 4.28 6.96 DNP 9 1/2 31 1/4 77 3/4 123 JONATHAN HARRIS McNeese State 5104 169 4.48 2.58 1.50 39 10'5"" 4.25 7.12 5 8 5/8 29 1/8 71 124 MICHAEL JACKSON III Purdue 5110 208 4.62 2.73 1.66 32 1/2 9'4"" 4.53 7.28 19 9 1/4 30 74 3/8 125 REYMELLO MURPHY UConn 5114 198 4.65 2.63 1.62 30 1/2 9'6"" 4.12 6.89 DNP 9 29 1/2 72 7/8 126 CORTEZ BRAHAM JR. Memphis 6015 203 4.55 2.55 1.56 32 9'3"" 4.52 7.52 DNP 8 7/8 33 78 3/8 127 KAJIYA HOLLAWAYNE Temple 6027 210 4.53 2.59 1.56 36 1/2 10'6"" 4.32 7.19 13 9 1/4 31 1/4 76 1/2 128 OMARI KELLY Michigan State 5111 190 4.56 2.63 1.62 34 1/2 9'9"" 4.58 7.15 DNP 9 33 1/8 78 1/8 129 SAHMIR HAGANS Duke 5110 188 4.50 2.64 1.51 33 1/2 10'0"" 4.25 6.88 16 9 29 1/8 72 3/4 130 MICHAEL FITZGERALD Wyoming 6054 218 4.62 2.72 1.63 32 1/2 10'1"" 4.42 6.90 12 9 5/8 35 3/4 83 131 ALEX BULLOCK South Dakota State 6017 202 4.60 2.70 1.58 39 1/2 10'6"" 4.34 7.13 11 9 3/8 30 5/8 76 132 RAYLEN SHARPE Arkansas 5085 173 4.55 2.70 1.56 37 10'6"" 4.28 6.96 17 9 5/8 29 5/8 72 1/2 133 KYRON HUDSON Penn State 6010 212 4.64 2.63 1.63 30 1/2 9'7"" 4.50 7.47 15 9 3/4 31 1/2 75 134 JACOB DE JESUS California 5060 174 4.59 2.71 1.62 32 1/2 9'6"" 4.28 7.22 13 8 5/8 27 3/4 66 7/8 135 LUKE COLELLA Villanova 5102 190 4.67 2.56 1.58 32 9'5"" 4.34 7.45 22 9 1/8 29 7/8 70 5/8 136 JOSH MEREDITH Washington State 5106 190 4.71 2.72 1.65 30 1/2 9'11"" 4.56 7.33 12 8 7/8 29 5/8 72 5/8 137 GARY BRYANT JR. Oregon 5104 196 4.71 2.78 1.67 29 1/2 9'7"" 4.40 7.22 DNP 9 29 7/8 71 5/8 138 JADEN RICHARDSON USC 6013 209 4.60 2.69 1.64 35 10'6"" 4.35 6.96 16 9 1/2 31 3/4 76 1/2 139 KEONTEZ LEWIS Oklahoma 6012 191 4.58 2.76 1.56 34 10'3"" 4.27 7.38 DNP 9 7/8 31 1/2 76 1/8 140 SHALEAK KNOTTS Maryland 6007 186 4.49 2.59 1.59 36 1/2 10'3"" 4.59 7.43 DNP 9 5/8 32 1/4 78 141 GABRIEL BENYARD Kennesaw State 5094 185 4.72 2.76 1.60 31 1/2 10'3"" 4.59 7.46 13 9 1/8 29 7/8 72 142 MANTE MORROW Upper Iowa 6025 209 4.46 2.57 1.59 35 9'10"" 4.62 7.64 DNP 10 1/8 33 3/8 80 5/8 143 JORDAN SMITH South Carolina State 5083 180 4.64 2.62 1.62 28 1/2 9'4"" 4.50 7.52 8 9 30 3/8 72 3/8 144 SCOTT WOODS Maine 5060 179 4.43 DNP 1.52 34 9'5"" 4.37 7.19 DNP 8 1/2 27 3/8 66 5/8 145 MALICK MEIGA Coastal Carolina 6032 205 4.45 2.56 1.51 36 1/2 10'6"" 4.34 7.08 20 9 3/8 33 78 1/2 146 NATE DEMONTAGNAC North Dakota 6021 188 4.56 2.65 1.58 33 1/2 10'2"" 4.22 6.91 10 9 1/2 32 76 7/8 147 JAKE MCCONNACHIE UMass 6045 218 4.58 2.56 1.57 37 10'9"" 4.20 6.84 10 8 7/8 34 1/4 80 7/8 148 ANDREL ANTHONY Duke 6005 187 4.58 2.68 1.56 29 DNP 4.32 6.97 DNP 9 32 1/4 77 5/8 149 OCTAVIAN SMITH JR. Maryland 5105 184 4.49 2.64 1.56 30 1/2 9'10"" 4.30 7.16 17 9 1/4 30 1/8 73 7/8 150 J.J. HESTER Kentucky 6032 206 4.56 2.68 1.63 35 10'3"" 4.33 7.33 17 9 1/4 32 7/8 77 1/8 151 JEREME OMBOGO North Park 5073 162 4.45 2.52 1.60 37 10'7"" 4.21 7.05 DNP 8 1/4 30 3/4 72 1/4 161 Back to table of contents NAME SCHOOL HEIGHT WEIGHT 40 YD 20 YD 10 YD VJ BJ SS 3-CONE BP HAND​ SIZE ARM​ LENGTH WING​ SPAN 152 PEYTON HIGGINS Troy 5083 173 4.64 2.59 1.50 31 1/2 9'6"" 4.19 7.07 12 9 27 5/8 68 3/4 153 JA'MORI MACLIN Kentucky 5106 183 4.51 2.60 1.54 33 1/2 9'10"" 4.18 7.31 11 9 3/8 29 5/8 70 1/2 154 JUSTUS ROSS-SIMMONS Syracuse 6022 205 4.71 2.63 1.63 34 9'9"" DNP 7.27 DNP 9 1/2 33 79 5/8 155 LEVI WENTZ Kansas 6023 199 4.57 2.67 1.63 34 1/2 10'5"" 4.31 7.03 DNP 9 7/8 31 1/2 76 5/8 156 ISAIAH GARCIA-CASTANEDA South Dakota State 5115 192 4.53 2.57 1.55 36 1/2 10'2"" 4.31 7.03 DNP DNP DNP DNP 157 CARL CHESTER Southern Miss 6033 203 4.57 2.63 1.56 31 1/2 09'08"" 4.42 7.21 DNP 8 7/8 32 3/8 77 1/2 158 TRAY TAYLOR Troy 5047 128 4.54 2.65 1.51 34 10'6"" 4.26 7.14 DNP 8 1/8 29 3/4 69 7/8 159 BROCK RECHSTEINER Jacksonville State 6011 222 4.48 2.57 1.58 36 10'2"" 4.48 7.21 25 9 30 3/4 73 3/4 160 BRANDON CHATMAN Navy 5071 174 4.59 2.60 1.55 35 1/2 10'0"" 4.15 6.84 10 9 29 3/8 70 1/4 161 KYRE DUPLESSIS Delaware 5101 193 4.64 2.69 1.64 32 9'5"" 4.44 7.21 15 9 1/2 31 73 3/4 162 MIKE WRIGHT JR. East Carolina 6024 195 4.56 2.62 1.56 30 1/2 9'2"" 4.59 7.21 11 8 1/2 32 1/2 76 1/4 163 RYLAN DAVISON Mercyhurst 5097 202 4.53 2.56 1.57 39 10'8"" 4.14 6.78 13 8 7/8 29 3/4 74 3/8 164 KOBE PAYSOUR North Carolina 6006 177 4.65 2.70 1.52 31 1/2 9'0"" 4.58 7.33 11 9 1/4 31 1/2 76 1/4 165 DAVID HAYES St"" [south carolina] || ""BEST OF THE REST NAME SCHOOL HEIGHT WEIGHT 40 YD 20 YD 10 YD VJ BJ SS 3-CONE BP HAND​ SIZE ARM​ LENGTH WING​ SPAN 56 MAX TOMCZAK Youngstown State 5110 193 4.50 2.48 1.54 34 1/2 9'5"" 4.01 6.68 12 9 29 3/8 71 3/8 57 DANE KEY Nebraska 6025 203 4.60 2.67 1.65 34 1/2 10'2"" 4.66 7.01 DNP 9 5/8 32 1/8 79 58 OMARI EVANS Washington 6000 190 4.28 2.52 1.53 41 10'7"" 4.25 6.95 15 8 7/8 30 3/4 72 1/8 59 MALIK MCCLAIN Arizona State 6042 205 4.46 2.61 1.54 40 11'4"" 4.18 6.78 17 8 3/4 34 80 1/8 60 E.J. WILLIAMS JR. Indiana 6033 203 4.50 2.65 1.60 36 10'7"" 4.31 7.15 11 10 33 1/2 80 3/4 61 BRADY BOYD Utah State 6013 195 4.38 2.56 1.54 40 10'10"" 4.38 6.97 9 9 30 3/4 74 3/4 62 MICHAEL WORTHAM Montana 5084 181 4.50 2.60 1.60 37 1/2 10'2"" 4.19 6.84 DNP 6.84 29 5/8 69 1/2 63 NICK DEGENNARO James Madison 5115 196 4.40 2.51 1.60 36 1/2 10'1"" 4.22 6.99 12 8 7/8 30 1/2 74 159 Back to table of contents NAME SCHOOL HEIGHT WEIGHT 40 YD 20 YD 10 YD VJ BJ SS 3-CONE BP HAND​ SIZE ARM​ LENGTH WING​ SPAN 64 NOAH SHORT Army 5114 193 4.43 2.53 1.56 39 10'5"" 3.99 6.72 19 9 1/4 29 1/2 73 1/4 65 HANK BEATTY Illinois 5102 179 4.57 2.60 1.63 34 10'0"" 4.27 7.07 10 9 1/4 29 71 66 KYLE DIXON Culver-Stockton 6024 220 4.50 2.58 1.53 40 1/2 10'11"" 4.51 7.05 15 9 31 7/8 78 67 CAMDEN BROWN Georgia Southern 6021 204 4.59 2.70 1.48 37 9'10"" 4.45 7.42 20 8 5/8 32 78 1/4 68 JONATHAN BRADY Indiana 5086 185 4.50 2.56 1.61 37 1/2 10'6"" 4.30 7.34 15 9 30 1/8 73 69 DANIEL SOBKOWICZ Illinois State 6023 190 4.60 2.56 1.53 37 1/2 10'1"" 4.09 6.61 DNP 9 1/8 31 77 1/8 70 KOLBE KATSIS Northern Arizona 6002 186 4.43 2.52 1.52 36 1/2 10'8"" 4.17 6.90 13 9 31 1/8 75 71 COREY RUCKER Arkansas State 6002 209 4.38 2.63 1.59 37 10'6"" 4.48 7.40 DNP 9 1/4 30 3/4 74 1/2 72 DEVIN VOISIN South Alabama 5100 178 4.50 2.57 1.57 35 1/2 9'11"" 4.14 6.81 DNP 9 29 3/8 69 1/4 73 EJ HORTON JR. Purdue 6000 183 4.40 2.64 1.63 35 10'04"" 4.33 7.09 13 9 1/4 31 1/4 75 74 DONAVON GREENE Virginia Tech 6014 200 4.46 DNP 1.53 43 1/2 11'6"" 4.44 7.02 DNP 10 1/4 33 3/8 79 7/8 75 DEMARCUS LACEY Marshall 5116 191 4.57 2.63 1.57 33 1/2 10'0"" 4.25 7.00 10 9 1/8 30 1/4 73 3/4 76 TRAYVON RUDOLPH Toledo 5097 182 4.30 2.41 1.53 38 1/2 9'10"" 4.09 6.81 8 8 5/8 30 5/8 73 3/8 77 KOBE PRENTICE Baylor 5095 184 4.37 2.51 1.58 36 10'3"" 4.50 7.16 12 9 1/8 30 1/8 73 5/8 78 O'MEGA BLAKE Arkansas 6015 191 4.65 2.69 1.61 35 10'3"" 4.38 7.28 12 10 1/4 32 1/4 77 1/4 79 JUNIOR VANDEROSS III Toledo 5077 180 4.63 2.51 1.55 31 1/2 9'5"" 4.50 7.13 DNP 9 1/8 31 5/8 72 80 NOAH THOMAS Georgia 6047 203 4.60 2.64 1.61 31 9'11"" 4.40 7.28 DNP 9 1/4 33 1/4 79 7/8 81 KOLE WILSON Baylor 5072 177 4.45 DNP DNP 38 1/2 10'9"" 4.08 6.86 21 8 7/8 30 71 3/4 82 CJ WILLIAMS Stanford 6007 203 4.53 2.68 1.58 35 10'8"" 4.47 7.40 14 9 3/4 30 5/8 77 83 LUKE WYSONG Arizona 5097 186 4.39 2.54 1.54 39 10'0"" 4.20 6.81 17 9 1/4 29 3/4 72 3/8 84 KYLON HARRIS Stephen F. Austin 5100 168 4.46 2.56 1.50 35 10'0"" 4.45 7.50 12 8 1/8 30 1/8 69 7/8 85 WESLEY GRIMES NC State 6020 194 4.46 2.61 1.49 35 10'6"" 4.11 6.84 12 9 31 3/8 76 1/8 86 MALIK RUTHERFORD Georgia Tech 5076 160 4.56 2.53 1.54 26 9'1"" 4.38 7.03 DNP 8 5/8 29 1/4 68 5/8 87 SETH ANDERSON Iowa 5113 180 4.52 2.58 1.52 42 10'8"" 4.20 6.73 9 9 1/2 31 1/8 75 1/8 88 JOSEPH MANJACK IV TCU 6021 197 4.51 2.58 1.59 36 1/2 10'2"" 4.15 6.84 9 9 1/8 31 1/4 75 5/8 89 JAYDEN BALLARD Wisconsin 6015 197 4.50 2.64 1.63 36 10'04"" 4.27 6.70 DNP 8 3/4 32 1/4 76 3/4 90 RARA THOMAS Troy 5117 205 4.60 2.62 1.50 34 10'2"" 4.52 7.28 DNP 9 7/8 32 1/2 78 1/2 91 JADEN BRADLEY UNLV 6032 203 4.55 2.62 1.63 36 10'5"" 4.25 7.10 DNP 9 1/4 31 1/2 76 5/8 92 SINCERE BROWN Colorado 6032 193 4.38 2.57 1.60 33 1/2 10'0"" 4.46 7.15 10 9 3/4 32 1/2 79 93 TREYVHON SAUNDERS Colgate 5080 179 4.51 2.59 1.51 38 9'10"" 4.38 7.00 18 8 7/8 28 1/4 69 94 CAM ROSS Virginia 5097 186 4.42 2.51 1.57 33 1/2 10'1"" 4.27 7.00 13 8 3/4 30 72 1/4 95 LE'MEKE BROCKINGTON Minnesota 5107 199 4.57 2.59 1.58 39 1/2 10'10"" 4.20 7.27 8 9 1/4 31 1/8 74 1/8 96 JAVIN WHATLEY Arizona 5094 172 4.39 2.59 1.55 31 1/2 9'9"" 4.45 7.08 DNP 8 1/4 28 1/2 71 1/8 97 JIMMY KIBBLE Georgetown 6004 199 4.45 2.69 1.59 36 10'1"" 4.34 7.05 17 8 7/8 30 1/4 73 7/8 98 AGIYE HALL Sacramento State 6024 200 4.54 2.65 1.62 38 10'10"" 4.53 7.04 DNP 10 33 3/8 81 3/8 99 RYAN DAVIS Utah 5101 176 4.68 2.68 1.56 34 10'1"" 4.16 7.16 DNP 9 30 3/8 74 1/2 100 KRIS HUTSON Arizona 5091 183 4.63 2.70 1.68 34 9'5"" 4.44 7.35 14 8 1/4 29 1/4 72 1/4 101 TRESHAWN WATSON Minn"" [height weight, the rest] || ""His production declined, but he led the Nittany Lions in catches and receiving yards"" [in catches, production declined]",,0.0577,0.513,0.413,0.4001,height,-0.0,slide,93.6,4.6,1.8,,,-0.0,height,-0.0,0.586,0.485,0.688,9.6,0.056,-0.0254,-0.1341,-0.0767,height,-0.0,34:0.0039|39:0.0036|55:0.0034|54:0.0032|32:0.0028|43:0.0027|thomas:0.0027|35:0.0025|36:0.0024|56:0.0024,williams:-0.0057|brown:-0.0046|size:-0.0021|louisiana:-0.0019|returner:-0.0016|thompson:-0.0015,florida:0.0069|miss:0.0052|davis:0.0050|24:0.0050|harris:0.0049|51:0.0048|41:0.0047|80:0.0044|29:0.0044|tennessee:0.0043,jackson:-0.0092|40:-0.0066|oklahoma:-0.0065|30:-0.0056|washington:-0.0048|texas:-0.0047
Wesley Bissainthe,LB,Miami (FL),358,beast,roster_bubble,1.3,21.8,50.2,26.8,"""He spends too much time attached to blockers when he runs into contact in the box, but he shines on the edges, where he can track, drive and finish"" [he can]","""Poor ball production — just three passes defended in 41 starts"" [passes defended] || ""He has adequate feel in coverage, although stiff movements keep him from making consistent plays on the football"" [in coverage]",0.0585,0.513,-0.2178,0.1289,vert_jump,0.96,slide,92.7,3.4,3.8,"""He spends too much time attached to blockers when he runs into contact in the box, but he shines on the edges, where he can track, drive and finish"" [into contact] || ""He has adequate feel in coverage, although stiff movements keep him from making consistent plays on the football"" [in coverage] || ""A three-year starter at Miami, Bissainthe played the Mike linebacker position in defensive coordinator Corey Hetherman’s 4-2-5 base scheme"" [mike linebacker]","""He spends too much time attached to blockers when he runs into contact in the box, but he shines on the edges, where he can track, drive and finish"" [the box]",-0.0,vert_jump,-0.0874,0.675,0.574,0.777,23.0,0.155,-0.0258,-0.1341,-0.0247,hand,-0.018,improved:0.0073|targets:0.0040|keep:0.0036|point:0.0035|his body:0.0025|line:0.0025|national:0.0023|straight:0.0023|scheme:0.0022|showed:0.0019,passes defended:-0.0041|in coverage:-0.0038|special:-0.0032|bigger:-0.0029|to take:-0.0026|energy:-0.0025,into contact:0.0077|found:0.0068|in coverage:0.0067|mike linebacker:0.0065|as senior:0.0062|his hands:0.0057|blocks:0.0057|point:0.0053|solid:0.0053|41:0.0050,adequate:-0.0103|ethic:-0.0078|consistent:-0.0059|ball:-0.0059|the box:-0.0058|acceleration:-0.0054
Tristan Leigh,OT,Clemson,363,beast,roster_bubble,0.6,11.5,56.6,31.3,"""Tristan Leigh, who has two siblings, grew up in Fairfax, Va"" [grew up] || ""Ultimately, he chose Clemson (over Alabama, LSU, Ohio State and Oklahoma) and became a three-year starter at left tackle"" [ohio state, and became] || ""Leigh grew up playing basketball and soccer until his mother finally allowed him to commit to football in seventh grade (his father helped coach his team). He attended Robinson Secondary School, where his football career took off — he was a three-year starter on varsity and twice earned all-state honors at left tackle"" [at left]","""He isn’t a mauler in the run game, and his balance tends to be inconsistent through contact, but he can cover up to get the job done"" [run game]",0.0604,0.513,-0.1829,0.0747,height,-0.0,slide,95.7,2.8,1.4,"""NFL scouts speak highly of his leadership and the pro mindset he brings to maximize his talent"" [speak highly]","""He has adequate quickness off the ball and in space to answer pass rushers, although his hand placement needs to be more consistent"" [pass rushers]",-0.0,height,-0.0,0.767,0.666,0.869,12.0,0.092,-0.0266,-0.1341,-0.0143,height,-0.0,grew up:0.0043|needs:0.0033|ohio state:0.0032|inconsistent:0.0029|at left:0.0028|line:0.0026|lower body:0.0025|mother:0.0025|potential:0.0024|cover:0.0022,run game:-0.0052|center:-0.0047|long arms:-0.0040|nfl:-0.0037|angles:-0.0034|tackle:-0.0032,recruit he:0.0130|attended:0.0123|running:0.0070|star:0.0062|tends:0.0061|shoulders:0.0053|speak highly:0.0052|alabama:0.0043|lsu:0.0042|football in:0.0036,left tackle:-0.0090|oklahoma:-0.0087|talent:-0.0071|allowed:-0.0063|father:-0.0061|nfl scouts:-0.0061
Skyler Thomas,S,Oregon State,364,beast,53_man,1.4,37.2,31.0,30.4,,"""In coverage, he needs to do a better job with his spacing relationships but has a cornerback background and can match up with size down the seam, especially from zone"" [match up, better job] || ""​ Inconsistent making plays on the ball"" [plays on]",0.1716,-0.5246,0.0815,0.012,height,0.0,slide,95.9,1.9,2.3,"""In coverage, he needs to do a better job with his spacing relationships but has a cornerback background and can match up with size down the seam, especially from zone"" [in coverage] || ""He arrived as a cornerback before shifting to safety, and he overcame an ACL injury to become a productive starter as a junior and senior"" [to safety] || ""He is a physical run defender and is comfortable working from the box, where he plays through blocks and closes on the ball"" [blocks and]","""NFL scouts can’t talk about him without also mentioning how much he invested in his teammates and the program"" [nfl scouts]",-0.0,height,-0.0,0.682,0.581,0.783,38.6,0.263,-0.0268,-0.1341,-0.0039,height,-0.0,cornerback:0.0060|long arms:0.0045|in all:0.0043|zone:0.0042|leads:0.0034|his teammates:0.0034|practice:0.0034|sets:0.0031|become:0.0028|rather:0.0024,the box:-0.0038|safety and:-0.0031|tight:-0.0030|skill:-0.0025|cut:-0.0025|senior captain:-0.0024,in coverage:0.0074|to safety:0.0061|senior:0.0055|blocks and:0.0055|24:0.0054|acl:0.0053|run defender:0.0050|starter as:0.0046|tackles:0.0043|staying:0.0039,match:-0.0063|nfl scouts:-0.0052|the box:-0.0052|tackling:-0.0051|tackler:-0.0047|great:-0.0047
Will Pauling,WR,Notre Dame,367,beast,roster_bubble,0.7,15.2,73.4,10.7,,,0.0619,0.513,0.413,0.335,height,-0.0,slide,91.7,5.5,2.9,"""A three-star recruit, he signed with former head coach Luke Fickell at Cincinnati, where he played for two years"" [star recruit, signed with] || ""William “Will” Pauling, the youngest of three children, was born and raised in the Homewood-Flossmoor community (south of Chicago) by his parents (Gerald and Eugenia). He was a quarterback for the junior Vikings as a kid before moving to wide receiver for the Vikings at Homewood-Flossmoor High School (where his father played QB and graduated in 1985). As a junior, Will accounted for 1,184 all-purpose yards and 20 touchdowns, earning second-team all-area"" [yards and]",,-0.0,height,-0.0,0.642,0.541,0.743,15.9,0.102,-0.0273,-0.1341,-0.0642,height,-0.0,second:0.0054|his career:0.0033|coach:0.0033|before moving:0.0033|receiving:0.0032|skills but:0.0031|wisconsin:0.0026|years:0.0025|say:0.0025|body:0.0024,brown:-0.0055|need to:-0.0042|junior:-0.0042|on special:-0.0035|slot receiver:-0.0032|wide:-0.0032,yards and:0.0087|star recruit:0.0083|senior:0.0064|touchdowns:0.0056|signed with:0.0056|shoulders:0.0053|wide:0.0049|moving:0.0043|mike:0.0038|purpose:0.0033,athletic:-0.0070|notre dame:-0.0060|quarterback:-0.0051|skills but:-0.0050|building:-0.0046|quickness:-0.0044
Delby Lemieux,IOL,Dartmouth,368,beast,roster_bubble,0.7,13.1,53.9,32.2,"""— Plays with tight hand-placement and delivers decent pop at the point of attack to uproot targets on angle-drive blocks"" [the point, of attack] || ""He later was a team captain and two-time All-American"" [team captain] || ""However, NFL power and length will bully him until he makes the proper improvements to protect his chest"" [power and]","""— Will need to kick inside as part of his transition to the next level, though he made zero collegiate starts along the interior."" [need to, his transition] || ""Overall, Lemieux is a tackle-to-center projection at the next level, with balance issues but intriguing smarts, urgency and snap-and-step quickness"" [next level, balance issues]",0.0622,0.513,-0.1829,-0.0446,height,-0.0,slide,95.9,3.0,1.1,"""— Plays with tight hand-placement and delivers decent pop at the point of attack to uproot targets on angle-drive blocks"" [attack to, on angle] || ""A no-star recruit, Lemieux flew under the radar during the recruiting process and committed to Dartmouth, his only Division I offer"" [star recruit] || ""Overall, Lemieux is a tackle-to-center projection at the next level, with balance issues but intriguing smarts, urgency and snap-and-step quickness"" [next level]",,-0.0455,height,-0.0,0.785,0.683,0.886,13.9,0.109,-0.0274,-0.1341,0.0086,height,-0.0,team captain:0.0037|targets:0.0034|power and:0.0031|the point:0.0030|of attack:0.0026|in more:0.0024|grew up:0.0022|initial:0.0021|no star:0.0021|years:0.0021,kick:-0.0041|center:-0.0040|tackle:-0.0038|need to:-0.0035|timing:-0.0024|run:-0.0023,as senior:0.0091|blocks:0.0084|chest:0.0078|star recruit:0.0070|attack to:0.0065|boston:0.0065|kick:0.0055|extension:0.0055|next level:0.0054|on angle:0.0053,left tackle:-0.0076|quickness:-0.0062|timing:-0.0057|defensive lineman:-0.0048|40:-0.0048|initial:-0.0046
Miles Kitselman,TE,Tennessee,371,beast,roster_bubble,1.1,11.2,66.0,21.7,"""After one season at Hutchinson (Kan.) Community College, he received interest from FBS programs, including an offer from Alabama and former head coach Nick Saban"" [season at, including an, former head] || ""He spent two seasons in Tuscaloosa before transferring to Tennessee for more playing time"" [to tennessee] || ""Overall, Kitselman has overachieved at every level"" [every level]",,0.0634,0.513,0.1561,0.1289,vert_jump,0.847,slide,96.0,2.1,1.9,"""A no-star recruit in the 2021 class, he almost gave up on football before giving junior college a try"" [star recruit]","""His execution and mindset as a run blocker are the keys to him doing the same in the NFL. Kitselman has the size and build of an NFL tight end, giving him a solid floor as a rosterable player"" [nfl tight]",-0.0,vert_jump,-0.0771,0.724,0.623,0.825,12.3,0.089,-0.0279,-0.1341,-0.0247,hand,-0.0093,blocker:0.0047|to tennessee:0.0036|line:0.0031|gave:0.0030|no star:0.0029|move:0.0028|season at:0.0028|giving:0.0026|every level:0.0023|including an:0.0023,nfl:-0.0050|size:-0.0048|seasons in:-0.0040|fbs:-0.0034|pass catcher:-0.0030|class he:-0.0029,tennessee:0.0114|star recruit:0.0095|giving:0.0094|solid:0.0063|spent:0.0059|alabama:0.0049|value:0.0044|an offer:0.0037|before transferring:0.0037|making:0.0035,adequate:-0.0058|nfl tight:-0.0056|seasons in:-0.0054|caliber:-0.0053|blocker:-0.0051|basketball:-0.0048
Donaven Mcculley,WR,Michigan,372,beast,roster_bubble,0.4,28.1,57.4,14.1,"""​ Climbs the ladder to make plays over the top of defenders"" [top of]","""Though he has draftable talent, he will need to land with a coaching staff committed to getting the best football out of him"" [need to, the best, coaching staff] || ""A good-sized athlete, McCulley has limited experience at wide receiver, which is evident in his inconsistent pacing and tendency to forecast route breaks"" [route breaks, experience at, which is]",0.0638,0.513,0.413,0.3133,vert_jump,0.8739,slide,73.4,4.5,22.1,"""Though he has draftable talent, he will need to land with a coaching staff committed to getting the best football out of him"" [best football]","""Because of his body length, he casts a wide net as a target to pull down throws from the clouds in jump-ball situations, although his unsteady ball skills result in both “wow” catches and discouraging drops"" [body length]",-0.0,broad_jump,-0.9711,0.573,0.472,0.674,28.5,0.163,-0.0281,-0.1341,-0.0601,hand,-0.067,percent:0.0059|body:0.0057|targets:0.0037|struggled:0.0032|history:0.0029|pull:0.0028|corners:0.0028|press:0.0028|inconsistent:0.0026|deep:0.0024,wide receiver:-0.0040|need to:-0.0038|long arms:-0.0036|special:-0.0030|large:-0.0026|route breaks:-0.0026,drops:0.0095|best football:0.0082|recruit:0.0061|wide:0.0061|shoulders:0.0047|defenders:0.0044|committed:0.0041|shield:0.0037|enough:0.0037|getting:0.0032,body length:-0.0084|to match:-0.0071|talent:-0.0062|staff:-0.0053|below average:-0.0049|coaching:-0.0046
Tyre West,EDGE,Tennessee,373,beast,roster_bubble,0.5,20.9,57.0,21.5,,"""He would often overthink things earlier in his career, according to an NFL scout, but his confidence developed over his senior year, which boosted his on-field impact"" [senior year] || ""He needs to win fast, because he will struggle to disengage, which also limits his impact plays in the run game"" [run game]",0.0641,0.513,-0.1792,0.1615,height,-0.0,slide,95.4,3.4,1.2,"""Tyre (tie-REE) Deshaun West, who has three siblings, grew up in the small town of Tifton, Ga., with his parents (Corey West and Sarina Barthell). A four-star recruit, he had several high-profile offers and initially committed to Georgia during his junior year before flipping 379 Back to table of contents to Tennessee on signing day"" [committed to]",,-0.0,height,-0.0,0.711,0.61,0.812,21.5,0.153,-0.0283,-0.1341,-0.031,height,-0.0,body:0.0052|west:0.0045|to tennessee:0.0032|heavy:0.0030|penetrating:0.0024|three technique:0.0021|his ability:0.0021|increased:0.0021|needs:0.0020|arm:0.0019,impact:-0.0040|senior year:-0.0034|small:-0.0032|run game:-0.0032|nfl:-0.0031|natural:-0.0028,recruit he:0.0135|tennessee:0.0103|senior:0.0067|averaged:0.0066|committed to:0.0066|star:0.0064|tackles:0.0052|edge rusher:0.0046|offers and:0.0045|unlikely:0.0045,west:-0.0078|snaps:-0.0059|sacks:-0.0052|gives:-0.0045|ton:-0.0045|arm:-0.0044
Romello Brinson,WR,SMU,374,beast,roster_bubble,0.2,7.0,80.2,12.6,"""The focus drops pile up, though (his career drops more than doubled his career touchdown catches). Overall, Brinson lacks desired play strength and route nuance, but his downfield ability makes him dangerous — especially at the third level of the field — and should stand out in camp"" [his career]","""158 Back to table of contents Brinson's slender build and lack of NFL-caliber athleticism mean that, to stick in the league as a “Z” receiver, he will need to significantly improve his catch consistency both in contested situations and on routine targets"" [lack of]",0.0645,0.513,0.413,0.3892,height,-0.0,slide,93.9,4.3,1.8,"""As a junior, he accounted for 43 catches for 834 yards and eight touchdowns"" [yards and, catches for] || ""A four-star recruit, Brinson spurned offers from Alabama, Georgia and others to play for his hometown Hurricanes"" [star recruit] || ""He can make the first man miss to turn short throws into big gains"" [make the]",,-0.0,height,-0.0,0.628,0.527,0.729,7.2,0.045,-0.0284,-0.1341,-0.0746,height,-0.0,his career:0.0063|targets:0.0047|especially:0.0035|eight:0.0035|downfield:0.0034|focus:0.0032|43:0.0032|turn:0.0031|james:0.0028|years:0.0028,lack of:-0.0053|need to:-0.0048|as junior:-0.0045|athleticism:-0.0026|nfl caliber:-0.0022|best:-0.0021,drops:0.0122|yards and:0.0099|catches for:0.0094|star recruit:0.0094|attended:0.0081|miss:0.0078|as senior:0.0072|touchdowns:0.0064|make the:0.0057|stand:0.0055,caliber:-0.0052|building:-0.0052|though:-0.0048|high cut:-0.0046|career touchdown:-0.0045|back to:-0.0045
Aaron Hall,DL,Duke,376,beast,roster_bubble,0.8,7.0,64.8,27.4,"""He can work up and down the line and burst to close when chasing wide pursuit"" [he can]","""Overall, Hall needs to play with more consistent pad level and hand usage, but his slashing quickness and effort can disrupt backfield action."" [play with, more consistent, backfield action]",0.0653,0.513,-0.2056,0.1723,height,-0.0,slide,95.9,3.3,0.9,"""His hands are active as a pass rusher to swipe and work through the shoulders of blockers"" [his hands] || ""He added more than 50 pounds once in the program and became a starter over his junior and senior seasons"" [junior and]",,-0.0,height,-0.0,0.679,0.577,0.78,7.9,0.053,-0.0288,-0.1341,-0.033,height,-0.0,line:0.0047|needs to:0.0036|hall:0.0033|of attack:0.0033|utah:0.0029|team captain:0.0028|aaron:0.0027|gaps and:0.0026|shown:0.0025|duke:0.0023,play with:-0.0049|junior:-0.0044|usage:-0.0042|run game:-0.0032|added:-0.0028|energy:-0.0027,recruit he:0.0135|hall:0.0109|attended:0.0075|senior:0.0067|star:0.0064|tends:0.0063|his hands:0.0061|of attack:0.0059|shoulders:0.0055|junior and:0.0052,sacks:-0.0087|active:-0.0071|work:-0.0060|energy:-0.0049|quickness:-0.0045|basketball:-0.0043
Ahmari Harvey,CB,Georgia Tech,377,beast,roster_bubble,1.3,29.1,39.4,30.3,,"""Overall, Harvey is an instinctive player with developed toughness, although his lack of top-tier size, speed and burst will be limiting factors versus NFL athletes."" [lack of]",0.0656,0.513,0.1989,0.1615,40yd,-0.7257,slide,93.1,2.8,4.1,"""He also qualified for states in the long jump (21 feet 1.5 inches). 557 Back to table of contents A four-star recruit, he committed to Auburn (over Florida, Florida State, LSU and Texas A&M) but struggled and almost walked away from football"" [committed to] || ""He made improvements as a run defender in 2025, although it can be a challenge for him to get bigger receivers on the ground"" [run defender] || ""Overall, Harvey is an instinctive player with developed toughness, although his lack of top-tier size, speed and burst will be limiting factors versus NFL athletes."" [an instinctive]",,-0.0,broad_jump,-0.9087,0.651,0.55,0.752,30.3,0.198,-0.0289,-0.1341,-0.031,hand,-0.0205,florida:0.0051|off coverage:0.0041|struggled:0.0038|press:0.0034|needs to:0.0022|limiting:0.0021|four star:0.0020|georgia:0.0019|state:0.0019|technique:0.0018,lack of:-0.0051|although:-0.0046|as junior:-0.0043|nfl:-0.0033|running:-0.0033|bigger:-0.0033,florida:0.0233|recruit he:0.0140|running:0.0075|committed to:0.0068|star:0.0066|run defender:0.0063|an instinctive:0.0058|for him:0.0048|lsu:0.0045|top tier:0.0040,defensive:-0.0064|texas:-0.0064|age:-0.0047|kansas:-0.0046|track:-0.0043|size speed:-0.0042
Chris Hilton,WR,LSU,379,beast,roster_bubble,0.6,27.8,61.9,9.8,"""Hilton was a standout football and track star at Zachary High, where he won several state titles in sprints and jumps (personal best of 10.85 seconds in the 100-meter dash). 155 Back to table of contents A four-star recruit, he was the top-ranked receiver in LSU’s 2021 class (ahead of Malik Nabers and Brian Thomas Jr.). Multiple injuries sidetracked his early career, however, as he struggled to find a consistent role beyond being a deep threat"" [the top, titles in]","""He has limited return experience but played more on special teams in 2025. Overall, Hilton’s NFL grade is based entirely on speed and potential, as he couldn’t put together a full season as a starter at LSU (mostly because of injuries). He is a developmental vertical threat — but needs a lot of work."" [on special, season as, put together]",0.0664,0.513,0.413,0.3459,vert_jump,0.8762,slide,95.5,2.9,1.6,"""A limited snap count hindered his ability to develop as a route runner, and he was also up and down with his hands — his success rate nosedived when defenders crowded his air space"" [his hands]",,-0.0,vert_jump,-0.0798,0.65,0.549,0.752,28.4,0.184,-0.0293,-0.1341,-0.0663,wingspan,0.0199,thomas:0.0044|struggled:0.0040|deep:0.0031|track:0.0029|potential:0.0027|vertical:0.0026|the top:0.0024|developmental:0.0023|needs:0.0022|four star:0.0021,on special:-0.0040|injuries:-0.0036|air:-0.0033|season as:-0.0030|ahead:-0.0028|lsu:-0.0027,recruit he:0.0150|star:0.0120|return:0.0113|lsu:0.0082|his hands:0.0068|was standout:0.0046|looks:0.0038|chris:0.0036|find:0.0034|mostly:0.0032,track:-0.0078|ranked:-0.0059|grade:-0.0051|back to:-0.0046|being:-0.0046|crowded:-0.0045
Austin Brown,S,Wisconsin,380,beast,out_of_league,0.7,34.7,27.7,36.9,,"""He sifts well as a key-and-drive run defender, but his missed tackles add up (see the 2025 Oregon tape). Overall, Brown has functional size, strength and athleticism for the position, and NFL teams love his physicality and intangibles, but you’d like there to be more impact plays on his tape."" [plays on]",0.2584,1.655,0.4036,0.0176,height,0.0,slide,91.0,6.7,2.3,"""He was named first-team all-state while playing quarterback, running back, wide receiver and safety (87 tackles and five interceptions as a senior). A three-star recruit, Brown garnered offers from Iowa, Michigan and others before committing to Wisconsin"" [star recruit] || ""He sifts well as a key-and-drive run defender, but his missed tackles add up (see the 2025 Oregon tape). Overall, Brown has functional size, strength and athleticism for the position, and NFL teams love his physicality and intangibles, but you’d like there to be more impact plays on his tape."" [run defender] || ""608 Back to table of contents Playing boundary safety and “big” nickel, he can find the ball but tends to play on his heels and lacks zone anticipation (zero career interceptions). He has some twitch in his lower half in man coverage, although he tends to be late reacting"" [can find]",,-0.0,height,-0.0,0.697,0.595,0.798,35.4,0.247,-0.0294,-0.1341,-0.0122,height,-0.0,boundary:0.0068|brown:0.0059|lacks:0.0049|missed tackles:0.0041|size:0.0039|tape:0.0039|run defender:0.0035|position:0.0031|and others:0.0031|key:0.0031,plays on:-0.0068|wisconsin:-0.0067|playing:-0.0044|zone:-0.0043|quarterback:-0.0040|interceptions:-0.0039,tends:0.0117|tackles:0.0097|star recruit:0.0095|running:0.0080|as senior:0.0073|run defender:0.0067|can find:0.0062|late:0.0056|fan:0.0055|his physicality:0.0036,buckeyes:-0.0057|illinois:-0.0056|add:-0.0047|and nfl:-0.0046|back to:-0.0046|ohio state:-0.0045
Kentrel Bullock,RB,South Alabama,385,beast,roster_bubble,1.1,14.9,64.9,19.2,"""Bullock is a sixth-year running back who began his college career at Ole Miss, where he played sparingly as a backup for three seasons before transferring to South Alabama and emerging as the team’s lead back"" [college career, for three] || ""Bullock is a straightforward, downhill runner who offers reliability but lacks the creativity and agility to create in open space consistently"" [agility to, open space] || ""In pass protection, he possesses the strength to deliver some impactful blocks, but his technique can be erratic"" [can be]","""He has limited experience as a receiver, and that lack of creativity with the ball likely contributes to his minimal usage in the passing game"" [lack of, usage in]",0.0687,0.513,0.0742,0.1181,weight,0.1067,slide,96.8,2.2,1.0,"""Those traits show up most clearly on runs between the tackles in man- and gap-scheme concepts, where his rushing efficiency is noticeably stronger than on zone runs"" [and gap]","""Bullock is a sixth-year running back who began his college career at Ole Miss, where he played sparingly as a backup for three seasons before transferring to South Alabama and emerging as the team’s lead back"" [the team]",-0.0,weight,-0.0567,0.742,0.64,0.843,16.0,0.118,-0.0303,-0.1341,-0.0226,weight,0.0028,college career:0.0044|gap scheme:0.0029|can be:0.0025|zone runs:0.0023|agility to:0.0023|for three:0.0021|south:0.0020|technique:0.0020|frequently:0.0016|leg drive:0.0015,center:-0.0055|lack of:-0.0055|usage in:-0.0050|running:-0.0035|receiver and:-0.0030|likely:-0.0027,ole:0.0104|tackles:0.0103|running:0.0086|miss:0.0084|drops:0.0078|blocks:0.0072|solid:0.0067|and gap:0.0057|creativity:0.0055|alabama:0.0053,the team:-0.0062|center of:-0.0053|gravity:-0.0051|build:-0.0051|foot:-0.0050|leg drive:-0.0050
Brent Austin,CB,California,388,beast,roster_bubble,1.1,30.5,43.9,24.5,,"""He led the FBS last season in forced incompletions (17), allowed only 45.8 percent completions when targeted and had a crucial punch-out forced fumble at the goal line to beat North Carolina"" [north carolina] || ""​ Very quiet on and off the field, but has reliable compete skills"" [on and]",0.0698,0.513,0.1989,0.1832,height,-0.0,slide,88.9,7.0,4.1,"""He is competitive and tough-minded, both in coverage and versus the run, although his mediocre play strength will be more noticeable when facing NFL talent"" [in coverage]",,-0.0,height,-0.0,0.649,0.548,0.75,31.6,0.205,-0.0308,-0.1341,-0.0351,height,-0.0,percent:0.0053|play strength:0.0027|below:0.0026|missed:0.0026|wilcox:0.0024|catch:0.0023|forced:0.0023|tough:0.0023|line:0.0021|caught:0.0021,brown:-0.0045|fbs:-0.0040|passes defended:-0.0035|knee:-0.0031|austin:-0.0030|versus:-0.0029,florida:0.0084|in coverage:0.0056|carolina:0.0055|senior:0.0053|caught:0.0047|late to:0.0044|tough:0.0039|off man:0.0038|austin:0.0037|for him:0.0036,below average:-0.0078|testing:-0.0069|talent:-0.0058|timing:-0.0055|allowed:-0.0051|scouts:-0.0045
Zach Durfee,EDGE,Washington,392,beast,roster_bubble,0.6,28.6,40.3,30.5,,,0.0713,0.513,-0.1792,0.1832,height,-0.0,slide,93.3,5.0,1.6,"""After he sent out highlight videos, Division II Sioux Falls gave him a chance as an edge rusher"" [edge rusher]",,-0.0,height,-0.0,0.703,0.602,0.804,29.2,0.205,-0.0314,-0.1341,-0.0351,height,-0.0,can be:0.0031|history:0.0027|missed:0.0027|line:0.0022|gave:0.0022|leg:0.0021|move:0.0020|state:0.0018|spin:0.0018|per game:0.0017,lack:-0.0072|the run:-0.0041|dominant:-0.0041|although he:-0.0039|as junior:-0.0034|safety:-0.0028,transfer:0.0084|edge rusher:0.0064|attended:0.0062|as senior:0.0055|averaged:0.0055|stand up:0.0053|in 2021:0.0040|double:0.0037|meaningful:0.0036|force:0.0035,threaten:-0.0062|washington:-0.0062|basketball:-0.0061|athletic:-0.0060|position he:-0.0046|baseball:-0.0044
Namdi Obiazor,LB,TCU,398,beast,roster_bubble,1.6,11.7,51.5,35.1,"""A three-year starter at TCU, Obiazor played inside linebacker in defensive coordinator Andy Avalos’ 4-2-5 base scheme"" [linebacker in] || ""A 190-pound safety out of high school, he started out at junior college before transferring to Fort Worth, bulking up and moving to linebacker in 2023. He was a dependable player for the Horned Frogs, posting 80-plus tackles each of the past three years"" [past three] || ""He is quick to scrape and maneuver his way through traffic, showing contact balance despite a noticeable lack of length"" [contact balance]",,0.0736,0.513,-0.2178,0.1073,vert_jump,0.9603,slide,76.4,3.6,20.0,"""​ Enough quickness to shadow tight ends and backs in coverage"" [in coverage] || ""Gets focused on blocks — needs to better see through to the ball carrier"" [on blocks] || ""Overall, Obiazor has only average instincts versus both the run and pass, but his pursuit speed and compete skills lead to production"" [only average]","""He is quick to scrape and maneuver his way through traffic, showing contact balance despite a noticeable lack of length"" [his way]",-0.0,broad_jump,-1.1306,0.627,0.526,0.728,13.3,0.084,-0.0324,-0.1341,-0.0206,hand,-0.0754,linebacker in:0.0048|moving:0.0026|inconsistent:0.0026|clear:0.0024|years:0.0022|better:0.0021|vertical:0.0020|scheme:0.0020|showing:0.0019|experienced:0.0018,doesn play:-0.0052|lead to:-0.0048|timing:-0.0042|lack of:-0.0041|enough:-0.0036|versus:-0.0031,linebacker:0.0100|return:0.0089|enough:0.0064|in coverage:0.0063|on blocks:0.0061|tends:0.0055|only average:0.0053|he started:0.0052|shadow:0.0050|solid:0.0050,timing:-0.0104|noticeable:-0.0059|tackler:-0.0050|coaching:-0.0048|carrier:-0.0043|fight:-0.0040
Dillon Wade,IOL,Auburn,399,beast,out_of_league,1.1,31.1,31.0,36.7,"""With his initial quickness and movement ability, Wade can quickly gain the upper hand in pass pro or be an asset on pulls/climbs in the run game"" [run game]",,0.2862,1.655,0.3298,0.0206,40yd,1.0848,slide,96.5,2.1,1.5,"""​ Solid technique in pass sets to strike and rework his hands"" [his hands]",,-0.0,40yd,0.1677,0.757,0.656,0.859,32.2,0.244,-0.0326,-0.1341,-0.0143,wingspan,-0.0087,position:0.0057|run game:0.0055|sets:0.0048|guard:0.0040|easily:0.0039|lacks:0.0038|stay:0.0033|auburn:0.0031|gain:0.0029|doesn:0.0026,zone:-0.0056|experienced:-0.0043|tackle:-0.0038|pull:-0.0038|technique:-0.0037|cover:-0.0036,guard:0.0089|his hands:0.0088|caught:0.0086|sec:0.0068|blocks:0.0052|defenders:0.0050|solid:0.0048|linemen:0.0043|experienced at:0.0042|of position:0.0038,athletic:-0.0104|quickness:-0.0065|works:-0.0059|technique:-0.0057|balance:-0.0052|initial:-0.0048
Kapena Gushiken,S,Mississippi,400,beast,roster_bubble,1.1,29.5,47.9,21.5,,,0.0743,0.513,-0.585,0.0747,height,-0.0,slide,97.7,1.1,1.2,"""A no-star recruit, he signed with Saddleback Community College in Southern California"" [signed with] || ""Lining up primarily at cornerback, he earned all-conference honors as a junior, but he missed the second half of the season because of a broken collarbone"" [primarily at]",,-0.0,height,-0.0,0.701,0.599,0.802,30.6,0.214,-0.0328,-0.1341,-0.0143,height,-0.0,second:0.0054|years:0.0042|missed the:0.0034|no star:0.0025|body:0.0024|breakdown:0.0023|cover:0.0022|signed with:0.0021|juco:0.0020|having:0.0019,special:-0.0056|junior:-0.0042|boundary:-0.0037|senior year:-0.0033|angles and:-0.0032|lead to:-0.0032,recruit he:0.0129|star:0.0103|signed with:0.0094|ole:0.0084|attended:0.0072|miss:0.0068|primarily at:0.0066|nickel:0.0065|juco:0.0053|height and:0.0042,ethic:-0.0080|washington:-0.0072|athletic:-0.0069|outstanding:-0.0045|ideal:-0.0045|instincts:-0.0042
Cash Jones,RB,Georgia,401,beast,roster_bubble,0.6,32.1,48.7,18.5,"""Cashion “Cash” Jones grew up in Brock, Texas, with his parents (Wayne and Leigh Anne; Cashion is also his mother’s maiden name). Jones is vice president of his family’s trucking and cement company (“Cash Jones Ready Mix”). He followed in the footsteps of his older brother (Tripp) and grew up playing multiple sports — he credits his brother for developing his toughness"" [grew up] || ""He attended Brock High School and became the first athlete in school history to letter in four sports (baseball, basketball, football and track). Jones earned all-state honors as a senior and set a school record for all-time rushing yards (he also was part of a track state title in the 4x200 relay). A three-star recruit, he received a handful of FBS offers and committed to New Mexico State"" [school history, also was] || ""However, he changed his mind and opted for a preferred walk-on opportunity at Georgia (he received NIL benefits over his college career, instead of being put on scholarship). Jones was a rotational running back who made an impact on passing downs and special teams"" [college career]",,0.0747,0.513,0.0742,0.0856,height,-0.0,slide,96.3,2.1,1.6,"""He attended Brock High School and became the first athlete in school history to letter in four sports (baseball, basketball, football and track). Jones earned all-state honors as a senior and set a school record for all-time rushing yards (he also was part of a track state title in the 4x200 relay). A three-star recruit, he received a handful of FBS offers and committed to New Mexico State"" [committed to]",,-0.0,height,-0.0,0.725,0.624,0.826,32.8,0.237,-0.0329,-0.1341,-0.0164,height,-0.0,grew up:0.0041|college career:0.0036|school history:0.0030|track:0.0024|skills and:0.0022|state:0.0020|georgia:0.0016|protection in:0.0016|south:0.0016|name:0.0015,kick:-0.0078|special:-0.0053|jones:-0.0030|nfl:-0.0028|running:-0.0028|earn:-0.0027,recruit he:0.0119|kick:0.0102|jones:0.0071|attended:0.0066|running:0.0064|as senior:0.0059|drops:0.0059|committed to:0.0058|star:0.0056|tackles:0.0046,texas:-0.0092|track:-0.0062|rushing yards:-0.0057|baseball:-0.0047|the first:-0.0044|basketball:-0.0039
Seydou Traore,TE,Mississippi State,409,beast,roster_bubble,1.0,25.2,64.7,9.1,"""Seydou (Say-Do) “Ziko” Traore (TRY-or-A) was born in France, but grew up in London (his mother is French-Algerian; his father is from the Ivory Coast). He grew up playing soccer and was a standout goalie before giving football a chance and falling in love with the sport"" [grew up, was born] || ""After bouncing between receiver and tight end, he posted consistent production as a junior and senior in the SEC. Despite a slightly undersized frame, Traore is rocked-up and muscular through his arms, chest and lower body"" [lower body] || ""A three-star recruit, Traore heard from Florida State, Memphis and Iowa State, but only Arkansas State offered him"" [but only, offered him]",,0.0777,0.513,0.1561,0.0964,height,-0.0,slide,97.4,1.8,0.9,"""He played for Clearwater Academy International as a 210-pound wide receiver and caught 26 passes for 433 yards and three touchdowns in an abbreviated schedule"" [yards and] || ""A three-star recruit, Traore heard from Florida State, Memphis and Iowa State, but only Arkansas State offered him"" [star recruit] || ""He had a breakout sophomore year in 2022 and transferred to Colorado (over Utah) in January 2023. However, he reentered the portal after 2023 spring practices, saying he wanted a better fit"" [he had]","""He had a breakout sophomore year in 2022 and transferred to Colorado (over Utah) in January 2023. However, he reentered the portal after 2023 spring practices, saying he wanted a better fit"" [in 2022]",-0.0,height,-0.0,0.715,0.614,0.816,26.2,0.187,-0.0343,-0.1341,-0.0185,height,-0.0,grew up:0.0039|targets:0.0036|catch:0.0025|utah:0.0025|state:0.0024|caught:0.0023|lower body:0.0022|years:0.0022|potential:0.0021|better:0.0021,mississippi:-0.0065|receiver and:-0.0039|as junior:-0.0035|athleticism:-0.0034|senior year:-0.0029|screen game:-0.0028,florida:0.0088|mississippi:0.0085|yards and:0.0075|star recruit:0.0071|he had:0.0070|sec:0.0066|senior:0.0055|memphis:0.0051|transfer:0.0049|caught:0.0049,talent:-0.0102|the middle:-0.0055|in 2022:-0.0053|catches of:-0.0041|20 plus:-0.0039|spring:-0.0037
Chris Adams,IOL,Memphis,413,beast,roster_bubble,0.3,32.9,40.6,26.1,,"""Overall, Adams has functional size, aggression and movement ability for the next level, but his lack of control currently limits his football ceiling"" [lack of, next level] || ""Though his lunging also becomes an issue in the run game, he executes with physicality when he stays connected to steer his man"" [run game, issue in]",0.0793,0.513,-0.1829,0.1289,vert_jump,0.5061,slide,85.7,6.0,8.4,"""BEST OF THE REST NAME SCHOOL HEIGHT WEIGHT 40 YD 20 YD 10 YD VJ BJ SS 3-CONE BP HAND​ SIZE ARM​ LENGTH WING​ SPAN 31 TREVONTE SYLVESTER Louisville 6052 294 5.11 2.99 1.73 29 1/2 09'08"" 4.69 7.69 DNP 9 3/8 34 82 32 JOE COOPER Slippery Rock 6063 323 5.54 3.20 1.87 28 1/2 9'2"" 4.68 8.08 23 10 1/8 31 3/4 81 33 ALEX WOLLSCHLAEGER Kentucky 6061 305 5.06 2.86 1.73 32 9'0"" 4.75 7.47 30 9 1/4 33 1/2 82 34 COREY ROBINSON Arkansas 6044 311 5.37 3.10 1.94 29 1/2 9'2"" 4.82 8.06 23 9 5/8 34 1/2 83 5/8 35 ISAIAH JATTA BYU 6053 293 5.13 2.97 1.82 27 1/2 9'1"" 4.94 7.85 DNP 9 1/4 34 1/8 83 7/8 36 DEREK SIMMONS Oklahoma 6050 295 5.26 3.04 1.88 24 8'4"" 4.94 8.21 18 9 5/8 33 1/8 78 1/4 37 CHRISTIAN JONES San Diego State 6087 349 5.66 3.29 1.96 26 1/2 8'0"" 4.96 8.05 21 10 1/4 36 3/4 88 7/8 38 RYAN MOSESSO UMass 6044 300 4.94 2.82 1.67 28 9'4"" 4.81 7.95 23 10 3/8 34 1/8 81 258 Back to table of contents NAME SCHOOL HEIGHT WEIGHT 40 YD 20 YD 10 YD VJ BJ SS 3-CONE BP HAND​ SIZE ARM​ LENGTH WING​ SPAN 39 RYAN SCHERNECKE Kutztown 6067 318 5.18 3.08 1.77 24 1/2 9'2"" 4.70 7.60 30 11 33 7/8 82 3/8 40 MELVIN PRIESTLY Illinois 6030 317 5.56 3.13 1.95 24 7'8"" 5.06 DNP 18 9 5/8 32 1/4 77 1/2 41 MASON MURPHY Auburn 6051 315 5.31 3.08 1.87 27 9'1"" 4.82 8.02 22 10 1/8 34 3/8 81 1/8 42 PAUL RUBELT UCF 6104 313 4.99 2.88 1.79 32 09'08"" 4.68 8.01 26 10 35 7/8 83 1/4 43 ALBERT REESE IV Mississippi State 6066 330 5.21 2.97 1.90 28 8'9"" 4.95 8.08 29 10 1/4 34 7/8 84 1/4 44 RASHEED MILLER Louisville 6065 301 5.21 2.99 1.69 25 1/2 8'5"" 4.90 7.99 20 9 3/4 36 3/4 87 45 GUNNAR HANSEN Florida State 6045 311 5.35 3.06 1.90 27 8'6"" 4.64 7.74 25 10 3/8 33 3/8 81 46 REUBEN UNIJE UCLA 6055 326 5.62 3.33 1.97 24 7'9"" 4.93 DNP 25 9 3/4 35 5/8 85 5/8 47 CHRISTIAN HILBORN Washington State 6050 313 5.25 2.97 1.85 29 8'10"" 5.05 7.34 25 9 1/4 33 1/8 81 3/8 48 JT CORNELIUS Monmouth 6056 297 5.20 2.97 1.83 29 9'4"" 4.94 8.15 19 10 1/4 33 7/8 82 49 JIMTO OBIDEGWU North Texas 6042 320 5.54 3.15 1.91 22 1/2 8'1"" 5.08 8.28 21 11 3/8 34 1/2 82 1/2 50 DAIN WALTER Wis.-La Crosse 6052 304 5.23 2.95 1.84 29 8'11"" 4.65 7.65 15 10 5/8 33 5/8 79 3/4 51 CANNON PANFILOFF Montana 6043 304 5.61 3.18 1.93 28 1/2 8'4"" 4.90 8.00 23 9 5/8 33 3/4 80 52 DA'METRIUS WEATHERSPOON Syracuse 6057 306 5.39 3.15 1.85 30 1/2 8'11"" 4.85 7.86 23 9 1/4 34 82 53 TYLER MILLER Iowa State 6086 324 5.21 3.05 1.84 29 1/2 9'9"" DNP DNP 27 10 1/8 34 1/8 82 3/8 54 SHIYAZH PETE Kentucky 6086 309 5.46 3.08 1.89 26 1/2 8'0"" 5.08 8.06 18 10 5/8 34 1/8 84 1/4 55 ELI SIMONSON UC Davis 6061 298 5.25 3.03 1.89 28 1/2 9'9"" 4.95 7.96 26 10 3/4 33 1/8 81 1/8 56 DEONDRE BUFORD Cincinnati 6045 323 5.61 3.21 1.94 26 1/2 8'4"" 4.85 7.83 19 9 3/4 33 7/8 81 5/8 57 MARTES LEWIS Northwestern 6065 325 5.30 3.10 1.85 22 1/2 7'9"" 5.02 8.20 15 10 1/2 34 84 1/8 58 TREVOR BROCK Buffalo 6052 316 5.68 3.08 1.88 21 1/2 8'0"" 5.10 8.19 17 9 3/8 34 83 1/2 59 BRUNO FINA Duke 6046 306 5.45 3.10 1.81 29 8'9"" 4.94 7.85 10 9 1/4 32 3/8 80 7/8 60 JEFF PERSI Pittsburgh 6076 312 5.82 3.31 2.04 25 7'8"" 5.00 8.40 16 9 1/2 33 1/4 81 1/2 61 CHANDLER BROWN Colorado State 6031 323 5.25 3.08 1.92 25 8'2"" 4.90 8.33 19 10 34 1/4 80 62 DODJI DAHOUE Eastern Michigan 6091 295 DNP DNP DNP DNP DNP DNP DNP 25 9 3/8 33 1/2 82 7/8 63 FELIX LEPPER Germany (IPP) 6076 327 5.44 3.11 1.84 25.5 8'5"" 4.76 8.47 21 10 35 85 64 GAVIN HULET Lindenwood 6047 305 5.07 2.95 1.75 30 9'5"" 4.76 7.75 19 9 32 1/2 79 3/8 65 REUBEN FATHEREE II Texas A&M 6073 331 DNP DNP DNP 23 1/2 DNP 4.98 DNP 25 9 3/8 35 85 3/8 66 TUNDE FATUKASI Bowling Green 6043 321 5.51 3.15 1.90 32 1/2 9'0"" 4.72 7.57 28 9 1/2 34 3/8 82 7/8 67 JAKE POPE Illinois State 6060 301 5.54 3.15 1.83 25 1/2 8'5"" 4.93 7.92 14 9 5/8 34 1/2 82 1/4 68 LAEKIN VAKALAHI New Zealand (IPP) 6047 327 DNP DNP DNP DNP DNP DNP DNP DNP 11 1/4 34 5/8 82 1/4 69 DYLAN RAY Minnesota 6060 311 5.32 3.07 1.90 29 1/2 8'11"" 4.62 7.64 31 9 5/8 33 5/8 80 7/8 70 DALTON MERRYMAN Houston 6076 319 5.07 2.88 1.83 25 8'11"" 5.07 7.89 13 9 1/4 33 7/8 81 7/8 71 TY BUCHANAN Arizona 6056 323 DNP DNP DNP DNP DNP DNP DNP 28 9 32 1/2 79 3/4 72 LIAM WORTMANN Colorado State 6025 298 5.30 2.99 1.81 30 1/2 9'2"" 4.63 7.98 15 9 7/8 32 3/4 78 73 ADAM DOLAN Ball State 6084 313 5.56 3.00 1.87 31 1/2 8'8"" 4.98 DNP 18 10 3/4 34 7/8 83 3/4 74 KAMAR MISSOURI UTSA 6052 311 5.13 3.00 1.77 30 9'0"" 4.93 7.97 22 9 1/2 33 3/8 80 3/4 75 DIEGO BARAJAS Temple 6053 299 DNP DNP DNP DNP DNP DNP DNP 21 8 7/8 32 7/8 79 1/8 76 DERRICK GRAHAM Tulane 6040 309 5.22 2.90 1.82 24 1/2 8'3"" 4.90 7.91 22 9 7/8 33 3/8 81 77 ERICK CADE Missouri State 6055 334 5.87 3.70 1.98 31 1/2 9'6"" 5.50 DNP 33 10 1/4 35 5/8 84 7/8 78 LUKE PAINTON UMass 6074 321 DNP DNP DNP 31 DNP DNP DNP 22 9 1/4 34 3/8 79 5/8 79 IZUCHUKWU OZOH Northern Illinois 6045 288 5.25 2.95 1.84 33 1/2 9'4"" 4.82 7.89 21 9 1/4 33 1/4 79 1/8 80 THOMAS BUXTON Rhode Island 6043 313 5.35 3.07 1.84 31 1/2 8'3"" 4.97 8.13 24 10 32 1/4 80 1/4 81 PARIS SMITH JR. Lenoir-Rhyne DNP DNP DNP DNP DNP DNP DNP DNP DNP DNP DNP DNP DNP 82 ZACH VAUGHAN Western Michigan 6055 309 5.34 3.06 1.85 28 1/2 8'0"" 4.91 7.77 17 9 1/4 33 1/4 79 83 SHEDRICK RHODES JR. Ohio 6040 309 5.26 2.94 1.80 27 8'11"" 4.56 8.15 18 9 3/4 34 1/8 82 1/8 259 Back to table of contents NAME SCHOOL HEIGHT WEIGHT 40 YD 20 YD 10 YD VJ BJ SS 3-CONE BP HAND​ SIZE ARM​ LENGTH WING​ SPAN 84 ELI SUTTON Austin Peay 6064 308 5.49 3.20 1.91 25 8'3"" 5.12 8.29 13 9 3/4 33 7/8 81 7/8 85 SAVION BYRD SMU 6036 294 5.17 3.02 1.81 24 8'8"" 5.28 DNP 17 10 1/4 34 83 1/4 86 ISAIA GLASS Vanderbilt 6043 306 5.27 3.06 1.80 27 1/2 8'2"" DNP 8.28 DNP DNP DNP DNP 87 JAMES MILOVALE Hawaii 6052 328 5.60 3.19 1.94 27 1/2 8'0"" 5.15 DNP 19 10 1/4 33 7/8 81 1/8 88 JORDAN HERMAN Sacramento State 6060 339 DNP DNP DNP DNP DNP DNP DNP 12 9 1/2 34 7/8 84 1/8 89 BROCK BETHEA Rhode Island 6035 314 5.59 3.12 1.86 28 7'6"" 5.33 DNP 18 9 1/8 34 1/4 83 1/4 90 CAMERON FOSTER Incarnate Word 6021 325 5.45 3.21 1.82 28 8'8"" 5.32 8.07 25 10 35 85 3/8 91 TYLER MCDUFFIE Marshall 6092 339 5.61 3.01 1.71 27 7'6"" 5.19 8.40 17 9 3/4 35 5/8 85 1/4 92 JAYSON ROUSE Black Hills State 6040 313 5.25 3.06 1.87 29 8'9"" 4.85 8.10 24 9 7/8 34 1/4 81 1/8 93 AIDAN MEEK Sacramento State 6051 303 5.45 3.19 1.96 24 8'1"" 4.90 7.92 24 8 3/4 32 1/8 77 1/2 94 KEVIN CLINE Boston College 6062 316 5.50 3.14 1.79 28 1/2 8'2"" 4.84 8.13 31 9 1/4 33 1/8 83 1/2 95 ANDRES DEWERK Ohio 6055 328 5.35 2.94 1.83 27 8'7"" 4.78 8.53 23 10 1/4 33 1/8 81 1/4 96 BRUNO ONWUAZOR Virginia State 6066 317 5.56 3.29 1.94 27 8'3"" 5.12 8.53 15 10 3/4 35 5/8 86 1/2 97 SCARLEE JEAN Florida Atlantic 6036 326 5.44 3.07 1.68 25 1/2 8'9"" 5.16 8.44 27 10 34 81 7/8 98 BRYCE HENDERSON Vanderbilt 6076 330 5.32 3.00 1.78 25 1/2 8'5"" 4.80 8.18 23 10 5/8 34 3/4 83 5/8 99 SIDNEY FUGAR Baylor 6043 349 5.35 3.06 1.81 25 8'2"" 5.07 8.25 23 9 7/8 33 3/8 83 100 PERCY LEWIS Ole Miss 6072 391 5.38 3.08 1.90 22 1/2 7'7"" 5.23 8.47 19 10 3/8 35 3/4 89 1/4 101 IKE OJUKWU East Texas A&M 6056 341 DNP DNP DNP DNP DNP DNP DNP 24 9 3/8 34 1/8 83 1/8 102 JAKAI MOORE North Carolina 6053 305 5.18 2.97 1.78 29 1/2 8'10"" 4.78 7.83 22 10 1/4 34 3/4 82 3/8 103 DESMOND DANIELS Alabama State 6047 304 DNP DNP DNP DNP DNP DNP DNP 20 9 3/8 33 1/4 81 104 JASON LALIBERTE St"" [boston college]",,-0.0,broad_jump,-0.913,0.715,0.614,0.817,33.3,0.238,-0.0349,-0.1341,-0.0247,hand,-0.03,34:0.0054|24:0.0031|32:0.0030|35:0.0028|18:0.0026|54:0.0026|39:0.0025|adams:0.0024|19:0.0023|25:0.0023,williams:-0.0026|size:-0.0023|become:-0.0021|brown:-0.0019|lack of:-0.0016|iowa:-0.0015,florida:0.0092|24:0.0089|80:0.0058|boston college:0.0054|davis:0.0054|miss:0.0049|28:0.0045|29:0.0043|memphis:0.0035|51:0.0033,jackson:-0.0099|40:-0.0062|texas:-0.0062|oklahoma:-0.0050|30:-0.0045|85:-0.0043
Jackie Marshall,DL,Baylor,416,beast,out_of_league,0.5,20.5,24.3,54.7,,,0.311,1.655,0.3248,0.0206,wingspan,-0.1434,slide,98.3,1.3,0.4,"""​ Too many missed tackles on tape"" [missed tackles] || ""​ Hands, feet and hips lack cohesion as a pass rusher, leaving him stuck on blocks"" [on blocks] || ""He is quick off the ball and has strength in his hands, but he lacks refinement as a pass rusher, which is reflected in his lack of backfield production"" [his hands]",,-0.0,3cone,0.1896,0.627,0.526,0.728,21.0,0.132,-0.0354,-0.1341,-0.0143,3cone,-0.0541,marshall:0.0057|work:0.0055|run game:0.0046|as junior:0.0044|flashes:0.0044|lacks:0.0040|baylor:0.0035|missed tackles:0.0033|size:0.0031|true:0.0027,experienced:-0.0045|can be:-0.0042|moving:-0.0038|linebacker:-0.0035|moves:-0.0033|defensive:-0.0030,as pass:0.0068|rusher:0.0065|missed tackles:0.0065|leaving:0.0065|on blocks:0.0064|extension:0.0062|linebacker:0.0062|his hands:0.0056|run defender:0.0055|caught:0.0055,ethic:-0.0076|ball:-0.0058|work:-0.0055|to add:-0.0052|holding:-0.0051|muscle:-0.0046
Cian Slone,EDGE,NC State,417,beast,roster_bubble,0.9,36.9,40.9,21.3,"""High cut and thin through midsection and lower body"" [lower body, high cut] || ""Good use of shoulder turn to slice gaps and disrupt run-game flow"" [gaps and] || ""More physical than strong — can be engulfed by blockers on the edge"" [can be]",,0.0808,0.513,-0.1792,0.2157,height,-0.0,slide,98.5,0.8,0.7,"""However, that white-hot motor also leads to whiffs (17 missed tackles in 2025). Overall, Slone is an effort-based player with a developing pass rush skill, but he comes with questions about his best scheme/positional fit"" [missed tackles]",,-0.0,height,-0.0,0.678,0.576,0.779,37.8,0.256,-0.0356,-0.1341,-0.0414,height,-0.0,missed:0.0045|point:0.0031|below:0.0027|motor:0.0026|pocket:0.0024|turn:0.0023|pitt:0.0022|lower body:0.0022|years:0.0021|gaps and:0.0021,although:-0.0036|leads to:-0.0034|safety:-0.0028|pass:-0.0028|shoulder:-0.0027|nfl:-0.0026,missed tackles:0.0098|rush:0.0064|linebacker:0.0055|flow:0.0054|defender:0.0051|memphis:0.0051|of attack:0.0048|point:0.0047|role in:0.0046|play speed:0.0045,below average:-0.0081|threaten:-0.0061|talent:-0.0060|athletic:-0.0059|nc state:-0.0054|flexibility:-0.0046
Tyreek Chappell,CB,Texas A&M,433,beast,roster_bubble,0.9,37.9,45.0,16.2,"""He showed the ability to maintain body position downfield and find the ball for breakup opportunities"" [body position] || ""After missing almost all the 2024 season because of a knee injury, he moved to nickel as a senior in 2025. Chappell’s move from outside corner to nickel forced him to become more of a student of the game, so he could handle varying responsibilities, from run fits to coverage duties"" [after missing] || ""Tyreek Chappell (shuh-PELL) grew up in Philadelphia and started playing football at age 4. His father (Merrill), who coached him from little league (Oxford Circle Raiders) through high school, first introduced him to football"" [playing football]","""Overall, Chappell has the reactionary quickness and mentality to compete for a depth role at corner or nickel, although his lack of desired size and explosiveness could be limiting factors"" [lack of, compete for, could be] || ""Though he plays more physically than he looks, that also leads to grabby actions"" [he plays]",0.0868,0.513,0.1989,0.194,height,-0.0,slide,99.1,0.4,0.5,"""After missing almost all the 2024 season because of a knee injury, he moved to nickel as a senior in 2025. Chappell’s move from outside corner to nickel forced him to become more of a student of the game, so he could handle varying responsibilities, from run fits to coverage duties"" [the 2024]",,-0.0,height,-0.0,0.645,0.544,0.747,38.7,0.25,-0.0383,-0.1341,-0.0372,height,-0.0,downfield:0.0030|old:0.0030|body position:0.0027|aggies:0.0026|fits:0.0026|years:0.0025|move:0.0024|after missing:0.0021|showed:0.0020|limiting:0.0019,lack of:-0.0047|size:-0.0041|returner:-0.0038|knee:-0.0038|become:-0.0037|all the:-0.0036,recruit he:0.0130|returner:0.0075|attended:0.0072|running:0.0070|miss:0.0069|nickel:0.0065|the 2024:0.0064|as senior:0.0064|star:0.0062|tackles:0.0050,match:-0.0074|seeing snaps:-0.0062|texas:-0.0059|adequate:-0.0051|ideal:-0.0045|school:-0.0045
Gary Smith,DL,UCLA,439,beast,roster_bubble,0.4,29.4,45.1,25.0,"""Although his change-of-direction movements are stiff, his weight loss showed in the quickness he displayed pursuing ball carriers up and down the line (career-high 40 tackles in 2025). His pass-rush attempts stall out quickly, and he is much better at controlling the point of attack than generating movement"" [the point, of attack] || ""After missing the 2024 season, Smith lost 20 pounds and set personal bests in the weight room (700-pound squat). He had his best season in 2025. Smith is a wide-framed nose with the body thickness and low pads to become a boulder in the trenches"" [weight room, after missing] || ""But he doesn’t just take up room — he will use his aggressive hands and raw strength to deconstruct single blocks"" [strength to, aggressive hands]","""Gary Smith III grew up south of Nashville, Tenn., with his mother (Telisha Sparrow). He was part of four straight playoff appearances at Shelbyville Central High School, and he earned all-state honors as a senior (101 tackles). A three-star recruit, he considered several SEC offers (Ole Miss, South Carolina, Vanderbilt) before committing to Duke during his senior year"" [senior year] || ""Although his change-of-direction movements are stiff, his weight loss showed in the quickness he displayed pursuing ball carriers up and down the line (career-high 40 tackles in 2025). His pass-rush attempts stall out quickly, and he is much better at controlling the point of attack than generating movement"" [tackles in]",0.0891,0.513,-0.2056,0.0856,40yd,-0.6232,slide,96.0,2.3,1.7,"""After missing the 2024 season, Smith lost 20 pounds and set personal bests in the weight room (700-pound squat). He had his best season in 2025. Smith is a wide-framed nose with the body thickness and low pads to become a boulder in the trenches"" [the 2024] || ""After two seasons, he entered the transfer portal (after former coach David Cutcliffe mutually parted ways with the program). He committed to UCLA, as did fellow Duke transfer Jake Bobo"" [committed to] || ""Although his change-of-direction movements are stiff, his weight loss showed in the quickness he displayed pursuing ball carriers up and down the line (career-high 40 tackles in 2025). His pass-rush attempts stall out quickly, and he is much better at controlling the point of attack than generating movement"" [of attack]",,-0.0,broad_jump,-1.0623,0.667,0.566,0.768,29.8,0.199,-0.0393,-0.1341,-0.0164,3cone,-0.0443,duke:0.0041|the point:0.0039|of attack:0.0034|attempts:0.0033|south:0.0031|line:0.0029|weight room:0.0027|movement:0.0027|body:0.0026|better:0.0026,doesn:-0.0046|become:-0.0040|nose:-0.0038|senior year:-0.0036|run game:-0.0034|he committed:-0.0033,recruit he:0.0137|transfer:0.0103|ole:0.0089|tackles:0.0089|sec:0.0081|nose:0.0079|miss:0.0073|senior:0.0068|the 2024:0.0068|committed to:0.0067,bests:-0.0064|40:-0.0060|room:-0.0053|quickness:-0.0046|doesn:-0.0045|being:-0.0042
David Blay,DL,Miami (FL),444,beast,roster_bubble,0.2,17.9,47.1,34.8,"""He stays light on his feet for a big man, with the short-area quicks and active hands to swipe/rip his way through gaps"" [through gaps] || ""BEST OF THE REST NAME SCHOOL HEIGHT WEIGHT 40 YD 20 YD 10 YD VJ BJ SS 3-CONE BP HAND​ SIZE ARM​ LENGTH WING​ SPAN 41 UAR BERNARD Nigeria (IPP) 6045 306 4.66 2.65 1.60 39 10'10"" 4.59 8.13 31 11 35 3/4 85 5/8 42 DOMINIC BAILEY Tennessee 6023 301 5.12 2.95 1.76 27 1/2 8'5"" 5.00 DNP 20 9 5/8 33 7/8 82 3/8 43 KEVIN JOBITY JR. Syracuse 6044 308 5.03 2.88 1.69 32 8'8"" 4.64 7.59 22 10 33 1/4 80 7/8 44 ZAYLIN WOOD Vanderbilt 6010 277 4.69 2.68 1.60 31 1/2 09'08"" 4.47 7.47 30 9 3/4 30 3/8 74 3/8 45 TJ BURKE Lehigh 6012 305 5.03 2.92 1.72 31 9'3"" 4.56 7.59 38 9 1/8 31 1/4 75 1/8 46 JEFFREY M'BA SMU 6050 310 5.13 2.94 1.82 DNP 8'8"" 4.88 8.06 22 10 5/8 33 7/8 80 47 JAHMEER CARTER Virginia 6023 300 5.19 2.93 1.78 29 8'11"" 4.75 7.93 31 10 1/4 31 3/4 77 1/4 48 GABRIEL RUBIO Notre Dame 6051 321 5.26 3.03 1.85 26 8'9"" 4.87 7.62 26 10 33 5/8 81 1/4 49 TOMMY DUNN JR. Kansas 6031 291 5.10 2.94 1.75 29 9'1"" 4.60 7.69 31 9 1/2 31 3/4 76 50 COLE BREVARD Texas 6026 343 5.13 2.82 1.70 25 1/2 8'11"" 5.06 8.60 27 9 3/8 32 1/8 79 1/8 447 Back to table of contents NAME SCHOOL HEIGHT WEIGHT 40 YD 20 YD 10 YD VJ BJ SS 3-CONE BP HAND​ SIZE ARM​ LENGTH WING​ SPAN 51 STERLING WEBB Missouri 6013 282 5.04 3.00 1.75 34 1/2 9'6"" 4.77 7.82 20 10 1/4 32 1/2 80 52 KAHLIL SAUNDERS Kentucky 6037 287 4.98 2.82 1.70 32 9'10"" 4.82 7.45 20 9 3/4 33 80 3/4 53 CARLOS ALLEN JR. Houston 5110 288 5.21 2.94 1.78 30 9'5"" 4.79 7.84 20 10 5/8 31 7/8 79 1/8 54 KEESHAWN SILVER USC 6041 319 DNP DNP DNP DNP DNP DNP DNP DNP 10 35 84 3/8 55 JACOBIAN GUILLORY II LSU 6014 312 5.36 3.15 1.88 27 1/2 8'6"" 5.08 7.95 24 9 3/8 33 3/4 81 1/4 56 AIDAN KEANAAINA California 6031 321 5.17 3.01 1.83 27 1/2 8'9"" 4.67 7.58 24 9 1/4 32 1/8 79 1/4 57 BRAXTON FELY Boise State 6014 291 4.91 2.90 1.70 29 1/2 8'9"" 4.70 7.70 38 9 7/8 31 1/4 77 58 BEN BARTEN Wisconsin 6052 316 5.40 3.07 1.92 32 1/2 9'1"" 4.71 8.00 33 9 31 5/8 79 59 PAYTON ZDROIK Air Force 5117 276 4.78 2.74 1.68 33 9'7"" 4.50 7.40 31 8 3/4 31 1/8 73 3/4 60 T.J. BOLLERS California 6025 294 5.11 2.95 1.73 31 1/2 9'4"" 4.70 7.76 18 9 1/2 32 5/8 79 7/8 61 USO SEUMALO Kansas State 6025 330 5.26 3.00 1.80 27 1/2 8'7"" 4.83 7.71 28 9 3/4 32 3/4 81 1/4 62 DOMINIQUE RATCLIFF Indiana 6020 298 5.27 3.07 1.84 22 8'1"" 4.80 8.12 27 9 32 7/8 78 1/4 63 DE'JON BENTON Hawaii 6013 269 4.96 2.81 1.71 32 9'4"" 4.75 7.63 21 9 1/4 32 1/8 77 1/8 64 BERNARD GOODEN LSU 6002 280 5.02 2.89 1.72 25 1/2 DNP 4.77 7.85 20 10 1/8 33 1/8 79 7/8 65 KODY HUISMAN Virginia Tech 6032 293 5.03 2.84 1.71 27 1/2 DNP 4.73 7.47 25 9 1/2 32 7/8 79 1/8 66 CARMINE BASTONE Northwestern 6011 291 4.90 2.84 1.72 30 1/2 9'2"" 4.45 7.25 30 9 5/8 31 5/8 77 5/8 67 AARON GRAVES Iowa 6046 292 5.30 3.04 1.79 34 1/2 8'11"" 4.69 7.50 22 9 3/8 30 1/4 74 5/8 68 BRANDON LANE JR. Wisconsin 6023 318 5.18 2.95 1.76 30 8'10"" 4.71 7.78 22 9 3/8 32 1/8 82 1/8 69 JORDAN GUERAD Louisville 6010 288 5.08 2.91 1.70 32 1/2 8'10"" DNP DNP 21 9 1/8 33 1/4 78 1/8 70 JAXSON MOI Tennessee 6023 292 5.19 3.03 1.82 27 1/2 9'0"" 4.77 7.78 DNP 9 3/4 32 77 1/4 71 GRANT FINLEY Missouri Western 6036 281 4.88 2.81 1.70 32 1/2 9'11"" 4.55 7.41 25 9 5/8 32 77 7/8 72 JACOB KONGAIKA Arizona State 6010 305 5.15 2.91 1.75 28 8'8"" 4.87 7.82 23 9 1/4 31 1/8 75 1/2 73 BEN FLORENTINE Wyoming 6006 281 4.94 2.84 1.70 32 9'3"" 4.72 7.47 24 8 1/4 29 1/4 72 1/4 74 D.J. WITHERS Kansas 6037 294 5.37 3.12 1.77 29 1/2 8'10"" 4.84 7.81 21 9 1/2 33 1/2 80 5/8 75 JAY'VIAR SUGGS Wisconsin 6026 305 5.03 2.90 1.70 34 9'0"" 4.50 7.72 24 9 1/4 32 1/4 77 76 JARED DAWSON Notre Dame 6010 284 5.13 2.90 1.77 32 9'9"" 4.81 DNP 20 9 3/4 33 3/4 82 3/8 77 KAMERON HAMILTON Tulane 6036 295 DNP DNP DNP DNP DNP DNP DNP DNP 9 1/2 33 3/8 81 3/4 78 GRADY KELLY Michigan State 6024 287 5.14 2.96 1.75 35 1/2 9'3"" 4.88 7.70 22 9 1/2 31 76 3/4 79 JOSIAH GREEN Duke 5117 284 5.12 2.84 1.65 34 9'6"" 4.43 7.43 36 9 7/8 31 5/8 76 7/8 80 TERRY WEBB SMU 6015 312 5.08 2.94 1.84 DNP 8'6"" 4.59 7.81 25 9 1/2 33 1/8 81 1/4 81 AKELO STONE Georgia Tech 6020 284 5.32 2.99 1.76 27 8'8"" 4.94 7.65 22 9 3/4 32 1/4 79 1/4 82 MICHAEL OTTY Bryant 6002 285 5.25 2.87 1.75 29 1/2 9'1"" 4.53 7.62 23 10 1/2 31 1/2 77 1/2 83 DAMONTE SMITH Middle Tennessee St"" [height weight] || ""grew up outside of Philadelphia and attended Harry S. Truman High School in Levittown, Pa"" [grew up]",,0.091,0.513,-0.2056,0.2374,height,-0.0,slide,97.2,2.1,0.8,,,-0.0,height,-0.0,0.624,0.523,0.725,18.1,0.113,-0.0401,-0.1341,-0.0455,height,-0.0,34:0.0038|32:0.0032|24:0.0029|39:0.0029|55:0.0025|43:0.0024|54:0.0022|35:0.0022|27:0.0022|74:0.0022,williams:-0.0059|brown:-0.0027|louisiana:-0.0025|size:-0.0021|thompson:-0.0018|carter:-0.0017,florida:0.0096|24:0.0084|tennessee:0.0060|80:0.0054|41:0.0046|29:0.0042|miss:0.0042|28:0.0039|green:0.0038|usc:0.0034,jackson:-0.0084|oklahoma:-0.0065|40:-0.0063|texas:-0.0057|30:-0.0053|washington:-0.0050
James Neal,IOL,Iowa State,446,beast,roster_bubble,0.2,9.5,67.7,22.5,"""He started to receive FCS and FBS interest, then finally received a major college offer (Iowa State). He was part of the starting rotation over the past three seasons for the Cyclones, including at left tackle for all 12 games in 2025. Neal has a tall, moldable frame with above-average length"" [games in, past three, moldable frame] || ""He started out at tight end before moving to the offensive line and helping Grayson to an undefeated 14-0 record and the 2020 Class 7A state championship"" [before moving] || ""James Neal III grew up outside of Atlanta with his parents"" [grew up]","""But with a future in college basketball not looking likely, he gave in to the requests from the football coaches to join the team at Grayson for his senior year — and convinced his parents, who had steered their son away from the sport"" [senior year] || ""Overall, Neal is still noticeably raw with his timing and technique, but he offers functional power and movement ability worth developing at both tackle and guard"" [at both]",0.0917,0.513,-0.1829,0.0964,height,-0.0,slide,94.7,4.2,1.1,"""He started out at tight end before moving to the offensive line and helping Grayson to an undefeated 14-0 record and the 2020 Class 7A state championship"" [he started] || ""He is at his best in the run game, when he can burst into contact and use his heavy hands as weapons to create movement"" [into contact]","""Overall, Neal is still noticeably raw with his timing and technique, but he offers functional power and movement ability worth developing at both tackle and guard"" [and technique] || ""He started to receive FCS and FBS interest, then finally received a major college offer (Iowa State). He was part of the starting rotation over the past three seasons for the Cyclones, including at left tackle for all 12 games in 2025. Neal has a tall, moldable frame with above-average length"" [left tackle]",-0.0,height,-0.0,0.75,0.649,0.851,9.8,0.073,-0.0404,-0.1341,-0.0185,height,-0.0,movement:0.0040|posture:0.0037|games in:0.0035|before moving:0.0032|line:0.0026|gave:0.0025|grew up:0.0025|including:0.0025|james:0.0024|body:0.0024,streak:-0.0035|senior year:-0.0032|tackle:-0.0031|run game:-0.0030|iowa:-0.0029|fbs:-0.0029,he started:0.0096|into contact:0.0079|guard:0.0059|moving:0.0043|movement:0.0040|senior:0.0038|hands as:0.0030|neal:0.0028|2021:0.0026|game when:0.0025,and technique:-0.0071|basketball:-0.0070|timing:-0.0067|elite:-0.0054|left tackle:-0.0052|the team:-0.0050
Jayden Williams,OT,Mississippi,456,beast,roster_bubble,0.6,26.3,45.1,27.9,"""He looks comfortable blocking on the move and out in space on screens"" [the move] || ""At 6 feet 5 inches tall and 260 pounds, he was a tight end and defensive lineman"" [end and] || ""252 Back to table of contents Williams is a high-cut, smooth-muscled athlete with adequate length"" [adequate length]",,0.0955,0.513,-0.1829,0.053,height,-0.0,slide,96.8,2.2,1.0,"""He committed to the Rebels and became starting left tackle as a redshirt freshman"" [committed to]","""Midway through his senior season, however, the team needed him to fill in at left tackle because of injuries to other players — it was Williams’ first time playing offensive line since little league"" [left tackle]",-0.0,height,-0.0,0.759,0.658,0.861,27.0,0.205,-0.0421,-0.1341,-0.0102,height,-0.0,missed:0.0028|old:0.0026|finished:0.0024|line:0.0023|movement:0.0021|better:0.0021|the move:0.0019|end and:0.0018|anchor:0.0017|power:0.0016,williams:-0.0176|tackle:-0.0039|need:-0.0032|become:-0.0032|punch:-0.0030|run game:-0.0027,recruit he:0.0112|ole:0.0073|miss:0.0060|senior:0.0056|committed to:0.0055|star:0.0053|in at:0.0046|was standout:0.0035|his ability:0.0032|2024:0.0032,left tackle:-0.0096|basketball:-0.0061|defensive lineman:-0.0050|ranked:-0.0044|the team:-0.0044|adequate:-0.0044
Kolbey Taylor,CB,Vanderbilt,464,beast,roster_bubble,0.9,13.3,65.7,20.2,"""He can be drawn out of position by savvy route runners, especially on double moves, which leaves him grabbing to recover"" [can be] || ""Kolbey Taylor originally grew up in Fort Lauderdale, Fla., where he started playing football at age 12. He later relocated to the Houston area and attended Alvin High School, before transferring to Pasadena Memorial High School"" [playing football] || ""He has the physicality to stick ball carriers, but his consistency as a tackler must improve"" [must improve]",,0.0985,0.513,0.1989,0.2157,height,-0.0,slide,98.3,1.1,0.6,"""He earned all-district honors as a junior safety, while also seeing snaps at receiver (he also lettered in track). A three-star recruit, Taylor received his first offer from FCS Central Arkansas and also heard from Houston before Wyoming extended an offer midway through his senior season"" [star recruit] || ""Overall, Taylor is inconsistent with his technique and processing in both phases, but he is an explosive athlete with a wingspan that makes offensive linemen jealous."" [offensive linemen] || ""Kolbey Taylor originally grew up in Fort Lauderdale, Fla., where he started playing football at age 12. He later relocated to the Houston area and attended Alvin High School, before transferring to Pasadena Memorial High School"" [before transferring]",,-0.0,height,-0.0,0.642,0.541,0.743,14.2,0.091,-0.0434,-0.1341,-0.0414,height,-0.0,body:0.0042|houston:0.0038|especially:0.0032|inconsistent:0.0030|years:0.0026|can be:0.0022|moves:0.0020|struggles:0.0019|technique:0.0017|grew:0.0017,safety:-0.0058|junior:-0.0043|taylor:-0.0026|transferring to:-0.0026|and senior:-0.0025|of position:-0.0023,taylor:0.0154|star recruit:0.0085|attended:0.0074|senior:0.0066|wyoming:0.0059|offensive linemen:0.0058|before transferring:0.0055|junior and:0.0051|double:0.0045|while also:0.0043,seeing snaps:-0.0063|body length:-0.0058|savvy:-0.0046|quickness:-0.0045|age:-0.0045|track:-0.0041
Jaren Kump,IOL,Utah,466,beast,roster_bubble,1.0,11.7,65.5,21.7,"""His slide adjustments are on-time to cut off gap quickness, and he effortlessly picks up stunts and delayed pressures (his offensive line coach Jim Harding, now at Michigan, says he had the “highest football IQ” of any player he coached at Utah). He is a mature, team captain — but also older than ideal"" [team captain, but also] || ""Jaren Kump, who has four sisters, grew up south of Salt Lake City with his parents (Russell and Tricia). He married his wife (Sydney) in May 2021. He was a basketball, track and football standout at Herriman High School, where he earned first-team all-state honors as a senior left tackle in 2017. He also won state championships in the shot put (61 feet, 5 inches) and discus (169-9). A three-star recruit in the 2018 class, he originally committed to BYU before flipping to Utah"" [and football, recruit in]","""A broad, athletic-looking blocker, Kump has adequate foot quickness with above-average strength, which shows when he fits in the run game"" [run game]",0.0993,0.513,-0.1829,-0.0554,height,-0.0,slide,98.2,1.1,0.7,"""Jaren Kump, who has four sisters, grew up south of Salt Lake City with his parents (Russell and Tricia). He married his wife (Sydney) in May 2021. He was a basketball, track and football standout at Herriman High School, where he earned first-team all-state honors as a senior left tackle in 2017. He also won state championships in the shot put (61 feet, 5 inches) and discus (169-9). A three-star recruit in the 2018 class, he originally committed to BYU before flipping to Utah"" [star recruit, committed to]",,-0.0,height,-0.0,0.794,0.693,0.896,12.7,0.101,-0.0438,-0.1341,0.0106,height,-0.0,utah:0.0048|line:0.0046|byu:0.0034|team captain:0.0027|but also:0.0027|fits:0.0026|leg:0.0025|quickness:0.0023|hurt:0.0021|picks:0.0021,run game:-0.0053|center:-0.0049|degree:-0.0030|health:-0.0026|although:-0.0026|slide:-0.0024,star recruit:0.0083|as senior:0.0064|committed to:0.0063|41:0.0051|delayed:0.0041|master:0.0040|in 2020:0.0040|standout:0.0039|gap:0.0036|honors:0.0034,2018:-0.0089|quickness:-0.0073|athletic:-0.0069|left tackle:-0.0053|the team:-0.0051|adequate:-0.0050
Jalen Walthall,WR,Incarnate Word,469,beast,roster_bubble,0.5,12.7,76.5,10.2,"""A two-year starter at Incarnate Word, Walthall was an outside wide receiver (90.7 percent of snaps) in former offensive coordinator Kenny Hill’s scheme"" [percent of]","""143 Back to table of contents Despite not facing an FBS opponent over the last two seasons, Walthall consistently jumped out on tape as you would hope"" [as you]",0.1004,0.513,0.413,0.2482,vert_jump,0.8765,slide,88.6,3.4,8.0,"""After his situation at Hawaii didn’t work out, he found a home in San Antonio at the FCS level, where he thrived in 2024, setting a school record for receiving yards (1,290). After his quarterback (Zach Calzada) and play caller (Conner McQueen) both departed, his 2025 production took a slight dip"" [where he]",,-0.0,broad_jump,-0.9476,0.684,0.583,0.786,13.2,0.091,-0.0443,-0.1341,-0.0476,hand,0.0301,his quarterback:0.0029|tied:0.0026|missed:0.0026|receiving:0.0026|especially:0.0025|touchdown:0.0025|corners:0.0025|press:0.0025|fcs level:0.0024|be tough:0.0022,on special:-0.0028|shoulder:-0.0026|savvy:-0.0025|nfl:-0.0025|fbs:-0.0024|despite:-0.0023,2024:0.0050|his hands:0.0048|role in:0.0044|shoulders:0.0043|eat:0.0037|found:0.0034|releases:0.0033|defender:0.0029|corners:0.0028|posted:0.0026,adjustment:-0.0072|savvy:-0.0062|quarterback:-0.0051|nfl scouts:-0.0049|describe:-0.0043|adequate:-0.0041
Maverick McIvor,QB,Western Kentucky,474,beast,roster_bubble,0.3,13.6,61.9,24.2,"""He works well vertically and has a good success rate on throws of 20-plus yards (especially deep fades). He is too willing to throw into expiring, congested windows and needs to shed that passing stubbornness"" [willing to, he works, plus yards] || ""State 6033 207 4.80 2.75 1.62 27 1/2 9'1"" 4.37 7.06 9 5/8 31 1/2 76 1/4 69 MJ RIVERS SW Oklahoma State 6035 247 DNP DNP DNP 28 1/2 DNP DNP DNP 9 3/8 32 7/8 80 70 QUINCY CRITTENDON Samford 5096 199 4.75 2.78 1.70 29 1/2 9'5"" DNP DNP 9 30 5/8 74 7/8 71 NATE GLANTZ Lindenwood 5117 211 4.72 2.71 1.65 DNP DNP DNP DNP 9 30 73 1/2 72 HUNTER SIMMONS Wisconsin 6017 222 4.94 2.82 1.70 28 8'6"" DNP DNP 8 5/8 30 5/8 74 1/8 73 TIMMY MCCLAIN Bethune-Cookman 6004 195 4.85 2.73 1.65 24 1/2 9'5"" 4.86 DNP 9 1/8 30 5/8 76 1/8 74 WILLIAM ATKINS IV South Carolina State 6006 207 4.97 2.85 1.73 30 1/2 9'4"" 4.66 7.82 9 3/8 32 1/4 75 1/2 75 ANTHONY GUERCIO Clarion 5103 203 4.57 2.57 1.62 36 10'1"" 4.26 7.33 8 3/4 31 1/2 72 5/8 76 BRONSON BARRON Southern Utah 6017 210 5.14 2.87 1.81 28 1/2 DNP 4.66 7.66 9 1/4 30 1/8 75 3/8 77 WALKER HARRIS NC Central 6006 202 DNP DNP DNP 21 1/2 8'1"" 4.68 7.53 9 1/2 31 74 5/8 78 EDDIE MARBURGER UT Rio Grande Valley 6010 213 4.88 2.81 1.60 28 1/2 DNP 4.65 7.75 8 3/4 30 1/2 72 79 JACOBIAN MORGAN Jackson State 6036 230 4.83 2.75 1.69 32 1/2 9'6"" 4.50 DNP 9 7/8 34 1/4 82 80 JOE LABAS Central Michigan 6020 201 5.07 2.95 1.75 32 1/2 9'3"" 4.64 7.32 9 3/8 31 74 3/8 81 TYRIQ STARKS Howard 6006 209 4.70 2.75 1.58 30 9'9"" 4.60 7.41 8 7/8 32 78 1/4 82 CAMERON PETERS Prairie View A&M 6037 217 4.91 2.81 1.65 31 9'6"" 4.66 7.43 10 1/2 34 80 1/2 83 ANTHONY GARRETT Glenville State 6020 246 5.00 2.91 1.63 28 1/2 9'2"" DNP DNP 9 5/8 33 3/4 82 84 BRANDON NUNEZ Mississippi Valley State 6041 237 5.07 2.78 1.75 25 9'2"" 4.92 8.01 9 3/4 31 5/8 78 85 KAI HORTON Washington 6036 216 4.81 2.73 1.72 32 1/2 9'6"" 4.25 7.04 9 3/4 32 1/4 74 5/8 86 NATE MIKELL Southeastern 6025 153 4.51 2.56 1.53 34 10'6"" DNP DNP 9 3/8 33 3/4 77 1/4 87 RYAN STUBBLEFIELD South Carolina State 5094 201 4.85 2.81 1.69 27 6'7"" 4.67 DNP 9 1/4 30 3/4 73 3/8 88 SHEA SPENCER Keiser 5107 184 4.81 2.83 1.64 32 9'1"" 4.37 7.25 9 29 3/8 71 7/8 89 JOSHUA KULKA St"" [south carolina] || ""With quick reads and an equally quick release, McIvor put full-field progressions on tape and showed the ability to get to the backside dig"" [the backside]","""2018), which caused him to miss remainder of his senior year of high school; foot injury (Aug"" [senior year] || ""​ Average athlete, with marginal ability as a ball carrier"" [average athlete, ability as]",0.1023,0.513,0.5572,0.0205,height,-0.0,slide,98.5,0.8,0.7,,,-0.0,height,-0.0,0.695,0.593,0.796,13.8,0.096,-0.0451,-0.1341,-0.0039,height,-0.0,34:0.0046|54:0.0034|32:0.0033|39:0.0032|55:0.0030|74:0.0029|24:0.0028|tennessee:0.0027|ohio:0.0026|43:0.0026,mississippi:-0.0028|size:-0.0022|shoulder:-0.0021|leads:-0.0015|required:-0.0015|knee:-0.0014,tennessee:0.0089|24:0.0080|florida:0.0065|51:0.0047|29:0.0045|80:0.0045|miss:0.0044|28:0.0043|41:0.0040|carolina:0.0036,jackson:-0.0108|30:-0.0069|temple:-0.0067|washington:-0.0064|40:-0.0063|oklahoma:-0.0055
Jeadyn Lukus,CB,Clemson,479,beast,roster_bubble,1.1,19.9,54.3,24.7,"""A five-star recruit, Lukus collected dozens of high-profile offers before committing to Clemson (over North Carolina and Ohio State). Surgeries to both shoulders and a hip injury derailed his freshman and sophomore seasons, but he became a starter as a junior and then a part-time contributor as a senior in 2025. Lukus is a good-sized athlete, with outstanding length and adequate bulk to match up against physical receivers on the outside"" [ohio state] || ""However, he doesn’t appear to trust his technique and needs to play with better competitive confidence, both in man coverage and zone"" [technique and] || ""He made the move to cornerback and wide receiver as a sophomore at Mauldin High School, and he totaled four interceptions (one returned for a touchdown) in his varsity career"" [returned for]","""However, he doesn’t appear to trust his technique and needs to play with better competitive confidence, both in man coverage and zone"" [play with, man coverage] || ""A five-star recruit, Lukus collected dozens of high-profile offers before committing to Clemson (over North Carolina and Ohio State). Surgeries to both shoulders and a hip injury derailed his freshman and sophomore seasons, but he became a starter as a junior and then a part-time contributor as a senior in 2025. Lukus is a good-sized athlete, with outstanding length and adequate bulk to match up against physical receivers on the outside"" [to match, north carolina]",0.1042,0.513,0.1989,0.2482,height,-0.0,slide,98.8,0.7,0.6,"""A five-star recruit, Lukus collected dozens of high-profile offers before committing to Clemson (over North Carolina and Ohio State). Surgeries to both shoulders and a hip injury derailed his freshman and sophomore seasons, but he became a starter as a junior and then a part-time contributor as a senior in 2025. Lukus is a good-sized athlete, with outstanding length and adequate bulk to match up against physical receivers on the outside"" [junior and]","""A five-star recruit, Lukus collected dozens of high-profile offers before committing to Clemson (over North Carolina and Ohio State). Surgeries to both shoulders and a hip injury derailed his freshman and sophomore seasons, but he became a starter as a junior and then a part-time contributor as a senior in 2025. Lukus is a good-sized athlete, with outstanding length and adequate bulk to match up against physical receivers on the outside"" [to match]",-0.0,height,-0.0,0.632,0.531,0.733,21.0,0.133,-0.0459,-0.1341,-0.0476,height,-0.0,ohio state:0.0034|better:0.0025|move:0.0025|profile:0.0024|within:0.0023|needs:0.0020|technique and:0.0020|arm:0.0020|touchdown:0.0019|clemson:0.0018,play with:-0.0048|as junior:-0.0041|run game:-0.0032|earn:-0.0031|in an:-0.0030|despite:-0.0029,star:0.0110|recruit:0.0074|as senior:0.0068|shoulders:0.0056|junior and:0.0053|earn:0.0050|carolina:0.0043|mike:0.0040|chance:0.0040|totaled:0.0034,to match:-0.0086|athletic:-0.0074|adequate:-0.0054|testing:-0.0053|pro day:-0.0051|outstanding:-0.0048
West Weeks,LB,LSU,482,beast,roster_bubble,1.3,11.4,48.7,38.6,"""He is inconsistent at the point of attack versus linemen and needs to be more judicious using his hands to get off blocks"" [of attack] || ""area, played on the offensive line at Georgia (1991-95). He coached his three sons in youth football, starting with West, who became an all-state linebacker at Oconee County High School"" [offensive line]","""A three-star recruit, he committed to Virginia (the only school he could visit in person) over Duke, Stanford and others (Georgia didn’t offer). He was a backup linebacker as a true freshman before breaking his leg in his first career start (November 2021). When Virginia made a coaching change, Weeks went into the portal and transferred to LSU for his final four seasons"" [he committed, four seasons] || ""Overall, Weeks hasn’t yet proven himself as a reliable coverage defender, but he is consistently around the football, and his speed and makeup should translate well to NFL special teams"" [his speed]",0.1053,0.513,-0.2178,0.1723,height,-0.0,slide,98.6,1.0,0.4,"""A three-star recruit, he committed to Virginia (the only school he could visit in person) over Duke, Stanford and others (Georgia didn’t offer). He was a backup linebacker as a true freshman before breaking his leg in his first career start (November 2021). When Virginia made a coaching change, Weeks went into the portal and transferred to LSU for his final four seasons"" [committed to, his final] || ""He is inconsistent at the point of attack versus linemen and needs to be more judicious using his hands to get off blocks"" [of attack, the point]",,-0.0,height,-0.0,0.689,0.588,0.791,12.7,0.087,-0.0464,-0.1341,-0.033,height,-0.0,west:0.0044|of attack:0.0031|georgia:0.0029|inconsistent:0.0029|linebacker:0.0027|fits:0.0025|leg:0.0024|duke:0.0022|point:0.0022|needs:0.0019,as junior:-0.0039|special:-0.0033|lead to:-0.0032|small:-0.0031|he committed:-0.0030|his speed:-0.0026,recruit he:0.0124|linebacker:0.0104|tackles:0.0100|lsu:0.0068|as senior:0.0061|committed to:0.0060|star:0.0058|his final:0.0058|blocks:0.0056|of attack:0.0054,west:-0.0072|virginia:-0.0065|hasn:-0.0051|coaching:-0.0050|grade:-0.0042|track:-0.0038
Jalen McMurray,CB,Tennessee,485,beast,roster_bubble,0.6,18.3,64.5,16.6,,,0.1065,0.513,0.1989,0.2374,height,-0.0,slide,99.1,0.4,0.5,"""He was a three-year starter in the secondary and earned first-team all-conference honors (with a team-best four interceptions) in 2019. A three-star recruit, he committed to Temple and became the first freshman there in almost a decade to earn a single-digit jersey"" [committed to, the secondary]",,-0.0,height,-0.0,0.631,0.53,0.732,18.9,0.119,-0.0469,-0.1341,-0.0455,height,-0.0,tennessee:0.0052|press:0.0032|years:0.0026|program:0.0019|west:0.0019|born in:0.0018|grew:0.0017|college:0.0016|bowl game:0.0015|temple:0.0015,williams:-0.0135|despite:-0.0048|lack of:-0.0048|to earn:-0.0034|he committed:-0.0031|battle:-0.0028,tennessee:0.0172|recruit he:0.0132|attended:0.0124|committed to:0.0110|star:0.0063|transfer:0.0059|leave:0.0053|the secondary:0.0053|earn:0.0048|final two:0.0043,temple:-0.0108|washington:-0.0073|athletic:-0.0071|tackling:-0.0060|quarterback and:-0.0051|spring:-0.0044
Dasan McCullough,EDGE,Nebraska,528,beast,roster_bubble,0.3,23.2,53.3,23.2,,"""However, he has some body stiffness in space and struggles to shed blocks or set a firm edge in the run game"" [run game] || ""Overall, McCullough is more of an unrefined finesse player than is ideal, but he has intriguing raw tools, including his body length and athleticism that can be developed"" [and athleticism]",0.1227,0.513,-0.1792,0.2916,height,-0.0,slide,99.5,0.4,0.2,"""A four-star recruit, McCullough was courted by Alabama, Clemson and other programs before committing to Ohio State prior to his junior year"" [star recruit]",,-0.0,height,-0.0,0.653,0.552,0.755,23.5,0.153,-0.0541,-0.1341,-0.0559,height,-0.0,ohio:0.0063|years:0.0049|body:0.0042|coach:0.0027|linebacker:0.0022|is more:0.0020|potential:0.0020|to shed:0.0019|finesse:0.0018|can be:0.0017,running:-0.0042|pressures:-0.0027|senior year:-0.0027|the nfl:-0.0026|run game:-0.0025|tools:-0.0023,running:0.0097|linebacker:0.0090|tackles:0.0069|star recruit:0.0068|attended:0.0059|transferred:0.0054|senior:0.0053|blocks:0.0048|backs:0.0042|2021:0.0036,oklahoma:-0.0120|staff:-0.0084|among:-0.0069|sacks:-0.0069|ideal:-0.0062|father:-0.0062
Damonic Williams,DL,Oklahoma,572,beast,53_man,0.6,44.8,22.6,32.0,"""He earned a starting role as a true freshman and became the first 17-year-old in TCU history to record a sack"" [role as, the first, he earned] || ""After two seasons in Fort Worth (including a national title game appearance in 2022), he transferred to Oklahoma for his junior and senior seasons"" [seasons in, after two] || ""Overall, Williams has a short, compact build, but he is naturally strong, with long arms and adequate quickness to be disruptive in the run game"" [long arms]",,0.3938,-0.5246,0.2552,0.0567,3cone,0.643,slide,99.6,0.3,0.0,"""A three-star recruit, he initially committed to California before flipping to TCU on signing day"" [committed to] || ""He was kept fresh by a constant rotation in Brent Venables’ defense (averaged just 31 defensive snaps per game in 2025), but he is naturally energetic and was known as a hard worker in the program (NFL scout: “Not sure if he’s trying to be a leader or not, but guys follow him.”). Though his get-off is average, Williams plays hard and fast with his hands to discard single blockers"" [his hands] || ""After two seasons in Fort Worth (including a national title game appearance in 2022), he transferred to Oklahoma for his junior and senior seasons"" [senior seasons]",,-0.0,40yd,0.2524,0.594,0.492,0.695,45.4,0.27,-0.0614,-0.1341,-0.0185,3cone,-0.0484,long arms:0.0050|history:0.0039|seasons in:0.0039|transferred:0.0038|although:0.0038|middle of:0.0031|lineman:0.0028|role as:0.0028|the first:0.0027|balance:0.0026,tcu:-0.0072|continued:-0.0036|title game:-0.0036|single:-0.0034|day:-0.0032|name:-0.0028,recruit he:0.0124|averaged:0.0061|committed to:0.0061|star:0.0059|his hands:0.0057|senior seasons:0.0051|transferred:0.0051|junior and:0.0048|get off:0.0045|for him:0.0043,oklahoma:-0.0083|talent:-0.0068|the middle:-0.0062|in 2022:-0.0060|adequate:-0.0049|williams:-0.0046
Tywone Malone,DL,Ohio State,604,beast,roster_bubble,0.3,19.2,61.4,19.1,"""After he decided to focus on football, he entered the transfer portal and signed with Ohio State for his final three seasons of eligibility"" [ohio state]","""He committed to Ole Miss over Florida State, Rutgers, Tennessee, Texas A&M and USC and played defensive tackle and first base for two seasons"" [he committed, played defensive] || ""Though his pass-rush moves are underdeveloped, he has functional long arms that can put guards on skates (see the 2025 Indiana tape). Despite playing next to a block-eater in Kayden McDonald, he struggled to win quickly and make stops in the backfield"" [long arms]",0.1515,0.513,-0.2056,0.2266,height,-0.0,slide,99.7,0.2,0.1,"""Though his pass-rush moves are underdeveloped, he has functional long arms that can put guards on skates (see the 2025 Indiana tape). Despite playing next to a block-eater in Kayden McDonald, he struggled to win quickly and make stops in the backfield"" [the backfield] || ""He committed to Ole Miss over Florida State, Rutgers, Tennessee, Texas A&M and USC and played defensive tackle and first base for two seasons"" [committed to] || ""After he decided to focus on football, he entered the transfer portal and signed with Ohio State for his final three seasons of eligibility"" [signed with]","""Malone has the rare distinction of having won a college national title in two different sports — baseball with Ole Miss in 2022; football with Ohio State in 2024. He is slightly top-heavy but carries his weight well and uses his upper-body strength to create congestion in the run game"" [in 2022]",-0.0,height,-0.0,0.618,0.517,0.719,19.5,0.121,-0.0668,-0.1341,-0.0434,height,-0.0,ohio state:0.0054|struggled:0.0034|54:0.0031|stops in:0.0031|tennessee:0.0029|focus:0.0028|and football:0.0028|plays on:0.0027|grew up:0.0025|body:0.0024,long arms:-0.0039|as junior:-0.0039|knee:-0.0037|senior year:-0.0032|run game:-0.0030|he committed:-0.0030,ole:0.0143|recruit he:0.0130|miss:0.0116|florida:0.0103|tennessee:0.0099|tackles:0.0084|attended:0.0072|the backfield:0.0064|committed to:0.0063|star:0.0061,baseball:-0.0106|ohio state:-0.0066|in 2022:-0.0062|texas:-0.0059|ranked:-0.0051|sacks:-0.0050
Khordae Sydnor,EDGE,Vanderbilt,643,beast,roster_bubble,0.8,20.3,53.8,25.1,"""He was voted a team captain as a senior because of his work ethic and status as a role model in the program"" [team captain, his work] || ""He uses his long arms and functional strength to hold the point and rid himself of blocks"" [the point] || ""Sydnor enrolled at Iona Preparatory in New Rochelle, N.Y., where he hit a growth spurt, and his dreams changed from playing quarterback to being a defensive lineman"" [enrolled at]","""He showed promise with the Boilermakers in 2022, but his playing time decreased in 2023 under a new coaching staff (Ryan Walters). He entered the portal and transferred to Vanderbilt, where he “rediscovered” his love for football, for his final two seasons"" [coaching staff, final two] || ""Overall, Sydnor is more disruptive than productive, but he offers interesting NFL traits in his length and athleticism"" [and athleticism]",0.1662,0.513,-0.1792,0.2591,height,-0.0,slide,99.8,0.1,0.0,"""A three-star recruit, he collected a dozen FCS offers, including from several Ivy League programs, before Purdue offered him as a junior"" [star recruit] || ""He uses his long arms and functional strength to hold the point and rid himself of blocks"" [the point]","""He showed promise with the Boilermakers in 2022, but his playing time decreased in 2023 under a new coaching staff (Ryan Walters). He entered the portal and transferred to Vanderbilt, where he “rediscovered” his love for football, for his final two seasons"" [in 2022] || ""Sydnor is lean in areas but owns an NFL frame, with outstanding length and wingspan"" [length and]",-0.0,height,-0.0,0.652,0.55,0.753,21.1,0.138,-0.0733,-0.1341,-0.0497,height,-0.0,productive:0.0040|the point:0.0034|team captain:0.0025|years:0.0024|his work:0.0020|quarterback:0.0019|showed:0.0019|program:0.0018|helped:0.0017|enrolled at:0.0017,nfl:-0.0045|long arms:-0.0038|as junior:-0.0038|special:-0.0032|despite:-0.0027|although:-0.0024,star recruit:0.0082|as senior:0.0063|rush:0.0060|blocks:0.0058|the point:0.0052|final two:0.0042|tempo:0.0035|transferred:0.0031|strength to:0.0030|twitch:0.0027,among:-0.0083|ethic:-0.0079|being:-0.0066|purdue:-0.0062|in 2022:-0.0061|father:-0.0060
Barika Kpeenu,RB,North Dakota State,645,beast,roster_bubble,0.8,15.5,51.9,31.8,"""His toughness shows in the red zone, in his ability to grind out yards and find paydirt"" [to grind] || ""As a senior captain, he earned all-state honors, with 1,489 all-purpose yards (also lettered in basketball and track). A three-star recruit, he was the 87th-ranked running back in the 2021 class"" [was the] || ""Overall, Kpeenu isn’t the most explosive or creative back in this class, but he has a good feel for run-lane development and finishes with contact balance and toughness"" [contact balance]",,0.167,0.513,0.0742,0.0964,height,-0.0,slide,99.9,0.1,0.0,"""His toughness shows in the red zone, in his ability to grind out yards and find paydirt"" [yards and]",,-0.0,height,-0.0,0.694,0.593,0.795,16.3,0.113,-0.0736,-0.1341,-0.0185,height,-0.0,targets:0.0040|west:0.0030|inconsistent:0.0028|fourth:0.0028|inside zone:0.0025|state:0.0024|gaps:0.0021|captain:0.0020|20:0.0020|technique:0.0016,running:-0.0070|knee:-0.0036|large:-0.0028|ford:-0.0026|pass catcher:-0.0025|although:-0.0024,running:0.0160|recruit he:0.0125|as senior:0.0104|yards and:0.0084|linebacker:0.0062|star:0.0059|touchdowns:0.0054|ford:0.0050|late:0.0047|committed:0.0045,000:-0.0063|rushing:-0.0062|west:-0.0051|ranked:-0.0049|the team:-0.0049|basketball:-0.0040
Chamon Metayer,TE,Arizona State,654,beast,roster_bubble,0.6,15.3,74.7,9.4,"""Metayer is a big-bodied, contested-catch tight end who could develop into a serviceable depth option if he continues to add strength."" [if he]","""Metayer is a big-bodied, contested-catch tight end who could develop into a serviceable depth option if he continues to add strength."" [end who]",0.1704,0.513,0.1561,0.2916,weight,-0.1438,slide,99.9,0.0,0.0,,"""Metayer is a big-bodied, contested-catch tight end who could develop into a serviceable depth option if he continues to add strength."" [to add, if he]",-0.0,weight,0.0763,0.66,0.558,0.761,15.8,0.105,-0.0751,-0.1341,-0.0559,weight,-0.0038,if he:0.0103|continues:0.0089|catch:0.0048|contested:0.0042|strength:0.0035|could develop:0.0026,depth:-0.0039|bodied:-0.0033|add:-0.0030|end who:-0.0028|tight:-0.0013,bodied:0.0101|option:0.0090|catch:0.0047|develop:0.0034|tight:0.0034|serviceable:0.0023,to add:-0.0178|contested:-0.0110|depth:-0.0064|if he:-0.0061|end:-0.0020|strength:-0.0011
Jordan White,IOL,Vanderbilt,686,beast,roster_bubble,0.8,18.1,46.9,34.2,"""He made stops at West Virginia and Liberty before arriving in Nashville for the 2025 season and quickly establishing himself as leader of the offensive line room"" [himself as] || ""His lack of ideal length and range are noticeable, along with his tall pads and late reactions in space"" [and late] || ""​ Good foot and hip quickness at the snap to get into position"" [get into]",,0.1825,0.513,-0.1829,-0.0663,height,-0.0,slide,99.8,0.1,0.1,"""​ Physical and persistent on angle blocks to get feet moving"" [on angle, feet moving] || ""He is physical with his hands and sets the tone early, instead of trying to play catch-up throughout the rep"" [his hands]","""His lack of ideal length and range are noticeable, along with his tall pads and late reactions in space"" [ideal length]",-0.0,height,-0.0,0.736,0.634,0.837,18.9,0.139,-0.0804,-0.1341,0.0127,height,-0.0,line:0.0039|scheme:0.0035|himself as:0.0034|especially:0.0028|moving:0.0026|and late:0.0021|move:0.0021|get into:0.0020|quickness:0.0020|handed:0.0019,center:-0.0071|punch:-0.0051|despite:-0.0042|lack of:-0.0042|all the:-0.0032|when asked:-0.0029,white:0.0063|on angle:0.0054|guard:0.0052|his hands:0.0051|blocks:0.0051|feet moving:0.0050|and late:0.0046|shoulders:0.0046|physical:0.0035|starting experience:0.0034,ideal length:-0.0066|quickness:-0.0064|timing:-0.0059|adequate:-0.0044|is average:-0.0040|outstanding:-0.0039
Nick Dawkins,IOL,Penn State,692,beast,roster_bubble,0.5,17.8,46.9,34.8,"""Paul (Minn.) 6027 302 5.71 3.27 2.03 23 7'7"" 5.13 8.49 21 10 3/4 34 78 7/8 63 NOAH MCKINNEY NC Central 6021 299 5.60 3.19 1.89 24 8'3"" 5.03 8.12 23 9 1/2 30 75 5/8 64 BEAU LANZIDELLE Merrimack 6046 314 5.78 DNP 1.95 18 1/2 7'5"" 5.45 8.67 21 9 5/8 32 3/8 80 1/4 65 JACOB EICHORN Utah State 6044 303 5.49 3.09 1.92 26 8'7"" 4.94 7.84 25 10 32 78 3/8 66 J'ONRE REED USC 6030 311 5.42 3.07 1.84 23 8'1"" 5.12 8.20 17 9 1/2 34 1/4 80 3/4 67 CHARLIE PICKARD Oregon 6040 304 5.39 3.12 1.90 21 1/2 7'11"" 4.96 7.78 24 9 32 1/4 79 68 DEAN ABDULLAH Sacramento State 6034 299 5.40 3.05 1.92 25 1/2 8'6"" 4.97 8.18 28 10 33 3/4 78 3/4 69 SIMON WILSON Tulsa 6002 307 5.82 3.32 1.88 26 8'2"" 5.01 8.12 35 10 32 1/8 77 3/8 70 JEREMIAH FRAZIER Alabama State 6014 316 5.41 3.00 1.83 25 7'6"" 4.80 8.09 27 10 3/8 32 7/8 77 3/4 71 JON FAGLEY Bryant 6024 290 5.62 3.12 1.86 25 7'10"" 5.34 8.57 17 9 3/4 31 1/8 74 3/4 72 TRAMEL BROWN Alcorn State 6006 331 5.77 3.25 1.99 24 7'10"" 5.26 8.81 22 10 31 3/4 77 73 CHAD STALEY Florida International 6015 285 5.46 3.12 1.94 22 7'10"" 5.01 8.28 18 8 7/8 31 3/4 76 1/4 74 DAVION PYLES Newberry 6006 342 5.93 3.33 2.01 DNP DNP DNP DNP DNP 9 3/4 31 76 1/8 75 CAMERON WILLIAMS Kennesaw State 6011 325 5.71 3.26 1.89 20 7'4"" 5.50 8.44 21 10 32 1/4 78 3/8 76 EDWARD RILEY Southern Utah 5103 273 5.52 3.00 1.96 24 8'5"" DNP 7.97 22 9 3/8 30 5/8 75 1/4 77 ALMETRIS SMITH JR. Jackson State 6003 293 5.11 3.04 1.88 21 1/2 7'11"" 5.34 8.37 17 8 1/2 31 76 5/8 78 SANTOS VALDEZ New Mexico State 6001 318 6.00 3.37 2.03 20 7'6"" 5.37 8.69 22 9 1/2 31 75 329 Back to table of contents THE BEAST 2026 NFL Draft Guide EDGE RUSHERS NAME SCHOOL GRADE YEAR HEIGHT WEIGHT 40-YD (10-YD) HAND SIZE ARM​ LENGTH WING​ SPAN AGE 1 ARVELL REESE Ohio State 1st 3JR 6041 241 4.46 (1.58) 9 1/2 32 1/2 79 1/2 20.65 2 DAVID BAILEY Texas Tech 1st 4SR 6035 251 4.50 (1.62) 10 1/4 34 79 3/4 22.65 3 RUEBEN BAIN JR. Miami 1st 3JR 6022 263 DNP (DNP) 9 1/8 30 7/8 77 1/2 21.62 4 KELDRIC FAULK Auburn 1st-2nd 3JR 6057 274 4.67 (1.68) 9 7/8 35 84 20.62 5 AKHEEM MESIDOR Miami 1st-2nd 6SR 6030 259 DNP (DNP) 10 32 1/2 80 25.05 6 T.J. PARKER Clemson 1st-2nd 3JR 6035 263 4.68 (1.61) 9 5/8 33 1/8 79 3/8 21.59 7 MALACHI LAWRENCE UCF 1st-2nd 5SR 6043 253 4.52 (1.57) 9 1/4 33 5/8 81 5/8 22.76 8 ZION YOUNG Missouri 1st-2nd 4SR 6056 267 4.75 (1.72) 9 1/2 33 3/8 81 3/8 22.10 9 CASHIUS HOWELL Texas A&M 2nd 5SR 6024 253 4.59 (1.58) 9 1/4 31 74 1/4 23.02 10 R MASON THOMAS Oklahoma 2nd 4SR 6024 241 4.67 (1.63) 8 7/8 31 3/4 78 1/8 21.66 11 GABE JACAS Illinois 2nd-3rd 4SR 6035 261 4.69 (1.59) 10 33 78 7/8 21.91 12 KEYRON CRAWFORD Auburn 2nd-3rd 4SR 6043 253 DNP (DNP) 9 32 1/2 80 22.52 13 DANI DENNIS-SUTTON Penn State 2nd-3rd 4SR 6055 256 4.63 (1.63) 10 3/8 33 1/2 82 5/8 22.33 14 DERRICK MOORE Michigan 3rd 4SR 6037 255 DNP (DNP) 9 1/8 33 3/8 81 1/4 23.38 15 ROMELLO HEIGHT Texas Tech 3rd 6SR 6026 239 4.64 (1.62) 9 1/2 32 3/8 79 3/8 25.03 16 JAISHAWN BARHAM Michigan 3rd-4th 4SR 6034 240 4.64 (1.61) 10 5/8 32 7/8 80 1/8 22.22 17 LT OVERTON Alabama 4th 4SR 6030 274 4.87 (1.70) 10 5/8 33 1/4 81 3/4 21.53 18 MAX LLEWELLYN Iowa 4th 5SR 6055 258 4.81 (1.64) 9 32 1/2 78 5/8 23.68 19 CADEN CURRY Ohio State 4th-5th 4SR 6026 257 DNP (DNP) 9 3/8 30 5/8 76 22.92 20 JOSHUA JOSEPHS Tennessee 4th-5th 4SR 6031 243 4.73 (1.68) 10 34 3/4 84 22.37 21 WESLEY WILLIAMS Duke 4th-5th 4JR 6036 256 4.89 (1.62) 9 3/4 32 78 1/8 21.58 22 LOGAN FANO Utah 5th 4JR 6047 252 4.59 (1.56) 9 1/2 31 1/2 76 7/8 23.84 23 GEORGE GUMBS JR. Florida 5th 5SR 6043 245 4.66 (1.67) 9 33 7/8 81 3/8 23.49 24 ANTHONY LUCAS USC 5th-6th 4SR 6054 256 DNP (DNP) 10 1/4 34 3/8 85 1/8 21.54 25 TREY MOORE Texas 5th-6th 5SR 6015 243 4.54 (1.60) 10 1/2 31 5/8 78 1/8 22.97 26 MASON REIGER Wisconsin 5th-6th 6SR 6045 251 4.78 (1.61) 10 3/8 32 5/8 80 3/4 23.68 27 TYREAK SAPP Florida 6th 5SR 6023 273 DNP (DNP) 9 1/2 32 76 3/4 23.55 28 JACK PYBURN LSU 6th 4SR 6037 258 DNP (DNP) 10 31 1/2 77 3/8 22.64 29 NADAME TUCKER Western Michigan 6th-7th 6SR 6017 247 4.73 (1.63) 9 31 7/8 78 1/4 25.84 30 AIDAN HUBBARD Northwestern 6th-7th 5SR 6044 259 4.80 (1.67) 9 1/8 32 1/8 79 1/8 23.11 31 QUINTAYVIOUS HUTCHINS Boston College 6th-7th 5SR 6027 233 4.74 (1.70) 9 1/2 33 81 3/4 23.06 32 MICHAEL HELDMAN Central Michigan 7th 5SR 6037 268 4.70 (1.64) 9 1/2 32 1/2 78 1/8 23.30 33 TYRE WEST Tennessee 7th 4SR 6017 283 4.84 (1.68) 10 1/4 33 3/8 80 1/4 23.26 34 MIKAIL KAMARA Indiana 7th 6SR 6005 250 4.90 (1.70) 9 5/8 31 3/8 77 1/8 24.53 35 ZACH DURFEE Washington 7th-FA 5SR 6046 247 4.58 (1.64) 9 3/4 31 1/2 76 3/8 24.55 36 VINCENT ANTHONY JR. Duke 7th-FA 4SR 6055 259 4.82 (1.56) 10 34 1/2 83 1/2 21.99 37 NYJALIK KELLY UCF 7th-FA 4SR 6053 263 4.84 (1.69) 10 1/2 35 1/2 82 1/2 21.48 38 CIAN SLONE NC State 7th-FA 5SR 6031 241 4.66 (1.56) 9 3/4 31 1/8 78 1/4 23.59 39 MITCHELL MELTON Virginia FA 6SR 6030 253 4.62 (1.69) 9 3/8 33 1/8 78 1/2 24.10 331 Back to table of contents 40 PATRICK PAYTON LSU FA 5SR 6047 260 DNP (DNP) 10 34 81 1/4 23.57 41 MARVIN JONES JR. Oklahoma FA 4SR 6050 245 4.69 (1.65) 9 1/4 33 1/8 80 7/8 21.87 42 KHORDAE SYDNOR Vanderbilt FA 5SR 6044 264 4.68 (1.58) 10 34 3/4 83 7/8 22.66 43 ETHAN BURKE Texas FA 4SR 6057 267 4.94 (1.68) 10 33 1/4 82 1/2 22.84 44 KEYSHAWN JAMES-NEWBY New Mexico FA 5SR 6020 238 4.53 (1.63) 9 3/8 33 1/8 79 3/4 23.71 45 DASAN MCCULLOUGH Nebraska FA 4SR 6053 240 4.59 (1.63) 9 3/8 33 7/8 81 1/8 23.13 46 BRYAN THOMAS JR. South Carolina FA 4SR 6017 240 4.81 (1.60) 9 1/4 31 3/8 78 3/8 21.82"" [ohio state] || ""However, his sustain skills and anchor strength need continued development, and he brings only average power at contact as a run blocker"" [skills and, power at] || ""He bided his time for four seasons before becoming the starter at center in 2024 and 2025. A two-time team captain, Dawkins is the type of prospect the Penn State coaches love talking about, because of his presence in the program (alpha leader, vocal in meetings, checks all the intangible boxes). On the field, he has a solid frame, with smooth bulk on his long arms"" [team captain]",,0.1847,0.513,-0.1829,-0.0337,height,-0.0,slide,99.9,0.1,0.0,,,-0.0,height,-0.0,0.725,0.624,0.826,18.3,0.133,-0.0814,-0.1341,0.0065,height,-0.0,34:0.0046|32:0.0034|39:0.0031|54:0.0031|24:0.0031|55:0.0030|43:0.0027|thomas:0.0024|tennessee:0.0023|78:0.0023,williams:-0.0061|center:-0.0030|1st:-0.0021|brown:-0.0020|size:-0.0019|louisiana:-0.0018,florida:0.0101|24:0.0089|tennessee:0.0078|80:0.0057|recruit he:0.0049|28:0.0044|29:0.0044|41:0.0040|carolina:0.0039|usc:0.0036,jackson:-0.0088|texas:-0.0068|40:-0.0063|oklahoma:-0.0055|30:-0.0055|78:-0.0051
