"","name","position","blurb1","blurb2","pros_and_cons"
"1","Joe Burrow","Quarterback","Burrow attended Athens High School in Athens, Ohio and then started his college career at Ohio State before becoming a graduate transfer to LSU. At Athens High, he was selected as Ohio Mr. Football and passed for 11,400 yards and 157 touchdowns for his career in addition to 2,000 yards rushing with 27 rushing touchdowns. He led his team to seven playoff victories over his three years. Burrow comes from a football family and his father Jimmy and two older brothers Jamie and Dan all played football at Nebraska. His father also coached at Iowa State, Nebraska, North Dakota State and Ohio. Burrow was also a First team All-State point guard in high school and turned down basketball scholarship offers. After earning just a 78.8 PFF passing grade in his first year at LSU after transferring from Ohio State, Burrow recorded the best single-season PFF passing grade (94.1) of any FBS quarterback in the PFF College era (2014-19) this past season. He recorded a 94.9 PFF passing grade from a clean pocket and an 80.5 PFF passing grade under pressure, both of which ranked among the best quarterbacks in the country. He also recorded the highest percentage of on-target passes in PFF’s advanced ball location charting of any quarterback since we started the process in 2016.","If you're trying to find negatives for Burrow in his 2019 tape, it's difficult to find any sort of flaw that showed up repeatedly. That comes with the territory of having the best statistical season in college football history. Yes, he made some bad decisions and took some bad sacks at times, but everyone does. Burrow has pinpoint accuracy and maneuvers the pocket as well as any QB prospect I've ever seen. He can make plays inside and outside of structure. He throws with anticipation play after play and will give his guys chances in one-on-one situations. He is the unquestioned top QB in the draft.","to make plays down the field in has been fantastic. Regularly different player altogether in He demolished college football in a way we've never seen before. Burrow is easily the most accurate quarterback we've ever scouted and looks NFL ready in every regard. joe Gives his playmakers chances Anticipation in the red zone Looked like a completely favorable situations. throws before breaks. Unfazed in the pocket this One of the greatest year-on- Eyes can drop a tad quick and season. Steps into deep balls year improvements we've ever can 'freeze' when things break with bodies collapsing around graded at the QB position. down. him. Quick release and enough arm Gamer mentality. Going to do Not going to add to the talent to attack anywhere on the football field. whatever it takes to win. running game."
"2","Kevin Davidson","Quarterback","Per a piece by Andy Fenelon on NFL.com, Davidson played for San Ramon Valley High School to begin his high school career before transferring to McClymonds High in West Oakland – a school coached by Marcus Peters’ father, Michael Peters. Davidson only managed to start four games there, all of which were wins with Davidson averaging 285 yards and five touchdowns per game, before the state’s governing board for athletics ruled against the transfer following accusations that it was made for athletic purposes only. Davidson still remains close to Peters and his cousins, Marshawn Lynch and Josh Johnson. The year-long suspension eliminated most of the interest in Davidson coming out of high school, and his only two offers were to Princeton and UC Davis. Per Fenelon, it was Davidson’s father who convinced him to pursue the Ivy League degree and commit to Princeton. In his lone season we have data on, Davidson graded exceptionally well by producing an elite 91.3 overall grade against Ivy league schools. He showed sharp decision-making, recording PASS RTG among FBS quarterbacks and also showed a solid deep ball with 20 big-time throws and not one turnover-worthy play when 91.3 outside the pocket though. There were 41 dropbacks when he - outside the pocket) and just 13 resulted in a completed pass.","There isn't much more you can deduce on Ivy league tape for guys other than tools. It's such a different level of competition that Davidson's excellent grading profile isn't terribly meaningful. The arm strength is there even though his release is on the longer end for the NFL. The multiple pocket presence issues are what concern us the most. Whether it was freezing on his first read and not seeing pressure, bailing backwards out of clean pockets, or not setting his feet on throws under pressure, Davidson would get torn up if dropped in an NFL pocket tomorrow. His decision making was solid overall though and I would imagine he's likely a pretty intelligent guy.","Plus arm strength at all levels Takes good chances Davidson has the size and arm strength to get a serious look from the NFL, but he's a late rounder or camp body at this point. The level of competition leap will be massive and his bad habits in the pocket will get exposed at the next level. kevin Freezes at top of drop and First move is always out the of the field. Balls comes out of downfield. Didn't have a single looks oblivious to the rush too back right of the pocket his hand with easy zip. TWP on throws 10+ yards. often. instead of up. Consistently tight spiral. Pretty No added mobility. Pretty Not a lot of throws with ball. much everything from the anticipation on tape. Needs to pocket. see it open often. Willing to give his receivers Holds the ball low in the Accuracy suffers considerably chances to make plays downfield even when covered. pocket and elongates his release a bit. on the move."
"3","Jacob Eason","Quarterback","Jacob Eason was one of the most coveted recruits in the nation coming out of Lake Stevens High School in Washington. Eason was the 2015 Gatorade National Player of the Year in addition to being the state player of the year. Eason was also named the USA Today All-USA Offensive Player of the Year and first-team All-USA. Eason also won the Maxwell Football Club National Back of the Year and Bobby Dodd National Back of the Year. As a Senior, Eason completed 235 of 338 passes for 3,585 yards and 43 touchdowns. Over his entire career at Lake Stevens High, Eason completed 662 of 1,025 passes for 9,813 yards, 102 touchdowns with only 18 interceptions. Eason was ranked the No. 4 overall prospect in the nation by 247sports.com, the No. 7 overall prospect by rivals.com, and the No. 13 overall prospect by ESPN.com. Eason also played baseball for Lake Stevens. We have two full seasons of data on Eason, but those two seasons happen to be separated by two calendar years. Eason started as a true freshman for Georgia back in the 2016 season, leading them to an 8-5 record. His 63.7 passing grade isn’t going to blow you away, but the results also weren’t disastrous for a freshman in his first taste of SEC action. He entered the 2017 season as the starter before an injury in the 84.3 that he didn’t relinquish. That led to Eason’s transfer to Washington, where he ended the 2019 season as their starting - clean-pocket passing grade led the Pac-12 in 2019, but his 37.6 passing grade under pressure was better than only Chase Garbers.","The high-level from Eason is very easy to fall in love with. He seems very much a rhthym passer with one big throw begatting another. Catch him in the middle of that and it's difficult not to think of him as a first-rounder. Catch him when things start to go south though and that won't the case whatsoever. When his offensive line couldn't hold up in the Utah game, Eason looked like he was in the dreaded 'quicksand' Shane Falco laments. That sort of panic was consistent with him though every time he saw a legit defensive line. That's too worrisome for me to think of him as a top prospect.","Easy zip on the ball. 50 yards Will throw with anticipation at Has not handled pressure well Crumbled against the better Eason has the arm talent, but his pocket presence issues and play under pressure are too scary for us to covet highly. jacob on a line is nothing for him. intermediate/deep levels. whatsoever. One of the lowest defenses Washington faced. grades in country. Very much 'looks the part' at 6- Gets antsy in some clean 6, 227 pounds. pockets. Feet pattering all over the place. Unafraid to go over the middle Will stay locked in on his first of the football field. Some special throws on posts/digs. read too long and force it late."
"4","Mason Fine","Quarterback","Despite finishing his high school career ranked eighth nationally in passing yards (13,081) and tied for fifth in passing touchdowns (166), Locust Grove’s Mason Fine was considered just a two-star recruit as part of the 2016 recruiting class. At just 5-foot-11, 170 pounds, Fine was overlooked for his size (or lack thereof). He mulled over offers from Emporia State and Central Oklahoma and a preferred walk-on opportunity with Oklahoma State before committing to North Texas. Fine didn’t have to wait for his opportunity with the Mean Green, either. Incumbent Alec Morris started ahead of Fine in Week 1 of his true freshman season, but it was Fine that took the reins in Week 2 and earned the starting nod from his coach, Seth Littrell, soon after. Fine’s career at North Texas got off to a disastrous start. In 565 freshman snaps during the 2016 season, Fine recorded just a 47.6 overall grade. He threw only five big-time throws compared to 21 turnover-worthy plays; that’s a ratio you don’t even want to be in the same zip code as. He picked things up in a big way his sophomore season with a passing grade of 78.6, but statistically, his best year easily came the following year. Fine earned a 91.3 passing grade in 2018 behind a season in 77.3 interceptions and averaged over eight yards per pass attempt. 90.8 earlier. 2019 didn’t produce quite the same results, but Fine still put up a solid line statistically to go along with a 77.3 overall","Under 6-0 and 200 pounds is a death knell to any draft stock at QB, but it's still worthy noting that Fine's arm strength is legit compared to the rest of the draft class. He's pretty callous with the ball in the pocket though and has a loosey goosey play style that won't quite fly in the NFL. He'll likely have to play lights out in any camp to even get a shot.","Fine is tiny for the position and his performance has been all over the map in his career. He may not even make it through a training camp. mason Height may be issue, but arm Motion can get long. Ball Bad habit of falling off throws is not. Frozen ropes outside drops all the way below his from clean pocket instead of the numbers. waist. stepping into them. Ton of big time throws early Short arms throws when Took a big step back from on in his career. pocket is bearing down on 2018 to 2019. him. Has avoided sacks well over Needs to add muscle to his the course of his career. frame. Holding up to hits under 200 pounds seems"
"5","Jake Fromm","Quarterback","Jake Fromm was lights out in the Little League World Series in 2011. The Walter Robins, Georgia native hit three home runs, drove in another eight runs and struck out 11 batters in the tournament, per Drew Champlin of AL.com. Fromm originally committed to Alabama as a four- star recruit soon after receiving an offer from the Crimson Tide in spring 2015. He, however, followed former Alabama defensive coordinator Kirby Smart to Georgia when he took over as the Bulldogs’ new head coach in December 2015. ""I'm a relationship guy,"" Fromm said in March 2016, per Matt Zenitz of AL.com. ""Coach Smart, he was kind of my head recruiter (at Alabama). Really fell in love with him and what he had to offer. And just really, when he went to Georgia, it opened up a lot of doors for me. And being a Dog, it's what I grew up watching. It's where I always wanted to be, and just really thankful that he went over there and believed in me. And being a Dog is just where I always wanted to be."" Georgia’s incumbent starting quarterback in 2017 (Jacob Eason) injured his knee in the opener against Appalachian State, opening the door for Fromm to lead the team. Fromm took that opportunity and never gave it back. His 82.1 grade as a true freshman that year ranked second to only Jalen Hurts in the SEC, narrowly missing out on top marks. He continued to show improvements as a passer with passing grades of 85.3 in 2018 and 88.0 last season. The fact that 25.4% of Fromm’s 87.6 neighborhood as Shea Patterson and Jordan Love – is troubling from an accuracy standpoint, but what Fromm does do at an elite level is 83.2 seven of his 445 dropbacks last season, one of the best rates in college football.","There's such a big difference in the pressure and mindset it takes when you're a quarterback in a system like Georgia's where you're almost never asked to go win games. They were so run game and defense reliant in his three years that Fromm only dropped back to pass 35+ times in seven games his entire career. Anthony Gordon did at least that every game this past year at Washington State. In those seven games though, his accuracy and efficiency suffered. He made big leaps forward this past season on 3rd downs, but still when Georgia needed him against South Carolina and LSU, Fromm shrunk in the moment.","Accurate in short/intermediate A ton of snaps under center in Consistently a tick late. Leads Accuracy not the same Fromm is a game manager plain and simple. While you should probably set your sights higher than that, it's also a skillset you can win with in the league. jake range although that petered his career. Pro style in that to dangerous throws and working past first read. Not as off in 2019. regard. fumbles. confident. Comfortable plugging it into Has consistently protected the Run-first Georgia offense Arm talent is average. Winds tight windows in Red Zone. football ever since his didn't ask him to win games up on downfield throws and freshman year. 28 TWPs in with arm. has wobblers even in clean career. pocket. Creative with ball-placement No off-schedule plays at all. throwing receivers open. Handful of nice back- Everything from pocket."
"6","Anthony Gordon","Anthony Gordon","Anthony Gordon was a record-setting quarterback at Terra Nova High School in California, but he still didn’t draw a ton of Division I interest coming out of preps in 2015. He opted for San Francisco’s City College following his senior season at Terra Nova and led the team to a 12-1 record as a freshman. Per Washington State’s official athletic site, Gordon led the CCCAA with 3,864 passing yards and 37 touchdowns that season. Mike Leach and the Cougars took interest in Gordon soon after his epic freshman campaign at City College. Gordon took over the reins to Leach’s air raid system from Gardner Minshew in his sole year as starter, and his box score stats benefited from the scheme, as he completed 91 passes more than any other quarterback and threw for 5,563 yards. His performance on a throw-to-throw basis, though, was above average at best. He did finish with an 81.8 passing grade that tied for 23rd on the year but put the ball in harm’s way far too often as he ranked 60th in turnover-worthy play rate. Gordon’s decision- making throwing downfield is cause for concern – nearly a quarter of his attempts 10-plus yards through the air resulted in an incompletion that was his fault (overthrow, underthrow, ball thrown behind, etc.), and most of his success throwing downfield 81.1","We always love to see a quarterback, wide receiver, or offensive lineman who comes from a high-volume passing attack. Why? Practice. Gordon took more dropbacks this season than any other quarterback in college football and has seen more reps than some guys get in multiple years. Gordon, like many Mike Leach QBs, is very accurate underneath and makes quick decisions with the football. Those decisions, though, have been ugly at times. You can't dropback 740 times and not make some bone-headed plays, but Gordon still made the second most turnover-worthy plays in college football. Being unable to get anything going down the football field against better defenses is what scares us from taking Gordon early.","throw on screens/quick game the field. Quick to come off times. Like he forgot how to pocket. 44.9 passing grade Gordon has a handful of high-level quarterbacking reps on his tape every week. It's the low-end, though, that scares us. Disappearing against the two best defenses he faced - Utah and Washington - is a tough sell. anthony Very tight release. Snap to Routinely works both sides of Disastrous decision making at Offers nothing outside the is as good as it gets. first read if it's not there. read defenses against Utah. when broke pocket. Fearless throwing over middle Ball is leaving his hands. Numbers inflated by Wazzu O. Loses track of LBs. Zones in of the field. Loves to attack 11.6% sack conversion rate Most screen passing yards in on crossers at times and gives behind LBs & in front of SAFs. was one of lowest in FBS. country (738). where he's throwing away. Anticipates throwing lanes Has some throw-making traits. Won't step into throws with well. Doesn't need to see a guy open to take chance. Will give WRs chance when covered in spot only they can anything resembling pressure. 44.8 grade under pressure."
"7","Justin Herbert","Quarterback","A consensus three-star recruit in 2016, Justin Herbert played basketball, baseball and football at a high level at Oregon’s Sheldon High School. He suffered a season-ending leg injury three games into his junior season at quarterback for the Irish, a break in his femur right above the growth plate that required surgery soon after, per Jerry Ulmer of the Oregonian. He returned to the field and the mound as a senior at Sheldon, accumulating a 1.98 ERA with 39 strikeouts in 42.1 innings pitched while also throwing for over 3,000 yards and 37 touchdowns. Herbert’s decision to commit to Oregon was an easy one. A lifelong fan of the Ducks and season-ticket holder at the time, he chose Oregon over offers from Montana State, Nevada, NAU and Portland State shortly after coach Mark Helfrich offered him a scholarship in October 2015. Herbert has been firmly on the NFL’s radar ever since he was starting as a true freshman back in 2016. That year, he put up 15 big-time throws in eight starts. He would follow that up with a monster of a sophomore campaign where, in eight games, he dropped 20 big-time throws compared to only five turnover- worthy plays. He averaged 9.6 yards per attempt, earned a 91.1 passing grade, and looked like the favorite to be the number-one 82.4 quite lived up to that billing and took a significant backslide in 76.6 small in big games, as he earned grades of 30.1 against Arizona and 59.2 against Arizona State.","Expect opinions on Herbert to be all over the map. He'll be a great Rorschach test for what one values at the QB position. The arm talent is elite, but the tape is mediocre. He has his fair share of excuses for his play, including an ill-suited offense and below-average skill players. There's no explaining away some of his ugly games, though, like the second half of Auburn this year or Arizona last year. That extremely low, low-end without too many high-end performances should terrify evaluators.","Most talented pure arm in this Legitimate threat on option class. Ball flies out of his runs. Not Cam Newton but can Herbert's shown elite play in the past, but it's worth questioning why he didn't take many steps forward after his sophomore season. Still, his arm talent is special enough to take a chance on early. justin Shaky underneath ball Came up so small in a number placement. 50th in FBS in of big games. Looks checked hands. be used in design QB run accuracy % on throws 1-9 out at times. game. yards downfield. Easy juice on deep Oregon offense didn't play to Athleticism didn't translate Bad habit of 'freezing' in the comebacks. Velocity gives him strengths. Limited downfield into playmaking outside pocket when first couple reads leeway downfield. options and far more pocket. are gone. horizontal. Loves attacking the seams of Good ball placement downfield Serious fumble problem the defense. Good touch leading downfield. a number of times where receivers failed to separate. throughout career. 26 fumbles in 43 starts despite quality OL."
"8","Tyler Huntley","Quarterback","In four years starting for Hallandale High School in Florida, Huntley passed for 9,053 yards and 106 career touchdown passes, per The Miami Herald. He won the Gatorade Florida Player of the Year in his senior season after passing for 3,636 yards, 42 touchdowns and 10 interceptions over the course of the season. Huntley received some interest from schools such as LSU, Miami and Ohio State, but his 14 offers were headlined by Utah, Cincinnati, Louisville, Temple, USF and Duke. The 6-foot-2 three-star recruit chose to commit to Utah where he has started each of the last three seasons. After average years in 2017 and 2018 in which he had overall grades in the 70s, Tyler Huntley broke out in 2019 and put together one of the most underrated seasons of the year. Huntley finished the year at an elite 90.0 overall grade, ranking eighth in the entire country. Rarely did Huntley give the defense an opportunity to make a play on the ball – his turnover-worthy play rate was the second lowest in the country and lowest among Power-5 quarterbacks. Many may say it’s because he never threw downfield, but those people are flat-out wrong because he was actually one of the best downfield passers in the country. On throws of 10-plus yards, 90.0 pass rate that trails only Joe Burrow in the 2020 quarterback 78.0","Huntley may not be a day 1 or 2 prospect, but I feel confident in saying he's still one of the most underrated in the draft class. He has legit tools to work with and looked like a different quarterback in 2019 than the rest of his career at Utah.","Undersized with a weak arm is a bad combination when trying to catch the eye of NFL evaluators. Still, Huntley's mobility and accuracy should be enough to secure a roster or practice squad spot behind a similarly mobile QB. tyler Legit threat with his legs. Can Always keeps eyes up. When Ball dies trying to fit it in Still can be hesitant to pull add to run game in the NFL. he breaks pocket, he's still downfield. Saw it on far hash trigger knowing he has his legs looking to pass. throws. as an out. Exceptional pocket movement. No panic under pressure. Struggled on tight window Came up very small in Utah's Not always looking to break Averaged 10.9 YPA under throws w/ 62.1 grade . Only 75 two biggest games (Pac 12 outside. First movement is up. pressure. of 370 attempts were tight championship and Bowl loss). window. Quick processor. Can execute Did a great job not putting ball Rarely was asked to win quick game and throws with anticipation downfield. in harm's way. 6 TWPs all year. games for Utah. 35+ dropbacks only twice."
"9","Jalen Hurts","Quarterback","Hurts was a four-star prospect coming out of Channelview High School in Channelview, Texas, back in 2016 where his father was his head coach his entire career. While there, he also competed in powerlifting, which is a combo you don't see too often. He ultimately chose Alabama over Texas A&M prior to his senior season. He graduated from Alabama last December with a degree in communications in order to be a grad transfer with Oklahoma this season. Hurts became the first true freshman quarterback to start at Alabama in over 30 years back in 2016. His overall grade that year ranked 59th among quarterbacks, and he improved that to 24th in 2017. As known, he was then benched for Tua Tagovailoa at halftime of the National Championship that year and subsequently lost his starting job in 2018 and transferred to Oklahoma after spending a year backing up Tagovailoa. Hurts was one of college football’s best quarterbacks in 2019, ranking second to only Joe Burrow in overall grade at 91.6 and got the job done through the air and on the ground. Hurts produced 47 carries of 10-plus yards, which was second to only a triple-option quarterback. The accuracy of Hurts was among the best in the country, as he had an accurate pass rate on throws of 91.6 Hurts held onto the ball longer than any other quarterback and 90.1 performed well under duress, but he won’t get away with that slow time-to-throw and his slow release in the NFL.","If there is a path to success for Hurts in the NFL, it's via his combination of legs and protecting the football. His rushing threat can immediately give you an above- average offense if willing to use him creatively, and he's been consistently able to avoid turnovers over the course of his career. The one thing he has not shown that's made offenses like that tick in the league is downfield accuracy. While his legs can bring more defenders up into the box, his arm has not shown he can accurately put balls on receivers down the field to then beat defenses over the top.","Hurts' slow decision making throughout his career is terrifying when projecting to the NFL. He's played behind some of the best offensive line situations in college football and when that's not the case in the NFL, things could get ugly. jalen Running back-esque ability Showed he could handle larger Late to a number of throws. The collections of talent he's adding on in the run game. volume passing offense at Anticipation is well below played with at Oklahoma this year. average. Oklahoma/Alabama is absurd. One of the most accurate QBs Ball floats on him down the Bad habit of drifting sideways in country with the football at field at times. Arm strength out of clean pockets. the intermediate level. only adequate. Won't take bad chances with Bit of a windup on his release. the football. Consistently low turnover-worthy play rate. Slower than you'd like."
"10","Brian Lewerke","Quarterback","Brian Lewerke received more than 10 Division I offers before committing to Michigan State as a 6-foot-3, 180-pound recruit coming out Arizona’s Pinnacle High School in 2015. He accounted for a school-record 3,426 total yards and 46 touchdowns in 2014, per Michigan State’s official athletic site. He also holds all Pioneer career passing records with 7,090 career total yards and 87 TDs (71 passing and 16 rushing). Brian Lewerke simply didn’t produce at a high level at Michigan State. In his three years with 390-plus dropbacks with the Spartans (2017-19), Lewerke never earned a single-season passing grade above 68.9 (2017). His inconsistent accuracy and poor decision-making plagued his grading profile. In 2019, he earned just a 68.4 PFF passing grade, ranking 71st among all FBS quarterbacks with 300 or more dropbacks on the year.","Lewerke tantalized as a sophomore back in 2017 and had some on board with where his tools could take him in the coming years. Unfortunately, Lewerke has been largely the same inconsistent guy ever since, outside of a stretch in 2018 when he played through a shoulder injury and was even worse. It would be one thing if that inconsistency meant alternating special throws down the field with boneheaded decisions, but he never had more than 19 big-time throws in a season. That's just not the profile of an NFL QB.","3-year starter with over 1,500 Whether it's decision-making or accuracy, Lewerke falls below the threshold for both for quarterbacks projecting to the NFL. Table ofOF TABLE Contents brian Didn't even show up some 10+ fumbles for 3 straight career dropbacks. games. Couldn't hit anything seasons. against Wisconsin/Penn State. Easy arm talent. Flicks and its Misses too many easy ones. Shoulder injury in 2018 caused 40 yards downfield. Wasn't even challenging much his performance to go in tank. downfield this year either. Won't take many sacks. OL fell Not mobile at all. Little outside apart in games and he still avoided those negatives. pocket."
"11","Jordan Love","Quarterback","Tagged as just a three-star quarterback recruit coming out of Bakersfield, California’s Liberty High School, Jordan Love received just five offers, and none of which came from Power 5 programs. The 6-foot-2, 179-pounder ultimately chose Utah State over offers from Eastern Washington, Northern Arizona, Northern Colorado and Sacramento State. As a senior at Liberty, Love completed 50.9% of his passes for 2,148 yards and 24 touchdowns. He also added another 806 rushing yards on 128 carries and eight touchdowns on the ground. Love appeared in 12 games and started six as a redshirt freshman in 2017 and couldn’t get much cooking, posting just a 65.8 passing grade. After lighting up Tennessee Tech, UNLV, New Mexico, etc. in 2018, Love was pegged as a breakout player for 2019 and received first-round hype. Love finished 2019 with a passing grade that ranked 41st among FBS quarterbacks and failed to show up during Utah State’s two games against Power-5 competition. Love’s decision-making was questionable all throughout the year, and he ended up ranking 101st in turnover-worthy play rate. He could hit an open receiver 20-plus yards downfield with ease, and that’s precisely the concerning part of his overall play. Most 75.2 throwing into tight windows, he led the FBS in interceptions. His 82.8 can truly create something out of nothing with his accuracy.","It's difficult to blame Love too much for taking a step backward in 2019. He lost his coaching staff and much of his offensive personnel. We've seen time and time again how important situation is for the quarterback position, so expecting him to have better numbers than in 2018 was outrageous. What we can blame him for, though, was how precipitously he fell off. Love very much compounded his bad situation by pressing and trying to do too much within the Utah State offense. While we here at PFF care about on-field performance a ton, the NFL is more lenient, which means Love is still a candidate to go first round.","Ball jumps out of hand. Can One of the best in class at Shows touch when attacking Love personifies the boom-or-bust prospect. While we fully endorse taking shots at the quarterback position, we can't endorse Love too highly with the egregious on-field inconsistency. jordan Commits cardinal sin of Doesn't always bring lower sling it to all levels. avoiding sacks. Converted throwing late over the middle half with him on throws. Relies pressure to sacks only 15.9%. of the field a lot. Just misses on arm and ball dies LBs. downfield. Really panicky under pressure. Huge step back in 2019. between levels of defense. 49.4 passing grade under Pressed hard to make plays Over LBs under S. pressure. when nothing was there. Has been accurate over the Ton of screens in Utah State course of his career when he has open WRs. offense. 26.5% of his completions in 2019 came via"
"12","Josh Love","Quarterback","Before getting to Long Beach Poly, Love spent time at two other high schools, the second stint of which ended after the quarterback coach at Tesoro pled guilty to heroin possession and the head coach was fired, per Press-Telegram. He found his spot at Long Beach Poly High, though, throwing for 3,199 yards and 41 touchdowns in his one season as the starting quarterback for the Jackrabbits. Love was listed as a three-star recruit and the 71st ranked pro-style quarterback in the 2015 class by 247Sports, but he didn’t receive any scholarship offers. Love walked on to the football team at San Jose State where he recently became the first player in school history to win Mountain West Offensive Player of the Year. Many wouldn’t guess San Joe State’s Josh Love was one of the 10 most valuable players in the FBS last season, but he in fact was. It’s even more surprising consider his years prior – in his few game appearances in 2016 and 2017, Love posted overall grades of 44.2 and 51.1. He started in eight games in 2018 and wasn’t terrible by recording a 74.9 overall grade, but still had room to grow and he did that in 2019. Love had been considerably bad when under pressure before 2019, throwing a consistent number of inaccurate passes on such plays and converting pressure to sacks at a high rate. He drastically improved upon this in his final collegiate season, converting 89.1 owning one of the 10 highest passing grades under duress. 74.9 very different and will be incredibly difficult for Love to replicate these type of stats at the next level.","There's a ton of little things about the QB position that Love already does at a high-level. He's got a compact release and gets through his progressions quickly. He's unwilling to take negative plays and keeps his offense on schedule. His completion percentage isn't great (60.9%), but he was hung out to dry by a receiving corps that dropped nearly 10% of his catchable passes. He's short though at a hair over 6-0 with short arms and small hands. Trying to sell that kind of prospect to NFL teams from a small school just ain't going to happen.","Love doesn't have the tools to get noticed from NFL evaluators, but he has the on-field performance. He's got solid backup written all over him if given the chance. josh Had the lowest pressure to Comfortable throwing on the Short for the position at just sack conversion rate in run. over 6-0 with short arms and country at 9.0%. small hands. Confident stepping up and Varies ball speed. Some nice One full season as starter. firing in tight pockets. touch throws down in red Didn't grade out well in limited zone. time the last two years. Quick release with enough arm Ball placement is iffy. Brings strength to play in the league. defenders back into play too often."
"13","Jake Luton","Quarterback","Jake Luton was a three-year starter at quarterback and a three- time all-conference outfielder at Washington’s Marysville-Pilchuck High School, per Oregon State’s official athletic site. He received and accepted his only offer (Idaho) coming out as 6-foot-5, 215- pound two-star recruit. After taking a redshirt year in 2014, Luton played in eight games and completed 51-of-80 passes for 403 yards and one touchdown with the Vandals before transferring to Ventura Community College. In his lone season at Ventura, he set single-season school records for passing yards (3,551) and touchdowns (40). He also rushed for 175 yards and six touchdowns. Luton transferred to Oregon State the following year Luton improved his PFF passing grade in each of his final three seasons at Oregon State (2017-19). In his career-best season (86.1 PFF passing grade in 2019), Luton completed 222-of-359 passes for 2,714 yards, 28 touchdowns and just three interceptions. He was at his best working from a clean pocket, as he completed 67.8% of his passes for 2,391 yards, 25 touchdowns and two picks en route to a 90.8 PFF passing grade when kept clean. When pressured, Luton completed just 35.8% of his passes for 323 yards, three touchdowns and one pick on his 87.7","I'm surprised Luton's name hasn't garnered more buzz heading into the draft, given his size and arm talent are both pluses projecting to the NFL. He's also been excellent at protecting the football and not making costly mistakes. That should at least get him in the door, but he's not without his warts. He avoids those mistakes because he's got a bit of Alex Smith in him stylistically. It's rare to see him give any receiver besides Isaiah Hodgins a chance to make a play downfield, and he is very quick to get to his checkdown. Unlike Smith, Luton offers nothing as a runner and was unimpressive when forced outside the pocket. We've seen him improve by leaps and bounds over the years, though, and he put up excellent numbers with very little in the way of NFL talent at Oregon State.","Luton offers a lot more to work with than most Day 3 QBs in this draft. His continued improvement and risk-aversion make him a solid backup option at minimum. jake Tight release with good zip. Grade improved every year of Short area accuracy still not Can be in a rush to get to Saw him put ball with ease his career. ideal. Too many misses in that checkdown. Seemingly every from far hash outside range. play vs. Washington. numbers. So few forced throws into Didn't fumble once in 2019. Dangerous habit of leaving Out and to the right is go-to coverage all year. 9 TWPs. crossers/slants on back move in pocket. 34 scrambles shoulder. right, only 6 left. Looks the part form a Can plant a seed over the Feet antsy under pressure. size/hand size/arm perspective. middle of the field when he puts his body into it. Jittery hops in pocket when he feels it collapsing."
"14","Cole Mcdonald","Cole Mcdonald","In his senior season at Sonora High School in California, McDonald passed for 2,313 yards and 19 touchdowns while rushing for 1,091 yards and 10 touchdowns. McDonald also competed in track and field at Sonora. He was just a two-star recruit and the 99th ranked pro-style quarterback on 247Sports coming out of high school, and that led to only one offer (Hawaii) where he started each of the past two seasons. McDonald has absurd arm strength and had nine completions of 40 or more yards downfield, which led all college quarterbacks in 2019. The problem was that he was just incredibly volatile, and for the most part, his decision-making was bad. McDonald ranked 102nd in negatively graded throw rate and 20th in positively graded play rate this past season. He made the throws when he was in rhythm and got through his progressions, but as soon as he was knocked out of rhythm, he was one of the worst-graded quarterbacks in the country. He finished with the sixth-lowest PFF grade in the country on those out-of-rhythm plays.","With McDonald looking the part from a size/arm perspective, you'd probably be surprised at how much of the Hawaii offense is quick passes underneath. I'm not passing judgement either way, but rather found it interesting that McDonald was fairly quick and accurate with the football on those throws. While the downfield passes are what draw you in with McDonald, they're also what scare the hell out of you. He's got some of the ugliest turnover worthy plays on his tape as he'll completely miss a linebacker almost once a game.","Easy arm strength. Looks the Legit weapon in run game. Hawaii's offense was anything Rarely do good things happen McDonald is one of the few late round projects in this class who not only has the big arm, but pairs it with NFL level accuracy as well. cole part. Went 4.58 in 40 at combine. but 'pro style'. 4+ WR every if forced off initial read. single play (literally). No conscience. Will throw a Some of the ugliest decisions Release is a bit longer than pick then go right back deep on tape you'll ever see. you'd like as he dips it below the next time he's on the field. where he holds it. Plus accuracy and ball Was benched at times during placement underneath. 2019 season."
"15","Steven Montez","Steven Montez","Steven Montez was a decorated passer at El Paso, Texas’ De Valle High School before taking his talents to Colorado. He finished his preps career with 6,512 passing yards and 86 touchdowns, per Colorado’s official athletic site. He fielded offers from UTEP, New Mexico State, Air Force and Colorado as a three- star pro-style quarterback recruit in 2015. His father was a quarterback for Texas Tech and Western New Mexico and played one season In the NFL with the Oakland Raiders (1996). Montez has been on our radar as an intriguing prospect ever since his sophomore year in 2017. He did exceptionally well at avoiding mistakes that season with only 11 turnover-worthy plays to his name on 458 dropbacks. He averaged 7.9 yards per attempt and with his arm looked like he could be a top prospect someday. Unfortunately, those would both be the best figures of his career, as he's done nothing but backslide since. Even with a much-improved offensive line this season and some talent at the skill positions, Montez still never quite made it over the hump.","If you pick the right game (or maybe wrong game in this case), you can talk yourself into Montez. He was quick, accurate and efficient against Arizona State and Arizona early on this season. Watch his next game against Oregon, though, and you'll debate whether he should even be drafted. The concept of which receiver is open has eluded Montez for most of his career, as he continually forced throws into non-existent windows this past season.","experience with 1,511 career Montez' big arm will get him drafted, but the tape shows an incredibly sporadic passer who has had serious issues dealing with pressure over his career. steven Three years of starting Accuracy is borderline for the No improvement grade-wise in NFL. 24th in accurate pass his three years as a starter. dropbacks. rate this season. Ball flies out of his hand. 50- Big arm did not translate to Tries some off-balance throws plus yards with minimal effort. big-time throws. 14 all of last he has no business attempting year. against pressure. Legs have been a weapon in Deep balls miss inside far too Which receiver he targets is the past. 561 rushing yards as a sophomore in 2017. often. Doesn't keep it tight to sideline. almost random. So many passes to blanketed WRs."
"16","James Morgan","Quarterback","Per the Green Bay Press Gazette, Morgan was believed to be the first NCAA Division I Scholarship quarterback from the Green Bay Metro area since Bud Keyes (Wisconsin) in the 1980s. He threw for 5,964 yards over his junior and senior seasons at Ashwaubenon along with 60 touchdowns. Morgan signed with Bowling Green as a three-star recruit and top-20 pro-style quarterback where he played the first two years of his collegiate career. Morgan then continued his career as a graduate transfer with FIU. After starting portions of the 2016 and 2017 seasons with Bowling Green and playing rather poorly by posting passing grades at or below 60.0 in both seasons, Morgan transferred to Florida International where he’d start in 2018 and 2019. Morgan saw far more success with the Panthers, raising his passing grade to 71.7 and 69.1. His accuracy and decision-making though never quite made the jump needed to become a premier quarterback. Over the last two seasons, Morgan’s accurate-plus pass rate (perfectly placed passes) on throws past the line of scrimmage was the seventh lowest and his turnover-worthy play rate ranked 115th.","Quite frankly I couldn't find many reasons why Morgan was getting enough national hype for me to put him in this draft guide. His grading profile was rough and the tape showed the same vastly inconsistent player that the grade suggested. The arm strength is a plus, but a lot of pitchers throw mid-90s and aren't getting drafted to play in the NFL.","Morgan has a big arm capable of special throws, but damn there's a ton of bad on tape. Too much to justify anything other than a flyer. james High-level throws on tape can Accuracy well below where compete with about anyone's you'd set a threshold in the country. projecting to NFL. Works within structure of Kind of a windup on his offense. Not going to take a delivery. Not snap motion by lot of sacks (only 13 last year). any means. Victimized by his receivers. More turnover-worthy plays Had 14.5% of his catchable passes dropped in 2019. than big-time throws the past two years."
"17","Shea Patterson","Quarterback","Shea Patterson was one of the most highly coveted recruits in the 2016 class, coming in as a consensus five-star recruit and the No. 3 player in the nation, per 247Sports. He originally committed to Arizona as a high school freshman, but later re-opened his recruitment after Shea’s brother, Sean Jr., left his role there as a graduate assistant for a role at LSU, according to Sports Illustrated. Patterson eventually committed to Ole Miss over LSU and USC along with the 22 other schools that extended him an offer. He threw for 72 combined touchdowns as a sophomore and junior at Calvary Baptist Academy in Louisiana before leading IMG Academy to its first undefeated season in program history as a senior. Patterson saw time dating all the way back to his freshman year at Ole Miss in 2016. After being one of the most coveted quarterback recruits in the country, his time at Ole Miss fizzled out after an encouraging sophomore year that saw him earn a 76.8 passing grade. He transferred to Michigan after that season and improved upon his grade, but not quite in the manner Michigan fans would have hoped. He had six games earn grades of 80.0-plus in 2018 and three earn grades under 60.0. That roller 72.6 wasn't consistent once again.","Patterson has been so up and down over the course of his career that it's difficult to see him ever being anything else. The easy arm and special throws are pretty, but he's as liable to sky a post route as he is to hit it in stride. With accuracy being far and away the most important trait we covet at the quarterback position, having as many off-target throws as Patterson does won't even put you on our radar. There's obviously talent, and it's why he's been starting for four years now, but there's far more to the QB position than just a nice arm.","eight TDs outside of pocket weekly. Highlight reel that can Even one of the most loaded receiving corps in the country and a QB whisperer at head coach couldn't unlock some semblance of consistency from Patterson. That's a bad sign. shea Excellent outside of structure. Makes 'wow' throws almost Only adequate arm that comes Holds on to ball too long. 2.82 with a bit of a windup. seconds in 2019 and 2.98 in was sixth most in FBS. compete with any QB in 2018 were among longest in country. Can add to the run game. Over Comfortable playing and Lot of production from play- 1,000 career rushing yards. throwing on the move. action game in Michigan's offense. Will go through stretches of Charged with 15 sacks over play where he looks like a starter in the NFL. the past two seasons."
"18","Nate Stanley","Nate Stanley","As a senior at Menomonie High School in Wisconsin, Stanley won the Pat Richter award which is given to the top senior three-sport male athlete in the state, per The Chippewa Herald. Along with a basketball career that left him as the school’s leading scorer and a baseball career that ended with first team all-conference honors in the outfield, Stanley passed for 1,728 yards and 16 touchdowns as a senior on the football field. Stanley was listed as a three-star recruit and the 22nd ranked pro- style quarterback in the 2016 class by 247Sports. He ultimately committed to Iowa over offers from Pitt and then Wisconsin after Paul Chryst made the move there. When you start for multiple years at a blue-blood program and have as big an arm as Stanley does, usually you're going to get some early round buzz. The fact that there hasn't been any with Stanley is very telling. His accuracy is simply below any sort of acceptable threshold when projecting to the NFL. With only 35.9% of his throws targeted 10+ yards downfield deemed accurate, you can see why. Add in the fact that Stanley is a statue in the pocket and there's little reason for excitement even with the big arm. Stanley has had a wildly inconsistent three years as Iowa’s starting signal-caller. He went from ranking 53rd in PFF overall grade in 2017, to 119th in 2018, to 16th in 2019. Stanley’s decision-making was immensely improved upon, posting the ninth lowest turnover-worthy play rate in the FBS. In addition, he was one of just three quarterbacks 87.1 rate. That being said, the poor accuracy is the big thing still bringing down Stanley’s stock. He barely cracked the top 100 in accurate passes 61.4","When you start for multiple years at a blue-blood program and have as big an arm as Stanley does, usually you're going to get some early round buzz. The fact that there hasn't been any with Stanley is very telling. His accuracy is simply below any sort of acceptable threshold when projecting to the NFL. With only 35.9% of his throws targeted 10+ yards downfield deemed accurate, you can see why. Add in the fact that Stanley is a statue in the pocket and there's little reason for excitement even with the big arm.","pounds. Rocket arm with quick While he's protected the football well over the course of his career at Iowa, he's lacked any sort of accuracy or playmaking ability at the position. nate Looks the part at 6-4, 240 Accuracy well below average Seemingly unwilling to uncork for even college standards. big arm. 7.3 average depth of release. Sub 70 adjusted completion %. target last season. Protected the football Zip downfield, but no clue extremely well in his career. where it's going. Some of Goes to checkdown instead. worst deep accuracy in class. Hails from 'pro style' offense No mobility or even pocket and is comfortable under center/executing fakes. maneuverability. Sitting duck."
"19","Tua Tagovailoa","Tua Tagovailoa","Per Sports Illustrated’s Lindsay Schnell, Tua Tagovailoa contemplated giving up the game of football when his paternal grandfather, Seu Tagovailoa, died of pneumonia in July 2014. He, however, continued to play, agreeing with his father, Galu Tagovailoa, that the best way to honor his grandfather was to keep playing football. UCLA coach Jim Mora offered Tua a scholarship just four games into his sophomore season, per Schnell. He picked up offers from USC, Ole Miss, Texas Tech, Nebraska and Utah, among others, the following year. Tua entered the 2017 recruiting class as the unanimous No. 1 overall player in Hawai’i and a five-star recruit according to Scout, ESPN, 247Sports and 247Sports Composite. After seeing garbage time opportunity at various points throughout his freshman season, Tagovailoa was named the starting quarterback coming out of halftime in the National Championship game and would go on to lead the Crimson Tide back to secure the title. That performance led to high expectations for Tua in 2018, and he delivered with a 90.8 overall grade. He showed that he could navigate pressure in the pocket, shred defenses from a clean pocket (11.3 yards per attempt trailed only Kyler Murray) and deliver the ball with pinpoint 90.2 football). 90.8 injury he suffered against Mississippi State, recording a second consecutive elite 90.0-plus overall grade.","One of the most interesting things about Tagovailoa when compared to some of the top quarterback prospects in recent memory is that we've never really seen him play bad football. Even back as a true freshman coming in during the second half of the National Championship game, Tagovailoa was already carving up defenses. You can make all the caveats you want about the talent around him, but that's still something you can't really say for Joe Burrow, Justin Herbert, or Jordan Love in the draft class. Of course, all of it is a moot point until his dislocated hip gets cleared by doctors across the league as it's a very tragic and serious injury.","Can get outside the pocket Already carves up blitzes. 10.9 He's a franchise QB prospect when healthy. The 'when healthy' part we simply don't know at the moment. tua Pinpoint accuracy by any Doesn't drop his eyes under Arm strength is on low-end of To many panicky throws when measure. Excellent accuracy pressure. Unafraid to NFL starters. Noticeable arc first read not there. charting numbers over past maneuver tight pocket and on any downfield throw. two years. step into throws. Blessed with a bevy of Will drift in clean pockets and and extend plays with his legs. YPA when blitzed 64.9 playmakers that pumped up bring pressure upon himself completion percentage. his passing stats & gave him instead of standing firm. easy throws. Already throws with Converted pressure to sacks Gun shy firing to tight Hip injury could have serious anticipation. Doesn't need to see an open receiver to throw at a low rate both years as a starter. windows. Hasn't had to at Alabama. short- and long-term health ramifications."
"20","Salvon Ahmed","Running Back","Coming out of Washington’s Juanita High School as a four-star recruit at 6-foot, 185 pounds in 2017, Salvon Ahmed had more than 10 Division I offers and took visits to Notre Dame and the University of Washington before committing to the Huskies. At Juanita, Ahmed played basketball, ran track (sprints and jumps) and received multiple accolades playing cornerback and running back on the gridiron. Ahmed was named to the Seattle Times’ all- area team as both a senior and junior, per Washington’s official athletic site. He rushed for 1,300 yards and 13 touchdowns as a senior despite missing six games due to injury. He rushed for 1,800 yards and 29 touchdowns in the year prior. Ahmed totaled 30 missed tackles and 648 yards after contact across 187 carries en route to an 85.4 PFF rushing grade that ranked 22nd among all FBS backs with 100 or more carries in 2019. He also caught 17-of-21 receptions (three drops) for 95 yards in 2019 and logged 51 receptions and 342 receiving yards from 55 targets in his collegiate career. His 3.47 yards after contact per attempt average ranked T-74th among qualifying FBS backs in 2019, as well.","I get why Ahmed declared early, as the clock is ticking for every running back in the NFL, but he runs the risk of not being drafted altogether. He does not project well at all running between the tackles in the NFL, as he needed gaping holes to make things happen. You could work with that if he had elite speed or elusiveness, but neither of those were present in his career at Washington. I'm not sure if there's any area where he separates himself from the many others at the position.","Pads stay square to the line of Had big year as a receiver in Slight build for a running back. Wants massive holes. Will Ahmed is on the smaller side for the position and below-average athletically. Those two don't quite mesh in the NFL. His indecisive running style will do him no favors, either. salvon scrimmage. Looking to get 2018 averaging 10+ yards Under 200 pounds and plays hesitate into tighter spaces. north south. after catch on 21-21 targets. like it. Can get up to full speed Not particularly elusive. .16 No churn to his lower half. quickly. Agility is a plus. forced miss tackle rate is on the low side. Only 3 drops on 54 catchable Stops feet or slows to crawl in in career. backfield too often."
"21","Cam Akers","Running Back","Cam Akers was a much sought-after five-star recruit coming out of Clinton, Mississippi. He had offers from a bevy of big schools, including Alabama, LSU, Tennessee, Ole Miss and, of course, Florida State. He ultimately opted for the Seminoles after committing and decommitting for Alabama early in the recruiting process. Per 247Sports Composite, Akers was the No. 2 running back and No. 4 overall player in the 2017 recruiting class. A high school quarterback in Clinton, Akers led his team to a 14-1 record and a state championship as a senior, per Wayne E. McGahee III of the Tallahassee Democrat. He threw for 3,128 yards and 31 passing touchdowns and rushed for another 2,105 yards and 34 touchdowns in the process. Running behind one of college football’s worst offensive lines over the past few seasons, Akers has struggled to garner significant attention for his box-score production at Florida State. He’s averaged fewer than five yards per carry in each of the past two seasons but has done so while facing contact at or behind the line of scrimmage at the highest rate of any FBS back in the country. It’s been tough sledding on the ground for the former five-star recruit with the Seminoles. As a receiver, Akers caught 68-of-86 79.2 career, all while logging nine drops and 19 forced missed tackles 64.1 well. He earned an 86.4 PFF pass-blocking grade in 2018 and a 72.2 PFF pass-blocking grade in 2019. He allowed just 15 total","Akers is yet another in a long line of case studies for why situation matters at the running back position. His stats aren't close to some of the other top backs in the class, but he was also running behind the fourth lowest graded power-5 run blocking unit. Backs like D'Andre Swift (1st run blocking) , Jonathan Taylor (6th), and Clyde Edwards-Helaire (14th) were on the opposite end of the spectrum. Trying to quantify exactly how much that matters is difficult, but there is zero doubt that it moves the needle considerably. Akers still has concerns about his vision as he maybe rightfully didn't trust his offensive line at times. The tools though are as good as any back in the class.","Made huge strides in pass pro. Akers has the physical profile that tends to succeed in the NFL. He's also already used to running behind rough offensive lines. You may be getting a close imitation to the top backs in the class at a much lower price. cam Thick legs and ideal every Runs behind his pads between Bouncing all over the place in Performance suffered as run down running back build. tackles. Will stick it into LBs backfield. Opposite of a 'one blocking suffered. Couldn't chest. cut' runner. overcome. Gets flat to the line of CON 5 Above average grades each of scrimmage too much. Not last two years. freaky enough to bounce as much as he does. Explodes laterally out of his Used as a last resort in cuts. Made defenders miss entirely in holes. passing game. 9 drops on 77 career catchable."
"22","Darius Anderson","Running Back","Listed at 5-foot-11, 196 pounds coming out of Texas’ George Ranch High School in 2016, Darius Anderson was considered a three-star recruit by 247Sports Composite and received more than 15 offers from Division I schools, including Missouri, Alabama and TCU. According to TCU’s official athletic site, Anderson rushed for 2,274 yards and 30 touchdowns as a senior at George Ranch. He led his team to a 16-0 record and a state championship, as well. Per Bleacher Report’s Damon Sayles, Anderson was a standout soccer forward before he started playing football. He didn’t play football until he moved from Dallas to the greater Houston area. He also ran a 4.48-second 40-yard dash at a TCU summer camp before his senior season, per Sayles. Anderson has split carries over the last three years for the Horned Frogs and took a big step forward in 2019 from both a rushing and receiving perspective. He was far more elusive by going from 0.21 broken tackles per attempt in 2017-18 to 0.28 in 2019 while also improving his yards after contact per attempt from 3.0 to 3.9. On the receiving side of things, Anderson dropped two of his nine catchable targets last season but bounced back by catching 80.2 there is still room to improve across the board due to the lack of 70.6 career.","Anderson certainly ticks one box of the running back position at a high-level — and it's his elusiveness. He was untacklable early on in 2019, although he tapered off down the stretch. He has good enough hands to be a part of any passing offense, as well. The knock on him is his running style/vision. He'll come to a complete standstill in the backfield far more than one can get away with in the NFL. Some of that can be fixed through coaching, but he may just be a boom-or-bust type of runner.","Goes from 0 to 100 real quick. One of the more elusive RBs in Cranks it up in blink of an eye. the country last year with 43 Anderson is one of the most elusive running backs in the class, but his running style may not play as well in the pros as it did in college. As the holes only get tighter in the NFL, Anderson's pickiness will only get exacerbated. darius Looks almost like he's freestyling it. None of the broken tackles on 153 carries. pacing you normally see at the position. Dead leg in the open field Contact balance is a plus. Vision is a big question mark. caught a ton of defenders this Anything other than square Looks for the bounce out more year. shots do nothing to him. than you'd like. Unafraid to hit the line of Slowed down over the course scrimmage at full speed. of the season. Didn't have a 100-yard game after Week 5."
"23","Levante Bellamy","Levante Bellamy","LeVante Bellamy received a handful of Group of Five offers coming out of Indianapolis at 5-foot-9, 165 pounds as a three-star recruit. He opted for Western Michigan over Ball State, Cincinnati and several others. He rushed for 3,297 yards and 50 touchdowns in his preps career while also participating on the track & field team. He also recorded a 4.39-second 40-yard dash at the Nike Football Training Camp in Chicago in 2015. If you’re not contacting Bellamy behind the line of scrimmage, good luck with catching him. Over the last two seasons, Bellamy has had 17 touchdowns of 10-plus yards when he wasn’t contacted behind the line of scrimmage. That’s the third most behind Jonathan Taylor and Travis Etienne. The 5-foot-9 speedster isn’t very elusive though, averaging just 0.18 broken tackles per attempt since 2018. In addition, his receiving is far from polished. Over the last two years Bellamy had had a near 10% drop rate with an average depth of target that’s behind the line of scrimmage. He wasn’t nearly as explosive either, generating only two explosive plays on 58 targets and 0.62 yards per route run.","Bellamy very well may be the fastest running back in the country. Coming up with positives on his scouting report outside of that though was one of the most difficult tasks in this draft guide. He doesn't have good size, shiftiness, or vision that would make me think he'll develop into a weapon in the NFL. You'd love it if he could add as a downfield threat in the passing game, but he's been a non-factor there as well dropping eight of his 66 career catchable passes.","Elite speed. Not catching him Bellamy is a track star playing running back at the moment. His speed can obviously still be a weapon, but there's not many running back things he does well. levante Agility doesn't quite match his Little semblance of vision or from behind. speed. Runs high and cuts are pacing. Freestyling most plays. average. Undersized at 5-9, 190 pounds. CON 5 Little muscle on his frame. Poor elusiveness and that's against low level of competition."
"24","Eno Benjamin","Running Back","Eno Benjamin has been known as a high-volume running back since his sophomore year at Wylie East high school in Wylie, Texas. He finished his stellar high school career with 7,546 rushing yards and 111 total touchdowns. As a senior, he rushed for 2,604 yards and 32 touchdowns and was named the 5A state Offensive Player of the Year. Benjamin was ranked as a top-10 running back by recruiting services — Rivals ranked him the No. 5 running back in the nation, 247Sports ranked him the No. 8 running back in the nation, Scout ranked him the No. 10 running back in the nation and ESPN rated him as a four-star prospect and the No. 280 player in the ESPN 300. Benjamin was selected as a member of the West roster in the 2017 U.S. Army All-American Bowl. Benjamin had scholarship offers from Baylor, Michigan, Texas and Utah but originally committed to Iowa before switching to Arizona State. Benjamin made limited contributions as a freshman, running for 146 yards on 23 carries and catching five passes for 15 yards in that 2017 season. He followed that up by bursting onto the scene as a sophomore in 2018. During that season, Benjamin’s 1,030 rushing yards after contact ranked third among all running backs behind only current Rams’ running back Darrell Henderson and Wisconsin’s Jonathan Taylor. His 84 broken tackles also ranked third in college 75.7 Singletary. Benjamin wasn’t quite able to match those heights in his 2019 junior 87.4 over 1,000 yards on the ground. He has been decent in the passing game over his past two seasons as a starter, recording at least 35","It is very easy to fall in love with Benjamin's highlight reel over his career, but there's a reason why his production hasn't quite been as impressive. Benjamin is not the kind of running back who is content taking what's there knowing it's only going to result in 3-4 yards. He wants the home run and wants to be out in space. With how difficult he is to bring down in the open field, it's tough to blame him. But that sort of running style gets exposed in the NFL, especially when you're as undersized as Benjamin.","Bounces in and out of cuts the workload. 553 carries past two Listed at 201. Not a lot of full- gaping. Benjamin just doesn't have the power behind him to carry a heavy workload in the NFL. He's electric with the ball in his hands but goes down too easily with any sort of solid contact. eno Human pinball machine. Produced on high-volume On small side for position. Indecisive when hole isn't way few can. seasons. time backs that size in NFL. Blows through tackles in the Stops feet behind LOS way too open field. 15 broken tackles much. Not a RB who will just on 35 catches in 2018. take small gains. Catching ball looked like Got completely taken out of second nature to him. Six drops on 88 career catchable. games throughout his career."
"25","Raymond Calais","Running Back","Listed at just 5-foot-8, 167 pounds coming out of Louisiana’s Cecilia High School in 2016, Raymond Calais was tagged as just a two-star recruit by 247Sports and accepted his lone offer from Louisiana-Lafayette. At Cecilia, Calais set the school record with nearly 5,000 yards in his final two seasons. He was also named the Gatorade Louisiana Boys Track & Field Athlete of the Year after winning two individual titles and anchored two winning relay quartets at the Class 4A state meet in 2016. He swept the 100- meter dash with a time of 10.59 seconds and the 200-meter dash in 21.21, per the Daily Advertiser. He also won the 100 and 200 at the district championships and was named the state’s Outstanding Track Performer by the Louisiana Sports Writers Association. In 2018 and 2019 combined, Calais carried the ball 193 times for 1,830 yards and 13 touchdowns. He also recorded gains of 10-plus yards on 44 of his 193 carries (23%) and logged 33 forced missed tackles. He earned an 80.2 PFF rushing grade in 2018 and an 86.1 PFF rushing grade in 2019; the latter tied for 19th FBS running backs with 100 or more carries. He also caught 20-of-21 targets for 163 yards and one touchdown in his career at Louisiana.","Calais is really the perfect college running back because of his willingness to crank it up to 100 mph and see what happens. That works well in the large holes afforded by college defenses but will take a little refining when those lanes aren't as obvious in the NFL. His NFL comp, Raheem Mostert, and the 49ers offense have provided a nice blueprint for how to take advantage of such speed at the position. Mostert, like Calais, was succesful without needing to break many tackles. Any fast-flow running scheme in the NFL could use a Raymond Calais.","You want speed at running back? Calais is your man. That's pretty much all he brings to the table, but there's a role for that in some offenses. raymond Elite speed for the position in Play strength improved greatly Runs high despite being 5-8. Only 20 career catches. the open field. Give him space from 2018 to 2019. Still has a No chance of dragging and he'll change angles. ways to go though. defenders. Not afraid to hit the line at full Can't be used in pass speed knowing he might take protection. Limits his playing a lick. time. Doesn't lose speed on his cuts. Fast but not particularly Perfect for outside zone scheme. dynamic. No bounce/shake to his game."
"26","Reggie Corbin","Running Back","A native to the nation’s capital and graduate of Gonzaga High School, Reggie Corbin was rated as a three-star recruit as part of the 2015 recruiting class and received just five offers: Illinois, Marshall, Old Dominion, Toledo and Washington State. Before joining the Fighting Illini, Corbin rushed for 2,008 yards and 24 touchdowns in his final two years on the gridiron. He also was a star rugby player and led Gonzaga to a national title in 2015, per Illinois’ official athletic site. Corbin’s first love, per the Chicago Tribune, was basketball – and his second was rugby. He didn’t get serious about football until his sophomore year of high school. After his breakout season in 2018 where he recorded 1,096 yards, nine touchdowns, 39 broken tackles and a 90.0 PFF rushing grade across his 128 attempts, Corbin crashed back down to earth a bit in 2019. He earned just a 74.1 PFF rushing grade and totaled 36 broken tackles across 142 attempts. His yards after contact per attempt average also dropped from 5.45 in 2018 to 2.69 in 2019. Corbin also had just 37 receptions from 54 targets for 335 yards in his career at Illinois. He also dropped seven passes and never earned a PFF receiving grade above 60.0 in his career.","Corbin's highlight reel is an awesome watch and some of the things he's capable of with the ball in his hands there may not be another back in this class that can match. That being said, there's a lot of other things that go into the running back position and he's shown poor in a lot of them. His vision is iffy and he struggles to just take what's blocked. He's not an every down back and will struggle to continue to break tackles in the NFL at his size.","Capable of making video-game esque cuts. Nearly 90 degrees Corbin is on the low end for size at the position and doesn't make up for it with his burst. He's a gadget player at best which is not a very favorable description. reggie Very undersized and never Eschews any hole not gaping shown capable of handling between the tackles. Some without losing speed. large workload. ugly bounce out decisions. Phenomenal quicks. Up to full One-year wonder with no speed in only a few steps. production to speak of in three years prior to 2018 or in 2019. Doesn't go down on first Quicker than fast. Speed isn't contact like most backs his size. Can run through arm exceptional in open field."
"27","Deejay Dallas","Running Back","DeeJay Dallas once broke Georgia coach Kirby Smart’s heart. The Brunswick, Georgia native was tagged as a four-star recruit (247Sports) and received more than 30 Division I offers as part of the 2017 recruiting class. He originally committed to the University of Georgia but later de-committed from the program before enrolling at Miami (Fla.). Per DawgNation.com, Dallas said Smart texted him and “said it really broke his heart when [Dallas] de-committed.” He starred at quarterback, receiver, running back and defensive back at Georgia’s Glynn Academy. He started at wide receiver with the Hurricanes but made the switch to running back halfway through his true freshman season, per Miami’s official athletic site. Dallas earned an 82.1 PFF rushing grade across his 41 carries in 2017, rushing for 217 yards and three touchdowns in the process. He also averaged 4.24 yards after contact per attempt that season. He failed to improve significantly beyond his 2017 campaign. After earning just a 76.0 PFF rushing grade and averaging 3.67 yards after contact per attempt across 109 carries in 2018, Dallas earned an 83.0 PFF rushing grade and averaged just 3.54 yards after contact per attempt in 2019. He also caught just 28-of-31 passes for 317 yards and two touchdowns in his 78.3","You don't often hear running backs described as raw, but that's the best word to describe what I saw on tape from Dallas. You see the talent there when linebackers bounce off his thighs, but his running style and decision- making with the ball in his hands felt oddly hesitant for a bigger back. Usually it's the opposite, as big dudes want to get up to full speed in a hurry, but Dallas almost never hit the line with a head of steam. That's a tad worrisome in the NFL where he won't have a size advantage. Add in the fact that he's not much of a home run threat and Dallas may not have a strong market.","Great balance. Multiple runs Former WR with only one drop Hesitant to crank it up to full Still looks like he's learning where he put a hand on ground on 29 catchable in career. Dallas' receiver background makes him an intriguing late-round option even though he wasn't featured in that role much for the Hurricanes. He's got every-down potential and a track-record of consistently breaking tackles. deejay speed. Only see him start in position at times. Reactions but stayed on feet. wide open field. are slow. Shreds arm tackles. Good Cuts get rounded and rob him Average speed in the open power in lower half. of speed. Not sudden. field. Not outrunning defensive backs. Drops pads into contact well. Never more than 115 carries in Will get you that extra yard. a season in his career. Workload concerns."
"28","Aj Dillon","Running Back","Per Boston College’s official site, AJ Dillon rushed for over 600 yards at Massachusetts’ Lawrence Academy before suffering a season-ending leg injury (fractured fibula). He rushed for 1,887 yards and 26 touchdowns in the year prior. Tagged as a three-star recruit by 247Sports Composite, the 6-foot-1, 230-pound Dillon originally committed to Michigan but later flipped his commitment to Boston College, citing location and family as reasons, per Owen Pence of the Boston Globe. Weighing in at 6-foot-1, 239 pounds, Dillon recorded a 4.56s 40- yard dash and a 4.29s short shuttle at The Opening’s New Jersey regional event in 2016, per Bleacher Report. He also recorded a 38.3-inch vertical at the event. Few running backs have carried as large a load for their offense as Dillon has for Boston College over his three seasons with the team. Over that three-year career, Dillon ran the ball 842 times for 4,395 yards. That is fewer attempts than only Jonathan Taylor and fewer yards than only Taylor, J.K. Dobbins and Malcolm Perry over that stretch. His 198 broken tackles fall behind only Taylor and Zach Moss. The guy was an absolute tank in the Eagles’ rushing attack. Though his numbers were prolific as both a freshman and as a 91.3 up a career-high 91.3 overall grade, running for 1,699 yards (1,104 71.8 side Dillon caught just 21 passes in his entire three-year collegiate career.","I'll say this about Dillon, watching a playlist of all the tackles he broke last year sure is a fun way to pass time. His combination of size and speed makes for one of the best truck sticks you'll ever see. That being said, the truck stick isn't much of a consistent weapon in the NFL. You need a few more tools in your toolbox at the running back position to succeed. Dillon's agility and ability to make sharp cuts is sorely lacking. Outside of goal-line or short yardage situations, I'm not sure Dillon brings much to the table","There are big RBs, then there's Lot of pro-style concepts and No pacing to his runs. He's Cuts are so rounded. Can't AJ Dillon. Mammoth at 250 blocking in BC's system. Dillon is coming to the NFL a few decades too late. With no impact as a pass-catcher, we're not going to see the value in Dillon's skillset. aj nearly at full speed by handoff stick foot and go. pounds. and can't throttle down to cut. Shreds arms tackles. Not even Not featured in pass game & sure he feels them. showed rough hands when he was. 3 drops on 24 career catchable. Incredibly speed for a man his Gets stuck staring at size. Reportedly has run a 4.4 40 in the past. defenders and runs right at them instead of finding"
"29","J.k. Dobbins","Junior","J.K. Dobbins missed all but one play of his senior season at Texas’ La Grange High School after suffering a broken bone in his right leg, per Ohio State’s official site. He rushed for 5,149 yards and 74 touchdowns in the three years prior, however, and entered the recruiting scene as a four-star prospect. At Nike’s The Opening in Beaverton, Oregon in 2016, Dobbins recorded 4.45s 40-yard dash, 4.09s short shuttle and a 43” vertical, per 247Sports. Though he had more than 20 offers on the table, including several from schools in his home state, Dobbins committed to Ohio State before ever taking a trip to Columbus, per Ari Wasserman of Cleveland.com. Dobbins has been one of the most effective runners of the football at the college level since his freshman season in 2017. As a true freshman, he ran for over 1,400 yards – his first of three seasons with 1,000 or more rushing yards – and he averaged over four yards after contact per rushing attempt. His worst season came as a sophomore in 2018, but even then, Dobbins recorded a rushing grade of 78.7. Last season was both the largest workload and the best performance of his career at Ohio State. Dobbins ran for over 2,000 yards on 301 attempts, and his 73 missed tackles forced on the ground were a top-10 84.0 lot is as a receiver. His highest career receiving grade came as a 77.4","Dobbins is one of the easiest projections of any running back in the draft class. He's proven proficient in the passing game. Has a one-cut running style with a track record for success in the league. And he has NFL- caliber size and burst. While none of the above may be 'elite', the total package comes out to something resembling it. If you're looking for a safe back in this class, Dobbins is probably your best bet.","Compact RB. Built low to the Lined up outside of the Dobbins’ running style and vision are elite when projecting to the NFL. His speed and receiving ability are icing on the cake. j.k. Not terribly dynamic in the earth. backfield on nearly 10% of open field. 7 broken tackles on snaps. 71 catches in career. Gets north/south in OSU's Fantastic speed for a back his So much space in OSU offense well. . size. Was one of best home offense. Not a lot of run threats in country each translatable concepts. year. Featured in OSU's passing Defenders bounce off his Runs high between the tackles. game. 20+ catches each season. lower half. Strong legs."
"30","Clyde Edwards-","Running Back","Considered a four-star running back recruit coming out of Baton Rouge, Louisiana in 2017, Clyde Edwards-Helaire received over five offers from Division I programs and took visits to LSU and Mississippi State before committing to the Tigers. Edwards- Helaire nearly de-committed from LSU when the team made changes to their coaching staff and brought in Matt Canada, but he ultimately stayed in his home state and enrolled at LSU in 2017. At the New Orleans Nike Opening camp in 2016, Edwards- Helaire recorded 4.47-second 40-yard dash, 4.12-second short shuttle and a 37.5-inch vertical. We here at PFF almost never give praise to a running back for the value they bring to their team on the field. Edwards-Helaire is one of the rare exceptions to that. Not only was he the most valuable running back in college football in PFF’s wins above average (WAA), but he was the 13th most valuable player regardless of position and third most valuable non-quarterback. He didn’t see the field much in his true freshman 2017 season but carved out a role in 2018 and was an above average ball carrier by recording a 79.6 rushing grade. Though in 2019, Edwards-Helaire clearly took his play to new heights. His 92.0 rushing grade was the second highest among 85.1 game too. After receiving only 12 targets in 2018, Edwards- 84.5 broken tackles.","Coming into the 2019 season, Edwards-Helaire was not on PFF's radar whatsoever. He was barely featured in LSU's passing game and had middling broken tackle figures at best. That changed drastically as he proved to be one of the most complete backs in the country this season. He can not only make defenders miss, but he's also not afraid to lower his shoulder and drive through defenders in the open field. The only thing really keeping him behind the top backs in the class in is his lack of speed.","Will break tackles without even out of the backfield the way he production. Not really on NFL No one raised their draft stock more at RB in 2019 than CEH. He's an elusive every down back although his pass protection could be an issue out the gate. clyde Bounces in and out of cuts. Looks like a natural receiver Only one year of quality being touched. attacks ball. radar after 2018. Runs a devastating angle Consistently makes the first On the slow end for the route. Leaves LBs guessing. man miss in space. Has a position. Caught from behind number of ways to do it. by LBs. Built low to the earth. Tough to Smallish at 209 pounds bring down with that built-in balance. although more acceptable given his height."
"31","Darrynton Evans","Running Back","Darrynton Evans was tagged as just a two-star recruit coming out of Florida’s New Smyrna Beach High School at 5-foot-11, 180 pounds in 2016 but still received multiple Division I offers, including App State, UMass, Georgia Southern and Western Michigan. He committed to App State and never looked back after rushing for over 1,600 yards and 25 touchdowns in his final two years at New Smyrna Beach. He was also an honor roll student and member of the National Honor Society in high school, per App State’s official athletic site. Evans was a key member of the App State rushing attack the last two seasons and was good, but certainly not elite. His two- year rushing grade was 51st of 149 qualifying backs and was just 65th among the same group in broken tackles per attempts. Though, Evans did show off great vision by finding holes and busting off the third most runs of 20-plus yards in that time with 28. The fact he failed to crack the 50th percentile in rushing grade when contact behind the line of scrimmage should give some cause for concern.","When projecting running backs to the NFL there are a handful of traits you really can't skimp on. Size is one of them. If you're an undersized running back, you better make up for it with some elite explosiveness or elusiveness or else you'll get chopped down like a log in the league. Evans has some traits to like - his vision and sharp cuts chiefly among them - but with middling explosiveness and elusiveness he has an uphill climb to playing time.","never quite know where he's 256 carries this past season. wise for the position at 5-11, Undersized and unable to break tackles is a bad combo when projecting to the NFL. 200 pound backs with good not great shiftiness are a dime a dozen in the league. darrynton Bouncey runner. Defenders Carried a heavy workload with On the very bottom end size- going to be. 200 pounds. Hails from outside zone heavy Always moving forward. Rarely Below average broken tackle scheme that prepares his comes to stop in backfield or rates in his career compared vision well for the NFL. goes lateral to LOS. to the draft class. Plus speed. Gone when he Hasn't fumbled since No YAC ability between the gets in the open field. freshman year. tackles to speak of. Legs die on contact."
"32","Antonio Gibson","Running Back","According to Memphis’ official athletic site, Antonio Gibson played both sides of the ball at Eagle’s Landing High School in Georgia. He recorded 3,132 all-purpose yards and 30 touchdowns in his junior and senior seasons combined. He also set the school record in the 100 meters and played basketball at Eagle’s Landing. Still, Gibson didn’t receive a ton of recruiting love upon graduation. He opted for the JUCO route and caught 50 passes for 871 yards and 13 touchdowns in his two years at East Central Community College before accepting an offer from Memphis. From a grading and statistical standpoint, Gibson might have the smallest sample size of anyone in this draft guide. He saw a grand total of 307 offensive snaps in his entire college career. What he did on those though is nothing short of special. Gibson broke 16 tackles on 33 rushing attempts this past season and broke 17 tackles on 38 catches. Those numbers are out of this world. They are also very likely not sustainable if he were to have a bigger sample size. He played a role very similar to what Tony Pollard did last year in Memphis' offense where he'd move seamlessly from the slot to the backfield.","How a dynamic ball carrier like Gibson rode the pines for multiple seasons without so much as sniffing the rock in Memphis' offense is kind of incredible. When he got his chance though this season, Gibson grabbed the bull by the horns. He showed a combination of elusiveness and explosiveness that few backs in this class possess. Add in his receiving chops and Gibson has one of the most impressive skillsets of any running back in this class. Even if he's not an every-down option right away, he still brings something different to the table from most backs in the league.","catch. 17 broken tackles on 38 with 77 career touches. You can't teach elusiveness, and there are few athletes in the country who have proven to be as elusive as Gibson. He may not be your traditional running back, but if you get the ball in his hands good things will happen. antonio An absolute terror after the Very little wear on his body Routes are rough. Not going to Almost no experience as an be seeing field much if treated actual running back. 33 catches. as pure WR. attempts in career with mostly sweeps. Bounces in and out of cuts So stiff running any sort of losing no speed. in/out/hitch. Surprising considering how athletic he is. Powerfully built. Defenders slip Mostly body catches. Only off his legs. three career drops, but that's on mostly underneath routes."
"33","Jamycal Hasty","Running Back","JaMycal Hasty was a coveted four-star recruit coming out of Texas’ Longview High School in 2015. He chose Baylor over offers from Houston, Mississippi State, Oklahoma State and Oregon, among others. He rushed for 1,420 yards and 13 touchdowns as a junior at Longview, per Baylor’s official athletic site. He then rushed for 158 yards on 20 carries in an injury- shortened senior season. He also played basketball and ran track in high school. Hasty actually set his career high for carries as a freshman back in 2016. It was also far and away his worst season as a collegian. He averaged only 2.4 yards after contact per attempt and broke 21 tackles. He's very much bested both of those figures the past two seasons. His 2019 season was easily his best, with a 3.8 yards after contact average and 22 broken tackles on 109 carries. His rushing grades have reflected the fact that he's been good not great over the course of his career. His 77.6 rushing grade this past season was the highest of his career.","Hasty has as many ankles saved in his closet as any running back in the nation over the past few years. His jump cuts are special and embarrassing for opposing defenders. There's not much to him, however, and those jump cuts rarely did much on traditional runs. He's a scat back through and through without exceptional speed or power to add to the mix. That has value in the NFL, but there are a lot of players around the league who can barely see playing time with that skillset.","LeSean McCoy-esque make- ya-miss jump cuts. Lateral Hasty has prototypical scat back traits. He relies on making defenders miss completely, though, which won't happen nearly as often in the NFL. Still, he's a tough ask to bring down one-on-one in the open field. jamycal Very undersized. Not your Contact from DL robs him of between the tackles runner. his speed. Goes down too agility a plus. easy from that. Runs hard. Can run through Doesn't have 'take what's Tiny catch radius as a receiver. arm tackles despite size. blocked' mentality. Too often Not going to be used stalls looking for better downfield. options. Ton of yards came on bounce Liability in pass pro at his size. out plays. Not nearly as sustainable in NFL. Gave up 14 pressures this season."
"34","Joshua Kelley","Running Back","Joshua Kelley ran for 1,903 yards and 22 touchdowns in his junior and senior seasons at Eastside High School in Lancaster, California. He was also a member of the track team and posted 49 tackles on the defensive side of the ball at Eastside. Per 247Sports, Kelley was just a two-star recruit coming out of high school. He accepted an offer to play for UC Davis and did so for two years before transferring to UCLA. He rushed for over 1,100 yards across nearly 200 carries at Davis. Kelley broke out at UCLA after transferring from UC Davis. That 2018 season, Kelley earned an 85.5 rushing grade and racked up 1,240 yards on 225 carries. Even at his best, though, he was never elusive as his 33 broken tackles that season were a dreadfully low figure. That improved to some degree in 2019 with 42 broken tackles on 229 carries, but the big plays that were there in 2018 disappeared.","To really catch our eye here at PFF at the running back position, you better have the following: elusiveness, speed, vision, receiving ability. All are not necessarily required if you’re elite at one or the other, but that's why running back is the most replaceable position in football. Unfortunately for Kelley, he's not particularly elite at any of those traits and has been shown to be average in the most important one: receiving ability.","Straight-line speed is a plus. Kelley's box score and advanced stats are pretty much in agreement that he's 'just a guy' at the running back position. Without much work in the passing game, Kelley does little to separate himself from the pack. joshua Runs high and not particularly Afterthought in passing game Enough juice to get to the elusive over the course of his this year and hasn't been edge. career. particularly dynamic post catch. Not afraid to lower the Loses a ton of speed when he On the old side at 22. The rare shoulder and drive through a tries to make sharp cuts. fifth-year running back. defender. Rounds them at full speed. Only three fumbles on 454 Pass protection grades in the attempts the past two seasons. 50s each of past two seasons."
"35","Javon Leake","Running Back","Coming out of North Carolina’s Page High School at 6-foot-1, 195 pounds in 2017, Javon Leake was tagged as a three-star running back prospect by 247Sports. He received more than 10 offers from top schools around the country before signing with Maryland. He rushed for 1,679 yards, caught 16 passes for 114 yards and played defensive back as a senior at Page, per Maryland’s official athletic site. He rushed for 2,048 yards and 30 touchdowns across 277 carries as a junior. Leake was an interesting declare, given he’s had only 146 carries in his three-year career. He saw 103 of those in 2019 and was a decent ball carrier with 16 explosive rushes and 32 broken tackles en route to an 87.0 rushing grade that ranked 16th at his position. He’s had a bad fumbling problem all throughout his career too. On his 155 career touches (includes receptions), Leake has fumbled the ball six times. That won’t fly in the NFL. As hinted at by showing his touch amount, Leake brought virtually nothing to the passing attack. The traits are there that might get him drafted, but the production is clearly not.","The clock for a running back is obviously ticking a little differently from every other position, but Javon Leake's decision to declare early still gave us pause. He was set to be 'the guy' at Maryland next season yet instead opted to head to the NFL after only 154 touches in his entire college career. The numbers are pretty impressive with a career yards per carry average of 7.7. Over 1/7 of his career carries though came in one game this year against Indiana who hasn't been particularly difficult to run against. The traits for the position are above average though so there's a good shot he still gets drafted.","Can cut on a dime while losing Leake is one of the better athletes for the position in the class, but with only one career game with over 10 carries, we have no real clue what we're getting. It's difficult to envision taking him anywhere before late day-3. javon Only 9 catches and 146 Goes lateral to the line of minimal speed. rushing attempts in his entire scrimmage too often. Bad college career. habit. Won't work in NFL. Gets up to full speed quickly Runs high between the tackles. Often change of pace back. between the tackles. Unafraid Build more closely resembles Faced light box and didn't run to go hard into contact. that of a WR. many traditional concepts. Home run threat every time he Five career fumbles on only touches it. 17.8% of career carries went for 10+ yards. 146 carries."
"36","Anthony Mcfarland","Running Back","McFarland played football for DeMatha Catholic high school in Hyattsville, Maryland. McFarland suffered a broken leg in a scrimmage before his senior season and didn’t play. He was named an Under Armour All-American and selected for the Under Armour All-America Game despite the injury. As a junior, McFarland ran for 527 yards and eight touchdowns while also hauling in 25 passes for 386 yards and four touchdowns. His best high school season came as a sophomore when he rushed for 1124 yards. McFarland was a consensus four-star recruit. He was rated the No. 3 running back in the nation by 247Sports. He was considering Alabama, Georgia, Miami and Penn State before finally choosing Maryland. After redshirting his first season at Maryland in 2017, McFarland saw his first collegiate game action during the 2018 season. McFarland quickly made one thing apparent – he was a threat to hit the home run every time he touched the ball. During that freshman season, 39 of his 131 carries went for 10 or more yards. In total, he ran for 1,033 yards on 131 attempts. He did have three fumbles, which isn’t exactly ideal on as few carries as he had, but the explosiveness made up for those mistakes. He didn’t 70.3 sophomore, but McFarland still averaged over five yards per carry 79.2","McFarland runs like no one told him he was giving up at least 20+ pounds to every linebacker he came into contact with over the course of his career. He'll stick his nose in it play after play without ever shying away from contact. That's fine and dandy in college, but the NFL is a different animal. The linebackers tackling him are physical freaks in their own right and it's going to be difficult for McFarland to run over guys like he did in college. With little added value as a receiver over the course of his career, McFarland has some serious concerns about how he'll translate to the league.","Legs constantly churn. One of hardest runners in the country. If there's a back in this class who can overcome being undersized to succeed in the league, I'd bet on McFarland. Still the track record for sub-200 pound backs isn't encouraging and neither was his step backwards this year. anthony Undersized without much shiftiness to his game. Built low to the earth. Great 3 fumbles back in 2018 and 2 center of balance. more in 2019. Nice deadleg that's his go-to Limited catch radius and for making defenders miss. dropped 3 passes on 20 catchable this year."
"37","Zack Moss","Running Back","Zack Moss hails from Miami, Florida and played his senior year of high school football at Hallandale, where he rushed for 1,098 yards and 17 touchdowns on only 145 carries. He also caught 25 passes for 425 yards and four touchdowns as a senior. He played his first three years of high school football at Mater Academy Charter. Moss initially committed to the University of Miami to follow in the footsteps of his cousins, Santana, an All-American at Miami who was drafted in the first round by the New York Jets and played 14 seasons in the NFL, and Sinorice, a second-round draft pick of the New York Giants who played six seasons in the NFL, but he decommitted following a coaching change. Moss was drawn to Utah by the Utes commitment to running the ball and he, with two of his high school teammates in quarterback Tyler Huntley and wide receiver Demari Simpkins, all left to play for Utah. Moss has been one of college football’s best running backs since his emergence as a true sophomore back in 2017. In each of the last three seasons, Moss has produced a PFF rushing grade that ranked among the 15 best at his position. He’s been one of the more elusive backs in that stretch, breaking 0.33 tackles per rush attempt which was the third highest rate. That’s very promising for his NFL future considering that trait translates from college to pro more than any other for ball carriers. He’s also produced the fifth most explosive 91.5 The biggest thing we needed to see from Moss in 2019 was to bring value in the passing attack as he had seen just 10 targets in 2018 and 84.9 a 78.8 receiving grade on his 31 targets with just one drop and averaging an impressive 14.5 yards after catch per reception.","Moss ticks pretty much every box you'd like to see at the running back position except for speed. He's got the size, vision, hands, and especially elusiveness. He's also been above average in pass protection consistently over the course of his career. While he's on the older side at 22 years old already, we're not really drafting for anything after the rookie contract here anyways. Others might chase high-end physical traits at the top of the draft, but give me the guy I know will break tackles in the NFL. That's Moss to a 'T'.","Moss has been consistently elusive to a level we've never quite seen before. He's not much of a home run threat, but he has good enough speed for splash plays. zack Cuts on dimes and doesn't Tough to get cleanly in space. Speed is a question mark. lose speed. Broke 33 tackles on 66 Doesn't separate in open field. catches in career. Ideal RB frame. Low body fat. Hesitant to get upfield in short Low center of gravity. yardage. Cost Utah a few times. Feet keep driving on his runs. Will be kicking his knees up with defenders hanging off his"
"38","Lamical Perine","Lamical Perine","Considered a three-star recruit by 247Sports coming out of Alabama’s Theodore High School, Lamical Perine turned down an offer from Alabama to stay in his home state and commit to the University of Florida in 2016. Per Kassidy Hill of GatorCountry.com, Perine broke the Theodore High all-time rushing recorded in his tenure as the team’s lead back. He is related to both Samaje Perine and Myles Jack. Perine has been an integral piece of Florida’s rushing attack since he came there as true freshman in 2016. Perine saw 91 carries that year and produced just a 63.2 rushing grade. He improved that to 76.5 in 2017 then 84.2 in 2018. This past year, it dipped back down 76.3, but he took a big step forward on the receiving end. Perine was targeted 53 times, which is 14 more than his previous three years combined, and he dropped just one of those 53. The lack of broken tackles when carrying the ball, though, isn’t ideal. He has never consistently displayed he can shake guys off, as he has broken a tackle on just .17 of his attempts the last three years.","We loved seeing Perine get far more involved in the passing game this season. He should be NFL-ready from a blitz pickup perspective and has legit three-down ability. The question is whether that ability is anything above replacement level with the ball in his hands. He gets tracked down far too easily in space by linebackers and doesn't have the speed of a home-run threat at the next level. NFL teams should probably set their sights a little higher if taking a swing at the running back position.","Soft hands as a pass catcher. two drops on 76 catchable in Perine is not the kind of dynamic playmaker the running back position has evolved to in today's NFL. He'll get you what's blocked, but likely not much more. lamical Completely unelusive over Little explosion out of his cuts. course of career. 23 broken Not going to make a guy miss career. tackles on 132 attempts this in the hole. year. Drags defenders between the Speed is average. Only 17 of tackles. 3.7 of 5.1 YPC this 493 carries went for 20-plus year came after contact. yards. Between the tackles vision is No dominance, if even for a NFL-ready. Understands how leverage dictates running single game. 138 yards in bowl vs. UVA was career high."
"39","James Robinson","Running Back","Tagged as a three-star recruit coming out of Rockford, Illinois in 2016, James Robinson received offers from Illinois State and Iowa. He was a four-year starter at Lutheran High School and rushed for 9,045 and 158 touchdowns in his career. He rushed for 2,461 yards and 44 touchdowns in 12 games as a senior. His 9,045 rushing yards ranks inside the top-15 all-time in U.S. high school history, per Illinois State’s official athletic site. Per NCAA.com, Robinson received “fleeting scholarship interest from Iowa as he worked to qualify academically to play Division I football.” Robinson didn’t carry the ball more than 85 times in any single season at Illinois State before his breakout 2019 season. He totaled 1,895 yards and 18 touchdowns across 364 attempts this past season and earned a 73.0 PFF rushing grade in the process. He totaled 74 forced missed tackles and averaged 3.66 yards after contact per attempt in 2019. The latter figure tied for 48th among FBS backs with at least 100 attempts this past season. He caught 24-of-32 passes for 144 yards and zero touchdowns in his career, as well.","Given how much physical traits matter at the running back position, you'd expect a 5-foot-9, 220-pound back with a 40-inch vertical and 10-foot-5 broad jump to absolutely dominate FCS competition. Game-in and game-out that was far from the case for Robinson. He's much more of a hole-plugger than a tackle-breaker between the tackles. With a physical advantage over pretty much every linebacker he went against, Robinson far too frequently failed to make the first man miss. WIthout much value add in the passing game, Robinson isn't bringing much to the table at the NFL level.","Bell Cow and then some. 380 Willing to take what's there. Robinson's on-field explosiveness just doesn't match his athletic testing. He's proven he can handle a large workload, but his production wasn't anything inspiring. james Speed is below average. Tip-toes too much on interior touches last year. Translateable between the Tracked down easily out in runs. Will attack tight holes, tackles. space. but not with much juice. Built extremely low to the Shuffling running style doesn't 6 fumbles last season. earth. Ideal for breaking lend self well to sharp cuts. tackles in the NFL. Pinball between the tackles. Little creativity to his running. Bouncing off guys left and right. A lot of nose dives into the line."
"40","Running Back","Junior","Highly coveted coming out of Philadelphia’s St. Joseph’s Prep, D’Andre Swift narrowed a litany of scholarship offers down to Alabama, Clemson, Florida State, Penn State and Georgia before announcing his commitment to the Dawgs in a Bleacher Report- produced video in September 2016. He and his cousin Mark Webb committed to Georgia in the same recruiting class. Swift started running at 7 years old and started competing at 10, per Damon Sayles of Bleacher Report. He raced all throughout high school and clocked a blazing 7.11s time in the 60-meter as a senior. Swift has never had a workhorse role at Georgia. In his three seasons there he has never played more than 500 offensive snaps, but that hasn’t been for a lack of production when he has been on the field. Swift has three straight overall grades of 80.0 or higher, and unlike some other backs in the class, he has been able to do it as a runner and as a receiver. As a runner, over 31% of Swift’s 441 rushing attempts have gone for first downs or touchdowns as he has rushed for 6.5 yards per carry over the course of his career at Georgia. As a receiver, he has shown the ability to be a legitimate threat – even out of receiver alignments – and has dropped just three of his 90 80.4","I'm of the opinion that Swift's build at 5-9, 215 pounds is the ideal size for a running back. Being that low to the earth helps with balance while still not being too heavy that it's detrimental to quickness. All those things are true about Swift ,whose real trump card isn't actually either of those things. He's a precise route runner who has lined up in the slot even at times in his Georgia career. While he may not have the pure elusiveness of some of the top backs in the class, you can count on him to beat linebackers on his routes consistently.","notch. Ran crisp routes from running scheme at Georgia. Swift is a complete running back, but I'm not sure there's much he does with the ball in his hands I'd deem 'special'. If you're valuing him highly, you better have a plan to take advantage of his receiving ability. d’andre Receiving versatility is top- Hails from NFL-style diverse Eyes get antsy looking for cut Can rounds cuts at times back and he'll run himself into instead of planting foot and backfield, slot, and wide. brick wall. exploding. Natural hands out of the Enough juice in the open field High running style will do him Broken tackle rates are backfield. Only 3 drops on 76 to be a home run threat. no favors at the next level. middling by top RB standards. catchable in his career. Solid brick of a frame. Ideal Takes him a while to get it up musculature in upper and lower half. Arm tackles do to full speed. Rarely explodes through holes unless gaping."
"41","J.j. Taylor","Position","J.J. Taylor accepted his lone offer from Arizona coming out of California’s Corona Centennial High School as a three-star recruit (247Sports) in 2016. The 5-foot-6, 155-pounder was named The Times’ back of the year after rushing for 801 yards and 16 touchdowns in four Pac-5 playoff games to lead the Huskies to a Pac-5 title, per Eric Sondheimer of the Los Angeles Times. He gained 2,290 yards and recorded 44 touchdowns in total as a senior, per Arizona’s official athletic site. Taylor played fewer than 20 offensive snaps in 10 of the 11 games he played in at Arizona this past season but still rushed for 719 yards and five touchdowns on 147 attempts on the year. He forced 38 missed tackles and averaged 3.30 yards after contact per attempt. The latter figure ranked outside the top-50 among qualifying backs in 2019. In 2018, Taylor carried the ball 254 times for 1,426 yards and six touchdowns, but he still averaged just 2.48 yards after contact per attempt and forced only 46 missed tackles. In the passing game, Taylor caught 63-of- 80 targets for 486 yards and two touchdowns in his career.","While Taylor was the featured back the past couple seasons at Arizona, that's not realistically going to be his role in the NFL. It's nice that he's capable of punching it between the tackles in a pinch, but Taylor's value is going to be in the passing game. He's a natural receiver who — despite size limitations — will be a nightmare for linebackers to cover or tackle one-on-one. His low center of gravity allows him to stop, start and cut on a dime. Swing screens and angle routes were his bread and butter at Arizona, and that figures to be no different in the NFL.","Plays like no one told him he's So small that linebackers lose Call him a gimmick or gadget player if you want, but space players like Taylor can be difference-makers in the NFL. j.j. Misreads offensive line Zero catch radius. Swing 5-5, 185 pounds. Wants to track of him in the backfield. leverage too much. Lot of runs screens/angle routes is about truck stick you. Not joking. directly into arms of DL. all you can hope for. Light feet. Like a ballerina with Ran behind a rough run Quicker than fast. Truck sticks are fun in college, his jump cuts. blocking line at Arizona. but not realistically winning with power in NFL. No hesitation running between Screen weapon. Tough to pin Not much of big play threat in the tackles. down in open field. 10 broken tackles on 33 catches in 2019. career. Only three carries of 20+ yards all season."
"42","Jonathan Taylor","Running Back","At 6-foot, 211 pounds, Jonathan Taylor was considered a four- star prospect by Rivals and a three-star prospect by 247Sports Composite, ESPN and Scout. He finished his high school career at New Jersey’s Salem High School with 4,642 rushing yards and 51 total touchdowns, per Wisconsin’s official site. He also set the state record in single-season rushing yards with 2,815 as a senior. After picking up the fifth-best SPARQ score out of 500 athletes at the Nike N.J. Opening Regional in 2016, Taylor received an offer from Rutgers, where he initially committed. He later decommitted and chose Wisconsin in November 2016. Taylor was just as much a star on the football field as he was off it before committing to Wisconsin. He won back-to-back New Jersey Meet of Champions titles in 100 meters as a junior and senior while also maintaining high grades as an honor roll student and International Baccalaureate candidate. He also volunteered with community food drive, as a peer tutor and with Operation India project to rebuild a classroom for students in India. Taylor totaled 6,159 rushing yards and 50 touchdowns across his 925 career attempts at Wisconsin and averaged 4.24 yards after contact per attempt along the way. He also forced over 60 missed tackles in each of his three seasons with the Badgers, including his 2019 campaign where he forced 87 missed tackles across 320 91.0 fumbled the football 17 times in his three-year collegiate career. He 92.2 pass-catcher for Wisconsin. He also dropped eight of his 65 total targets. In pass protection, Taylor allowed five total pressures from","In a zone-heavy scheme, we had very few questions about Taylor's ability in the NFL. If he can keep his feet churning, make a decision, and explode, he is an elite runner. All we needed to see was that he could do something in the passing game and Wisconsin made a decided effort to get him more involved in that regard. After housing two receptions out the gate against USF, Taylor reverted back to his same old self with four drops on 28 catchable including another nullified by penalty. That's a tough fit for modern offenses.","Elite combination of size and Contact and arm tackles speed. Legit sprinter wheels at barely slow him down. Have to Taylor's combination of size, speed, and cutting ability should translate nicely to the league. Just don't ask him to be a receiving weapon. jonathan Hands are a disaster. 8 drops Once he stops his feet he's on 50 career catchable. done. Can't get back up to 220 pounds. square him up to take him speed quickly. down. Zone running is first-rate. Willing to run hard through Basically only ran flat routes Pacing and vision are exactly trash and tight holes. prior to this past season. Still near perfect. somewhat limited. Stiff arm that effortlessly Little shake in the open field. bounces defenders off the turf. Very straight line explosive as opposed to laterally."
"43","Running Back","Running Back","Ke’Shawn Vaughn was one of Tennessee’s top high school football players in the state in his preps career at Pearl-Cohn High School. Rushing for 2,646 yards and 45 touchdowns as a senior, Vaughn received 2014 Tennessee Gatorade Player of the Year, 2014 Mr. Football and 2014 4A Back of the Year honors following his final season at Pearl-Cohn. He also starred on his high school’s track and field team as a sprinter, per Vanderbilt’s official athletic site. Vaughn, a four-star back according to 247Sports Composite, committed to Illinois as part of the 2015 recruiting class. He chose Illinois over offers from Notre Dame, Tennessee, West Virginia and Vanderbilt at the time. He, however, transferred to Vandy after two years with the Fighting Illini. Vaughn struggled in his true freshman season back in 2015 with Illinois. He produced an explosive run of 10-plus yards on just 7.6% of his carries and dropped five of his 26 targets in the receiving game. After seeing just 149 snaps in his sophomore season in 2016, Vaughn transferred to Vanderbilt where he found success. In his first year seeing the field with Vandy in 2018, his explosive run rate jumped to over 20% in his 2018 season and he averaged 5.3 77.7 targets. Vaughn’s overall grade dipped from 88.5 to 77.7 in 2019, 88.5","Vaughn’s vision and running style were tailor-made to play the position in the NFL. He will get upfield quickly, get what’s blocked, and then give you a little more. He's been consistently elusive and able to drag defenders with him as he goes. It's actually a positive in his favor that he ran behind some poor run blocking at Vanderbilt considering that's about the holes he'll see in the NFL. It's a tad worrisome that he's on the old side for the position, but we're not worried about running backs beyond their rookie contracts anyways.","One-cut runner. Makes his Great zone vision and no decision and cranks it up to nonsense running style. Vaughn is a one cut runner whose game was made to run in a zone scheme in the NFL. He may not 'wow' like the top of the class, but he can do a good impersonation for far less draft capital. ke’shawn Not going to make too many Production took a step back guys miss. Quite frankly from 2018 to 2019. full speed. doesn't even try. Ideal size and frame for Produced behind ugly Jump cuts are slow and position. Can handle full Vanderbilt offensive line. exaggerated. Do little for him. workload. Plus speed. Can run away Given up 17 pressures on 229 from safeties. career pass blocking snaps. Not great numbers."
"44","Michael Warren Ii","Running Back","Considered a three-star recruit coming out of high school in 2016, Michael Warren II received offers from several Power 5 schools in addition to a handful of Group of Five schools, including Kentucky, Boston College, Cincinnati, Minnesota, Iowa State and Iowa. He picked the Bearcats over all of them. In high school, Warren was named Ohio’s Mr. Ohio for his efforts at Central Catholic High School in Toledo, Ohio. His 7,619 career rushing yards at the high school level rank fifth all time in the state. He recorded 2,000-plus rushing yards in each of his last three seasons at Central Catholic and currently holds the school’s single-game rushing record (385). Warren has been a consistently solid ball-carrier in his three years with the Bearcats. He’s averaged 0.25 broken tackles per rush, 3.75 yards after contact per attempt and has racked up 78 explosive rushes of 10-plus yards in his career. Those aren’t on the same level as a Jonathan Taylor or Zack Moss, but still better than most college backs. There is room to grow with his receiving skills though. Over the last two years, he’s hauled in 46 of 54 targets but generated just a 61.1 receiving grade and wasn’t really productive on a per-route basis by averaging 0.85 yards per route run.","Even though Warren has an ideal size and build for the running back position, the game is trending away from players with his skillset. The brutes of yesteryear have given way to space players at the position. Warren has never been and will never be described as a space player. Some teams still covet a yard churner within their scheme, but he's not going to provide much value for the majority of teams in the league.","All ass and thighs. Great NFL Defenders slide off his legs left Once he comes to a stop it Not going to make defenders Warren has an NFL-body and NFL-running style, but I'd set my sights on someone a little more dynamic than Warren. He can execute a between the tackles run game, but that's about it. michael running back build. and right. Doesn't even faze takes forever to get going miss in the hole. him. again. No issues hitting tight holes. Breakaway speed is non- Complete non-factor against Knows what kind of runner he existent. best two defenses he faced is and doesn't dance. last year (Ohio State & UCLA). Runs behind his pads. Will get Fumbled 5 times his first year whats blocked then a couple more. as a starter in 2018 although 0 in 2019."
"45","Brandon Aiyuk","Wide Receiver","Brandon Aiyuk was a spectacular JUCO receiver in his two years at California’s Sierra College before accepting a scholarship offer from Arizona State in 2018. He totaled 2,499 all-purpose yards and 21 touchdowns in his two-year career. He had more than 10 offers coming out of JUCO, including Alabama, Tennessee, Kansas and Arizona State. The Sun Devils were one of few schools that actually wanted him to play receiver, not defensive back, so he opted for ASU. After two years of junior college, Aiyuk was immediately inserted into Arizona State's wide receiver rotation in 2018. He caught 33 balls that season for 474 yards and broke nine tackles. Little did we know that Aiyuk was about to be in store for a monster season in 2019. As the guy in Arizona State's offense, Aiyuk was targeted 99 times this year and hauled in 65 of them for 1,192 yards. He was damn near unstoppable after the catch with 14 broken tackles and 10.9 YAC average. He was not only a threat to take it to the house on screens and underneath, but was also productive downfield as well. His 384 TDS though he ranked 81st in deep targets (19). Table of Contents","Another year, another Arizona State wide receiver with a sizzling highlight reel. This time, Aiyuk brings a little more well-rounded game to the table. It's worthy asking why he didn't cut into N'Keal Harry's market share more in 2018, but there's no denying that Aiyuk has a skillset that's far more coveted in today's NFL. Not only is he a dynamo after the catch, but he's also very polished before the catch. His ability to maintain speed out of his cuts is second to none in the draft class. Combine that with a number of moves to get off press at the line of scrimmage and you have a top receiver prospect.","Flies off the line of scrimmage. routes. Can get crazy low on point. Caught only three of 14 outside his frame well. Left Aiyuk is one of the most explosive wideouts in an incredibly deep class. That explosiveness has already translated to his route- running and after the catch ability at Arizona State. You need a big-play threat, Aiyuk is your man. brandon Explosiveness off the charts. Flexible lower half to sell Very inconsistent at the catch Didn't always adjust to passes some of his breaks. contested targets in career. some plays on the field. Doesn't lose speed in and out Defenders bounce off his legs. Pushes off a ton down the of breaks down the football Strength throughout frame. field instead of creating space field. with his body. Angle-changing speed. Doesn't Weapon as a returner. One-year wonder. Only 474 need much of a crease to take it to the house. Averaged 34.0 yards per kick return and 16.1 per punt. yards in his career prior to this season."
"46","Omar Bayless","Wide Receiver","Coming out of Mississippi’s Laurel High School as a three-star recruit in 2015, Omar Bayless received four offers: Southern Miss, Memphis, Louisiana-Monroe and Arkansas State. He recorded 70 receptions for 1,442 yards and 18 touchdowns at Laurel, per Arkansas State’s official athletic site. He also lettered in basketball. Bayless took a huge step forward in 2019. After catching fewer than 40 passes in three consecutive seasons with Arkansas State (2016-18), Bayless hauled in 93-of-141 targets for 1,654 yards and 17 touchdowns. He earned an impressive 89.6 PFF receiving grade in the process. He also caught 14-of-31 contested targets this past season. His 45.2% contested-catch percentage ranked 46th among the 79 FBS receivers with at least 20 contested targets in 2019.","I almost feel bad saying I came away from the second- leading receiver in the nation's tape underwhelmed, but you only can watch a small school corner bite on a double move so many times before it gets boring. Bayless is a talented route runner whose best trait is easily his stop/start ability. He shows a nice kickstand in the open field and some YAC ability. The Georgia tape, though, is what people will keep coming back to, as Bayless got pushed around against the only legit competition he faced all year. With limited speed, Bayless got nothing going downfield, either. When every corner he faces next season will be at least that good, that's concerning.","Attacks ball with recklessness Plays more sudden than Sinks deep into hitches and Bayless' production is off the charts, but the level of competition is a big factor. He's on the borderline athletically for the NFL and doesn't project as much more than a WR3 in the league. omar JAG athletically. Even college Disappeared against only you love down the field. Lays athletic testing would suggest. corners were making up Power-5 school on schedule. body on the line. ground on him downfield. 7-12 for 54 yards vs. Georgia. One-year wonder. 39 catches Not many answers for press can stop on a dime. and 566 yards were previous coverage at the moment. Saw career highs. only 154 press snaps last year. Racked up yards on double Boxed into the sideline far too moves. Sells a mean stop-go. easily. Play strength doesn't match weight."
"47","Lynn Bowden Jr","Wide Receiver","Lynn Bowden Jr. was coveted as a four-star recruit coming out Ohio’s Warren G Harding High School. He played quarterback at Warren but was recruited as a wide receiver at 6-foot-1, 185 pounds. As a senior, Bowden totaled 2,277 rushing yards, 1,366 passing yards and 57 total touchdowns. While he initially committed to Indiana in February 2016, he decommitted from the Hoosiers and ultimately opted for UK over offers from Penn State, Michigan State, Michigan, among several others. Bowden is one of the most intriguing prospects in this class. He played slot receiver up until Week 7 of the 2019 season when he was called on to be the quarterback after injuries. In his eight weeks at quarterback, rarely did he actually release a pass attempt and when he did, it was rather bad as he posted a 30.6 passing grade on his 97 dropbacks. The good news is that he isn’t trying to be a quarterback in the NFL and will be sought after as a hybrid running back/slot receiver. Instead of passing, Kentucky had Bowden carry the ball 168 times and he was highly effective in that role. Bowden’s 87.2 TDS broken tackles per attempt were higher than most running backs. In 2018 when he was exclusively a slot receiver, Bowden was 73.0 and was a dangerous player after the catch by averaging 7.7 77.2 catches.","Anytime a player has QB/WR listed as his position, it's going to turn some heads. The best positional designation for Bowden's skillset going forward is OW (offensive weapon). He's not really much of a true wide receiver and definitely not going to be a QB. Truthfully, the best utilization of his skillset could come at running back. He's a little slightly built to play full-time in the backfield, but he was terrific running between the tackles at quarterback this past season. Utilizing him as a weapon that can move seamlessly from the backfield to the slot would create a tough mismatch weapon for opposing defenses.","Running back-esque ability Experience running between Bowden is still more gimmick than wide receiver. While he's incredibly dynamic with the ball in his hands, the worry is that he'll always have to be schemed touches in the NFL rather than collect them through the normal flow of an offense. lynn Routes are uninspired and No physicality along routes or after the catch (or as QB). tackles. 48 broken tackles on lethargic. Little explosion to at catch point. Gets bodied off 166 designed run in 2019. them. his aiming points easily. Swiss-army knife skillset that Limited speed. Not a saw him line up pretty much downfield threat at all in everywhere for Kentucky. career. Clowns linebackers one-on- Never showed much in the one in space. So shifty. way of making plays outside his frame."
"48","Tony Brown","Wide Receiver","Tony Brown received eight offers coming out of California’s La Mirada High School in 2015, including Nebraska, UCLA, Colorado, Purdue and Texas Tech. He originally committed to Texas Tech but later transferred to Colorado after recording 27 receptions for 378 yards and one touchdown across two seasons with the Red Raiders. As a senior at La Mirada, he caught 46 passes for 993 yards and 11 touchdowns, per Colorado’s official athletic site. He also ran track in high school. Brown stepped up in a big way in 2019. After catching 32 or fewer passes in each season prior to his 2019 campaign, he hauled in 56-of-74 passes for 707 yards and five touchdowns en route to a career-high 77.3 PFF receiving grade this past season. He, however, was very limited after the catch. Brown averaged just 4.2 yards after the catch per reception in 2019, which ranked outside the top-200 qualifying FBS receivers.","There's not much on Brown's tape that is going to get you excited. He averaged a paltry 12.3 yards per reception over the course of his college career and had little in the way of pre- or post-catch explosiveness. He's a crafty enough route runner to win from the slot at the college level, but there's not much to suggest that will be the case in the NFL. With poor athletic measurables and middling production, Brown is no sure thing to get drafted at this point.","Brown doesn't quite do anything exceptionally well that he can hang his hat on. That puts him towards the back of a deep receiver class. tony Sure handed over Colorado Lethargic getting off the line of On the older side for the career with five drops on 93 scrimmage. No pop. receiver position as a redshirt catchable past two years. senior. Adept working the middle of No explosiveness in his cuts. Athletic testing was well below the field and finding soft spot Uninspiring routes. average for the position. in defense. Keeps his cuts sharp on in/out Middling career production. breakers. 707 yards was career high."
"49","Marquez Callaway","Marquez Callaway","Marquez Callaway comes from a military family. His mother, father, grandmother and uncle all served, and his brother was recently stationed in Korea, per Tennessee’s official athletic site. He was tagged as a four-star recruit coming out of Georgia’s Warner Robins High School in 2016 and received more than 15 Division I offers, including Alabama, Ole Miss, Auburn and Tennessee. In his senior season at Warner Robbins, he caught 34 passes for 526 yards and five touchdowns, per ""Sports Illustrated."" He was also a star basketball player at the high school level. Callaway never turned in a truly dominant season at Tennessee. He never earned a single-season PFF receiving grade above 76.8 (2018) and totaled just 635 yards and six touchdowns in 2019. He proved limited after the catch (career 4.7 YAC per reception) and dropped eight passes on 122 targets in 2018 and 2019 combined.","Callaway first got on NFL's radar as a sophomore in 2017 when he put up 406 yards at 16.9 yards a clip in the SEC. His best weapon has always been going airborne on the vertical route tree and hauling in contested targets downfield. We never quite saw Callaway develop the rest of the route tree, however. There's little feel in his game for manipulating coverage, and he rarely won in the underneath or intermediate range. It's clear that he has athletic traits you desire at the position, but if the switch didn't flip then I don't think it's happening in the pros.","Plays a touch faster than he Callaway's biggest positive - his work in contested situations - is maybe the least valuable thing a receiver can do when projecting to the NFL. His inability to get off the line makes him a long shot. marquez Comes off the line of Quicks aren't there Short area tested at combine. Showed scrimmage high and leaves routes are a struggle. ability to stack corners chest exposed. downfield. Jump ball specialist. Can sky No salesmanship in his route. Number of reps where he's over defenders and haul in DBs read him like a book. late locating ball downfield. 50/50 balls. Doesn't use his hands along his routes. Lets defenders ride him."
"50","Quintez Cephus","Wide Receiver","Cephus was first-team all-state in Georgia in both basketball and football in high school, receiving Division I offers in both sports before committing to Wisconsin’s football program. He earned the first-team all-state honors for basketball during his junior year and broke a school record for the most points in a playoff game with 53. As for his football resume, Cephus earned his first-team honors his senior year when he averaged over 20 yards per catch while logging 12 touchdowns and intercepting six on defense. Cephus was starting to carve out a nice role in Wisconsin’s offense after seeing 39 targets in his true sophomore season in 2017 but was suspended from the team and later expelled from the university prior to the 2018 season after being accused of sexual assault. Cephus didn’t play a down in 2018 and was later acquitted of the charges. Subsequently, he was reinstated for the 2019 season and eventually became the go-to receiver in the Badger offense.. After missing all of the 2018 season, Cephus returned to the TDS for 901 yards and seven touchdowns en route to an 84.1 PFF receiving grade. In 2017, he caught 30-of-39 passes for 501 yards 82.5 dropped six passes on 135 targets in his career.","Cephus has a lot of traits that make you think his game can translate to the NFL. He's one of the best receivers at handling press coverage in the entire draft class and proved as much in his matchup with the Ohio State cornerbacks this season. Cephus has tremendous ball skills with numerous highlight reel catches on his tape. Unfortunately, Cephus is just so far below average athletically for the position that it's difficult to see him consistently separating in the NFL. It would be one thing if he was an overly physical, imposing receiver with his athleticism, but at only a shade over 200 pounds, it's unlikely Cephus will be imposing his will on NFL cornerbacks.","A number of answers for press No issues playing through coverage already. Quick and contact. Wants to get physical Cephus could step on an NFL field tomorrow and not look out of place, but you're going to have to accept athletic limitations. His inability to separate downfield may limit him to a slot role. quintez No extra gear in the open field Could outphysical college or to stack corners. corners, but at only 202 decisive off the line. with defenders. pounds that might not be case in NFL. Solid frame with plus play Unafraid working the middle of Tight hipped on in/out strength. the field. Held on to balls while breakers. Loses a good deal of taking some big hits. speed on breaks. Hitches are his bread and Burst out of double moves is butter. Ability to throttle down is top notch. lacking. Not a particularly sudden route runner."
"51","Chase Claypool","Wide Receiver","Claypool grew up in Abbotsford, British Columbia, where he played both basketball and football (American rules not Canadian). Per The Athletic's Dane Brugler, Claypool didnt even get callbacks from college coaches until he posted his Hudl highlight film on Facebook. From there, offers started to roll in from across the country. When all was said and done, Claypool was a four-star receiver prospect and chose Notre Dame prior to his senior season. At Notre Dame he's enrolled in the Mendoza College of Business where he's majoring in management consulting. Claypool had a career year from a grading perspective in 2019. The 6-foot-4, 227-pounder hauled in 66-of-108 targets for 1,037 yards and 13 touchdowns en route to a career-high 82.3 PFF receiving grade. While he did log seven drops this past season, he also forced 14 missed tackles and recorded a 124.9 passer rating when targeted. In the three years prior, Claypool caught 85 of his 127 targets for 1,131 yards and six touchdowns and never earned a single-season PFF receiving grade above 66.1.","Claypool is one of the most physically imposing wide outs to line up across from in the nation. Outside of his prodigious size for the receiver position, there's not too much else that excites on Claypool's tape. He's not a particularly fluid or sudden route runner and often gets by on the sheer fact that he's 40-plus pounds heavier than the man across from him. Those types of players go the way of the Dodo in the NFL. The good news is that he's developed so much over the course of his Notre Dame career that his best football is likely still ahead of him. His best bet might be adding on 10-20 pounds and declaring himself a tight end at the next level.","More impressive than most Size to where he could Claypool may have a Darren Waller-esque transformation in his future. He's just not much of a modern wide receiver with where he wins. His catch radius is fantastic, though, and can find a spot on the football field somewhere. chase Built like a horse. Not going to Sets up DBs with his whole Takes a while to build up Downfield routes are very be moved off his track. body down the field. speed off the line. straight line-y. Doesn't attack Head/shoulder/leg fakes. leverage. Only started seeing starter bigger WRs after the catch. 27 legitimately bulk up and play snaps as a junior and then broken tackles on 151 career TE. played second fiddle to Miles catches. Boykin. Made a living at Notre Dame Struggles to keep body clean adjusting to off-target throws. along his route. CBs stay in contact."
"52","Tyrie Cleveland","Wide Receiver","According to the Palm Beach Post, an assailant murdered Tyrie Cleveland’s older brother, Timmie Johnson (19), when he was just 13 years old. His mother, Tracy Colton, moved Cleveland and his younger brother away from Jacksonville, Fla. and to Houston soon after his brother was killed. He eventually blossomed into a star on the football field at Houston’s Westfield High School and was considered a four-star wide receiver recruit in 2016. He received more than 20 Division I offers and ultimately opted for Florida over scholarship offers from Arizona State, Arkansas, Oklahoma, TCU, among others. Cleveland has seen at least 25 targets in each of his four collegiate seasons, but never saw more than 36. In not one of his four seasons did he eclipse a 70.0 PFF grade. When he was given the opportunity to be on the field, Cleveland managed to drop over 11% of his catchable targets. That’s an alarming rate. Cleveland hasn’t been very productive on a per-route basis throughout his career either as he has averaged just 1.65 yards per route run. For perspective, that would rank 256th among TDS","I have to admit that when Cleveland was a late add to the Senior Bowl, I hadn't even gotten around to analyzing his tape yet. Cleveland had never had more than 410 yards in a single season in his career and had as many drops (10) as broken tackles (10) in his four years at Florida. The stats for the most part matched what you see on tape. He's got good enough athleticism for the receiver position in the NFL, but no high-end explosiveness to speak of. He doesn't have plus size or strength either to win in other ways at the next level. All in all, that's a combination that profiles as a late rounder or UDFA who will be back-end of the roster depth in the league.","Long-strider who can get With middling production, quicks, and physicality, Cleveland is very much just a guy at the receiver position in this draft class. tyrie Smooth route breaks. Sinks No physicality to his game. Doesn't have an answer for hips at top of route and Let's defenders dictate press. Got locked up far too explodes on in/out cuts. interaction. often. Never saw another gear to across the field in a hurry on stack corners downfield. deep overs. Body catcher for the most part. 10 drops on 89 career catchable."
"53","Isaiah Coulter","Wide Receiver","Coulter, a Maryland native, wasn’t highly recruited out of high school at Gwynn Park where he was a standout player at linebacker as well as a basketball player. He received interest from numerous schools in the CAA conference in the FCS Division and ultimately chose Rhode Island because that’s where his cousin and fellow 2020 NFL Draft prospect, Aaron Parker, was attending. Coulter made the move from linebacker to wide receiver as a true freshman for the Rams. Rhode Island never had a player invited to the NFL Scouting Combine prior to 2020, and Coulter and Parker were two of three Rams to be invited. After catching just 11 passes on 16 targets for 165 yards and one touchdown in 2018, Coulter caught 71-of-124 targets for 1,036 yards and eight touchdowns en route to a 72.5 PFF receiving grade in 2019. He, however, averaged just 4.2 yards after the catch per reception and logged six drops this past season. He also caught fewer than 40% of his contested targets on the year.","Flip on any game of Coulter's and it's easy to see right away why the true junior has generated draft buzz from an FCS program like Rhode Island. He blazes past small school corners on tape, but you saw even in his FBS matchups this past season against Ohio and Virginia Tech that Coulter has more in his toolbox than pure speed. He's got a nice little deadleg move that he uses to get off press and also to shake defenders in the open field. While he still needs to add some upper body strength, his lower half is more than powerful enough to maintain speed on his routes and shred arm tackles. Now we just need to fix his maddening body-catching habit that gets him in trouble with contact.","Plus speed. Eats up cushion Quick to get head back around Let's the ball come to him in Passive at catch point. 10-26 Coulter is one of the most intriguing small school wide receivers as he possesses the physical tools to separate in the NFL. He has to prove he can deal with NFL-level physicality first. isaiah off the line with ease. to QB on his cuts and locate the air instead of going and on contested catches last ball. attacking it. year. Slants and posts are deadly. Limited catch radius. Didn't Bounces out of breaks without see much adjusting outside his losing step. frame. Has a 1-step hesitation move Still filling out frame. Needs to at line that defeated press nicely. add more play strength."
"54","Gabriel Davis","Wide Receiver","Gabriel Davis, who was listed at 6-foot-3, 205 pounds coming out Florida’s Seminole High School as a three-star recruit in 2017, received some Power 5 interest (Florida State, Kentucky) but zero offers from the big programs. He accepted his offer from UCF over App State, FIU, among other Group of Five schools. According to UCF’s official athletic site, Davis recorded 69 total receptions for 1,347 yards and 17 touchdowns as a senior at Seminole in 2016. 1,045 of Davis' 1,241 yards came on hitches, slants, posts, go's, and double moves. That's not particularly diverse. He's limited as a route runner but can pop the top off of defenses with his straight-line speed. He averaged over 17 yards per reception en route to 1,241 yards and 12 touchdowns as the Knights' primary deep threat in 2019.","Some of Davis' double moves and releases, especially against much heralded Stanford cornerback Paulson Adebo, are gorgeous. Then you see how much of his production is him running in a straight line against small- school corners who can't hold his jock athletically and you worry. The very limited route-tree at UCF is also a concern. Davis couldn't help his competition though nor could he help his scheme. What he could help was his production and he knocked that out the park. He's one of the best high-pointers in this draft class and has the physical tools to be a starter in the NFL. After putting up over 1,200 yards as a 20-year-old (he turns 21 right before the draft), Davis is an intriguing late round project.","Tall and long. Goes up and Shows light feet at the line of Very, very limited route tree. Pumped so many Build up speed. May not blaze Sells double moves so well. Davis is a massive project at this point. It's concerning that his routes were sloppy even on one of the most limited route trees of any WR in the draft. With limited quicks and explosiveness, Davis doesn't profile as a separator at the next level. gabriel gets it with the best of ‘em. scrimmage. Created space of Slants/go's/posts. opportunities in UCF offense. the line in redzone regularly. 128 targets at 16.5 aDOT. Rounded break after rounded Ton of run off/no-routes to fastest 40 but can run away Indecipherable for corners. break. Could get away with it save energy in UCF offense. from DBs when up to full vs. bad competition. speed. Tracks ball extremely well Knows how to hands fight. Will Very little after catch. Will run downfield. Shields DBs with body and attacks ball with swat defender’s hands down before they get a chance. through arm tackles, but not make guys miss."
"55","Quartney Davis","Quartney Davis","Considered a four-star recruit coming out of Texas’ Langham Creek in 2016, Quartney Davis fielded more than 20 offers from Power 5 programs around the country. He took visits to Oklahoma State, Ole Miss and Texas A&M. He first committed to the Aggies in June 2015 but withdrew his commitment as more offers poured in. He then re-committed to Texas A&M in February 2016. He caught 53 passes for 961 yards and 10 touchdowns as a senior at Langham Creek. Davis first broke into the Texas A&M starting lineup back in 2018. He hauled in 45-77 targets that season for 583 yards and seven scores. For an encore this past season, Davis snagged 54- 93 targets for 616 yards and broke eight tackles. That latter figure is likely indicative of who he is. Despite a fairly low 11.8 average depth of target, Davis was never able to get much going after the catch. This past season he averaged only 4.9 yards after the catch and only 11.4 yards per reception. The latter is to be expected from a guy who played 441 of his 581 snaps from the slot, but you'd hope he could do more TDS","The maddening thing about Davis is that arguably his best trait, his speed, rarely got utilized at Texas A&M. Of his 99 catches in his career, only six came 20-plus yards downfield. One of the reasons may be that he struggled to get off press coverage and as such played in the slot a ton. For a 6-foot-2, 200-pound receiver who hasn't proven to be particularly dynamic after the catch, that's likely not going to be his best role at the next level. The hope is that he adds some more strength to his frame and figures out a way to consistently get off contact at the line of scrimmage.","safeties a bunch downfield. Attacks the ball away from his Davis doesn't have too much on tape that gets you excited. He got outmuscled by even college corners and isn't so overly dynamic that you'd feature him on screens or deep. quartney Shifty in his breaks. Froze Unproductive and much of his Bounced off his route far too production was simply sitting easily. Gets pressed into in zones from the slot. sideline on go’s. No downfield production to Really slows down heading body. Doesn't wait for it to get speak of. 6-22 on deep targets into in or out cuts. Gives to him. in career for 153 yards. breaks away at times. Straight line speed to burn. Plays much smaller than listed Can get on safeties in a hurry. 6-2. Not the guy you want on 50-50 balls."
"56","Devin Duvernay","Devin Duvernay","Considered a four-star prospect coming out of Texas’ Sachse High School, Devin Duvernay received scholarship offers from more than 30 schools as part of the 2016 recruiting class. He originally committed to Baylor but reopened his recruitment “in the wake of the school’s sexual assault scandal,” per Tim Daniels of Bleacher Report. He committed to Texas soon after. According to Texas’ official athletic site, Duvernay was an All-American, two- time all-state and three-time all-district honoree at Sachse. In addition to his football prowess, he ran anchor in helping Sachse to a seventh-place finish in the 2015 6A state 4x100m relay with a time of 41.38. Heading into this season it was teammate Collin Johnson who drew all the attention in the Texas receiving corps. Duvernay had all of 41 catches for 546 yards in the prolific Texas attack back in 2018. He took over Lil'Jordan Humphrey's slot role this season, though, and started getting pumped targets. He'd see 129 when all was said and done of which he hauled in 105 for 1,392 yards and nine scores. TDS was the fact that he caught the most screens in the country (42). Still, he was fairly productive on those screens, breaking 14 89.6 encouraging stat for Duvernay though is that he went 8-11 in 65.9 player with question marks about whether or not he'll win deep, that's an encouraging stat.","Duvernay's strengths and weaknesses are very defined. He has extremely consistent hands and running back-esque ability post catch. At the same time, he has almost no experience dealing with contact at or around the line of scrimmage and limited deep speed. With Duvernay, you simply have to understand those strengths and weaknesses and not ask him to be something he's not in the NFL. Throw him in the slot or even in the backfield, put the ball in his hands, and let him go to work.","hands in draft class. Five Strong hands, unfazed by drops on 180 catchable in contact. Duvernay is one of the top slot receivers in the class. While it's difficult to know if he'll be much more, his YAC ability and reliable hands are an easy projection to the NFL. devin Some of the most consistent Physical at the catch point. 42 of his 105 catches came on Breaks often rounded and un- screens in 2019. explosive. Didn't need to beat coverage with routes. career. Running back build that makes Willing to initiate contact when Limited downfield speed. him difficult to bring down hip-to-hip with defender. Held Rarely scared safeties when after the catch. line on slot fades. running the seam. Just as likely to shake No experience whatsoever defenders as he is to run through them. facing press. Only 45 snaps vs. press all season."
"57","Bryan Edwards","Wide Receiver","A native to Conway, South Carolina, Bryan Edwards had offers from the University of South Carolina and Clemson among other top programs in the country as part of the 2016 recruiting class. The 6-foot, 208-pound three-star recruit first committed to South Carolina before de-committing in November 2015 and taking an official visit to Clemson. Per Phil Kornblut of The State, “Clemson gave [Edwards] a lot to think about by offering him a chance to play safety.” It wasn’t enough, though, as Edwards recommitted to South Carolina in December 2015 and enrolled in January 2016. Edwards finished his high school career with 188 catches, 2,652 receiving yards and 32 touchdowns, per The State. Edwards has been starting in South Carolina's offense ever since his freshman year back in 2016. He was very impressive for a freshman, putting up 44 catches for 590 yards. He never quite developed into the true number one receiver though that his freshman year suggested. He never had more than 71 catches or 837 yards in a season. His reception number was very inflated this past year by being the screen guy for South Carolina's TDS year and wasn't too dynamic with them. It's a big reason why he averaged only 11.5 yards per catch in 2019.","While Edwards’ production may have seen a huge leap, it's because 36 of 71 catches were screens this past season. Edwards is largely the same limited receiver we saw heading into 2019. He's a big body, but hasn't been particularly great in contested situations. It was rare to see him create space on his own down the football field. We'll repeat it again and again during draft season, but downfield separation is the true separator for lack of a better word at the receiver position. If you can't do that, you better be elite at a number of other things and we haven't seen that from Edwards over his career.","Big bodied, physical presence. Penchant for highlight reel Could almost pass for a tight grabs. Edwards is limited athletically and hasn't been able to create in one-on-one situations over his career. His highlight reel is great, but the consistency isn't there. bryan Speed and overall athleticism Relied on size to run through is lacking. press coverage instead of end. being able to avoid. Can take a lick after the catch Makes some downfield Over half of his catches this and keep chugging. 27 broken catches look harder than they season were screens. tackles over the past two should. Ball tracking is years. concern. Uses off hand well to gain Will have to thrive on separation along the route. contested catches yet hauled in only 6 of 13 opportunities in"
"58","Aaron Fuller","Aaron Fuller","Fuller, a three-star recruit, had five offers from Power-5 programs coming out of high school: Wisconsin, Northwestern, Iowa, Boston College and Washington. He went to Lovejoy High School in Texas and made a name for himself in his junior campaign when he racked up 1,396 receiving yards and 22 receiving touchdowns on 69 catches while also adding two rushing touchdowns and another as a punt returner. That season he was voted the unanimous Offensive Player of the Year for his district while earning first-team 5A all-state honors. Fuller regressed some as a senior in 2015, but still managed to earn first-team all-district with 86 catches for 1,178 yards and 14 receiving touchdowns while also posting two touchdowns rushing and another two as a punt-returner. Fuller recorded a handful of highlight-reel catches early in his 2019 campaign, but his production slowed as the season pressed on. He finished the year with just 59 receptions for 702 yards and six touchdowns on 91 targets this past season. During the year prior, he caught just 59 of 103 targets for 874 yards and four TDS were among several limiting factors to his production.","Undersized and unathletic is a tough combination in this draft class. Fuller never really was a high-level separator on tape, but he has enough quicks to get away from the average college corner. That's not going to be the case in the NFL and unfortunately there's no real trump card in Fuller's bag. His hands are inconsistent, and his production is poor for a college number one.","Has a second gear to separate 1-handed grab against Eastern Drops are consistent theme. 7 Dealing with contact is a Fuller's production and high-end plays are intriguing, but his drops and size have us worried. Physical corners have given him issues, and he's done very little in contested situations over the course of his career. aaron downfield on deep balls that Washington was one of drops on 67 catchable in 2018 massive issue. Undersized and looked better than testing catches of the season. and 2019. it kills his routes. numbers. Tough to get cleanly at the line Body catcher on easy ones Hasn't offered much after of scrimmage. Sets up means drops may not get catch over course of his career releases well. fixed. with 16 broken tackles on 161 catches. Undersized, but racks up 13-41 in contested situations majority of his yardage as an outside receiver. for career."
"59","A. Gandy-Golden","Not Ranked","Before he ever touched foot on the gridiron, Antonio Gandy- Golden was a gymnast in Chicago. From age 4 to seventh grade, he practiced with The Jesse White Tumblers in Chicago but pivoted to football when he and his family moved to Dallas, Georgia, in 2007, where he went on to be a record-breaking receiver at Paulding County High School. According to Liberty’s official athletic site, Gandy-Golden was a four-year letter winner at Paulding. He totaled 1,083 receiving yards and five touchdowns as a senior at Paulding and finished his preps career with six school records The records didn’t translate into stars, however. Tagged as just a two-star recruit, Gandy-Golden received offers from Elon, Kennesaw State, Liberty, Mercer and Samford. We didn't start grading Liberty until they made the jump to an FBS program in 2018. That season, Gandy-Golden snagged 70 balls for 1,024 yards with 10 touchdowns and 17 broken tackles. He followed that up by going for 79 catches, 1,397 yards, 10 scores, and 16 broken tackles this past season. That's a monster TDS defense. His 27 deep receptions (20-plus yards) over that span were the second most in college football. Unfortunately, a good 89.4 nine more than any other receiver in college football the past two 80.4","While Gandy-Golden has produced at an extremely high level the past couple of seasons, he's not without his concerns projecting to the NFL. He simply doesn't have the burst you'd like at the position. That shows up not only in him getting off the line of scrimmage, but also in his ability to outleap opposing defenders. While he has the flexibility in his route-running to win underneath and in the intermediate range, the juice to separate downfield simply isn't there. That will only get exposed more in the NFL.","freakish for a player his size. receiver post-catch. 15+ While he was uber-productive downfield at Liberty, Gandy-Golden projects as much more of a possession receiver in the NFL. His catch radius and nuanced releases will serve him well in that kind of role. antonio Ability to stop on a dime is Offers more than typical big Takes forever to get going. Needs to get more physical. Curious to see how he'll fare Often lets corner dictate broken tackles each of past 2 vs. real press corners. interaction instead of vice years. versa. Enormous catch radius. Does well to highpoint balls. Level of competition was Liberty QB would just heave it Quick to leave feet and attack rough. Ball skills of the corners in his direction. ball. he faced were non-existent. Already adept dealing with Didn't dominate contested press at the line of scrimmage. Nice release package. situations the way you'd expect. Only 17-37 for season."
"60","Kj Hamler","Kj Hamler","Considered a three-star receiver prospect coming out of Florida’s IMG Academy in 2017, K.J. Hamler received more than 20 offers from Division I programs and took official visits to Oregon, Michigan State and Penn State before committing to the Nittany Lions. Hamler is originally from Michigan and attended Orchard Lake St. Mary’s High School before transferring to IMG Academy for his senior year. He, however, missed his lone season at IMG after tearing his ACL in his first game in Florida. If you’re looking for a separation getter that’s not named Jerry Jeudy or CeeDee Lamb, look no further than slot receiver K.J. Hamler. On targets of 10-plus yards in 2019, Hamler had a step or more of separation on 64% of his targets, which was the fourth highest rate in college football. On top of that, he recorded the fourth most explosive plays of 15-plus yards in the slot since 2018 with 41. His hands, however, are suspect. From the slot the last two seasons, Hamler has hauled in just 80.7% of his catchable targets, ranking 103rd of 106 qualifying receivers. The three that ranked below Hamler TDS","Watching Hamler get vertical against flat-footed safeties, you'd swear somebody hit fast forward. The fear he strikes into opposing defenses with is blend of speed and quickness is a weapon in and of itself. The amount of times he was running free down the field without a defender within 5-yards of him was more than any other slot receiver I saw this past year. Now hauling those balls in at the next level might be a different story. Hamler's hands and ball tracking downfield are legitimate question marks after he dropped 16 balls on 114 catchable opportunities in his career. He's got the type of dynamism that will make you forget about the occasional drop though.","Explodes from a standstill. Different dude in the open One of the quickest players off field. Knows how to find space 12 drops on 70 catchable last outside of frame instead of Hamler is exactly where the NFL is headed at the receiver position. Separation is king and it's damn near impossible to stick with Hamler. He's more deployable as a weapon than true receiver, but there's room for that in modern offenses. kj Hands were a nightmare with Leaves feet a lot to catch balls the LOS in the country. with ball in his hands. season. plucking them in stride. Stays low throughout his Varies speed along route Played almost exclusively from Can do too much with ball in routes. Doesn't lose speed on stems. Knows how to lull slot. 616 of 694 snaps in 2019. his hands looking for home run breaks. safeties to sleep. Limited press experience. instead of moving chains. Speed to keep separating. Nearly un-guardable on So slightly built. Goes down Late to locate ball on a Defenders weren't catching him from behind. underneath option routes. Special ability to sell in/out very easily on contact. number of occasions. Tracking downfield is a"
"61","Tee Higgins","Wide Receiver","Tee Higgins, a four-star recruit native to Oak Ridge, Tennessee, first committed to the Vols in August 2015. He was eager to play “right in [his] backyard” and have his family watch him play so close to home at Tennessee, per Mike Blackerby of the Knoxville News Sentinel. He, however, decommitted from his home state’s top school to announce his commitment to Clemson in a Bleacher Report-produced, fireworks-heavy video on July 4, 2016. Higgins hauled in 68 receptions for 1,044 yards and 18 touchdowns as a senior at Oak Ridge High School, per Clemson’s official athletic site. He also had success on the basketball court, averaging 15 points and 6.6 rebounds per game as a junior and helping his team to a 20-2 record as a senior. There are very few wide receivers who have performed near the same level of Tee Higgins these last couple of seasons. He’s produced a receiving grade among the 10 best wide receivers in the FBS in each of the last two seasons, forming a two-year PFF grade that is the second best in college football. Higgins has had his way with defensive backs trying to defend him in tight TDS and massive catch radius. He’s the only receiver to produce a two-year PFF grade above 90.5 of 15-plus yards on a quarter of such targets. He’s not a 87.7 obtained an average rate of targets with a step or more of separation 10-plus yards downfield.","Higgins is probably the most complete 'big' wide receiver we've seen come into the league in quite some time. The things you normally worry about with tall wide outs is their ability to get off press. Higgins proved he could do that against two of the best press corners in the country during Clemson's playoff run. With plus speed for his size, ridiculous ball skills, and production for multiple seasons, I feel good about Higgins hitting the ground running next year.","Catch radius is enormous. Doesn't need separation to win Rounds breaks a lot down the Pretty much anywhere from down the field. Can climb the Higgins’ combination of size, speed, and ball skills would put him at WR1 in a lot of previous draft classes. Pair him with a QB willing to give him chances to make plays even when covered and watch him rack up numbers. tee field. A suddenness that is the turf to 10 feet in the air. ladder on any corner. missing. Tantalizes from a Far quicker fit at the line of Lets himself get pressed too size/speed/hands perspective. scrimmage than most tall far to sideline on gos leaving WRs. Multiple ways to beat little room for QB to fit in. press. True highlight reel ability with Can win after the catch as Numbers a tad inflated by some of the surest hands in the FBS. well. 10+ broken tackles in 2018 and 2019. playing with Trevor Lawrence."
"62","John Hightower","Wide Receiver","Rated as a three-star JUCO transfer leaving Mississippi State’s Hinds Community College prior to the 2018 season, John Hightower fielded offers from several top programs, including Arizona State, Kansas and Boise State. He ultimately chose the Broncos over the Sun Devils after taking official visits with both programs in November 2017. Hightower caught just 31 passes for 509 receiving yards and seven touchdowns in his two years at Hinds CC. After two seasons at Hinds Community College, Hightower started off his junior season at Boise State with a bang, going for five receptions, 119 yards and a touchdown in Week 2 against UCONN. He didn’t have a big role that season, but he did have a defined one – deep threat. Hightower’s average depth on his 46 targets was over 18 yards downfield, and he turned them into 31 receptions for 504 yards and six touchdowns on just 132 routes. He expanded that out to 380 routes last season for the Broncos. He wasn’t quite as efficient as he was in 2018, but he still averaged 2.48 receiving yards per route run, and his 18.5 yards TDS 50 or more receptions.","Hightower has legit speed to burn, but the sample size and level of competition he faced are real reasons for pause. Even in a career year this past season, Hightower managed all of 51 catches. Now they went for 18.5 yards a pop and eight scores, but that's still a fairly low number considering the Mountain West competition. We'd love to see Hightower continue to get bigger as he might have a rocky start to his career at his size. It's rare to see receivers so wide open in the NFL downfield that they aren't contested and I can't see Hightower winning too many contested balls at his weight.","Downfield wheels to run past Tracks balls downfield well almost any corner in college and won't simply sit and let it Outmuscled at the catch point the football on a number of Hightower will likely go later than most deep threats with comparable ability because of his slight frame, the level of competition, and the deep receiver class. That's only going to make him more of a steal. john So slightly built still. Slow to react to the snap of football. come to him. downfield. occasions. Varies speed on go routes to Rarely faced any press Only 81 career catches. lull corners to sleep before coverage and an unknown in blowing past. that regard. Gets north/south quickly on Drops weren't an issue, but screens and lets his speed takeover. couldn't haul in some balls outside of frame."
"63","K.j. Hill","Senior","A consensus four-star recruit in the 2015 recruiting class, the 6- foot, 188-pound K.J. Hill had 19 offers to choose from coming out of Arkansas’ North Little Rock High School. He first committed to Arkansas to stay in his home state but decommitted in January 2015. He made an official visit to Alabama and fielded an in-home visit from Nick Saban himself before committing to Urban Meyer and the Buckeyes in February 2015. As a senior, Hill caught 58 passes for 1,023 yards and 11 touchdowns while also picking up 386 yards and seven touchdowns on the ground, per 247Sports. With all the talent that has run through the Ohio State receiving corps the past few season, it's difficult to judge them solely by their numbers. Probably the most indicative number of Hill's skillset over the course of his career are his drops. He's let only nine out of 210 catchable passes hit the turf. He's been a consistent slot weapon for the Buckeyes over the past three season, but it's been basically all underneath. He's caught only 32 passes targeted 10+ yards downfield over the past TDS the top of this class.","Hill's underneath routes are gorgeous to watch. He's crisp in and out of his breaks and sells his cuts like a veteran in the NFL. It's also the least valuable depth of the route tree to win at. From what we've seen from Hill over the course of his career at Ohio State, that's likely the only place he'll be winning in the NFL. He's not exceptional fast or physical with his routes. That immediately diminishes his value in our eyes and drops him well down our board.","wants to be that can separate out of break. Hill's lack of speed or reps outside make him a very likely candidate to be a slot only at the next level. His combination of creative running and hands give him a good chance to succeed there. kj Sudden route runner when he Runs a deadly slant. Explodes Long speed looks mediocre on A lot of schemed production tape and rarely ran downfield out of the slot in Ohio State's with ease underneath. routes. offense. Catching ball is second nature. Body control to adjust to off- Slot only in Ohio State's Bad habit of rounding breaks No bobbles or double catches. target passes without offense. Limited, primarily on in and out routes. completely breaking stride. underneath route tree. Solid lower half. Can shred Ugly concentration drops that Still has to prove he can beat through arm tackles and give a dead leg in open field. came in bunches. press coverage. 46 snaps vs. press all year."
"64","Isaiah Hodgins","Wide Receiver","Tagged as a four-star recruit coming out of California’s Berean Christian High School at 6-foot-3, 194 pounds, Isaiah Hodgins fielded offers from more than 10 Power 5 schools before committing to Oregon State in 2016. He originally committed to Washington State but later decommitted to join the Beavers. Hodgins recorded 279 receptions for 4,372 yards and 61 touchdowns in his high school career. If we were to hand out an award to the best hands in this draft class, it might go to Hodgins as he has dropped just three of his 249 targets in his three-year career. He was relatively average in his true freshman season in 2017 but has been one of the highest-graded receivers the last two seasons. Hodgins owns a two-year PFF receiving grade that is among the five best in the nation. Using his 6-foot-4 frame, Hodgins has posted the highest contested catch rate in that same stretch at 67.4%. That being said, his lack of speed gives him little to no after the catch ability. He’s averaged 3.2 yards after catch per reception in his career TDS rate of getting separation is far below the FBS average.","Hodgins may very well be the most difficult evaluation of any receiver in this draft class. His strengths and weaknesses are so well defined, but it's difficult to say exactly what each is worth. He flat-out has the best ball skills in the draft class. His combination of hands, body control, and contested catch ability is unmatched by pretty much every metric. He also possesses well below- average speed, explosiveness, strength, and quicks. The 6-4 Hodgins seemingly missed his calling by not bulking up and playing tight end. Because with that lack of physical tools is almost a non-starter in the NFL.","Adjusts to off-target throws Ball skills on another level. Hodgins pairs some of the best body control in the draft class with uninspiring athleticism. I simply can't see him separating consistently in the NFL with his level of explosiveness. His path to success is as a big slot, working the middle against zone. isaiah Nothing after the catch. 11 Slightly built for his size. Tall, with ease. Terrific body Highlight reel grabs weekly. Broken tackles on 176 career but not particularly strong. control. catches. Knows how to manipulate a Does a lot of the little things Gets off the line at a snail's Loses a lot of speed on in/out cornerback with his stem. Not well as a route runner. Never pace. Any reasonable press breaks. Doesn't even have a straight-line route runner. tips his hand on his routes. ends him. much to begin with. Probably the best hands in the Great feel for finding holes in Top-end speed is poor. Never country. 3 drops on 179 career catchable passes. zone over the middle of the field. saw him stack and separate downfield."
"65","Justin Jefferson","Wide Receiver","Jefferson played both offense and defense at Destrehan high school in Destrehan, Louisiana. As a senior, Jefferson caught 44 passes for 956 yards and nine touchdowns. Jefferson also ran track at Destrehan. He was rated as a three-star prospect by 247Sports and Scout. Jefferson come from an athletic family as his two older brothers Jordan and Rickey both started for the LSU football team and Rickey went on to play for the New Orleans Saints. Jefferson’s father, John, played college basketball at Nebraska Western and Northeast Louisiana. Jefferson didn’t have much of an impact in his true freshman season in 2017 – seeing only one target on the season and rushing the ball once for four yards – but his role began to increase as a sophomore in 2018. Jefferson played 697 offensive snaps, primarily out wide, and he served as an effective target in the passing game. He averaged over 16 yards per reception while generating a passer rating when targeted of 121.4 on his 85 targets. Jefferson shifted inside to play 78% of his snaps from the slot TDS receptions (111), receiving yards (1,540) and receiving touchdowns (18). A big part of that was obviously the offensive 85.3 possible, but Jefferson deserves his share of credit as well.","One of our biggest motto's at PFF when it comes to draft prospects is that 'we need to see it first'. That basically means we'd like to see a draft prospect do something at a high-level before projecting them to do so in the NFL. Whether that's rush the passer, throw with accuracy, or beat man coverage, we feel more comfortable seeing it. With Jefferson, his massive breakout season was routinely the product of exploiting holes in zone coverage rather than creating space himself. Until we see that, we're just going to be hesitant to covet a prospect too highly.","his body and plucks it out of break tackles in the open field Jefferson's body control and ball skills are superb. Whether or not he can consistently create space to work on his own from the outside remains to be seen. justin Attacks the ball out away from Has a number of ways to Bounced off his route easily by Still needs to add muscle to any sort of contact. his frame. the air. after catch. Owned the best contested Varies pacing on routes well. Barely seen any press catch conversion rate in 2019 Will roll slow then explode out coverage as slot. 106 snaps all of any receiver in the draft of breaks. last year. class. Loose hips. Sells double So much of his production this moves with ease. season as come on over routes finding a hole against"
"66","Van Jefferson","Wide Receiver","Van Jefferson was heavily recruited coming out of Tennessee’s Ravenwood High School in 2015. The 6-foot-2, 183-pound four- star received fielded offers from more than 15 schools, including Georgia, Ole Miss, Michigan, Oklahoma, Auburn and Florida. He originally committed to Georgia but de-committed from the school two weeks before signing day. He then signed with Ole Miss in late January. Jefferson caught over 80 passes with the Rebels before transferring to the University of Florida after the NCAA handed out sanctions to Ole Miss. Jefferson was immediately a starter back at Ole Miss his redshirt freshman season in 2016. That was in a receiving corps that also featured D.K. Metcalf and A.J. Brown, yet it was Jefferson who outproduced both with 49 catches for 543 yards. Fast forward three years later though and Jefferson is still yet to take the next step from a production standpoint even after transferring from Ole Miss to Florida. This past season with the Gators, he only managed 49 catches again for 657 yards with TDS wide receiver friendly, those are rough numbers for career highs.","Jefferson will be a difficult evaluation around the NFL for a number of reasons. The first is that while he's been starting since 2016, he's never put up more than 657 yards in a single season. Already 23 years old, it's difficult to see where he improves if he hasn't already. That's worrisome considering one of his biggest cons is simply play strength which you'd think he'd have an advantage over college corners given his age. On the positive side though, Jefferson has legit speed and consistent hands. He ran away from college corners with ease with free releases. Whether or not he can consistently stack corners from press remains to be seen though.","Jefferson offers something as a deep threat, but his inability to deal with physical play limits his usage out of the gate in the NFL. Considering he's already 23, that's concerning. van Speed to run away from Terrible quarterback situation Doesn't vary speed on Needs to add more muscle. defensive backs. Separates at Florida limited his downfield routes to lull Completely taken out of too and keeps separating. production numbers. defenders to sleep. many plays. Bounces on in/out routes. Knows how to attack Contact is a death knell for Will be 24 by the time his Explosive laterally. defenders' blind spots to win him. Rarely made plays with rookie season starts. leverage battle. contact on the route. Solid enough hands. 13 drops Throttles down very quickly. Nothing special after the Production numbers are on 187 catchable in career. Runs a nice hitch. catch. Only 17 broken tackles on 174 career catches. average at best. Didn't dominate even if just for a"
"67","Jauan Jennings","Wide Receiver","Jauan Jennings originally committed to Tennessee as a four- star dual-threat quarterback as part of the Vols’ 2015 recruiting class. Th 6-foot-3, 188-pound Tennessee native had offers from several top SEC schools before he opted for the Vols, including Alabama and Auburn. As a junior, Jennings led Blackman High School to a state championship and threw for 1,465 yards and 14 touchdowns in the process. Jennings made the switch from quarterback to receiver in the training camp leading up to his freshman season in 2015. He caught 54 passes in 2015 and 2016 combined before taking a medical redshirt for a wrist injury in 2017. Jennings came to Tennessee as a quarterback but was quickly ushered into wide receiver as a freshman. He had a bit of a breakout campaign as a sophomore when he hauled in 40 balls for 580 yards and broke 12 tackles in the process. Over the next couple of seasons though he failed to build upon that sophomore campaign. A wrist injury limited him to only 17 snaps in 2017 and then he fell out of favor to some degree in TDS Week 1 when he put up over 100 yards against Georgia State. He would go on to rack up 59 catches for 969 yards, but more 88.9 receivers in the nation.","Tackling Jennings in the open field often times looks like what I imagine a person trying to tackle a horse would look like. Even if you get both of his legs, somehow, he still doesn't go down. His suddenness and balance are top-notch for the position, which is a good combination to have. Lacking any sort of long speed though and experience against press coverage is a bad combination that he also possesses. Still, he has un- coachable YAC ability that will surely translate to the NFL and he has all the skills necessary to get off press coverage with ease.","So damn tough to bring down Showed up when it mattered Long-strider who can take a Body positioning at the catch Jennings’ background at QB shows up in the open field time and time again. The polish isn't there yet, but the raw physical tools very much are. Jennings is a very strong 'how did he fall to there?' candidate a few years down the line. jauan after the catch. Balance is most. 664 yards and 21 while to get up to speed. point is concern. Out leveraged special. broken tackles in 8 SEC Stop/start is lacking. more than you'd like. games. Legit suddenness for a big WR. Playing through contact on On the older side of the class. His dead leg works almost route still a question mark. 22 now but will turn 23 over every time. summer before season. Sells double moves with the Vast majority of production best of them in college football. came from the slot working against zone."
"68","Jerry Jeudy","Jerry Jeudy","Considered a five-star prospect by Rivals and 247Sports Composite, Jerry Jeudy was one of the most coveted wide receivers in the 2017 recruiting class. He visited the University of Miami (Fla.) and Alabama but ultimately committed to the Crimson Tide in January 2017. Jeudy worked out every other day with fellow Pompano Beach, Florida native and former Alabama star wide receiver Calvin Ridley as a 10th-grader, per John Zenor of AP News. “Great player, works really hard and deserves everything coming his way,” Ridley said in December 2018. “We played high school together and grew up together a little bit. Just seeing him grow and becoming the player he is — that’s the most exciting thing.” Jevon Glenn, Jeudy’s high school football coach at Deerfield, also poured praise onto the young wideout. “He’s got plans, he’s got reservations in his mind to be one of the best when it’s all said and done,” Glenn said. “That explains why he works so hard and why he’s so focused.” Alabama’s wide receiving corps in 2019 was one of the best that college football has ever seen, and Jeudy was the best of that group. He didn’t see a whole lot of opportunity during the 2017 season as a freshman, catching 14 of his 25 targets for 264 yards and two touchdowns. That changed in a big way in 2018 – a season in which Jeudy emerged as on the top wide receivers in the entire country. The 6-foot-1, 192-pound wide receiver racked up over 1,000 yards 86.0 as a sophomore, and then he did the same thing as a junior. One 86.8 in the class is that Jeudy has run the majority of his routes from the slot during his career at Alabama, averaging 3.49 yards per route run","There are holes to poke in Jeudy's game for sure, but I'm honestly not sure they really matter. He didn't face press a ton nor did he have a ton of contested targets. You usually feel uneasy when both those things are true about a prospect. That is, unless they were as dominant as Jeudy was in the limited times he saw both. He was too quick for corners at the line of scrimmage and may very well not see much press at the NFL level because of how deadly his speed can be. With how special he is as an athlete, don't expect many corners to be close to him to contest passes in the NFL either.","Elite deep speed that shows up in every aspect of the despite not being the most He may not look like Julio Jones or Amari Cooper from a body perspective, but Jeudy is every bit as good a prospect as those two coming out of Alabama. jerry Superb at the catch point Too many alligator arm Didn't haul in as many throws attempts when working over outside his frame as you'd like game. physically imposing. the middle of the field. from an elite receiver. Dead leg made defenders miss Natural hands catching. Slightly built and still hasn't without even touching him on Plucking the ball looks filled out his frame. an almost per game basis. effortless. Understands how to Deadly in the open field. Threat Rarely faced press coverage manipulate leverage of defensive backs. Rarely to house it from anywhere. working primarily from the slot at Alabama."
"69","Collin Johnson","Wide Receiver","Listed at 6-foot-6, 200 pounds as a four-star recruit coming out California’s Valley Christian High School, Collin Johnson scooped up offers from Texas and Alabama among 10 other Division I programs. He committed to the Longhorns before his junior campaign in April 2014. Johnson suffered a season-ending shoulder injury two games into his senior season in 2015 but still joined Texas as an early enrollee in January 2016. Pre-injury, Johnson caught 49 passes for 921 yards and 11 touchdowns as a junior at Valley Christian, per Texas’ official athletic site. Johnson has recorded 50 or more targets in each of the past four seasons, including his 103-target junior campaign that he turned into 68 receptions for 985 yards, seven touchdowns and an 80.5 PFF receiving grade. He’s dropped just 11 passes across his 306-target career at Texas, and he’s caught north of 60% of his career targets. He’s never averaged more than 4.7 yards after the catch in any single season of his career. In an injury-plagued 2019 campaign, Johnson caught 38-of-57 targets for 555 yards and three touchdowns. He’s limited after the TDS lack of elite separation ability.","Johnson's weaknesses are almost counter intuitive. When you think of a 6-6, 220-pound wide receiver, visions of Megatron dance in your head. He has to be beating up opposing cornerbacks, right? Well it's actually the opposite. Johnson's biggest issues is that he lacks the suddenness to get off the line of scrimmage efficiently and get cornerbacks out of his hip pocket. Separation is king in the NFL and Johnson doesn't fit that mold. His best bet may actually be in a big-slot role where his catch radius and run blocking can play a factor.","The type of enormous catch More YAC ability than you'd radius that quarterback's with expect from a receiver his size. look laborious. Not his game. package to consistently beat shaky accuracy dream of. Until we see Johnson have any sort of answer to press coverage or more physical corners, we're going to be low on him. Size will only get you so far in the NFL. collin Deep hitches and comebacks Doesn't have refined release press coverage. Knows how to use his Long strider who rarely cedes Little shiftiness at the line of Doesn't use size at the catch prodigious length to keep ground once he stacks a scrimmage and throughout point as well as he should. defensive backs hands off him corner. route. Outmuscled by smaller throughout route. corners. Flexibility and fluidity that's Back-shoulder weapon with Takes a while to get up to full rare for a bigger wide receiver. the right QB. speed. Getting off line will be an issue."
"70","Juwan Johnson","Wide Receiver","Johnson was a highly coveted four-star recruit coming out of high school. During his senior year, Johnson totaled 42 catches for 804 yards and nine touchdowns as a receiver while also playing defensive back and recording 22 stops. He was invited Nike’s all-star prospect camp The Opening in 2014 and U.S. Army All-American Bowl in 2015. Ranking among the top 200 prospects overall in the 2015 class, Johnson received numerous offers including some from blue-blood programs Alabama, Ohio State and Penn State. He eventually committed to the Nittany Lions and later transferred to Oregon as a graduate. His brother George Johnson was a UDFA in 2010 and went on to spend time in the NFL over the years with various teams as an edge defender. Even with Justin Herbert under center, Johnson struggled to produce at a high level consistently in his first and only year with the Ducks in 2019. Before transferring to Oregon, Johnson caught 81 passes for over 1,100 yards and two touchdowns in three years at Penn State. His career-best season came in 2017, when he hauled in 54-of-77 receptions for 701 yards and one TDS 2019 with Herbert and the Ducks, he caught just 30-of-51 targets for 467 yards and four touchdowns. His 19 drops on 177 targets 67.7","It's easy to fall in love with big-bodied receivers like Johnson, as they often look dominant against lesser athletes at cornerback in college. Unfortunately for Johnson, I'm not sure he really even did that. Johnson had a whale of a time getting off any reasonable press- corner and let defensive backs into his pads play after play. There's no shiftiness in his game to speak of and he doesn't have near the physicality or ball skills to make up for it at the catch point.","Tall with long limbs gives him Johnson is another big-bodied wideout who will struggle mightily to beat coverage on his own in the NFL. Combine that with bad hands, and the projection is bleak. juwan Lumbers downfield. No juice Very inconsistent hands over a huge catch radius. to him whatsoever. career. 19 drops on 130 catchable (14.6%). Long strides. Once he gets Takes forever to hitch up when Will turn 24 as a rookie. going, he can get stride away at full speed. Vertical route from DBs. tree won't be his strength. Smooth athlete for a big man. Let's corners eat his lunch in Not nearly as physical at catch Looks comfortable adjusting to balls outside his frame. press. Doesn't use size to advantage. point as could be. 4-14 last year."
"71","Tyler Johnson","Wide Receiver","A three-star recruit and native to Minneapolis, Minnesota, Tyler Johnson chose Minnesota over offers from Iowa, Iowa State and Wisconsin in October 2015. At Minneapolis North High School, Johnson played quarterback and defensive back, throwing for 2,606 yards and 36 touchdowns en route to an 11-2 record. He also added another 1,110 yards and 20 scores on the ground, per Minnesota’s official athletic site. Quarterback was never in the cards for the Gophers commit, but Minnesota’s head coach at the time, Tracy Claeys, believed Johnson could star at receiver after witnessing his elite receiving ability at the Semper Fidelis Bowl in Carson, California, per TwinCities.com. Claeys’ praise didn’t waver in camp, either. “There’s no way he’ll redshirt. I mean, you’re going to see him Thursday night [against Oregon State],” Claeys told 100.3-FM in August 2016. “He’s just done unbelievable at wide receiver. His hands — he goes and gets the ball, blocks, it’s been unbelievable.” No receiver in college football earned a higher PFF receiving grade in 2019 than Johnson at 92.2. He’s recorded 90.0-plus PFF TDS each of the past two seasons. From a production standpoint, it really doesn’t get much better than Johnson. There are some 91.8 a way to win his routes consistently with strong releases and 89.6","I'd be lying if I said the drops are a concern with Johnson. They've been consistent and prevalent over the course of his career. Also, they haven't stopped him from being one of the most productive receivers in college football each of the past two seasons. They are mainly of the concentration variety as well as he's attacked the ball correctly over the course of his career. Johnson's route-running chops are top notch and even though he's a good tier below the top of this WR class athletically, I still believe that will translate to the league.","One of the most refined route Proven track record of winning Johnson may not wow with his speed or burst, but no testing number is going to capture the way he subtly sets up defenders snap after snap to get himself open. Some NFL team is getting a hell of a route runner tyler Straight line speed a good runners in college football. both out wide and from the notch below the other WRs at slot. the top of the class. Shiftiness off the charts. Should be a red zone weapon Drops range into problematic Shows up at LOS and route with his ability to create territory. 24 drops on 238 breaks. separation in tight quarters. career catchable. Already looks like an NFL Back-to-back top 10 seasons Moves at the line of receiver physically. Playing through contact is nothing for in yards per route. scrimmage can take a while to work. Can get dancy."
"72","Ceedee Lamb","Wide Receiver","Hailing from Richmond, Texas, four-star wide receiver recruit CeeDee Lamb received offers from almost all of the top schools in the country coming out of high school. And though he decommitted from Oklahoma in April 2016 to “think things over,” per Joey Helmer of 247Sports, he recommitted to the Sooners in July of that year. Hauling in 98 receptions for 2,032 yards and 33 touchdowns as a senior at Texas’ Foster High School, Lamb took home the All- Greater Houston Football Offensive Player of the Year award in December 2016. His 2,032 receiving yards ranks fourth in state history and he is tied for second in state history with 33 receiving touchdowns, as well. Lamb caught 46 passes for 807 yards and seven touchdowns in 2017...as a true freshman . The fact that that has been his floor at Oklahoma tells you about all you need to know about Lamb as a prospect. He can beat you at the line of scrimmage, on the route, at the catch point and after the catch, and that is exactly what he has done throughout his career at Oklahoma. TDS route run; he has gained 9.2 yards after the catch on average, forcing 38 missed tackles in the process; and he has generated a 90.0 grade of 91.3. There isn’t a whole lot to overthink here. Lamb can 85.0","When it comes to Lamb's deficiencies, there's really only one that stands out: his speed. And it's not like he's completely bereft of it, rather it's not up to par with all the other things Lamb does at an elite level. Hands, YAC, route-running, releases - all elite. He's the type of talent you'd be silly to pass on at the top of the draft hoping to get a comparable receiver in the second round. It's just not going to happen.","High-quality ball skills. Attacks Scintillating with ball in his Free release after free release Not a lot of talent at the Lamb is the most advanced wide receiver prospect I've seen since we started grading college players six years ago. That's not to say he's the best, but the little things about the position he's got down pat. ceedee the ball instead of waiting for hands. 26 broken tackles were in Oklahoma offense. cornerback position in the Big it. 2nd most in country. Runs a mean hitch. Flexibility Play strength far better than Surprisingly unimpressive to sink, stop, and work back in his listed weight at 191 selling double moves. split second. pounds. Subtly manipulates defenders Does a terrific job of not Speed isn't special as others in throughout the route pacing, steps, and head fakes. exposing his chest at the line of scrimmage against press. top of class."
"73","Kalija Lipscomb","Wide Receiver","The 6-foot, 185-pound Kalija Lipscomb earned all-state honors as a junior and as a senior at Jesuit High School in New Orleans, combining for over 100 receptions, 2,000 receiving yards and 25 touchdowns in those two seasons. As his high school coach Mark Songy said, “Kalija produced many big plays for Jesuit’s offense at times when we needed them very much,” including two touchdowns in the 2014 state championship game, per Jesuit High School. Lipscomb chose Vanderbilt over other offers from Louisiana Tech, Nebraska and Northwestern in February of 2016. We loved what we saw from Lipscomb after the catch in 2018 when he broke 11 tackles on 88 catches and gained 923 yards. That yardage total though should be raising red flags as his 10.5 yard per reception average is incredibly low. He simply hasn't been a downfield threat at any point in his career and while his elusiveness was even better in 2019, his downfield effectiveness took a step back. He caught only 45-80 targets this past season for 493 yards. He actually broke 18 tackles on them, but 15 of his 45 catches on the year were screens.","While his quarterback situation at Vanderbilt wasn't the best, it's difficult for us to get on board with any outside receiver who only caught 10 balls targeted 10+ yards downfield all season. He's not a terribly explosive route- runner and his slight build gets bullied by corners in press coverage. There's at least something to work with with how dynamic Lipscomb is with the ball in his hands, but you'll have to scheme ways to get it to him.","Lipscomb has never shown the ability to win downfield that we covet here at PFF. His post catch work is nice, but he's not the type of athlete you want in a gadget player. kalija Sinks deep into the turf on Average overall athleticism. TE Racked up easy targets cuts. Leads to clean, crisp Jared Pinkney would be out- underneath. Only 19 of his 45 breaks on full tree. striding him downfield at catches resulted in first times. downs. Strong hands at the catch No deep production to speak Thin build and little strength to point. Converted 22 of 39 of. 4 catches for 148 yards. manipulate DBs during route. contested catches last 2 seasons. QB at Vanderbilt left a handful Disappeared against NFL- of yards and opportunities for Lipscomb on the table. caliber corners at Georgia and Kentucky."
"74","Austin Mack","Wide Receiver","Considered a consensus four-star receiver recruit coming out of Indiana’s Bishop Luers in 2016, Austin Mack fielded offers from Alabama, Cal, Ohio State, Mississippi State, Wisconsin, among others. He scored 49 career touchdowns and totaled 2,672 career receiving yards in his preps career. According to Ohio State’s official athletic site, “Mack is president of Redefining Athletic Standards, a student organization he founded with another group of students to discuss issues on campus and create events to help them to be defined by more than sports.” Mack has been seeing time for the Buckeyes dating all the way back to 2017 but has never quite seen his role expand since. By year he's had 38 targets, 42 targets, and 39 targets. The advanced stats don't paint much of a prettier picture. He's dropped seven balls on 86 catchable over his career and broken eight tackles on those catches. If you're going to be drafting Mack, it's not going to be because of any statistical reason.","As we saw with Terry McLaurin last season, just because Mack doesn't tick the production box, doesn't mean he's not a legit prospect. He made his fair share of acrobatic catches this past season. Unfortunately, there's a reason he had to make so many and it's because his separation ability down the field is lacking. Mack lacks the burst and suddenness you'd like at the position and as such we're not going to be high on him. He's worth a late-round flier, but I don't think we have another McLaurin situation on our hands.","Going to high point it even if Mack has NFL-ready ball skills but lacks the physical tools of a top receiver prospect. He's just going to struggle to get open on any sort of vertical route tree at the next level. austin Attacks the ball in the air. Loaded OSU offense, but still Suddenness is sorely lacking. no notable production at all. Routes don't have any pop to no one else is around. them. Utilizes hands along route to Not much of anything after the keep clean. Stacks more CBs catch for his career. Eight than he should because of it. broken tackles on 79 catches. Large catch radius. Did well to Not enough speed to strike bring in balls outside his frame. fear in defenders. Needs a little build up."
"75","Denzel Mims","Wide Receiver","Of the five offers Denzel Mims received coming out of Texas’ Daingerfield High School in 2016, only two were from the Power 5: Baylor and Texas Tech. The 6-foot-4, 180-pounder was considered a three-star wide receiver recruit according to 247Sports Composite. He was a four-sport athlete at Daingerfield, including track, basketball, football and baseball. He played quarterback all throughout junior high and into his freshman year of high school before injuring his arm playing baseball, per John Werner of the Waco Tribune-Herald. He went on to play receiver, running back, cornerback and safety on the gridiron in addition to playing “every position on the floor” on the basketball court and winning titles in track, per Werner. After barely seeing the field as a freshman back in 2016, Mims broke out with a monster sophomore campaign that saw him tip over 1,000 yards on the year and score eight times. Firmly on the NFL's radar at that point, Mims looked liable to declare with a big junior year, but that never materialized. He dropped 11 of 66 catchable balls that year and took a step backward production- TDS 2019, but he couldn't quite answer lingering questions about his route running that dated back to 2017.","Mims is that odd combination of receiver that will jump over a defensive back and haul in an absurd catch one play then drop an easy slant right in his gut the next. Having been an issue for him for multiple seasons now, drops are just something you'll have to live with from Mims. Outside of his hands, Mims is most certainly still a project. Over half his yards this past season came on either slants or some form of go route. While that's his bread and butter, that's very unlikely to be sustainable at the next level. Mims still needs to develop as a route runner, but he's got the tools to work with that most don't.","You can't teach Mims' raw explosiveness and body control, but he's got little polish at the position outside of that. Those are very good starting points at the receiver position and give him a lot to work with in the NFL. denzel Burst for days. Immediately Next level body control. Made Legitimate drop problems. 18 Selling breaks and double catches your eye. back shoulder catches look drops on 139 catchable moves doesn't come naturally. routine. (12.9%) past two years. Got read like a book too often. Penchant for spectacular Often maintains speed through Runs routes high and leaves Stalled production from catches. Can sky to haul balls contact. Dense enough that it himself susceptible to contact. sophomore year on. Never in. rarely impacts him. quite took next step. Ideal size at 6-3, 215 pounds Production very early on in Ran a limited route tree in to do anything you want at the position. college career with over 1,000 yards as sophomore. Baylor's offense. Didn't have to develop much nuance."
"76","D. Peoples-Jones","Junior","A five-star recruit and native to Detroit, Donovan Peoples-Jones elected to stay home and commit to Michigan over offers from Florida, Florida State, Ohio State and 20 others as part of the 2017 recruiting class. As a senior at Michigan’s Class Technical High School, Peoples-Jones recorded 60 receptions, 1,071 receiving yards and 17 touchdowns, helping his team to a 14-0 record and a state championship in the process. He was named MLive Detroit Offensive Dream Team Member, Player of the Year and Detroit Area Athlete of the Year, per Michigan’s official athletic site. He also ran track, earning all-state honors in the 4x100-meter relate and all-city honors as the 100-meter champion. Peoples-Jones won’t wow scouts and talent evaluators with his production at Michigan. He only recorded 102 receptions from 177 targets for 1,332 yards and 14 touchdowns his three-year collegiate career with the Wolverines. His best season came in 2018, where he logged 47 receptions from 70 targets for 612 yards and eight touchdowns. He didn’t have a great quarterback TDS consistently and never added above expectation after the catch. He forced just 12 missed tackles after the catch at Michigan.","Peoples-Jones certainly looks like an NFL receiver. He's got the body and the speed, but when you throw on the tape he's not close to that as a route-runner. His ability to get open pretty much matches his production at Michigan which is to say it's uninspiring. While he didn't have the best quarterback situation, there's not really a bunch of reps on tape of Shea Patterson missing a wide open DPJ streaking down the field. In his biggest possible proving ground this season as a prospect against Ohio State, DPJ had easily his worst performance with three drops and only three catches on 12 targets.","Already filled out NFL-type Plus speed for his size. The physical tools may be there from a testing perspective, but we never saw them consistently translate to separation down the football field. Without another trump card, it's difficult to be convinced with his lack of production. donovan Lacks suddenness in his cuts Came up small with three body as a true junior. throughout the route tree. drops (there was rain) in biggest game of year vs. Ohio State. Wipes off contact like it's Doesn't have juice to continue nothing. Not going to get to separate from cornerbacks taken off route path. down the field. Forced to adjust to a lot of off Rarely high points down the target throws in career. field. Let's ball drop into him."
"77","Michael Pittman","Wide Receiver","Michael Pittman Jr. was a standout wide receiver/safety/return specialist at powerhouse Oaks Christian and received national recognition. In 2015, Pittman was named to the Parade All-American first team, Prep Star All-American Dream Team and the Max Preps All-American first team. As a senior, Pittman had 81 receptions for 1,990 yards and 24 touchdowns. On defense he had 31 tackles and an interception, and as a returner he had 477 yards on 17 returns with one touchdown. As a junior, he had 47 receptions for 914 yards and 12 touchdowns, with 43 tackles and three interceptions on defense. Pittman’s father Michael Sr. played in the NFL with the Arizona Cardinals, Tampa Bay Buccaneers and Denver Broncos. Michael’s younger brother Mycah is a freshman wide receiver for the Oregon Ducks. Pittman enjoys riding horses in his spare time. Pittman really didn’t carve out a significant role in USC’s offense until his junior and senior seasons. He totaled just 29 receptions from 44 targets in 2016 and 2017 combined, picking up 486 receiving yards, two touchdowns and just one drop in the process. In 2018, Pittman recorded 100 or more receiving yards in three games (Colorado, Utah, UCLA) and finished the season with 41 receptions from 77 targets for 754 yards and six touchdowns. He also dropped just one pass that season and recorded 236 yards after the catch. 81.2 totaled 101 receptions from 133 targets for 1,269 yards and 11 68.3 also forced a whopping 14 missed tackles after the catch this past season.","You'll hear me talk about 'trump cards' throughout the guide. The basic gist of the concept is that a trump card is a skill that a player possesses that is so far and away dominant that you know it will translate to the NFL. For Pittman, that's his ball skills. He's dropped a grand total of five passes on 176 catchable over the course of his career. And that's at 6-4, 220 pounds with a catch radius as good as anyone else's in the class. He will be a quarterback's best friend the way he plucks off-target passes out of the air. Add that to his physical route- running ability and you have a fantastic possession receiver prospect.","Some of the best hands in the Runs a beautiful To not be a legit vertical threat in today's NFL, you better be damn good at everything else. Pittman qualifies as precisely that. His underneath and intermediate route running makes him a quality early round option at receiver. michael Needs more moves to get off Didn't see meaningful playing country. 5 drops on 176 career hitch/comeback. Can throttle press. Same hand swat every time until he was a junior. catchable passes. down very well. time and leaves his chest exposed. Massive catch radius. Great Physically dominant at the Offers little after the catch. Played in high-volume passing body control to adjust to catch point. Only 20 broken tackles on 171 offense inflating his numbers. anything. catches in his career. Straight line speed faster than Looks to stack CBs over the Has had trouble staying in you'd expect for a 220 pounder. top when he gets a step down the field. bounds along the sideline a number of times already this"
"78","James Proche","Wide Receiver","James Proche received close to 10 offers coming out of Texas’ DeSoto High School in 2015, including offers from TCU, Houston and Louisville. He ultimately opted for SMU but was forced to redshirt as a true freshman in 2015 because he was declared academically ineligible by the NCAA, per Matt Wixon of the Dallas Morning News. He bounced around from Red Oak to Prime Prep to DeSoto throughout his high school career. His two years at Prime Prep, which later closed down, played a factor in his ineligibility. Proche has been putting numbers up his entire college football career. He caught 59 passes for 721 yards and six scores as a freshman back in 2016. Since then his numbers have improved every single year of his career culminating in a 111 catch, 1,231- yard, 15 score performance this season. He had at least 60 yards in 12 of 13 games this past season with Texas State being the lone exception. His hands have been as good as it gets in college football and he had only three drops this past season to bring his career total TDS number of one-handed or circus catches this past season.","Proche is never going to 'wow' you physically on the field or with his athletic testing, but you'd be surprised how many productive NFL receivers have uninspiring athletic profiles. Proche has one heck of a trump card in his ball skills. He'll not only haul in pretty much every easy catch his way, but also save his quarterback from possible interceptions with how gutsy he is going after the football. That sort of reliability is exactly what you want from a slot receiver and will get him seeing time in the NFL sooner rather than later.","Attacks the football fearlessly. Decided upward trajectory to Will be a QB's best friend in his career. Yards went up Proche's ball skills are elite enough to where he's going to be seeing the field in the NFL. He may be pigeonholed to the slot though as he struggled to create for himself. james Rounds cuts when he gets up Poor competition level. to full speed down the field. Nothing going downfield vs traffic. every single season. only Power-5 opponent this year (TCU). Deadly with a two-way go. Plays bigger than listed size. Goes down too easy after the Press has really slowed him in Perfected hesitation move to 20 contested catches in 2019. catch. Only 11 broken tackles the past. Doesn't have the freeze defenders on in/out on 111 catches this season. power to fight through routes. contact. Game tailor-made to play slot Arguably most consistent No trump card athletically to in NFL. Quickness and route running are pluses. hands in the class. 9 drops on 312 career catchable. make up for lack of size."
"79","Jalen Reagor","Jalen Reagor","A four-star recruit coming out of Texas’ Waxahachie High School in 2017, Jalen Reagor first committed to Oklahoma in March 2016 but flipped to TCU shortly after his official visit with the team’s brass in October 2016. Rather than enrolling early with TCU in January 2017, Reagor stayed at Waxahachie to compete in the long jump at Texas’ University Interscholastic League track meet in May 2017. He jumped 24-5 to win the title and take home the gold medal. He also recorded a 26’ long jump in an area meet earlier in the year, a state record at the time. His success in track & field has translated to blazing speed on the gridiron, as well. Per Chase Goodbread of NFL.com, Reagor’s 4.32s 40-yard dash is the best current time at TCU. Reagor’s production took a bit of a step back going from 2018 to 2019 due in large part to poor quarterback play at TCU. According to PFF’s advanced ball location charting, only 30.7% of Reagor’s targets in 2019 were charted as accurate. Only three other FBS receivers had it worse this past season. Still, Reagor caught 43-of-88 targets for 611 yards and five touchdowns in TDS yards and nine touchdowns, and he logged just four total drops and 11 forced missed tackles.","There's no way to sugar coat it, the production was bad for Reagor this season. However, there are legit excuses for that, like him statically lining up at right wide receiver every snap, almost never getting thrown screens, and having one of the worst quarterback situations in the country. The ability to consistently get behind defenses was still very much there even if the numbers don't show it. I'll take an explosive athlete with ball skills like Reagor's every day of the week.","Speed, change of direction, Solidly built to play through Don't worry about the lack of production in 2019. You don't put on tape what Reagor did as a true sophomore in 2018 without serious talent. If you need some juice in your offense, Reagor is your guy. jalen Elite athlete for the position. Short but not undersized. Will let defensive backs keep Didn't help his cause with their hands on him instead of some poor drops and ball leaping ability all top notch. contact. fighting them off. tracking this past season. Electric with the ball in his Fearless at the catch point. Has same go-to hesitation hands. Some of the most Much better in contested move off-line of scrimmage impressive YAC reps in the situations than you'd expect. against press. class. Cheat code on double moves. Raw production not indicative Doesn't sell normal route tree Ability to get up to full speed out of cuts is rare. of talent. Tons of missed yardage from poor QB play with same enthusiasm as his double teams."
"80","Joe Reed","Wide Receiver","Reed committed to his home-state school of Virginia early in his high school career during the summer between his sophomore and junior seasons at Randolph-Henry High School. After rushing for 900 yards and 18 touchdowns as a freshman, Reed hauled in 33 passes for an astonishing 900 yards and 21 touchdowns as a sophomore. He then caught 15 receiving touchdowns as a junior before rushing for 2,100 yards and 38 touchdowns as a senior. Reed received an invite to the VHSCA All-Star game and returned kicks of 50 and 80 yards. Throughout his time in high school, Reed played wide receiver, running back and safety. Reed’s average depth of target (8.0) was among the lowest in college football this past season, and his production reflected that. He caught 78-of-110 targets for just 683 yards and seven touchdowns. He forced 15 missed tackles after the catch but still averaged just 5.7 yards after the catch per reception in 2019. He does his best work with the ball in his hands, but the problem is his best work doesn’t come close to what others can do after the catch in this class.","There isn't a receiver in this class who has a bigger difference in how they look with the ball in their hand compared to without it. Once Reed gets the ball with space to work, he turns into a dynamic threat to turn short gains into big ones. It's a skill that shown through with his 90.3 return grade last season. As a route-runner, though, Reed's immense physical tools are nowhere to be found. There's an indecisiveness to his routes that it maddening to watch. If you didn't know his weight, you'd guess he's under 200 pounds based on the physicality he plays with. He's got so far to go from a receiving perspective that I'm not sure he's ever much more than a gimmick player on offense.","Does well to work back to the Reed offers value as a returner and in YAC situations but doesn't have anything close a complete receiver skillset. His best avenue to playing time might come as a running back convert. joe Dynamo after the catch. Hampered by poor QB No nuance to routes at all. Doesn't play nearly as physical Running back like traits. situation at Virginia that left a Like he's executing them off as size (220+) would suggest. lot of downfield yards on the the white board. table. Struggles mightily tracking ball Let's defenders into his body football on hitches/ins/outs. downfield. Doesn't use routinely. Struggles to get past leverage well at catch point. wave of LBs from slot. One of the best returners in the High coming out of route country with 2 kick return TDs last year. breaks. Loses good deal of speed."
"81","Kendrick Rogers","Wide Receiver","Rogers earned first-team All-District honors in football his senior year while also earning District MVP in basketball and a top-five finish in the 200-meter dash at the state track meet. He had interest from Texas and TCU but was offered by only one Power-5 program in Texas A&M, which was just a couple hours away from his high school in Frankston, Texas. After catching 57 passes for 1,047 yards and 11 touchdowns during his junior campaign, Rogers made plays all over the field in his senior year. He rushed for four touchdowns while averaging over 11 yards per carry and caught six touchdowns while averaging over 19 yards per catch. On the defensive side of the ball that year, he intercepted four passes and forced two fumbles while scoring three touchdowns. Rogers took a bit of a step back in 2019 after what was already a relatively disappointing 2018 campaign. After catching 27-of-49 targets for 336 yards and five touchdowns in 2018, Rogers caught just 30 receptions for 351 yards and two touchdowns en route to a career-low 57.0 PFF receiving grade. He dropped three passes TDS yards after the catch per reception. The numbers aren’t great.","Rogers made a name for himself with a full season's worth of highlight-reel grabs he made in the second half of 2018. While some saw that as the arrow signaling up, the tape showed him as a well-below-average separator who had no answer for press. Flash forward to now and Rogers put up all of 351 yards this past season. At some point you are your production, and that point has come for Rogers.","Rogers' highlights look pretty, but there's a reason why the production hasn't come close to matching it. His inability to get off the line and separate is a non-starter. kendrick Has been a circus catch No consistent production to Can't get off the line against machine over the course of his speak of whatsoever. any corner worth his salt in career. press. Catch radius that can go toe- Very limited speed. No threat Will turn 23 as a rookie. to-toe with just about anyone to take top off the defense. in the country. Explosiveness in and out of breaks just isn't there."
"82","Henry Ruggs Iii","Henry Ruggs Iii","A graduate of Alabama’s Robert E. Lee High School, Henry Ruggs seemed destined to take his talents to Tuscaloosa and suit up for the Crimson Tide. The four-star receiver prospect ultimately chose ‘Bama over offers from Florida State, Auburn, Florida and Michigan. And Ruggs didn’t even commit to football full time until his junior year of high school. Basketball was Ruggs’ first love. Lee High School’s football coach, Tyrone Rogers, first convinced Ruggs to give football a chance by asking him to commit just two days a week to the gridiron, per Rivals’ Alabama site. That, of course, snowballed into an incredible high school football career for Ruggs, an invite to the US Army All-American Game and a scholarship offer from Alabama among 18 other programs. And in addition to his dominant play on the hardcourt and football field, Ruggs broke the state record for the 100m dash with his 10.58s time at the AHSAA in 2017. Ruggs’ rate stats are all absurd. He averaged north of 15 yards per reception all three years of his collegiate career and recorded TDS more than 46 receptions or 744 receiving yards in any single season, but that’s more of a product Alabama’s uber-talented 75.0 in his three-year Crimson tide career and forced 19 missed 74.3 rating when targeted of 151.4.","It is worth asking the question that if Ruggs really is the special talent he's being made out to be, why didn't he ever have more than 744 yards in a season? It's a valid question, but I think two key aspects of Ruggs' situation put that to rest. The first is that he played with one sure-fire first-rounder in Jerry Jeudy and two more possible in Devonta Smith and Jaylen Waddle. The second is that when he was thrown the ball, the results were off the charts with a career 151.4 passer rating when targeted. With gamebreaking speed, clean releases, no questions about his hands, and subtle route running chops, Ruggs is truly a special talent.","Pinballs off would be tacklers Outstanding ball tracking Contact on his routes robs him Don't just call Ruggs a speedster. He's a complete route runner with legit ball skills as well. He doesn't have to just be a deep threat, but he looks like a sure thing in that regard. henry Unparalleled speed. Likely the Jet sweep weapon and decoy Routes often have a static, Hitch getting off line of fastest receiver in college with the way he alters pursuit straight line approach to scrimmage and doesn't quite football. angles. attacking defensive backs. pop like you'd expect with his speed. with exceptional balance. ability for a deep threat. of far more speed than you'd like. Unafraid to take shots over the Has shown the ability to get Doesn't use his body or hands middle and make plays in traffic. off press consistently. to separate from defenders along the route."
"83","Laviska Shenault","Laviska Shenault","Laviska Shenault committed to Colorado as a consensus four- star recruit out of Texas’ DeSoto High School. He chose the Buffaloes over offers from Alabama, Oklahoma State, LSU, among other top schools in the nation. At DeSoto, Shenault had success at tight end, slot receiver, wide receiver and H-back. At Nike’s The Opening, Shenault recorded a 4.59s 40-yard dash at 6-foot-2, 205 pounds, per John Hillman of Texas Redzone Report. Colorado coach head coach Mike MacIntyre had high praise for his young wideout’s overall athletic ability. “He’s a total freak, MacIntyre said of Shenault, per Bruce Feldman of The Athletic. “I’ve never had anything like him, He’s that good. I’m tellin’ ya. He’s ridiculous.” Shenault showed a penchant for the big play as a true freshman in 2017, catching seven of his 10 targets for 168 receiving yards, but it was his sophomore season in 2018 that put college football on notice. Despite a toe injury that kept him out of several games and a torn labrum that he played through in the final week of the season, the sophomore receiver caught 87 passes for 1,019 yards TDS Shenault’s production didn’t quite live up to the lofty expectations as a junior in 2019, but he earned his third 86.9 the ball in his hands in the open field. Shenault averaged over 88.2 and his 44 missed tackles forced over the last two seasons lead the draft class.","Shenault is both simultaneously a safe prospect, but also a swing for the fences. He's safe from the perspective that his explosiveness and YAC ability isn't going anywhere anytime soon. That will play in any sort of creative offense. He's a swing for the fences from the perspective that he's not much more than that right now. He's a mediocre route-runner that possesses the physical tools to be elite in that regard down the line.","if he wanted to be with how the charts. Shenault has elite physical tools you cannot coach at the wide receiver position. Now he just needs to improve all the things you can coach. laviska Could be an elite RB prospect Short area explosiveness off Good deal of production was schemed. Focal point of dynamic he is with the ball. offense through screens/sweeps/flat routes. Broke 29 tackles after the Throttles down with ease. Route tree is still a work in catches in 2018 and added 15 Sends corners flying past on progress. Production dropped more this year. hitches. off when forced to win outside. Converted a ridiculous 14-22 Still developing feel for finding contested catches the past two years. soft spot in zones."
"84","Binjimen Victor","Wide Receiver","Victor was a consensus four-star prospect and top 100 recruit overall in the 2016 class. In his final two seasons of high school at Coconut Creek in Fort Lauderdale, Florida, Victor combined for 86 catches, 1,657 receiving yards and 27 receiving touchdowns. He played his way to an invite to Nike’s all-star prospect camp The Opening as well as to the U.S. Army All-American Bowl. Victor received offers from college football’s elite and ended up choosing Ohio State over Alabama, Auburn, Clemson, Georgia, Florida, LSU and others. Victor’s box-score production never jumped off the page in his four years at Ohio State. After catching fewer than 25 passes in 2017 and 2018, Victor hauled in 35-of-51 targets for 573 yards and six touchdowns. And while he did force 10 missed tackles after the catch, he averaged just 4.8 yards after the catch per reception, a figure that falls below average among FBS wideouts with 30-plus receptions in 2019.","Every single Ohio State wide receiver has a few reps on tape that sucker me in. They're all so crafty at the line of scrimmage and all go through their routes like well-oiled machines. Victor simply doesn't have any sort of power behind him to speak of. He's a long, jump-ball kind of weapon on the vertical tree, but any routes outside of that he's lacking. The problem is, with 4.6 speed, Victor ain't stacking too many NFL corners on that vertical tree. If he was younger coming out, I'd say there might be hope his body develops, but already 23 years old this is likely all you're getting.","climbing the latter to the top Victor is NFL-ready from a technical standpoint, but he's still underdeveloped physically. The play strength of NFL corners is going to be a problem. binjimen Lanky wideout capable of Rail thin. Pretty much ever NFL Not much stop-start in his CB he sees will be stronger. legs. floor to haul in passes. Extends well away from his When corners get hands on Looping in/out cuts. body to reel in balls. Attacks him, he struggles mightily to instead of being passive. detach. Been consistently elusive post- Already 23 years old. catch. 18 broken tackles on 83 career catches."
"85","Quez Watkins","Wide Receiver","As a two-star recruit coming out, Watkins had very few offers on the table and picked Southern Mississippi over Georgia Southern. In his junior season at Athens High, Watkins caught 34 passes for 541 yards and five scores while also returning two kickoffs for touchdowns, both of which came in the first two games of the season. The opposing teams stopped kicking to him after that. In his senior campaign, Watkins improved his receiving game by catching 44 for 847 yards and 12 touchdowns, which earned him 6A second-team all-state honors. Watkins was impressive in each of his final two seasons at Southern Miss. He totaled 889 receiving yards and nine touchdowns on 72 receptions in 2018, earning an 80.7 PFF receiving grade in the process. He also averaged 7.5 yards after the catch per reception that season. In 2019, he took it up another notch. Watkins caught 63 passes on 102 targets for 1,172 yards and six touchdowns all while averaging 8.9 yards after the catch per reception.","Watkins' success in the NFL will come down to usage. If he's your jet sweep, crosser, over, etc., route runner in your offense, Watkins can produce. If you stick him outside and ask him to run the vertical tree, you'll be disappointed. He's got exceptional straight-line speed, but his quicks and cuts don't match. He's far from a fluid route runner and won't be getting open too often on his own. Still, if you give him the ball with a crease or get him running free at a safety, Watkins can pick up a chunk of yardage in a hurry.","Lightning at full speed. One of the fastest players in the open Watkins doesn't have much at his disposal beside pure speed at the moment. Anyone who can come close to matching that (read: NFL corners) can shut him down. But this speed with the way he attacks the ball can still have value. quez Quicks don't match speed. Ton of 'schemed' production Locked up on underneath of crossers. field in the class. routes. Holds his own in 50/50 Still skinny. Chopped down too Bullied by Alabama situations despite size. Times easily in open field. cornerbacks. Couldn't get off high point jumps well. the line. Understands leverage and will Not as explosive off the line as CON 6 use body as shield downfield. you'd think with his speed. Takes a while to build up."
"86","Devin Asiasi","Devin Asiasi","Devin Asiasi originally committed to Michigan as a four-star recruit coming out of the California powerhouse that is De La Salle high school in 2016. The 6-foot-3, 270-pound tight end recruit narrowed his choices down to Michigan, USC, UCLA and Washington before making his decision to join Jim Harbaugh and his staff. Asiasi, however, opted to transfer away from Ann Arbor to UCLA after just one season with the program. He wanted to play closer to home after appearing in 13 games and catching two passes for 18 yards as a Wolverine in 2016. After seeing just 17 targets in his collegiate career prior to 2019 at both Michigan and UCLA, Asiasi was the recipient of 68 in 2019 and displayed some reliable hands by dropping just one pass which formed the third lowest drop rate at his position. Asiasi saw almost equal number of targets in the slot as he did inline but couldn’t find nearly the same success when lined up at receiver as he averaged three quarters of a yard more per route run when inline. Overall, Asiasi was still one of the top 10 receiving tight ends in TDS the catch with averaging 5.6 yards after catch per reception in","Asiasi had only been on the field for 129 pass plays in his career at Michigan and UCLA before his breakout in 2019. He was a chain mover down the stretch with over 300 yards in his final three games as a Bruin. Asiasi brings value in two key areas to the table. He's one of the few tight ends in this class that wouldn't look out of place as an inline blocker in the NFL if they had to step on the field tomorrow. Asiasi is also a bowlIng ball after the catch who is difficult to bring down when he gets up to full speed. Asiasi doesn't quite fit the mold of a modern move tight end, but he's got a solid all-around game.","An absolute unit at listed 6-3, All the tools to block at the Load to bring down after the Absorbs contact on his routes TDS PFF grade and a reliable blocker. He does bring some value after the catch with averaging 5.6 yards after catch per reception in In a class full of undersized options, Asiasi has legit inline chops. He profiles as a No. 2 tight end off the bat in the NFL, but I wouldn't expect too much more. devin Speed is only adequate. 260 pounds. NFL level. Doesn't run away from linebackers. Let's the ball come to him too catch. Even if you get him to with ease. Barely loses speed. often instead of attacking in ground, he'll drag you. the air. Soft hands in space. One drop on Looked like a different player Rounded route breaks at the 45 catchable passes last year. down the stretch in 2019 than at start of season. intermediate range. Suddenness on hitches/outs"
"87","Jacob Breeland","Jacob Breeland","Breeland may weigh 250 pounds now, but that wasn’t the case coming out of Trabuco Hills in 2015 when he was listed at just 205 pounds. He had some weight to put on if he wanted to make the move to tight end. Breeland actually began his high school career as a quarterback before switching to wide receiver where he caught 61 passes for 1,028 yards and 11 touchdowns during his senior season. He was listed as a three-star recruit by 247Sports and jumped on the first offer that came in from Oregon before any other teams got a chance to extend Breeland an opportunity. Jacob’s father, Garrett Breeland, played for the USC Trojans before being drafted the Los Angeles Rams in the 1986 NFL Draft. Breeland was never heavily relied upon in the Oregon offense in his first three season on the field from 2016-18, seeing just eight, 29 and 38 targets in each of the years. He performed pretty poorly overall, posting overall grades in the high 50s and low 60s. In 2019, however, Breeland was carving himself a nice role and having an exceptional year as a receiver before suffering a TDS Up until that point, Breeland was one of the five highest-graded receiving tight ends in college football by owning an 87.6 79.4 most broken tackles (seven). Even in his below average years, 57.2 career, he’s averaged 7.0 yards after catch per reception – a mark very few at his position hit.","Breeland is listed as 6-5, 250 pounds, but I kept finding myself thinking of him as much smaller than that for a number of different reasons. The first is because he consistently got overpowered as a run blocker. The man was on his face seemingly every other run place this past season. That's a non-starter for a number 2 TE in the NFL. The second was because he's actually pretty light on his feet after the catch. DBs consistently came in low trying to cut him down and Breeland has enough bounce to not succumb to tackles that easily. That makes him a difficult projection because he's not dynamic enough as a receiver to start right away, but not strong enough to come in for heavy personnel sets either.","66 yarder vs. Nevada and ran TDS season-ending injury in Week 7. Up until that point, Breeland was one of the five highest-graded receiving tight ends in college football by owning an 87.6 79.4 287 190 67 26/32 405 15.6 6 receiving grade. He had the fourth most explosive plays (11) and most broken tackles (seven). Even in his below average years, 57.2 658 459 162 24/37 377 15.7 2 Breeland routinely showed he could create after the catch. In his career, he’s averaged 7.0 yards after catch per reception – a mark 7-UDFA very few at his position hit. Breeland can add something after the catch and as a downfield threat, but he's not going to create his own separation much or add as a run blocker at all early in his career. jacob Good enough speed. Hauled in Route tree at Oregon was Listed at 250 but his run pretty much all straight lines. blocking lacked any sort of away from safety. Flats/seams/crossers. physicality. Work in progress there. Good enough speed. Hauled in When asked to separate he 66 yarder vs. Nevada and ran didn't look particularly sudden away from safety. in his breaks. Broke out after the catch in No production to speak of 2019. Made DBs miss a number of times in space. prior to 2019. One-year breakout."
"88","Harrison Bryant","Tight End","FAU was the only FBS program to offer Harrison Bryant in 2016. The 6-foot-4, 225-pound two-star recruit, of course, accepted the offer to join the Owls after starring as a three-sport athlete (baseball, basketball, football) at Georgia’s John Milledge High School. He recorded 39 receptions for 608 yards, 10 touchdowns, 100 combined tackles and 14 tackles for loss playing both ways as a senior, per FAU’s official athletic site. Bryant has earned 90.0-plus PFF receiving grades in each of the past three seasons, hauling in 142 passes for 197 targets for 2,076 and 16 touchdowns along the way. He’s also been a threat after the catch each of the past three seasons, as he’s averaged 6.0 yards after the catch per reception and forced 23 missed tackles since 2017. Drops were a notable concern in 2019, though. Bryant dropped a whopping eight passes in 2019 after logging just three drops in the previous three years combined.","When we first flipped on Bryant's tape in 2018, he looked more like a receiver than a tight end. He was getting pumped hitches and out-routes in FAU's offense and quite honestly not doing too much with them. This past season he looked far stronger than we'd seen in the past. He would routinely drag defenders with him and convert those short hitches into first downs. He's still undersized for the position and likely won't offer much as a blocker, but he has the receiving skills to start in the NFL.","19 broken tackles last 2 years. the formation. Bryant added a physicality to his game between 2018 and 2019 that was necessary for him. He pushed his way up from a project with nice ball skills to a player capable of being a starter early in his career. harrison Solid athlete for the position Sacrifices body as a blocker So much schemed production Speed is just ok. Not on the who can add after the catch. out in space or coming across in FAU's offense. Kittle/Kelce spectrum. Played a lot stronger in 2019 Used much more as a Drops popped up as an issue compared to 2018. Ability to downfield threat in 2019. Went this year with 8 on 73 drag LBs. 13-24 in contested catches. catchable. Most productive TE in country. Zero strength to block in-line. Was the focal point of the FAU offense. College DEs were throwing him in backfield."
"89","Hunter Bryant","Tight End","A native to Washington and four-star tight end prospect coming out Eastside Catholic High School in 2017, the 6-foot-2, 238- pound Hunter Bryant turned down offers from Auburn, Nebraska and Oklahoma to stay in state and play for the Huskies. He caught 138 passes for 2,483 yards and 35 touchdowns in his preps career, per Washington’s official athletic site. Bryant has hauled in 85 passes from 120 targets for 1,394 yards and five touchdowns throughout his collegiate career. He’s also averaged more than 15 yards per reception in each of three seasons with Washington. Drops were a bit of an issue this past season, but he’s still dropped just six passes in three seasons. He also forced 10 missed tackles on 52 receptions in 2019, a strong rate for a move tight end in the FBS.","You could tell Bryant was something special way back as a freshman when he was stealing targets from Drew Sample. He had this H-Back body, but kept getting lost behind linebackers and defenses had no answer. Unfortunately, his knee injury complications never let us see what he could be as a sophomore in 2018, but we finally got to see the realy Bryant go off this past season. There's no questions about him as a receiver, rather whether the 6-2, 240 pounder will even be treated as a tight end by opponents. Before you write him off entirely as a blocker, I'll remind you that Delanie Walker - one of the best blocking tight ends of the past decade - came into the league at 6-1, 240 pounds.","Won't see him sitting Bryant is a tweener. He's also a starter in NFL offenses even if you called him a WR. That's the way the game is going at TE nowadays. hunter Receiver-esque speed and Great body control as a route Knee injury limited him to only Only one season as a starter. athleticism. runner to avoid jams. 964 snaps in 3-year career. Closer to a wide receiver than downfield waiting for ball. tight end, though he does have Attacks it in air regardless. legit receiver skills. Hoss after the catch. 18 Doesn't have the height to be broken tackles on 85 career catches. your typical red zone threat TE at only 6-2."
"90","Josiah Deguara","Tight End","Coming out of high school as a two-star recruit, Josiah Deguara wasn’t heavily recruited despite combining for over 200 receptions and over 3,000 receiving yards in his final two seasons at Folsom High School in California, per MaxPreps. Deguara was a three-sport athlete at Folsom, also playing baseball and starting on a basketball team that took home a Northern California Championship. The only two teams to offer the 6-foot-2, 190-pound tight end were the University of Cincinnati and the triple option offense of Air Force. Deguara committed to Cincinnati in February of 2015. Deguara hadn't topped even 100 yards in a season until his junior year back in 2018. That season he broke out with 38 catches for 468 yards and five scores. He followed that up with 38 catches for 468 yards and five scores this year. Over the course of his career, he's been a solid run blocker with a career high 76.6 in that regard back in 2018. In his time at Cincinnati, he's had about a 60/40 split in terms of inline snaps versus slot snaps. It's encouraging that despite being undersized, TDS","Deguara has future H-back written all over him. For teams that use a fullback, that could easily be in his future as well. He's a more than willing blocker who is a much better receiver than your typical blocking tight end. He has the ability to get open at both the deep and intermediate ranges of the defense. Flip on the tape and you'll see him high stepping and stutter-stepping to a complete stop in an effort to sell his route breaks. We just need to see him fight back to the ball a little more. He'll be an immediate impact player on special teams with the ability to grow into a starting tight end in the NFL.","Above-average grades as a run Had a good deal of yards left Limited size/length. May never Not a jump ball or red zone blocker each of the past three on the table via poor throws Creative route runner. Not Fantastic at subtly avoiding TDS he's still been capable of blocking inline. Deguara is one of the more intriguing route runners in the class, but his lack of size could be an issue at the next level. If you find a high-motor, plus special teamer like him on Day 3 you're more than happy. josiah be plus inline blocker. type of tight end by any seasons. from QB. means. Nothing special athletically. Unimpressive at the catch simply going through the contact climbing past Meets NFL baseline, but not point. 3-11 on contested motions. linebackers. going to strike fear in opportunities in 2019. defenses. High-effort kind of player. Body caught more than you'd Bad habit of drifting downfield Made TD saving tackle against UCLA after INT. like and struggled to haul in balls when outstretched. on routes and getting undercut by defenders."
"91","Brycen Hopkins","Tight End","Hopkins played high school football for Ensworth high school in Nashville, Tennessee. Hopkins grew up in Nashville because of his father’s job. Hopkins’ father, Brad, played tackle at the University of Illinois and then was selected by the Houston Oilers in the first-round of the 1993 NFL draft. He went on to start 188 games for the Oilers and the Tennessee Titans, while also making two Pro Bowls. Brycen Hopkins was rated as a three-star recruit by ESPN and 247Sports. Basketball was Hopkins’ preferred sport in high school and he played all four years and didn’t start playing football until his junior year. He also played baseball for two years. He also received a scholarship offer from Florida. Since cracking the field for the first team as a redshirt freshman in 2016, Hopkins has gradually increased his role as a receiver from 10 receptions for 183 yards to 61 receptions for 832 yards this past season. He recorded the highest overall grade of his collegiate career in 2019, as well, but that only topped out at 65.1. Hopkins has struggled with drops over his career at Purdue. His TDS the class. That’s an area of his game that he’ll have to clean up at the NFL level.","With Hopkins, it's all about setting the proper expectations. If you're looking for a run blocker, look elsewhere. If you're looking for a chain-mover, look elsewhere. If you're looking for a security-blanket, look elsewhere. If you want a downfield threat at the tight end position, you've found your guy. He gets to the second level of the defense as well as any tight end in this draft class. Will he always haul in the easy ones? No, but he'll make plays few other tight ends in this class are capable of making as well.","position. Might be fastest TE catch point. 10-18 in contested TDS 22 drops since 2016 are eight more than any other tight end in the class. That’s an area of his game that he’ll have to clean up at the NFL level. Everyone wants speed nowadays and Hopkins has it. He's no complete tight end by any means, but his speed is a weapon in and of itself that can create the all important mismatches in the NFL. brycen Speed is special for the Attacks the ball correctly at TE in name only. Really not a Adjusting to balls has been an blocker. issue at times. in class. last year. Productive downfield over Already adept at avoiding jams Awful concentration drops course of career. 17 catches and bumps to get downfield every year of career. 22 career targeted 10+ yards downfield. quickly. drops on 152 catchable. Sharp cuts and doesn't lose Straight line player with little speed. Difficult for LBs to stick with. shake after catch. Only 10 broken tackles on 130"
"92","Dalton Keene","Dalton Keene","Keene played tight end, running back and linebacker for Chatfield High School and ended up earning first-team all-state honors and was also academic first-team all-state. In his senior season of high school, Keene had 171 carries for 1,175 yards and 18 touchdowns while forcing two fumbles and picking off three on the defensive side of the ball. As a three-star recruit, Keene received offers from Power-5 programs Syracuse, Nebraska, Missouri, Michigan, Iowa State, Colorado and Virginia Tech. The primary recruiter for Keene from Virginia Tech, defensive line coach Charley Wiles, was actually his father’s college roommate, which helped lead the Hokies to landing Keene. Keene never caught more than 28 balls or earned a PFF receiving grade above 64.0 in a single season at Virginia Tech. In 2019, he caught just 21-of-26 targets for 240 yards and five touchdowns. He wasn’t an otherworldly blocker, either. He earned just a 63.4 PFF pass-blocking grade and a 62.3 PFF run-blocking grade in 2019.","It's always difficult to project someone who in three years as a starter only garnered 71 career targets. That's what pretty much every full-time tight end in the NFL gets in only one season. It's even more difficult when the route tree was limited to crossers and hitches the way Keene's was. All we have to go off is his athleticism and YAC ability, which were solid enough to start in the NFL. Obviously, the full route tree may take some time, but on Day 3 Keene won't look out of place on an NFL field.","Feel for making guys miss in Gets after it as a blocker. Not Hitches and crossers mostly. 16 receptions in his entire open field. 9 broken tackles on most refined, but more than Keene was criminally underutilized in the Virginia Tech offense, making him a difficult projection. He's got starter athleticism and after-the-catch traits, though. dalton Wasn't asked to 'win' on his career targeted 5+ yards 59 catches. willing. routes. downfield. Already well versed as an Hitches lack polish. Doesn't Hasn't shown much in the way inline tight end and full back in sell them just stops straight up of catch radius. Modest jump VT offense. Hybrid potential. and down. ball ability. Good enough speed to get Very limited production. 28 past linebacker level of defense. catches and 341 yards were his career highs."
"93","Cole Kmet","Tight End","Kmet was one of the top football recruits in the country coming out of St. Viator High School in Illinois. He was a top-100 recruit overall and the No. 3 tight end recruit in the nation according to 247Sports. In his senior season, Kmet caught 48 passes for 773 yards and four touchdowns, and he ended the year with an appearance in the U.S. Army All-American Bowl. He ended up with an impressive list of 16 offers, ultimately choosing Notre Dame where he also planned to (and did) pursue baseball as a two-sport athlete. Kmet stopped playing baseball this past season due to an elbow injury that kept him from returning, per the Chicago Tribune. With positive feedback from the NFL, he opted to focus on football. Kmet only had 21 career targets before 2019, but he was called on to be an integral piece in the Notre Dame offense once he returned from injury in Week 4. He saw 61 targets the remainder of the season and recorded a receiving grade that ranked 18th at his position. Kmet was exposed a bit when lined up at receiver, failing to crack the top 25 in both receiving grade and yards per TDS Overall, he’s not really a player that is going to create on his own or win consistently in single coverage. Well over half of his 515 69.4 hole and when in single coverage he had just a 54.0 receiving 57.6","Kmet has a nice all-around game and is still very young, but he's not quite the dynamic, sudden athlete that you draft highly at the position. He's a reliable chain mover which is nice in any offense, but not necessarily worthy of a high draft pick.","TDS route run. Overall, he’s not really a player that is going to create on his own or win consistently in single coverage. Well over half of his 515 69.4 707 400 183 43/61 515 12.0 6 receiving yards were underneath the coverage or from finding a hole and when in single coverage he had just a 54.0 receiving 57.6 358 231 61 15/17 162 10.8 0 grade. The name of the game at tight end nowadays in the NFL is 'dynamic'. If you can't create big plays, you're not moving the needle from the rest of the pack. cole Glides off the line of Physical running style after Physicality post catch hasn't Doesn't attack ball in air. Lot scrimmage with ease. Can get catch in the open field. Seeks translated before. Struggles to of body catches with contact. past the linebacker level. out contact. avoid chucks from LBs. 3-10 in contested last year. Ideal size for the position Lot of schemed production already as a true junior coming working seam routes or out. crossers. Adjusted very well to off-target Not going to make guys miss throws over course of his career. Big catch radius. in the open field. More tackle dragger than tackle breaker."
"94","Sean Mckeon","Sean Mckeon","Considered a three-star tight end prospect coming out of Massachusetts’ Shepherd Hill High School at 6-foot-5, 230 pounds, McKeon received offers from Syracuse, Boston College, UConn among others but ultimately opted for the University of Michigan. He went to school with former Boston College and current Atlanta Falcons guard Chris Lindstrom. Chris’ dad coached Shepherd Hill High and was tagged as a big role model for McKeon before heading to Ann Arbor. McKeon earned the starting job as a sophomore back in 2017 after Jake Butt left for the NFL. McKeon couldn't quite fill the hole left by Butt that season and the sophomore's 296 yards were nearly half of what Butt gained the year prior. McKeon's 31 catches that season would ultimately be a career high though as he simply wasn't featured often in Michigan's offense as a junior or senior. He tallied only 52 targets in those seasons combined, hauling in 27 catches for 357 yards. Those aren't particularly inspiring numbers and he didn't exactly make up for it with his advanced TDS career and broke four tackles.","McKeon is sort of a jack-of-all trades, master of none. There's not much about the position he's not at least serviceable at, but at the same time there's nothing he's particularly impressive at. Being a willing blocker though hailing from a pro-style running scheme that used him as an inline blocker is a huge plus in his favor. Being able to plug him in that sort of role early on in his career isn't something that's always the case with tight end prospects.","Natural receiver. Sells fakes Above-average run blocking Not the kind of athlete that fits Wasn't featured in Michigan TDS stats either. McKeon had six drops on 66 catchable passes in his career and broke four tackles. McKeon won't be a liability if forced into action early in his career, but he won't be a difference maker either. He's your run of the mill mid-to-late-round tight end. sean and routes very well. grades every year as a starter. the 'move' tight end mold. offense that has featured tight More than willing blocker. end position in the past. Already well versed as inline Not a YAC threat. Four career blocker. 420 of 473 snaps broken tackles on 60 catches. came inline in 2019. Multiple years of starting Still could stand to add mass. experience. Three seasons with 450+ snaps. Good blocking technique, but power is lacking."
"95","Thaddeus Moss","Tight End","Tagged as a three-star recruit tight end recruit at 6-foot-3, 240 pounds coming out of high school in 2016, Thaddeus Moss, son of former NFL superstar Randy Moss, received offers from more than 20 Power 5 programs. He originally committed to NC State in 2016 after catching six passes for 49 yards and a touchdown as a true freshman with the Wolfpack. Moss also attended five different high schools in four different states, per Joe Giglio of the News Observer. Moss had an edge over any other tight end in the country by being a member if one of the most prolific offenses we have ever seen. While he did have some of the best hands in the country by not dropping a single one of his 57 targets, only 266 of Moss’ 570 receiving yards weren’t earned from underneath throws or finding a hole in zone. That’s not very productive. Throw in the fact that he saw only 14 targets prior to 2019 (14 in 2016 with NC State) and the cause for concern grows larger. He did show versatility by playing over 100 snaps inline, in the slot and out wide.","The amount of times you saw Moss add production in the LSU offense last season that couldn't be described as 'schemed' was very few and far between. He's an extremely reliable receiver that you can count on to haul in underneath passes to move the chains, but that skillset describes a number of players who don't see that much playing time in the NFL. His lack of speed or any sort of YAC ability likely pigeonhole's him as a TE2 in the NFL.","Runs physical routes. Rare not to see him give a subtle shove There's a lot to like about Moss between his ball skills and blocking ability, but he's on the very low end for athleticism in the league. That's not going to move the needle in an NFL offense. thaddeus Did not get his dad's speed. No 571 yards sounds impressive, downfield separation ability. but was on field for more pass to a defender. plays than any other TE (471). Didn't drop a single pass on 47 Not particularly dynamic after catches in 2019. the catch either. Four career broken tackles on 53 catches. One of the best inline blockers At only 6-3, not going to be a in the class. Big reason why he was starter for LSU. jump ball/fade type of tight end."
"96","Tight End","Arkansas","Listed at 6-foot-4, 230 pounds, Cheyenne O’Grady was tagged as a four-star recruit coming out of Arkansas’ Fayetteville High School in 2015. He turned down offers from Louisville, Mississippi State and several others to stay in his home state and attend Arkansas. Per the Razorbacks’ official athletic site, O’Grady caught 96 passes for 1,650 yards and 25 touchdowns in his final two years of high school. Off-the-field issues aside, O'Grady showed some ability as a receiver at Arkansas. After redshirting in 2015 and playing just 18 snaps during the 2016 season, catching his first touchdown pass in Arkansas’s bowl game, O’Grady saw the first significant playing time of his career during his redshirt sophomore season in 2017. He played just 235 snaps, but he was able to earn a 72.1 receiving grade in that limited action. He was able to reach the 70.0 receiving grade mark in each of his next two seasons as well, highlighted by a receiving grade of 87.5 in 2018. O’Grady didn’t have a whole lot of success as a run blocker, but he was effective after the catch (17 broken tackles TDS 135 career targets.","With a big catch radius, legit speed, and physical tackle breaking ability after the catch, it's a shame we're not talking about O'Grady as an early round prospect right now. The character red flags are too much to ignore though. O'Grady was not only suspended multiple times by two different coaching staffs at Arkansas, but he eventually walked away from the team midway through his senior season. I just don't know what you do with that at this point.","TDS on 87 catches) and flashed sure hands with just four drops on 135 career targets. If it weren't for his off-field, O'Grady would be a top-3 tight end in this class. The off-field though may see him not even get drafted. cheyenne Suddenness in his breaks that Physical player along routes Multiple off-field issues Already 23 years old and will necessary to get open at the and after the catch. including a suspension and turn 24 as a rookie. NFL level. arrest before leaving school in Sure hands over the course of Too many low effort routes on his career. 4 drops on 89 tape. Not every break is made catchable. with same crispness. YAC monster. 17 broken Not featured whatsoever until tackles on 87 career catches. this past season in Arkansas' offense."
"97","A. Okwuegbunam","Nr","Listed at 6-foot-5, 223 pounds coming out of Illinois’ Sacred Heart Griffin High School in 2016, Albert Okwuegbunam received 18 offers from top programs around the country, including Missouri, Iowa, Iowa State and Indiana, as a three-star recruit, per 247Sports. He verbally committed to Mizzou in September 2015, and his high school head coach, Ken Leonard, had nothing but high praise for his young tight end at the time. “Mizzou is recruiting him as an athletic tight end,” Leonard said, per Brian Webster of The State Journal-Register. “That hybrid kind of tight end/receiver that’s become so popular lately. “He’s 6-6, 225 pounds and just 17 years old. He runs a legit 4.5/4.4 (40-yard time). He’s very hard to bring down and has great eye-hand coordination. Potentially, the sky is the limit for him if he puts the work into it.” Most players grade better and produce better statistically as their college career progresses. Okwuegbunam’s career went in the opposite direction in his time with the Tigers. He came out in his redshirt freshman season in 2017 and looked like one of the TDS blocking grade of 79.3 in 222 run-blocking snaps, and a receiving grade of 78.4. 62.3 409 yards and 11 touchdowns. Things only got worse from there, 73.0 following a season-ending injury in Week 10 against Florida. Then, as a redshirt junior last season, Okwuegbunam caught just 26","Even when things were going good for Okwuegbunam when he had Drew Lock throwing him the football, it rarely came in a particularly impressive fashion. Okwuegbunam racked up yards and touchdowns when he got uncovered on seams and wheel routes. He's a very straight line kind of player who will break tackles due to sheer size and speed once he gets going. If you're Plus explosion for the position. not going to be dynamic at tight end, you better be reliable, and Okwuegbunam dropped four passes in each of the past three seasons.","Produced at a high level ever Doesn't use size at the catch Little more than glorified WR TDS more complete tight ends in the country. He recorded a run- blocking grade of 79.3 in 222 run-blocking snaps, and a receiving grade of 78.4. 62.3 499 292 183 26/44 306 11.8 6 On just 173 routes, Okwuegbunam caught 29 of 40 targets for 409 yards and 11 touchdowns. Things only got worse from there, 73.0 508 304 165 43/56 467 10.9 6 though, as his overall grade fell from 81.7 in 2017 to 73.0 in 2018 following a season-ending injury in Week 10 against Florida. Then, as a redshirt junior last season, Okwuegbunam caught just 26 81.7 473 262 102 29/40 409 14.1 11 passes for 306 yards, earning a career-worst 62.3 overall grade. PROJECTION Okwuegbunam isn't quite dynamic enough to slot in as a starter immediately and has struggled so much as a run blocker that he's not a great fit as a TE2. That's not a great combo. albert Challenges seams. since he first saw action in point as much as you'd like. with the way he run blocks. At Lost a number of jump balls to least has size to develop. CBs. Enormous dude. Would just Routes lack suddenness. run through defensive backs in Much better in straight line. his way. Body control necessary to A lot of production came via consistently haul in off-target throws. schemed busted coverages downfield and not beating"
"98","Colby Parkinson","Tight End","The 6-foot-7, 228-pound Colby Parkinson committed to Stanford as a five-star tight end recruit coming out of California’s Oaks Christian High School in 2017. He chose the Cardinal over offers from Alabama, Georgia, Arkansas, among other big-name programs. Parkinson recorded 1,280 career receiving yards on 80 receptions for eight touchdowns in his high school career at Oaks Christian, per Stanford’s official athletic site. The 6-foot-7, 250-pound Colby Parkinson has displayed some of the best hands at the position, dropping just three passes on his 165 career targets. That’s about where the good ends. Parkinson never quite took the big step of improvement, but rather marginally improved in each season. After posting a 63.2 in his 2017 true freshman season, he grew that to 65.2 in 2018 then 68.5 in 2019. That career high of his was still short of the 50th percentile among tight ends. He isn’t like the modern-day tight end that’ll create magic after the catch either. Parkinson has broken just four tackles on his 87 career catches and averaged only 3.9 yards after catch per TDS among tight ends in run-block grade.","Parkinson has pretty good numbers relative to the tight end position over the past two seasons with over 1,000 yards, but when you dig deeper the results aren't as encouraging. The first thing you notice is that he was on the field for over 800 pass plays over that span and the second is that he played far more from the slot than he ever did inline. While he certainly has good hands, he hasn't been a particularly good contested catch receiver. He was heaved up a lot of 50-50 balls over the past two seasons, but routinely got outmuscled at the catch point. The speed and suddenness you want to see from a tight end to get open in the NFL isn't there.","Incredibly large catch radius. Great hands with 3 drops on More slot wide receiver than Nothing to speak of after the Throw it anywhere in his 90 catchable in career. TDS reception. He wasn’t a special run-blocker either, ranking 40th among tight ends in run-block grade. Parkinson lacks any sort of suddenness or strength you want at the tight end position. He's little more than a catch radius at this point. colby tight end. Only 377 inline catch. Four broken tackle in vicinity. snaps last 2 years. his career. Doesn't have to be 'open' to Didn't have suddenness or make big plays down the field. upper body strength to shake press regularly. Attacks ball away from his Lets defenders hang on him body. Difficult for defenders to get around his body to catch throughout routes. Doesn't use hands to create space."
"99","Jared Pinkney","Tight End","Hauling in 32 receptions for 480 yards and three touchdowns as a senior at Georgia’s Norcross High School, Jared Pinkney entered the 2015 recruiting class as a consensus three-star wide receiver recruit and received offers from 12 schools, including the likes of Nebraska, Florida, UCF and Vanderbilt. He eventually committed to Vandy in January 2015. Pinkney picked up a medical redshirt as a freshman after getting injured in the team’s season-opener against Western Kentucky. Vandy officially announced his position change from wide receiver to tight end prior to his redshirt freshman season in February 2016. Pinkney is probably rethinking his decision to return to school for his redshirt senior year right about now. After a massive breakout year in 2018 that saw him haul in 50-81 targets for 770 yards, 7 TDs, and broke nine tackles, Pinkney's 2019 season was on the opposite end of the spectrum. Not much of it was his fault though as he saw his targets chopped in half. He caught 20-43 targets for 233 yards and two scores. Those are rough numbers, but his career is still impressive. He's broken 21 tackles on 114 TDS","Any way you want to slice it, 2019 went terribly for Pinkney. He was not featured to nearly the same degree as he was in 2018. His precipitous drop in production is indicative of how quarterback and scheme dependent the position like tight end is. He's still a massive bodied tight end with more shake at the top of his routes than your average 260-pounder. He's nowhere near the vertical threat of some of the other tight ends in the class, but he's still money in the red zone and on intermediate routes.","TDS catches and scored 14 times. The player that put up 770 yards back in 2018 didn't all of a sudden disappear. That combination of size and route running is still one that no other tight end in this class can offer. jared Sinks hips into his cuts like a Knows how to use his size. Run blocking basically non- Would like to see him vary wide out. Don't see men that Will dip shoulder into in phase existent. Has size to develop, speed on routes better. Gives big and that flexible. defenders before break. but not an inline option yet. away downfield routes too early. Legit speed to outrun LBs and Body control is superb. Made Let LBs undercut him up the On the old side as a redshirt DBs alike. more than a few highlight reel seam instead of fighting back senior. grabs adjusting to throw. for the football. Powerful frame. Carries 260 Nice subtle hand usage Production fell off a cliff in pounds easily. Lowers boom in open field. releasing up field to keep defenders from knocking him 2019. Not utilized at all."
"100","Stephen Sullivan","Tight End","Brought in as a four-star recruit at receiver out of Louisiana’s Donaldsonville High School, Stephen Sullivan stood at 6-foot-5, 230 pounds when he first walked on campus. Expectations were high for the big man early in his LSU career, but he struggled to earn playing time before making a transition from wideout to tight end. At the high school level, he recorded over 1,000 receiving yards as both a junior and a senior. He narrowed his offers to TCU, Mississippi State and LSU before committing to the Tigers in 2015. Sullivan started his LSU career off as a receiver where he took 308 of his 356 out wide back in 2017. He 'peaked' in 2018 when he moved to the slot a bit more and hauled in 23-44 targets for 363 yards and two scores. With the changes to the offense in 2019, Sullivan fell out of favor and only saw 14 targets all season long, hauling in 12 for 130 yards. One of the biggest reasons for the demotion was likely because he just wasn't productive down the field. In his best season of 2018, he only caught 8-27 targets 10+ yards downfield.","Sullivan was a surprise add to the Senior Bowl roster as he wasn't even a starter on his own team this past year. The senior tight end caught only one pass over the final eight games of LSU's historic season. Now, he's a little more talented than your average college backup, but he's still a fringe draftable prospect at best. While he's a former wide receiver, he doesn't particularly move like one. His weak statistical profile seems fairly indicative of him as a prospect.","quarterback a large window to Ultimately, there was a reason Sullivan was an afterthought in college football's best offense. He offers little dynamism or blocking prowess at the position. stephen Long limbed. Gives Not a part of the LSU offense Quick twitch is limited. this year whatsoever. 299 Explosiveness out of breaks is fit it in. snaps and 14 targets all lacking. season. Plus straight-line speed for the Lumbering, upright routes. No Gets stuck on linebackers. No position. Can be utilized up the flexibility to speak of. evasive maneuvers to get up seams. to the second level. Former wide receiver who Still fairly skinny for a tight Not dynamic after the catch produced more early in his LSU career end. Not a good number two option with his blocking. whatsoever. 1 broken tackle on 46 career catches."
"101","Charlie Taumoepeau","Tight End","Taumoepeau lettered in football, basketball and track while attending Federal Way High School and actually didn’t receive a scholarship offer to play football until a few months after his senior season ended, when Portland State of the FCS called. His first season playing receiver actually came during his junior year of high school. Until then, he was always a running back and middle linebacker. Taumoepeau mentioned how his high school offense didn’t feature tight ends, so he got to play receiver and showcase that he could move pretty well for a big guy, according to the ""Federal Way Mirror."" Taumoepeau didn’t wow as a pass-catching tight end in his career at Portland. He caught just 76 passes for 1,186 yards and six touchdowns in four years. In 2018 and 2019, he failed to earn a PFF receiving grade above 70.0. He also dropped seven passes in the two-year span.","There are a bunch of reps on tape showing why Taumoepeau was a Senior Bowl invite from a program like Portland State. Big dudes usually aren't as fluid as Taumoepeau is. That's basically a pre-requisite when playing in the NFL. At the same time, you need size, hands and speed as well — all things where Taumoepeau isn't quite up to snuff. At 6-foot-2 and 240 pounds, you better be a move tight end in the NFL, but it's difficult to see him being able to get off press in such a role. That's a tough path to the field.","Natural ball carrier. Can make Without the requisite size or desired athleticism for the modern tight end position, Taumoepeau's best bet to make a roster is via special teams. charlie Sluggish off the line. Press Size doesn't project well to plays in the open field. could be a big issue. blocking in the NFL at all. Productive in Portland State's Speed is below average. Not a Struggled to separate in one- offense. 983 yards past two crosser/vertical weapon. on-ones at Senior Bowl. seasons. More drops than you'd care for Only 1-9 in contested at tight end. 5 on 41 catchable in 2019. situations this past season."
"102","Adam Trautman","Adam Trautman","Trautman re-wrote the record books as a quarterback at Elk Rapids High School. Per Dayton’s official athletics’ site, he holds the school single-season and career record in passing yards along with single-season records in all-purpose yards and total touchdowns. He was a standout on the basketball court, as well, earning all-county honors in that sport. He didn’t draw much interest in the recruiting arena though. He failed to draw any FBS offers, and he was given opportunities at schools such as Cornell, Harvard and Dayton instead, according to Hero Sports. The 6- foot-6, 251-pound Trautman committed to Dayton as a quarterback, but he quickly made the transition to tight end where he would go on to become one of the top prospects at the position in this class. We only have data on his 2019 season and while it was against FCS competition, no tight end was better than Adam Trautman. At Dayton this past year, Trautman produced an elite 94.3 receiving grade and rarely did he not perform at a high level in a game as he had a receiving grade above 80.0 in nine of his 11 games. He TDS explosive plays of 15-plus yards which would be the most among FBS tight ends. He showed at Dayton he can play inline, in the slot 94.2 impossible for someone to beat Trautman on a contested ball. He - other FBS tight end did.","There's only so much you can glean from Trautman consistently bullying FCS competition at Dayton, but if you're going to draft a small-schooler highly, this is what you want the tape to look like. Trautman was physically on another level from pretty much anyone trying to check him and it's why he earned a 94.3 receiving grade in 2019. Then he went to the Senior Bowl and proved it was no fluke. His route breaks especially popped with how crisp they were comparatively to many of the other tight ends in attendance. That's a great skill to have in the league. He projects as a consistent chain-mover type tight end who has enough speed to get behind the defense as well if they turn him loose.","Violent in and out of breaks. Gets physical with the ball in Straight speed isn't as good as Catching the ball is second Mentality coaches will love. TDS dropped just two of his 78 catchable passes and burnt off 27 explosive plays of 15-plus yards which would be the most among FBS tight ends. He showed at Dayton he can play inline, in the slot 94.2 720 555 93 70/95 916 13.1 14 or out wide at a high level. At 6-foot-6, 253-pounds, it was near impossible for someone to beat Trautman on a contested ball. He - - - - - - - - had an elite receiving grade on such plays, something only one other FBS tight end did. Trautman is the closest thing that exists to a complete tight end in this draft class. He offers plus ability as a route-runner and after the catch while not looking out of place as an inline blocker. adam Ability to sink hips on route his hands. Can make you miss others in this class. breaks is top notch. or bowl right through you. Still learning the physicality it nature to him. 2 drops on 72 Has said he'd rather throw key takes as a route-runner to catchable last season. block for a TD than catch one. succeed in NFL. NFL-ready body at 6-5, 251 Numbers aren't close to a one- pounds that can do anything asked. to-one translation coming from FCS program."
"103","Charlie Woerner","Tight End","The nephew of former Georgia Bulldog and College Football Hall of Fame inductee Scott Woerner, Charlie put up some serious numbers at Rabun High School in Georgia. According to Dawg Nation, he had over 2,000 rushing yards, over 1,500 receiving yards, 50 offensive touchdowns, over 300 tackles and 10 interceptions prior to his senior season. He then proceeded to catch 57 passes – 15 of which were touchdowns – as a senior. That led to Woerner ranking as the 138th overall recruit in the 2016 class and fielding offers from national powers such as Georgia, Alabama, Clemson, Florida, Michigan and Oregon. Woerner committed to Georgia and upheld his commitment despite the firing of Mark Richt. Woerner wasn’t much of a pass catcher over his four-year career at Georgia, ending with just 34 receptions for 376 yards and one touchdown from 2016 to 2019. As a freshman back in that 2016 season, Woerner played 161 offensive snaps, a number that would grow to 294 in 2017, 485 as a junior in 2018 and 662 this past season. While he didn’t make much of an impact as a TDS performed well there. Woerner’s 82.9 run-blocking grade in 2019 ranked first among 85 draft-eligible tight ends with 200 or more 59.2","The positives in Woerner's game revolve solely around his work as a run blocker. Georgia certainly didn't seem to believe in him as a receiver, as he saw all of 32 targets over the past two seasons despite being a starter. At only 244 pounds, it's difficult to see him catching on as only a run blocker, either. That's not enough heft to really make an impact in such a role.","Some devastating pancakes TDS receiver, most of his snaps came as a blocking tight end, and he performed well there. Woerner’s 82.9 run-blocking grade in 2019 ranked first among 85 draft-eligible tight ends with 200 or more 59.2 662 382 252 9/20 78 8.7 1 run-blocking snaps. Woerner's best role in Georgia's offense came almost as a fullback, but he's likely too high cut to be effective in that role in the NFL. charlie Only 20 catches over the past Too tall to realistically be used coming across the formation. 2 seasons. as a fullback. Mac truck on the move. One of the best and most Tiny arms (31 1/8"") for height. versatile run blockers in the Not great for blocking inline. draft class. 0-5 in contested situations this year."
"104","Trey Adams","Offensive Tkl","Trey Adams played both ways in high school and earned a first- team all-league spot on both offense and defense while helping the Wenatchee Panthers reach the state quarterfinals two years in a row. He was rated the No. 32 offensive tackle recruit in the nation by ESPN, the No. 34 offensive tackle in the nation by Scout and the No. 41 tackle in the nation by Rivals. Adams was high school teammates with former Washington State and PFF All- American guard Cody O’Connell at Wenatchee and he earned his first start in high school after O’Connell went down with an injury. In addition to football, Adams also was a star basketball player and pitcher for the Panthers. Adams hails from an athletic family as his father, Bud Adams, played basketball at Georgia Tech and was drafted by the Kansas City Royals in the ninth round in 1987 and went on to pitch for three years in the minor leagues. Adams was given a big role on the Huskies offensive line right from the get-go. He made an appearance at left tackle in 10 games as a true freshman in 2015 and wasn’t the best but he performed far better when he was given the fulltime starting SACKS 53.3 to 75.6. Injuries then derailed his 2017 and 2018 seasons, holding him to under 600 snaps in those two seasons combined. 70.1 honors, his performance as a whole was fairly underwhelming as 52.4","We'll give Adams a pass for his performance against Chase Young in last year's bowl game because of the injuries he dealt with that year. The same can't be said about what Bradlee Anae did to him this past season. Adams allowed six pressures in that game and struggled mightily to push Anae past the pocket. Adams is almost too tall for the position as he has trouble getting low enough to leverage defenders trying to bend the edge. Having never been exceptional in pass protection at any point in his career, Adams isn't a top prospect on our board.","Enormous even by offensive Flies off the line of scrimmage Multiple serious injuries (ACL Destroyed on multiple line standards. Smaller DLmen and up to the second level with While his injury history is worrisome, it's not the only reason we're so low on Adams. He's simply not handled top-tier edge talent well at all. Those matchups give us good insight into the next level and they weren't pretty for Adams. trey & neck). occasions over course of get snatched. ease. career (Chase Young, Bradlee Anae). Forklifter in run game. Keep Slow resetting his hands after Stiff, upright sets. Can't sink hands low and explodes up they lose positioning. low enough to push past top through defenders. of pocket. Viable option for any scheme Inside moves were his with his power and athleticism. kryptonite. Feet stuck in turf when reacting inside."
"105","Hakeem Adeniji","Hakeem Adeniji","According to Kansas’ official athletic site, Hakeem Adeniji played both offensive tackle and defensive end at Texas’ Garland High School. He also lettered in basketball and track & field at Garland. 247Sports Composite listed him with zero stars, but Adeniji still managed to receive an offer from Air Force. Four months after he signed his letter of intent, the school sent him an email saying his medical waiver had been denied because he has a cashew allergy, per Jesse Newell of the Kansas City Star. His high school coach, Jeff Jordan, accepted an offer to become the director or personnel for Kansas’ football team. Jordan helped Adeniji get to KU, where he soon found himself starting as a true freshman. Adeniji started from day one as a true freshman for Kansas. Talk about throwing a guy to the wolves, Adeniji not only started at right tackle that year, but was flipped to the left side midway through the season. Unsurprisingly, he got owned to the tune of 39 pressures that season. In the subsequent years though, that number continued to dwindle. From 21 as a sophomore, to 15 as a junior, to nine SACKS grades though as he still has far too many whiffs in the run game. That stagnating grading profile is worrisome with how far Adeniji 66.7","With Adeniji you really wish he could have gotten some better coaching earlier on in his career. He's a four-year starter whose stance still looks unlike any tackle that plays in the NFL. Those little things matter along the offensive line and they're the things Adeniji has still yet to master. He has impressive natural coordination that's gotten him by up to this point, but this is where that ceases to be enough. The question now becomes, how far off is he? The answer seems like it will be a while.","Adeniji is simply too sloppy in a number of different technical aspects of the position to bet on making an impact anytime soon. He's athletic enough to play tackle in the NFL, but his production at Kansas isn't convincing us to overlook his issues. hakeem Thick base. Plays with easy Playing low comes naturally in Angles far too flat to the line Stance needs completely raw power. run game. of scrimmage in pass sets. reworked. No explosion out of Begging to lose around edge. it. Plays with great leverage in Only 6-5 but has requisite Base is a mess in his pass Middling grades at best over run game. length to stay at tackle in the sets. Feet can get really close his career and little year-on- and give him no chance. year improvement. Hands tight in his punch. Stops his feet on contact in Some pop behind his hands as well. pass pro. If punch doesn't land, it's over."
"106","Ben Bartch","Ben Bartch","Ben Bartch didn’t receive any Division I offers coming out Oregon’s Bishop Blanchet High School as a 6-foot-5, 230-pound tight end in 2017. He weighed in at the 2020 Reese’s Senior Bowl as a 6-foot-5, 308-pound offensive line prospect entering the 2020 NFL Draft. After catching four passes for 43 yards and a touchdown playing tight end in his first two years at St. John’s. Bartch made the switch to offensive tackle before his 2018 campaign. The data is limited for Bartch since he hails from St. John's, but the data we do have on him is favorable, particularly in pass protection. Bartch allowed just four pressures in 2019 in 315 pass-blocking snaps. That rate of 1.3% is extremely impressive for a tackle. Granted, it came against schools with names like St. Olaf College and Bartch's 70.2 run-blocking grade isn't anything to write home about, but a line in pass protection like that still carries some weight.","You can flip on the tape from Bartch at St. John's and watch him body 220-pound edge rushers all day and any sort of grades or stats (which we'll have) won't tell you a damn thing about how he'll play in the NFL. Now, flip on the Senior Bowl tape and see similar reps and we can talk. Bartch has the nastiness and play strength you want to see at the position. He ended multiple one-on- one pass pro reps by taking the defender to the turf. The more you saw from him, the more boxes he ticked. It's difficult to completely go to bat from him early on, but I'd take that chance somewhere on Day 2 based on what I've seen.","contact. Uses them so well. pass sets. Explosive lower To look as good as Bartch did at the Senior Bowl in his first-time facing NFL-caliber competition is very impressive and reminiscent of Hobart tackle/guard Ali Marpet. ben Hands lock defenders up on Good depth off the line in his Tough to glean much of Such a massive leap in anything from his St. John's competition level from D3 to half. tape. Not completely flawless NFL. though. Resets hands well after they've Will hang on for dear life as Struggled adjusting to other been swatted away. he's getting shed. positions that weren't left tackle at the Senior Bowl. One of the highest win rates of Base super wide in his pass any OL in attendance at Senior Bowl (58%). sets. Needs some seasoning there."
"107","Mekhi Becton","Mekhi Becton","Mekhi Becton was tagged as just a three-star recruit by 247Sports coming out of Virginia’s Highland Springs High School in 2017. He received more than 25 offers before making his decision to attend Louisville. He played right and left tackle in high school in addition to center on the basketball team. He chose the Cardinals over offers from Oregon, Georgia, Michigan, among others. Becton’s production isn’t great. He struggled flipping sides at Louisville in 2018 and didn’t’ fare much better in true pass-set situations in 2019. He was largely protected by the Cardinals’ play-action and screen-heavy offense and allowed eight total pressures across his 73 true pass sets this past season. His 79.2 PFF pass-blocking grade in 2019 ranked 45th among FBS offensive tackles with 250 or more pass-blocking snaps on the year.","To classify some of Becton's blocks as dominant is almost doing them a disservice. I get that 'dominant' is a superlative by definition, but it still doesn't feel like enough. He heaves grown men who are actively not trying to be heaved. I'm sure he could murder you or I with is bare hands. While those types of blocks will be less frequent at the NFL level, the power that was behind them is a damn good starting point for an offensive tackle. The problem is that he's still somewhat near that starting point. He's still a work in progress in pass protection and we tend to lean more towards finished products.","The largest offensive tackle in Pounces back on inside moves 370-pound tackles are almost People throwing power. Like a Flipped sides as a We've yet to see Becton pass protect at a high level yet. Even with generational physical tools for the tackle position, we're fine being hesitant with the inherent risk. mekhi Didn't face much in the way of the draft class, but doesn't like a many 70 pounds lighter. unprecedented in the modern edge talent after the Notre move like it. NFL with emphasis on pass Dame game. pro. Almost never tested in true Hands struggle to latch kid playing with toys. freshman/sophomore based dropback passing game this consistently. Will let guys free on formation. 2019 was first year. 73 true pass sets. after first strike. year at just LT. Uses hands independently Terrific at maintaining relation Overly anxious with punch for already. One swat is all it takes from him. between pass-rusher and QB in his sets some reason. At his size he can afford to be patient."
"108","Blake Brandel","Offensive Tkl","Blake Brandel received just one offer (Oregon State) coming out of Oregon’s Central Catholic High School as a three-star offensive tackle recruit in 2015. He played football and basketball in high school before joining the Beavers in 2015. He arrived on campus under 300 pounds but bulked up to 314 pounds ahead of his sophomore season. Brandel has been a four-year starter for Oregon State and from a grading standpoint went from subpar in 2016, average in 2017 and 2018 to elite in 2019. He improved his pass-block grade from 72.6 to the best among all FBS offensive tackle at 93.1, allowing minimal pressure. Brandel’s 1.1% pressure rate allowed was the lowest among tackles and nearly 5% better than what he allowed in 2018. His run-blocking was great too as he had a run-block grade that was among the 15 best tackles in the country.","Brandel's strengths and weaknesses at this point are very well defined. His hand usage and technical savvy for the position is off the charts compared to most college tackles. If you gave Mekhi Becton his hand usage you'd get Orlando Pace. Unfortunately, Brandel is close to neither athletically. He repeatedly looks below the threshold necessary to play the position in the NFL athletically. Without much power or flexibility to his game, kicking-in to guard won't do him much good either.","Hand usage in pass sets is incredibly advanced. Loves to Brandel is your quintessential productive college tackle whose physical tools resemble nothing close to what you want at the position in the NFL. His lack of any sort of power and quicks give him an uphill climb at even a roster spot. blake One of the thinnest tackles in Noticeable hitch getting out of draft class. There are TEs with stance. Picks foot up and puts fake flash to throw timing off. bigger legs. right back down a lot. Incredible patience. Plays his Feet look like they're in slo-mo game, not yours. at times. Lack of size doesn't translate to plus agility. Quick to reset hands Sits high in his haunches in underneath defenders. sets. Flatbacked a lot."
"109","Saahdiq Charles","Saahdiq Charles","Charles may have gone to high school in Mississippi at Madison-Ridgeland Academy, but his roots were in Louisiana. Charles’ family was forced to move following Hurricane Katrina, bouncing from Louisiana to Texas to Georgia to Alabama to Mississippi per LSU’s official athletics’ site. Charles played both offensive and defensive line in high school and came out as the 18th ranked guard prospect in the nation by 247Sports. Charles had offers from 13 schools, and he chose LSU over Mississippi State in a decision about which he said via Will Sammon of The Clarion-Ledger, “It was very tough. It was tougher than many people would think.” During his freshman season in 2017, Charles started out with games at right guard and right tackle before settling into the starting left tackle spot in Week 6 against Florida. That is where he would remain as the starter throughout the remainder of his career at LSU. That first year had its up’s and its down’s, but mostly there were down’s. Charles ended the year with a pass-blocking grade of only SACKS Notre Dame in which he allowed three pressures and committed three penalties. Things got better for Charles over his next two 69.5 ability. Charles’ career-best grade came as a junior this past 63.0","While Charles has NFL tackle athleticism, the positives pretty much end there. With how unpolished he is, Charles’ early declaration was one of the most surprising in the entire draft class. He simply cannot be thrust into a starting role as a rookie without getting toasted and that immediately drops his stock considerably down boards. The Alabama tape is especially concerning as those were the two best edge defenders he saw all season and might has well have been a traffic cone for the majority of the game. Charles has a long way to go.","length to play tackle in NFL. NFL. Can fly in space. The tools are there, but do you trust your offensive line coach enough to get the most out of them? That's the question with Charles who is a ways away from contributing in the NFL. saahdiq Height isn't ideal, but has the Weapon on screens in the Looks more like a tight end His punch in pass pro is more than a tackle at this point. of a bear hug. Arms wide grasping for jersey. Plays so low. Almost No anchor to speak of at the Gets off balance trying to horizontal to ground on some moment. adjust to pretty much anything run plays. Not getting out- unexpected. leveraged. Explosive for an OT. People Allowed 20+ pressures in each mover despite being undersized. of his three seasons."
"110","Cameron Clark","Cameron Clark","A graduate of Ben L. Smith High School in Greensboro, North Carolina, Clark was listed as a two-star recruit and the No. 242 tackle prospect in the country by 247Sports. Per Charlotte’s official athletics website, Clark was selected to the 2014 Shrine Bowl of the Carolinas following his senior season in which he was an all-Metro 4A selection. Clark had offers from Charlotte, Appalachian State, James Madison and Old Dominion, and he ultimately committed to the 49ers as a member of their 2015 recruiting class. Following a redshirt season in 2015, Clark played 411 offensive snaps during in 2016 for the 49ers, drawing a couple starts late in the year. He picked up a 63.7 grade in that first season and followed it up with a 63.6 overall grade in 634 snaps during the 2017 season. Clark improved his pass-blocking grade in that second season to 72.8, but he saw his run-blocking grade fall to The big jump for Clark came as a redshirt junior in 2018. He brought his overall grade all the way up to 79.9, buoyed by an SACKS left tackle. He maintained that level of play in his final season at Charlotte, earning a grade of 78.8 this past season. Clark played 78.8","If I had to put money on any Day 3 tackle in this class breaking into a starting lineup sooner rather than later, it would be Clark. While many chase traits on Day 3, I'd chase skill along the offensive line, and Clark is one of the most skilled small school tackles in the draft class. He uses his hands exceptionally well in both pass protection and the run game. His pass sets are NFL-ready in a number of ways. He's limited athletically and has some ugly reps on the move, but he's still above the threshold for the position in the league. The biggest worry is that we never saw him face anything resembling NFL talent at Charlotte in his career. His practice film against teammate Alex Highsmith may be the best competition he faced.","to snap to keep rushers off- blow. It's rare to see a small school tackle prospect who isn't a ""project,"" but Clarke is already very technically sound for the position. He's just a little tight-hipped and inconsistent with his leverage. cameron Tight hands in pass pro. Looking to lock in with his Base can get thin and lead to Weak level of competition and Switches up throws from snap hands and not simply deliver difficulties anchoring. protected in run heavy offense. 63 true pass sets all 2019. balance. Kickslide gets depth at NFL- Logged 2,772 snaps in four Bit stiff in the hips when Flexibility is concern. Has level already. Hits landing years at Charlotte. turning to ride defenders past trouble sinking low in both run points consistently. the QB. game and pass pro. Distinct improvement over Massive 11"" hands to latch on. Gets on his heels and high in Doesn't move like an athlete in course of career. 5 pressures allowed all last year. pass sets. Knocked off balance when guys get in his space. Some rough pulls."
"111","Ezra Cleveland","Offensive Tkl","Despite his massive 6-foot-6, 275-pound frame, Ezra Cleveland didn’t receive a ton of love in the recruiting process. Tagged as just a three-star defensive recruit by 247Sports Composite, Cleveland received just four offers coming out of Spanaway, Washington’s Bethel High School in 2016: Washington State, Eastern Washington, Air Force and Boise State. Cleveland was named Bethel’s defensive player of the year and received first- team all-conference honors as an offensive lineman before accepting his offer from the Broncos. Cleveland has played over 900 snaps at left tackle for Boise State in each of the past three seasons. He recorded an 81.0-plus PFF pass-blocking grades all three years, as well. His PFF run- blocking grade shot north of 78.0 in each of his last two years with the Broncos. He didn’t face high-level competition in the Mountain West, but Cleveland still allowed fewer than 20 total pressures in each of his three years as a starter at left tackle. He also was called for just seven total penalties.","While the competition level that Cleveland faced at Boise State wasn't great, he was asked to pass protect on an island a lot in their scheme over the past three years. Those one-on-one reps are still invaluable for a prospect when projecting to the NFL and the more the better. He's not a power player by any means and if you're looking for dominant reps on tape, you might want to grab a snickers. He has more than enough of a base to get by though early on.","Cleveland has the feet of an NFL tackle and doesn't have too far to go from a technical standpoint either. If his play strength continues to develop, he'll be a quality starter in the league. ezra Smooth mover. Capable of Lights out down the stretch Weak punch. Anyone with Quick to flip hips in angle sets. mirroring even the most last season. Two pressures in some juice slipped by them. Leaves him susceptible to athletic pass-rushers. last 5 games. inside moves. Proficient with a number of Natural knee bender with NFL- Low competition level. Only 2 different pass sets already. caliber agility. power-5 schools on schedule last year. Tight, patient hands. Mixes up Three straight seasons with Thin frame that's lacking how he throws hands to keep rushers off balance. 80.0+ pass blocking grades. strength you'd like in the lower half."
"112","Jack Driscoll","Offensive Tkl","Jack Driscoll, a two-star offensive tackle recruit listed at 6-foot- 4, 250 pounds, accepted an offer from Massachusetts as part of the 2015 recruiting class. UMass and Army were the only two FBS programs to offer Driscoll coming out of Madison, Connecticut’s Daniel Hand High School. He started 20 games in two seasons with UMass and took snaps at guard and tackle throughout the process. He graduated with honors in three years, picking up a bachelor’s degree in hospitality and tourism management, per Auburn’s official athletic site. Driscoll’s PFF pass-blocking grade improved every year of his collegiate career. In his two years at UMass, Driscoll earned 71.3 (2016) and 81.7 (2017) PFF pass-blocking grades. He continued to improve in pass protection after transferring to Auburn, as his grade jumped to 85.8 in 2018 and 86.3 in 2019. He allowed all of 10 pressures (nine hurries, one sack) across his 443 pass- blocking snaps this past season. He still has a ton of room to develop as a run blocker, but Driscoll’s pass-blocking ability is among the class’ best.","I don't care if you're a statue with t-rex arms, if you shut down pass-rushers the way Driscoll did in the SEC, I'm going to be intrigued. Driscoll also happens to be one of the most agile tackles in the draft class with arms a shade under 33"". He just doesn't have much juice to him and comes in under 300 pounds. That's a tough sell at tackle in the NFL where if you can't hold up to a bull- rush, you can't see the field. I'd rather take the guy who's already done it and see if he can get his strength up to snuff than try to teach a guy who hasn't.","Athleticism shines through in Multiple seasons of space. Always on balance formidable pass protection stance in pass protection. No him to open outside hip earlier Driscoll has all the athleticism and technique to succeed at tackle in the NFL. Now he just needs to add the strength. jack Pops straight up out of his Lack of depth in sets forces tracking linebackers. grades across two schools. explosiveness out of sets. than he should. Fires off the line of scrimmage Kick slide looks like it's painful square and with terrific to him. Arms pumping hard as leverage. can be to stay on balance. Thick base despite weight that Size is an issue. Checked in he generates movement within the run game. under 300 pounds at the Shrine Game."
"113","Yasir Durant","Yasir Durant","Durant was part of the successful Imhotep Institute in Philadelphia, a team that went a perfect 15-0 in his senior season and became the first Philadelphia city public school to win a Pennsylvania Interscholastic Athletic Association football title. He signed with San Diego State as a three-star recruit in their 2016 recruiting class. But after needing to retake the SAT to raise his score, the Aztecs wanted Durant to play in junior college before enrolling at San Diego State, per Mitchell Forde of PowerMizzou. After only one semester at Arizona Western Community College, Durant signed with Missouri as the No. 3 ranked guard in the junior college ranks. Once enrolled at Missouri, Durant played 594 offensive snaps (primarily at left tackle) in his first season back in 2017. Durant earned a 68.1 overall grade on the season, and his 65.2 run- blocking grade was the best mark of his college career. He made strides in pass protection during the following 2018 season, raising his pass-blocking grade from 68.5 to 84.7 and bumping his overall grade up to 72.7. The grading profile remained roughly SACKS Durant earned a 73.3 overall grade in 2019 and was at his best in pass protection.","Durant has all the technical skills to be successful at the college level but possesses very few of the physical skills you want to see when projecting to the NFL. He often got by with proper positioning and simply leaning on guys at the college level, but anything unforseen gave him fits. With his consistently high pad level, Durant doesn't project terribly well inside at guard, either.","One of the most productive Durant is likely below the athleticism threshold for tackle in the NFL. He doesn't have the play strength to make up for it, either. yasir Rough movement skills. Little Foot speed lacking against pass protectors in the SEC. ability to change direction on counters. Takes a while to pick fly. em up and put em down. No problems against bull-rush. Can't bend at the knees. Lot of No chance on cutoffs on Large even for a tackle. bent over pass pro reps. backside of outside zone. Pop on first contact at the line. Odd build for tackle. Carrying a Not going backwards. lot of weight in midsection."
"114","Scott Frantz","Scott Frantz","Frantz grew up in the backyard of the University of Kansas, playing his high school football in Lawrence. He committed to Kansas State, though, as a three-star recruit in the 2015 class over offers from Kansas and seven other programs. Frantz was listed as the 110th best tackle in the country by 247Sports. The 6-foot-5, 293-pound tackle made headlines after he became one of the first openly gay FBS players prior to the 2017 season. He first came out to his teammates following his redshirt freshman season, and then, Frantz came out publicly on ESPN a year later. Frantz, a four-year starter at left tackle for Kansas State, didn’t quite take that leap forward like we thought he would these last couple seasons. He greatly improved his pass-blocking from his first season to his second, raising his pass-block grade from 65.0 to 86.8 which was the eighth highest among left tackles in 2017. Over the last couple seasons, Frantz has still been a solid pass- protector, but saw his grade dip slightly to 82.6 then to 79.0 in 2019. The biggest concern was how much he regressed as a run- SACKS dropped his grade in that facet to 52.1 before raising it back up to an average 63.3 in 2019. Frantz was durable for the Wildcats, but 67.7","For the past four years at Kansas State it's been Frantz and not former second-round pick Dalton Risner who manned the blind side for the Wildcats. After 3,244 career snaps however, Frantz never came close to Risner's level of all-around performance. Even at 23 years old already, Frantz still leaves a lot to be desired in the physicality department. His lack of length already doomed him to a likely career inside in the NFL and that lack of power does not profile well to the interior. He has very easy movement skills and good enough hand usage that he should be able to at least make a roster.","timing and placement are both run game. Doesn't get in bad Frantz is worthy of a late-round flyer to see if he can get to an NFL-level of play strength in an NFL weight room. His solid technique will only get him so far though without the physical tools. scott Terrific with his hands. Punch Knows how to work angles in Core strength is poor. Will get Grades have gone backwards walked back into pocket ever since sophomore season. on point. spots. consistently in NFL. Not making necessary improvements. Lateral agility that can play on Well below the desired length the edge in the NFL. Feet at the tackle position. under control. Played over 750 snaps in each Stiff hips. Struggles to ride of the past four seasons. outside moves past pocket."
"115","Charlie Heck","Offensive Tkl","A former high school tight end, offensive tackle and defensive end, Charlie Heck received just four offers as a three-star recruit in 2015, including Kansas State, Indiana, Kansas and UNC. The Rockhurst High School graduate earned first-team all-district and all-metro honors and was an honor roll student in his preps career. He took a redshirt year in 2016 despite playing in eight games that season. Heck has earned fairly solid pass protection grades over the course of his career, but at the same time he really hasn't been tested. For starters, the slate of edge rushers in the ACC outside of Clemson has been pretty rough. Also, he's taken only 206 true pass sets last over the past two seasons, which is a very low number for a starting tackle considering North Carolina has passed almost 900 times over that span. His run blocking grades have been far more indicative of his issues. He earned a career high 66.3 run blocking grade in his first season as a starter back in 2017 and hasn't been able to replicate it since.","There are some reps you'll see on tape from Heck where everything looks the way it should from an NFL left tackle. Then you see all his issues in pass protection, and you worry about how much of it can actually be fixed. I don't think you can necessarily coach waist-bending out of someone to the degree Heck plays. It's a compensation mechanism for a lack of flexibility that shows often on his tape. He's just not going to win too many leverage battles in the NFL.","height/length/size/athleticism Heck looks built in a lab to play left tackle, but that's about where the positives end. You can't get away with waist-bending as much as Heck does at tackle in the NFL. charlie Has all the Punch in pass pro doesn't do Hardcore waist bender. much. Weak and poor timing. Helmet way out in front of his to stay at tackle in the NFL. toes. At his best on the move. Looks Depth out of stance is lacking Difficult for him to play low. much more comfortable in and will start crossing over his Doesn't have the flexibility. space than in phone booth. feet to try to get deeper. Three years as a starter with A lot of pass snaps, but not a above-average pass blocking grades. ton of true pass sets in UNC's offense. Only 108 last year."
"116","Justin Herron","Offensive Tkl","According to Wake Forest’s official athletic site, Justin Herron only played on the defensive side of the ball before taking reps at offensive and defensive tackle as a junior and senior. He participated in basketball and football at The Bullis School in Potomac, Maryland, and he also played the trumpet as a high schooler. He was considered a three-star recruit by 247Sports Composite and accepted his offer to Wake Forest over offers from Old Dominion, Penn State and Rutgers. Herron logged 3,502 snaps in his career with Wake and improved each year he took the field. In his redshirt freshman season back in 2015, his pass-block grade sat at 63.7 and he took that to 75.7 in 2016 then to 84.6 in 2017. After his torn ACL in 2018, it was hard telling how Herron would bounce back but his on-field performance didn’t skip a beat in his sixth-year senior season. Herron’s 84.2 pass-block grade this past year ranked 13th among FBS left tackles. His run-blocking is cause for concern though, as his career high grade in that facet was 62.3 in 2017 but there’s no doubt Herron has gotten the job SACKS","Herron is the not the type of offensive lineman that's going to get evaluators excited. He's not overly athletic or powerful. He's not a people mover at the line of scrimmage. And there's not much about his game that qualifies as 'pretty'. That being said, he's very consistent in his technique and rarely gets himself in bad situations. That's a big reason why he's graded so well in pass protection over the course of his career. The run game is much harder to 'fake' via technique though and he's not graded out nearly as well in that regard. There's a softness to him that will surely get exposed early on in his career in the NFL. The hope is he can get his play strength up to a level where he can still contribute.","Pops out of his stance. Gets to Punch timing and placement is Uses hands independently in Herron's play strength keeps him out of the early round mix and is worrisome considering his age. With some of the best hand usage in the class though, Herron can still be a starter down the road in the NFL. justin Upper body at constant Skip pulls took forever. Not the landmarks in a hurry. beyond his year. Consistently forward lean. Begging to be most fleet of foot. inside shoulder pads. thrown off balance. Doesn't have strength in his Consistently loses leverage pass protection. Keeps lower half you'd like. Cedes battle at the line of defenders guessing. ground on contact. scrimmage. No movement on down blocks. Choppy feet in pass pro. Hands are weak. Will have Always maintains good base and can react inside. perfect hand placement and still let guys wriggle free."
"117","Jared Hilbers","Offensive Tkl","Hilbers played high school football at Beaverton High School in Oregon. Hilbers was a PrepStar All-Region player at Beaverton. Hilbers also played defensive line in high school. Hilbers received offers from Colorado State, UNLV, Washington State, Air Force, Nevada, Utah State and Oregon State. ESPN ranked him the No. 4 prospect in Oregon and the No. 120 tackle in the nation. rivals.com ranked him as the No. 3 prospect in Oregon and No. 80 tackle in the nation. Hilbers was also played basketball at Beaverton where his tall frame led to success as a post player. After playing fewer than 100 offensive snaps in 2016 and 2017 combined, Hibers recorded a 73.0 overall grade and a 74.3 PFF pass-blocking grade across 615 snaps in 2018. He allowed just 14 total pressures across 302 pass-blocking snaps at left tackle for the Huskies. He made the switch to right tackle in 2019 and still managed to improve his overall grade and PFF pass-blocking grade across significant snaps. Hilbers allowed just 12 total pressures across 453 pass-blocking snaps en route to a 81.5 PFF pass-blocking SACKS","We've seen some quality tackle play from Hilbers over the past two seasons at left and right tackle for the Huskies. He's a very patient and consistent player who plays well above what his physical tools would suggest. Those importance of those physical tools though get amplified at the next level. It's encouraging that he's improved already year-on-year at Washington, but his performance was still nowhere near clean enough to think that he can overcome his slow feet.","Hilbers is a plodder. Plodders can still play tackle in the league, but everything else better be perfect. At the moment, he's a bit off from that. jared Lot of pop in his hands. Experience and solid grades at Core strength still lacking. Very limited overall athlete. Delivers deadening blows in both tackle positions. Flat-backed too easily. pass pro. Feet never stop. Keeps him PRO 5 A bit stiff. Shows up in run from getting in bad positions. game where he will get outleveraged more than you'd like. Balance is first-rate. Rarely see Wasn't challenged by any him stumbling off block. significant pass-rushers."
"118","Robert Hunt","Offensive Tkl","Hunt’s high school career wasn’t nearly as decorated as many of the players in this guide. He played for the small Burkeville High School in Texas – a team so small that it only had 18 players on the entire roster, per The Vermillion. They only won two games his entire career there. Given that, Hunt was just a two-star recruit despite his 6-foot-5, 315-pound size coming out of high school. His only offer was to Louisiana where he has started each of the past four seasons. Hunt was suspended during the 2017 season for a felony theft charge that later got reduced to criminal mischief and dismissed following the completion of a diversion program. Hunt had an unfortunate injury in the midst of a career year in 2019, limiting him to only seven games. In his redshirt senior season, Hunt had produced an 87.1 overall grade which at the time of his injury was the second best among right tackles. He was great in both pass-protection and run-blocking, allowing just two pressures on 196 pass-block snaps and recording the fourth highest run-block grade at his alignment. SACKS could play at guard as well. He spent the first two seasons of his collegiate career at left guard and formed a two-year overall 87.1","It's a shame we only got to see 412 snaps of Hunt in 2019 as he was one of the most dominant guards in the country. If you think his level of competition is a serious concern, go pop on the Mississippi State tape from Week 1 this past season where he tossed around Bulldog defenders as much as any SEC tackle did this past season. He's your classic tackle->guard convert at the next level and looks like a plug and play type prospect. I'd be more worried about him turning 24 next season if he wasn't already so physically dominant.","Hunt has all the size and power to be a future pro bowl guard. If he can play a little more under control, he can step on an NFL field tomorrow. robert Easy power. Never Looks for kill-shot when Doesn't have the agility you Barely ever tested in pass pro. overmatched strength-wise. unoccupied in pass protection. want for a tackle. Likely Louisiana ran more than they Definitely not passive. kicking into guard. passed each of last two years. Frame like a lego block. Nastiness you can't coach Struggles to get depth out of Little hitch getting out of Naturally massive dude. attack blocks in run game. his stance. Feet actually stance on pulls or wide runs. Explodes into contact. crossed over each other at Can be costly. times. Loves the trap move in pass Overextends for punch protection throwing shoulder pads downward into ground. needlessly. Can be more patient with his power."
"119","Austin Jackson","Offensive Tkl","Considered both a five-star offensive tackle prospect and the top prospect in the state of Arizona coming out of North Canyon High School in 2017, Austin Jackson received more than 20 offers from Division I schools and took visits to USC, Arizona State, Oregon and Washington before making his decision to commit to the Trojans. Per Sports Illustrated, Jackson’s grandfather played for USC in the 1970s. Jackson played on both sides of the ball in high school and received USA Today All-Arizona first-team honors as a junior and senior, per USC’s official athletic program. He also lettered in track & field and averaged 8.6 points and 5.1 rebounds a game playing basketball as a senior. After his true freshman 2017 season in which he struggled on his limited reps (175 snaps) and had just a 51.9 overall grade, many were wondering how Jackson would fare as USC’s starting left tackle in 2018. Jackson handled himself fairly well as both a pass-protector and run-blocker, posting a pass-block grade that ranked 38th among FBS left tackles and run-block grade that SACKS candidate in 2019 that could end up be one of college football’s premier tackles, but he remained relatively the same player by 73.9","The hype surrounding Jackson is difficult for us to get on board with for a number of reasons. While he has the length and quicks for an NFL tackle, he's yet to show the consistency or physicality of one. He got taken to task against any talented edge rusher he faced and still needs to add considerable play strength. While the base traits are there, that's a lot that he needs to improve upon to simply see an NFL field. That's a late day 2 guy for us at best.","Smooth mover. Glides to his Jackson is a project for the position not only technically, but physically. Not yet 21 years old, there's reason to believe he will continue to improve both, but to what degree? austin Softness to his game. Not So slow to reset hands when set depth calmly. looking to bury dudes. they're swatted away. Feet quick enough to keep up Hands get swatted away so Some low effort reactions with speed-rushers trying to easily in pass pro. Little pop when he gets beaten. get to the edge. behind them. Very long and for the most Got carved up by the three part carries his hands well. High and tight. NFL-caliber edge defenders he saw (Okwara, Anae, Epenesa)."
"120","Josh Jones","Offensive Tkl","Jones was a three-star recruit out of George Bush High School in Richmond, Texas, back in 2015. There he also starred on the hardwood for the basketball program which was actually his first sports love. Coming out, Jones was originally committed to Oklahoma State before flipping to Houston and turned down offers from the likes of Nebraska and Missouri to play for the Cougars. Jones has one of the best grading profiles of any offensive lineman in the country over his four years at Houston. Yes, there's the obvious caveat that he's playing lesser competition at Houston, but his 93.2 grade this past season was the highest we've ever given to a group of 5 offensive tackle. He's only allowed 18 pressures on 1,282 pass blocking snaps over the past three years. He's earned pass blocking grades over 88.0 each of the past two seasons. Maybe the most encouraging thing though was how massively his run blocking grade improved this last season from 62.8 in 2018 to 92.7 in 2019.","When someone says a prospect is 'raw', that can mean a number of different things. To me, it means that his technique is not up to snuff for what it needs to be in the NFL for a number of key areas. From that perspective, Jones certainly qualifies as raw. On the other hand, people sometimes use raw as a synonym for 'not currently good at football'. From that perspective, Jones is in no way raw. I love the raw prospects like Jones who can improve a lot technically but are still dominating on the football field regardless. When he finally gets some stable NFL coaching, look out.","Some of the best independent Height/length/athleticism to hand usage in the class. stay at tackle in NFL. Varies punches and timing. Jones’ dominant senior season has pushed him all the way into the day 1 conversation. He's got the tools and performance to be a starting NFL tackle for a long time. josh Pass sets need to be rebuilt. Tendency to play high in the Basically just walking run game. backward out of stance. Very comfortable playing on Four years of starting Carries hands low in pass sets the move or in space. Natural experience in pass heavy and leaves his chest open. athlete. offense. Locks into shoulder pads Not a ton of true pass sets in extremely well. Always looking to engage even in pass pro. Houston's offense. Only 35 through five games."
"121","Colton Mckivitz","Offensive Tkl","The 6-foot-7, 262-pound Colton McKivitz received seven offers as a three-star offensive tackle recruit coming out of Ohio’s Union Local High School in 2015. He ultimately signed with West Virginia, the only Power 5 program to throw an offer his way. McKivitz was a three-year starter for the football team in high school and was a three-time All-Buckeye 8 Conference First Team player (2012-14), per West Virginia’s official athletic site. He also played basketball all four years of his high school career. McKivitz has been a grinder in the trenches for West Virginia these last four years, playing 3,489 snaps. After splitting time between left and right tackle in 2016, McKivitz started the next two years at right tackle and impressed with pass-block grades of 79.0 in 2017 and 84.9 in 2018. McKivitz was then moved, once again, to left tackle where he started in every game of 2019. McKivitz maintained his stout play, recording an 82.5 pass-block grade. Over the last three years, his pressure rate allowed is the seventh lowest among all FBS offensive tackles. The 6-foot-7 SACKS strength is concerning and run-blocking still has ways to go.","If an offensive tackle can't drop anchor versus a bull- rush, the word gets out and he'll be getting bull-rushed every single play. So far in his career, McKivitz has shown no ability to consistently anchor versus even college defensive lineman. He has some things to like about his game, but that lack of play strength is a non- starter.","McKivitz deserves some credit for making the switch from right to left tackle and not seeing his performance dip. His play strength though didn't improve, and it was the main thing we needed to see fixed in 2019. colton Never stops his feet in pass All the mirror ability to stick Board upright in his pass sets. Punch has no pop to it. Hands sets. Has recover ability when with quicker edge rushers and Can get out-leveraged every can be swatted away easily. hands don't do job. handle stunts. time. Quick to recognize and clamp Can get out and play on the Play strength overall is a Lack of leverage shows up in down on inside moves. move. Zone fit. massive concern. Out- run game as well. Can't play physicaled by 230 pounders. low. Has now started full seasons Not going to be a fit in a at both left and right tackle. downhill/gap type run scheme."
"122","Kyle Murphy","Offensive Tkl","Murphy did not have a ranking on 247Sports as a graduate from Attleboro High School in Massachusetts, where he was a four- year letter winner in both basketball and football. Murphy was a four-year starter at left tackle for Attleboro, and he received four college offers – University of Rhode Island, University of New Hampshire, Sacred Heart and Central Connecticut State. He ended up choosing Rhode Island, where he has started each of the past three seasons across multiple positions. Coming from a non-FBS school, PFF doesn’t have a complete data set on Murphy. Per Rhode Island’s official athletics website, he appeared in 10 games and made three starts at left guard as a freshman in 2016. He split his sophomore season in 2017 between left guard and right tackle with the only game PFF has on record coming against Central Michigan. In that game, Murphy allowed four pressures on 47 pass- blocking snaps and recorded two penalties. He struggled similarly in the two games on record from 2018 (against Delaware and UCONN) with a grade of 54.7 across those contests. The only full SACKS one in which he started at left tackle for the Rams. Murphy finished the year with a 68.2 overall grade, earning grades of 76.6 68.2","Murphy looks and moves like he should be considered one of the top guards in the class, but his tape tells a completely different story. His hands consistently do little for him. Whether it's in the run game or pass protection, his placement and engage ability are sorely lacking. Add that issue on to a number of other inconsistencies, and it's easy to see why he earned only a 68.2 grade at Rhode Island last year. That likely qualifies him as a project, but it's not as if his technique needs to be completely reworked. He's just not been successful at employing it snap-to-snap.","Murphy has the physical tools to start at guard in the NFL, but the inconsistency is hard to ignore and his traits aren't freakish enough to make up for that. He's interior depth at this point. kyle Consistent leverage in run Has played tackle, guard, and Leverage doesn't translate in Rare to see him cleanly game. Ass almost touches the center in his career. pass set. Almost standing engage. Placement is ground in his stance. straight up and down. generally poor. Thick boy with mass Block finisher. Especially when Struggles to mirror wide throughout his entire frame. he can lock in on a LB. rushes without completely flipping open his hips. Raw power and flexibility to Hands reaching out for dear drop anchor even when technique is poor. life in pass pro. No plan behind his punch."
"123","Lucas Niang","Offensive Tkl","A 6-foot-6, 295-pound offensive tackle prospect coming out of Connecticut’s New Canaan High School in 2016, Lucas Niang received more than 10 offers from FBS programs as a three-star recruit before committing to TCU in January 2016. He chose the Horned Frogs over Auburn, Miami (Fla.), Penn State and several others. Before an injury cut his season short, Niang recorded a 79.5 overall grade, 84.8 PFF pass-blocking grade and a 71.8 PFF run- blocking grade across 378 offensive snaps. In his three seasons with significant playing time, Niang never pushed his run-blocking grade above 75.7 (2018) or his pass-blocking grade above 86.3 (2018). He still, however, never allowed more than 14 total pressures in any single season of his career and was called for just three total penalties across 1,982 career offensive snaps.","We always say here at PFF that if you're going to draft an athletic 'project' type prospect, draft one that's already graded out well. Because if you're getting the job done with bad technique, imagine what will happen with good coaching. Niang has done just that the past two seasons for the Horned Frogs despite some of the oddest pass sets you'll ever see. He's got a terrific anchor and stupid long arms that he uses like suction cups. The player comps to an octopus are not unfounded. Niang isn't ready to contribute right away and the hip injury needs to be vetted, but he's one of my favorite tackle prospects outside the first-round.","Height and length are ideal for Only 3 penalties on 1,982 Can get out of his stance Back-to-back excellent pass Niang's pass sets are tough to watch at times, but even with as un-aesthetically pleasing they were he got the job done. That's encouraging for when he does get some NFL-level coaching. lucas Feet are all over the place in Athleticism is borderline for the tackle position. career snaps. his sets. Need to be the NFL. completely re-taught. Plays hunched over at the much quicker than you'd blocking grades. waist. Leads to ugly balance expect for a man his size. problems. Length simply too much for Very 'collegey' TCU offense. LBs. Like a spider web at the second level. Coaching points will differ greatly from NFL."
"124","Matt Peart","Offensive Tkl","Considered just a two-star recruit coming out of The Governors Academy in Massachusetts, Matt Peart accepted his only collegiate offer from UConn in 2015. According to the Huskies’ official athletic site, Peart helped his high school team win four consecutive Independent School League titles and was a team captain on the basketball team at Governor’s Academy. He is from Kingston, Jamaica, and didn’t play football until he attended high school. Ever since he was a starter as a freshman in 2016, Peart has done one thing especially well: protect the quarterback. His first two seasons at left tackle he earned pass blocking grades of 77.3 and 80.1. His last two seasons at right tackle he earned pass blocking grades of 75.5 and 86.0. While level of competition is obviously a concern, that's a pretty nice grading profile to have. What's even more encouraging is that we've seen his play strength improve greatly over that span as indicated by his run blocking grade. He went from 70.7 in 2018 all the way to 90.1 this past season. SACKS","Peart is a high cut tackle with long limbs, the ideal build for pass protection in the NFL. For the most part, that was the case for him at UConn. He showed excellent mirror ability and patience in his sets although he's far from polished in that regard. On tape he looks like one of the most athletic tackles in the class and he moves very much like an athlete. The worries come with his play strength. He simply is not much of a people mover and has developed some bad habits to try and make up for it. If he can add strength to his frame though we could be looking at a quality pass protecting tackle someday.","Put together the way you'd Hooks not boxing gloves in Not much panic to his game. Can get out of his stance in a With light feet and ideal size for the position, Peart certainly looks the part of an NFL tackle. He needs to add strength to his frame though and clean up his base in pass protection before he's ready to start in the pros. matt Gets himself an absurdly wide Depth out of stance is build an offensive tackle. pass pro. Locks edge rushers base in pass protection. Limits minimal. Can be improved Looks like a rocked up TE. up. his agility. through coaching with his athleticism. Core strength needs Lacks somewhat of the killer Happy to escort guys around hurry. Executed backside improving. Flat-backed far too instinct. Not trying to punish the back of the pocket. cutoffs on a number of plays. easily and little anchor vs. bull. people. Feet always churning in pass Bad habit of waist-bending to Hands just too wide in pass pro. Doesn't stop them to deliver his punch. make up for lack of anchor. Not good for balance. pro. Will be holding machine if that doesn't change."
"125","Tyre Phillips","Offensive Tkl","Tyre Phillips wasn’t really on any school’s radar coming out of Mississippi’s Grenada High School. It wasn’t until he suited up for East Mississippi Community College in 2016 that programs started to take notice. He was considered a three-star JUCO recruit in 2017 and received interest from Colorado, Georgia and Mississippi State. He ultimately opted for the Bulldogs and started to see snaps along the team’s offensive line after a redshirt season in 2017. After two years at junior college, Phillips would redshirt in 2017 at Mississippi State before rotating in at left tackle in 2018. On those 345 snaps, he impressed with an 81.3 pass blocking grade and 71.5 run blocking grade. He was a full-time starter for the first time this season and finished as the fourth-highest graded tackle in the SEC (80.1). He gets some kudos for facing a difficult string of edge rushers, but he also got rightly beat up by them so it's not really a tick in his favor. In consecutive weeks against Auburn's Marlon Davidson, Tennessee's Darrell Taylor, and LSU's K'Lavon SACKS","Being one of the higher graded tackles in the SEC is always going to make someone an intriguing prospect, but there are issues about Phillips' game that are concerning when projecting to the NFL. In a pass-driven league, Phillips is decidedly a run blocker first. He will send people yards downfield in a phone booth, but completely whiff on that same player when given some space off the edge. That would suggest a move to the interior is possible, but yet again issues arise. He struggles to stay low in his pass sets and got bull-rushed on multiple occasions by K'Lavon Chaisson who is listed as 95 pounds lighter than Phillips.","Phillips’ inability to play with consistent leverage in pass protection is going to get him smoked in the NFL. It's not something that will be alleviated by a transition to guard either. tyre Mountainous tackle. Doesn't Pop on contact is elite. No lateral agility at his size. Not a hands fighter. Just tries need to do much more than Smaller edge defenders aren't Couldn't even touch some to grab on for dear life once lean on guys in run game. stacking him. inside moves. DL has tipped their hand. Ability to torque edge Minimal depth out of stance. Scheme limited in run game. defenders with upper body Back foot gets a few inches. Don't want him on the move. alone. Reps are done when he locks on. Weapon on double teams. Can Surprisingly susceptible to bull cave in whole side of the line. even at his size because he gets high in his pass sets."
"126","Danny Pinter","Offensive Tkl","Pinter’s move to the tackle position is a recent one. He played tight end at South Bend’s Adams High School, coming into the 2015 class as a two-star recruit after registering 27 catches for 492 yards alongside 66 tackles and eight sacks as a senior. Pinter accepted his only offer to Ball State, joining the team as a tight end in 2015. He redshirted during his 2015 freshman season and spent the next two years at tight end before moving to tackle following a meeting with coaches following the 2017 season. Per the Ball State Daily News, Pinter gained 27 pounds in 23 days following the decision to switch to offensive line. Following a redshirt year in 2015, Pinter earned grades below 60.0 in both 2016 (59.4) and 2017 (54.8) on 250-plus snaps each season. He caught nine total passes for 56 yards and one touchdown across those two campaigns. Then, Pinter made the switch to become the Cardinals’ starting right tackle — the position he would play his last two seasons. From a grading perspective, Pinter made a leap at his new position in 2018, increasing his overall grade to 74.6 behind strong pass protection SACKS finished the year with a 91.2 overall grade that ranked fourth among draft-eligible tackles behind Josh Jones, Andrew Thomas 91.2 the same group.","If you're looking for a Day 1 starter later in the draft, you'd be better served to look elsewhere. Pinter would be planted firmly in his quarterback's lap on every pass play if he were to step on an NFL field tomorrow. He only switched to tackle a couple years ago, and it still shows in his play strength. With how far he's come in a short period of time, though, I'd bet on him eventually getting up to an adequate level of power. At that point, he's got more than enough quicks and hand-eye coordination to be a plus pass-protecting guard in the league.","Can scoot. Cut off blocks are Took massive step forward as Pinter is the perfect tackle-guard/center convert for a zone-heavy scheme. He has all the athleticism you could want but just needs to continue to add to his play strength to hold up against NFL defensive tackles. danny No power to his game Tiny arms (31 7/8"") even for a nothing for him. a run blocker in 2019. Far whatsoever. Long way to go in guard. Will have to kick inside more under control. an NFL weight room. in NFL. Locating on the move is top Core strength is lacking. Flat- Not the guy you want moving notch. Able to react to backs against any long arm people off the line of linebackers trying to backdoor. immediately. scrimmage in the run game. Balance is a plus. Able to find Needs more depth in his sets. his feet regularly even after trips/stumbles. Back foot comes up and goes right back down."
"127","Jon Runyan","Offensive Tkl","The son of former Michigan tackle and NFL All-Pro Jon Runyan, Runyan Jr. elected to continue the Michigan legacy, choosing the Wolverines as part of their 2015 recruiting class. Coming out of St. Joseph’s High School in Philadelphia, Runyan was a three-star offensive tackle recruit who was listed as the 124th best tackle in the country by 247Sports. At St. Joseph’s, Runyan was part of a team that won back-to-back PIAA Class AAAA state championships, and he was a first-team all-state selection at tackle as well, according to Michigan’s official athletics website. Runyan did not play in his first season at Michigan (2015), and he hardly saw the field on offense the following year either, playing just 24 offensive snaps during the 2016 season. Runyan saw slightly more action in 2017, but even that was just 148 snaps split between guard and tackle. Runyan's first significant playing time came during the 2018 season, when he took over as the team’s starting left tackle. He picked up a 69.9 overall grade, and then followed it up with a 69.3 overall grade again at left tackle this past season. His pass- SACKS season – 67.2 and 65.9, respectively.","You'd expect Runyan — the son of a former Pro Bowl tackle — to be one an absolute technician for the position, but the opposite has been the case. His pass sets are in shambles from his feet all the way up to his hands. Runyan barely gets any depth in his kickslide and has to pump his arms to keep his balance, causing his punch timing to be erratic. When he times it right, he often stops his feet to throw his whole body into his punch and can be thrown off balance when he misses. The movement skills are there for the position, but working out on an island isn't for him at the moment. A kick into guard is a must, it would seem.","Can make all the blocks you Smooth on the move. Can play Runyan is going to be a guard at the next level, and I'm not sure that immediately alleviates his issues. He lacks consistency in his technique, and considering the caliber of coaching he should have gotten, I'm not sure it will ever be there. jon Too much bend at the waist in Average power in the run want in the run game. Not pass pro. Does it to make up game. Not making up for pass limited at all. for play strength issues. pro deficiencies. Late hands in pass pro. Holds Didn't stand a chance against out in space. them wide and telegraphs Chase Young in their matchup. punch. Bloodlines. Son of former NFL- Sets tight to the line and has Arms on shorter end at 33 tackle Jon Runyan. to open up too quick vs. speed rushers. 1/4"". Likely guard."
"128","Terence Steele","Offensive Tkl","Terence Steele started just one season on varsity at the high school, per USA Today. He dropped from 340 pounds as a junior to 289 in August of his senior year in an effort to earn more playing time as a senior, which ultimately landed him a starting nod for Steele High School and several scholarship offers. He had five offers coming out as a two-star recruit in 2015, including Texas Tech, North Texas, UTSA, Oklahoma State and BYU. Steele is a four-year starter for the Red Raiders whose 3,713 career snaps is one of the highest totals we've seen over the past four years. The freshman tape was about what you'd expect from a freshman, but he quickly figured it out at right tackle as a sophomore. That remains his highest graded season as he allowed 23 pressures on 611 pass blocking snaps that year. Since then though his overall grades have stagnated. Both his pass and run blocking grades were lower this past season than they were in 2017. Those are not good signs.","Steele's 60.1 overall grade this past season is fairly indicative of who he is as a prospect. He got routinely clowned by edge-rushers in the Big-12, the majority of which won't even get drafted. That would be a scary sign for any tackle, but especially one who doesn't have plus athletic traits like Steele. Despite four years as a starter, we're not going to view Steele as much of a draftable prospect.","Steele lacks the flexibility and agility to start at tackle in the NFL. He got exposed too often by college edge rushers in the Big-12 to think otherwise. terence Powerful upper body. Ton of pass pro reps in the Carries hands low in pass Inflexibility in lower half. Snatches linebackers when he Texas Tech offense. 2,421 protection. Does him no favors Struggles to sink and absorb gets on them. pass blocking snaps in career. with poor punch timing. bull-rushes. Matches the height, weight, Ducks into his punches. Taken and length profile needed to off balance so easily when he play tackle in the NFL. misses. Has been ultra durable over Lateral agility is sorely lacking. the course of his career. Changing direction on fly is tough to watch."
"129","Alex Taylor","Alex Taylor","Taylor was known more for his basketball ability at Berkeley Senior High School than he was his skill on the football field, playing only 17 football games across two high school seasons per Appalachian State Athletics’ official website. Taylor was a two-star recruit in the 2015 class. His only three offers came from Appalachian State, East Carolina and Middle Tennessee State. He chose the Mountaineers, playing there before transferring to South Carolina State where he finished his career. Coming out of South Carolina State, PFF only has data on a portion of Taylor’s career at South Carolina State, and the only full season on record comes from his redshirt senior season last year. In that campaign, Taylor recorded an overall grade of 73.9 with grades of 78.7 in pass protection and 69.0 in run defense. He allowed nine pressures in 329 pass-blocking snaps on the season – five hurries, two hits and two sacks.","It's difficult to glean too much of anything from Taylor's grading at the FCS level. To even consider highly you'd like to see utter dominance of the competition and Taylor was far from that with his 73.9 overall grade last season. At the Senior Bowl, he looked quite easily the biggest project of anyone in attendance. Between his high pass sets, inconsistent depth, and thin frame, so many aspects of Taylor need to be reworked before he's even sniffing a roster spot in the NFL.","One of the largest wingspans Taylor has one of the craziest builds you'll ever see at the position, but that doesn't necessarily mean he has crazy 'upside'. Taylor is a late round flyer at best with how raw his tape is. alex Thin as can be. Needs to add a Flexibility is concern. Can't you'll ever see from an NFL ton of strength to even see an sink into sets. Going to get player at 88”. NFL field. bulled every time. Easy movement skills for a tall Landmarks on pass sets were Level of competition was very OT. Not limited in that regard. way off at Senior Bowl. Was weak. content riding guys 5 yards deep. No power to his game whatsoever. Struggled to moved sub-240 pounders."
"130","P. Tega Wanogho","Senior","Per Auburn’s official athletic site, Prince Tega Wanogho is a native of Delta State, Nigeria, and son of Prince Phillip U.D. and Princess Onome Wanogho. Listed at 6-foot-8, 250 pounds coming out of Alabama’s Edgewood Academy in 2015, Tega Wanogho received 19 offers and held visits with Auburn and LSU before committing to the Tigers as a four-star defensive line prospect. He redshirted in 2015 and moved to offensive line before taking a snap at the collegiate level. Tega Wanogho has taken snaps at left and right tackle throughout his collegiate career at Auburn, but he’s seen most of his snaps come at left tackle. After playing just 50 snaps in 2016, he’s played north of 600 offensive snaps in each of the past three seasons. He earned a career-high 84.0 overall grade along with an 88.4 pass-blocking grade and a 78.6 run-blocking grade playing over 700 snaps at left tackle in 2018. He allowed just 13 total pressures that season. He took a little bit of a step back in 2019, dropping to a 77.0 overall grade and a 76.4 pass-blocking grade SACKS pressures. He’s allowed fewer than 20 total pressures each of the past three seasons.","It was kind of incredible how far Tega Wanogho had come from never having played offensive line to holding up at left tackle in the SEC in the span of a few years. While he's never been the most athletic tackle, one doesn't necessarily need to be to be effective in pass protection in the NFL. This season though, we saw that lack of athleticism get exposed more and more. He got demolished by Tulane of all schools. If that's happening in college, lord knows it's only going to happen more in the NFL.","Octopus-esque length. He's Takes great attack angles at touching you before you're 2nd level. Not fleet of foot, but We had expected Tega Wanogho to take the next step this season to elite tackle play, but it never happened. His below-average foot speed got exposed too often for us to take him highly. prince Base gets comically wide in Lurches at defenders in run pass pro. Couldn't change game instead of churning feet touching him. still capable of stoning LBs. directions if he tried. and exploding through. Already using hands Experience kicking over to Lethargic off the ball in run Innate awkwardness when he independently in pass pro. right tackle in games as well. game. First step barely gains has to play in space. Doesn't Defenders couldn't predict his 74 snaps there in 2017. ground. look comfortable. punch. Improved by leaps and bounds Toes the line of getting too after not have played OL until Auburn. cute with hands. Lost reps because he wouldn't grab the"
"131","Andrew Thomas","Offensive Tkl","Andrew Thomas, a four-star recruit coming out of Atlanta’s Pace Academy, narrowed down his 29 offers to Notre Dame, Clemson and Georgia before committing to the Bulldogs in July 2016. Per Jeff Sentell of DawgNation, Andrew and his dad, Andre Thomas, decided UGA was the best fit for him a month prior to announcing his decision to go to Athens. “We didn’t establish a second team for Andrew,” Andre said, per Sentell. “There wasn’t another school which finished right behind. There was just Georgia.” Thomas earned a 68.4 overall grade, 76.7 PFF pass-blocking grade and a 63.8 PFF run-defense grade across 917 offensive snaps at right tackle as a true freshman at Georgia. And his production only got better from there. The 6-foot-5, 320-pounder recorded an 80.6 overall grade in his first year at left tackle in 2018 and a career-high 92.4 overall grade at the same position in 2019. He also earned an 89.0 PFF pass-blocking grade and a 91.3 PFF run-blocking grade as a true junior this past season. His grading profile is up there with the best in this year’s offensive SACKS","While you don't need to have elite strength to be an elite pass protector in the NFL, one thing is for certain: it helps. Being able to stop opposing edge rushers in their tracks with one punch can make up for a lot of technical issues. Thomas not only has that level of strength, but he also shows terrific agility and down to down consistency in his technique. He's got the best career grading profile of any tackle in the draft class and has done it against the best competition of any tackle in the class as well. All that makes you feel good about his prospects in the NFL.","ride. Showed jaw-dropping raw out of stance in his kick-slide pass pro. Anything unexpected tight ends and run-heavy strength for a true sophomore. already. He's not a perfect prospect by any means and there's still a lot to clean up on tape, but for Thomas to be as good as he is as young as he is makes him a safe bet in our eyes. andrew Locks in and takes ends for a NFL-level ability to get depth Feet are all over the place in Protected a good deal with and his base goes in the tank. Georgia scheme. Incredible natural flexibility. Movement skills of a much Hands are more boxing gloves Uncanny ability to sink hips smaller man. Looks like if he than clamps. Delivers blow, and explode through blocks. dropped 50-pounds he could but too often won't gain play TE. control. An incredibly well proportioned Improved grade-wise every Recklessness to his run- 320 pounds. Not carrying bad weight. single year of his career. blocking. Fires off at unsustainably low angle."
"132","C. Throckmorton","Position","Calvin Throckmorton played at Newport high school in Bellevue, Washington and played his first two seasons at Newport as a defensive lineman. As a junior, his coaches plugged him in on the offensive line in addition to his defensive line snaps. As a senior, Throckmorton recorded 13 pancake blocks as a left tackle and nine tackles for loss as a defensive lineman. He was rated a top- 50 offensive tackle by both Rivals and 247Sports. Throckmorton was heavily recruited by Pac-12 schools and chose Oregon over Arizona, Arizona State, California, Utah, Washington and Washington State. Throckmorton also played center on the Newport basketball team, and Oregon coaches credited Throckmorton’s agility, footwork and balance on the basketball court as a large factor in what attracted them to him as an offensive lineman recruit. Throckmorton plans to attend medical school and become an orthopedic surgeon. Throckmorton has been an iron man along the Ducks’ offensive line for four years. He’s played over 850 offensive snaps in each of the past four seasons all while logging over 200 offensive SACKS He played a combination of right tackle and center in his last collegiate season but best projects as either a guard or center at 82.6 each of his last three seasons at Oregon and saw his PFF run- 84.0 more than 18 total pressures in any single season with the Ducks.","I'll get this out of the way by saying he's not a tackle in the NFL. The length and agility just isn't quite there to survive. On the interior though, he'll thrive. Throckmorton is the proud owner of some of the best hands in the draft class and he's honed them in over four seasons as a starter. He has the versatility to play any interior line position. While he's on the old end for the class as he'll turn 24 as a rookie, all that says to me is he's ready to compete with grown men at the next level.","People mover. Bulldozer type Played every single position Agility is a major concern. Gauntlet of pass-rushers in Throckmorton's done it for four straight seasons now across multiple positions - never looking out of place at any of them. That coordination and versatility should bode well for him in the NFL. calvin body. along the offensive line at Made Oregon's field look like a Pac-12 was fairly weak. some point in his career. sand pit vs some stunts. Hands have so much power. Struggles to maintain knee Limited length. Likely guard in Can move 300 pounders with a bend in pass sets. Gets thrown NFL. flick. off balance easily. Anchor that's unafraid of bull Lethargic out of stance. Some rush. Wraps defenders up when they go for the long-arm. ugly cutoff attempts on outside zone."
"133","Jedrick Wills Jr","Offensive Tkl","Wills starred for Lafayette high school in Lexington, Kentucky before selecting Alabama over Kentucky, Michigan, Notre Dame and Tennessee. As a senior, Wills was an important cog in the Lafayette offensive line and helped their offense average 454.8 yards and 41.8 point per game and the team won the Class 6A state championship. Wills became the only player from the state of Kentucky selected to the Under Armour All-America Game. Wills also attended Nike’s “The Opening.” Wills was rated as a five-star prospect by Rivals and their No. 25 ranked player in the Rivals100. He was ranked the No. 33 player on the ESPN 300 and the No. 16 prospect on the PrepStar Top 150 Dream Team. The world only got a glimpse of Wills as a true freshman in 2017, but that glimpse indicated that the 6-foot-5, 320-pound tackle had a future. His raw athleticism at that size was hard to ignore. In 121 offensive snaps, 87 of which came as a run blocker, Wills recorded an overall grade of 87.1 in 2017. The follow-up performance in 2018 as the full-time starting right tackle wasn’t quite as impressive, as he recorded just a 68.7 SACKS The pass protection from Wills was still solid, but his 63.1 run- blocking grade left something to be desired. His 2019 junior 86.9 4.0% or less for the second straight year in pass protection, and 68.7 90.1 ranked sixth among FBS tackles last season.","The battle for the most impressive highlight reel of any offensive lineman in this class is a hotly contested one with Wills being right in the mix. He's got the physical tools to execute any block you could conceivably ask him to make. While his feet and hands are still catching up in terms of pass protection, Wills proved this past season that he's ready to run block in the NFL. His ability to crush a double team then take a linebacker for a ride is special for a college tackle prospect.","blockers in the country. Leads Handles stunts easily. Wills is one of the most explosive and agile offensive tackles you'll ever see. That's a winning combination at tackle in the NFL. jedrick One of the nastiest run Very agile for a big fella. Gets punch happy in pass pro. Tendency to get grabby. Tries to deliver huge blow Hasn't been flagged a ton, but tackle class in big-time blocks. instead of well-timed one. could have been for more holds. Flies out of his stance in pass Doesn't cede an inch to bull- Rarely switches up pro. Getting depth is easy for rushes. sets/punches. Almost always him. susceptible to inside move. Explosive no matter what he's Can execute any block or Base gets so wide in pass pro doing. Moves more like a DL than OL. blocking scheme you ask. that it can be tough for him to change directions."
"134","Isaiah Wilson","Offensive Tkl","At 6-foot-7, 350 pounds, Wilson was not the type of recruit that is going to fly under the radar. In fact, he was so well-known that his SpongeBob backpack was big enough to rank as No. 37 in the New Yorker Magazine’s annual feature, “Reasons to Love New York”, according to Dawg Nation. Coming out of Poly Prep in New York, Wilson was a five-star recruit and the 16th ranked player in the entire country by 247Sports. He had his choice of schools to play at, but Wilson ultimately committed to Kirby Smart and Georgia over Alabama, Florida State and Michigan – the other three schools that he visited. Wilson redshirted during his 2017 freshman season, taking over as the Bulldogs’ starting right tackle in 2018. He was solid in both pass protection and as a run blocker with grades of 70.0 or higher in both areas. His best run-blocking game of the season came against Alabama in the SEC Championship (77.0 run-blocking grade). Wilson’s 2019 redshirt sophomore season saw his pass- blocking grade rise from 77.2 to 84.6, providing more protection for Jake Fromm to operate in the pocket. Wilson allowed just nine SACKS six hurries, 2 hits and one sack.","The first thing you notice about Wilson when watching tape is his size. He's not just big, he's the biggest. Listed at 6-7, 340 pounds, Wilson really isn't carrying too much bad weight on him. Then you notice the way he moves. This man was tracking down linebackers last season for Georgia with ease. The good lord only made so many men that large that could move, and they tend to make good tackles in the NFL. The worries with Wilson is that at his height and weight, playing consistently low can be a struggle. As such, he loses far more leverage battles than you'd expect and can get walked back into the backfield. Kicking him into guard would only exacerbate those issues.","Wilson could excel in a play-action heavy offense where he can get onto defenders quickly. He ends reps after he gets engaged. Ask him to play consistently in space though and the results won't be nearly as impressive. isaiah Enormous dude. Not sure he's Location ability in space is Agility and recover ability is Georgia protected him with ever playing under 340 with absurd for man his size. Not poor. Feet will never be quick. tight ends on his side a bunch. how naturally big he is. limited in run game. Envelopes even normal sized Ends penetrators on stunts. So Getting low doesn't come easy defensive ends. Length gives much power in his upper half. for man his size. Bull-rushed him so much room for leeway. far more than you'd guess. Ability to flip hips against Base gets inconsistent in his outside rushes that's rare for man his size. sets. Can't react to inside moves at all."
"135","Tristan Wirfs","Offensive Tkl","Tristan Wirfs was a freaky preps athlete. He was just the fourth Iowa male to win both shot put and discus titles in consecutive years at the high school level, and he was the first to win three straight discuss titles since the 1950s, per Iowa’s official athletic site. Wirfs also starred as an offensive and defensive lineman in his three years at Iowa’s Mount Vernon High School, receiving four-star status from 247Sports and offers from Iowa and Iowa State in the process. He ultimately chose the Hawkeyes over the Cyclones. Coming in at 6-foot-5, 320 pounds, Wirfs has improved his game greatly over his three years as a starter at Iowa. He came in as a true freshman and recorded an overall grade of 59.3, really struggling in pass protection. Wirfs allowed 18 pressures in 241 pass-blocking snaps. That improved on a larger 812-snap sample as a sophomore in 2018, as Wirfs raised his overall grade to 74.8 while cutting his pressure rate allowed in half from 7.5% in 2017 to 3.7% in his sophomore season. Last season brought with it yet another improvement. Wirfs SACKS leading to a 91.3 overall grade that ranked fourth among tackles this season. That type of year-over-year improvement has to be 91.3","The accolades with Wirfs keep on coming. He was the first ever true freshman to start at tackle in the Kirk Ferentz era at Iowa. He broke Brandon Scherff's hang clean record when he was only 20 years old. The now junior has improved by leaps and bounds every single season of his career. He's not only physically dominant, but so damn smooth as well. He's not like some other brutes along the line who are constantly trying to line up a kill shot. Wirfs has a patience and refinement to his game that is well beyond his years.","As powerful a junior as you'll Hands like cinder blocks. see in college football. When he extends arms, DL Wirfs may not have the length, but he has all the other physical tools to hold up at tackle in the NFL. With how much he's progressed since his freshman year, I'd bet on him finding a way to get the job done on the outside. tristan Tight splits and tight end cover Could be seen as a guard by protected him from having to some in the NFL (not us). move backwards. play in space too often. When he gets clean engage, Quiet feet in pass sets. Always Had some issues with longer Hasty firing off the line. he'll take DLmen off the under control and on balance. edges. Couldn't get into their Whiffed on nut stunts and screen. chests. slants. Iowa scheme and coaching Won't cede an inch into the Plays high on the move. Power nearly identical to what he'll see in the NFL. pocket. Sinks hips well in sets and absorbs bull with ease. doesn't show up nearly as much."
"136","Tremayne Anchrum","Tremayne Anchrum","Tremayne Anchrum was heavily recruited coming out of Georgia’s McEachern High School as a three-star offensive lineman in 2016. He was expected to stay in his home state and commit to Georgia, but he ultimately opted for Clemson because UGA was full at the position. According to Clemson’s official athletic site, Anchrum was first- team all-state and an all-district selection at the 6A level. Anchrum saw considerable snaps in his first two collegiate seasons in 2016 and 2017 at both left and right tackle, before becoming the Tigers starting right tackle for his final two years where he was consistent in pass-protection. Over the last two years, Anchrum has allowed the fifth lowest pressure rate among right tackles at 2.6%. In 2019, Anchrum was on his way to a top 10 year for a right tackle until the time came to face off against the Ohio State Buckeyes’ pass-rush. Entering the CFP semifinal, Anchrum hadn’t allowed multiple pressures in a single game this year but the Buckeyes ruined that - forcing four pressures against Anchrum with three being a sack or hit, paving SACKS","We always love tackle to guard converts because more often than not the caliber of athlete you face on the edge in college is more similar to the caliber of athlete at defensive tackle in the pros. Anchrum has shown viable enough in pass pro there to be encouraged about a transition inside. The worry is his inconsistent hand usage. He simply couldn't sustain blocks against college Resets hands against bull-rush defenders the way you'd like to see. That's one of the single most important aspects of offensive line play and Anchrum doesn't tick that box. It's an issue that will only get exacerbated in the pros and it's not like Anchrum has prodigious physical tools to make up for it otherwise.","extremely well to win leverage position. Maintains great Short, but high cut and with Forklifter in the run game. UGA was full at the position. According to Clemson’s official athletic site, Anchrum was first- team all-state and an all-district selection at the 6A level. Anchrum saw considerable snaps in his first two collegiate seasons in 2016 and 2017 at both left and right tackle, before becoming the Tigers starting right tackle for his final two years where he was consistent in pass-protection. Over the last two years, Anchrum has allowed the fifth lowest pressure rate among right tackles at 2.6%. In 2019, Anchrum was on his way to a top 10 year for a right tackle until the time came to face off against the Ohio State Buckeyes’ pass-rush. Entering POSITION the CFP semifinal, Anchrum hadn’t allowed multiple pressures in a single game this year but the Buckeyes ruined that - forcing four pressures against Anchrum with three being a sack or hit, paving SACKS HITS HURRIES way to a career low single game pass-block grade. Anchrum will undoubtedly be a guard at the next level. His natural leverage should translate nicely there, but his strength and athletic limitations keep him low on our board. tremayne Understands the angles of the Foot speed is below-average Seems to never get clean by even guard standards. engagement. Grasping at air battle. relationship with edge in his all too often in run game. sets. Pass sets look labored. long arms that will help in pass Always has his hands Struggles to keep hips low pro. underneath the defenders. without bending over at waist. Three years of starting with Power is a worry kicking above average pass blocking grades. inside. Wasn't even moving edge guys, will be harder on"
"137","Tyler Biadasz","Interior Off Line","A native to Amherst, Wisconsin and winner of the 2015 Krumrie Award as the state’s most outstanding senior defensive lineman, Tyler Biadasz always seemed destined to be a Badger. Recruited as a three-star defensive lineman as part of the 2016 recruiting class, Biadasz received five offers: Illinois State, South Dakota State, Southern Illinois, Western Illinois and Wisconsin. His decision was a no-brainer. He announced his commitment to the Badgers two days after receiving an official scholarship from head coach Paul Chryst during an unofficial visit, per Scott A. Williams of Stevens Point Journal. After taking a redshirt year in 2016, Biadasz was moved away from the defensive line and started 14 games at center for the Badgers as a redshirt freshman in 2017. He had never snapped the football before that season, per SB Nation. And the results have been nothing but encouraging. Biadasz’s single-season PFF pass-blocking grade dropped from 83.7 as a redshirt freshman in 2017 to 78.2 in 2018 and all the way down to 70.5 this past season. And while he maintained an SACKS clearly struggled to elevate his game significant since first stepping onto the field for Wisconsin. He only allowed 22 total 82.9 the time in 2019.","I've said it before and I'll say it again, balance is one of the most important traits for an offensive lineman. When interacting with another 300-pound human being, you will be forced into unexpected positions. The ability to deal with that while still keeping your feet is important. Unfortunately, even with Biadasz' technical prowess and ability in the run game, he still comes with concerns about his balance. That didn't go away this past season for the redshirt junior. He was simply put on his face too much for our liking when considering a top-2 round interior offensive lineman.","class, Biadasz received five offers: Illinois State, South Dakota State, Southern Illinois, Western Illinois and Wisconsin. His decision was a no-brainer. He announced his commitment to the Badgers two days after receiving an official scholarship from head coach Paul Chryst during an unofficial visit, per Scott A. Williams of Stevens Point Journal. After taking a redshirt year in 2016, Biadasz was moved away from the defensive line and started 14 games at center for the Badgers as a redshirt freshman in 2017. He had never snapped the football before that season, per SB Nation. And the results have been nothing but encouraging. Biadasz’s single-season PFF pass-blocking grade dropped from 83.7 as a redshirt freshman in 2017 to 78.2 in 2018 and all the way down to 70.5 this past season. And while he maintained an SACKS HITS HURRIES 82.0-plus PFF run-blocking grade in all three years, Biadasz clearly struggled to elevate his game significant since first stepping onto the field for Wisconsin. He only allowed 22 total 82.9 933 543 390 1 0 4 pressures in his collegiate career, but his losses were ugly a lot of the time in 2019. Biadasz' step back in pass protection this season is worrisome. As a run blocker though, he's as accomplished as any center we've ever graded. The value of a center with pass pro concerns though is not particularly high. tyler Glides out of stance at the Vice grip mitts. Even when he Most of his pressures came Struggles reacting to LBs snap. Gorgeous to watch. loses control of block, he's not from overextending for punch going backdoor on him. letting NT go. and getting taken off-balance. Lateral agility just OK. Glides out of stance at the Takes pleasure in clearing a Natural forward lean and ends snap. Gorgeous to watch. hole with double team help. up on the ground more than Drops shoulder and lays you'd like from an elite OL boom. prospect. Plays fast, but isn't in a hurry. Gets onto LBs before they can Hasn't taken a snap at any Reacts to post snap slants/stunts like a seasoned react position other than center in his college career."
"138","Ben Bredeson","Interior Off Line","A native to Hartland, Wisconsin, Ben Bredeson received more than 15 offers as a four-star offensive tackle recruit in 2016. He ultimately chose Michigan over Wisconsin, Notre Dame, Alabama and several others. The 6-foot-5, 305-pounder was named the Gatorade Player of the Year in the state of Wisconsin for his efforts at Arrowhead High School in 2015. ESPN ranked Bredeson as the fifth-best offensive tackle nationally and Wisconsin’s top prospect during the recruiting process. A four-year starter at a blue blood like Michigan is always going to catch NFL evaluators’ eyes. Those first two years though got pretty rough as he allowed 36 pressures over that span. He looked like a different player his junior year though and only allowed six pressures all season. He built upon that in 2019 for the highest pass blocking grade of his career at 88.7. Bredeson's dominance has come exclusively as a pass protector as his grades have not been nearly as good in run blocking. His 71.3 run blocking grade back as a freshman is still his career high for a single season.","Bredeson is another player whose strengths and weaknesses are very well defined. He usually his hands and feet exceptionally well in pass protection. His technique is consistent and never gets himself in bad situations. On the flipside, he struggles to play with leverage. He cedes serious ground against bull-rushes in pass protection and is flatbacked way more than you'd like in the run game. The problem is that almost everyone he'll match up with at the next level plays with consistent leverage. If he can't play lower, he'll never be much of a value add as a run blocker.","Gatorade Player of the Year in the state of Wisconsin for his efforts at Arrowhead High School in 2015. ESPN ranked Bredeson as the fifth-best offensive tackle nationally and Wisconsin’s top prospect during the recruiting process. A four-year starter at a blue blood like Michigan is always going 0.9799 to catch NFL evaluators’ eyes. Those first two years though got pretty rough as he allowed 36 pressures over that span. He looked like a different player his junior year though and only allowed six pressures all season. He built upon that in 2019 for the highest pass blocking grade of his career at 88.7. Bredeson's dominance has come exclusively as a pass protector as his grades have not been nearly as good in run blocking. His 71.3 run RANK blocking grade back as a freshman is still his career high for a single season. There's a softness to his game that could get exposed early in his career, but Bredeson is a technically sound pass protector. Those aren't easy to come by. ben Seasoned vet at this point. Technique sound as can be Outleveraged at the point of Foot speed is below average 3,219 snaps in his career. rep after rep. Hands and feet attack far more than you'd like for NFL even on the interior. in unison. from an interior lineman. Great awareness in pass Middling explosiveness Not sure if he has the flexibility protection. Head on a swivel. coming out of his stance in the to play inside. run game. Ideal build for the guard Was liability in pass protection position in the NFL. early on in his career."
"139","T. Colon-Castillo","Nr","Colon-Castillo was a three-star recruit coming out of Webb City High School in Missouri, where he also played basketball according to Missouri’s official athletics website. He had 12 offers to choose from, and after visiting both Minnesota and Iowa State, Colon-Castillo committed to the home-state Missouri Tigers. While redshirting his freshman season in 2016, Colon- Castillo was awarded the team’s Lifter of the Year award. After taking a redshirt season in 2016, Colon-Castillo immediately stepped into the starting lineup in 2017 at center. He was strong in pass protection out of the gates with a 78.9 pass- blocking grade, while his run-blocking grade lagged a bit at 64.4. That would remain the story throughout Colon-Castillo’s career. His overall grade in his three years at Missouri hovered between 64.4 and 69.3, but his run-blocking grade never was higher than that freshman season. On the other hand, his lowest pass- blocking grade came at 76.6 in 2018. All of his offensive snaps over the course of his career came at center.","Even after three years as a starter, it was still a considerable surprise when Colon-Castillo choose to forgo his final season of eligibility and declare for the NFL Draft. He's a high-effort center who has won with consistent technique in pass protection over the course of his career. There's some serious red flags on his tape when it comes to play strength and athleticism, though. He looked overmatched by any NFL-caliber quicks or power, and even moreso when someone possessed both — such as Javon Kinlaw. There's not much tape out there that makes you feel good about how he'll translate to the NFL.","Played 2,722 snaps in 3-years Some of best blocks come State, Colon-Castillo committed to the home-state Missouri Tigers. While redshirting his freshman season in 2016, Colon- Castillo was awarded the team’s Lifter of the Year award. After taking a redshirt season in 2016, Colon-Castillo immediately stepped into the starting lineup in 2017 at center. He 0.8446 was strong in pass protection out of the gates with a 78.9 pass- blocking grade, while his run-blocking grade lagged a bit at 64.4. That would remain the story throughout Colon-Castillo’s career. His overall grade in his three years at Missouri hovered between 64.4 and 69.3, but his run-blocking grade never was higher than that freshman season. On the other hand, his lowest pass- blocking grade came at 76.6 in 2018. All of his offensive snaps RANK over the course of his career came at center. Colon-Castillo doesn't offer much in the way of physical tools or on-field performance that gets you excited about his prospects in the NFL. trystan Cannot get to linebackers in Poor length even for center. as starter with above-average space. Too plodding. Stacked and shed routinely. pass blocking grade every year. Hasn't shown the ability to reaching shades. Can engage take DTs off the line. Sits on on the move. blocks. Fights to the end of every Taken to task by South block. Even on losses he'll be holding on for dear life. Carolina's Javon Kinlaw. No answers."
"140","L. Cushenberry Iii","Nr","Lloyd Cushenberry III played tackle at Dutchtown High School in Geismar, Louisiana, before switching to the interior of the LSU offensive line. Cushenberry was named to the All-USA Louisiana Second Team Offense. He was ranked a three-star prospect by ESPN, Scout and 247Sports and is one of those players that greatly outplayed their recruiting rankings once they got to college. Cushenberry considered signing with Mississippi State and South Carolina before accepting LSU’s offer right around National Signing Day, in an effort to stay closer to home. Cushenberry also played basketball at Dutchtown high. After playing just 99 total offensive snaps at a mix of guard and center in 2017, Cushenberry had a very successful 2018 campaign as LSU’s starting center. He earned a 77.1 overall grade and an 85.6 PFF pass-blocking grade across 982 total offensive snaps in 2018, allowing just eight total pressures in the process. He allowed multiple pressures in just three games that season (Alabama, Rice, Texas A&M). His 2019 season was a different story, however. He finished the SACKS grade. He allowed multiple pressures in all but four of his 15 games played and allowed a whopping 34 total pressures on the 61.0","LSU put their offensive linemen on islands far more often with the offensive change in 2019 than it did in 2018. Because of that, some players along the offensive line had their athletic limitations exposed far more often than in years past and Cushenberry was certainly one of them. He's never going to be an all-world pass protector, but if there's any position you can let that slide its center. He has people moving ability at the nose tackle that will be a legitimate weapon in short yardage.","Not going to lose in a phone ESPN, Scout and 247Sports and is one of those players that greatly outplayed their recruiting rankings once they got to college. Cushenberry considered signing with Mississippi State and South Carolina before accepting LSU’s offer right around National Signing Day, in an effort to stay closer to home. Cushenberry also played basketball at Dutchtown high. After playing just 99 total offensive snaps at a mix of guard and center in 2017, Cushenberry had a very successful 2018 campaign as LSU’s starting center. He earned a 77.1 overall grade and an 85.6 PFF pass-blocking grade across 982 total offensive snaps in 2018, allowing just eight total pressures in the POSITION process. He allowed multiple pressures in just three games that season (Alabama, Rice, Texas A&M). His 2019 season was a different story, however. He finished the SACKS HITS HURRIES year with just a 61.0 overall grade and a 55.8 PFF pass-blocking grade. He allowed multiple pressures in all but four of his 15 games played and allowed a whopping 34 total pressures on the 61.0 1039 387 652 4 5 25 year. Cushenberry's struggles with quicks this past season are a concern, but center is the position where that comes into play the least. His ability to stone any sort of bull-rush attempts into the backfield will still be coveted in the NFL. lloyd Massive drop in performance Bends heavy at the waist into booth. Doesn't cede any from 2018 to 2019. blocks. Can't recover once ground against nose tackles. guys get on his side. Thick frame with muscle Bit of a plodder. Definitely throughout. NFL-ready body. more suited to center than guard. Absurd torque in his upper On the floor way more than body. If he's locked in on shoulder pads, he's won the you want to see from an OLmen."
"141","Kevin Dotson","Kevin Dotson","Coming in at 6-foot-4, 305 pounds from Plaquemine High School in Louisiana where he played with his twin Kenny, Kevin Dotson was just a two-star recruit per 247Sports. He was named to the Class 4A All-State team in his time there, helping Plaquemine advance to the state semifinals. His only offers were to Louisiana and Southern University, and Dotson opted to play at Louisiana where his father played from 1995-1996. After a redshirt 2015, Kevin Dotson has been a four-year starter for the Louisiana Ragin’ Cajuns and been one of college football’s most reliable pass-protectors at right guard all throughout that time. In each of the last three seasons, Dotson hasn’t ranked below 12th in PFF pass-block grade and in his first year he was still above the 70th percentile. Dotson had always been an above average run-blocker, but vastly improved upon that in 2019 by producing a 92.3 run-block grade which was far and away better than any other guard. His elite level play in both facets led him to producing the second most valuable season we have seen by an offensive lineman in the PFF College era.","It's a minor miracle that a school like Louisiana would produce not one, but two of the best interior offensive line prospects in this class. Dotson teamed up at right guard with Robert Hunt at right tackle to provide the Ragin' Cajuns with one of college football's most dominant double team duos. There's a reason why Dotson played guard though and Hunt played tackle. Dotson is a powerful man in his own right who plays even stronger than his listed 321 pounds, but there's a stiffness in his pass sets that is difficult to ignore though. He got by against Sun Belt competition with pure physical tools but got far more exposed in pass protection in the Shrine Game one-on- ones.","Torques defenders out of the Been ultra-durable and battle Feet can be on different levels Agility is big concern. Does not hole with ease. Powerful, lean tested. 800+ snaps for four in pass pro. Can't recover then look comfortable in space. Churns feet about as well as Plaquemine advance to the state semifinals. His only offers were to Louisiana and Southern University, and Dotson opted to play at Louisiana where his father played from 1995-1996. After a redshirt 2015, Kevin Dotson has been a four-year starter for the Louisiana Ragin’ Cajuns and been one of college football’s 0.7857 most reliable pass-protectors at right guard all throughout that time. In each of the last three seasons, Dotson hasn’t ranked below 12th in PFF pass-block grade and in his first year he was still above the 70th percentile. Dotson had always been an above average run-blocker, but vastly improved upon that in 2019 by producing a 92.3 run-block grade which was far and away better than any other guard. His elite level play in both facets led him to RANK producing the second most valuable season we have seen by an offensive lineman in the PFF College era. Dotson has the strength to stick at guard in the NFL, but pass protection will be a concern from the jump. He's a late rounder you hope can make considerable strides with NFL coaching. kevin frame. straight seasons. if punch doesn't land. Plays high in pass pro. Didn't Bends heavy at waist in run any guard in class. Not cost him in college, but will get game and struggles to stay content to stalemate. exposed in pros. engaged cleanly because of it. Shows some nice speed when Been protected in run heavy Plays like a grown man climbing to the second level or pulling. offense. Only 185 true pass sets past two seasons. because...well...he is one. Will turn 24 as a rookie."
"142","Jake Hanson","Jake Hanson","Eureka, California native Jake Hanson received nine college offers as three-star offensive tackle recruit in 2016, per 247Sports Composite. The 6-foot-5, 285-pounder chose Oregon over Arizona, California, among others. He, however, never played a down at tackle in Eugene after utilizing his redshirt in 2015. Hanson has instead developed into one of college footballs’ top center prospects. Hanson is coming off a collegiate career in which he was a four- year starter for the talented Oregon offensive line, and by PFF grade, the best year of his career came as a redshirt freshman in 2016. He picked up a 74.6 grade that ranked second among qualifying Pac-12 centers. Hanson was about as steady as they come throughout his career – never showing an elite ceiling while showing a reliable floor year in and year out. He never played fewer than 700 snaps in a season, and his overall grade fluctuated between 67.2 and 74.6 over his four years in Eugene.","In all our years of grading college prospects, I think Hanson is the very first one I've seen who was a four- year starter, but has his grade peak as a freshman. He played well beyond his years back in 2016, but has never improved from a grading perspective since. He's still so slightly built and doesn't make up for it by playing particularly low. He's a high-cut center at 6-5 and that gets him into trouble with stouter nose tackles as well. You can't beat his experience, but he's a swing backup at this point.","Uses hands well as a zone Skillset to play guard at the next Such limited pop on contact. Grade peaked as a freshman placement exceptionally on down at tackle in Eugene after utilizing his redshirt in 2015. Hanson has instead developed into one of college footballs’ top center prospects. Hanson is coming off a collegiate career in which he was a four- year starter for the talented Oregon offensive line, and by PFF grade, the best year of his career came as a redshirt freshman in 2016. He picked up a 74.6 grade that ranked second among qualifying Pac-12 centers. Hanson was about as steady as they come throughout his career – never showing an elite ceiling while showing a reliable floor year in and year out. He never played fewer than 700 snaps POSITION in a season, and his overall grade fluctuated between 67.2 and 74.6 over his four years in Eugene. The next step never quite came for Hanson and at a position where continued development is so important like offensive line, not improving is a big red flag. jake blocker. Establishes level as well. Not a people mover. and hasn't improved in either regard since. the move. Rarely loses cleanly. 6 Inconsistent leverage. Tries to combined sacks + hits allowed 'fake' it by bending at waist too in four years as starter. much. Great balance in pass pro. Not particularly quick off the Feet always in position to react quickly. line of scrimmage. False steps out of stance on outside zone."
"143","Nick Harris","Nick Harris","Washington was the only FBS program to extend an offer to Nick Harris coming out of California’s Junipero Serra High School as a three-star offensive lineman in 2016. Harris accepted the offer, of course, and saw the field as a true freshman despite his quiet recruiting experience. He entered the 2016 recruiting class at 6-foot-1, 272 pounds and was ranked as ESPN’s No. 13 center in the country before joining the Huskies. Harris has grinded out 2,921 snaps for the Huskies on their offensive line these last four years. During his true freshman campaign in 2016, Harris saw four starts but was mostly rotated in throughout the year at both left and guard and struggled in pass-protection by producing a 47.6 pass-block grade. He was then moved to the starting role at right guard in 2017 and improved his pass-block grade to an average one at 63.3. After that, he was moved to center where he started the last two years and has thrived in that new role. Harris improved in both pass- protection and in run-blocking, leading to a PFF overall grade that was among the 20 best FBS centers in both 2017 and 2018.","Harris took his game to another level in 2019 as his play strength improved greatly. Heading into the season we were calling him a zone-only center, but we've changed our tune. Harris put together some crushing double teams in the run game at center for the Huskies this season. He also held up extremely well in pass protection. He plays with a bit of a wide base that limits his change of direction ability, but once he cleans that up he can be a plus pass protector in the NFL.","Can get out and run. Had Four years of starting some gorgeous reach blocks experience with multiple years in pass pro. Couldn't change with hands at side too often. quiet recruiting experience. He entered the 2016 recruiting class at 6-foot-1, 272 pounds and was ranked as ESPN’s No. 13 center in the country before joining the Huskies. Harris has grinded out 2,921 snaps for the Huskies on their offensive line these last four years. During his true freshman campaign in 2016, Harris saw four starts but was mostly rotated in throughout the year at both left and guard and struggled in pass-protection by producing a 47.6 pass-block grade. He was then moved to the starting role at right guard in 2017 and improved his pass-block grade to an average one at 63.3. After that, he was moved to center where he started the last two years POSITION and has thrived in that new role. Harris improved in both pass- protection and in run-blocking, leading to a PFF overall grade that was among the 20 best FBS centers in both 2017 and 2018. If there's a center you want playing out in space either in the run game or on screens, it's Harris. The scary thing is he's just scratching the surface technique-wise. nick Feet flare out so wide at snap Attacks blocks in pass pro on outside zone. of good grades. directions. Won't fire in unison. Uses his (lack of) height to his Grade has improved every Still not an ideal fit for a gap advantage. Plays so low off single year of his career. scheme. Much better in space. the ball. Fights like hell with his hands Play strength much improved Limited length. Played guard in in the run game. Resets so quickly. in 2019. Crushed some double teams. past, but likely a center only in the NFL."
"144","Matt Hennessy","Interior Off Line","Listed at 6-foot-4, 275 pounds, Matt Hennessy was labeled as just a two-star recruit coming out of New Jersey’s Don Bosco High School. He picked Temple over offers from Old Dominion, Air Force, Army, among others, per NJ.com. He played both offensive and defensive line in his preps career and took a redshirt year in his season with Temple (2015). Hennessy has been lights out in pass protection ever since he first got the starting job in 2017. That season he allowed eight pressures on 478 pass blocking snaps and hasn't slowed down since. Over the past two season, Hennessy has taken 240 true pass sets and only allowed three pressures on them. Those are superb numbers, but center is arguably the most run blocking focused along the offensive line. We're high on him because of how dominant he was in the run game this past season. He earned an 87.6 run blocking grade and was exceptional on zone runs.","Hennessy's ability to engage, maintain, and control blocks on the move is arguably the best of any center in this class. He was born to block for outside zone. He got so protected in the Temple passing scheme though that his exceptional pass blocking numbers are no one-to- one projection to the next level. Still, he's put three years of quality football on tape and has so few ugly reps over that span that you'd bet on Hennessy being a starter in the league at some point on his rookie deal.","One of the best outside zone Pretty crazy balance. He'll hold Very slight build. Not going to So many full slides for offensive and defensive line in his preps career and took a redshirt year in his season with Temple (2015). Hennessy has been lights out in pass protection ever since he first got the starting job in 2017. That season he allowed eight pressures on 478 pass blocking snaps and hasn't slowed down since. Over the past two season, Hennessy has taken 240 true pass sets and only allowed three pressures on them. Those are superb numbers, but center is arguably the most run blocking focused along the offensive line. We're high on him because of how dominant he was in the run game this past season. He earned an 87.6 run blocking grade and was exceptional on zone POSITION runs. Hennessy's lack of athleticism really shows up on the move. That's not the biggest concern at center but considering his competition it's scary projecting to the NFL. Still there's far more good than bad on his tape. matt centers in the country. Fun to onto some blocks on darn- be fit in every scheme. Temple's OL. Barely ever saw watch play on the move. near full sprint. him go one-on-one. Awareness of when to pass Level of competition was very Can get out of control at snap. off blocks is beyond his years. weak. Didn't face much in way Really tries to fly off the ball Gets two guys on a ton of of NFL talent. and can backfire on him. plays. Three-years of terrific pass Tendency to overextend in Didn't get in space much, but blocking grades. pass pro. Antsy to deliver a blow. did not look like an athlete when he did."
"145","Keith Ismael","Interior Off Line","According to San Diego State’s official athletic site, Keith Ismael earned two letters at Sacred Heart Cathedral Prep in San Francisco, Calif. He was named a first-team all-league pick and played Lacrosse at SHCP. He picked SDSU over offers from Air Force, Army, Colorado State, Eastern Washington and Hawaii. Ismael has been a key starter on the Aztec offensive line in each of the last three years, improving in each season. Ismael recorded snaps at both right and left guard as well as center in 2017-18 but found his home in 2019 at center where he played all 954 of his snaps and set career highs across the board. His 88.8 pass-block grade was the highest among all FBS centers and 77.3 run-block grade was 11th. Filtering to just his snaps at center over the last three years, Ismael has surrendered the 14th lowest pressure rate among those to record 800 or more snaps at the alignment.","It's always a red flag when a college offensive lineman can't overpower the majority of the defenders he's tasked to block. That's an even brighter red flag when it happens against Group of 5 competition. Ismael just got flat-backed and shed far too often for a college lineman. I love his balance and patience in pass protection, but those are meaningless without the juice to hold up to a bull-rush. He'll be bullied from start to finish in the NFL if that isn't fixed.","Force, Army, Colorado State, Eastern Washington and Hawaii. Ismael has been a key starter on the Aztec offensive line in each of the last three years, improving in each season. Ismael recorded snaps at both right and left guard as well as center in 2017-18 but found his home in 2019 at center where he played all 954 of his snaps and set career highs across the board. His 88.8 pass-block grade was the highest among all FBS centers and 77.3 run-block grade was 11th. Filtering to just his snaps at center over the last three years, Ismael has surrendered the 14th lowest pressure rate among those to record 800 or more snaps at the alignment. I don't know if he could hold up on an NFL football field with his play strength at the moment. It's hard to draft a 'redshirt' candidate like that before Day 3. keith Maintains a great base. Rarely Has cross-trained at all three Hands are nothing special. Plays high in space. Even gets out over his toes. interior positions over course Let's some bad DTs shake free when he does locate, he's of his career. to make plays. usually stacked. Plays with very tight hands. Hails from pro-style rush No explosiveness to him at all. Almost always wins hand offense with a lot of Rocked into backfield a very placement battle. translatable concepts. concerning amount of times. Very patient in pass Won't reset his hands to gain protection. Absorbs what the defense throws at him. advantage. Struggles to 'win' ugly."
"146","Jonah Jackson","Interior Off Line","Considered a three-star recruit by 247Sports Composite, Jonah Jackson committed to Rutgers as part of the team’s 2015 recruiting class. He picked the Scarlet Knights over offers from Monmouth, Massachusetts and Albany. He played left tackle and defensive tackle in high school, per Rutgers’ official athletic site. He was also named first-team All-Delaware County and All-Central Athletic League as a senior. Jackson saw his first collegiate starts back in 2017 for Rutgers, plugging in at center and right guard for five starts. He then played the 2018 season as their starting right guard and impressed by producing an 87.1 pass-block that ranked eighth among FBS right guards. Jackson transferred to Ohio State as a graduate last offseason where he would be their starting left guard. While his pass-block grade dipped to 77.8, his run-block grade improved from 70.3 in 2018 to 77.8 and paved way to him being the fifth most valuable left guard in PFF’s wins above average metric. His pass-pro has been consistent over the course of his SACKS block snaps.","Jackson might not win any beauty contests with his play, but he's one of our favorite guards in the class. The fact that he's done it at both right and left guard in back- to-back seasons is also a huge plus in our eyes with how difficult that transition can be. Jackson's calling card is his balance. His ability to get knocked to the side by defenders, stay on his feet, and re-engage the block is second to none in this class. He personifies the term 'go down swinging' as even when he does lose, he's usually holding on for dear life and not letting his man off the block. Combine that with his grading profile and it's easy to see why we're high on him.","linemen at recovering initial Loves to get on DTs quickly & Hands are quick to reset when Great production at both right defensive tackle in high school, per Rutgers’ official athletic site. He was also named first-team All-Delaware County and All-Central Athletic League as a senior. Jackson saw his first collegiate starts back in 2017 for Rutgers, plugging in at center and right guard for five starts. He then played the 2018 season as their starting right guard and impressed by producing an 87.1 pass-block that ranked eighth among FBS right guards. Jackson transferred to Ohio State as a graduate last offseason where he would be their starting left guard. While his pass-block grade dipped to 77.8, his run-block grade improved from 70.3 in 2018 to 77.8 and paved way to him being the fifth most valuable left guard in PFF’s wins above average metric. His pass-pro has been consistent over the course of his SACKS HITS HURRIES career, allowing just one combined sack and hit on 1,020 pass- block snaps. Jackson has shown time and time again he has everything it takes to be a quality pass protector at the next level. Don't expect him to move the needle too much in the run game, but he'll be more than adequate in a zone heavy scheme. jonah One of the best offensive Already a fantastic short set. Top heavy build and doesn't move particularly gracefully. losses in the class. make them work multiple moves. Play strength is average at swatted away and feet never and left guard for multiple best. Not going to take guys get off balance. different schools/schemes. off the line of scrimmage. So quick to process and react Bunch of true pass sets over More finesse than power. At to stunts/slants. past couple seasons. Nearly 400 over that span. his age I don't think that's ever changing."
"147","Solomon Kindley","Interior Off Line","Recruited as a three-star offensive tackle prospect at 6-foot-5, 330 pounds, Solomon Kindley received 11 Division I offers coming out of Raines High School in Jacksonville, Florida. He took a visit to the University of Georgia in January 2016 and enrolled at the school a few months later. After seeing some action at right guard in 2017 and struggling in pass-pro, Kindley joined teammate Andrew Thomas, who was playing right tackle, in moving to other side of the line for the 2018 season. Kindley was the starting left guard for Georgia over the last couple seasons and was a far better player, ranking among the 15 best at the alignment in overall grade both years. The move marginally improved his run-blocking, but his pass- blocking was night and day, raising his 61.0 pass-block grade in 2017 to 88.3 in 2018. Kindley allowed a few more pressures in 2019 and had just a 75.9 pass-block grade, but that was still above average relative to his counterparts.","Kindley is a big boy who thrived in the SEC by straight leaning on dudes. He got a lot of play by simply being 330+ pounds and being able to play with leverage. That play doesn't quite translate to the NFL though. It also got unceremoniously exposed far more often this past season than it did in 2018. He looks the part of an NFL player, but he's a late day 3 prospect.","enrolled at the school a few months later. After seeing some action at right guard in 2017 and struggling in pass-pro, Kindley joined teammate Andrew Thomas, who was playing right tackle, in moving to other side of the line for the 2018 season. Kindley was the starting left guard for Georgia over 0.8408 the last couple seasons and was a far better player, ranking among the 15 best at the alignment in overall grade both years. The move marginally improved his run-blocking, but his pass- blocking was night and day, raising his 61.0 pass-block grade in 2017 to 88.3 in 2018. Kindley allowed a few more pressures in 2019 and had just a 75.9 pass-block grade, but that was still above average relative to his counterparts. Kindley's slow feet and balance issues are death knells when it comes to pass protection at the next level. He also looks gap- scheme limited which isn't helping his draft stock either. solomon One of best combo blockers in Mirror is lacking. Quickness No positional versatility. Guard country. Stays under control gives him problems. only. working to second level. Deadening punch in pass pro. So slow out of his stance. Not Took a bit of a step back in Stops DTs in their tracks. a zone fit. 2019. Balance issues exposed more. Torques LBs with ease. Legit Body carrying a good deal of upper body strength. bad weight at the moment."
"148","Shane Lemieux","Shane Lemieux","Shane Lemieux, a 6-foot-5, 310-pounder coming out of Washington’s West Valley High School in 2015, was a consensus three-star recruit that picked up offers from 16 schools as a recruit, including South Carolina, Arizona State, Oregon and Arkansas. He played both ways at the high school level and ranked as the No. 32 offensive tackle and No. 6 overall player in the state by Rivals, per Oregon’s official athletic site. The Oregon offensive line is likely to be the best in the entire country this upcoming season, and Lemieux is in the conversation for the top performer on the line. He's been the starter at left guard for three years now and has seen his grade go from 54.7 as a freshman, to 66.3 as a sophomore, to 83.9 last season. That trend has to continue though if his name is going to be called before Day 3 of the draft. While Oregon's usage of screens and play action kept him unchallenged in pass protection a lot of the time, we can isolate to only plays where Lemieux had to take true pass sets. On those, he earned a 65.7 pass-blocking grade last season. His punch in SACKS need to see cleaned up in 2019.","Lemieux has taken a small step backwards in both his run and pass blocking grades this season. The bruising guard though still held up well against an Auburn defensive front in Week 1 that's likely the toughest he'll face all season. That regression in pass pro gives us pause going forward. His punch in pass pro was our biggest worry heading into the year and he's losing even more reps on contact this season. Because of that, we've seen him slide a bit down our board through the first half of 2019.","Feet constantly driving in run 3,535 career snaps. All but one Reaching in pass pro instead A bit stiff. Not a death knell, Arkansas. He played both ways at the high school level and ranked as the No. 32 offensive tackle and No. 6 overall player in the state by Rivals, per Oregon’s official athletic site. The Oregon offensive line is likely to be the best in the entire country this upcoming season, and Lemieux is in the conversation for the top performer on the line. He's been the starter at left guard for three years now and has seen his grade go from 54.7 as a freshman, to 66.3 as a sophomore, to 83.9 last season. That trend has to continue though if his name is going to be called before Day 3 of the draft. While Oregon's usage of screens and play action kept him unchallenged in pass protection a lot of the time, we can isolate RANK to only plays where Lemieux had to take true pass sets. On those, he earned a 65.7 pass-blocking grade last season. His punch in SACKS HITS HURRIES pass pro got exposed game after game, and it's something we need to see cleaned up in 2019. Lemieux is a bulldog of a left guard in the run game. His pass protection is a different story, though. Hand usage can be coached to some degree, but with how poor his is after three years as a starter, it's a massive concern. shane game. Line of scrimmage coming at left guard. of striking. Hands might as but limits mobility. mover. well be placeholders. Tight hands and repeatedly Relishes the physical nature of Base gets super wide in pass CON 5 wins the placement battle in offensive line play. pro and torpedoes his ability to the run game. change direction. Compact 316 pounds. Packs Difficulties engaging on the muscle throughout his frame. move. Saw LBs stack him too often."
"149","Damien Lewis","Interior Off Line","Damien Lewis was unranked coming out of Canton High School in Senatobia, Mississippi, as a 6-foot-3, 320-pound prospect that played along the offensive and defensive line. Lewis built his resume at Northwest Mississippi Community College where he was a two-time junior college All-America selection at guard, earning him offers from 18 different schools. He was a consensus three-star recruit and the No. 2 JUCO guard in the 2018 class, per 247Sports. Following visits to West Virginia, South Carolina, Ole Miss and Kentucky, Lewis committed to LSU where he started each of the past two seasons. Lewis caught our eye back in his first season as a starter in 2018. He finished that year as the ninth highest graded guard in the country and we had high expectations heading into 2019. While he lost a bit more in pass protection this season, a good deal of that can be chalked up to Auburn defensive tackle Derrick Brown. All this season did in our eyes was cement that 2018 was no fluke. His 204 true pass sets this past season was one of highest SACKS on them, he still was impressive for the most part against a difficult slate of interior defenders.","Watching Lewis explode through a block in the run game is a thing of beauty. Few men in college football possess the flexibility and raw power to forklift defenders the way he does. That's what makes it all the more head-scratching seeing him get bull-rushed and bulldozed in pass protection at times. He doesn't play with nearly the same leverage in pass pro as he does in the run game. The good news is that we've seen that he's capable of it, but just needs the consistency drilled into him.","Holds 330 pounds with ease. Back-to-back productive years was a two-time junior college All-America selection at guard, earning him offers from 18 different schools. He was a consensus three-star recruit and the No. 2 JUCO guard in the 2018 class, per 247Sports. Following visits to West Virginia, South Carolina, Ole Miss and Kentucky, Lewis committed to LSU where he started each of the past two seasons. Lewis caught our eye back in his first season as a starter in 2018. He finished that year as the ninth highest graded guard in the country and we had high expectations heading into 2019. While he lost a bit more in pass protection this season, a good deal of that can be chalked up to Auburn defensive tackle Derrick POSITION Brown. All this season did in our eyes was cement that 2018 was no fluke. His 204 true pass sets this past season was one of highest SACKS HITS HURRIES figures for any guard in country. While he allowed 10 pressures on them, he still was impressive for the most part against a difficult slate of interior defenders. Lewis' weaknesses are very well defined. He simply needs to clean up his inconsistent base in pass protection. He does that and he's a starting guard in the NFL. damien Base is way to wide in pass Awareness passing off in pass Born to be a big boy. of grading in the SEC. pro. No recover ability. protection is lacking. Zones in on his man too much. Ideal guard build for a gap Was a different player 2nd half Not the most fleet of foot and scheme. Run off him on of 2019. Highest graded FBS doesn't do himself favors by double teams and profit. guard from Week 11 on. stopping feet on contact. Wants to take your soul in the Doesn't sink his hips when run game. Six big-time blocks in 2019. absorbing contact. Was completely bowled over at"
"150","John Molchon","John Molchon","Coming out of Faith Lutheran High School in Las Vegas, Molchon was listed at only 6-foot-5 and 270 pounds, undersized for a tackle. That’s not the position that he started his high-school career, spending time at tight end and defensive end, but it’s where he finished it. Molchon was named twice to the Nevada 1-A All-State team in 2013 and 2014 at tackle. He was listed by 247Sports as a three-star recruit who chose Boise State over nine offers that included schools such as Buffalo, Colorado State and Kent State. Coming off a redshirt season in 2015, Molchon saw some action at right tackle in his 2016 redshirt freshman season. He started for a three-game stretch and played pretty well with a 71.7 overall grade. After slotting in at right tackle again early in the 2017 season, Molchon found a home as the team’s starting left guard. He went on to play 925 snaps that second season, earning a 62.5 overall grade that was sunk by poor run blocking. His 84.0 pass-blocking grade that year ranked second among Mountain West guards. His run blocking improved in 2018 and 2019, but he SACKS Molchon never graded below 75.0 in pass protection.","When you're a small school player like Molchon, the matchups against top competition are going to hold a lot more weight than the rest of the year. That's why Molchon's Week 1 performance against Marvin Wilson was pretty much a death knell for his draft stock. The Boise guard took a beating at the hands of the FSU junior as Wilson moved the line of scrimmage all day. Things didn't improve much by the time he got around to their bowl game against Washington at the end of the year. He's an agile guard but isn't particularly good with his hands or powerful at the line. That's not a great combo projecting to the NFL.","handles the unexpected well. Has the agility to succeed in where he finished it. Molchon was named twice to the Nevada 1-A All-State team in 2013 and 2014 at tackle. He was listed by 247Sports as a three-star recruit who chose Boise State over nine offers that included schools such as Buffalo, Colorado State and Kent State. Coming off a redshirt season in 2015, Molchon saw some action at right tackle in his 2016 redshirt freshman season. He started for a three-game stretch and played pretty well with a 71.7 overall grade. After slotting in at right tackle again early in the 2017 season, Molchon found a home as the team’s starting left guard. He went on to play 925 snaps that second season, earning a 62.5 overall grade that was sunk by poor run blocking. His 84.0 pass-blocking grade that year ranked second among Mountain West guards. His run blocking improved in 2018 and 2019, but he SACKS HITS HURRIES remained a better pass blocker throughout his Boise State career. Molchon never graded below 75.0 in pass protection. Molchon's build and athleticism are on par with the tackle position, but his length is nowhere near that. He's a tweener that might not have a great fit in the NFL. john Patient off the line and Tiny arms (31 1/8"") that he has Maintaining blocks was major difficulty engaging with. issue. Hands too wide in run Not flying out for killshot. game and was shed late too often. Thin base for a guard. Don't see the fire as run pass pro in the NFL. Difficulties washing guys past blocker. Not looking to finish QB when they get on his side. blocks in turf. 3-year starter at LG, but FSU DT Marvin Wilson took subbed in at both LT and RT this season for Boise State. him to school. Molchon had no answer."
"151","Netane Muti","Netane Muti","A native to Hawaii and former Leilehua High School football player, Netane Muti originally signed his letter of intent with the University of Hawaii as a two-star defensive tackle recruit in 2016. He, however, received a letter from UH a month later that said his application was on hold, per Stephen Tsai of Star Advertiser. He moved quickly after receiving the letter and was granted his release so he could sign a scholarship agreement with Fresno State without losing a year of eligibility. Muti’s teammates joked that he was a “mystical being” prior to his 2018 campaign. Teammates said he could pick up a moose by himself and eat a 10-by-10 from In-N-Out. Injuries have kept Muti off the field for most of the past two seasons. He played just 84 offensive snaps in 2018 and only 234 offensive snaps in 2019 due to injuries. However, as a true freshman in 2017, Muti put together an incredible season for Fresno State across 955 offensive snaps at left guard. He earned an 80.4 overall grade, 80.8 PFF pass-blocking grade and an 80.5 PFF run-blocking grade as a true freshman in 2017. He’s also SACKS","Muti's tape is a guilty pleasure of mine. I'll flip on his freshman year highlight reel from time to time just to remind myself how much of a freak this dude really is. He is a people mover in every sense of the word who is also surprisingly light on his feet. His most impressive blocks on that highlight reel in my opinion are his pulls. Muti legitimately launches defenders through the air on the move. All of that would be a moot point though if he wasn't one of the best pass protecting guards in the country over his career at Fresno State with no fear of getting bull-rushed.","Freight train in the run game. Not going to be outleveraged. Agility and COD is sub-par. Weak level of competition. Highlight reel pancake blocks application was on hold, per Stephen Tsai of Star Advertiser. He moved quickly after receiving the letter and was granted his release so he could sign a scholarship agreement with Fresno State without losing a year of eligibility. Muti’s teammates joked that he was a “mystical being” prior to his 2018 campaign. Teammates said he could pick up a moose by himself and eat a 10-by-10 from In-N-Out. Injuries have kept Muti off the field for most of the past two seasons. He played just 84 offensive snaps in 2018 and only 234 offensive snaps in 2019 due to injuries. However, as a true freshman in 2017, Muti put together an incredible season for Fresno State across 955 offensive snaps at left guard. He earned an 80.4 overall grade, 80.8 PFF pass-blocking grade and an 80.5 PFF run-blocking grade as a true freshman in 2017. He’s also SACKS HITS HURRIES allowed just 14 pressures across 697 career pass-blocking snaps. Muti has all the tools to be an elite guard in the NFL. We'd be talking about him in much higher esteem had he not had his last two seasons cut short with injury. netane Much better in a phone booth. are a weekly occurrence. Nastiness that OL coaches Not sure his hands ever got Not going to be near same Season ending injuries (torn dream of. Isn't done blocking swatted away once engaged player in zone scheme as he'd Achilles and shoulder injury) until defender is on the last year. be in gap. two straight years. ground. Monumental upper body Takes a while to get going strength. Heaves 200+ pound men through the air like it's coming out of his stance on pulls."
"152","Michael Onwenu","Interior Off Line","Hailing from vaunted Cass Tech High School in Detroit, Onwenu was a consensus four-star prospect by all major recruiting services and played in the 2016 U.S. Army All-American Game. Onwenu committed to the Wolverines in June before his senior year and almost bailed for Michigan State after the Spartans offered in January prior to signing day. At the time Onwenu was even heavier than his now listed weight of 350 pounds. The guard tipped the scales in high school at 360 pounds and admitted he needed to drop to the 325-330-pound range before getting to Michigan. With how well he's played for the Wolverines, I'm sure they could give a damn how much he's weighed. Onwenu saw limited reserve action on the Michigan offensive line as a true freshman in 2016, and he has been the team’s starter at right guard in the three seasons since. The 6-foot-3, 350-pound guard provided the most value to the Wolverines over the course of his career as a pass-blocker, grading above 78.2 in that department each season. He has been excellent over the last two seasons especially, SACKS snaps across his junior and senior seasons. It wasn’t really until this past year that he started to elevate his run blocking, however. 78.7 it ranked fifth among Big Ten guards with 500 or more snaps last 66.1","Onwenu plays very under control for a big fella. At 350 pounds, he's one of the few who can probably hold up at that weight in the NFL because of that patience. He's not overanxious trying to kills dudes at the snap although he is capable of burying someone when he locks in. Obviously, that size comes at a detriment to his quicks and he's not someone you want too much out in space. He's brick wall in pass protection though and you're not going tot go through him, you have to go around.","normal sized DTs and creates into pocket unless he loses year and almost bailed for Michigan State after the Spartans offered in January prior to signing day. At the time Onwenu was even heavier than his now listed weight of 350 pounds. The guard tipped the scales in high school at 360 pounds and admitted he needed to drop to the 325-330-pound range before getting to Michigan. With how well he's played for the Wolverines, I'm sure they could give a damn how much he's weighed. Onwenu saw limited reserve action on the Michigan offensive line as a true freshman in 2016, and he has been the team’s starter at right guard in the three seasons since. The 6-foot-3, 350-pound guard provided the most value to the Wolverines over the course of his career as a pass-blocker, grading above 78.2 in RANK that department each season. He has been excellent over the last two seasons especially, SACKS HITS HURRIES allowing just 13 pressures and one sack in 842 pass-blocking snaps across his junior and senior seasons. It wasn’t really until this past year that he started to elevate his run blocking, however. 78.7 925 429 496 0 3 6 Onwenu’s 76.3 run-blocking grade in 2019 was a career high, and it ranked fifth among Big Ten guards with 500 or more snaps last 66.1 875 471 404 1 0 3 season. Onwenu is one of the best phone booth guards in the class. He can match NFL power, but has yet to prove he can match NFL quicks. michael Mammoth. Engulfs even Not getting moved backwards Agility isn't there to have any sort of recover ability. movement. entirely. Quicker off the line of Showed well in pass pro 1-on- Faced a cupcake schedule for scrimmage than you'd expect 1s at the shrine game. DT talent in 2019. for a 350 pounder. Can play at that. LBs nightmare comboing to Three years as a starter with Not much positional the second level. Blocks out the sun. above average pass blocking grades in each. versatility. Like G only."
"153","Cesar Ruiz","Interior Off Line","Like many of the Michigan recruits now on the NFL Draft radar, Ruiz was a high-end prospect coming out of high school. He was listed by 247Sports as the 47th ranked player overall and the No. 1 center in the country after his stint at IMG Academy where he helped lead the team to undefeated seasons in 2015 and 2016. Ruiz first became a star in Camden, though, before making the move to Florida and IMG. He chose Michigan over Auburn, Florida and North Carolina, along with nearly 30 other schools that offered him. Ruiz first got the starting nod back in Week 10 of his true freshman season where he closed out the season as Michigan’s right guard. He was relatively below average in that role, producing just a 55.9 overall grade with his downfall being his run-blocking as his grade in that facet was at 50.7 and his grade in pass-pro was at 73.2. Ruiz was then moved to starting at center in 2018 and while he improved as both a pass-protector and run-blocker, he still had room to improve. In the same role in 2019, Ruiz got to where he SACKS block grade among centers at 86.5. Though he was still an average run-blocker, ranking 52nd among centers in run-block 70.5","You can tell a lot about an offensive line prospect by how they react when engaged with a defender who's trying to shed. The players that fall to the turf flat on their face consistently aren't the ones you want projecting to the NFL. The ones that don't let go, readjust their feet, and use the defender’s momentum to continue to drive them - like Ruiz did all last season at Michigan - are the ones you want. The biggest question marks with Ruiz come with scheme fit and physical tools. He looked more comfortable playing straight forward than he did laterally so may get the best results in an outside zone-heavy scheme. The physical tools part I'm not as worried about as they're likely to change in the coming years with how young Ruiz is.","Gets out of stance and into Adequate length for the helped lead the team to undefeated seasons in 2015 and 2016. Ruiz first became a star in Camden, though, before making the move to Florida and IMG. He chose Michigan over Auburn, Florida and North Carolina, along with nearly 30 other schools that offered him. Ruiz first got the starting nod back in Week 10 of his true freshman season where he closed out the season as Michigan’s right guard. He was relatively below average in that role, producing just a 55.9 overall grade with his downfall being his run-blocking as his grade in that facet was at 50.7 and his grade in pass-pro was at 73.2. Ruiz was then moved to starting at center in 2018 and while he RANK improved as both a pass-protector and run-blocker, he still had room to improve. In the same role in 2019, Ruiz got to where he SACKS HITS HURRIES needed to be in pass-pro as he tied for the second highest pass- block grade among centers at 86.5. Though he was still an average run-blocker, ranking 52nd among centers in run-block 70.5 919 427 492 0 2 7 grade at 64.9. It's rare to see a player as young as Ruiz have as few weaknesses as he does. While he may not 'wow' as much as others in this class, offensive line play is far more about not losing than it is winning big. cesar Terrific anchor for a player so Maintains excellent base in Not a high-end athlete for the Body still needs to develop. young (not even 21 yet). both pass sets and run game. position. Not the biggest deal Holding some bad weight and Natural athlete. at center though. could add strength to lower half. Stunt recognition led to a DTs pads quickly. Stops a lot position and pop behind his majority of his pass pro of pass-rushes before they hands. Can play any IOL spot. downgrades in 2019. start. Like a cowboy the way he will Can play out over toes in the ride defenders as they try to shed. Strong hands. run game. Some whiffs when he doesn't hit mark cleanly."
"154","Zach Shackelford","Interior Off Line","Shacklelford played at Belton High School in Belton, Texas. Shackelford is a well-rounded athlete. As an 8-year old he competed in the Junior Olympic prelims in swimming. At Belton high he competed in power lifting for his first three years and competed for the track team (shot put and discus) for his freshman and sophomore years. As a senior, he graded out at 98 percent with 134 knockdown blocks and 87 pancake blocks, for an offense that average over 40 points and 284 rushing yards per game. He was named first-team 6A All-State by Associated Press. Shackleford’s play drew national attention as well. Scout rated him the No. 33 guard in the nation, Rivals rated him the No. 34 guard nationally and ESPN rated him the No. 45 guard in the class. His father, Lyle, played guard at University of Central Florida. If one word were to describe Shackelford’s senior season, it’d be disappointing. Shackelford was a four-year starter at center for the longhorns, and while he was never a great run-blocker with his SACKS show promise in pass-protection in 2018. That year, Shackelford had an 81.0 pass-block grade that was 27th in the FBS. 2019 took a step back and dropped his pass-block grade to 53.3, 2018 the second most sacks at the alignment with five.","Shackelford is another four-year starter who looked like a promising prospect early on in his career. The same level of play that's encouraging for a freshman though can be undraftable if it's still there as a senior and that's pretty much the case with Shackelford. He was put on an island a lot with Texas' pass heavy attacking, but he got routinely ran through. Without the requisite power to hold up to even college nose tackles, I don't know if we can expect much more in the NFL.","Hand placement in the run game is terrific. Quick to reset competed for the track team (shot put and discus) for his freshman and sophomore years. As a senior, he graded out at 98 percent with 134 knockdown blocks and 87 pancake blocks, for an offense that average over 40 points and 284 rushing yards per game. He was named first-team 6A All-State by Associated Press. Shackleford’s play drew national attention as well. Scout rated him the No. 33 guard in the nation, Rivals rated him the No. 34 guard nationally and ESPN rated him the No. 45 guard in the class. His father, Lyle, played guard at University of Central Florida. If one word were to describe Shackelford’s senior season, it’d RANK be disappointing. Shackelford was a four-year starter at center for the longhorns, and while he was never a great run-blocker with his SACKS HITS HURRIES career high run-blocking grade sitting at 62.8, he was starting to show promise in pass-protection in 2018. That year, Shackelford had an 81.0 pass-block grade that was 27th in the FBS. 2019 56.6 921 348 573 5 2 11 Instead of taking that step to a breakout season, Shackelford took a step back and dropped his pass-block grade to 53.3, 2018 67.0 789 349 440 0 1 11 ranking 112th of 129 qualifying centers. In addition, he allowed the second most sacks at the alignment with five. Shackelford has very little physicality to his game. He had no response to the better nose tackles he faced. That doesn't bode well going forward. zach Would expect more physical Annihilated in pass pro this dominance from a senior. Not year. No answer for Bravvion if knocked down too. a line of scrimmage mover. Roy's power. At his best on outside zone Lunges routinely in space runs. Maintains blocks very instead of staying on balance. well on the move. Mirror ability in pass pro is Not nearly as quick off the NFL-level. Quick to look for work as well. snap as you'd like to see from a center with his athleticism."
"155","John Simpson","Interior Off Line","The Charleston Post and Courier described the area that John Simpson grew up in by saying, “In a state that is one of the worst in the nation when it comes to gun deaths, North Charleston is one of the most dangerous areas in South Carolina and Dorchester-Waylyn is one of the worst neighborhoods in North Charleston.” The 6-foot-4 inch, 290-pound Simpson was able to beat the odds as a four-star recruit that chose Dabo Swinney and Clemson over Florida and LSU, alongside offers from other national powers such as Alabama and Georgia. Coming out of Fort Dorchester High School, Simpson was a finalist for Mr. Football in the state of South Carolina and played in the U.S. Army All-American Game. Simpson has been one of the anchors on the Clemson offensive line in their recent run of success. He split time down the stretch in 2017 and then became a full-time starter in their championship season in 2018. That year he allowed only eight pressures on 481 pass blocking snaps. Simpson's calling card has always been his raw power and he has six big-time blocks over the past two SACKS giving up only 13 pressures. It would likely be more accurate to say he faced some stiffer competition in Ohio State and LSU in 70.2 over his career","You don't have to watch much of Simpson's tape to get a handle on what kind of player he is. The term people mover probably gets thrown around too much, but it 100% applies to Simpson. When he gets his hands on you, you go where Simpson wants to take you. It's the whole 'getting hands on you' part that's the issue. He lacks any sort of quick twitch and was left in the dust a number of times. If that was his only problem it wouldn't be a massive deal at guard, but his balance was similarly a problem. Even with all his brute strength, if he can't stay on his feet as defenders try to shed it won't matter.","Grown-ass man of a guard. Calmness to his game. Climbs Strength on another level from to the second level under Wipes linebackers off the face Dorchester-Waylyn is one of the worst neighborhoods in North Charleston.” The 6-foot-4 inch, 290-pound Simpson was able to beat the odds as a four-star recruit that chose Dabo Swinney and Clemson over Florida and LSU, alongside offers from other national powers 0.9332 such as Alabama and Georgia. Coming out of Fort Dorchester High School, Simpson was a finalist for Mr. Football in the state of South Carolina and played in the U.S. Army All-American Game. Simpson has been one of the anchors on the Clemson offensive line in their recent run of success. He split time down the stretch in 2017 and then became a full-time starter in their championship POSITION season in 2018. That year he allowed only eight pressures on 481 RANK pass blocking snaps. Simpson's calling card has always been his raw power and he has six big-time blocks over the past two SACKS HITS HURRIES seasons. It's difficult to say he took a step back this past season giving up only 13 pressures. It would likely be more accurate to say he faced some stiffer competition in Ohio State and LSU in 70.2 732 302 429 0 2 11 the playoff. Simpson has a solid if unspectacular grading profile over his career Simpson lacks the balance and athleticism you'd like to see on the interior. That's not a great combination to have in the NFL whatsoever. john Plays way out on his toes. Plodder. Looks like he's Push-pull puts him on the moving through sand when the guys he's blocking. control and on balance. ground almost every time. trying to react laterally. Consistently slow to recover Hitch in his giddy up getting of the earth when he squares on stunts and blitz pickups. out of stance on pulls. them up. Not even fair. Can stop defenders from Overall grades have stagnated going where they want to purely via his upper body. throughout his college career."
"156","Logan Stenberg","Interior Off Line","Stenberg was a three-star prospect by all four major recruiting services. Hailing from Madison, Alabama, Stenberg wasn't even offered by Auburn or Alabama. In fact, Kentucky was his only Power-5 offer at the time. Stenberg credits his three older brothers for fueling his competitive edge. When asked to provide one word to describe himself on the football field, Stenberg choose 'nasty' and we couldn't agree more. Teammate Drake Jackson went so far as to call Stenberg the most hated offensive lineman in the SEC. After a redshirt freshman in which Stenberg had a part-time role at left guard, he has been a starter on the Kentucky offensive line each of the past three years at the same position. He started out showing dominance in the run game, recording a 78.8 run- blocking grade in that 2016 redshirt freshman season, but it took several seasons until the pass protection came along with it. Stenberg raised his pass-blocking grade from 63.6 in 2016 and 63.0 in 2017 to 76.2 in 2018 and, finally, 82.8 this past season. He allowed just one quarterback pressure all season in 262 pass- SACKS in 2019.","Watching Stenberg's tape you almost have to ask if he's too physical? The man was flagged a ridiculous 14 times this past season because he simply will not let defenders off of his blocks. He leads the NCAA by my unofficial tally in pancake blocks with the running back well past him. Those vice grip hands will serve him well in the NFL, but some offensive line coach needs to reel him in to some degree or he'll be a flag machine. I'll take my chances with all the good on tape though.","So under control in pass sets. Ideal guard size at 6-6, 322. Let's the DT tip their hand then Can still move well at that size. brothers for fueling his competitive edge. When asked to provide one word to describe himself on the football field, Stenberg choose 'nasty' and we couldn't agree more. Teammate Drake Jackson went so far as to call Stenberg the most hated offensive lineman in the SEC. After a redshirt freshman in which Stenberg had a part-time role at left guard, he has been a starter on the Kentucky offensive line each of the past three years at the same position. He started out showing dominance in the run game, recording a 78.8 run- blocking grade in that 2016 redshirt freshman season, but it took several seasons until the pass protection came along with it. Stenberg raised his pass-blocking grade from 63.6 in 2016 and 63.0 in 2017 to 76.2 in 2018 and, finally, 82.8 this past season. He allowed just one quarterback pressure all season in 262 pass- SACKS HITS HURRIES blocking snaps. That was the lowest rate of any guard in the class in 2019. You don't get called the SEC's most disliked player without some serious nastiness to your game. Stenberg has the type of mentality that the position requires and will surely serve him well in the NFL. logan Good not great grades until Kentucky almost never passed redshirt senior year. this past season. So few true attacks. sets. Great feel for the strike zone. Never met a block he didn't to Penalties are massive Hands almost always get finish in the turf. problem. 24 flags last two inside positioning. seasons. Plays to and after the whistle Can get out of control when snap after snap. pulling or climbing to second level."
"157","Simon Stepaniak","Simon Stepaniak","Stepaniak was a three-star recruit coming out of Ross High School in Ohio, earning 12 offers in total. At Ross, Stepaniak was named the top offensive lineman in Ohio Division III as both a junior and as a senior, and he was selected to play in the Ohio North-South Classic following his senior season, per Indiana’s official athletics website. He chose Indiana over offers from other schools such as Louisville, Cincinnati, Kentucky and Penn State. Stepaniak was listed on Bruce Feldman’s “Freaks List” prior to the 2019 season, citing his ability to bench press 515 pounds and get up 41 reps of 225 pounds. Stepaniak’s first season of game action came as a redshirt freshman in 2016. During that year, he drew two starts and played 163 total snaps. One of those starts at right guard came in Indiana’s bowl game against Utah where Stepaniak underwent trial by fire, earning a 22.5 pass-blocking grade for the game. He became the team’s starting right guard in 2017 but missed six games due to injury and struggled when he was on the field with a 57.1 overall grade. SACKS Stepaniak still barely managed to clear the 60.0 mark in grade. He allowed pressure on 5.3% of his snaps, not an ideal mark for an 68.6 was also his best year. Stepaniak cut his pressure rate allowed by 60.3 career-best 68.6 overall grade.","For any Big Ten offensive lineman, I suggest turning on the Ohio State and Michigan film first. It's not simply from a talent perspective — although both have produced a lot of NFL talent in recent years — but also from a schematic perspective. Those defenses allow their linemen to attack upfield in a way that most NFL teams do, but also in a way few college programs do. It can expose offensive lineman's deficiencies quickly as they have to work outside of a phone booth. In those two matchups, Stepaniak got resoundingly exposed. While he can line up and rock a sitting-duck-type target, Stepaniak's game was completely different when asked to react on the fly. He has the upper body strength to play guard in the league, but that will only get him so far.","Double-team weapon that can North-South Classic following his senior season, per Indiana’s official athletics website. He chose Indiana over offers from other schools such as Louisville, Cincinnati, Kentucky and Penn State. Stepaniak was listed on Bruce Feldman’s “Freaks List” prior to the 2019 season, citing his ability to bench press 515 pounds and get 0.8441 up 41 reps of 225 pounds. Stepaniak’s first season of game action came as a redshirt freshman in 2016. During that year, he drew two starts and played 163 total snaps. One of those starts at right guard came in Indiana’s bowl game against Utah where Stepaniak underwent trial by fire, earning a 22.5 pass-blocking grade for the game. He POSITION became the team’s starting right guard in 2017 but missed six games due to injury and struggled when he was on the field with a 57.1 overall grade. SACKS HITS HURRIES His first full season as a starter came the following season, but Stepaniak still barely managed to clear the 60.0 mark in grade. He allowed pressure on 5.3% of his snaps, not an ideal mark for an 68.6 768 310 458 1 1 12 interior offensive lineman. His final year for the Hoosiers (2019) was also his best year. Stepaniak cut his pressure rate allowed by 60.3 878 328 550 2 6 19 two percentage points (3.3%) and finished the season with a career-best 68.6 overall grade. Stepaniak looks uncomfortable doing anything more than blocking straight ahead. That makes for some fun blocks in the run game, but his below-average grades are indicative of what he brings to the table. simon Powerful upper half that can Base gets so wide in pass Slow to reset hands. When manipulate DTs against their protection. Recover ability is initial placement was poor he will in the run game. zapped. rarely recovered. Lacks the length you want Not particularly fluid turning cave in his half of the line. (32"") even for a guard. hips and reacting on fly. Can sink low into his blocks. Play strength nowhere near Poor grading profile and only No flexibility issues. what his 37 bench reps suggest. Anchor got one season of even average grading."
"158","Darryl Williams","Darryl Williams","Darryl Williams played at Bessemer City high school in Bessemer, Alabama before reaching Mississippi State. Williams played all five positions along the offensive line during his high school career. ESPN rated Williams a four-star recruit and he ranked No. 245 in the ESPN300. Although he played mostly at tackle as a senior, 247 sports ranked him as the No. 9 guard in the class and Scout ranked him the No. 7 center in the class. Williams received an invitation to Nike’s “The Opening.” Williams played in the Alabama-Mississippi All-Star Classic. Williams received offers from Auburn, Florida, Florida State and Kentucky before settling on Mississippi State. Williams’ first two seasons at Mississippi State consisted of zero offensive snaps. He redshirted in his true freshman season in 2015 and was limited to special teams during his redshirt freshman season in 2016. Williams’ next two seasons came primarily at left guard with limited action at center in 2018. It looked like he was developing into a solid option there for the Bulldogs, growing a 66.7 overall grade in his first season on the SACKS The 2019 season saw Williams make the switch to center, and his new position was not nearly as kind to him. His pass-blocking 64.2 in 2018 to 45.1 this past season.","Any conversation around Williams' prospects at the next level has to be under the guise of him gaining a good deal of muscle. He couldn't hold up to the power of college nose tackles, there's no way that's going to change against the grown men at the next level. If he can, you're getting one of the smoothest athletes of any interior line prospect in this class. The way he flies off the snap is beautiful to watch and different from all the other top centers. Any outside zone-heavy scheme should take a look at him late as a project.","Smooth as can be. Pops off Extensive starting experience the ball and moves like an at both left guard and center. concerns. Cedes ground even you can expect him to add at ranked No. 245 in the ESPN300. Although he played mostly at tackle as a senior, 247 sports ranked him as the No. 9 guard in the class and Scout ranked him the No. 7 center in the class. Williams received an invitation to Nike’s “The Opening.” Williams played in the Alabama-Mississippi All-Star Classic. Williams received offers from Auburn, Florida, Florida State and Kentucky before settling on Mississippi State. Williams’ first two seasons at Mississippi State consisted of zero offensive snaps. He redshirted in his true freshman season in 2015 and was limited to special teams during his redshirt freshman season in 2016. Williams’ next two seasons came primarily at left guard with limited action at center in 2018. It RANK looked like he was developing into a solid option there for the Bulldogs, growing a 66.7 overall grade in his first season on the SACKS HITS HURRIES line to a 71.1 grade during the 2018 season. The 2019 season saw Williams make the switch to center, and his new position was not nearly as kind to him. His pass-blocking 64.2 755 390 365 1 2 6 grade, specifically, took a nosedive, dropping from 82.9 at guard in 2018 to 45.1 this past season. Williams does not possess the play strength to line up in the NFL currently. He's as athletic as it gets at the position, but unless he gets a good deal stronger he won't even sniff a roster spot. darryl Thin base with anchor Not sure how much strength athlete. when cleanly engaged. almost 23 already. Mirror ability is second to none No power to his game. Not in this class. Exceptional feet. your double teaming/power run game center. Head constantly on a swivel in Not been tested a lot in pass pass pro. Great awareness in picking up/passing off. pro with run heavy offense."
"159","Mctelvin Agim","Interior Def","A middle school principal told Agim that he would either be in jail or dead by the age of 18. In an interview with WholeHogSports prior to his first season at Arkansas, Agim said, “I wasn’t a bad child; I just had little guidance.” It was part of his rough childhood that saw him move from school to school, including a period of time in which he lived at the Salvation Army. He was able to elevate himself above those circumstances with freakish ability on the football field, however. Agim was a five-star recruit and the No. 1 player in the state of Arkansas coming out of Hope High School. Though he starred at defensive end with 24 sacks in his senior season, he also recorded eight rushing touchdowns on 21 carries along with eight receptions and even a handful of kick returns. The 6-foot-2, 268- pound Agim eventually chose Arkansas over a loaded offer sheet that included plenty of national powers. Agim has played all up and down the line for Arkansas in his four-year career with Arkansas, playing anywhere from heads-up nose to 9-technique. In 2019, Agim spent most of his time playing SACKS his career as a pass-rusher, recording an 81.5 pass-rush grade which topped his previous career high of 68.7. Agim was actually 2019 performance rushing the passer and defending the run was better 2018 alignment. Which is a bit concerning since he mostly likely has a future at defensive tackle given his size.","Agim's tape is some of the most interesting to watch in the draft class. Many defensive lineman have their particular styles or go-to moves that you can get a feel for quickly. You can watch a handful games of Agim though and still be seeing brand new moves. He spans the spectrum in terms of what he's capable of, but it's difficult to gauge whether or not that's a good thing. On one hand, not a lot of guys can pull off all the moves he did (cross-chop, rip, high-swipe, swim, spin, bull, etc.), but on the other hand it only led to good not great production. Without elite athleticism, that might just be who he is at the next level.","Dominated at Shrine game Played head up nose tackle on Not much power in his lower Just alright athlete. Doesn't practices. Highest graded DT over 20% of snaps last year. half. Lot of stalemates in the profile close to the most of the Interesting array of pass- Any team drafting Agim will have to square his dominance in the showcase bowls with his inconsistent tape throughout his career. He has as many pass-rushing moves as any DT in the class, but the lack of physicality to his game is concerning. mctelvin in attendance. Not his best position in NFL. run game. top DTs in the NFL. Hands stall after first move. rushing moves. Uses cross Struggles to get hands off him chop which you almost never when on the side of blocks. see at DT. Great build for DT in NFL with Not near the pop behind his thick lower half and long limbs. hands as some in the class. More a finesse DT."
"160","Derrick Brown","Interior Def","Considered Georgia’s No. 1 overall player in the 2016 recruiting class, Derrick Brown received offers from Alabama, Auburn, Georgia, Tennessee, Mississippi State and 21 others as a consensus five-star recruit. Korey Mobbs, Brown’s former head coach at Lanier High School, described him best in an interview with AL.com: ""He is a physical specimen. He is a violent player. He doesn't take plays off. He's a mammoth of a human, but what people really don't know is, when you take that helmet off, he's a very gentle giant.” Brown announced his decision to commit to Auburn after developing a strong relationship with the team’s defensive line coach, Rodney Garner, and attending several Auburn football games, per AL.com. As a true freshman in 2016, Brown played 243 defensive snaps for the Auburn Tigers, showing that he could already hold his own in run defense with a 73.6 run-defense grade in limited opportunities. Brown fully emerged in a starting role the subsequent season. He raised his overall grade to 85.6 in 2017 on 622 defensive snaps, becoming one of the more dominant interior forces in the SEC. In Brown’s final two seasons, he only continued to improve. 2019 a disruptive pass rusher that could use his size and strength to overpower opposing offensive linemen. He has recorded pass- 2018 The fact that he has missed just five tackles over his entire Auburn","Brown is a bully in every sense of the word. It's almost to his detriment at times as he can win in a number of different ways, but always come back to straight trying to go through guys. Honestly, I'm not too mad about it though as it made for some awesome tape to watch. The only question mark with Brown is how high can his ceiling go? He's easily the lowest for prospect of any defensive tackle in the draft class with how good at football he currently is,, but I'm not sure there's enough burst and quicks to join the upper echelon of pass- rushing DTs at the next level. When you're haggling over a guys ceiling though, chances are you should just take him and not look back.","Few better in college football Ability to play any alignment Hand placement is top notch. Not simply a space eater. Slow to react to wide runs and Brown will stop the run and push the pocket at the next level. Those things are not really up for debate. If that's something that interests you, you'll have to get him pretty dang early. derrick Can he affect pass game Game to game consistency is at stacking and walking back between the tackles. enough at his size? Trends far lacking. We've seen more offensive linemen. more run-first defensive dominant grading profiles tackle. from DTs. Hard to find reps he doesn't Brown sheds and finishes at can get cut off. More find OLman's shoulder pads. an elite level. comfortable working in a phone booth. Surprising first step at his size. When his paws get on you its Motor wears down. Has more Combines it with rip move that makes quick work of Olmen. over. 5 MTs on 139 career attempts. than a few pattycake pass- rushes on tape."
"161","Ross Blacklock","Ross Blacklock","Basketball was the dominant sport in the Blacklock family growing up. His father, Jimmy Blacklock, played for the Texas Longhorns’ basketball team before continuing his career with the Harlem Globetrotters where he now serves as the head coach. The 6-foot-4, 326-pound Ross Blacklock opted for the football field over the basketball court. As a consensus 4-star recruit that had high-profile offers from schools such as Texas A&M, Alabama and LSU coming out of Elkins High School, Blacklock committed to TCU at the U.S. Army All-American Game. He recorded 56 tackles, 10 of which were for a loss, in his final high school season. Blacklock has just two full seasons of playing experience at TCU due to missing all of 2018 with an injury. He was relatively average in 2017, posting a 68.9 overall grade, but really improved coming back from injury in 2019. Blacklock’s 81.5 overall grade ranked among the 30 best in the FBS and is 89.5 run-defense grade ranked seventh. As a pass-rusher, Blacklock was above the average for his SACKS with an emphasis on using stunts and that’s where a lot of Blacklock’s production came from. His win rate was over 3% 2019 didn’t execute a stunt. It’s a tough evaluation as a result of, but -","The line of scrimmage is the one place where one can fairly easily deduce the 'have's' from the 'have nots' within a couple of plays. The good lord only made so many 300 pounders capable of moving like...well...not 300 pounders. Blacklock certainly is one of them and you see that natural ability again and again on TCU's tape. Gary Patterson's scheme tasks their linemen with stunting and slanting on nearly every single snap and Blacklock's first step stuck out like a sore thumb on their defensive line. Unfortunately, that emphasis on scheme makes him a difficult evaluation as you rarely ever see him go one-on-one with an offensive lineman with any sort of freedom to go make a play.","Top notch agility. Nightmare Can fly. Made plays sideline to So many dud rushes where Rare flexibility for a big man. Shoots hands over his eyes in Almost no pass-rushing moves Blacklock has top-tier athleticism for the interior, but has little technical proficiency to speak of. He may not hit the ground running in the NFL, but chances are he'll put it all together in time. ross for guards to try and mirror. sideline in the run game. he's not even using his hands. Can play extremely low. run game. Loves locking out to speak of. Swim and bull is on linemen. about it. Neither well refined. TCU scheme not conducive to High motor. Not content to sit Recklessness to his game. See rushing the passer. Wasn't really given freedom to rush. on a block. it a lot in space when he overran QBs or WRs on"
"162","Josiah Coatney","Interior Def","Coming out of Chapel Hill High School in Douglassville, Georgia, Josiah Coatney was a three-star recruit in the 2014 recruiting class with an offer from the University of South Carolina, per 247Sports. He instead opted to go the JUCO route at Holmes Community College, where he was a MACJC first team all-state selection in his only season there before making the jump to the The 6-foot-5, 285-pound Coatney received interest from several big-time programs, and ultimate choose Ole Miss over Alabama as part of their 2016 recruiting class. Because of his circuitous route to this point, Coatney is an older prospect at 24 years of age already. Coatney has been a full-time starter for the Rebels ever since 2017. We've seen fairly moderate improvement from him over that span, but he's largely been the same player over the course of his career. In fact, he's registered either 27 or 28 stops in each of his three seasons at Ole Miss. We have seen some improvement though. Coatney has seen his run defense grade go SACKS go from 63.6 to 70.4. With all his physical tools, it's worthy questioning why he hasn't improved more over the course of his 2019","With a little coaching, Coatney looks like one of the surest things to translate in run defense in the NFL. He has the size, length, and explosiveness to consistently hold the point of attack against NFL offensive linemen. While he's flashed as a pass-rusher and even had some wins off the edge, he has a little longer to go in that regard. While I can't endorse the use of the word 'upside', I can say that Coatney's best football is very much still ahead of him. Getting him more consistent down-to-down will be key.","pounder. Was catching up to well on guards back to QB. Coatney lacks any sort of refinement to his game, but one thing is for sure: he'll be playing on the offensive side of the line of scrimmage. His get-off is special for a man his size and will be an impact run defender with some more seasoning. josiah Can get it moving for a 320+ Flashes some bend. Corners When he gets tired it shows. Lacks polish on pretty much Some very uninspired reps everything he does. Plays QBs outside pocket. towards the end of drives. borderline out of control. Can be a consistent pocket Been a consistent playmaker Charges gaps too often Already 24 years old. pusher with his size/burst vs. run in career. 20 plus stops without a plan. One move and combo. each season. then nothing. Athletic enough that Ole Miss Fires off low as can be. Not Hands could be more active. had him taking reps off the edge. always a good thing, but impressive how low he gets. Lot of bull-rushes stall because he doesn't regain"
"163","Darrion Daniels","Darrion Daniels","Darrion Daniels earned four-star status from 247Sports Composite coming out of Texas’ Bishop Dunne in 2015. He fielded offers from more than 30 schools around the country and eventually committed to Oklahoma State. He recorded 67 tackles as a senior with 28 tackles for loss and eight sacks at Bishop Dunne. He transferred to Nebraska as a graduate transfer after playing north of 1,000 defensive snaps at OK State. Daniels is one of the elder statesmen of this draft class. He's the rare college player who's seen over 100 snaps in five different seasons now. We first saw him when he played 287 snaps for Oklahoma State back as a freshman in 2015 but didn't take notice until he put up an 88.2 run defense grade for the Cowboys in 2017. He was all set for a big senior season, but a finger injury limited him to only 136 snaps. He would grad-transfer to Nebraska over the offseason, but never quite made an impact for the Cornhuskers. On 430 snaps he managed only eight pressures and 10 run stops on the season.","Daniels thrived in college through sheer girth. The man was an immovable block in the middle of both Nebraska and Oklahoma State's defense. While he didn't move backwards, Daniels unfortunately didn't move forward either. His complete lack of pass-rushing prowess is going to keep him low on our board. Even as a run defender, there are much better options in this class. He was hardly even a playmaker in that regard with no more than 14 stops in any single season.","Doesn't relinquish an inch on the line of scrimmage. Already Daniels’ inflexibility and lack of quick twitch is a non-starter. He's a 1/2 down player at best in a league that doesn't covet those types of players anymore. darrion Below average athlete even by nose tackle standards. Just can hold up to double teams. can't get it moving. Great run defense grade over Has a difficult time multiple years across multiple maintaining leverage. Stiffness schemes. that limits him. Ideal size and length for the Career high 430 snaps this nose tackle position. season. Very low number."
"164","Carlos Davis","Interior Def","Carlos Davis received six offers coming out of Missouri’s Blue Springs High School as a three-star recruit in 2015. The 6-foot-2, 260-pounder opted for Nebraska over offers from Missouri, Kansas State, Kansas, Arizona State and Toledo. According to Nebraska’s official athletic site, Davis recorded 64 tackles, including 33 tackles for loss and 18 sacks as a senior in high school. He also threw a 214-4 in the discus as a senior, which was the best prep mark in the nation in 2015. His twin brother Khalil Davis also committed to Nebraska as part of the same recruiting class. After redshirting during the 2015 season, Davis came in and played a fairly significant role during the 2016 season with 402 defensive snaps in total. Just looking at overall grade, that was the best season of his career at Nebraska. Davis earned an 70.1 overall grade as a redshirt freshman, seeing it fall to 69.3 in 2017 and 68.4 in 2018 in larger roles. Davis was a serviceable pass rusher over his four seasons with the Cornhuskers, fluctuating between 64.4 and 68.0 pass-rushing SACKS makes the fact that he never put together above-average play in run defense more concerning. Davis hovered around the 70.0 2019 nosedive in 2019. He ended his final season with a 57.6 run- 2018","The Davis brothers' straight-line speed is legendary at this point. When they get moving out in space, it's a sight to behold. Unfortunately, there are not too many more impressive aspects to Carlos' game on tape. His agility in no way, shape or form matches his speed, and he doesn't even maximize his get off by sinking low through his bull-rushes. If he was still young or new to the position, I'd say he has room to develop. That's not the case, though, as he's already 23 years old and been starting for the Cornhuskers for three seasons.","Freaky get off. With head of steam he's a handful to anchor You don't find defensive tackles with Davis' juice everyday. That only gets you in the door in the NFL. Davis doesn't have much else to offer after that. carlos Refuses to use his hands as a Will turn 24 as a rookie. pass-rusher. Head down, full- against. steam ahead. Can make plays well outside Length is less than ideal for Hasn't shown any the tackles in the run game. the position. improvement as pass-rusher in 3-years as a starter. When he fires off low he can Taken off his feet by doubles Inconsistent with his leverage. reset line of scrimmage easily.3 way more than you want. Doesn't stay low throughout play."
"165","Raekwon Davis","Interior Def","A consensus four-star recruit and one of Mississippi’s top overall players in the 2016 recruiting class, Raekwon Davis received offers from Alabama, Mississippi State, Florida, Florida State, Georgia and five others before committing to ‘Bama in January 2016. He signed letters of intent with the Crimson Tide and Mississippi’s Jones Junior College in February 2016, a move that “generally indicates qualifying academically could be a problem,” per John Talty of AL.com. Davis, however, never attended Jones Junior College and instead saw time in seven games with the Crimson Tide as a true freshman. Davis' scouting report could have been written after his sophomore season and it would basically read the same. That year was his first as a starter back in 2017 and he put up a monster 89.1 grade versus the run along with a putrid 62.7 grade as a pass-rusher. In the subsequent years, Davis has earned run defense grades of 90.4 and 87.9. He's also earned pass-rushing grades of 68.5 and 71.2. It's rare to see a grading profile along the line of SACKS","Any coach who believes in his own ability likes to think that if they see a player do something once, they can get it out of him to do every time. That is also known as the Raekwon Davis story. With his prodigious length and power, he has reps on tape that leave your mouth wide open. He's also had exceptional coaching at Alabama that's been completely unable to get him to replicate those reps on a consistent basis. And this isn't some one-year breakout either. Davis has been solid run defender who has offered almost nothing as a pass- rusher for three straight seasons now. At some point, you have to admit that that's who he is.","Davis has a long way to go as a pass-rusher, but we've been saying that for multiple years now. His stagnating production makes us think that's never going to be his game. raekwon Length that creates serious So much power behind his Iffy balance that shows up in a Rarely wins late with his issues for offensive linemen. hands. Takes down running number of ways. Struggles hands. If he doesn't control Can dictate first contact. backs one handed with ease. mightily to finish at QB. interaction from start he's done. Sinks hips and churns feet Elite run defense grades for Extremely limited set of pass- Hasn't developed much at all surprisingly well on bull-rush three straight seasons. rushing moves at the moment. since sophomore year. Same for taller DL. Little more than a bull-rush. strengths/weaknesses. Not content to sit on blocks vs Short area quickness is run. Locks out and looks to shed. lacking. Rarely crosses face of offensive linemen."
"166","Jordan Elliott","Jordan Elliott","Jordan Elliott, a four-star recruit coming out of Houston’s Westside High School in 2016, originally committed to the University of Michigan before de-committing to sign with the University of Texas. He recorded 30 tackles, 10 tackles for loss and four sacks as a senior at Westside. He was considered the No. 105 player in the 2016 recruiting class and No. 14 at his position. After playing just six games in what was an injury- plagued freshman season at Texas, Elliott transferred to Missouri. Elliott started his career at Texas where he played just 89 snaps as a true freshman before transferring to Missouri. After sitting out the 2017 season, he made an immediate impact on the Missouri defense as a rotational part of their defensive line. Elliott ended the season with grades above 80.0 as both a run defender and as a pass rusher on 395 defensive snaps, highlighted by a seven-pressure, three-sack performance against Arkansas in their final regular season game. He continued his progression as a starter on the line last SACKS (92.4), and he was dominant as a pass rusher all season. Elliott’s 18.7% pass-rush win rate led all interior defenders last year.","I get why Elliott's name isn't mentioned in the same breath as guys like Derrick Brown and Javon Kinlaw in this draft class. Tools matter and those two have elite ones. That being said, it's not like Elliott is some slouch out there. He's got a plus blend of quicks and power himself in an ideal versatile defensive tackle body type. You don't always have to be a freak to be a quality starter. Above average overall athleticism will do the trick as well. With on-field production that's difficult to ignore, if Elliott falls to day two he'll be one of the steals of the draft.","Elliott may not have freakish tools, but he's more than athletic enough to be an all-around quality defensive tackle in the NFL. With how consistent he was in 2019, I'd bet on him being that sooner rather than later. jordan High motor as pass-rusher. Extremely consistent on a Only one season as a full-time Average length and versatility Combos moves together and game-to-game basis. starter. is a question mark. keeps throwing hands. Plus height, length, and Saw massive improvements Wanted no part of double athleticism. from start of 2018 to end of teams. Tried to fight free instead of holding ground. Tall task for OL to anchor Excellent at separating from Gap control in run game was against when he gets a head of steam. blocks at the last second. Never gets swallowed. iffy. Fires off the line recklessly without reading OL."
"167","Leki Fotu","Interior Def","Fotu played at San Leandro High School in California in 2013, didn’t play football as a junior in 2014 and then dominated at Herriman High School as a senior in 2015. Fotu had 79 tackles and 7.5 sacks, including 10 tackles in his team’s victory over Lone Peak for the 2015 Utah 5A state championship. Fotu was named the 2015 Deseret News 5A MVP and first-team all-state. He was the Region 4 Defensive MVP. Fotu was a three-star recruit according to Scout.com. Fotu also played basketball and Rugby in high school and played on the USA Rugby Boys High School All-American team and trained with the London Wasps’ rugby team in 2013. Fotu’s family is originally from Tonga and is filled with football players. Fotu’s brother David is a freshman signee at Utah, his brother Joe played at Illinois and his brother Anthony played for Arizona. Fotu’s production has improved significantly over the course of his career. After playing just 19 total defensive snaps in 2016, he earned a 70.6 overall grade across 331 defensive snaps in 2017. He then earned 75.0-plus overall grades across 450-plus SACKS He’s been at his best in run defense, as evidenced by his 77.9 and 83.4 run-defense grades in 2018 and 2019, respectively. He 2019 foot-5, 335-pounder wasn’t asked to really go after the passer for 2018 the next level.","Fotu has pretty much everything you could want from a nose tackle in the NFL. Size, length, and burst - it's all there. He still left us wanting more in the run game though on a regular basis. Utah had him reading run a lot at the line of scrimmage, and that's not where he's at his best. Fotu's best skills is his ability to shock centers and guards alike backwards at the snap. He is a born line of scrimmage mover and when asked to play high and maintain gaps he wasn't nearly as effective. There's a good chance he's a better pro than what we saw from him on the field this past season at Utah.","Fantastic first step for a nose Makes plays up and down the Extremely limited pass-rushing Moved off the ball when he Fotu is one of the most physically dominant defensive tackles in college football, but it's worth asking why he didn't...ya know...dominate. There were games where he did, but his inconsistency pushes him down our board. leki tackle. Could be deadly 1- line of scrimmage against the skillset at this point. Bull or tries to two-gap. Plays high gapper in NFL. run. Not just a space eater. push-pull. and gets out leveraged. Holds 335 pounds with ease. Rushes the passer high. Naturally enormous dude. Doesn't sink into bull-rush and is too content to play patty cake. Ideal blend of size and length Have seen motor wear down to be a dominant run defender at the NT position. towards end of games. Only played 59.4% of Utah's snaps"
"168","Neville Gallimore","Interior Def","Neville Gallimore, a native to Ontario, Canada, committed to Oklahoma as a four-star defensive tackle recruit in 2015. He received more than 25 offers and had visits with Oklahoma, Auburn, Florida State and Ohio State before he made his decision to join the Sooners. Gallimore’s high school football coach, Geoff McArthur, played wide receiver at the University of California and caught passes from Aaron Rodgers before taking his talents up north to coach football in Canada. McArthur spoke highly of Gallimore following his commitment to Oklahoma, going as far as to say he’ll “have a chance to play in the National Football League if he continues to be the same person I know,” per Jamie Long of CBC. Gallimore really has improved every year of his collegiate career at Oklahoma. His overall grade has increased each season, rising from 66.3 as a freshman in 2016 to a career-high 88.0 mark in 2019. Where he’s most notable improved is his pass-rushing ability. He recorded just 22 total pressures in 2016 and 2017 combined. SACKS including an 82.5 PFF pass-rush grade and 32 total pressures in 2019. He is one of few interior pass-rushers in this class with a 2019 and beat blocks quickly as a passing down.","For many defensive line schemes in the NFL the goal is simple: get into the backfield by any means necessary. Gallimore possesses such ability from the nose tackle position. He's one of the most athletic 300+ pounders in the draft class and can make plays sideline- to-sideline. While his pass-rushing toolbox is only scratching the surface of what it could be, we loved how much he took a step forward in that regard this past season. For a player that still looks like he's learning the position at times, grading out as well as he did is a great sign.","much power in his frame. Gallimore's offseason weight loss completely rejuvenated his game. He has one-gap penetrating nose tackle written all over him in the NFL. neville Line of scrimmage mover Ideal modern NT size. Not Rushes the passer high. Bull Ducks head into blocks and when he wants to be. Too carrying a lot of bad weight should be far deadlier than it's can lose sight of ball. been. Distinct upward trajectory in Has a nice rip to free himself Reaches with his hands grading over course of career. once on the edge of OLmen. instead of firing them in run game. Still tentative. Already proved he can handle Rush moves look forced. As if NFL-volume of snaps with 624 in 2018. executing from an instructional manual instead"
"169","Davon Hamilton","Interior Def","Tagged as a three-star defensive tackle recruit coming out of Ohio’s Pickerington Central in 2015, Davon Hamilton originally committed to Kentucky before flipping his commitment to Ohio State. He chose the Buckeyes over offers from Kentucky, Pittsburgh and Toledo. He was a three-year starter on both sides of the ball at Pickerington, where he recorded 67 tackles, 23 tackles for loss as a senior in 2014. Hamilton had a couple ho-hum years as a backup in 2016 and 2017 that didn't really make him standout from the pack on the Ohio State defensive line. It wasn't until his 357 snaps in 2018 as a redshirt junior where we started to see an NFL skillset from the big fella. That year he earned a 90.1 run defense grade, but we needed to see more than the eight pressures he collected all season long. We saw that to some degree this past season although it's still not enough to put him anywhere near the upper echelon of defensive tackles in this draft class. He racked up 20 pressures on 208 pass-rushing snaps for the Buckeyes though he only had SACKS 357 snaps in a season and only 1,053 for his career, Hamilton is a bit more difficult a projection with those small sample sizes.","Hamilton's tape consistently left us wanting more as a pass-rusher. He doesn't fit Ohio State's normal mold of undersized penetrators on the interior. He's a stout bull- rusher who was hot and cold in terms of effectiveness as a pass-rusher. His calling card at the next level will be holding the point of attack. He's done that about as well as any defensive tackle in the country that won't go in the first- round over the past couple seasons. That still has value, but not nearly enough to covet highly come April. Especially when you consider the physical advantage Hamilton should have as a fifth-year senior.","position. Plays through OL offensive lineman's shoulder Hamilton has all the tools to be a plus run-defender in the NFL. Teams that play sides with their defensive tackles will covet his ability to play anywhere between the tackles and stuff the run. davon Relishes the physicality of the Quick to reset hands and find Get-off is lacking. Not much of Favorable scheme at Ohio a penetrator. State and still only had instead of around. pads. average pass-rushing grades. Powerful upper body. Rag Bull-rush dies too often as he dolls and tosses OL to side has tendency to stand up on with ease. contact. Ideal build to play anywhere Never played more than 357 in along the defensive line. As comfortable playing NT as 3- an entire season for his career."
"170","Benito Jones","Benito Jones","The then 6-foot, 285-pound Benito Jones was considered the 49th-best player in the country, per 247Sports, coming out of Mississippi’s Wayne County High School in 2016. As a senior, he recorded 83 tackles and 14 sacks. He played both defensive end and defensive tackle in his preps career. He opted for Ole Miss over offers from Alabama, Florida State, Georgia, Mississippi State, among others. Jones is the coveted four-year starter in the SEC. He's been providing plus run defense ever since his freshman year back in 2016. That plus never quite developed into dominant though. In fact, his 64.1 run defense grade this past season was actually lower than his freshman year with the Rebels (67.6). Where he has improved is as a pass-rusher. He had a career high 28 pressures this past season - a very respectable number for a nose tackle. His 71.6 pass-rushing grade at the position though is still nowhere near the top nose tackles in college football. He simply ran too hot and cold in that regard to be in that conversation.","Jones doesn't play like your typical 329 pounder. He's just as likely to swim his way into the backfield as bully his way there. That's not always a good thing, but Jones is crafty enough to make it work. The worry is that when he was supposed to hold the point and play with power, it didn't go as well as you might expect form a 329 pounder. His middling grades do a good job of showing that dichotomy. He went to town on the likes of Vanderbilt and New Mexico State, but disappeared against Auburn and LSU. Ultimately, he offers more pass-rushing moves than most nose tackle prospects, but not so much that you'd slot him over better run defenders.","Holds 320+ pounds with ease. through double teams as a Caves in offensive linemen Surprising number of pass- Jones has an intriguing athletic profile for a nose tackle, but it's worth questioning why he didn't produce more consistently on the football field. His future is as a penetrating 1-gap nose tackle. benito Mammoth defensive tackle. Shown the ability to fight Straight-ahead player. Rarely Tires easily and starts popping gets body completely clean as straight up out of stance. pass-rusher on the nose. a pass-rusher. Inconsistent as a pass-rusher. More finesse than power vs when he gets on the side of rushing moves for a nose 12 of 28 pressures came in run than you would expect. them. Too powerful. tackle. More than just a bull. two games. Got crushed by some doubles. Already shown he can handle Rare nose tackle that can get Fell off mightily over second large workload. 627 snaps in 2018 and 2,202 for career. into the backfield vs the run. half of 2019. 55.0 grade from Week 7 on."
"171","Javon Kinlaw","Interior Def","Javon Kinlaw joined the 2017 recruiting class after a dominant 2016 campaign at Jones County Junior College. He received eight total offers from Power 5 programs, including USC, South Carolina and Alabama. While he first committed to the Gamecocks early in the recruiting process, he later decommitted to reconsider his offer to attend USC. He ultimately went back to South Carolina and recommitted, calling California “too quiet” for his taste in an interview with 107.5 The Game. He dropped from 340 pounds to an even 300 soon after enrolling at South Carolina in an effort to obtain an increased role and see the field more with the Gamecocks. Kinlaw took a significant step forward as a pass-rusher following his 2017 campaign. After playing 378 total defensive snaps and earning a 64.9 PFF pass-rush grade in his first year with the Gamecocks after transferring from JUCO, he earned 88.7 and 90.7 PFF pass-rush grades in 2018 and 2019, respectively. He’s played north of 500 defensive snaps and earned 85.0-plus overall grades in each of the past two seasons. Kinlaw totaled SACKS Among all college football interior defensive linemen with 250 or more pass-rushing snaps this season, Kinlaw ranks second 2019","I'm going to go out on a limb and say that every 6-6, 310 pounder that can match Kinlaw's length and athleticism is either a quality starter along the offensive or defensive line in the NFL. God did not make many humans with Kinlaw's physical skillset and it's the perfect one to rusher the passer along the defensive line in the NFL. What's even more encouraging is that we've seen Kinlaw do it from pretty much every alignment between the tackles you can think of. Kinlaw is going to be a PFF favorite all draft season.","Kinlaw's blend of size, length, explosiveness, and production is a tried and true winning formula when projecting to the NFL. No one is a 'sure thing' in the NFL draft, but drafting Kinlaw is a very low-risk proposition. javon Height (6-6) and length that Violent and active hands. Sloppy with hand placement. Moves feel like they are creates serious issues of Arms constantly thrashing and Attacks with wide hands too reactive instead of proactive. interior OLmen. flailing. often and gets locked up by Get off is special for a player Played out of position with Not the guy you want against Only a few pass-rushing his size. over 200 snaps at nose tackle double teams or moving inside moves. Could stand to add last year. the guards. more. Terrific lateral agility. Should Can get home via the bull-rush Top-heavy and gets off Rushes high at times. Use of be a weapon on stunts/slants. almost at will if given time. balance spot far too easily by any sort of chip or double. leverage could be better."
"172","Rashard Lawrence","Interior Def","Hailing from Monroe, Louisiana, Rashard Lawrence was a five- star recruit and the state’s No. 2 overall player in the 2016 recruiting class. He received more than 20 offers from top schools around the country, including UCLA, Auburn, Arkansas, Ohio State and LSU. Early in January 2016, Lawrence named LSU and Ohio State as his top two schools and took in-home visits with each team the same month, per Sports Illustrated. He, however, couldn’t be convinced to trade his home state for Ohio and ultimately committed to the Tigers later in the month. Lawrence has a defined area of expertise – run defense. He played just 101 snaps as a freshman in 2016, but in the three subsequent seasons, Lawrence has graded out at 75.0 or higher in run defense each year as a starter on the LSU defense. That is a mark that he has yet to reach as a pass rusher, though he did show some pass-rushing ability during the 2017 season with a pressure rate of 11.3%. Lawrence has missed some time over the course of his career, as well. The only season in which he played more than 500 snaps SACKS played 709 defensive snaps.","Lawrence is a bit of a conundrum as he attacks blocks and rushes the passer in a way that very much resembles an NFL defensive tackle, but the grading has been less than favorable to him over the course of his career. He'll legitimately put as many pass-rushing moves on tape as just about any defensive tackle in this class, but they've not been all that effective. In fact, his pass-rushing grade peaked in his first year of real playing time back in 2017. That's not a great trend by any means.","Already has a handful of pass- Took a handful of reps outside Lack of quick twitch shows up Play strength is average. Lawrence can fit in on an NFL field, but I'm not sure you'll ever see more than average play out of him. He's just fine across the board with nothing he does that's particularly special. rashard rushing moves and combos at tackles and actually got home often. Even when he wins, he Where are the dominant reps? his disposal. for multiple pressures. struggles to get body clean. Prototypical defensive tackle Pops up out of stance at the Slipped off too many tackles. body that plug into any snap. Loses leverage battle Nine misses on 48 attempts. scheme in the NFL. more often than he should. Has shown ability to win Eyes wander into the backfield Grading peaked as a outside (two handed swat), through (bull), or inside (swim) vs run and he'll get moved off his spot. sophomore."
"173","Justin Madubuike","Justin Madubuike","The 6-foot-2, 250-pound Justin Madubuike received over 25 offers from top programs around the country as a four-star recruit coming out of Texas’ McKinney North High School. He ultimately chose to stay in state and commit to Texas A&M over offers from Alabama, Auburn, Baylor, among others. Madubuike recorded 75 tackles and 16.5 sacks a senior in 2014, per Texas A&M’s official athletic site. He also competed in track and basketball at the high school level. “He’s an electric player that brings a lot of energy to what he does,” McKinney North head coach Mike Fecci told 247Sports in September 2015. “When he’s out there with our defense, there is a spark in everybody’s eyes. He’s got a magnetic personality. He raises the level of everybody around him.” Madubuike has always been a strong run-defender in his three seasons on the field for Texas A&M, recording run-defense grades of 80.0, 90.2 and 87.7. That being said, he lacked pass- rushing ability in his redshirt freshman season in 2017 but improved in that area in 2018 and 2019 by producing a two-year SACKS While over a quarter of his total pressures in that stretch were a cleanup or unblocked, Madubuike still won a promising rate of his 2019","Catch the right game for Madubuike and you see first round type of talent. Catch the wrong one and you'll see a depth piece at the next level. That inconsistency combined with the fact that he stagnated grade-wise from 2018 to 2019 makes me unsure exactly what to make of Madubuike as a prospect. The kind of leap that Jordan Elliott saw this year was what we expected from Madubuike. Still we've seen similar sort of status quo seasons from top defensive tackles prospects in the past - most notably former first-rounder Sheldon Rankins - and so we're not quite worried given the flashes of dominance.","Plus length for the position. Showed the ability to take over Agility/quickness doesn't Production stagnated from Great juice behind his hands games. 7 pressures vs Ole Madubuike failed to take much of a next step in 2019, but he was already playing at a high-level. He's a solid all-around DT with above-average athletic traits. justin match burst. OL stuck on him 2018 to 2019. Where was next as well. Miss. when he tried to cross face at step? snap Checks boxes for size and Sinks well into bull rush. Still late to fire hands and lock length to play any interior Pocket pushing threat every out vs run at times. Will let OL alignment in the NFL. snap. wrap him up. Great balance through Possible fluke, but had 12 contact. Pinballs off OLmen and stays on feet. penalties the past two seasons."
"174","Garrett Marino","Interior Def","Prior to arriving at UAB, Marino played at Montana State but left the program during his freshman year. Marino played high school football at Mission Viejo high school in Mission Viejo, California. Marino was named first-team All State and MVP of the Southern California All-Star Game. Marino received offers from Arizona State, Clemson, Oregon State and Wisconsin. Marino initially committed to Arizona State, but academics kept him from becoming a Sun Devil. A long and winding road that included stops at Arizona State (briefly and without any football), Montana State and Orange Coast College brought Marino to UAB. He was 22 years old before he ever played a down with them. Marino earned a starting role on their defense midway through that first season in 2017 as a redshirt sophomore, showing out as a run defender with a 79.2 run-defense grade in 510 defensive snaps. Marino’s 2018 campaign came with a worse run-defense grade (71.2) but improvement as a pass rusher (32 pressures), but it was his 2019 season that has given him a chance to be drafted SACKS grades as both a run defender (90.3) and pass rusher (90.6), recording pressure on 13.4% of his pass-rushing snaps.","While the tape for Marino is great, it's difficult to get over the background. He'll be a 26-year old(!) rookie next season and still needs to add strength to his frame to have a chance in the league. That's traditionally when defensive linemen peak so I'm not sure what to do with Marino because of that. His first step was quick for the CUSA, but will be nothing special by NFL standards. At that point he's no sure thing to even make a roster.","Legit first step. Can knife into Marino was a dominant college player in Conference USA this past season, but you'd expect that from a grown man. He'll be a 26- year-old rookie so I'm not sure there's much room for growth here. garrett Very undersized. Looks like a Very stiff when asked to the backfield quickly. defensive end that's been change directions. kicked inside. High motor player who is all Ducks his head into too many Will be a 26-year old rookie! out until every whistle. blocks and can get off balance. Nifty quick swim is his go-to Runs a little out of control at pass-rushing moves. times and loses sight of ball."
"175","John Penisini","Interior Def","John Penisini received little to no recruiting interest coming out of Utah’s West Jordan High School in 2015. He took his talents to famed Utah, junior college Snow College in Ephraim, Utah and blossomed into the state’s top junior college prospect in 2017. He was named an honorable mention All-Western States Football League after he recorded 40 tackles, 6.5 tackles for loss, three sacks and a forced fumble in his lone season with the Snow Badgers in 2015. When it comes to high-level production in run defense, Penisini’s name is right up there among the best in the class over the past two seasons. He did not play in 2016 and played sparingly in 2017 (102 defensive snaps), but Penisini emerged as a redshirt sophomore in 2018 with an 84.0 overall grade for the Utes. It was headlined by an 83.2 run-defense grade that improved to 90.6 this past season. Looking at all interior defenders in the class with 500 or more run-defense snaps over the past two seasons, Penisini ranks fifth in grade. His pass rushing isn’t quite as impressive, but Penisini showed some SACKS","While run defense may not have near the value that pass-rushing prowess does, it's still fun to watch someone as dominant as Penisini go to work one-on- one in the run game. The man is a technician who fires with his hands and hips in unison snap after snap. It's rare to see him lose a leverage battle single-blocked — and even more rare to see him moved backward. The surprising thing is that he wasn't simply limited to plays right in front of him, as Penisini can get moving up and down the line. He's a one-hitter pass-rusher with little bull-rush to speak of, but that's not why you're drafting him.","short, stout frame yet solid than you'd expects for a big Hands that shock on contact. Club is go-to and works vs. run Not a pocket pusher by any Penesini figures to be a stout body in the middle of any NFL defensive line. Need a run-stuffer in the mid-to-late rounds? He's your man. john Perfect nose tackle built with Flashes a little more quicks Gets washed often when gets Really only one pass-rushing moving lateral. More move (club) and not much of a length (32 7/8""). fella. comfortable working forward. counter. Knows how and when to fire and pass. means. Few bull pressures. them. Upper body and lower body Feet stick in mud vs. double Not as girthy as typical run works in unison vs. run. Great leverage. teams. He ain't going nowhere. first nose. Can get swallowed."
"176","Bravvion Roy","Interior Def","The firing of Art Briles and the related cloud that hung over the Baylor football program left the committed members of its 2016 football class with a decision – stay or go. Some, such as Auburn’s Kam Martin, decided to move on, but Roy remained committed, ultimately becoming one of the defense’s most important contributors. Roy was a consensus four-star recruit and the 36th-ranked defensive tackle in the country after his career at Spring High School in Texas. Roy chose Baylor over 12 other offers that included schools such as LSU and fellow in-state option Texas Tech. Roy won’t be coveted for his frame or arm length, but his production is up there with the best in the class. He earned an 88.4 overall grade, 85.6 PFF run-defense grade and an 83.7 PFF pass-rushing grade across 726 defensive snaps this past season. He also recorded 51 total pressures, including 30 hurries, 15 hits and six sacks. He’s earned 83.0-plus PFF run-defense grades in each of the past three seasons. It wasn’t until this past season that he earned a PFF pass-rushing grade above 70.5.","Going through all the pressures from Roy this past season, I repeatedly found myself asking ""how's he doing this?"" Roy won't win any awards for aesthetics the way he plays the game, but his raw production is up there with any other pure nose tackle in the country. That production is unlike any other nose tackle I can recall though. He's winning with spin moves. He's winning with swim moves. And rarely is he winning with pure power. His play strength though is certainly a positive part of his game. Once he gets on the side of an offensive lineman, they're cooked. Because it's so different, it's difficult to say exactly how it will work out for him in the NFL. But as far as pure nose tackles go in this class, he's in the top tier.","Roy's tendency to play high and his lack of length are going to scare away a lot of teams. We can't ignore how productive he's been over the course of his career though and improvement as a pass-rusher. bravvion Impressive quicks for a 330 When he won, it came quickly. Rushes the passer so high. Bull-rush was not nearly as pounder. Baylor had him 21 combined sacks + hits were Won't fly nearly as much in the effective as it should be. Not a rushing from standup position most among DI's in FBS. NFL. pocket collapser. at times. Abused centers from head up. Mixes in a filthy fat-boy spin Tiny arms. 30 1/8"" at Shrine Quick rip move was nearly move. Game. Shedding blocks will be unstoppable. issue in NFL. Barely came off the field. 725 Didn't lose a rep in six 1-on-1s Nose tackle only. No snaps last year. at the Shrine Game practices. positional versatility."
"177","Jason Strowbridge","Jason Strowbridge","Listed at 6-foot-4, 247 pounds, Jason Strowbridge was well sought after coming out of Florida’s Deerfield Beach High School as a three-star recruit in 2015. He fielded more than 20 offers from highly regarded schools around the country, including Florida, Kentucky and, of course, UNC. Strowbridge is yet another multi-year starter at the Senior Bowl who never quite made the next step from productive to elite college football player. After he got the starting job as a sophomore in 2017, Strowbridge earned run defense grades of 76.8, 78.2, and 82.5 along with pass-rushing grades of 65.7, 68.7, and 70.1. That type of stagnating production is always going to be worrisome with how big a leap is necessary for players going to the NFL. If there's a silver lining in Strowbridge's favor, it's that he was asked to play all over the North Carolina defensive line as you can see in the graphic on the following page. Strowbridge was at his best playing over tackles and tight ends.","Strowbridge is the type of late-round body you feel comfortable about being able to plug in as a rotational player should the situation call for it. He's vastly underdeveloped as a pass-rusher but has enough athleticism to be either the penetrator or looper on stunts. If you're drafting him though, it's for what he brings to the table as a run defender. He's likely a base end at the next level and the type of player who won't be blocked one-on-one with tight ends. He played a good deal on the interior at North Carolina, but double teams are going to be an issue with him there with his pad level.","Gifted quicks for a big fella. One hand was often enough Can get by OL in blink on for him to bring down running rushes high. Bull-rushes die content to churn legs and do Strowbridge has throwback 3-4 defensive end traits. He'll fit teams in need of base run-stuffing ends. Asking him to provide much of anything as a pass-rusher though is pushing it. jason Pops upright off the snap and Opposite of active hands. Too stunts and slants. backs. Legit grip strength. too often. little with arms. Classic 3-4, 2-gapping Far stiffer than you'd like for Cedes ground in run game far defensive end build. DL. Washed out of pass- too easily on interior. Not a rushes too easily. LOS re-setter. Large tackle radius. Knows Shown one effective pass how to stack shed and make plays in run game. rushing move (high swipe to swim)."
"178","Raequan Williams","Interior Def","Tagged as a four-star recruit by 247Sports Composite in 2015, Raequan Williams received 15 offers as a top defensive tackle recruit coming out of Chicago’s DePaul College Prep. Iowa and Michigan State were the favorites to land Williams before he officially enrolled with the Spartans in July 2015. Williams played defensive tackle, defensive end and right tackle at DePaul College Prep. The 6-foot-4, 280-pounder recorded 74 tackles, 22 tackles for loss and eight sacks as a senior. Williams has key piece to the Michigan State defensive line the last four seasons, playing a total of 2,111 snaps and being a starter in the last three seasons. His breakout season came in 2018 when he posted an 83.6 overall grade and one of the highest run-defense grades at his position at an elite 90.5. Though his pass-rushing was rather subpar, recording a 64.4 pass-rush grade. Williams improved that mark to 76.9 in 2019 and won at a rate that ranked among the top 30. He wasn’t nearly as good against the run by lowering his grade in that facet to 69.6. Regardless though, Williams’ overall performance never SACKS attempts in 2019.","Williams is your class 2-gapping 3-4 defensive end. That's not quite a role in the NFL though anymore. He plays a little too high to consistently hold up to double teams and doesn't have the burst to be a line of scrimmage mover either. At that point, he has length and solid technique. While he added some pass-rushing moves to his repertoire this season, that will never be his game in the NFL. Unfortunately, those types of players roll in and out of the NFL every year.","Textbook form in run game. Williams doesn't have the quicks or the power to rush the passer consistently in the NFL. With good not great production as a run defender, he looks like back of the roster depth. raequan Very limited athlete. Explosion, Already 23 years old. Shoots hands, locks out, agility, speed all below- sheds, makes play. average. Good combo of length/hand High-cut for NFL nose tackle placement. Keeps his body without requisite girth. clean as run defender and pass-rusher. Took step forward as a pass- Tad stiff. Struggles to bend rusher in 2019. and dip around blocks."
"179","Robert Windsor","Interior Def","Robert Windsor recorded 56 tackles, 13 tackles for loss and 5.5 sacks as a senior at Wisconsin’s Fond du Lac High School, per Penn State’s official athletic site. He also played two years of basketball and was considered a three-star recruit by 247Sports as part of the 2015 recruiting class. Wisconsin offered Windsor late in the process, but he didn’t waver with his commitment to Penn State. Windsor first saw playing time as a redshirt freshman back in 2016, but it wasn't too much to write home about. He earned a 62.7 overall grade on 323 snaps. It wasn't until the next season that the defensive tackle really showed he was a legit NFL prospect. That year he earned a 79.2 grade again in a backup role. His first experience as a starter was as a redshirt junior and he racked up 28 pressures on 311 pass- rushing snaps that season. He returned for his redshirt senior year and was on pace for a monster season before he suffered a hand injury against Minnesota. The defensive tackle finished the season with a club on that greatly limited his effectiveness. Still, he finished with an SACKS outings - most notably the Iowa game where he collected six pressures on the day.","Windsor has all the tools to be a weapon on 3rd down on the interior at the next level. The big question for him at the moment is early downs. He just doesn't have enough heft in his pants to hold up to double teams at the next level and even one-on-one at times. That limits him likely to penetrating 1-gaps teams at the next level on the interior. A move more toward the edge or at least over offensive tackles could be in his future as well. It's encouraging that he's already one of the best pocket pushers in college football despite being undersized. If he continues to add strength, he'll be a plus pass-rusher in the NFL.","Fires off low out of his stance Active hands. Continues to fire Cedes ground far too easily vs. One of the older defensive Windsor may have to transition toward the edge like former Penn State defensive tackle Anthony Zettel. He's so slight for the interior that he's likely a DPR if he stays there. Still his pass-rushing tools look like they'll translate to the NFL. robert and maintains leverage hands after he wins to keep run. When he loses leverage tackles in the class. Already through contact. body free. battle it can get ugly. 23-years old. Textbook bull-rush form. Upward progression Slight build. Listed at 285. Chance he's seen as pass- Keeps hands tight and fires in throughout career. Pass- Already 5th year so may be rusher only at next level or unison. Was arguably his go- rushing grade improved every capped out there. even moves to edge. to. single year. Great balance as a pass- Number of different pass- More dud games than you'd rusher. Pinballs off OL and keeps feet. rushing moves that he already deploys to win inside and like. Had 1 lone pressure in five games this season."
"180","Bradlee Anae","Edge Defender","Hawaii native Bradlee Anae had just four offers coming out of high school in 2016. He opted for Utah over offers from Vanderbilt, BYU and Hawaii. In addition to helping his high school team to a 13-0 record and Division I state title in 2015, Anae played basketball and competed in the high jump for the track and field team in high school, per Utah’s official athletic site. There are few edge rushers in the class that have been more productive than Anae has been over the past three seasons. After a 2016 freshman season in which Anae played just 59 defensive snaps and recorded six pressures, no edge defender in the class has recorded more pressures than his 158 since the start of the 2017 season. More promising is the progression of his pass-rushing grade over that stretch. Anae increased his pass-rushing grade from 76.6 in 2017 to 79.1 in 2018 to 88.1 as a senior, ranking 15th among all edge defenders in the class with 100 or more pass- rushing snaps. He did take a step back as a run defender in 2019, though, seeing his run defense grade drop from 83.2 in 2018 to SACKS","Anae has been one of the most prolific pass-rushers in college football over the past few seasons. I love that he's almost never come off the field for Utah's defense over that span with three straight seasons of 400+ pass- rushes. It's a lot easier to produce when always fresh so the fact that Anae had elite grades when that was not the case this past season is great for his projections. With some of the best hands in the draft class, Anae could contribute from day 1 in the league.","Active, violent hands. Dictates Versatile edge build to play terms with whoever is blocking with hand up or in dirt. You have to accept that Anae is going to be limited by his athleticism in the NFL. Non-elite athletes on the edge just bust more than elite ones. It's a fact of life, but there still comes a time on day 2 where Anae's skills should be coveted. bradlee Stiffness around the edge. Limited length for the position Washed past QB even when he with under 32"" arms. him. got separation. Ton of pass-rushing moves in Beat up two of the best tackles Not enough juice to scare OTs Well below athletic threshold his repertoire already. in Pac-12 (USC's Austin with bull-rush. you want to see for an edge in Jackson, UW's Trey Adams). the NFL. Already an every down player. Grading profile is solid, but 744+ snaps each of last three years. never been dominant."
"181","Zack Baun","Edge Defender","Zack Baun is from Brown Deer, Wisconsin, where he played both ways for the football team. As a quarterback, Baun passed for a career 3,061 yards and 27 touchdowns to go along with 3,923 rushing yards and 67 touchdowns. Baun was named state Offensive Player of the Year by Wisconsin Football Coaches Association as a senior. Baun also lettered in basketball and lead Brown Deer to the Division 3 state title as a junior. He also competed in 100m, 200m and 4x100 relay. Baun was ranked a three-star recruit by ESPN, Rivals, Scout and 247Sports. ESPN ranked him the No. 23 quarterback in his class and Scout ranked him the No. 54 outside linebacker in the class. After redshirting in 2015 and playing just 80 snaps in 2016, Baun was ready to take on a bigger role for Wisconsin until a foot injury suffered before the 2017 season caused him to miss the entire year. Though when he came back in 2018, he made an immediate impact in the pass-rush and in coverage. Over the last two years, Baun dropped into coverage 195 times and allowed just 112 yards while combining for five pass breakups and SACKS In the pass-rush during that same stretch, Baun generated pressure on 16.5% of his rushes which tied for the sixth highest 347 while producing an elite 91.0 pass-rush grade. His size is a 267 the passer and play off-ball at high level.","I've always said that being big (relative to position), explosive, and able to turn is the deadliest combination a player can possess on the football field. It's a triumvirate that the Wisconsin linebacker embodies. The only question that remains is just how big is he? Baun was listed at 230 before this season but played primarily as an edge-rusher. He showed out as a pass-rusher, but it's difficult to see any 230-pounder holding up against NFL tackles. Even if a switch to off ball is necessary, Baun still has that explosiveness and turning ability that's seen him excel when he has been asked to drop into coverage at Wisconsin.","Impressive dip/rip to win the Coverage grades over 80.0 You don't find many athletes at Baun's size who move as fluidly as he does. The majority of them are productive linebackers in the NFL. Wherever you want to line him up, I've no doubt Baun will similarly produce. zack Very undersized for the edge. Looked raw as can be in off- edge. each of past two seasons on 240 pounds. Off-ball may be ball coverage drills at Senior limited samples. necessary move. Bowl. Far more powerful than his Get off is top notch. Necessary Not a single bull-rusher Didn't breakout until Senior listed weight. Isn't ceding for undersized edge rushers. pressure this year. year. Nothing special prior. ground vs run. Does well to shrink his strike Wisconsin scheme puts him zone as a pass-rusher so OL can't get him clean. on TEs and RBs a lot as a pass-rusher pumping up stats."
"182","Oluwole Betiku Jr","Edge Defender","Born in Nigeria, Betiku was hoping to make his way to America as a basketball player. It was only when he caught wind of a football camp in 2013 that he turned his focus to the gridiron. Shortly after, Betiku had made it to the United States, living with his new legal guardian and former NFL linebacker Lavar Arrington. He we a consensus five-star recruit in the 2016 class and the 15th ranked player in the country. Betiku had over 20 offers, a list that consisted of national powerhouses. For a player that was described as having “no clue what to do with the helmets and pads he was issued” when arriving in the United States, per a Bleacher Report article, that’s an impressive ascent. Betiku ultimately enrolled at USC where he spent the first three seasons of his career before enrolling at Illinois as a grad transfer. In his first three collegiate season at USC, Betiku played just 100 snaps. As a result, he grad transferred to Illinois where he got his opportunity to start for the first time on the edge and got off to a hot start against non-Power-5 competition, but went south SACKS After recording 17 pressures on 84 pass-rush reps and an 81.1 overall grade against Akron, Connecticut and Eastern Michigan in 2019 pass-rushes and 59.4 overall grade the rest of the season. Not to 1 same stretch.","Watching Betiku's tape it's impossible not to wonder how he was ever a 5-Star prospect coming out of high- school. That ranking had to have everything with his explosiveness and little to do with how he actually rushed the passer. The senior has an awkwardness to his game that two different schools weren't able to coach out of him. While he might test well in the explosive drills (10 split, vertical, broad), Betiku doesn't have near the change of direction ability you want at the position.","an ounce of fat on this dude. There's a reason why Betiku could barely see the field at USC despite a roster that hasn't exactly put out NFL-talent on the edge of late. The feel for the position just isn't there. His best bet is to move off ball. oluwole Absolutely rocked up. Hardly Agility is poor. Looked like a Herky jerky movements. defensive tackle trying to Nothing comes natural. execute stunts. Upfield burst to worry Complete non-factor against Hesitancy to his game. Even offensive tackles. Best move is better tackles. Eight pressures his bull-rushes are tentative. bull-rush. in Big 10 play and bowl game. Only played 574 snaps in his entire college career."
"183","Edge Defender","Lsu","Chaisson only played two years of high school football at North Shore high school in Houston, Texas but was still a highly-ranked recruit. As a senior, Chaisson collected 50 tackles, 13 tackles for loss, 15.5 sacks and three forced fumbles. Chaisson was an important reason North Shore won the 6A Division I state championship as he had two sacks, four tackles for loss and a forced fumble to go along with the game defensive MVP award. In his two seasons he finished with 94 tackles, 56 quarterback hurries, 24 sacks, six forced fumbles and two interceptions. Chaisson was rated as a five-star recruit by Scout and a four-star recruit by ESPN, Rivals and 247Sports. He was ranked No. 34 on the ESPN 300. Chaisson chose LSU over Texas. The list of positives for Chaisson doesn’t include production. He rushed the passer just 146 times before his 2019 campaign and recorded 16 pressures across said snaps. And even in his career year this past season, Chaisson logged just a 78.9 PFF pass- rushing grade and 35 total pressures. He performed better as the season wore on and recorded four or more pressures in each of SACKS remains a concern when projecting him to the next level.","In six years of grading college edge prospects, Chaisson's game is unique for a number of reasons. Usually if an edge prospect is a physical freak like Chaisson, but not polished they'll dominate unathletic tackles yet disappear against better ones. With Chaisson, we never saw him take over a game. His highest pass-rushing grade this past season was a 77.9. We also never saw him disappear though. He had multiple presusres in every SEC game he rushed at least 15 times and only one truly below average grae against Alabama. He'll demolish top notch tackles only to get demolished a few plays later. It's an odd profile that we're simply going to be more hesitant on than most.","Flashes a legit speed-to-power Off-ball LB type agility. Can get Only 516 pass-rushing snaps Gets caught chasing upfield in Has some reps where I don't Wins on tape against elite Chaisson is a classic case of tools vs. production. All the skills are there for him to dominate as a pass-rusher, but why hasn't he? k’lavon move despite his size. home on stunts in a hurry. in 3-year career. run game. Needs a head of steam to Has to be outside tackles. Not know how he stayed on his tackles (Georgia's Andrew work his pass-rushing moves. the guy you kick inside. feet. Ability to play at Thomas, Texas' Samuel Not much from tight ridiculous angle. Cosmi). alignment. Holds 250 pounds easily on Consistent leverage against Really no secondary moves as Limited length. Has to swat his frame. Very explosive at that weight. the run. Every down player even at his size. a pass-rusher to speak of. Wins on contact or nothing. hands or OTs get in his pads easily."
"184","Nick Coe","Edge Defender","Coe may have been a four-star football recruit and the No. 10 player in the state of North Carolina back in 2016, but he was even better on the wrestling mat. He won two consecutive state wrestling titles, finishing off his senior season with a pin just 96 seconds into the final match per Matthews Stevens of the Montgomery Advertiser. Coe was also a first-team all-state selection at defensive end after recording 68 tackles and 15 tackles for loss as a senior at Asheboro High School. After visiting Florida State, Coe eventually chose Auburn over several other high-profile offers that included Alabama. At 6-foot-5, 291 pounds, Coe has been key player for the Auburn defensive line the past few seasons by combining to play 1,347 snaps. However, Coe never really developed or took that big step forward overall as his PFF grades in those three seasons were 66.2, 68.3 and 66.5. He was a versatile player, lining up anywhere from 3-tech to stand up outside linebacker, and while he was good in that type of role against the run (two seasons with 74.0- plus run-defense grades), he couldn’t find a whole lot of success SACKS owning a pass-rush grade in the 50.0s, and he generated just 55 total pressures on his 756 career pass-rush snaps — which forms 2019 average.","Listed at 291 pounds during the season, Coe showed up to the Combine at 280, signaling he likely wants to be considered an edge defender at the NFL level. With his skillset, it's going to be difficult for him to see the field on anything other than run downs. While his technique is consistent pressing tight ends and tackles, he's going to be a liability if singled out as the read player on options. Coe is already 22 years old and will turn 23 during the season, so he doesn't have much in the way of 'upside' to work with.","Thick lower half. Not getting With little explosiveness and poor production, Coe doesn't have much to get excited about at edge or inside. nick Slow off the line. No chance of Will turn 23 as a rookie. moved off ball. Carries 280 getting the edge in the NFL. easily. Owns tight ends in the run Turns into a hot mess when No production as a pass- game. Plays with solid changing directions. Not the rusher. Below average grades leverage vs. run. guy you want defending every year. option. Experience playing multiple Doesn't have as much power alignments inside/outside on Auburn front. as you'd expect on contact from man his size."
"185","Carter Coughlin","Edge Defender","Carter Coughlin’s dad, Robert Coughlin, played football for the University of Minnesota from 1986-90. His mom, Jennie Coughlin, played tennis for the Gophers from 1989-92 and was a three-time all-conference selection and two-time team MVP. His grandfather, Tom Moe, lettered for Minnesota in the late ‘50s and served as interim athletic director for the school from 1999-2002. Carter was destined to be a Gopher. Considered a four-star recruit and Minnesota’s No. 1 overall player coming out of Eden Prairie High School in 2016, Carter received offers from Minnesota, Ohio State, Iowa and Michigan State among three others. He committed to the Gophers in March 2015 and signed his letter of intent in February 2016. He played mostly off-ball linebacker as a true freshman but made the switch to defensive line the offseason prior to his sophomore season with the Gophers. After a stellar 2018 campaign, Coughlin failed to build on the hype and cement himself as a top pass-rusher in the 2020 NFL Draft class. He earned a 92.2 PFF pass-rushing grade across 342 pass- rush snaps in 2018, recording 52 total pressures along the way. Though he recorded another 52 total pressures in 2019, his pass- rush grade took a dip down to 80.5 because he simply didn’t beat his blocks early in the snap with the same consistency that he did a year ago. 294 grades, respectively. He played over 500 defensive snaps as a 2018 be best suited for an off-ball linebacker role in the NFL if he can’t prove he can beat NFL-caliber offensive tackles as a pass-rusher.","Coughlin's inability to threaten offensive tackles with power already shows up on his tape as an issue. That will only get worse once he gets to the NFL as any tackle worth a damn will wait out edge rushers like Coughlin and clamp down on their shoulder pads once they make a move. He has the athleticism to move to off-ball linebacker, but we don't quite know what it will look like yet. His obvious ability to defeat blocks though is a good starting point.","Twitchy off line of scrimmage. Stunt weapon with his closing Size is serious concern. Never Won't reset line of scrimmage Gets college tackles to open ability. After a couple seasons of inconsistent play off the edge, it's time to consider a switch to off-ball for Coughlin. That makes him a massive project as we've never seen him close to such a role. carter threat to bull-rush whatsoever. in run game. Possible DPR. inside door for him. Excellent change of direction. Pushed well deep past the Not the guy you want kicking Makes you think he could pocket when speed rush didn't inside to rush the passer or move off-ball. work, blowing contain. even playing inside TE. Shown the ability to corner at Length isn't great. Longer Production stagnated from the top of the pocket. tackles shut him down quickly. 2018 to 2019."
"186","Michael Danna","Edge Defender","According to Central Michigan’s official athletic site, Mike Danna ranked 15th on the Detroit Free Press Fab 50 and the Detroit News Blur Chip list coming out of De La Salle Collegiate in 2015. He was tagged as just a three-star recruit and received one offer (Central Michigan), per 247Sports. He committed to the Chippewas in June 2014. Danna’s high school head coach Paul Verska spoke highly of Danna late in his senior season, calling him a “dominant force” in an interview with the Detroit Free Press in November 2014. Danna missed five games as a senior with a broken fibula but worked hard to return to the gridiron despite already having committed to CMU. Per Danna’s father, Vaughn Danna, Mike was “drinking a half of gallon of milk a day” and taking calcium supplements in an effort to speed up his recovery. Mike was also a 3.4 GPA National Honor Society student at De La Salle. After earning an 85.8 PFF pass-rushing grade in 2017 and a 91.3 PFF pass-rushing grade in 2018 with Central Michigan, Danna transferred to Michigan ahead of the 2019 season. Against SACKS recorded just 27 total pressures across his 233 pass-rushing snaps with the Wolverines in 2019, all culminating to just a 74.7 2019","Danna's drastic splits between good and bad competition are pretty easily explainable, he's a power defensive end who's not particularly powerful. When he does have the physical advantage over the tackle he's going against, he dominates them repeatedly. When he doesn't have the physical advantage, he struggles to find a plan B. With that physical advantage being toast once he gets to the league, Danna needs to figure out that plan B.","Strength is his calling card. Never finished when rushing Loves to play the bully role. the passer. Motor runs hot all Danna can play the run and collapse the pocket a bit at the NFL level, but I'm not sure I'd ever expect more than that. The explosiveness isn't quite there for his game to translate. michael JAG athletically. Struggled mightily vs. Big 10 tackles compared to MAC game. tackles. Myriad of ways he can win as Height and length are on the a pass-rusher. Can't pin him low end for the position. down to one move. Leads with hands high into Took advantage of sloppy OTs contact consistently. Keeps leverage battle in his favor. opening door inside a ton. Rarely happens at NFL level."
"187","Marlon Davidson","Marlon Davidson","247Sports tagged Marlon Davidson as a four-star recruit and the third-best player in all of Alabama in the 2016 recruiting class. Auburn beat out Alabama to land the coveted Davidson in a heated recruiting battle. He recorded 65 tackles, 19 tackles for loss, eight sacks and four forced fumbles as a senior at Alabama’s Greenville High School, per Auburn’s official athletic site. Davidson has been starting for the Tigers ever since he stepped on campus as a true freshman back in 2016. That season though he struggled mightily to get after the passer with only 18 pressures on 365 pass-rushing snaps. That's never quite been his game though as he's always been more of a jumbo run-stuffing end, earning above average run defense grades all our years. We have seen his pass-rushing progress though, most notably from a 59.7 grade in 2019 to 83.9 this year. What's concerning is his performance against power-5 competition. He earned a mediocre 79.4 pass-rushing grade on 296 pass-rushing snaps against Power-5 schools this year. If you SACKS to 71.9 on 269 pass-rushing snaps. That's not the type of grading profile that's going to see us here at PFF be high on.","Davidson certainly looks the part of an NFL defensive lineman. With a thick build and pop in his hands, Davidson is an easy projection to see playing on Sunday's. What's not easy to see is the impact-type production. With limited burst and often only one-hitting pass-rushing moves, Davidson doesn't do a whole lot that gets you excited. Add in the fact that he might be forced to kick inside in the NFL, and you have even more question marks about how he'll play the run at the next level. One tick mark in Davidson's favor is that despite being a senior, he won't turn 22 until after the draft and has been starting ever since he was 18.","Versatile body type that lined Grown man strength. Could Looks like a mess when asked up almost everywhere on the just barrel through most to play in space. Definitely often and won't get clean even More lateral agility than you'd Davidson falls closer to the tweener side of the spectrum or defensive lineman than the versatile side. His flexibility is impressive for a bigger dude but doesn't have the burst to threaten NFL tackles. Bulking up and kicking inside looks like his best bet. marlon Gets locked into blocks too Auburn DL. college OTs. better on interior. when he sheds. Too often has one move as a Holding up against the run on think for a big guy. Crosses pass-rusher then he's done. No the interior is still a massive OL's face with ease. comboing to speak of. question mark. Rip is probably his best move Burst off the line is average as he corners very well at his size. even when just compared to interior players."
"188","Khalil Davis","Khalil Davis","Khalil Davis received five offers from Division I programs coming out of Missouri’s Blue Springs High School in 2015. He chose Nebraska over scholarship offers from Missouri and Kansas State, among others. He reportedly clocked a 4.63 40- yard dash and a 33-inch vertical at the U.S. Army National Combine. He also recorded 60 tackles, including 26 tackles for loss and 9.5 sacks all while dominating in the discus and shot put as a senior. Khalil’s twin brother Carlos Davis, who also committed to Nebraska in 2015, was the only one to finish ahead of him in the shot put and discus in the state championship finals. Just like his brother, Khalil did not play in his first season with the Cornhuskers, redshirting during the 2015 season. His progression was slower than Carlos’, as well. Khalil played just 57 snaps as a redshirt freshman in 2016. That grew to 340 snaps in 2017, 489 snaps in 2018 and a career-high 520 defensive snaps this past season. Davis really broke through in 2019, putting up a 76.1 overall grade that was over 10 points higher than his SACKS collegiate career that he recorded a pass-rush win rate (12.6%) and pressure rate (11.8%) north of 10%.","It really is amazing how similar the Davis brothers are as football players. With absurd speed and get offs, but not much else, the Davis brothers will be interesting scouting case studies. Khalil has proven more versatile than his brother over the years with snaps out wide and inside. He's shown a bit more quicks to cross up opposing offensive linemen and has made more plays the past couple of seasons as a result. Like his brother though, Khalil has shown very limited hand usage and doesn't have much in the way of a pass-rushing toolbox.","from a 300+ pounder. move. Employed often. Of the two Davis brothers, Khalil has at least shown an upward trajectory throughout his career. He's far from a finished product, but with his athleticism, he's worth a late-round flyer. khalil As much juice as you'll see High-swim was most effective Stiff trying to bend around No sink into his bull rush. blocks. Washed away too Plays higher than you'd like. easily even after initial wins. Weapon on stunts with his Tiny arms (31 1/2"") for any Balance concerns. On his face closing speed. Get into position along the defensive a lot as pass-rusher and run backfield in a hurry. line. defender. Lined up pretty much Will turn 24 as a rookie. everywhere on the Nebraska front."
"189","A.j. Epenesa","Edge Defender","AJ Epenesa was 6-foot-4 and 230 pounds as a freshman at Edwardsville High School. He would go on to letter in football, basketball and track for four years. On the football field, Epenesa was a high school All-American for three year at Edwardsville. As a senior, Epenesa collected 31 solo tackles, 26 assists, 13 tackles for a loss, five sacks and nine blocked kicks. He was selected to play in both the U.S. Army All-American Bowl and Polynesian Bowl (he was voted game MVP). Epenesa scored over 1,000 career point for the Edwardsville basketball team but he was a dominant discus thrower for the track team and set the Illinois state record as a junior with a throw of 205-11 and would earn All-American status in track as well as football. He was a highly touted recruit on the national stage and was the first five-star player to commit to Iowa since 2009. His father “Eppy” also played football at Iowa. Epenesa makes up for what he lacks in flash with consistent production. He doesn’t have the same level of quick-twitch athleticism as other top edge defenders in the class, but he SACKS and technique. In 2019, Epenesa earned an 87.8 PFF pass-rushing grade across his 450 pass-rushing snaps and recorded 58 total 2019 Minnesota, and watch Epenesa work.","Epenesa not being as efficient on an every down role was to be expected given his size and the way Iowa's defense plays run first. He didn't get to work the same move sets that saw him dominate in 2018 as regularly this year. That doesn't particularly worry me given we saw it at such a young age. Epenesa has the length, power, and versatility to be an every-down player in basically any scheme. In a fairly weak edge class that should be coveted early.","moved one-on-one if he Doesn't have leverage issues There hasn't been a true power end prospect like Epenesa in quite some time. He won't have the burst or agility of other top prospects, but he's got an elite physical skill set for the position in his own right. a.j. Prodigious size. Won't be Sinks hips into contact. Burst is nothing for the edge Bad habit of attacking with his position and will have to win head/shoulders before his doesn't want to be. many taller defensive linemen edge with technique. hands. have. Violent hands and is too Still produced as pass-rusher Long-arm/high swat is go-to powerful for college OL. in run-read heavy Iowa as pass-rusher, but doesn't Ragdolls OL when gets hands defense. have many other refined inside. moves. Fluidity and flexibility that is Keeps body clean versus both Efficiency took a big step back special of for a man his size. run and pass leading to large tackle radius. in first season as full-time player in 2019."
"190","Tipa Galeai","Edge Defender","Galeai earned Texas District 7-6A first-team honors at Trinity High School and started his collegiate career at TCU, choosing the Horned Frogs over offers from 14 other schools. But he was dismissed from the team after two seasons. Per Ryan Osborne of the ""Fort Worth Star-Telegram,"" Galeai was charged with misdemeanor assault after chasing two students into a campus dorm and punching one of them in the face and body 21 times. After that dismissal, Galeai enrolled at Utah State where he has played each of the past two seasons after redshirting in 2017. After spending a couple seasons with the TCU Horned Frogs in 2015 and 2016 and having minimal success on his limited reps (just 16 pressures on 176 pass-rush reps combined), Galeai transferred to Utah State where he had solid production. In his two years with the Aggies, Galeai posted overall grades in each year that were above the 80th percentile at his position. Galeai developed greatly as a pass-rusher with his new team, posting a two-year pass-rush grade of 86.2, win rate of 17.7% and pressure rate of 16.7%. He also dropped into coverage 139 times SACKS intercepting two and breaking up another.","Galeai is one of the most frustrating evaluations on the edge in the entire draft class. He offers so much to like when projecting to the NFL. He has ideal length, great hand usage, advanced rush moves and plus quicks. One thing he doesn't offer at all, though, is power. At only 235 pounds, Galeai simply can't play in the NFL at that weight. He'll be a liability against the run and already was at times for Utah State. He'll also never bull-rush an NFL tackle at that weight. Galeai's entire evaluation comes down to whether or not he's capable of packing on 15-plus more pounds of muscle and how long that will take him.","Tall with long limbs. Ideal for Knows how to set up OTs. Galeai has to get stronger to play in the league. He can't be on the field on any possible run down at the moment. Already a redshirt senior, it's worth wondering whether that ship has sailed. tipa Too skinny to play every down Stopped in tracks on bull- the edge. Switches up pacing of his on edge in NFL. Looks like a rushes or penetrating on rushes well. WR. stunts. Short area quicks are Gets to his counters quickly if Not nearly as explosive as Taken off the ball by tight ends devastating. OL couldn't even first move is shut down. you'd like to see for an in the run game. touch him at times. undersized rusher. Bendy on the edge. Plays Production stagnated from through contact better than his weight would suggest. 2018 to 2019."
"191","Jonathan Garvin","Jonathan Garvin","Garvin came from a basketball family. His father and mother both played the sport collegiately; two of his sisters had an impressive basketball track record, and Jonathan Garvin himself was dunking by the eighth grade, per a feature in The Athletic. Garvin’s heart was in football, however, and he applied his athletic ability there on his way to becoming a four-star recruit and the No. 36 player in the state of Florida from the 2017 recruiting class after setting his school record with 18 sacks in his final season at Lake Worth High School. Garvin ended up choosing Miami over Clemson and their recruitment by Brent Venables. Garvin was an above average run-defender in his first season starting for the Hurricanes in 2018, producing a 77.8 run-defense grade. His pass-rushing, however, was far from polished. Garvin had just a 10.7% pressure rate which ranked 108th among edge defenders. In 2019, Garvin improved in this facet by posting a pressure rate 4% higher than the year prior and 88.2 pass-rush grade which ranked 18th. That being said, there were a handful of games in which Garvin went up against better offensive tackles SACKS 2019 came from one single game against Central Michigan in Week 4 when he came away with 11.","Garvin's tape continuously left me wanting more. You see the body type, the hands, the flexibility and wonder why he's not putting these offensive tackles in the quarterbacks lap every play. While he graded out well on the season, he pulled disappearing acts against pretty much every legit tackle he faced. With the traits he has, Garvin could have seen his draft stock skyrocket with any modicum of success his senior year. Simply putting forth a more consistent plan as a pass-rusher would be a massive change for Garvin. We never got to see that though and as such it's difficult to buy into putting it all together in the NFL.","Flexibility to sink hips into bull- Graded out as a pass-rusher Garvin is a young, productive edge defender, but comes with serious concerns about his effort and explosiveness. Low motor and low juice doesn't quite work in the league. jonathan Long-limbed and plays with Not even 21 years old yet and Burst is average. Poor Almost a quarter of his hands first. Wins first contact already producing at a high compared to undersized pressures in 2019 came in one battle. level. edges. game vs. Central Michigan. Motor is big question mark. Pops straight up out of his rush. Pop isn't great but can well way back as a true Some uninspired pass-rushes. stance. No urgency to his win late with it. freshman with 83.9 pass- rushes. rushing grade. Ability to turn the corner is One move kind of pass-rusher. impressive for taller edge. Majority of wins to the outside. No comboing."
"192","Trevis Gipson","Trevis Gipson","Trevis Gipson didn’t have a significant following until he transferred to Texas’ Cedar Hill High School for his senior season. He had drawn interest from some Big 12 schools, but the only offer he received was from Tulsa. His brother plays professional basketball in Finland. His mom ran track at North Texas, and his dad played basketball at Texas. According to Joey Johnson of Tulsa World, “after arriving at 205 pounds as a freshman, Gipson has packed on more than 50 pounds in three years.” Gipson had a very slow start to his college career at Tulsa. After redshirting in 2015, he saw a grand total of 125 snaps in 2016 and 2017. He immediately impressed though in his first season as a starter in 2018. That season he continually made impact plays against the run, finishing with 30 run stops (ninth-most among edges in the FBS) and an 88.7 run defense grade. That season he was much more of a traditional edge player than he was this past year when he kicked inside on tite fronts a lot more often in Tulsa's defense. That makes his breakout as a SACKS pressures in 2018 to 41 pressures this past season despite a similar number of pass-rushing attempts. That continual 2019 necessary for him when he gets to the NFL.","Gipson is somewhat of an oddity in that he deploys a bunch of different pass-rushing moves, but none are entirely polished at the moment. His best move is a simple fake punch and dip that was deadly against college tackles with his bend but will be more difficult to execute against more patient NFL tackles. Hs combination of flexibility and athleticism is rare to see at Supremely flexible. Sinking his the position though and it's extremely encouraging that he's already producing elite grades in a less than favorable scheme at Tulsa that saw him contain rushing a ton. While he played inside a bunch there, his best position is on the edge at the next level.","Put in bad situation to win by a hips into contact comes easily. lot of 3-man rushes and inside Very much looks the part from Has a number of different If you're drafting Gipson, you have to be willing to treat his rookie season as somewhat of a redshirt year. He's not quite ready but has flashed all the tools necessary to rush the passer in the NFL. trevis Attacks with hands low. Gets locked up way too often Almost always loses the first and is awful at getting OL's Some crazy bendy reps. alignments at Tulsa. contact battle. hands off of him. Thin base. Not much juice in Attacks head down in run a size/length perspective. moves to both inside and his lower half. game. Can get taken off outside that he at least tries. balance. Massive leap in production Pass-rush moves look like he's from junior to senior year. executing them out of a manual. Little rhyme or"
"193","Jon Greenard","Jon Greenard","Coming out of Georgia’s Hiram High School as a three-star recruit, Jonathan Greenard was ready to commit to Mark Stoops and the University of Kentucky as part of their 2015 class, per the Athletic. A delay in their acceptance of his commitment resulted in the 6-foot-4, 220-pound Greenard instead committing to the cross-state Louisville and defensive coordinator Todd Grantham, who he re-joined at the University of Florida as a transfer for the 2019 season. As a senior at Hiram, Greenard was named the 5- AAAAA Region Defensive Player of the Year behind 43 tackles and seven sacks. Greenard had had a solid career at Louisville before a wrist injury kept him out in 2018. He was voted team captain that season after earning an 82.1 run defense grade and 66.5 pass- rushing grade in 2017. It's safe to say though that we did not expect to see the breakout we did from Greenard in the SEC this past season. He earned run defense and pass-rushing grades over 87.0 en route to a 90.4 overall grade. He missed some time in the middle SACKS concerning how big of an outlier that production was from the rest of his career, but he was two years removed from the last 2019","Greenard started off this past season as one of the hottest names in the draft world. His opening night performance against Miami was utterly dominant. He went from a virtual unknown after his time at Louisville to a possible first-rounder overnight. What we didn't quite fully grasp at the time was just how terrible the tackles he was beating up that night were. He wouldn't be the last player to look like a first-rounder against them. When we saw him go up against better tackles in Auburn and Georgia he was locked down. He lacks the bend to get around the edge with any consistency.","Some of the best hands in the Has kicked inside in the past country. Consistently in and still been effective. control of the interaction. Greenard's inability to get around the edge against better tackles drops him down our board. You better have some straight-line explosiveness if you can't win the edge and Greenard is nothing special in that regard. jonathan Burst leaves a lot to be Game-to-game consistency desired. Not his game. was poor. Disappeared against Georgia and Auburn. Natural feel for setting up OTs Effective on high-volume. Pushed deep of QB too easily Injury history missing all of in his rush. Uses hesitation Played 60+ snaps in 4 games even when he's swatted OTs 2018 and some time this past moves extremely well. this year. hands away. year. Very disciplined against the Outside moves are seriously run. Sets a hard edge. lacking at this point. Best rushes are inside counters."
"194","Y. Gross-Matos","Edge Defender","Yetur Gross-Matos was considered a four-star recruit by 247Sports coming out of Virginia’s Chancellor High School in 2017. Listed at 6-foot-5, 235 pounds, Gross-Matos received offers from Penn State, Clemson and Alabama among 17 other programs. He committed to the Nittany Lions and signed his letter of intent a year later. Gross-Matos wore No. 55 at the high school level to honor his late brother, Chelal, who died from a lightning strike when Yetur was just a toddler. Chelal wore No. 5 in Little League Baseball. “[Chelal] really applies to everything I do,” Yetur said in an interview with John McGonigal of the Centre Daily Times. “If I ever think about giving up on something, he just motivates me.” We needed to see more out of Gross-Matos as a pass-rusher in 2019. In the two years prior to his past season, he had pass-rush grades that failed to eclipse 70.0 and combined to have a 13.4% win rate and 9.5% pressure rate. He certainly stepped up his game in that facet by recording an 81.8 pass-rush grade and improving his win rate by over 5%. SACKS was just 85th in that category in 2019. Gross-Matos was an above average pass-rusher this past season, but never quite 2019 him to be.","Gross-Matos has the physical tools of an NFL edge defender, but his tape leaves you wanting more. There's some nice long arms, some nice swim moves, some nice reps against guards on the inside, but 'some nice' ain't worth a first round pick. Where's the highlight reel reps? Where's the unblockable games where he was the best player on the field? While you can forgive a true junior forgive a true junior for being raw, it's worth noting that he'll already be 22 by draft day.","length, size, and flexibility. around offensive lineman is There's an awkwardness in the way Gross-Matos rushes the passer that's tough to ignore. His lack of dominance despite dominant tools gives us pause. yetur Traits you can't teach. Rare His ability to slither under and Game looks like it's moving Tries to run straight through too fast for him. Tick slow to OTs instead of exploding into impressive at his height. react. them. Crazy power behind his hands. Limbs flail wildly with little aim Balance is all over the place. Threw Iowa LT Alaric Jackson or purpose. Will end up on the ground to ground. untouched. Some of his best pass-rushes Will flash for reps, but yet to came from the interior. impress for a whole game."
"195","Alex Highsmith","Edge Defender","In an interview with the Charlotte Observer, Highsmith’s dad – Sam Highsmith – said of his son coming out of high school, “He was literally a late bloomer. And he was a little overweight and had no real speed.” Highsmith did not even have a ranking on recruiting sites, and the only offers Alex had coming out of high school were to several FCS schools, including Davidson and Furman. Given that lack of interest, he walked on to the Charlotte football team, earning a scholarship there eventually with his play on the field and eventually earning all-conference honors in his final two seasons with the team. Highsmith was a relatively solid role player in his first two seasons with Charlotte back in 2016 and 2017, posting overall grades of 68.0 and 73.6. He then broke out in 2018 when he was a starter for the 49ers, posting the highest run-defense grade at his position. As a pass-rusher, Highsmith still had room to improve and he did just that in 2019. His 91.4 pass-rush grade tied for the sixth best in the country and 16 sacks tied for the second-most. SACKS Teams may fall in love with that lofty sack total but remember, half of those 16 sacks came against Gardner-Webb and Old 2019","While Highsmith has graded out excellently in recent years for Charlotte, the level of competition played a massive factor in that. He was beating up some rough offensive tackles this past season en route to his elite pass-rushing grade. The worry is that many of Highsmith's moves were predicated on his athletic advantage over the tackles he was facing. His rip move and inside swipe had little to do with his technical prowess and far more to do with the offensive tackle he was facing. Highsmith isn't so athletic that he'll be able to get by that way in the league. With how much he's improved over his career though, there's reason to think he'll continue to refine those moves to an NFL-level.","Agility was just too much for Former walk on who was high Very thin lower half. Any sort Will turn 23 before rookie Highsmith has some intriguing tools to work with and has come a long way since he was a walk-on, but he wouldn't be able to hang on an NFL field if he had to play tomorrow. He's got a ways to go, but he was a long shot to even make it this far. alex most tackles. Bouncy edge school middle linebacker. of power moves tend to die on season. rusher. contact. Two-hand swipe is go-to. Didn't play pure edge until Bend average for an Type of pass-rusher that Timing can be inconsistent, senior year and went from 4 to undersized edge. Rip was decides moves before snap. but deadly when timed well. 16 sacks. ineffective against better Not much adjusting on fly. tackles. Speed to threaten edge then Showed well in the Shrine Bowl Rough level of competition. 16 has crafty spin move to win back inside. one-on-ones winning 2/3s of his reps. pressures came against Gardner-Webb & Old Dominion."
"196","Trevon Hill","Edge Defender","Trevon Hill received 14 offers from around the country as a four-star recruit coming out of Virginia’s Salem High School as a four-star recruit in 2015. He committed to Virginia Tech in June 2014 and signed his letter of intent to the Hokies in February the following year. Hill was dismissed from Virginia Tech three years (30 games) into his Hokies career following the team’s loss to Old Dominion “for not upholding the high standards that we have for our student-athletes at Virginia Tech,” per coach Justin Fuente. Graduating from Virginia Tech in May 2019, Hill signed with Miami (Fla.) as a graduate transfer this offseason. Hill started out his collegiate career with Virginia Tech and was a role player in his 2016 redshirt freshman season. He saw marginal success in the pass-rush, producing just a 66.4 pass- rush grade and it didn’t get much better the following year as the starter. Hill’s pass-rush grade that year sat at just 70.2 and was generating pressure on under 10% of his pass-rush reps. He got off to hot start in his first three games of 2018, forcing 14 total pressures (eight of which were a sack or a hit) and recording an SACKS program, Hill didn’t see the field again in 2018. He then transferred to the Hurricanes where he recorded a good not great 2019","Hill had a very intriguing few games before he was kicked off the team at Virginia Tech in 2018. He flashed some dip/rip ability to the edge and some bend that you need to succeed in the league. The competition he did it against was fairly rough and we were excited to see what he could do with Miami this season. The answer unfortunately was not much. Even with some fairly rough tackles on his schedule, Hill failed to dominate or even produce at a quality level.","edge. Hit some absurd angles plays in run game on other Hill is old, undersized, and not particularly productive. Even with some plus athletic traits, that's a tough combination to overcome when projecting to the NFL. trevon Gorgeous bend around the Terrific lateral agility. Made Hands stall after first move. Older than almost all of the top Not many late wins. prospects. last year. side of the center. Flashed speed to power at Was not good at all when Put some low effort reps on times. Enough length and asked to kick inside. Not his tape despite adequate rest. explosiveness to pull it off. game. Solid balance for his size. Able Kicked off the team at Virginia Very undersized at listed 238. to fight through contact and stay on feet. Tech. Not going to work on edge in"
"197","Anfernee Jennings","Anfernee Jennings","A consensus four-star recruit in 2014, Anfernee Jennings committed to Alabama, in March 2014. The Dadeville, Alabama native had other offers from prestigious programs (e.g. Georgia, Mississippi State, Clemson), but his only official visit was in Tuscaloosa. An All-State selection by the Alabama Sports Writers Association in 2014, Jennings logged 170 total tackles, 14 sacks, nine passes defensed and two forced fumbles as a senior at Dadeville High School, per Alabama’s official athletic site. He also had 171 total tackles and seven sacks in his junior campaign. After an impressive sophomore campaign in a limited role in 2017 that saw Jennings produce 41 pressures on only 200 pass- rushing snaps, we had high hopes for the Alabama edge defender heading into 2018. Unfortunately, he took a step back after an injury and only managed 36 pressures on 130 more pass-rushing snaps. Back fully healthy in 2019, we finally got to see what Jennings was fully capable of. The redshirt senior earned run defense and pass-rushing grade over 88.0. He was fairly consistent in his SACKS game this season.","Jennings never looked fully healthy in 2018 after an injury suffered in the playoffs a year prior. He was back to his best this past season bullying opposing offensive tackles. While athletic traits aren't everything in the NFL, you better be elite at everything else if you don't have them. Jennings limitations athletically are very worrisome when projecting to the NFL with how up and down he's been over the course of his career. Much of his success this season can be chalked up to the physical advantage of being a redshirt senior brings. I'm not sure there's much room for improvement at the next level.","Jennings’ lack of burst off the edge is going to keep him low on our board. His middling production down the stretch in SEC play isn't doing him any favors either. anfernee Personifies 'one arm is longer An unbelievable 11 batted Get-off doesn't challenge the Played 3-4 OLB at Bama, but than two'. Almost his entire passes last 2 seasons. Hands edge the way you'd like from not someone you want game is built around long arm. go up if he's not getting home. smaller defender dropping into coverage. Unsurprisingly a technician in Can adjust his rush on the fly. Not a space player. Looked Snap jumper. 10 penalties last run game. Hand placement is Stops on dime for inside uncomfortable playing year. spot on. counter. options. Was forced into a lot of Massive bounce back year in Too many stumbles after he contain rushes, but had crafty inside spin when given chance. 2019. Looked like different player. sheds blocks. Doesn't look 'clean’."
"198","Azur Kamara","Azur Kamara","Born in Ivory Coast, Kamara grew up playing soccer, and he didn’t begin playing football until his freshman year of high school. Despite recording 106 tackles and 25.5 sacks in his senior season at Central High School in Arizona, Kamara began his collegiate career on the JUCO route where he played at Arizona Western College for his first two seasons. He improved his stock there with 12.5 sacks in his sophomore year to the point that he had several Power 5 offers to choose from, ultimately choosing Kansas after visiting Iowa State, Louisville and Oregon State. Kamara wasn’t quite able to replicate his JUCO success at Kansas. He wasn’t terrible by any means in his first season with the Jayhawks in 2018 recording a 72.0 overall grade in his limited role. Kamara just couldn’t take advantage of his one season as starter in 2019, lowering his overall grade to 59.6. He was a rather poor run-defender as had just a 54.8 run-defense grade and an average at best pass-rusher. Kamara ranked 140th among 298 qualifying edge defenders in pass-rush grade and saw almost half SACKS","Kamara is simply a freakishly built athlete who looks like he was just dropped onto a football field recently. If you're looking for any sort of polish, you came to the wrong guy. He has interesting traits projecting to the next level with his length and burst, but he's so skinny and unrefined at this point that I don't know what you would do with him. His best chance is to catch on as a special teamer.","Straight line burst is legit. Can Kamara offers some special teams value off the bat, but he's a huge project with an uphill climb to ever seeing playing time in the league. azur Build closer to that of a wide No hand usage to speak of. chase down running backs receiver than NFL edge rusher Just charge ahead. downfield. last year. So thin. Extremely long limbed. All legs Pass-rush moves like as if he's and arms. just making it up as he goes along. Plays high in space. Doesn't move like an athlete."
"199","Khalid Kareem","Edge Defender","Khalid Kareem, a four-star recruit listed at 6-foot-4, 260 pounds coming out of Michigan’s Harrison High School, first committed to Alabama in June 2015. He, however, decommitted from ‘Bama in October 2015 and took an official visit to Notre Dame three days after the announcement. He committed to the Fighting Irish just days after his trip to South Bend and enrolled in January Kareem earned first-team all-state honors from the Associated Press and was named the 2015 MLive Detroit Defensive Player of the Year following his final year at Harrison (2015). He recorded 56 tackles, 36 tackles for loss, 16 sacks and forced five fumbles that season. Kareem's real breakout didn't come until his junior year in 2018. Many Irish defenders took big steps forward en route to a playoff appearance with Kareem being chiefly among them. He earned a 79.3 run defense grade and 80.8 pass-rushing grade that season in a solid all-around performance. Kareem returned for his senior year looking to build upon that SACKS identical grades in run defense and as a pass-rusher.","Kareem is NFL-ready from a physical and technical aspect. You could plug him into just about any scheme in the league tomorrow and he wouldn't look out of place. That being said, we're not drafting solely for competency, we want quality as well. Kareem's lack of top-end burst combined with his already leveling off production has us worried though. He'll be a starter in the league, but we're not sure he'll ever be an impact player as a pass-rusher.","Long-arm bull-rush is his go-to. Plays with consistent Works a number of moves off leverage. Line of Kareem is the definition of 'solid if unspectacular'. The amount of 'wow' reps on his tape are few and far between. The amount of poor ones are just as infrequent though. He'll be a hard edge setter and pocket pusher in the NFL. Didn't flash many other ways Not the focal point on Notre to win as a pass-rusher Dame defensive line and still of it. scrimmage mover. besides bull-rush. had unspectacular production. Can play anywhere along the Athleticism is average to defensive line of scrimmage below-average for the position and has for Notre Dame. in the NFL. Locks out arms routinely to Lacked dominant keep OTs off him and set hard edge in run game. performances. One pass- rushing grade over 80 in his"
"200","Terrell Lewis","Edge Defender","Terrell Lewis played high school football at St. John’s in Washington D.C. before heading to Alabama. As a senior, Lewis had 42 tackles, 21 tackles for loss, nine sacks and two forced fumbles. Lewis was selected for the 2016 Under Armour All- America Game and the D.C. Gatorade Player of the Year. Rated as a five-star prospect by Rivals and ranked No. 20 in the Rivals100. 247Sports also rated him as a five-star prospect and he ranked No. 23 in the Top247. ESPN ranked him No. 47 in the ESPN 300. Lewis chose Alabama over Florida State, Maryland, Mississippi and Penn State. Cracking the field as a defender for Alabama isn’t easy to do, and it becomes even harder when you suffer multiple significant injuries as Lewis has. He played just 54 defensive snaps as a true freshman in 2016 but flashed when on the field with an 89.1 overall grade and eight pressures in 34 pass-rushing snaps. He returned in his sophomore season with an overall grade of 77.3 in 148 defensive snaps, a season that was significantly shortened by an arm injury that caused him to miss 10 games prior to SACKS After a knee injury forced him to miss the entire 2018 season, Lewis returned for the largest role of his career in 2019. He 2019 in 259 pass-rushing snaps. Lewis’s pressure rate of 19.8% this - 100 or more pass-rushing snaps.","We have been fans of Lewis' game ever since he showed out in limited playing time way back as a freshman in 2016. Undersized then, Lewis has added enough strength to his frame to legitimately stick at edge rusher in the NFL. He's no hard edge setter, but that's not what we're looking for here at PFF. He has juice and length that he knows how to use in tandem. While only around 250 pounds, he still threatens with the bull-rush and keeps offensive tackles honest. We'd just love it if that production was more consistent against the better tackles he faced in the SEC.","Flexibility that's rare for a 6-5 Stops on a dime for his inside extremely low into his long- terrific. Lewis has all the traits to rush the passer in the NFL, but he doesn't have much of a 'trump card' in any one aspect of his game. That showed in his splits against better tackles he faced this past season. terrell History of injuries. Limited to Worth questioning if he'll ever edge defender. Sinks counter. Lateral agility is only 685 career snaps. threaten with a bull-rush at the next level at his size. arm rushes. Uses his length to keep Ability to play true 3-4 OLB and Power is lacking. Well timed Tapered off mightily down the offensive linemen away from cover in space. punch from OL can stop him in stretch after a hot start in his pads. his tracks. 2019. Undersized, but has a thick One year removed from torn lower half."
"201","James Lynch","Edge Defender","The path to Baylor wasn’t straightforward for the 6-foot-4, 285- pound defensive tackle out of Round Rock High School in Texas. In an interview with SicEm365 following his commitment to Baylor, Lynch said, “Baylor was the first school I saw and visited and really wanted to go to.” Lynch ended up committing and de- committing to two schools – TCU and USC – before the Baylor offer came, though, prompting Lynch to switch his commitment a second time. He was current Panthers’ head coach Matt Rhule’s first visit as the coach of Baylor. In high school, Lynch was listed as the 47th-ranked defensive tackle by 247Sports after being named the District 13-6A Defensive Lineman of the Year following his senior season. It’s quite remarkable how well James Lynch played on the edge given he’s flirting with 300 pounds. In 2017 and 2018, Lynch played up and down the line and was a strong run-defender when playing on the inside but couldn’t get anything cooking the pass- rush. With an emphasis on playing on the edge in 2019, we saw his pass-rushing come to light. Lynch produced an 81.6 pass-rush SACKS 15.7% pressure rate ranking in the top 25. He’s more likely to play on the inside in the NFL though, so there is some risk involved.","At 295 pounds, Lynch is a throwback still playing on the edge. In college you see more 220 pounders playing his role than 290 pounders, but there's reason to think he could still see snaps there in the NFL. The first is because he was damn good at it. Lynch employs a fairly consistent bull-rush when he's fresh and is creative as a hands fighter. More realistically though he'll be kicked inside at the NFL level although he was far less effective there. He was at his best when able to build up a head of steam as he struggled when offensive linemen get their hands on him quickly. With how much we've seen him improve in his three-years at Baylor though, we're not writing him off there by any means.","Iron man with high motor. His Naturally thick build with Length is very limited. Not the One-year wonder. Had 34 862 snaps were most of any weight even distributed defensive lineman in country. throughout frame. Lynch is firmly a tweener. He's undersized for the interior but lacks ideal length/burst for the edge. He doesn't have high-ceiling physical tools, but he's powerful enough to add plus run defense and pass-rushing ability at the next level. james type of defender who can hold pressures in his career before offensive linemen at bay. 70 in 2019. Combos moves well. Won Doesn't let OL keep hands on Win rate on interior nowhere Will get terrorized on edge vs. routinely with late inside spin him for long. Active, strong near edge. Only 64.8 pass-rush option runs. 15 missed tackles as he was getting pushed past hands. grade on 143 interior snaps. on 45 attempts last year. Fires off low and plays with Weapon as the penetrator on Burst is lacking. Wouldn't even consistent leverage. Line of scrimmage resitter. stunts. OL struggled to handle his raw power. be terribly especially compared to interior players."
"202","Larrell Murchison","Edge Defender","According to NC State’s official athletic site, Larrell Murchison was a three-year starter at fullback and defensive end for North Carolina’s East Bladen High School. He rushed for 545 yards, five touchdowns and totaled 83 combined tackles as a senior. He didn’t receive a ton of interest coming out of high school, however, and opted to Louisburg College, a community college in North Carolina. In two years at Louisburg, Murchison developed into a three- start JUCO product with offers from Houston, Ole Miss, Texas, Georgia and NC State. Murchison came over from junior college and immediately became a stalwart in the middle of the NC State defense. On 540 snaps in 2018, Murchison offered plus play as both a run defender (76.9 grade) and pass-rusher (73.9). That was nearly the same guy we'd see this past season though as Murchison's pass- rushing grade actually took a step backwards to 65.3. A good deal of that can be attributed to nearly full-time 3-technique in 2018 to far more head up alignments in 2019. He's not the first SACKS good deal to prove at the Senior Bowl in Mobile.","There's not much flash to Murchison's game, but there's not much bad either. He was one of the most reliable run defenders in the country and can hold his own anywhere along the line of scrimmage. Listed at under 300 pounds, that's pretty impressive. Ideally, he bulks up and leans into that aspect of his game to be a dominant force against the run. While he didn't grade out well as a pass-rusher, he's not completely a lost cause in that regard. There were far too many uninspired reps on his tape, but every now and then he'd string together some moves that will make you say 'oh'. Getting him a more favorable pass-rushing role than 0-tech nose tackle will help in the NFL.","Knows how to use his length. Played out of place on the Overall athleticism is middling. Consistently failed to wrap up. Above-average flexibility for a Plays with excellent leverage Pass-rushing moves too often Pass-rushing grade went Murchison hasn't put it together as a pass-rusher yet, but he has the flexibility to improve in that regard. He should be able to stuff the run though up and down the line of scrimmage as a late round option. larrell Great hand placement to gain edge for over 100 snaps this Not great considering he's an 16 misses on 79 career tackle control of blocks. past season. undersized defensive tackle. attempts. defensive tackle. Can get low versus the run. Double teams look like they're in slow backward from 2018 to 2019. when he wants to. didn't even phase him at nose. motion. No urgency getting to Looked comfortable playing Disappeared down the stretch any alignment between the tackles. with six pressures in his last eight games."
"203","Julian Okwara","Edge Defender","Julian Okwara moved to the U.S. from Nigeria as a third-grader, per Notre Dame’s official athletic site. Coming out of Charlotte, North Carolina’s Ardrey Kell High School in 2016, the 6-foot-4, 220-pound Okwara was labeled as a four-star recruit and received more than 21 offers, including the likes of Notre Dame, Clemson, Georgia and Michigan. Julian ultimately followed in his brother Romeo Okwara’s footsteps and committed to the Fighting Irish in April 2015. Romeo signed with the New York Giants as an undrafted free agent in 2016 and now plays for the Detroit Lions. Okwara first started seeing meaningful snaps for Notre Dame as a sophomore back in 2017. He capped off that season with a one sack, five hurry performance against LSU in their bowl win that would be a sign of things to come. He broke out the next season with 61 pressures - the sixth most in college football. That season ended on a low note compared to the year prior though as Okwara left the Clemson playoff game with an undisclosed injury. He would return for his senior season in which he continued that SACKS Duke shut him down for the rest of the year.","Okwara is an interesting prospect for a number of reasons. The first being his pure athleticism. At his listed 6-4 1/2 and 248 pounds, he moves more like a tight end or wide receiver than an edge defender. The second is that even though he's undersized, his bull-rush is his go- to pass-rushing move. That's a very interesting combination, the likes of which you rarely see from a college prospect. It's also one that we'd bet on translating to the NFL - especially since it's already translated to the college football field.","Okwara has the special athletic profile that you bet on at the edge position. He might not have the consistency yet, but he was never completely shut out or overmatched in 2019. julian Explosive off the line of Movement skills to play off the Could be seen as a DPR in NFL Not only undersized, but often scrimmage. Forces tackles ball and drop into coverage if at under 250 pounds. doesn't look terribly interested deeper out of stance than need be. in taking on blocks vs run. they'd like. Tall with long limbs. Ideal build Bends like a wide out. Uses Little positional versatility. Has Late bloomer with little to rush the passer at the next nice subtle rip and OTs to be free off the edge to work production to speak of before level. struggle mightily to wash him his moves. 2018. past QB. Knows how to convert speed Flashes reps where he moves Struggled to finish plays. 17 Leverage is so inconsistent to power. Bull-rush is already one of his best moves. the line of scrimmage in the run game. missed tackles on 64 attempts past 2 years. and he's often late to read blocks."
"204","Malcolm Roach","Edge Defender","While coached by his father Mike Roach at Louisiana’s Madison Prep Academy, Malcolm Roach developed into a three-star recruit with a ton of interest from Division I programs around the country. He received more than 20 offers and took visits to South Carolina and Texas before committing to the Longhorns in 2015. Under his dad’s tutelage at Madison Prep, Malcolm recorded 143 tackles, 14.5 sacks and 12 additional tackles for loss en route to multiple state and league honors as a senior. He also competed in shot put and discus at Madison Prep. It didn’t take long for Roach to make an impact on the Longhorns’ defense. As a true freshman in 2016, Roach was the highest-graded true freshman edge defender in the FBS at 78.8 overall on 473 defensive snaps, headlined by an 84.5 grade in run defense. Texas pushed him more toward the interior the following season, and his production took a hit. Roach picked up just a 64.7 grade in 2017 with a 57.5 grade as a pass rusher. The Longhorns then tried Roach as an off-ball linebacker to start the 2018 season but quickly shifted him back tow edge defender, where he SACKS snaps. Roach came back at edge this past season and returned to his freshman form. His 30 pressures matched what he put up 2019 year career.","You see a rep every once in a while with Roach that makes you open your eyes and think he could be an actual difference-maker in the NFL. Whether it's jumping in front of a backside cutoff, stacking and shedding a tackle in the backfield, or clubbing a guard out of the way en route to the quarterback, there's high-level reps on tape nearly every game. It's the in-betweens, though, that are worrisome as Roach failed to consistently impact any phase of the game. He's a tad stiff and can play high. He'll get moved off the ball while single- blocked at times, which is a big no-no at the college level. To top things off, he's pretty much limited to a 3- tech-only role in the league with his size and length.","Too big and quick for a lot of Initial hand placement in run When he keeps pads low he First step that can beat a Tweener size with short arms. Reactive with his hands to get Roach has a valid excuse of being used out of place at Texas, but I'm not sure there's a great role for him in the NFL other than pure 3-technique. He's got burst, but his stiffness will limit his effectiveness in the NFL. malcolm Chicken with head cutoff as Playing in space got ugly. Not college linemen to handle. game is generally solid. pass-rusher. Attacking wildly. an edge. alters the line of scrimmage. cutoff all day. Not a clean fit anywhere but 3- offensive linemen off him tech. instead of being proactive. Scheme did him no favors as Some low-effort on tape where Stiffness to his game. Turning 5-tech with a lot of contain rushes. he's not chasing QB out of pocket. looks laborious."
"205","Alton Robinson","Alton Robinson","Tagged as a three-star recruit coming out of Texas’ Judson High School in 2016, Alton Robinson received offers from Texas A&M, Alabama, Baylor, Houston and five other schools before committing to the Aggies in June 2015. Just days after signing his letter of intent to Texas A&M in February 2016, Robinson was arrested for a second-degree felony robbery charge, per mysanantonio.com. Robinson reportedly hid in bushes by his ex-girlfriend’s driveway and approached her as she tried to go into her house. He allegedly ripped her purse off her shoulder, dropped the purse as he ran from the scene but took her cellphone. He allegedly committed a similar robbery in May 2015, per mysanantonio.com. The Aggies released Robinson from his scholarship shortly after the February 2016 arrest. The case later changed from a felony to two misdemeanor charges, which were both dismissed in July 2017. After spending 2016 at Northeastern Oklahoma A&M (JUCO), Robinson signed with Syracuse in August 2017. Robinson started his college career off at Northeastern SACKS before transferring to Syracuse. He's been starting at left defensive end for the Orange ever since. Robinson's sophomore 2019 38 pressures on the season. As a junior though, Robinson made 2018 pressures. Looking to build on that again, Robinson disappointed a bit in 2019 as he saw his pass-rushing grade and pressure total","Robinson is a power player at 6-4, 260 pounds, but we're a bit concerned that he couldn't even consistently overpower college right tackles this season. He's not so overly explosive to think that it will be too much different at the next level. Still, he was the only playmaker to speak of on Syracuse's defense this season and was game planned for quite a bit. He's NFL ready with ability to play run and pass, but the high-end hasn't been there to take earlier than Day 2","Powerfully built. Will collapse Processes queues from Robinson's splits vs. Power-5 and non-Power-5 teams over his career are concerning. He's a powerful dude, but not strong enough to over-power better tackles. alton Tailed off mightily down the Has traits to play run, but not pocket at least if he's not offensive linemen quickly. stretch this season. Pass-rush the production. Never graded generating pressure. Ability to alter plan on fly and grade took step back. over 75.0 vs run. still win. High-motor as a pass-rusher. Relishes physical aspect of Bending around the top of the Attacks head down too often. Never stops churning moves. game and taking QBs down. pocket is a chore. Almost any Let's OTs into his pads far 10+ QB hits 3 straight years. contact sends him past. more than he should. High-motor as a pass-rusher. Has shown an effective inside Lacking athleticism that gets Bull-rush is only move that Never stops churning moves. counter and even a fake inside counter. taken high in draft. Lumbers around in space. worked against better tackles."
"206","J. Smith-Williams","Graduate","Playing outside linebacker at North Carolina’s Millbrook High School, James Smith-Williams recorded 146 combined tackles, 19 sacks and 36 tackles for loss as a senior, per NC State’s official athletic site. He also scored a 30 on the ACT and had an unweighted 3.9 GPA with a 4.9 weighted GPA at the high school level. Listed at 6-foot-4, 210 pounds, Smith-Williams committed to NC State as a three-star outside linebacker recruit as part of the 2015 recruiting class. He chose the Wolfpack over offers from Boston College, Appalachian State, among others. Smith-Williams spent five seasons with the NC State Wolfpack, redshirting in his first season (2015) after suffering a season- ending injury four games into the season. There wasn’t much of note in his next two seasons either, as the 6-foot-3, 265-pound edge defender played fewer than 150 defensive snaps as both a redshirt freshman in 2016 and as a redshirt sophomore in 2017. Then, the breakthrough came during the 2018 season. Smith- Williams finally cracked into the starting rotation in 2018, earning an overall grade of 71.7 and recording 40 total pressures. The SACKS tallied 10 of those 40 pressures. He was unable to build on that in 2019, as injuries and poor play when healthy (5.7% pressure rate) 2019","By now I'm sure you've seen the pictures of Smith- Williams’ crazy transformation at N.C. State (if you haven't, go look). The 70+ pounds he put on turned him into an immovable force, but the added weight has also somewhat come at the detriment to his flexibility. He should be a quality bull-rusher with his tree trunk arms and powerful frame, but his inability to consistently get low and play with leverage is maddening. If the light switch hasn't flipped by now, I'm not sure it ever will.","Tree trunks for arms. Leaves Jaw-dropping dominant reps. OTs grasping at air when he Will run with OTs at times on Five years down the line we might be talking about Smith-Williams as one of the best run defending edges in the NFL. He has those type of tools. We may very well never hear from him again. That's how unrefined he is on the football field right now. james So many uninspired pass- Timidness to his game. Rarely rushing reps. Runs into OTs attacks full bore even when locks out. bull-rush. waiting arms. given chance. Has completely remade body When OL get in his pads, he Board-like stiffness trying to over college career. Added struggles to reset his hands corner against Ots. nearly 70 pounds since high and break free. school. Hands that shock on contact. Three years of starting with no No feel for the position or Can see OTs backs go flat. notable production. pass-rushing in general. Going through the motions."
"207","Darrell Taylor","Darrell Taylor","Taylor was a two-sport player at Hopewell High School in Hopewell, Virginia as he played basketball in addition to football. As a senior defensive end, Taylor finished with 60 tackles, 19 tackles for loss and 11 sacks. He played both ways as a senior and as a wide receiver he caught 29 passes for 356 yards and five touchdowns. He played in the Semper Fidelis All-American Bowl and was a consensus four-star prospect. Taylor received scholarship offers from 27 schools but finally chose Tennessee over Virginia Tech and Florida. Taylor has increased his snap count each of his five years at Tennessee, going from just 103 snaps as a redshirt freshman in 2016 to 634 snaps as a redshirt senior this past season. He also took a dramatic step forward as a pass rusher in 2019. After recording 53 total pressures from 2016 to 2018, Taylor recorded 44 as a senior alone with a pass-rushing grade of 87.0 that ranked 18th among edge defenders in the class with at least 100 pass-rushing snaps in 2019. That progression over the course of his college career bodes well as he heads to the NFL.","If you watch even a little bit of Taylor, you know that the long-arm bull-rush is his calling card. He works a number of different moves off of it that complement each other. With his length and explosiveness, that's a great starting point for a prospect. The reason being is because the bull-rush strikes fear into opposing offensive linemen. They can take a completely different approach when there's no threat of a bull. With it though, Taylor can set up a number of different pass-rushing moves. It's one of the biggest reasons we saw his pass- rushing grading improve significantly as his career went on.","Plays with consistent leverage Has shown ability to win vs. run and pass. 20 stops on inside/outside/through Has the size and length to play Looks the part. Almost no fat Anyone who's already proven they can bull-rush at the level Taylor can is a solid bet to translate to the NFL in my book. We've never quite seen dominance, but we could in the future if he develops a few more moves. darrell Athleticism is good not great. Motor leaves a lot to be desired. Lot of rushes where the season. offensive linemen. he's sitting on blockers. Beat up against college right a number of alignments. on his body. Brick. tackles. Almost never went against left tackles. Terrific hand placement. Lives Took a huge step forward Hands stall to easily. Will keep in OTs shoulder pads. from junior to senior season. trying with initial move instead of getting to a counter."
"208","Casey Toohill","Edge Defender","After recording 82 tackles and 18 sacks as a senior at Cathedral Catholic High School in San Diego, Toohill was a 2014 CIF San Diego Section all-defense first team. Toohill received offers from a number of Ivy League schools coming out of high school, including Dartmouth, Harvard and Yale, but he ultimately committed to Stanford as part of their 2015 class. Toohill is well- regarded academically as well as athletically. He was a three-time Pac-12 all-academic team selection, completing an offseason internship with Condoleeza Rice as part of his political science major, per Jon Gold of the ""Arizona Daily Star. Toohill only has one full season as starter due to an injury- riddled 2018 and having been a role player in 2016 and 2017. In all of those four seasons, Toohill was an average-at-best edge defender, as he never posted a PFF overall grade below 65.0 but also never posted one higher than 68.0. His final two years were his best as a pass-rusher, but they were nothing better than average. Toohill’s two-year pass-rush grade is 78th among 163 qualifying edge defenders with at least 400 pass-rushes. Not to SACKS cleanup or unblocked, which was among the 15 highest rates in college football.","Toohill has all the tools to be a productive pass-rusher in the NFL, but to date he hasn't really put any of them into action on the football field. He looks like an athlete who was thrown on the defensive line and asked to figure it out on his own. There's not much rhyme or reason to a lot of his ""moves"" as a pass-rusher. Can that be fixed? That's the big question. He's already seen considerable playing time in Stanford's defense for four straight seasons and hasn't changed one bit. That suggests to me he pretty much is who he is at this point. Toohill still has some special teams value.","With how comfortable Toohill is on the move, an off-ball or true 3-4 outside linebacker role could be his best fit. He's got nothing in the way of pass-rushing moves at the moment and hasn't improved throughout his college career casey Legit burst off the line to Uninspired rush plans. Just Most of his pressures came on threaten the edge. going through the motions. stunts. Not a lot of 1 v. 1 wins. Gets home on stunts in a Hands and feet not in unison. Grades have been largely the flash. Bend + burst is terrific. Is an explosive dude, but rarely same his entire career. shows up taking on blocks. On balance and quick in Doesn't dictate interaction in space. Tracks down ball carriers at a high-level. run game. Tick slow and not a playmaker."
"209","Derrek Tuszka","Edge Defender","Listed as a no-star recruit by 247Sports Composite coming out of South Dakota’s Warner High School in 2015, Derrek Tuszka received just one scholarship offers (North Dakota State) and accepted it. He was a four-year starter at Warner who played linebacker, safety, running back, wide receiver, tight end, long snapper, punter and kicker in his preps career. He recorded 342 tackles, 45 tackles for loss, 12 sacks and six forced fumbles across the four-year span. He also recorded 1,460 rushing yards, 247 receiving yards and 23 touchdowns all while starring in basketball and track his entire high school career. He earned a bachelor's degree in crop and weed sciences from NDSU in 2019, per NDSU’s official athletic site. He also owns and operates his own plane. Tuszka’s older brother Jarod played for NDSU from 2013-17. Hailing from the FCS powerhouse North Dakota State Bison, Tuszka has an incomplete record as PFF did not grade the early portion of his career. Starting in 2018, though, there is data for two full seasons to work with, and they were impressive. Tuszka SACKS and a 16.9% pressure rate while his overall grade sat at 81.5. Those numbers only got better last season. Tuszka won nearly a 2019 with 56 total pressures on 255 pass-rushing snaps. He earned a 2018","I wanted to like Tuszka's tape more with his grading profile and impressive 3-cone at the Combine, but there are so many wins on his tape that have little to do with his skills and everything to do with the competition he's facing. Tuszka is a very flexible and technically refined rusher, so every single time he got to the edge, the FCS offensive tackles were unable to wash him past the pocket. Tuszka really has no juice behind him, though, and really never threatened with the bull-rush. That's incredibly worrisome because that's a must at the NFL level unless you have some freaky quicks. What teams will have to figure out is whether or not Tuszka has the frame to continue to add muscle.","Gaudy sack total indicative of OL completely overmatched. his ability to get back to QB. Knows how to make his strike Undersized and unexplosive is a tough sell as a pass-rusher in the NFL. His future looks like it will be on special teams. derrek Plus bend around the edge. Production off the charts. FCS No power to his game. Rarely Short arms (31 3/8""). Getting see him shock an OL on off of blocks and finishing has contact. been an issue. Thin frame. Got to 251 by Pass-rushing moves lack zone small for opposing combine, but that might have suddenness. Even spin takes a offensive linemen. been water-aided. while to get going. Smooth out in space. Can drop Get-off is poor for an into coverage easily if need be. undersized edge. No speed rush."
"210","Josh Uche","Edge Defender","Uche is the son of Nigerian immigrants and grew up in Miami, Florida, where he played his high school football at Columbus high school. He was a key player in his team reaching the Florida Class 8A state championship game both his junior and senior years. As a junior, Uche had 34 tackles, 8.5 sacks and two forced fumbles. As a senior, he collected 50 tackles, 14 sacks and two forced fumbles. Uche was rated a three-star prospect by ESPN, Rivals and Scout and he had scholarship offers from 15 schools other than Michigan. Uche saw limited action in his first three years at Michigan. He played only 49 snaps on defense his first two years before seeing 148 in 2018. He flashed potential in 2018, producing 19 pressures on his 97 pass-rushes with seven being a sack. This past year in 2019, Uche started nine games while rotating in on four others and was the same great pass-rusher that we saw on a limited basis in 2018. Uche generated pressure at on 23.3% of his pass-rushes and won on 28.2%, both of which ranked second among all FBS edge rushers. He rose up the board SACKS to be able to be a sole pass-rusher at the next level.","Uche is quite the confounding evaluation because while he's graded out exceptionally well, it's come on a very small sample size and not from a traditional edge alignment. Many of Uche's wins this season came almost as a blitzer walked up over interior linemen. While that's a great skill to have, it's not really a substitute for beating offensive tackles one-on-one. Being undersized only makes that more of a question mark. It's ok to be hesitant at this point and admit we need more information.","Too quick for college offensive Beat guards as a 'blitzing' Well undersized for the edge in Only 667 career snaps and 325 linemen. Gets OTs to overset linebacker a ton in 2019. the NFL. Michigan even moved as pass-rusher. Uche produced in a favorable role, but it still remains to be seen if he can consistently rush the passer off the edge. A move off-ball could be in his future. josh and ducks inside. him off-ball at times. Strings together moves well Always been productive when Not an edge setter in the run Most impressive reps came with his hands. Keeps strike called upon as a pass-rusher. game by any means. rushing inside. Can he beat zone small and hands OTs consistently? churning. Absorbs contact far better Michigan's defensive line than his listed weight. affords its players as much freedom to attack as an line in"
"211","B. Washington","Edge Defender","Washington was recruited out of Longview High School as a center prospect – a three-star recruit that was listed as the 16th best center in the nation per 247Sports. He had a modest eight- team offer sheet, ultimately choosing Texas Tech over offers from Arkansas State, Houston, Lamar, Louisiana, New Mexico, North Texas and UTSA. After redshirting during his freshman 2015 season, however, Washington switched over to the defensive side of the ball in 2016 at nose tackle before later moving out to more of a 4-5 technique for the remainder of his career in Lubbock. Washington has slowly made his way from the interior to the edge over the course of his four seasons with Texas Tech. Regardless of alignment, he just couldn’t get much cooking as a pass-rusher. Washington’s career high pass-rush grade came in 2019 at 63.5 and has generated only 87 pressures on 1,370 career pass-rush reps to form a poor 6% pressure rate. The move to the edge did him no favors either as his pass-rush win rate, pressure rate and pass-rush grade remained near identical. That’s SACKS NFL future.","We've got a ton of tape on Washington at this point as the Texas Tech defensive lineman has played 2,580 snaps in his career. While Washington certainly possesses an NFL body, that's about where the positives end. After watching all of his pressures this past season, I'm not sure I could still even tell you what pass-rushing moves he has in his arsenal. His best bet is the bull-rush that took advantage of his plus physical skills, but even then it was more of a charge than a technically sound bull. That's not going to get me too excited about Washington's prospects in the NFL.","Powerful dude. Sends shock Very durable. Averaged over Motor wears down too easily. Not many reps on tape that through OL on first contact. 700 snaps a year the last three Sticks on blocks without even make you go 'wow'. If he wins While you can expect Washington to fit better as an interior player in the NFL than off the edge where he usually played at Texas Tech, he's still got so far to go as a pass-rusher that he's a back of the roster player at this point. broderick seasons. attempting to get free. it's usually late. Type of length that will Non-existent production. 63.5 translate to NFL. Consistently pass-rushing grade in 2019 wins placement battle on was career high. interior. Played majority of his snaps Pass-rush moves besides bull over or outside tackle yet profiles best inside tackle in are all reactive instead of proactive."
"212","Curtis Weaver","Edge Defender","Curtis Weaver played on both sides of the ball at St. Anthony High School in Long Beach, California. Weaver finished his senior year with 60 tackles and seven sacks on defense and he caught 14 passes for 253 yards and four touchdowns. As a junior, Weaver had 55 tackles, 13 tackles for a loss and 7.5 sacks on defense. On offense, he contributed 11 rushes for 40 yards and five touchdowns as a short-yardage running back, and three catches for 36 yards and a touchdown. As a sophomore, Weaver collected 42 tackles and six sacks, while on offense he had six catches for 59 yards and a score. Weaver also played two years of varsity basketball at St. Anthony. Weaver was ranked a three-star recruit by ESPN, Scout, Rivals and 247Sports. Weaver chose Boise State over several Power 5 schools, including Boston College, Duke, Illinois, Virginia, Washington State and Wisconsin. After redshirting during the 2016 season, Weaver showed what he could do as a pass rusher during his 2017 redshirt freshman campaign. He generated pressure on 18.6% of his 177 pass-rushing snaps, finishing the year with double-digit sacks despite only being a rotational part of Boise State’s pass rush. Weaver only continued to get better, turning in a ridiculous 2018 season. He still only played 507 defensive snaps, but he won over 30% of his pass-rushing snaps 2019 his rushes (21.6%). That led to a 91.3 overall grade. Weaver was 2018 increased workload this past season (820 defensive snaps). He also showed improvement as a run defender by notching his first career","Athleticism matters on the edge. The purely analytical college to pro projections that we do behind the scenes at PFF move more for edge defender based on testing metrics than any other position. Squaring Weaver's off- the-charts college production with his sub-ar athleticism is difficult. He makes up for that lack of burst though with some serious power in his upper body. I never saw Weaver make contact with an opposing tackles hands and them not drop to the side. There are edge rushers that get by with less than stellar athleticism in the NFL, but that's betting on hitting an outlier.","Weaver's athleticism, or lack thereof, is terrifying. He doesn't have a body of work against quality tackles to prove it won't matter, but we've also never seen an edge dominate the group of 5 to the degree Weaver did. curtis Adept hands fighter who Enough power to collapse Level of competition was poor. No technique to speak of when seemingly tailors his attack outside shoulder of OTs and Athleticism difference pops on facing doubles. based on OL and doesn't get to QBs. tape. preplan moves. Heavy hands. Wouldn't let OL Balance and body control are Racked up a ton of production Burst off the line leaves a lot punch come close to his body. off the charts. Can play at any with one move (two-hand to be desired. angle or body position. swat). Moves that work well still Back-to-back dominant pass- Leverage is inconsistent. Too Bad body and could stand to when kicked inside. rushing seasons. many reps where he attacks standing straight up. shed some weight. Odd build."
"213","Kenny Willekes","Edge Defender","Kenny Willekes, a native to Grand Rapids, Michigan, had just one offer (Wayne State) coming out of NorthPointe Christian in 2015. He, however, turned down the offer in favor of a preferred walk-on opportunity at Michigan State. “I know I have the work ethic to go in there and bust my butt and earn a scholarship,” Willekes said in January 2015, per Steve Kaminski of mlive.com. “I’ve been working since the day the football season ended. “I’ve always felt like I could play at the Division 1 level. I kept working hard every day and hoping something would come up, and it did.” Willekes finished his high school career as a three-time first- team all-conference selection with over 400 career tackles and nine fumble recoveries. He earned all-state accolades at linebacker and rushed for 1,400 yards and 14 touchdowns playing running back at NorthPointe in 2014. In his redshirt season at Michigan State (2015), he was named Scout Team Player of the Week six times. If you like run defense, you'll love Willekes. He's earned run defense grades over 80 in every single season as a starter at SACKS He played 599 snaps in his first full season back in 2017 then 786 in 2018 and 757 this past year. Those are ironman type numbers. 2019 fact that he broke his leg in Michigan State's bowl game last 2018 course of his career and took a step back with only a 74.3 grade in that regard in 2019.","Willekes is going to set a hard edge in the running game. You can put a pin in that. He plays with some of the best leverage in the draft class and shoots his hands in unison with his hips to stack anyone trying to block him. It's still the running game though and you can find guys who can stuff the run on the street. The true needle move in the NFL is the passing game and Willekes has never consistently affected that. Without much in the way of burst, there's little reason to think that will change.","Can push the pocket with his Willekes’ motor is great, but if it doesn't translate to production as a pass-rusher, it's not particularly valuable. He does not possess the physical tools that make us think it ever will either. kenny Play strength is a concern. He bull-rush and long-arm. can get bullied by bigger, stronger offensive linemen. Strong production against the Not an elite athlete. He lacks run. high-end burst/explosiveness at the snap. Has plus-instincts and play Doesn’t have a full toolbox of recognition. pass-rush moves, leans on just a handful of moves."
"214","D.j. Wonnum","Edge Defender","Listed at 6-foot-4, 225 pounds coming out of Georgia’s Stephenson High School in 2016, D.J. Wonnum was tagged as a three-star recruit and received close to 15 offers, including Indiana, Iowa State and South Carolina. As a senior at Stephenson, Wonnum recorded 38 tackles with 11 tackles for loss and 2.5 sacks, per South Carolina’s official athletic site. Wonnum was a freshman All-SEC selection back in 2016 when he played 347 snaps and registered 12 pressures and 11 stops. In the three years since then though we never saw his production improve in any sort of meaningful manner. His pass- rushing grade peaked at a 64.6 this past season and his run defense grade peaked at 74.4 back as a sophomore. His junior year was marred with injury - most notably a sprained ankle - and he only managed 216 snaps. His career path was that of a guy constantly on the precipice of taking the next step, but never quite getting there. After four seasons though, it might just be time to accept that this is who he is.","Besides having the build of an NFL edge defender, there's not too many more tick boxes in Wonnum's favor. He won't look out of place vs. the run at the next level, but he's never been a playmaker in that regard either. He's got little to no pass-rushing toolbox to speak of and average production by college football standards. As a pass-rusher, his lack of flexibility really limits his game. Even if he does develop more pass-rushing moves, I'm not sure he'll ever be anything more than just a guy in that regard.","Pop in his hands. When he Wonnum's complete lack of production is a tough sell for us at PFF. He's not nearly athletic enough to think the light switch is waiting to flip at the next level either. d.j. Plays very high. Rare to see Flashed little playmaking swats OL's hands, they fall. him sink his hips into contact ability to speak of. Only 14 run or play at an angle. stops and five sacks this year. Long limbed edge defender Not even productive on 3rd Nothing special athletically for who knows how to keep OTs and longs. 63.0 grade on 3rd the position. at arm's length. and 7+. A ton of run reads/contain False steps out of his stance Grading stagnated early on in rushes in South Carolina's defense. Didn't let him to play routinely. Frustrating to see from 3-year starter. career. Didn't progress from sophomore to senior year."
"215","Chase Young","Chase Young","Chase Young was tagged as a consensus five-star recruit and one of the country’s top-10 players regardless of position, per Ohio State’s official athletic site, coming out Maryland’s DeMatha Catholic High School in 2017. The University of Maryland pushed to have Young stay in his home state and take his talents to College Park, but Urban Meyer & Co. ultimately swayed him away from the Terps and the 39 other schools that offered Young. “It’s just a lovely place and I want to go into criminal justice and they have a program,” Young said in October 2016, per USA Today High School Sports. “Coach (Urban) Meyer is a coach who wants to win. The defensive line coach, coach (Larry) Johnson is best in the nation. When I go up there, it’s like a brotherhood. I didn’t get any funny vibes from any of the players.” We’re running out of adjectives to describe Young’s pass- rushing production in 2019 and over the course of his career. His 96.5 PFF pass-rushing grade in 2019 is the best single-season mark ever recorded by an edge defender in the PFF College era (2014-19). He earned a 91.2 PFF pass-rushing grade and SACKS State. He is a different breed of athlete and will be highly coveted for his measurables, but his on-field production might be even 2019","Hands, burst, power, length, size, flexibility -> all elite traits Young possesses. Every single game it showed up this past season. The only game he didn't grade out exceptionally well was against Northwestern and that is because they literally rolled their quarterback away from him on the majority of plays after he registered a sack on the very first pass of the game. I could go on and on and on, but there's little doubt in my mind that Young will be a perennial pro-bowler in the NFL.","Young is the best edge prospect we've ever scouted. chase Ideal build from a Sneaky strong hands. Forklifts Doesn't play as stout when CON 4 height/weight/length OTs when he gets in their tight to formation (5/6 tech) perspective. shoulder pads. as size would suggest. Understands that one arm is There isn't a way he can't win Hands can get wide against CON 5 longer than two. Utilizes long as a pass-rusher. Speed, the run and expose his chest. arm vs both run and pass. power, quickness, hands. Exceptional balance through Dominance the likes of which Favorable pass-rushing contact. Even when he doesn't win clean, can still get to QB.3 we've never seen as a pass- rusher. scheme that affords freedom to work any moves."
"216","Jabari Zuniga","Edge Defender","Considered a three-star recruit by 247Sports as part of the 2015 recruiting class, Jabari Zuniga picked up offers from Florida, Clemson and Arkansas among several other Division I schools. The Marietta, Georgia native had official visits with NC State, Arkansas and Florida before committing to the Gators in January At Georgia’s Sprayberry High School, Zuniga grew from 5-foot- 11 as a junior to 6-foot-3 as a senior. The significant growth spurt didn’t come with a ton of weight gain and forced Zuniga to take a redshirt year in order to “put on weight and gain muscle,” per Ian Cohen of the Orlando Sentinel. He took full advantage of the off year and added nearly 30 pounds of muscle to his frame, as he’s now listed at 6-foot-4, 257 pounds per Florida’s official athletic site. He also landed at No. 29 on Bruce Feldman’s list of “Freaks” for 2019, calling out Zuniga’s insane upper body strength and agility. Injuries derailed Zuniga’s 2019 season, limiting him to just 188 snaps. He was productive on those, generating a 21.0% pass-rush SACKS sample size. In his three years prior, Zuniga was average at best in the pass-rush. From 2016-18, Zuniga had pass-rush grades of 2019 13.4% over that entire stretch. He didn’t show he could go toe-to- 2018 the average ones. With a win rate of just 13% against Power-5 competition in his career, Zuniga is one to be suspect of.","Call it a sixth sense. Call it instincts. Call it feel for the position. Call it coordination. However you want to describe players who just have 'it' along the defensive line, Zuniga has shown the opposite. With exceptional athletic tools, Zuniga's tape regularly leaves us wondering what exactly he's trying to do as a pass- rusher. With mistimed moves and a herky-jerky attacking style, Zuniga hasn't been able to beat up on any tackles besides the bottom of the barrel over the course of his career. He does dominate bad tackles though. He is very much the type of project that we will be hesitant on here at PFF.","Zuniga is very much still a project. Any offensive lineman that could match his athleticism took him to task over the course of his career. That'll be pretty much every lineman he sees next season. jabari Agility like a man 50 pounds Strength to hold his own at the Almost robotic in his No real 'go-to' move that he lighter. Hunts down ball point of attack. movements. Herky jerky in executes at high-level. carriers with ease. approach. Looks the part from a Lined up all over the Florida Plays high and doesn't Using hands doesn't come size/length perspective. front on every down. Legit maximize his explosiveness in natural. Does his move then versatility. bull-rush. they stop. Alternates speeds as a pass- Disappeared against every rusher. Has the explosiveness to threaten edge. NFL-caliber OLmen."
"217","Joe Bachie","Joe Bachie","Joe Bachie chose Michigan State over six other offers as a three-star inside linebacker recruit in 2016. The 6-foot-2, 225- pound Cleveland, Ohio native was a three-year starter at the high school level and recorded 89 combined tackles, 14.5 tackles for loss, nine quarterback hurries and 14 rushing touchdowns as a senior at Midpark High School in 2015, per Michigan State’s official athletic site. He also lettered in baseball and basketball at Midpark. According to mlive.com, Bachie recorded 20 reps at 225 pounds on the bench press and maxed out at 400 pounds prior to his senior season in high school. After playing an ineffective 78 defensive snaps as a freshman in 2016, Bachie stepped into a starting role on the Spartans’ defense in 2017 and performed well. That was especially true in run defense, where Bachie’s 90.7 run-defense grade was one of the top marks in the country. He finished that sophomore season with 50 defensive stops. The strong play continued in 2018, as Bachie earned another elite 93.1 run-defense grade to go along with a 70-plus grade in coverage and an overall grade of 87.1. TKLS showed the ability to hold his own in coverage throughout his career with four or more combined pass breakups and 79.9","Bachie has stuffed the stat-sheet over his time at Michigan State. If there is one position though that we've seen guys routinely do that and then be unable to replicate that success in the NFL it's at linebacker. Limited athletes at the linebacker position simply get exposed and that likely explains Bachie's prospects in the NFL.","Bachie can run stuff with the best of them, but he's struggled to do much in coverage other than spot drop. He's not what NFL teams want at linebacker today. joe Wants to play on the other side Myriad of moves he uses to Outrun by RBs in the flat far Rare to see him to much other of the line of scrimmage. Plays take on blockers. Slippery in too much. No extra gear. than spot drop in Michigan confident and aggressive. general. State's defense. Maintains balance through No height/length/leaping blocks. Capable of making ability to affect passes up the plays through contact. seams. Reads routes without staring Took forever to get going at QB. Will break on the route concepts instead of QB reacting back the opposite direction after play action."
"218","Markus Bailey","Linebacker","Bailey was a three-star prospect from all the major recruiting services coming out of Hilliard Davidson high school in Columbus, Ohio. Ohio State never came calling with a scholarship though, so Bailey chose Purdue over Duke back in 2015. He's been named Academic All-Big Ten three times already in his career and graduated last December with a degree in Movement and Sport Sciences. He submitted his name to the draft last season, but never signed an agent and returned to Purdue. After earning an 81.3 overall grade across 942 defensive snaps in 2017 and an 83.3 overall grade across 1,008 snaps in 2018, Bailey was expected to put an exclamation point on his Purdue career before a season-ending knee injury sidelined him just 163 defensive snaps into his 2019 season. He played over 2,970 defensive snaps and earned high PFF coverage grades all throughout his Boilermakers career. He recorded over 25 total pressures in 2017 and 2018. He also recorded seven passes defensed and six interceptions while allowing just seven touchdowns in coverage at the collegiate TKLS","Bailey was once again off to a productive season at Purdue before an ACL tear ended his season. His combination of versatility and explosiveness had early round prospect written all over it prior to the injury, but now his future is more uncertain. On field, Bailey could not only thump with the best of them, but he could also kick out as an overhang player and mirror slot receivers underneath. At 240 pounds, that's a unique skill that no other linebacker in this class can quite claim. Add in his prowess as a blitzer and a team may be getting a late round steal if Bailey returns to full strength in 2020.","mean streak you can't teach. up between the tackles at 6-1, Plays through not around. 240 pounds. Fairly sure thing One of the best off-ball blitzers Has been tested a ton in With multiple ACL injuries over his career, Bailey's draft stock is in the hands of doctors now. He's one of the most productive and versatile linebackers in the class though when healthy. markus Takes on blockers with a Will have no problem holding ACL injury ended his 2019 Will be 23 years old by draft season after two games. day. vs run. Struggles transitioning to in the country. 52 pressures in coverage over his career, vertical routes. Stiff hip flips. 2017/2018. including as overhang player. 148 targets. Consistently productive over Middling athleticism and multiple seasons at Purdue. change of direction ability."
"219","Francis Bernard","Francis Bernard","Francis Bernard is an older prospect who first committed to BYU coming out of Utah’s Herriman High School in 2013. At 6-foot, 205 pounds, Bernard was tagged as a three-star recruit. BYU was the only school that offered Bernard as a running back rather than a linebacker, so he opted for the Cougars, per Jay Drew of The Salt Lake Tribune. He rushed for 3,123 yards and 45 touchdowns in his career at Herriman High, and he also played basketball and rugby in his preps career. Bernard played running back for the Cougars as a freshman in 2015, carrying the ball 51 times for 338 yards and seven touchdowns in the process. He made the switch to linebacker for BYU as a sophomore and started all 12 games at the position in 2016. Bernard missed the 2016 Poinsettia Bowl for violating team rules, per ESPN. He was told he couldn’t play at BYU the following season after alleged violations of BYU’s honor code. He was then arrested on the suspicion of a DUI in October 2017. He transferred to Utah and was granted eligibility for the 2018 and 2019 seasons after he was fined $1,420 and sentenced to 48 hours of community service on a conviction of impaired driving, a Class B TKLS misdemeanor, according to Utah County Justice Court records. Bernard's 'freshman' season back at BYU in 2016 was still one of his best to this day. On 711 snaps that season he earned a coverage grade of 87.7 with three picks and two more pass breakups. He was stingy in 75.2 targets. He was forced to transfer after the season after an altercation with police and ended up at Utah. Bernard was once again back to his 84.6 Unfortunately, some of the missed tackle issues that he had at BYU","Bernard's lack of top-end length and athleticism means he's going to be off the board for a lot of ball clubs. That doesn't, however, mean he can't be a productive NFL player. He's incredibly assignment-sure and has some of the best instincts in the class. He 'steals' back steps routinely with those instincts and superb agility. He has the type of game that can start in the league tomorrow. You'll take that with a mid-round pick every day of the week.","Agility is a plus. Can go from Productive in coverage every stand still to full speed in any year of his college career Bernard's age will scare some teams away, but it will help that he's one of the most NFL-ready linebackers in this class. His feel for coverage is a big plus and helps make up for some athletic limitations. francis Far too many missed tackles Forced to transfer from BYU over his career. 36 misses on after threatening to strangle direction in a few steps. across two different schools. 230 attempts. someone in front of cops Awareness is zone is top- Diverse coverage role in Utah's Lacks length you'd like from Top end speed is middling. notch. Already adept at when defense. Very projectable to modern linebacker. Tough to Little recover ability or to pass off/pick up routes. NFL. shut down passing lanes. click/close to the flat. Plays with great leverage. Was recruiting class of 2013. Always on balance ready to pop. Already 25 years old."
"220","Shaun Bradley","Linebacker","Per the ""Bucks County Courier Times,"" Bradley only received offers from Rhode Island, Wagner, Villanova and Delaware before Temple gave the 6-foot-2, 200-pound running back an offer. He favored basketball until his senior season at Rancocas Valley in Mount Holly, New Jersey. During that senior season, he earned first-team all-county honors after rushing for 1,467 yards and 22 touchdowns on 188 carries, according to Temple’s official athletics website. He came to Temple as a safety before putting on some weight and making the move to linebacker.. Bradley only saw the field for 30 defensive snaps as a true freshman in 2016, but he stepped into a starting role at linebacker the following year, earning a 70.8 overall grade behind very strong play in coverage (89.1 coverage grade). Interestingly, Bradley’s run defense and coverage grades trended in opposite directions over his final two seasons for Temple. His run-defense grade rose in both 2018 and 2019 to finish at 74.8 last year, and his coverage grade dropped in each of the last two years to sit at 63.6 for his senior season. Considering that coverage is the more valuable TKLS","While Bradley tested out freakishly at the combine, you can watch a ton of his tape before seeing a play where that actually shows up. Call it instincts, processing speed, or playmaking ability — whatever that innate sense is — Bradley's tape didn't show it. He's hesitant to crank it up to full speed and really make a ""wow"" play. He had two pass breakups in three years as a starter, and both came from a stationary position when opposing QBs tried to throw it through him off play- action. Only so much of this can be alleviate by scheme at the next level.","Bradley has the athleticism to stick around in the NFL for awhile, but he's the type of linebacker who will continually leave you wanting more. Putting him in a man-heavy scheme would best utilize his skills. shaun Silly range. Faster than most Looks more like a safety than Overall awareness is an issue. running backs he was tracking a linebacker. No feel for the position. down. Smooth hips when dropping Won't play through blocks. Doesn't use his hands on side deep. Can run MOF in Tampa-2 Tough to get by without being of blocks. Will get locked up in easily. able to at the next level. NFL. Ability to stay on balance at Unsure in his breaks in full speed is impressive. Can get in backfield and secure RB. coverage. Checks QB before attacking on football."
"221","Jordyn Brooks","Linebacker","Brooks made a name for himself at Texas Tech as an inside linebacker, but that’s not the position he played in high school. His high school coach said in an interview with Dave Campbell’s Texas Football, “Ironically, when we were at Stratford, he didn’t play inside linebacker, he played sort of an outside linebacker, dropping into coverage some, blitzing some.” It was there at Stratford High School in Houston that he became a two-time District 19-5A first team selection. He also ran track, competing on the 4x100 relay team with Arkansas running back Rakeem Boyd. Brooks was a three-star recruit and chose Texas Tech over offers from Colorado State, Arkansas, Central Florida, Houston, Iowa State, Missouri and Washington. Brooks has been a starter for the Red Raiders since day one of his true freshman campaign in 2016 and has improved in every season from a PFF grading perspective. He closed out his final collegiate season in 2019 as one of the five highest-graded off- ball linebackers in the FBS and the second highest among those that are draft-eligible. When defending against the run, Brooks TKLS defense grade and tied for the second most tackles for loss with 21. Brooks polished up his play as a blitzer too – he rushed the 89.6 is eight more than he had in his first three seasons combined. 78.7 as he had just a 57.9 coverage grade in 2019 and in his career allowed as many touchdowns as combined interceptions and","Twnety years ago a player like Brooks would have been firmly in the first-round conversation. He's unafraid to take on blocks, hits like a Mack truck, and plays downhill while staying under control. Those were for all intents and purposes the main responsibilities for a linebacker back then. The game has changed though and if you can't mirror slot receivers in space or cover ground in the blink of an eye, you're not going sniffing the first round. Brooks is simply going to be limited by his lack of length and somewhat stiff hips at the next level. Certain defenses will be able to live with that though with how consistent Brooks is at coming up and making plays around the line of scrimmage.","Rocked up. One of the most Plays low on balance in space. Playmaking ability in coverage Not the ideal length you'd like jacked linebackers in the Didn't miss a single tackle in non-existent. Not one pick or to alter passing lanes at the Goes from 0-100 real quick. Already a number of ways to Brooks is one of the most sound linebackers in the draft. He plays a physical brand of football and is an incredibly sure tackler. Just don't expect a playmaker in coverage. jordyn class. coverage all year. forced incompletion last year. position. Little stiff. Turning doesn't Downhill type of linebacker. defeat second level blocks. look smooth at all for him. Enough power to stack/shed. Like running into a brick wall Not a modern space player. for running backs. So much pop behind his tackles. Want him consistently between the tackles."
"222","Cam Brown","Linebacker","Cam Brown earned three letters at The Bullis High School in Potomac, Maryland, per Penn State’s official athletic site. He recorded 260 tackles in three seasons and led the Bulldogs to back-to-back Interstate Athletic Conference titles in 2014 and He was listed at 6-foot-5, 210 pounds before joining the Nittany Lions. Brown first got the starting job for the Nittany Lions back as a junior in 2018. He's filled the overhang role in Penn State's defense ever since. That first season he made his presence felt in coverage, allowing only 28-47 targets for 220 yards. He struggled with missed tackles though with 14 on 73 attempts and that would follow him into 2019. He was on pace to be one of the highest graded linebackers in the country this year before he missed nine tackles in his final four games. He would still finish with well above-average grades in run defense (77.3) and coverage (72.0). TKLS","Brown's tape consistently left us wanting more. Physically, he's reminiscent of Colts linebacker Darius Leonard, but performance-wise they're night and day. Ultimately, the biggest difference is simply the balance with which each plays with. Leonard is continuously under control while Brown is all too often overextending himself after being a tick late to react. Some of that may come with the rigors of simply being an overhang player in Penn State's defense and a simplified scheme in the NFL could do wonders for him. He has all the modern coverage linebacker traits you could want, but he hasn't quite put them altogether yet.","Tall and long. All the athletic Plays with great leverage. Knows how to use length to Very flexible for a taller Balance is an issue. Shows up Keeping track of ball and With Brown you're betting on his athletic traits translating better at the next level. That's not a bad bet either considering how fluid he is as an athlete at his size. A scheme that allows him to play fast could unlock his full potential. cam Whether it's breaking on Plays slower than he'll test. traits to be a TE eraser. Consistently the low man as routes or reading runs, false Doesn't trust his reads so tackler and taking on blocks. steps all over his tape rarely gets up to full speed. advantage taking on blocks. linebacker. Dip/ripping under a on the run as a tackler. 15 receiver was difficult for him. Locks out arms and keeps block is easy money for him. misses on 82 attempts this Overran catch point a bunch. body free. year. Tackle radius is legit. Little playmaking to speak of. Envelopes running backs coming forward in run game. 5 pass breakups for his career and 0 picks."
"223","T.j. Brunson","Senior","Hailing from Columbia, South Carolina, T.J. Brunson committed to the hometown University of South Carolina out of Richland Northeast High School in 2016. He overcame a serious hip injury and surgery to reduce the friction in his hip joint following his junior season which Brunson described as, “They went in and shaved down the head of my femur and sutured my labrum and whatnot,” per The State. Brunson committed to the Louisville Cardinals in July of 2015 prior to his senior season, but de-committed following a visit from Will Muschamp before eventually committing to South Carolina. He went on to record 140 tackles in his senior season following the hip surgery. If you're looking for grading reasons to get on board with Brunson as a prospect, I'd probably stop reading now. In his three years as a starter, he's never earned an overall grade higher than 63.9. He's allowed at least 70% of his targets to be completed every single year of his career and his 38 stops this past season were a career high. Add into that a missed tackle problem that's TKLS grading profile.","The linebacker position is becoming increasingly more about what you can do in space. If you can't wrap up ball carriers one-on-one out in the open field, you won't sniff the field. Brunson's 2019 tape is littered with him getting clowned by running backs and wide receivers in space. We have him down for 15 missed tackles, and it wasn't higher only because some of his misses couldn't even be classified as attempts.","Brunson's tackling is such that it's going to be difficult for him to see the field. He's so slow to process and react that he'll be a liability out the gate. t.j. Meets requisite athleticism So many tackles where he No stack ability against the thresholds to play linebacker doesn't even make contact run. Has to be clean. in the NFL. altogether. Three years of starting Short with limited length. experience and 2,493 snaps in Looked tiny running with some career. TEs. So slow to process information. Can almost see the wheels turning in his head"
"224","A. Davis-Gaither","App State Athletics","Akeem Davis-Gaither earned letters in football, track and field, basketball and baseball at Thomasville High School in North Carolina. The 6-foot-2, 200-pounder received 10 offers as a two- star recruit, including Boston College, Charlotte and App State. His father, Akeem Brian Davis, is an assistant coach (wide receivers) at Western Michigan. Davis-Gaither got the starting nod in the overhang role for App State back in 2018 in his redshirt junior season. That year he put on a show with an 83.6 run defense grade, 75.9 coverage grade, and seven pass breakups. He added to his bag of tricks when he returned for his senior year and the coaching staff decided to deploy him as a blitz weapon. He rushed the passer 190 times this past season, registering 25 pressures and an 82.2 pass-rushing grade in the process. That high pass-rushing grade means those pressures were no fluke. Davis-Gaither was beating offensive tackle to rack up those bad boys, often times in impressive fashion. He also built upon his excellent run defense grade to earn an 87.1 this past season. All that adds up to one of the most well- TKLS","You'd be hard pressed to find too many linebackers in this class smoother than Davis-Gaither. Whether it's flipping his hips in coverage, bending around an offensive lineman, or mirroring a running back in space, Davis-Gaither makes it look easy. The problem is, it all comes in a package that looks more like a safety. Having not played between the tackles makes that even more concerning. That being said, it's extremely encouraging that he's been excellent versus the run and as a pass-rusher. His ability to beat offensive lineman one-on-one is a fantastic skill to have when projecting to the NFL.","Utilized as a pure edge-rusher Sticks guys in their tracks Davis-Gaither is a special athlete who's already produced at a high level for App State. His blitz and coverage prowess is perfect for today's NFL. akeem Undersized, but doesn't play Trusts his instincts. He'll break Prefers to play around blocks. Plays overhang role that's not like it. So much juice in his on balls before QB even cocks. Not always worst thing, but necessarily translatable to lower half. you'd like him to stack more. NFL. Can get excited in pursuit and and waxed tackles one-on-one. when he squares them up. No overrun plays. 15+ missed Will be blitz weapon. ceding ground. tackles each of last two years. Smooth hips when Lateral agility is silly good. While he possesses the transitioning from peddle downfield. Leaves OL grasping for air. physicality, still way on the small end for NFL linebackers."
"225","Michael Divinity","Linebacker","Divinity was heavily recruited out of John Ehret High School in Louisiana. He was listed as a four-star recruit and the 64th player in the nation by 247Sports, also earning an invitation to participate in the Under Armour All-American Game. He chose LSU over 29 other offers after visiting Florida State, Texas A&M and Oregon in addition to the Tigers. It was reported earlier this season that Divinity had left the team for personal reasons, but head coach Ed Orgeron confirmed that the reason for his absence was a violation of team rules. Per the “Daily Advertiser,” Divinity’s suspension came as a result of testing positive for marijuana for the fourth time. He returned for the National Championship Game against Clemson. After playing minimal reps during both his freshman and sophomore seasons in 2016 and 2017, Divinity started for LSU in 2018, logging 775 snaps. He had a breakout year as a pass- rusher and posted an 83.8 pass-rush grade, which ranked 32nd in the country, and a win rate of 18.4%. He also brought value as a coverage defender, as he owned an 83.9 coverage grade on his TKLS one. Some were expecting Divinity to take his play to elite status in 2019, but injuries limited him to just six games, and when on 67.2","Off-field issues aside, Divinity flat-out didn't play good football this past season. At his size, Divinity must have known his future was off-ball in the NFL. After one ugly outing there against Texas, however, Divinity was moved back to the edge. With how limited he looked in space, that's going to have to be his future in the NFL. Besides a nice spin move, Divinity doesn't offer much to get excited about as a pass-rusher. With limited burst and bend, he may struggle to make a team.","Divinity looks like another in a long line of productive, undersized college edge rushers who got by with their athletic advantage against college tackles. He's nowhere near athletic enough for that to be the case in the NFL. michael Quick spin move that was Tweener with nowhere near Turns 23 right after draft. damn near unblockable. athleticism you'd want to stay on edge in NFL. Polished and disciplined run Looked completely unsure of Play strength leaves a lot to be defender who played well himself in little time he spent as desired. above his weight class. off-ball linebacker. Suspended during most of last Straight line player in space. season for reportedly failing multiple drug tests. Not fluid on the move."
"226","Troy Dye","Linebacker","Rated as a three-star safety recruit coming out of California’s Norco High School in 2016, Troy Dye received just five offers: Oregon, Colorado, Michigan, Nevada and Washington State. The 6-foot-3, 210-pounder opted for the Ducks when it was all said and done, as he joined the program as an early enrollee in January 2016. Dye played over 700 defensive snaps in all four of his seasons at Oregon. He racked up over 386 total tackles over that time, serving as a constant and a key cog in their defense over his career in Eugene. That career began with a 67.1 overall grade from Dye as a freshman, but he quickly bumped that up to 81.1 in 2017, flashing ability as a run defender (82.4 run-defense grade) and in coverage (79.2 coverage grade). That coverage ability is something that he has shown each year at Oregon with four straight coverage grades of 70.0 or better. The ability to man up with tight ends and limit production over the middle of the field is more important now than ever at the linebacker position, and it’s an ability that Dye has shown. The TKLS with 26 pressures in 107 pass-rushing snaps.","If I could pick one linebacker in this draft class after Isaiah Simmons to run the seam with a tight end, the answer would easily be Dye. His combination of length and ability to transition is exceptional. I've got little doubt that he'll be consistently getting his hands-on passes at the next level. The worry is that even with linebackers getting smaller and smaller, Dye may be too small. He can keep college offensive linemen at bay with his length, but he'll likely need a little more juice to do the same in the NFL. Testing numbers will be big for him with evaluators.","Smooth transitioning from one Slow to bite on play action. Built more like a S than a LB at Not nearly as explosive as the direction to another. Flips hips Shut down a lot of crossers this point. Physicality more like other smaller linebacker at top Long and smooth is a great combination for a linebacker in the NFL. Dye's length can effect the passing game by simply dissuading QBs from attempting passes in the first place. You may have to accept a bit of a liability against the run though with Dye. troy with ease. after fakes. S as well of class. Productive for all four seasons Length to keep blockers at bay Inconsistent tackler. Won't as starter at Oregon. in the run game. break down sometimes in space. Gets dragged by running backs. Contended with TEs up the Passive play style. Not going seam at the catch point. to lay a big hit or blow up OL in hole."
"227","Cale Garrett","Linebacker","Garrett, a three-star recruit coming out, was not highly recruited and only received FBS offers from Missouri, Bowling Green, Kansas and Navy (via 247 Sports). Garrett initially committed to Navy in the midst of his junior season before being offered by Missouri following his senior campaign when he was named the Missouri Class 4A Defensive Player of the Year. He ended his high school career with 538 tackles, seven interceptions and six sacks and also saw some action on the offensive side of the ball as a ball-carrier and receiver. Garrett had 36 career carries and recorded 238 yards and eight touchdowns. He also caught 11 passes for 151 yards and one touchdown as a receiver. As a starter on the Missouri defense in 2017 and 2018, Garrett was making his name known as one of the top off-ball linebackers in college football by owning PFF graded of 82.3 and 83.1. His play was carried by his stout run defense where he posted grades in the mid-80s in both seasons. Garrett’s coverage play was average in 2017 but took a step forward in 2018 by allowing just 147 yards on his 355 coverage snaps. He was TKLS linebackers 2019, as he earned a 91.4 coverage grade and combined for five interceptions and pass breakups with only eight 89.0 Week 6, but unfortunately, an injury forced him to miss the 83.1","As much as there's been a premium on athleticism at linebacker over the past decade, there are still some productive linebackers in the league that had less than stellar testing at the Combine in Indy. Unfortunately for Garrett, he's still below even the worst athletes I could find. Linebackers today will get matched up with slot receivers. They will have to match an over route against play action. And they will have to run the seam with a TE who clocked a 4.5. Fail at any of those tasks and it's a big play. With 4.92 speed, Garrett just isn't going to get the job done in those situations. Even with his tremendous work around the line of scrimmage, Garrett may not make a roster.","Plays under control with great Nose for the football. 100 Garrett doesn't have the speed to execute the coverage responsibilities of a modern NFL linebacker. There may not be many plays a game it shows up, but it will lead to big plays when it is exposed. cale No speed. Probably below Doesn't have the length you balance. stops combined in 2017/2018. threshold you can work with at want for a linebacker. Can't that position. shut down throwing windows. Can take on blocks despite Little pop behind him as If he false steps on play action being undersized. Dips under tackler. College backs fell he's toast. Doesn't have quicks or swats away hands with forward on him most times. or speed to get back. ease. Exceptionally sure tackler. Torn pectoral muscle limited Hasn't missed a tackle in coverage the past 2 years. him to 253 snaps in 2019."
"228","Willie Gay Jr","Linebacker","A native to Starkville, Mississippi and graduate of Starkville High School, Willie Gay Jr. always seemed destined to take his talents to Mississippi State. And after narrowing his 15 offers down to LSU, Michigan and Mississippi State, the four-star linebacker recruit made the choice to stay home and play for the Bulldogs. Gay recorded 83 combined tackles and nine tackles for loss as a senior in high school, per Mississippi State’s official athletic site. He also played a quarterback at times and set the school record for rushing yards in a game with 325 against Warren Central High School in October 2016. Gay struggled to find the field at Mississippi State due to several team suspensions, but when he did suit up for the Bulldogs, he was one of college football’s best off-ball linebackers. He earned an 83.1 overall grade and a 90.0 PFF coverage grade across 177 total defensive snaps in 2019. He also earned a 71.2 overall grade and a 90.6 PFF coverage grade across his 455 defensive snaps in 2018. His speed and athleticism translated to production on field, especially in TKLS","After impressing on 455 snaps in a limited role in 2018 Gay made PFF's preseason list of breakout candidates for the 2019 season. Little did we know he'd be playing even fewer snaps with injuries and suspensions this season. Still, when on the field though Gay impressed. He's got silly range for a linebacker and a knack for feeling where receivers are in his zone. On his very first series of his very first game against Kentucky this season, he housed a pick-6. After looking like an unmitigated liability against the run last season, Gay made strides with his play between the tackles this season that make us think he could be a 3-down player in the NFL.","One of the fastest linebackers Back-to-back seasons of Gay has to answer for his off-field concerns, but we've seen enough at this point to know he has NFL coverage ability. It's not only his athleticism, but also his instincts as well. willie Not even a full-time starter for Backpedal looks choppy. in college football. exceptional coverage grades. Mississippi State. Doesn't gain depth quickly. Can flip his hips and run the Made massive strides in Feet can get all over the place Off-field concerns. Suspended seam with a slot wide out. Elite physicality from 2018 to 2019. in space. Gets into bad for cheating on chemistry test coverage traits. positions and off-balance. and punching teammate. Made multiple plays on Offers little more in run football in limited snaps. Trusted reads and broke. defense than run and hit. Don't want him between the tackles."
"229","Malik Harrison","Linebacker","According to Ohio State’s official athletic site, Malik Harrison was a three-year starter at quarterback at and took snaps at safety and punter Ohio’s Walnut Ridge High School. He threw for 1,161 yards and eight touchdowns and added another 897 rushing yards and 15 scores on the ground as a senior in 2015. He also averaged 14 points and 10 rebounds a game on the basketball court before committing to Ohio State as a three-star athlete in February 2016. Harrison has steadily improved his PFF grade in each of his seasons for the Buckeyes – he took his 2017 66.5 grade as a role player to 72.6 in 2018 as fulltime starter. Though he still had yet to show he can be effective in man-to-man coverage. In 2019, Harrison’s PFF overall grade sat at 82.6, with most of his success coming against the run as he had an 87.1 run-defense grade. While he did add four pass breakups in coverage this past year, he still gave up 17 catches, 220 yards and two touchdowns on 25 targets. He can be effective against the run and has found success as a blitzer, but coverage ability trumps all and Harrison TKLS","Even though he hails from a man-heavy scheme at Ohio State, Harrison isn't going to be the guy you want in man coverage in the NFL. He was protected a good deal as either the hole player or spy when they played man. Ask him to come downhill and we've got very few issues with his game. Asking him to move laterally or turn and run is a different story. Those aren't the players at the linebacker position that get drafted highly nowadays.","Blitz weapon for Ohio State. 38 Harrison made serious strides in 2019 but is still on the borderline for athleticism at the linebacker position. He's likely not on the field on 3rd downs which makes him a low value proposition. malik Plays high in space. No Flipping his hips and running pressures past two seasons quickness laterally. isn't something you want him (168 rushes). doing. Length and strength to stack Limited coverage linemen at the NFL level. responsibilities in OSU. Often spy or hole player. Looked like a different player Explosion is lacking for his in 2019. Had some impressive plays in coverage. size. Doesn't pop through ball carriers the way you'd hope."
"230","Khaleke Hudson","Khaleke Hudson","Recruited as a three-star safety out of McKeesport, Pennsylvania, per 247Sports Composite, Khaleke Hudson received more than 30 offers from top programs around the country, including Michigan, Penn State, UCLA, Pittsburgh, among others. He eventually committed to the Wolverines in January 2016 and enrolled soon after. Hudson recorded 60 tackles, three interceptions, 1,118 rushing yards and 17 rushing touchdowns as a senior at McKeesport High School, per Michigan’s official athletic site. Hudson was limited to primarily special teams as a freshman, playing just 37 defensive snaps. The 6-foot, 220-pound Hudson took over a full-time starter role in 2017 as a sophomore, and he provided a versatile skill set to the defense. He played over 100 snaps as an edge rusher, box player and slot defender in each of 2017, 2018 and 2019. Hudson played at least 200 snaps in each of those roles in 2019. After a strong start in his first year as a starter with a 79.2 overall grade as a sophomore, Hudson has come back down to TKLS last two years. He’s taken several steps back in coverage since that 2017 sophomore season in which he recorded two 66.4 breakups and no interceptions in the last two years combined.","Hudson is very much a tweener at the next level. He was a linebacker for Michigan about as much as Jabrill Peppers was in the same role. That's to say he's not. Hudson doesn't have near the physicality to play linebacker full-time in the NFL and isn't anything special in coverage for a slot cornerback. At that point you're looking at a possible nickel or dime safety being his best fit and we're limiting his value before he even steps foot on an NFL field.","Can man up on tight ends with Getting depth in his backpedal Despite positional designation, Developed a rough missed ease and has a good deal of comes naturally to him. Hudson has been picked on far too much in coverage the past couple seasons to make us confident he can play corner or safety full time. If a team tries to make him a full-time linebacker, it will be a massive transition for him. khaleke he's not a linebacker at this tackle habit in 2018. Double practice in Michigan’s D. point. Too small. digits past two seasons. Speed to run with even wide 3-year starter with at least Position played at Michigan is Rarely wanted any part of outs down the field. above average coverage closer to cornerback in the playing in the box. Got taken grades every year. NFL than linebacker. for rides. Flashed nice ball skills on Would get stuck on wide more targets back in 2017. receivers blocking for screens."
"231","Clay Johnston","Linebacker","Johnston is the son of a 24-year NFL strength coach and has two brothers who played collegiate football at Texas A&M and Tarleton State. While at Wylie High School in Abilene, Texas, Johnston earned all-state honors as a two-way player his senior season. On the defensive side of the ball, Johnston posted 17 tackles for loss, six sacks, six pass breakups and forced three fumbles. He wasn’t starting on offense until mid-year his senior year due to an injury to his teammate and ended up rushing for 1,050 yards and 19 touchdowns while also averaging over 20 yards a catch. As a three-star recruit, Johnston chose Baylor over Power-5 programs Duke and Texas Tech. Johnston has logged at least 200 snaps in each of his four seasons with Baylor and took the step forward that we all needed to see the last two seasons. His 2019 season was limited to only six games due to injury, but looking at that two-year sample, there wasn’t anything he didn’t do at an above-average level. His two- year overall grade ranked 36th of 354 qualifying linebackers and he was in the 80th percentile in grade as a run-defender, pass- TKLS that span and allowed only 306 yards and two touchdowns while making 11 total plays on the ball.","Short, undersized, middling athleticism, and poor length <-- that's usually a death knell type combination at the linebacker position in today's NFL, but if anyone can overcome it, it's Clay Johnston. His feet are tremendous and always ready to strike at any given moment. While he's not going to be confused for Devin White anytime soon, Johnston's not going to get outrun by the majority of tight ends in the NFL. He locks down his zone in underneath coverage and is excellent at reacting to route concepts in that area of the field. The worry is that even though he had no issues taking on blocks at Baylor last year, the NFL is a different animal. His quicks aren't going to be enough and he'll be asked to tackler running backs that are bigger, faster, and stronger than him pretty much every game.","uncoachable ferocity. No drops in Cover-2. Showed Short-area quicks is a plus. Helps with taking on blocks on Johnston has too many physical strikes against him to covet highly, but he plays the game in a way that I'd still take a chance on Day 3. He's far more than the sum of his physical tools. clay Drives through hits with Lot of experience with deep Well undersized at 6-1, 227 Extensive injury history. Knee pounds. Not particularly cost him most of 2019 hesitation. smooth hips. strong frame either. season. Middling athleticism for Can't have mistakes with his position. Worse when you reads. No makeup ability. screens. consider his size. No fear to his game. Takes on Length is poor (30 1/2"" arms). blocks like he's the bigger one in the interaction. Liability to get stuck on blocks."
"232","Kamal Martin","Kamal Martin","Kamal Martin played quarterback, linebacker/safety at Burnsville high school in Burnsville, Minnesota. As a senior, Martin completed 63 of 117 pass attempts for 877 yards and nine touchdowns, he also had 88 carries for 400 yards and eight touchdowns. Harris also had 79 tackles, 13 passes broken up, two forced fumbles and an interception. Martin’s Burnsville defense held opponents to 10 points or less in seven out of 11 games and had two shutouts. Martin was named First Team All- State by Associated Press as an all-purpose player. Martin began his collegiate career with the Gophers as an edge defender, but he was largely ineffective in that role as a true freshman. He picked up an overall grade of 58.7, posting a pretty strong 16% pressure rate with the help of some unblocked pressures and unimpressive wins. Martin’s role shifted dramatically during his sophomore season, as Minnesota opted to use him in a nearly perfect 50/50 split in the box and at slot cornerback on 621 defensive snaps, the most he would play in any single season. TKLS linebacker in his senior season last year, picking up a career-high 70.6 overall grade in a year that he missed five games due to 70.6 with Martin missing 10 or more each of the last two seasons.","We had high hopes that 2019 would be the year that the switch flipped for Martin. He went from a blitz-heavy role as a sophomore to a slot-heavy role as a junior to finally a traditional between the tackles role this past season. All the way along the line there was a common theme, a distinct lack of splash plays. There may be a productive football player hiding in there somewhere, but as now we've yet to see it.","Martin has the athleticism and experience playing over the slot in coverage, but it's translated to nothing resembling productive play on the field up to this point. kamal Gets up to speed in a hurry. Huge missed tackle problem Will likely test out with safety- that hasn't gone away in three esque athleticism. years as starter. Gets depth in a hurry. Potential Unproductive over career. Only to run MOF in Tampa-2. eight combined picks + PBUs in career. Been asked to match slot Not particularly explosive receivers in Minnesota's defense and didn't look out of taking on blocks."
"233","Kenneth Murray","Linebacker","Rated as a three-star recruit according to 247Sports and ESPN as part of the 2017 recruiting class, Kenneth Murray recorded 104 tackles, four sacks and six passes defensed as a senior before committing to Oklahoma and joining the program as an early enrollee. He chose the Sooners over offers from Baylor, Texas, Michigan, among others. In an in interview with the Sooners’ Athletics Communications department, Murray said he played all 11 positions on the defensive side of the ball at one point or another in high school but fell in love with the middle linebacker position. He said he loved “bring the smartest person on the field and trying to go out there and put my guys in a position to be a dominant defense.” Murray immediately stepped into a starting role on the Oklahoma defense as a true freshman in 2017, but he struggled out of the gates. He wasn’t providing consistent support in the run game nor in coverage, and he missed too many tackles with 17 on the season. He ended that freshman campaign with just a 52.9 overall grade. TKLS however, as he finished the year with grades of 64.8 or better as a run defender, tackler, pass rusher and in coverage. His 2019 68.3 Murray recorded a career-high 80.6 grade in coverage, improving 69.8 missed tackles.","If you're looking for pure coverage prowess, Murray won't be your guy. His feel for zone coverage is still a work in progress. You rarely see him break on passes or routes with any sort of anticipation and he also will lose guys running behind him. He single handedly can shut down a screen game though or limit any underneath passing attack. He'll be a weapon on blitzes at the next level too with some absurd explosiveness.","Closes to the flat so quickly. Looked like different player Murray's success at the next level is going to rely heavily on usage. He's not Mr. Do-it-all. He's a hunter in the middle of the field who will limit YAC and make plays in the opposing backfield. kenneth No ball production over his Attack angles in space are Limits run after catch. down the stretch in 2019. career. 4 PBUs in 3 years. poor. Will over run plays at Processing sped up a ton. times. Sideline to sideline range. No Consistency is all over the Different player going problem running with even place. Game to game can look backwards vs. going forwards. wide outs in space. like different player. Not as comfortable running seam. Shot out of a cannon when A step slow reacting in Limited coverage playing forward. One of most explosive LBs in country. coverage. Would be in perfect position and still cede catch responsibilities in Oklahoma's scheme."
"234","Dante Olson","Linebacker","According to 406 MT Sports, Olson claims the turning point of his football career was when he failed to secure a varsity spot his freshman year of high school at Cascade Christian that had only an enrollment size of 275. He then went on to be all-state in each of his next three seasons at linebacker and once at tight end and racked up numerous accolades from winning his team’s defensive player of the year to conference defensive MVP to state defensive MVP. In his senior year, Olson had 135 tackles and forced four fumbles while rushing for 583 yards and eight touchdowns. His father was once the head coach of NAIA Southern Oregon University from 1996-2004 and Olson was recruited to Montana by one of his former assistants. We only have data on his 2019 season with Montana, but his numbers in that year alone show how much he dominated FCS competition and was deserving of being a finalist for FCS Defensive Player of the Year. Olson posted an 87.7 coverage grade, which ranks among the 10 best we saw from FCS and FBS off-ball linebackers in 2019. His tackling could also easily be TKLS his 151 tackling attempts. Olson was tasked with rushing the passer 152 times in 2019 and came away with just 25 pressures, 86.1","Olson offers so many things to like at the linebacker position. He's one of the most skilled linebackers in the entire draft class with the way he defeats blocks and wraps up as a tackler. Unfortunately, the linebacker position isn't nearly as valuable as other positions on the defensive side of the ball. Man-match ability is king in the NFL, and Olson offers nothing in that regard. He takes a while to get up to speed, and even his top speed is nothing special. He's a liability in coverage waiting to happen.""","Olson simply won't have a chance in space athletically against agile running backs. As great as his feel for the game is, it's difficult to get past his athletic limitations. dante Incredibly productive. 65 Tackling form is damn near Borderline speed for the NFL. Strength is average taking on defensive stops last year. perfect every time. Low and Stuck between the tackles. blocks. Not many flatbacks of wraps up. OL on tape or nice blitzes. Instincts in the run game as Exposed in the open field Can't make up ground on wide good as it gets. Almost never against Oregon. Couldn't even runs. Not near the run caught out of gap. touch Travis Dye one-on-one. defender outside. Balance coming downhill is Noticeable lag when forced to special. Can knife under block and make play multiple gaps change directions."
"235","Jacob Phillips","Linebacker","Phillips recorded over 200 tackles in his two seasons at East Nashville Magnet High School, and he was ultimately the No. 1 inside linebacker in the 2017 recruiting class per 247Sports. Phillips had offers from over 20 schools, visiting Alabama, Notre Dame, Oklahoma, Oregon and Texas A&M. He committed to Oklahoma originally, but left the door open for LSU, telling Amos Morale III of the Times-Picayune, “They really want me bad and that’s the only (other) school I’m still letting talk to me.” Phillips ended up flipping his commitment to Ed Orgeron and LSU. Leading up to his 2017 freshman season, Phillips was involved in a rape investigation, but he was never charged or arrested. Given his data in coverage, it’s kind of a head-scratcher as to why Phillips opted to declare and not return to LSU. In his lone two years as starter at linebacker in 2018-19, Phillips produced a combined coverage grade that ranked 160th of 207 qualifying linebackers. Essentially, this screams buyer beware. He didn’t bring a whole lot to the table when it came to blitzing either. Phillips rushed the passer 79 and 64 times the last two years and TKLS strong tackler though, missing just 17 of his 184 tackling attempts the last two years.","I understand that there's not much left for Phillips to prove in college as a two-year starter with a national championship under his belt, but he's no the type of prospect like teammate Patrick Queen that you'd expect to declare early. He was the thumper in the middle of the LSU defense who was tasked with stuffing the run and often freed up with minimal coverage responsibilities in the middle of the LSU defense. The latter was for a reason as he showed little in the way of instincts or agility to be a plus coverage defender in the league.","Long limbed linebacker with Turns 21 in April before the Phillips has the ideal build and burst for the linebacker position in the NFL, but he's far from a difference maker in coverage. You have to like the room he has for development though late in the draft. jacob Straight line player. Changing Protected as hole player often ideal modern build. draft. directions once he was up to in LSU's man-heavy defense. speed was difficult. Can get going quickly in any Balance through contact in the Lost in coverage far too often. direction from a standstill. run game is some of best in Glorified placeholder in zone. Good initial burst. the class. One of the best tacklers in Top-end speed doesn’t look college football last year with only 5 misses on 97 attempts. anything special. Trailed a lot of crossers."
"236","Michael Pinckney","Linebacker","Michael Pinckney wanted to play at University of Miami when he was in the ninth-grade. Pinckney played high school football for Raines high school in Jacksonville, Florida. As a senior, Pinckney had 85 tackles, 10 tackles for loss, eight sacks and one interception. ESPN, Rivals, Scout and 247Sports all rated Pinckney as a three-star recruit. 247Sports ranked him the No. 19 inside linebacker nationally and ESPN and Rivals both ranked him the No 20 inside linebacker nationally. He had offers from Arkansas, Florida, Louisville, Nebraska and South Carolina. There was no gradual transition of Pinckney into the Miami defense. He was thrown into the fire as a freshman, playing 684 defensive snaps in 2016, and there were some struggles that came with that. The counting numbers – such as tackles – were there, but Pinckney recorded just a 59.7 overall grade in his first season of action. That improved in 2017, but not by a massive amount. Pinckney brought his grade up from 59.7 to 65.4 that second season. The big improvement came as a junior in 2018. Pinckney TKLS picking up a coverage grade of 91.3 and an overall grade of 84.8 that ranked third among ACC linebackers. Pinckney closed out his 76.5 playing between 600 and 700 defensive snaps.","With four years of starting experience under his belt and terrific coverage grades each of the past two seasons, I expected far more instinctiveness when watching Pinckney's tape. He's a middling athlete for the linebacker position in the NFL, but you can get away with that by stealing steps with quick processing. That's not quite the case with Pinckney. At his size (6-1, 230 pounds), you simply have to be more explosive than Pinckney is to be any sort of impact player at linebacker in the NFL.","Been sticky over career when Great flexibility to duck under 2018 tape was much better Explosiveness leaves a lot to Pinckney has been a solid coverage linebacker for college, but he lacks any sort of plus explosiveness or agility to make you think that will be the case in the NFL. michael manned up with backs and blocks. Has beaten guards 1- than what we've seen in 2019. be desired when you see him tight ends. on-1 in past. get going in a straight line. Hips flip with ease to run with Had double digit missed Doesn't play a physical brand seam and wheel routes. tackles every year of his of football. Finesse linebacker. career. Doesn't fall for head fakes on Handful of coverage busts on option routes underneath. Trusts his reads. his tape in 2019."
"237","S. Quarterman","Senior","Shaquille Quarterman, a native to Orange Park, Florida and graduate of Oakleaf High School, was a youth football legend before he starred at linebacker in his preps career. Darrion Owens, another Orange Park native and former teammate of Quarterman’s, said he remembers hearing about an “unstoppable” youth football player as a sophomore at Orange Park, per Matt Porter of Canes Watch. That youth football player was Quarterman, and he was similarly unstoppable in high school. Quarterman recorded 412 combined tackles, 23.5 tackles for loss and two interceptions in his four-year varsity career before committing to the University of Miami (Fla.) as a consensus four- star recruit in 2016. We were waiting to see Quarterman take that next step forward as a coverage defender, but it just really never happened. Quarterman, a four-year starter for Miami, posted a good 70.1 coverage grade in his first season but dropped that down to 62.9 in 2017 then down to 51.7 in 2018 before raising it back up marginally to 60.5 this past season. TKLS defense in 2019 by recording a career high 88.2 run-defense grade (previous high was 73.9 in 2018). That being said, strong 80.7 Quarterman gave up six touchdowns and had just one 74.2 rating allowed.","Quarterman has some real deal power behind his hands. That showed up consistently as a blitzer where he racked up over 20 pressures each of the past three seasons despite never blitzing more than 98 times in a year. The man can play physical football, but that's a ways down the checklist of needs for linebackers today. He's not particularly fast, not particularly quick, and not particularly bendy. He's not going to be much of a value add in coverage at the NFL level unless given a limited coverage responsibility.","Moves as a pass-rusher that make you might be able to Teams that blitz the hell out of their off-ball linebackers should covet Quarterman's skillset. Teams that don't...probably best to look elsewhere. shaquille Change of direction ability is Motor not always at full sub-par for coverage backer in throttle. Jogged after plays move to edge. NFL. downfield. When he hits you, you feel it. Consistent problem whiffing in Gets cute and tries to duck Packs a punch. space. 57 misses on 388 around blocks too much for attempts in career. how strong he is. Extensive wingspan. Swatted Difficult for him to throttle blockers to the side with his length. down when he gets up to speed. Overruns plays."
"238","Patrick Queen","Linebacker","Coming out of Livonia High School at 6-foot, 209 pounds, Queen was listed as one of the top athletes in the country by 247Sports. He played both running back and linebacker at Livonia, combining for 1,487 rushing yards and 19 touchdowns along with 66 tackles and six pass breakups in his senior season per LSU’s official website. He didn’t start on defense until his final season at Livonia. Queen chose LSU over six other offers that included Indiana, Louisiana Tech, Nebraska, South Alabama, Tulane and Queen played just 250 snaps and started four games in 2018 and displayed some promising reps in coverage by allowing just 49 yards on 92 coverage snaps. He didn’t start for LSU in. the 2019 season for the first three weeks, but once named the starter he continued to deliver in coverage by producing an 82.0 coverage grade which ranked 12th among FBS off-ball linebackers. The fact he allowed just half a yard per coverage snap in his first full season with significant snaps against the SEC is incredibly impressive. His run-defense wasn’t as hot as his TKLS linebacker’s performance in coverage is the most important part of their job on the field and Queen clearly did that at a high level.","Table of Contents The one question left unanswered after watching Queen's tape at LSU this past season was, 'how the hell was he not starting earlier?'. After digging more into it, Coach Ed Orgeron suggested it was his play against the run - which I get - but that's not near the needle mover for us here at PFF that play-making ability in coverage is. Those run defense concerns really only relate to taking on blockers consistently. He keyed multiple stops crucial goal-line series in the first quarter against Texas with his ability to get lateral in a hurry. Queen could still stand to add some muscle to his frame, but you can't do too much better in a one season sample to raise your draft stock.","angle routes out of backfield. While he might look more like a safety than a linebacker at the moment, he's got enough explosiveness to make up for it. He's still a raw athlete though who is only picking up the intricacies of zone coverage. Unteachable tools though. patrick Consistently on-balance. Won't turn 21 until just before Very slight for the position. Overly excited to play downhill. Showed up well guarding next season. Has a good amount of filling Can get trapped on wide runs out to do still. and vs. play action. Smoothness to his game you Click and close ability on Awareness when receivers can't coach. Can see it flipping throws underneath as good as enter his zone is lacking. Still hips when dropping into zone. anyone's in the class. stares down QB. Enough juice to still thump Only 3 picks + pass breakups blockers. Technique needs work, but won't get taken for in career. Makes more plays coming forward than on ball."
"239","Isaiah Simmons","Isaiah Simmons","Playing wide receiver and defensive back at Kansas’ Olathe North High School, Isaiah Simmons recorded 82 receptions for 815 yards and nine touchdowns on the offensive end and added 95 tackles, eight passes defensed and two interceptions on defense, per Kathleen Gier of the Kansas City Star. The 6-foot-3, 205-pound safety prospect earned three-star status from 247Sports and received 11 offers as part of the 2016 recruiting class. Simmons committed to Clemson over offers from Michigan, Nebraksa and Missouri. In addition to his star performances on the gridiron, Simmons was the state champion in the long jump in 2014 and 2015, per Clemson’s official athletic site. He career-best jump was 23-8. Simmons is one of the more unique defensive prospects to enter the NFL Draft in recent seasons. After redshirting in 2016, Simmons played 274 snaps during the 2017 season, primarily at safety, and he graded above 75.0 as a run defender and in coverage. 2018 came around and it was time for Simmons to TKLS alignments. He excelled during that 2018 season with an overall grade of 88.9, allowing a passer rating of 81.5 and making 35 88.5 could play every position on the defense, he passed. Simmons 88.9 safety, free safety and slot cornerback, all while grading out above 80.0 as a run defender, tackler, pass rusher and coverage","Whether it's the speed, the explosiveness, the length, the versatility, you name it, Simmons is probably elite at it. There really is no precedent for the skillset he brings to the table. The closest I can think of is someone like Derwin James coming out of Florida State, but Simmons is considerably larger still. That's not to say that there isn't any bad on Simmons tape. No one is perfect. But the good - executing countless different roles in Clemson's 3-1-7 defense - far, far outweighs the bad.","While his versatility is his calling card, you really can't go wrong with whatever role you want Simmons to fill in your defense. He's that special. isaiah Whatever is beyond elite Height and wingspan to shut Built far more like a S than a Length gives him room for athletically. Could probably down passing lanes in the LB at this point and role at error as tackles, but has play CB if he wanted to. middle of the field and breakup Clemson was closer to NFL S. overran ball carriers in space. passes. Manned up on slot receivers Reacts to throws underneath Plays high coverage in space Stiffer than you'd want if you're and held his own. Makeup in the blink of an eye. Sideline in zone. Led to some balance playing him at deep safety. speed to run with anyone to sideline coverage ability. issues when changing down the field. directions. Oily hips. Difficult to see a One-man screen defense when Yet to really play between the tight end ever beating him up the seam. guarding slot. WRs couldn't take him one-on-one. tackles. Taking on blocks is an unknown."
"240","Justin Strnad","Linebacker","Strnad was part of a strong East Lake high school team that went undefeated in both 2013 and 2014, bowing out in the 7A state semifinal in Florida both years. Per Wake Forest’s official athletic site, he finished his senior season with 81 tackles, eight pass breakups, three sacks and three interceptions. Strnad wasn’t highly recruited, however, coming in as just a three-star recruit that was listed as the 1,550th overall recruit in the nation by 247Sports. He committed to Wake Forest over offers from 17 other schools including UCF, Iowa State, Illinois and Duke. Strnad has consistently been one of the better linebackers in coverage in his career at Wake Forest. In each of the last two seasons, Strnad has posted 80.0-plus coverage grade which formed a two-year coverage grade that was among the 10 best at his position. Overall in his four-year career, he’s allowed 0.65 yards per coverage snap and just 67 catches on 942 coverage snaps. While his coverage performance was great, Strnad’s run defense was average at best for his position. His career high run-defense TKLS","Strnad was a massive key to the Wake Forest defense throughout his four-year career. Without him the Demon Deacons fell apart down the stretch in ACC play. He's a solid athlete who made plays all over the field in coverage. He's a touch undersized though and athletically very much just a guy in the NFL. If you're not going to be a high-level coverage athlete in the league, you better at least play the run or take on linemen as a blitzer exceptionally well. Unfortunately, Strnad does neither. At that point you're talking about a likely special teamer.","linebackers in the class. Plays Strnad simply doesn't have many tools that get us excited about his NFL prospects. He was a solid college linebacker who projects to a depth piece in the league. At his age, I'm not sure there's much room to improve either. justin One of the most patient Undersized and not Will turn 24 as a rookie. particularly explosive to very under control. makeup for it. Fluid change of direction Don't want him trying to stack Missed second half of 2019 ability. See it when picking up offensive linemen or blitz. Not season with a torn biceps receivers running through his game. tendon. zone. Four straight seasons with Not much juice behind him as above average coverage grades. a tackler. Can get dragged."
"241","Davion Taylor","Davion Taylor","According to Matt Hayes of Bleacher Report, Davion Taylor played in just one high school game. His mother is a member of the Seventh-Day Adventist Church that is distinguished by its observance of Saturday, so he did not participate in sporting activities from Friday night until Sunday morning. He practiced with the football team all week but walked two blocks home rather than onto the field for each week’s game, per Hayes. The only game he played in was the first of his senior season because the sun didn’t set until 8:30pm that Friday night. He did, however, play basketball and competed with the track and field team. Taylor was free to make his own decisions at 18 and elected to pursue football at the JUCO level. He started the last three games of his first season at Mississippi’s Coahoma Community College before accepting an offer to go to Colorado. He was ranked by 247Sports.com as a four-star prospect, the seventh-ranked junior college prospect in the country and No. 1 at outside linebacker, per Colorado’s official athletic site. He was also an All-Pac-12 performer in the 100-meter dash during his time with the Buffs. TKLS has been starting in their overhang role ever since. He had an impressive junior campaign that saw him earn a run defense 62.4 utilized far more often as a pass-rusher, but he was relatively 75.0 his grades took steps back in both run defense (67.3) and in coverage (58.8) as he still looked like he was learning the","When you ask Taylor to locate a moving target in front of him, he looks almost as good as any linebacker in the country. While that's certainly a valuable skill to possess in the NFL, the position is far more nuanced than that in the vast majority of NFL schemes. Taylor has almost no experience playing between the tackles or taking on blocks. That's not always a big concern, but when you're as undersized as Taylor it's noteworthy. All that adds up to make him a massive projection going from his role at Colorado to the NFL.","Closes unbelievably quickly to Solid tackling form. 20 misses Built far closer to a safety than So many spot drops in the flat. Straight line speed is a on 144 attempts in career. an NFL linebacker. Not much Colorado's defense. Tough to There's not much about Taylor that screams NFL linebacker outside of his raw explosiveness. There's far more that goes into the position than simply that though and he needs to develop most of it. davion big, big plus. to him. get a feel for him reading routes. Blows up screens when he Played the overhang role for Looks uncomfortable in his wants to. Flashes a good Colorado that's closer to a slot drops. Gaining depth doesn't recklessness to him. corner than it is a box player. come naturally. Barely played in high school Block destruction technique is Stays locked in on QB and still looks relatively new to position. very inconsistent. Will attack with arms at side at times. throughout play. Little feel for who's passing through his"
"242","Mykal Walker","Mykal Walker","Walker was an athlete by nature in high school at Vacaville, lettering in football, basketball and track. He was a state finalist in the 4x100m and 4x400m in 2014, but clearly football was his calling card. Walker played free safety, linebacker, running back and even returned some kicks. In his senior year, Walker had 577 yards and eight touchdowns on eight carries and racked up 112 tackles on defense. After spending a couple of seasons at Azusa Pacific and earning all-conference honors his second year, Walker transferred to Fresno State. Walker has been a hybrid linebacker at Fresno State, sometimes playing off-ball and sometimes playing on the edge. Regardless of role, his tackling has been sharp as he has missed only nine tackles on 165 attempts the last two years. However, there’s a concern with his size as a pass-rusher, and it showed on those reps, as his pass-rush grades sat at just 64.8 and 60.1 the last two years while he generated only 55 pressures on 560 pass-rush reps. Walker’s pass-rush grades sat at just 64.8 and 60.1 the last two years and generated only 55 pressures on 560 pass-rush TKLS allowing zero touchdowns, 17 catches and 145 yards on his 384 coverage snaps while intercepting one and breaking up two.","Walker briefly spent time as an off-ball linebacker for the Fresno State defense early on in 2019 before kicking back to the edge midway through the season (he played edge in 2018 as well). At 6-3, 230 pounds, though Walker ain't playing off the edge in the NFL. Unlike a lot of edge- rushers-turned-off-ball linebackers, Walker is no sure thing as a blitzer with how ineffective he was rushing the passer. In the four games he did play off-ball, Walker had his eyes firmly locked in on opposing QBs and let a number of routes develop without so much as reacting. He has some athletic tools but is a project at this point.","When he hits guys, they feel it. Won with physicality off edge Walker is an edge/off-ball tweener that has to move off-ball in the NFL. With middling athleticism and rough tape in the limited time he played there at Fresno State, there's not much to get excited about. mykal Lost when asked to play in Spot drops in Fresno State Can bring some pow even coverage. Stared down QB. defense. Not asked to mirror. without a run up. Limited pass-rushing moves. and not pure quicks. Lot of nothing rushes. Doesn't project as great blitzer. Very productive run defender. Only four games as off-ball Knew when to take chances getting into backfield. linebacker in career."
"243","Evan Weaver","Evan Weaver","Evan Weaver put up gaudy numbers at the high school level. The 6-foot-3, 230-pound Spokane, Washington, native recorded 393 tackles, 78 tackles for loss, 45 sacks and 14 forced fumbles as a three-year starter at Gonzaga Preparatory School. He also was named Washington State Player of the Year by the Tacoma News Tribune and Defensive State Player of the Year by the Seattle Times, per the University of California’s official athletic site. In addition to football, Weaver turned in a .294 batting average as a junior on the diamond. Weaver’s college career had reached a peak following a 2018 junior season in which he earned second-team All-America honors from us at PFF. He increased his overall grade and snap count each season from 2016 to 2018, going a grade of 58.2 in 176 snaps as a freshman to an elite grade of 91.5 in 881 snaps as a junior behind 80.0-plus grades in run defense, coverage, tackling and as a pass rusher. Things didn’t go quite as smoothly in his senior year, as Weaver recorded an overall grade of 67.4, thanks largely to struggles in TKLS that Weaver has excelled throughout his career at Cal has been tackling. He recorded over 70 more total tackles than any other 68.0 tackling grades of 85.0 or better each of the past three years.","Thirty years ago Weaver could very well have been a first-round pick. He's a throwback in every sense of the word. While he relishes the physical nature of football, his physical tools are what unfortunately keeps him low on our board. He's just a borderline athlete at a position that is almost akin to cornerback nowadays with how important speed is. You can't coach his effort though and it should be a nice addition to core special teams somewhere.","Nose for the football. Second- High-motor. Special teams ace most stops in country each of from day 1. Weaver should have a healthy NFL career as a special teamer. His lack of athleticism makes a starting role an uphill climb at this point. evan Athleticism is right at or maybe below NFL threshold. past two years. Lumbers around the field. Fundamental tackler. Misses Plays high even when taking are usually result of athletic on blocks. limitations not form. Sticks RBs in their tracks. Not Spot drops in coverage. Hid yielding YAC. his athletic limitations."
"244","Logan Wilson","Linebacker","Per 247Sports Composite, Logan Wilson received just one offer (Wyoming) as a two-star recruit coming out of Wyoming’s Natrona County High School in 2015. According to Wyoming’s official athletic site, Wilson was named to the Wyoming Coaches Association Class 4A All-State team as a defensive back and wide receiver in 2013 and 2014. He was also an All-State punter for three consecutive seasons. Wilson took a redshirt year as a freshman and played linebacker for the scout team defense all throughout that season. Wilson is just your everyday four-year starter with 3,618 snaps under his belt. His freshman year was nothing like the player we see today as Wilson earned a 54.3 overall grade. Since then, he's never been lower than 80.0 as he's had one of the most productive careers we've ever graded at PFF. Where's he's really shined is as a blitzer over the course of his career. On 229 career pass-rushing snaps, Wilson has 51 pressures. Going one-on-one with running backs is a breeze for the Wyoming linebacker. This past season, Wilson graded out at TKLS grade. He set a career high for run defense grade (91.6), tied it for coverage (81.3) and nearly matched it as a pass-rusher (85.5). 90.5","Wilson is a throwback to a different era at his listed 6- 2, 250 pounds. That's not necessarily a bad thing though in today's NFL as guys like the Texans Benardrick McKinney, Cowboys Leighton Vander Esch, and Patriots Dont'a Hightower have made a living in the NFL at 250+. The common thread though is being able to add on as a blitzer and Wilson should certainly be able to do that. He's explosive moving forward even if he has his limitations in coverage. Against the run, he seems like one of the closest to a sure thing in this class.","Throwback, hulking linebacker Overall grade improved every Wilson's lack of agility is a tough pill to swallow in today's NFL. He’s explosive enough though and offers enough as a blitzer to still be a potential 3-down linebacker in the NFL. logan Tendency to play high in Very little man coverage who doesn't let go when he single year of his career. space. Limits his change of experience and even less gets his mitts on you. direction ability. against good competition. Flashes smoother hips than Extremely durable with 3,618 Doesn't fit the 'modern' you'd expect from 250 career snaps. linebacker mold from a pounder. size/athleticism standpoint. Consistent ball production Enjoys taking on blocks. Has a Simple coverage schemes at with 10 career interceptions and at least one a season. number of ways to defeat them. Wyoming. Did little more than stare at QB."
"245","David Woodward","Linebacker","A superstar athlete at Washington’s Olympia High School, David Woodward starred playing football, basketball and track and field in his preps career. The 6-foot-3, 195-pounder missed his junior season due to injury and was overlooked in the recruiting process as a result. Utah State was the only school to offer Woodard a scholarship as a two-star safety recruit, and he jumped at the opportunity. Significant injuries kept Woodward off the football field over the course of his collegiate career at Utah State. He suffered from back injuries and concussions before suffering a season-ending injury in Week 9 this past season. When healthy, he has been a dominant force. He earned an impressive 92.3 overall grade, 92.3 PFF run-defense grade and 91.5 PFF coverage grade across 768 defensive snaps in 2018. He then earned an 82.3 overall grade across 499 defensive snaps before being sidelined due to injury in 2019. He’s a tackling machine that always finds his way to the football, but injury concerns will be significant in his evaluation. TKLS","Woodward has been one of the most productive linebackers in college football, racking up 84 stops over the past couple seasons. While he's a bit thin for the position, there's reason to believe he can still hack it in the NFL. His agility and balance are fantastic. He tracks down ball carriers in space far better than his raw testing numbers would suggest. He may not be a difference maker, but he can be a competent starter in the league.","Woodward has a combination of instincts and tackling prowess that at least gives him a reasonable floor at the next level. While his ceiling won't get him drafted highly, you won't be too upset if Woodward gets thrust into a starting role early. david One of the best tacklers in Smooth hips to get in stride Power leaves something to be Not asked to do a ton in Utah country. Only 13 misses on with receivers on drags or tight desired. Can get annihilated by State's scheme. Pure spot 312 attempts past two years. ends up the seam. blocks. drops. Legit lateral agility. Flies to the Gets caught peaking in Barely tested in coverage. 65 flat from a standstill. backfield in zone. Would lose career targets. receivers getting passed off to him. Excellent awareness. Takes on Low level of competition. blocks without taking eyes off ball carrier."
"246","Damon Arnette","Cornerback","Coming off a 7A state championship as a senior with the talent- rich St. Thomas Aquinas High School in Fort Lauderdale, Florida, Arnette had several high-profile offers headlined by Ohio State, Michigan and South Carolina. The 6-foot-0, 195-pound cornerback originally committed to play for Steve Spurrier and the South Carolina Gamecocks, but following a visit to Ohio State, Arnette flipped his commitment to Urban Meyer and the Buckeyes. Arnette was listed as the 62nd cornerback in the 2015 recruiting class – a three-star recruit – after earning honorable mention all-defense honors in Broward County. Arnette has been starting for three straight seasons now for the Buckeyes and has earned nearly identical grades every single one of those years. He went from a 71.1 coverage grade in 2017, to 71.8 in 2018, to 74.9 this past season. Statistically though, Arnette took a massive leap this past season. After allowing over 800 yards in 2017 and 2018 combined and a completion percentage over 60 each of those REC years, Arnette only allowed 306 yards on 25-56 targets (44.6%) in 2019. Arnette's lack of ball production has been a continuous concern though. He's picked off only four passes in those three 2019","At such a traits-based position like cornerback, it's rare to see a top prospect as old as Arnette. While he was one of the stingier cornerbacks in college football, he was also a literal man amongst boys at 23 years old all last season. That's a tad concerning when Arnette wasn't really heralded as any sort of top prospect until this past season. He does a lot of things well, but I'm not sure there's any one thing Arnette can hang his hat on. On the flip side, I'm not sure there's any real holes in his game either. For that reason he can fit in basically any scheme in the NFL meaning he won't be off many boards. There simply isn't enough high-end for us to get excited about early on in the draft.","volleyball player going for a despite playing with broken Played faster than his 40. Saw significant time in slot Arnette is one of the most solid all-around cornerbacks in this class. He has the size and traits to play in any scheme. Already 23 years old though with an average grading profile, Arnette doesn’t have much that gets you excited in the early rounds. damon Attacks the catch point like a Had career year in 2019 Bad habit of chucking WRs Will turn 24 years old early on instead of flipping hips to in his rookie season. spike. wrist and cast on hand. transition on deep routes. Too many stumbles on his Three straight years of Closed ground in a hurry when back in 2017. breaks from off coverage. middling grades. Never earned lost a step. Balance can be iffy. higher than 74.9 in coverage. Played in diverse, pro-style Plus agility. Can get lateral Feet do him no favors at the Physicality along the route is coverage scheme at Ohio State. quickly from a standstill. line of scrimmage. Quintez Cephus spun him around a few average. Can get bodied by physical WRs."
"247","Essang Bassey","Cornerback","The 5-foot-10, 185-pound Essang Bassey received just six offers before committing to Wake Forest as a three-star cornerback recruit in June 2015. At the high school level, Bassey recorded 50 tackles, and interception, 536 rushing yards and 577 receiving yards as a senior at Georgia’s Columbus High School, per Wake Forest’s official athletic site. Per SB Nation’s Blogger So Dear, Bassey recorded a 4.60-second 40-yard dash and a 41-inch vertical in a camp prior to joining the Demon Deacons. Bassey saw limited action as a true freshman for Wake Forest in 2016, playing 200 defensive snaps with the majority coming in two starts against Florida State and Army. Since that point, he has been a reliable starter for the Wake Forest defense. He played 800 or more snaps in each of the 2017, 2018 and 2019 seasons with PFF overall grades of 70.0 or higher each year, including two seasons graded above 80.0 in 2017 and 2018. Over the past three seasons, no cornerback in the class has played more snaps (2,806) or broken up more passes (35) than Bassey has. He may be undersized at 5-foot-10, but Bassey has REC proven to be a durable player with a nose for the football in his time as a Demon Deacon.","Bassey has an interesting combination of skills. On one hand, his ability to read and react in zone coverage might be the best of any corner in this class. He racked up 35 pass breakups the past three years with that ability. On the other hand, he's been a dreadful tackler over that same span with 41 missed tackles. Those two don't quite mesh well as tackling is a requirement to play zone in the NFL. You can teach better tackling form though with his athletic ability, I'm not sure you can teach his instincts. That's why we're still relatively high on him.","Greasy hips. Can go from Agility is top notch. Has bright Very undersized. Listed at 5- Doesn't have elite speed to shuffling out to breaking in any future in slot if outside doesn't Bassey has uncoachable instincts at the cornerback position. He may end up in the slot in the NFL, but that's still a very valuable role. essang 10, 190 pounds which make up for size deficiency. direction with ease. work out. probably means he's 5-9. Exceptional zone discipline. Made a ton of plays on the ball Lack of size already showed Limited experience in press. Confident sitting between on the intermediate route tree. up. No answer in red zone (9 Only 135 press snaps past two routes knowing he can get to Not easy to do. TDs last 2 years). years. both. Eyes cue both QB and WR at Toes line between anticipating Not as good a tackler as you same time in off-coverage. Not staring one down. routes and guessing. Burned by a good deal of double want in zone. 15+ MTs each of last two years."
"248","Shyheim Carter","Cornerback","Shyheim Carter received 16 offers as a four-star recruit coming out of Louisiana’s Kentwood High School in 2016. He starred at Kentwood both at cornerback and quarterback, recording 57 tackles and five interceptions while also passing for 2,443 yards, rushing for 1,648 yards and scoring 30 touchdowns on the offensive side of the ball, per Alabama’s official athletic site. Carter first committed to ‘Bama ahead of his junior season but reopened his recruitment in August 2015, per Tim Daniels of Bleacher Report. He then recommitted to the Crimson Tide in February 2016. After playing just 170 snaps in his first two seasons, Shyheim Carter was Alabama’s starting slot corner in 2018 and 2019 and was one of the best in the country against stiff competition in the SEC. He allowed over 50 yards in coverage in just one game the last couple of seasons and had a two-year slot coverage grade that was among the five best in the FBS. Though Carter was a far better player in 2018 – he had an 87.3 coverage grade and combined to force 11 interceptions and pass breakups. In 2019, REC his coverage grade dipped down to 72.3 and allowed as many touchdowns as interceptions plus pass breakups (three).","Carter is caught in no man's land a bit when projecting to the NFL. He was quite firmly a slot only for Alabama which almost never projects well to actual outside corner in the NFL. At 6-0 and under 200 pounds, he's on the small end when projecting for safety in the NFL as well. That would be fine if he could make up for it with some high-end physical tools, but he's got a fairly middling athletic profile. Anytime someone is pigeonholed before they even step on an NFL field it's going to diminish their value and it's not as if he was particularly productive over the course of his career in the slot at Alabama.","Sees route concepts develop off and locate assignment. Physical play style. Sticks his With middling production and athletic profile, Carter doesn't have much to get excited about in the NFL. He's a slot corner with plus instincts, but there's a lot of those kicking around the league. shyheim Speed is nothing special. Got Step slow transitioning to at a high level. Quick to pass torched when asked to run vertical routes. seam. Physical, but not physically nose in it at the catch point. imposing. Saw him get blocked on screens too much. Willing and able adding in run Such limited coverage support. Bodes well for possible safety transition. responsibilities as slot in Alabama's defense. Small"
"249","Brian Cole Ii","Cornerback","Brian Cole II was tagged as a four-star athlete and the No. 1 player in the state of Michigan by 247Sports Composite coming out of Saginaw’s Heritage High School in 2015. He fielded offers from Ohio State, Nebraska, Wisconsin, Purdue and Michigan before committing to his home-state Wolverines. Cole practiced at receiver and defensive back at Michigan and played just three games (mostly special teams) as a freshman before injuries pushed him off the field. He was dismissed from the team in the January following his freshman season. Per Anthony Broome of SB Nation’s maizenbrew.com, Cole was in “hot water with the coaching staff” throughout his freshman campaign. He then transferred to East Mississippi Community College and blossomed into a top-five JUCO safety according to 247Sports. He accepted an offer from Mississippi State in 2017 but sat out the season due to academic reasons, per Mississippi State’s official athletic site. Cole started his career off at Michigan all the way back in 2015 where he actually played receiver. He would eventually transfer to REC junior college in 2016 before enrolling at Mississippi State in 2017. In what would be his redshirt junior year of 2018, Cole finally saw playing time on the defensive side of the ball earning a 2019 past season and looked out of his depth. He allowed 47-63 127 to slice it, Cole had a rough go in his only year as a starter.","It's fair to say that 1. Cole was playing out of position at slot corner in Mississippi State's defense and 2. A change of positions may not make a huge difference for him. There simply wasn't much on his tape that was encouraging from a coverage perspective. He struggled to maintain speed when flipping his hips and was completely lost trying to locate the football. Those are rough traits when projecting to any coverage first position. He's a fine athlete otherwise, but that won't overcome those deficiencies.","Brick of a defensive back at 6- Cole lacks any sort of feel for the defensive side of the ball. He'll likely have to come down to the box full-time to have a chance at success in the NFL with how poorly he handled anything deep. brian Flat-out did not perform well Doesn't play the catch point 2, 210 pounds. Very much this season by any grade or well at all. Didn't have a single looks the part. statistical measure. pass breakup in his career. Was a full-time slot corner, but Shoots upright when flipping Doesn't attack blocks the way that's likely not his best role in his hips. Doesn't stay low you'd expect. Content to sit the NFL. through transition. and wait on screens. Sends running backs Looked lost trying to defend backward when he squares up. Explosive lower half. any sort of vertical route from the slot."
"250","C. Dantzler","Mississippi State Athletics","A consensus three-star athlete coming out of Louisiana’s St. Thomas Aquinas High School in 2016, Cameron Dantzler was a 6- foot-2, 170-pound recruit with notable production on the offensive and defensive side of the ball in high school. He recorded 1,901 rushing yards, 1,381 passing yards, 37 combined touchdowns and two interceptions as a senior in 2015. He also logged a school- best 23-3 ¼ long jump to win a state championship as a senior, per Mississippi State’s official athletic site. Dantzler chose Mississippi State over offers from Texas Tech, Utah and four others. Dantzler earned 77.0-plus PFF coverage grades in 2018 and 2019. This past season, he didn’t allow more than 77 yards in any single game. He also recorded 14 passes defensed and four interceptions in his last two seasons at Mississippi State. He showed off great match-and-mirror ability in man coverage and should see significant interest from man-heavy NFL teams despite his slight frame. REC","Dantzler is the kind of prospect where you have to take in a large sample size before it really sets in how good he is. The more I watch, the more I find myself saying, 'where are the losses?' He simply doesn't have many. His press technique is outstanding and he's physical without being overly grabby like some. He's a very natural athlete who's made plays on the ball equally as much in both zone and man. With ideal height, length, and speed for the position, the only thing missing is strength. I can't think of a single cornerback as skinny as Dantzler was last season playing in the NFL. If he lives in the weight room and the kitchen this offseason, look out.","WRs hate to see him lined up Knows when and when not to Built like a stick. Little muscle Missed three games this past in press. Lives in WRs shoulder turn around to look for ball. mass throughout entire frame. season with injury. Patient in his press. Not trying When he locates ball in air, he Length can be a crutch for If you could guarantee me Dantzler could add 15 pounds of muscle, he'd likely be the second cornerback on our draft board. With a talented all-around profile, his lack of any sort of strength is worrisome projecting to the NFL. cameron pads. to stone them, but rather latch turns into the WR instead of him. Feet stall knowing he can on minimize space. simply playing the catch point. just hang on WRs. Gives no room for error in the Not solely a man corner. Made Difficult to gauge overall red zone. Has allowed one touchdown in his career. some beautiful plays in zone in athleticism as he rarely had to run and chase. 4.64 40 at"
"251","Javaris Davis","Cornerback","Davis was a four-star, top-300 prospect overall coming out of high school according to 247Sports and received offers from numerous Power-5 programs before committing to Auburn. While at Ed White High School in Jacksonville, Florida, Davis played corner, running back and wide receiver and earned first-team all- state in Class 6A as well as Jacksonville Player of the Year while also finishing runner-up at state at 100 meters 4x100 in track. Davis comes from an impressive line of football blood. Davis' uncle, Keith Frazier, used to play in the NFL, as did his cousins, Vontae Davis (former Dolphins, Colts and Bills cornerback) and Vernon Davis (49ers, Broncos and Redskins tight end). Davis has been a key player for Auburn, logging over 400 snaps in each of his four seasons, and he has shown the ability to play in the slot or on the outside. He was incredibly consistent in those four years, too, as he posted PFF coverage grades between 79.9 and 82.9 in all four years. Davis has surrendered less than a yard per coverage snap in every single season played and combined to produce 31 pass breakups and interceptions while allowing just REC four touchdowns on his 1,170 coverage snaps. He allowed more than 40 receiving yards into his coverage in just seven of his 48 games played.","Despite his speed, there are few defenses in the NFL that will even consider Davis as an outside corner at his size. That's probably for the best after seeing him struggle to stick with opposing receivers in the one-on- ones at the Senior Bowl. Playing the slot should alleviate some concerns on tape on how he plays the ball on vertical routes, but there are still some major concerns that won't be alleviated. His instincts as an underneath zone defender are middling and it's rare to see him break on a route in unison with a receiver. He's got a solid grading profile though and the temperament to play above his weight.","Far faster than your average Played a good deal of wide slot. In hip pocket of just about corner in college as well. 286 There's a sloppiness to Davis' game that's worrisome. He needs to be extremely consistent with his technique to overcome his lack of size in the NFL and he's not particularly close to that at the moment. javaris So tiny. Catch point work was Lazy with feet at the line. already issue in college. Relies on hands and speed to every crosser. snaps last year. save him. Stops pedal and drives on Doesn't shy away from Doesn't get off blocks vs. Agility doesn't match speed. hitches so well. contact. Willing to get up and screens. Has to play around. Not terribly smooth. get physical in press. Well above-average coverage First reaction is to grab grades all 4 years of his career. downfield. 6 penalties each of last two seasons."
"252","Trevon Diggs","Cornerback","Hailing from Rockville, Maryland, Trevon Diggs was heavily pursued by the University of Maryland but ultimately opted for the University of Alabama. The 6-foot, 183-pound four-star recruit committed to ‘Bama in November 2015. Trevon’s older brother is Minnesota Vikings star wide receiver Stefon Diggs. Trevon was named a two-time All-Met wide receiver by the Washington Post and played offense, defense and special teams for the Crimson Tide as a true freshman in 2016, totaling 88 receiving yards, a receiving touchdown, five tackles, a forced fumble and 166 kick return yards in the process. He didn’t make a full-time switch to the defensive side of the ball until his sophomore campaign Diggs’ primary role as a freshman in 2016 came on special teams, returning 21 kicks and punts on the season, while also seeing minimal time on offense (11 receptions for 88 yards and a touchdown) and defense. Diggs continued to see action in the return game as a sophomore, but he made the shift to defense full-time, playing 111 snaps and allowing seven of the 12 passes REC into his coverage to be completed for 62 yards and two touchdowns. He started the first six games of the 2018 season at cornerback, earning an overall grade of 75.5, before a foot injury 2019 His breakout came as a senior this past season. Diggs used his 2018 outside all season. He earned a coverage grade of 90.1 while allowing a completion rate of just 42.3% and forcing","There are long corners and then there's Trevon Diggs. He looks like he missed his calling as a defensive specialist in the NBA. Diggs' ability to end wide receivers at the line of scrimmage is something that NFL teams are going to love. His movement skills and speed are concerns, but the were concerns for Richard Sherman too. Guys with Diggs' length and craftiness at the position don't need to have silky-smooth mirroring ability. That's obviously not going to be everyone's cup of tea, but any press-zone team or press-man team that plays matchups should vie heavily for Diggs' services.","Locked down the vertical route Made multiple plays on the Diggs may get a 'scheme limited' or 'role limited' label, but when you dominate in that scheme or role does it really matter? He won't be for every team, but any press-heavy teams should covet Diggs highly. trevon Handles stronger WRs with Diverse coverage scheme and Change of direction ability is Completely different player ease. Built to give big guys fits. responsibilities at Alabama. lacking. Not smooth out of when he doesn't get to contact breaks. WR. Rarely stays in phase. Catches WRs in off coverage Makeup speed isn't there. tree from press. Highest grade football outside of his zone. instead of flipping hips and among draft CBs (100+ Heady player. running. Won't work in NFL. snaps). Quick to get eyes back to QB, Such limited experience with Ja'Marr Chase got physical locate ball, and attack. 703 career coverage snaps. with him and Diggs sloppiness got exposed."
"253","Kristian Fulton","Kristian Fulton","According to 247Sports Composite Rankings, Kristian Fulton was Louisiana’s No. 1 cornerback and No. 2 overall player as a five-star recruit entering the 2016 recruiting class. Fulton committed to LSU over Florida and 24 other offers. He took official visits to LSU, Arkansas and Florida in late January, but no program could keep him from staying in-state and joining the Tigers. Fulton earned Defensive Player of the Year honors on the New Orleans Times-Picayune All-Metro list in 2014 and 2015, per LSU’s official athletic site. After not playing a single snap for over a year and a half due to suspension, Fulton was thrown into a starting role at outside corner prior to the 2018 season and made an immediate impact. He allowed just 17 of 41 targets to be caught and produced an 89.7 coverage grade in 2018. This past season, Fulton’s coverage grade was among the 10 best at his position, and he had the third highest forced incompletion rate at 29.0%. Fulton at the catch point has been one of the best in the country. He’s at his peak in press man REC coverage – his 323 coverage snaps played in press coverage were the third most in the country, and he was among the 15 best FBS corners in raw PFF grade per snap in press against stiff 2019","Fulton's off-field issues are well in the past at this point and his tape over the past couple seasons is the only thing that needs to do the talking now. He's been one of the stickiest man cover corners in all of college football over that span. Unlike a lot of college corners who rely on bullying receivers at the line and along the route, Fulton is a patient technician who will be in your hip pocket all day long. That's a playing style that's far more projectable to the next level as you can't fake movement skills like his. His game will be picked apart and is far from perfect, but you don't put up consistent production like Fulton did without serious talent.","single aspect of the position. catch point are elite. 20 PBUs NFL wide outs will eat him up years ago. The tape isn't without some flaws, but you don't dominate SEC competition the way Fulton has over the past two years without some serious talent. He's plug and play into any scheme in the NFL. kristian Balance to execute every Timing and location ability at Gets too content out of phase. Cheated on a drug test three over past two years. with that half step. Can stop on a dime and Recovers on double moves as Nowhere near as strong as Limited wingspan and size for explode out of his pedal. well as any corner in the you'd like your typical man press at NFL level. Defends full route tree. country. No panic in his game. corner to be. Bigger WRs shrug him off. Made an ultra-rare interception QBs scared to test him. Only Straight line speed is a on dig route when bailing in cover-3 vs Georgia in 2018. 69 targets on 537 coverage snaps. question. Faster receivers were striding away from him"
"254","Jeff Gladney","Jeff Gladney","Tagged as a three-star recruit by 247Sports coming out of Texas’ New Boston High School in 2015, Jeff Gladney received two Power 5 offers in TCU and Arkansas. He verbally committed to TCU in June 2014 and signed his letter of intent in February 2016, per SB Nation. Gladney played both wide receiver and defensive back at New Boston, earning first-team all-district honors at defensive back as a junior, per TCU’s official athletic site. He recently landed at No. 13 on Bruce Feldman’s freaks list ahead of the 2019 season. Feldman called him “insanely strong for his size” and said he squats 620 pounds, benches 400 and cleans 400. Using his elite speed, Gladney has allowed minimal open targets downfield. In fact, over the past two years, he has forced tight coverage on 79.5% of his targets 10-plus yards downfield, which was the sixth best rate and nearly 20 percentage points above the FBS average. Gladney has forced the second most contested targets these last two seasons with 46 and he rarely lost on those. On those 46, Gladney just allowed 10 to be caught while REC forcing 27 incompletions. He took a step back from 2018, lowering his coverage grade from 90.3 to 72.7, but he was still very much a shutdown corner.","The reason why NFL evaluators covet speed so much on the outside is because of this: you're going to lose a step at times. No one can perfectly stay on top of a wide receiver for an entire route and if there is one that does, chances are they'll get peppered underneath. If you don't have the speed to make back up that step, you've lost. And you've lost in the most valuable place on the football field to lose. Gladney personifies this as he got thrown at a ton in the Pac-12 because he was prone to lose those steps. With his speed though, he consistently made that ground up and rarely lost down the football field. While he projects well at outside corner, we'd feel better if he added some strength to his frame.","Combine, but clocked a 4.34 beaten deep. Sits on Crazy quick feet at the line of Doesn't shy away from contact Arm bar does nothing to slow You won't find a cornerback in the draft class more battle tested down the football field than Gladney. We just worry about how he'll pass those tests with more physical receivers in the NFL. Top-end speed. Went 4.48 at Completely unafraid of getting Nothing to him. Needs to add One-year wonder from grading a lot of strength to deal with perspective. Only 2018 had 40 last offseason. underneath stuff without fear. NFL WRs. coverage grade over 75.0. scrimmage. Effective in press despite size and is solid down WRs. Has to full on grab w/out jam in his arsenal. enough tackler. to alter routes. WRs couldn't shake him Best skillset is off coverage. downfield. Crazy low completion % over past two Not as effective in press."
"255","A.j. Green","Senior","A.J. Green played basketball and football at Texas’ DeSoto High School. According to Oklahoma State’s official athletic site, he was a first-team all-district selection as a sophomore and senior. Tagged as a three-star cornerback recruit at 6-foot-1, 170 pounds, Green received more than 15 offers from Division I programs, including Oklahoma, Utah, Wisconsin and Oklahoma State. Green's been starting for three years at cornerback for the Cowboys and we've seen three very up-and-down seasons. While his yards allowed have decreased every year of his career, they've gone from awful (653 in 2017) to still bad (531 yards in 2019). His 8.4 yards per target in his career is very much indicative of how he handled Big-12 receivers. While he was fantastic at getting his hands on balls in the intermediate range - his 32 forced incompletions over the past two years are tied for the most in college football - Green got torched deep a lot as well. His 14 deep catches allowed on 30 targets over that span are the sixth most in college football. REC","If you're looking for why we're worried about Green projecting to the NFL, look no further than the TCU tape. WR Jalen Reagor looked like he was playing a different sport from Green altogether the way he consistently ran away from the Oklahoma State corner. Green has plus ball skills and length, but that's about where the pluses end. That lack of overall athleticism will make it an uphill climb for him to see the field in any sort of man defense in the NFL. He's got late round tape at best.","Long and lean. Gotten his hands on a ton of passes over Green simply can't be trusted in man coverage against any wide receiver with any sort of speed. He's never shown the ability to handle explosive wideouts and that's almost all you see in the NFL. a.j. Speed is nothing special. Got Balance is shaky. Flipping hips stacked by WRs that had no never looks clean with him. his career. business stacking him. Terrific tackler. Only four Gets caught trying to be a Penalty problems throughout misses on 54 attempts last playmaker too often. Bites on career. 28 the last three year. double moves. seasons. Squats on hitch routes with Gave up a ton of yards. Over the best of them. Does well to get around WRs body. 500 every season as a starter."
"256","Javelin Guidry","Cornerback","Javelin Guidry has a rich track background. He’s a 100m state champion in two states -- Texas 5A in 2016 and California in 2017 -- and he recorded the fastest all-conditions’ 100m time in California state history in 2017 at 10.13, according to Utah’s official athletic site.He also recorded a 4.35-second 40-yard dash at The Opening Regional in Dallas in 2016. On the football field, Guidry recorded 38 tackles, six interceptions and 31 passes defensed en route to first-team all- Southwestern League honors as a senior at California’s Vista Murrieta High School. He received more than 10 scholarship offers and took visits to Utah and Texas before committing to the Utes as a three-star cornerback recruit in 2017. He is from Texas originally and first committed to Houston before Tom Herman left the Cougars for the Longhorns. Guidry manned the slot for Utah over the last three seasons and was slightly above average, earning grades in the low 70s. It’s evident he has great make-up speed and can stay with any defender, as he has been beaten on a vertical route for just seven REC catches in his three years. Standing at 5-foot-9, Guidry didn’t make many plays on the ball. In fact, he only managed 16 combined interceptions and pass breakups on his 1,132 coverage 2019 coverage snap over his career is a concern, too. On the bright 2018 tackles on 126 attempts in his career.""","Speed is a good thing at cornerback and no one has more of it at the position in the draft class than Guidry. He'll gleefully go stride for stride downfield with any receiver in the country. It's been the whole preventing the catch thing that's been the issue. Guidry has been poor attacking the catch point over the course of his career and even worse when asked to make plays on the ball in zone coverage. The former has a better chance of getting fixed than the latter. Teams that play matchups with their cornerbacks should covet Guidry's skillset as he can ride with pure deep threats all day.","Track speed. Absolute burner. Unfortunately for Guidry, blazing speed doesn't do much for you in the slot. His lack of awareness in zone coverage makes him a future project and current special teamer at best. javelin Likely a slot only at his size. Not a route-reader by any means. Guys sneak behind him in slot. Very sure tackler over his Average ball production. 11 Rarely finds the ball on vertical career. 11 misses on 126 pass breakups on 879 routes and catch point timing attempts. coverage snaps past 2 years. is all over the place. At his best in pure man Pedal isn't nearly as Devin Duvernay put on a show coverage. Unworried about getting beaten over the top. impressive as his speed. Uncomfortable breaking from against him in their bowl game."
"257","Bryce Hall","Bryce Hall","Tagged as a two-star recruit by 247Sports in 2016, Bryce Hall had just one Power 5 offer (Virginia) coming out of Pennsylvania’s Bishop McDevitt High School. Playing receiver at the high school level, Hall caught 137 passes for 2,386 yards and 35 touchdowns and committed to the Cavaliers as an “athlete” in July 2015. Virginia coaches were split on playing Hall at wide receiver or cornerback as a true freshman, but head coach Bryce Mendenhall, a defensive coach considering his background, made the final decision to throw him in the secondary. Hall didn’t play cornerback until his senior year at Bishop McDevitt but has thrived at the position with UVA. From the first day Hall stepped foot on a college football field, it was clear his two-star recruiting rating was ill-conceived. He allowed a 71.2 passer rating against in 448 snaps as a true freshman back in 2016 before really turning it on as a sophomore and junior. Over the last two seasons, Hall's 37 forced incompletions were REC the third most in college football while his 92.4 coverage grade ranked fifth among corners. The Virginia cornerback simply envelops wideouts with an elite combination of size and length. 2019 more than make up for it. Hall has little more to prove at the 2018 season after dropping six potential interceptions — the most in college football.","When Hall announced last January that he was returning to school I thought to myself, why? After leading the nation in forced incompletions, there was a good chance Hall would have been the first cornerback off the board in the 2019 draft had he declared. Instead, Hall had a ho-hum senior season that ended in disaster with an ankle injury. That playmaking ability, well it didn't go anywhere. Rather he's just a tad riskier coming off injury in a now deep CB class. Hall's wide receiver background shows up repeatedly on tape at Virginia. He often turns into a wide receiver himself attacking balls down the football field. He's the perfect fit in any cover-3 heavy defense.","Ideal size and length for the Consistently wins leverage Pterodactyl-esque wingspan Envelopes wide receivers at Hall is very much a silo type of cornerback, but in that silo you're going to have a difficult time beating him. With plus length and ball skills, Hall should rack up his fair share of PBUs in the league. bryce Loses a good deal of speed Not a burner. Outrun at times corner position. battle downfield. Quick to turn, when forced to flip his hips down the field. locate, and box out WRs and run in off coverage. downfield. Gets caught upright too often Passing off routes in combo that makes him a PBU the line of scrimmage and in pedal and slow to change coverages is still a work in machine. takes them out of the directions. progress. progression. Keys hitches at an elite level. Diverse coverage Certainly takes advantage of Ankle injury shortened 2019 Can track both QB and WR from off coverage. responsibilities in Virginia's defense. Profiles well in zone college's lack of illegal contact penalties. season."
"258","Cj Henderson","Cornerback","CJ Henderson, a 6-foot-1, 175-pound four-star recruit and Miami, Florida native, first committed to the Hurricanes in February 2016 but decommitted in October 2016 as Florida’s interest increased, per SB Nation. He took official visits with Florida, Alabama, Miami and Tennessee before committing to the Gators in February 2017. In his junior and senior seasons at Columbus High School in Florida, Henderson totaled 636 rushing yards and 10 touchdowns. Bruce Feldman of The Athletic on Henderson: “The 6-1, 193- pounder has just 4.3 percent body fat but is one powerful dude. He benches 380 and did 16 reps of 225 this offseason to go with a 545-pound squat, a 40.5-inch vertical and 10-4 in the broad jump.” After earning an 81.7 PFF coverage grade in 2018, Henderson battled injuries a bit and put several mental mistakes on tape en route to just a 58.9 PFF coverage grade in 2019. He allowed reception on 20-of-37 targets for 389 yards and two touchdowns with zero interceptions this past season. He, however, showed REC enough in 2018 and 2019 combined to prove that he has some of the best man coverage skills in this class.","Henderson is another player where you have to go back and check the 2018 tape on. You simply do not lock down one side of the field the way he did as a true sophomore without being a special talent. I'd be lying if I said his 2019 was concerning and if we'd have seen a repeat of 2018 he'd likely be a top-10 player in this class. But we did not as an ankle injury slowed him early and we saw some uninspired reps lead to deep receptions over the course of the year. He doesn't quite play as physically as you'd like from a traditional man corner, but he makes up for it with feet and speed you can't coach.","Exceptional feet. Rarely if ever Executed diverse Florida If you miss out on Jeffrey Okudah and need a corner for a man-heavy defense, Henderson is your guy. He has uncoachable traits to stick with even NFL receivers at an elite level. cj Almost too patient. Will trust Far more lackadaisical reps on caught off balance or out of scheme at high-level. Excelled himself too much to recover tape in 2019. position. in a number of different when a tad late reacting to coverages. breaks. Quick to recognize screens Got home for pressure as a Physically outmuscled at the Wouldn't show effort at times and snuff them out. blitzer on 9 of 19 attempts catch point when he faces chasing plays from behind. past two year. size. Unflappable at the line of Uber-athlete with no real Stronger receivers had their Took considerable step scrimmage. Refused to take bait from WRs and get out of weaknesses in that regard. way with Henderson at the line of scrimmage and at route backwards in 2019."
"259","Lavert Hill","Cornerback","Hill was highly sought after out of Detroit’s Martin Luther King High School, entering the 2016 draft class as a four-star recruit and a participant in the 2016 U.S. Army All-American Game. The recognitions didn’t stop there, though; Hill was the recipient of the Lockheed Martin Air Defender of the Year award following his senior season, as well. He had a stacked offer sheet that included over 25 schools, and Hill originally committed to Penn State before re-opening his recruitment in November of 2015. He ended up switching his commitment to Michigan where his brother – Delano Hill – was a starting safety. With a man heavy coverage scheme and the god-awful passing offenses in the Big 10, we've seen Michigan cornerbacks put up some gaudy coverage numbers in recent years. Hill is no exception to that. In his first year as a starter way back as a sophomore in 2017, Hill only allowed 13-31 targets for 210 yards and no scores. In his two subsequent seasons, Hill has allowed 16-36 targets for 183 yards and 14-31 targets for 214 yards. REC Those are utterly lock down numbers, but the grade tells a different story over that span. In 2018 and 2019 he earned coverage grades of 71.6 and 72.0 respectively. A big reason for 2019","While Hill's stats are incredible, the film doesn't quite match. He feasted on lesser wide receivers while the cream of the crop at the receiver position in college football feasted on him. The Ohio State and Alabama tape from this past season were both particularly damning. Both receiving corps tied him in knots throughout the game. The worry is that the quicker types of receivers shouldn't even the ones you worry about with Hill in the NFL. Listed at 182 pounds, Hill really doesn't have much too him physically at the moment. A kick inside to the slot may be in his best short-term interest in the NFL.","So adept at knowing when to Rare to see him whiff at the Hill's size combined with his limited coverage responsibilities at Michigan are concerning when projecting to the next level. There's a good chance he ends up as a slot in the league. lavert So slight even by CB Tackling almost a complete play ball and when to play line of scrimmage. Quick feet. standards. No physicality to unknown. Only made 14 man. Very well coached his game. tackles all last season. already. Good makeup speed. Didn't Three years of starting Penalty machine. 9 in 2019 Loses leverage battle too see many separating from him experience and 6 in 2018. Difficult to do easily. Let 175-pound DeVonta downfield. with college rules. Smith stack him when hip-to- hip. Ton of experience in press Agility got exposed against man. 233 such snaps last two seasons. better route runners. Has to have hands on guys to mirror."
"260","Darnay Holmes","Cornerback","Darnay Holmes was a star cornerback for the Calabasas High School Coyotes, but he also played wide receiver for them and had 69 receptions for 1,214 yards and 14 touchdowns as a senior. He ended his high school career with 39 receiving touchdowns and was a productive kick returner. In the CIF Southern Section Western Division finals his senior year, Holmes scored five touchdowns in four different ways (a receiving touchdown, a rushing touchdown, two punt return touchdowns and an interception return for a touchdown). Holmes was invited to the U.S. Army All-America Bowl Game and was rated a five-star recruit by both Scout and Rival. Scout ranked Holmes as the No. 13 recruit in the nation and the No. 1 cornerback recruit in the country. Rivals ranked him their No. 27 overall player in the nation and the No. 4 cornerback in the country. Holmes chose UCLA over Nebraska, Ohio State and USC. Holmes played 597 or more defensive snaps each of his three seasons at UCLA. After earning 70.7 and 80.7 overall grades in 2017 and 2018, respectively, Holmes took a bit of a step back in REC 2019 and earned just a 61.3 overall grade in 2019. One of the worst games he played this season came against Washington State in Week 4, where he allowed seven receptions from 10 2019 game in 2019 came against Cal in UCLA’s last game of the 2018 and a pick in the contest.","Few cornerback prospects in this class can match Holmes’ high-end plays. He ran stride for stride with Marquise Brown for a pick last year, jumped a slant from N'Keal Harry for a pick six, and was in Laviska Shenault's hip pocket on a post corner this past season. You can count the number of cornerbacks in this draft class capable of making plays like that on one hand. On the flip side, Holmes also got the doors blown off him in press coverage against Easop Winston Jr. of Washington State. Squaring those high-end plays with the low end is difficult. You hope he cleans up the bad, but some guys never do.","Jaw-dropping high-end reps. Serious straight-line speed. Hasn't seen a double move he Not going to meet height Had interceptions other CBs Chased down Arizona RB from didn't want to jump. Tries to threshold for some teams. Hips smooth as can be. No Continuously fights for Holmes has put too much bad on tape to take a risk early on, but he's got the kind of tools you love to bet on in day 2. Can't help but think a smooth athlete like him will figure it out sooner rather than later. darnay simply can't make. ~3 yards behind over 40 yards. hard to make plays. Hands do him no favors in Red zone play is concerning. speed lost on his turns. leverage downfield instead of press. Just waving at air too 14 TDs allowed in career. sitting on back hip of WR. often. Short, but not small. Already Overall sloppy at line of well filled out frame. scrimmage. Looks like he's guessing more than reacting"
"261","Noah Igbinoghene","Cornerback","It would have been impressive if Igbinoghene wasn’t fast. Both his parents are Olympians, and his mother, Faith, medaled for Nigeria in the 1992 400-meter relay. Noah excelled in the track and field circuit at Hewitt-Trussville High School in Alabama, but he also turned heads on the football field, ranking as the 12th best player in the state of Alabama per 247Sports. Igbinoghene committed to Alabama over Notre Dame as a wide receiver after more than 1,700 all-purpose yards and 18 touchdowns in his senior season, but ultimately, he made the move to cornerback prior to the 2018 season where he finished his career at Auburn. Per the Montgomery Advertiser, Igbinoghene’s former teammate and current Tampa Bay Buccaneer said of his switch to cornerback, “I just feel like he’s a natural. I felt like corner was just made for him.” Igbinoghene started off at receiver for the Tigers before switching to corner. He turned heads as a sophomore in 2018 when he put up a 74.7 coverage grade. That number though was far less impressive than how he fared statistically. Igbinoghene REC only allowed a 41.9 completion percentage against while picking off a pass and forcing incompletions on 14 others. With off the chart's physical tools, we expected a big leap in 2019 some high-end reps against the likes of LSU and Alabama's 2018 was middling. He allowed 35-68 targets for 431 yards with two scores, no picks, and 11 forced incompletions.","Cornerback is very much a traits-based position. If you don't have speed, the chances are that you’re not holding up on the outside in the NFL. Everyone loses a step at times and it's the guys who can make that back up who have long careers in the league. Igbinoghene routinely made back up that step at Alabama. He loves to get physical at the line of scrimmage with opposing wideouts and never let them leave arm's length. Finding the ball once it was in the air though was a completely different story. He's just a tick late to react in pretty much every phase of cornerback play. The cornerback instincts simply haven't been there over the course of his Auburn career.","Uber athlete. Speed, agility, Very young still. Won't turn 21 Violently grabby. Never seen a Instincts are sub par. Looks as COD, you name it, he's got it. until the end of his rookie jersey he didn't want to wrap if he's guessing more than Igbinoghene's ball skills are rough, but with his athleticism and physicality, he'll be in hip pockets all day even in the NFL. Will he still be able to prevent catches even when that's the case is the big question? noah season. his hand around. reading. Wants to play physical brand Patient at the line of Sits on underneath stuff Rides receivers instead of of football whether it's in press scrimmage. Not going for kill trusting his makeup speed too mirroring. Won't fly in NFL. or along route. shot, but rather just deadening often. blow. Well built. Strength throughout 2nd most press coverage Little ball awareness. One his frame and plays to his size. snaps in 2019 of any cornerback in the draft class career pick. Looks lost trying to find ball."
"262","Dane Jackson","Dane Jackson","At 6-foot-1, 175 pounds, Dane Jackson, dubbed “Action Jackson” in high school, was a star basketball and football player in preps. He played basketball for his high school (Cornell) and football for Quaker Valley because Cornell was too small to field a football team. He earned a scholarship offer from Pitt as a three-star safety recruit that he accepted in June 2014. The only two other schools to offer him a scholarship were Bowling Green and Duquesne. Jackson actually started three games way back as a redshirt freshman in 2016 but didn't get full-time action until 2017. He's been starting ever since with now 2,760 career snaps to his name. Every single season as a starter Jackson has earned a coverage grade over 75.0 and had double-digit forced incompletions. This past season was his highest graded in coverage for his career as he allowed only 278 yards on 27-57 targets. He's not quite been the same level of lock down in the red zone though as he allowed five touchdowns in 2019 and four in 2018. That boom REC or bust nature is definitely scary moving forward and a reputation he'll have to work hard to shake.","I always have a soft spot for corners like Jackson. His play style embodies the physical aspect of playing football. Which is made all the more admirable by the fact that he has little in the way of a physical advantage. Listed at 6-0, 190 pounds, Jackson is rank average in terms of size, strength, and speed at the cornerback position. He plays well above that though as he delivers body blows consistently at the line of scrimmage. Those physical limitations still show up on the football field though and he's a different player when not able to press. If you're drafting him expecting to play off-zone, I'd look elsewhere.","Doesn't lose often at the catch experience with quality grades One of the most prolific press- Hard-nosed tackler and vs run. Jackson is already so advanced in press coverage that he should have a quick transition to the NFL. Unfortunately, his physical traits are not that of a typical press corner and is liable to get exposed downfield early in his career. dane Backs down from no WR. Three years of starting Size doesn't match play style. One of the most overly Will get tossed in NFL by physical college corners I've point. every year. bigger WRs if he doesn't ever seen. Flagged 8 times last change. year. Speed is average for the False steps and missteps a lot corners in the class. Beats Run D grades over 89.0 last 2 position. Had WRs striding coming out of pedal. Much WRs up. years. away from him downfield at better on than off. times. Already played a ton of man Picked on in the red zone over and cover-3 for Pitt - 2 most popular NFL coverages. course of career. 20 touchdowns allowed."
"263","Lamar Jackson","Cornerback","A standout preps player at Franklin High School in Elk Grove, Calif., Lamar Jackson received four-star status from 247Sports and fielded more than 20 offers as a result. He played quarterback and defensive back for Elk Grove and helped the Wildcats to a 7-5 record as a senior. His high school coach, Mike Johnson, helped him overcome early adversity in the classroom as a freshman. He was sidelined due to poor grades early in his high school career but retook freshman courses over the summers and earned a higher grades from that point on. He opted for Nebraska over offers from USC, UCLA, Oregon, among others. Our first taste of Jackson as a starter back in 2017 was not the most appetizing. He allowed an egregious 72.9 completion percentage, 577 yards, and a passer rating of 109.2. Those numbers have all dropped precipitously since then. Over the past two seasons, Jackson has allowed a completion percentage below 45% in each. Where he's really won is underneath. Jackson only allowed 52.6% of his targets from 1-9 REC yards downfield to be completed in 2019. That's a crazy low rate and speaks to how his length and size give opposing wide- receivers fits. For all that success though, he's never graded out 2019 high and first year over 70.0.","In college, it's often a viable strategy to put any athlete with a sizable wingspan in press coverage on the outside and ask him to hold on for dear life against opposing wide receivers. While that's selling Jackson's skillset short to a degree, it was a big part of his success. Most receivers he faced simply didn't have the quicks to get Jackson to whiff at the line of scrimmage. When he didn't get that initial jam it was a perpetual game of catch up. You saw that play out with what could have been disastrous results against the talented Minnesota receiving corps. That's going to be everyone he faces in the NFL.","At some point, Jackson won't get by on size alone and that point is next season. Outside of being a matchup weapon on bigger WRs or TEs, Jackson has too many limitations to trust early in his career. lamar Elite size and wingspan. Turning and locating the Press technique is work in Shows up in a number of ways football was tough to watch. progress. Grabs to help (press, PBUs, etc.). Little awareness downfield himself turn instead of moving his feet. Shuts down any sort of quick Uninterested in wrapping up. game. He's going to disrupt Happy to just drop a shoulder your timing. into ball carriers. Bully mentality. Knows he's Needs to be in constant bigger and longer than you. contact with WRs to stick with them."
"264","Jaylon Johnson","Jaylon Johnson","Jaylon Johnson arrived at Utah after playing high school football at Central East in his hometown of Fresno, California. Johnson was an excellent student who made the honor roll. He also lettered in basketball for three years as a point guard and received scholarship offers to play basketball. Johnson’s parents are both Fresno State graduates, and his brother John played football for UCLA. Johnson was named the No. 6 cornerback recruit by Rivals and the No. 8 by Scout. Both Rivals and Scout considered Johnson a four-star recruit, and Johnson attended some high-profile high school football events. Johnson was selected to the U.S. Army All-American Bowl. Johnson also attended The Opening Finals camp and ran an impressive 4.47 40-yard dash (laser-timed) and had a vertical leap of 38-inches. Johnson initially committed to USC but decommitted after a coaching change and decided on Utah. Johnson was targeted 50 or more times as a freshman, sophomore and as a junior after joining Utah in their 2017 class. REC He has not allowed a passer rating higher than 57.9 on the passes targeting him in any of those three seasons. No matter which way you cut it, that is impressive. As a true freshman in 2019 that has only continued to improve. Johnson increased it to 80.2 2018 2019 season, Johnson was a big part of Utah’s impressive defense, allowing just 29 of the 65 passes thrown his way to be","One of the biggest pros in Johnson's favor heading into the draft isn't even something that occurred on the football field. It was an interview he did after the Washington game in which he picked off Jacob Eason on an out route and took it to the house. He said he knew from the formation Washington was in that that's what the route combination was going to be and jumped the route accordingly. Johnson was also the only cornerback last season to pick off J.J. Arcega- Whiteside's patented red zone box-out fade. Putting tape study into action like that is un-coachable and a great skill to have in the NFL.","Hard-nosed corner who brings Confident player. Will get Playmaker traits. Will go for Trusts tape study. Unafraid to Has some rough hip turns on Slightly undersized for the Johnson is one of the most instinctive corners in the draft class and has the athletic skills for that to translate to the league. While he may not be a lockdown my side of the field type of corner, he is going to be a playmaker. jaylon Relies too much on his Over-aggressiveness burned physicality needed to play burned one play and make a physicality. Eschews technique him on double moves. Used no position in NFL. pick on the next. for straight mauling WRs. illegal contact rules to his advantage. pick instead of pass breakup. jump routes. tape. Not as silky as some position. others in the class. Tracks ball in the air well down Maddening tendency of not the field. turning on jets and letting average WRs stack him on go-"
"265","Michael Ojemudia","Michael Ojemudia","A four-year letterman as a linebacker and tight end at Michigan’s Harrison High School, Michael Ojemudia helped his team to a 20-5 record over the course of his junior and senior seasons, per Iowa’s official athletic site. He also lettered in track, “competing in hurdle events and earning all-state honors in 110- meter hurdles.” Despite his prep success, Ojemudia received just four total offers as a three-star recruit, including Indiana, Eastern Michigan, Wyoming and Iowa. Ojemudia had some humble beginnings at Iowa. As a sophomore in 2017 he saw some serious game action early in the season and got rightfully torched. On 202 coverage snaps that year, he earned a 54.1 coverage grade and allowed a passer rating of 118.0. He bounced back in a big way as a starter in 2018 to earn a 73.1 coverage grade and a passer rating against of 66.5. His calling card over his career has been not allowing much of anything downfield. In 2019, Ojemudia allowed only 8 of his 33 targets 10-plus yards downfield and forced 10 incompletions in the process. While he does a great job staying on top of routes, REC some of that comes via scheme that sees him backing out into off coverage regularly.","Ojemudia is a difficult evaluation because of how simple his coverage role was in Iowa's scheme. He rarely pressed and even more rarely played man coverage. More often than not he was backing out into a deep third and completely uninterested in anything underneath him. Because of that we barely got to see how quick his feet are or how well he can mirror. I wasn't terribly enthused in the rare situations I did get to see Ojemudia in such a role, but some of that could simply be that he hasn't done it either. He's got great zone feel like all Iowa defensive backs and enough length/athleticism to take a chance on.","Long corner with consistent Continually improved ball production over the past throughout career. Coverage Ojemudia will likely get pigeonholed into being a zone corner because he's done little else, but he has some tools to work with in press as well. We've just yet to see any sort of lockdown ability. michael So much off-zone coverage in Iowa's scheme. Only 115 two seasons. grade better every season. snaps in press the past two seasons. Zone instincts are a plus. Tight lower half that can cause Reads routes through to QB. him to play high and be slow to break on in/out cuts. Rarely gets jumpy. Stays Almost too conservative. patient in his zone and splits receivers when flooded. Rarely a sense of urgency to break underneath."
"266","Jeffrey Okudah","Jeffrey Okudah","Listed at 6-foot-1, 190 pounds coming out of Texas’ South Grand Prairie High School in 2017, Jeffrey Okudah was a five-star cornerback recruit with 34 offers from top programs all around the country. After official visits with Florida State, Ohio State, Georgia and Oklahoma, Okudah committed to the Buckeyes in January 2017. Per Bleacher Report, Okudah recorded the second-highest score (142.56) during Nike Football Test Rating national finals at The Opening in July 2016. He recorded an impressive 41.6-inch vertical and a 4.49-second 40-yard dash at the event. Okudah increased his snap count in each of his three seasons at Ohio State, going from 215 snaps as a freshman in 2017 to 692 in 2019. His coverage grade followed a similar progression from 62.6 as a freshman to 85.9 as a junior last season. And if you want to get excited about some coverage statistics, look no further than Okudah’s career for the Buckeyes, particularly the last two seasons. Over that stretch, he has allowed just 45 of the 106 passes into his coverage to be completed. Those targets REC have yielded opposing quarterbacks a passer rating of only 52.9. He hasn’t allowed more than 50 yards receiving in any of the 27 games played over that stretch either. You’re not going to find 2019","He's been tested for multiple years and passed with flying colors. He showed some impressive ball skills on his three picks this past season. He has plus length, size, speed, agility, hips, and change of direction ability. At that point, there's no more questions. I don't care what scheme you run; you want Jeffrey Okudah.","Okudah really does have it all. The 'cons' on his scouting report were some of the most difficult to write of any prospect in the class. He not only has a high floor, but everything you want for a high ceiling. jeffrey Ideal size and length for the Immediately closes space Tracking and ball skills are just position. Can execute any between him and WR. Not adequate. coverage asked of him. content running on back hip. Exceptional feet for larger No fear of getting beat deep. Still lost at the catch point corner. Rare to see a slip or Longest completion allowed more than you'd like. Not stumble on his tape. last year was 28 yards. completely shut down. Jolts WRs in press. Packs a lot Needlessly physical down the of punch. field. Grabs even in good position because he can get"
"267","Troy Pride Jr","Cornerback","At 5-foot-11, 175 pounds, Troy Pride Jr. won four state titles in track & field as a senior at South Carolina’s Greer High School. “Pride won the 100-meter dash in 10.55 seconds, the 200 in 21.28 and the 400 in 48.28,” per ND Insider. “He also ran a leg for the winning 4-by-100 relay team (42.20).” Pride fielded 13 offers and made two official visits (Notre Dame, NC State) as a four-star recruit in the 2016 recruiting class, per 247Sports. He committed to Notre Dame in December 2015, a few months before he picked up his four state titles in track. Pride Jr. took a step back in 2019 after showing signs of progress in 2018. He’s been a starter at outside corner for the Irish since Week 11 of his sophomore season in 2017. That season, Pride Jr. had a coverage grade of 71.4 and then improved that to 78.7 in 2018. He then dipped back down to 65.7 in 2019, allowing four touchdowns on the year. He has shown over the course of his four years at Notre Dame that he is more than capable of sticking with a receiver on vertical routes and rarely got torched due to his elite speed. REC On his 38 targets of 20-plus yards in his collegiate career, he has allowed just six to be caught. The big issue is Pride Jr.’s inability to win at the catch point and poor ball tracking. On 2019 to be caught with four being a touchdown and had not one 2018","Pride has to be in the running for some of the most frustrating tape in college football. His ability to stick in the hip pocket of opposing wide receivers is damn near at a first round level. His ability to locate the football and/or play the catch point is a disaster. The amount of times he was all over a receiver and still allowed a completion is almost a non-starter. You can't have that level of ball skills and not get picked on viciously in the NFL. I'd rather take my chances on a corner like Pride being able to fix that though than a below-average athlete with ball skills fixing his man-coverage ability.","fastest players in the country. could want at the corner Fantastic length for his height. Rare to see him get beaten Tick slow on route recognition. Size gave him issues. Lost at Pride's inability to play both the quarterback and the wide receiver is maddening to watch. He has legitimate man coverage ability all the way up until the ball is coming his way. troy Track speed. One of the All the movement skills you Ball skills are consistent issue. Uncomfortable pedaling out in Can't keep track of football off-coverage. Spun himself position. Rare athlete. and WR. around at times. Can get all the way around deep. 4 catches allowed of Doesn't see the game develop catch point to WRs with good WRs back for pass breakups. 20+ yards last two years. fast enough. body control. Does well to contact WR along Feet stagnate at the line of the route without being overly physical and grabbing. scrimmage in press. Gets him in bad positions."
"268","John Reid","Cornerback","John Reid is a film junkie. According to Mark Wogenrich of The Morning Call, “Reid was drawn to the volume of football film available even to high school players these days. Reid studied as much as he could.” He was also tagged as a four-star recruit by 247Sports coming out Pennsylvania’s St. Joseph’s High School and received more than 15 offers from Division I programs, including Alabama, Boston College and, of course, Penn State. He majored in data sciences at Penn State and participated in a research project with Penn State's Microsystems Design Lab. According to The Morning Call, “the research involved convolutional neural networks, which broadly involves teaching computers to learn as humans: Input loads of data, then write code to interpret that data and track patterns.” Reid has logged over 2,600 snaps since his true freshman campaign in 2015 (he missed 2017 due to injury). He was relatively consistent throughout that stretch, earning PFF coverage grades in the mid-70s in three of the four seasons, but he was beaten deep more times than you’d like. On targets of 10 REC yards or more over the last two years, Reid has given up nearly 12 yards per target, a 114.2 passer rating and six touchdowns on 44 total targets. And over his entire career, Reid has allowed a fairly 2019","Reid hails from a Penn State scheme that saw him shuffling out in of zone coverage a vast majority of the time. While he showed plus instincts in that regard, I'm most intrigued by how he fared in the limited time we saw him in man last season. He played only 97 coverage snaps in man this year but was outstanding, allowing 6 catches from 18 targets for 58 yards with a pick and five forced incompletions. He terrific at establishing leverage downfield despite being undersized, and while he doesn't have elite speed, Reid still went sub-4.5 at the Combine. The most concerning thing is where he's at in his developmental curve, as he's already nearly 24 years old","Quick locator of the football. Does well to press receivers Not content to just play catch towards sideline and gain Reid is one of the most versatile cornerbacks in the draft class, and while he may not be elite at one thing, he can fill any cornerback role you want in your defense. john Undersized with short arms Will turn 24 years old before (30 1/8""). Tough to stick the season starts. point. leverage on verticals. outside. Stays patient shuffling out Tap-dancer feet at the line of No strength at the catch point. with eyes on QB. Quick to peel scrimmage. Impressed in Receivers unbothered by his off initial route when need be. press despite size. contact. Played over 500 snaps as a Missed 2017 season with a freshman back in 2015 and has been starting ever since. knee injury."
"269","Amik Robertson","Cornerback","Amik Robertson played his high school football in Thibodaux, Louisiana for Thibodaux high. Robertson played a portion of his high school career with a partially torn ACL but still played wide receiver, running back, some time at quarterback, defensive back and kick returner. As a senior, Robertson had 1,212 rushing yards on 100 carries with 14 touchdowns. He also caught 14 passes for 450 yards and six touchdowns. As a passer he completed eight of his 17 attempts for three touchdowns. He added 296 yards and one touchdown as a punt returner. Robertson had scholarship offers from Arizona, Cincinnati, Colorado State, Kansas State, LSU, Oklahoma State, Purdue, Texas, Toledo, Tulane, Southern Mississippi, South Alabama, ULL, ULM and UTSA. Robertson also lettered in track all four years at Thibodaux. Despite his small frame, Robertson has graded at an extremely high level all three years at Louisiana Tech. As a true freshman in 2017, Robertson started all 13 games with the Bulldogs and earned a 76.5 overall grade and a 74.4 PFF coverage grade. His REC grades in both facets have only improved in the years following. He recorded 11 passes defensed, four interceptions and an 85.9 PFF coverage grade across 427 coverage snaps as a sophomore 2019 defensive snaps as a junior in 2019. He also recorded 17 passes 2018","When you see defenders with the mindset and play style that Robertson possesses, you can't help but root for them. If Robertson was 3"" taller and could run a 4.4 40, we'd be talking about the best cornerback in the draft. He's a junk yard dog who's willing to mix it up with anyone that lines up across from him. He's incredibly physical and instinctive. That's why he's had absurd ball production over the course of his career. He's also tiny and doesn't have much in the way of long speed. He's pretty easily a slot only or I guess could play Cover-2 corner if those still existed. Still, he'll bring a presence to your defensive backs that you want.","Only 5-9, but acts like he's 6-4. Stays balanced versus double Size is a serious concern. Have to protect him versus One of the most battle tested Attacks the ball like a wide Robertson plays the game in a way you can't help but fall in love with. Physical tools be damned, he can play slot for us any day. amik Wants to beat up the man moves, rarely overextending Bigger receivers can physical route runners. Gets lined up across from him. himself. manhandle him at catch point. tossed around. No makeup speed. Likely slot Needs to learn when to attack corners in the country with 226 receiver. 14 picks in three only in NFL. and when to be patient. Too career targets. years. eager to jump routes. Short area quickness is Falls off tackles left and right. fantastic. His flat-foot breaks underneath are perfect for 13 misses on 75 attempts."
"270","Reggie Robinson Ii","Cornerback","Tagged as a three-star recruit coming out of Texas’ Cleburne High School in 2015, Reggie Robinson II was a three-year letter- winner that started at safety and receiver for most of his high school career. He also returned kicks and lettered in track at Cleburne. He took a redshirt year as a true freshman in 2015. In four years as a starter, we never saw Robinson put up anything other than average grades. He had a career high coverage grade of 68.0 this past season and a career low of 61.4 as a sophomore back in 2017. Considering who he's facing, that's a bit of a red flag. The ancillary stats were at least a bit more impressive this past season. He allowed 31 of his 60 targets for 427 yards with four picks, eight pass breakups, and a passer rating allowed of just 52.6. He was also flagged eight times which didn't help that coverage grade. Any team drafting him will have to bank on that inconsistency we saw on the field at Tulsa being coached out of him. REC","Robinson has some reps on tape where he takes wide receivers completely out of bounds at the line of scrimmage. He has others where the opposing receiver literally throws him to the ground. It's those low-level reps that are the most concerning given the receivers he faced. Against the talented receiving corps in Memphis and SMU, Robinson got positively torched. He's the type of cornerback who plays sloppy because he can, but he will be in for a rude awakening in the NFL. He's got more going for him than your typical late-round corner, but he's still very much a project.","Does well to maintain contact Hips are a plus for how big he Relies too much on his hands Landmarks in zone coverage on the route without grabbing. is. Makes transition from Long corner with ideal size for Robinson has press traits, but his technique has a long way to go. It's worrisome given the level of competition he faced how often he was beaten in 2019. reggie in coverage and doesn't use are all over the place. Kind of press with ease. his body to maintain leverage. just freelanced it. Opens the gate too much in Level of competition was the position. Used in press a press. Doesn't stay square rough. Had huge physical lot. nearly long enough. advantage over some of the WRs he faced. Can sky. Got some serious Not nearly as comfortable in height on his INT against Oklahoma State. off coverage. Takes a while to react forward when off."
"271","Stanford Samuels","Stanford Samuels","A Hollywood, Fla. Native, Stanford Samuels was recruited to Florida State as a four-star (247Sports) cornerback recruit in 2017. He received more than 40 offers before making his decision to join the Seminoles. At Florida’s Charles W Flanagan High School, Samuels was named the 2016 All-Broward Defensive Player of the Year from the Sun-Sentinel. His father, Stanford Samuels Jr., played at Florida State from 1999-2003. In his three years at Florida State, Samuels never really took that next step. Only one of this three seasons ended with him having a coverage grade above 67.0, and that season was only at 73.4. And while he did make some plays on the ball, he was also routinely beaten for explosive plays. In fact, he allowed 34 gains of 15-plus yards from 2017-19, the 16th most in college football over that span. Samuels also played 1,132 coverage snaps in his career and gave up a whopping 1,474 yards and 10 touchdowns. He also allowed multiple catches in all but two of his 24 games over the last two years — and that's a concern. REC","After his 4.65 40 at the combine, Samuels all but assured himself a move to safety. His traits don't necessarily project too much better there, however. as his best attribute was his physicality in press. Samuels lacks the quicks you'd like from a modern safety and doesn't look terribly well-suited to do much more than press tight ends in the NFL. That's a fairly limited skillset to covet in the draft.","Wants to beat up receiver Samuels’ best role would be as a cover-2 corner but those don't really exist anymore. He's physical with good ball skills, but too limited athletically for most roles in today's NFL. stanford Liability level speed. Can't run Relies on contact to stick with across from him. Can end reps with NFL-level athletes. receivers instead of feet. before they begin. Nose for ball. Racked up eight Boundary corner in FSU's picks in 3-years at FSU. scheme. Meant he often was playing underneath in Cover-2 look. Willing and able in run support. Clunky breaking out of pedal. Could move to safety. Agility is problem."
"272","Josiah Scott","Josiah Scott","Josiah Scott was the youngest of four boys growing up in Fairfield, Ohio. He and his three brothers all played football at a high level at Fairfield High School. Josiah received more than 10 Division I offers coming out as a three-star cornerback recruit in 2017 and enrolled at Michigan State in January of that year. As a senior at Fairfield, Josiah recorded 48 tackles, 10 pass breakups, five interceptions, four tackles for loss, two fumble recoveries and one forced fumble along with two defensive touchdowns and three blocked punts, per Michigan State’s official athletic site. All three of his brothers attended or attend Mount Union (Division III). Scott improved in each of his three seasons at Michigan State. He raised his coverage grade from 71.2 in 2017 to 75.3 in 2018 (only five games played due to injury), and he raised it again to 78.5 in 2019. Looking at his career as a whole, Scott allowed one catch or fewer in nearly half of his games; he allowed a 45.9% catch rate and forced 23 combined interceptions and pass breakups across his 999 coverage snaps and 133 targets. He has experience playing press-man coverage (428 coverage snaps, to REC be exact) and allowed just 27 catches on 71 targets in that press coverage, which is a stat that NFL teams will love. However, he did allow nine touchdowns in his career.","Scott quietly offers one of the most impressive career profiles of anyone in this draft class. As a true freshman he was locking down his side of the field for the Michigan State defense. Of his few losses down the football field, almost all are the result of losing at the catch point. While that's obviously going to be an issue for him at his size, it's far more variable that the whole being in tight coverage part. Scott has elite quicks and feel for the cornerback position. Those are all the makings of a top slot corner in the NFL.","Tesla-esque acceleration. Great tackler. Only 9 misses Small with limited length. Can't Makes up ground in a snap. on 108 career attempts. Scott projects as one of the top slot cornerback options in this class. His quicks, instincts and ball skills are all superb. josiah get around receivers to the catch point. Body control is terrific. Like a Turns 21 right before the draft. Batted around at the line of video game CB the way he can scrimmage by physical WRs. move in any direction. Throttles down so quickly. Will Knee injury cost him good stop on hitches before WRs sometimes. portion of 2018."
"273","A.j. Terrell","Junior","Listed at 6-foot-2, 180 pounds as a four-star recruit coming out of Georgia’s Westlake High School in 2017, AJ Terrell received scholarship offers from 22 programs around the country, including Clemson, Alabama and Auburn. He posted a 4.07 shuttle and a 4.54 40-yard dash at Nike Football’s The Opening Finals in July, per 247Sports. At Westlake, Terrell recorded 53 tackles, eight tackles for loss, 13 passes defensed and two interceptions en route to first-team all-state honors as a senior in It was only on 242 snaps, but Terrell impressed as a true freshman in 2017. He had as many interceptions and pass breakups (6) as he did receptions allowed. Terrell stepped into a full-time starting role in 2018, and he showed why he was a top- 100 recruit coming out of Westlake High School in Georgia. Terrell picked up an 82.3 grade in coverage, culminating in a 90.2 single-game coverage grade against Alabama in the National Championship. Things didn’t go quite as well in the 2019 National REC Championship – a game in which Terrell allowed five receptions for 143 yards and two touchdowns – but his season was still a successful one overall. He earned his second consecutive 2019 year in 426 coverage snaps.","It's a shame that the vast majority of fans exposure to Terrell is him getting roasted by Ja'Marr Chase in the championship game this past season. Even that performance got a bit overblown as Terrell won a couple reps decidedly early on and was at the catch point for all but one of the big plays. The respective fan base that drafts him might not like it, but they'll be getting a good football player. He's one of the most fluid long corners in the entire draft class . The real tape you should watch if you want a feel for what Terrell is capable of is the championship game from last year. He had a pick six breaking in zone coverage in that one and stuck with the talented Alabama receiving corps all day.","Long corner who uses his Incredible transitioning ability Needs to get stronger at the Rarely ever tested. Weak ACC arms like a spider web to stick for taller corner. Glides in-and- catch point. Has the tools, but WR slate. to receivers at the line of out of cuts. Terrell has the length teams covet at the position and the fluidity to continue to play any scheme. If he gets more physical, he's a quality starting corner in the league. a.j. consistently failed to finish. scrimmage. Top-notch long speed. Got Not overly grabby like a lot of Jumpy from off coverage in Could stand to keep adding back over the top of Notre Clemson corners in recent both man and zone. Double muscle. Still slight. Dame's Myles Boykin (4.42) years. moves an issue. last year. Consistent ball production Not the same player when not despite rarely being targeted. Five picks over past two going for jam. Opens door too easily."
"274","Kindle Vildor","Cornerback","Per 247Sports Composite, Kindle Vildor was a three-star safety recruit coming out of Georgia’s North Clayton High School in 2016. He received 17 total offers, but none of which came from Power 5 schools. He had official visits with Georgia Southern and Georgia State before committing to Eagles in February 2016. After splitting time between slot cornerback and outside cornerback across 53 defensive snaps in 2016, Vildor has played a stark majority of his snaps at outside cornerback for Georgia Southern. He earned an impressive 79.4 overall grade in 2015 and a career-high 90.4 overall grade in 2018 before taking a step back this past season. He missed just seven tackles in 2017 and 2018 combined but tallied a whopping 11 missed tackles in 2019 alone. He also allowed a 78.2 passer rating in coverage, a much higher figure than he had recorded in previous seasons. Vildor still wasn’t tested a ton and only logged one game with over 100 yards allowed in coverage (Arkansas State, Week 13). REC","Vildor's 2018 game against Clemson is superb cornerback tape. What he did against a great receiving corps can never be taken away from him. At the same time, his Arkansas State tape from this past season was not NFL-worthy tape. And that's Arkansas State. He's very much a player who outperforms his God-given physical tools. Physical tools though are a pre-requisite at corner in the NFL.","Instinctive corner. Blows up Plays bigger than he's listed at. Speed is a question. Didn't Feet stick to ground in press. Vildor's up and down tape is made all the more concerning by his level of competition. I'm not sure he's an NFL-caliber athlete to hold up as an outside corner. kindle screens on regular basis. have a chance against Andy Burnt toast when he whiffs. Isabella last year. Sinks low in his pedal and can Developed a missed tackle explode out of it gracefully. habit this past season with 10 on 48 attempts. Physical play style. Wants to Level of competition is poor. take you off your route path. Shouldn't have been ceding as many catches as he did."
"275","Julian Blackmon","Julian Blackmon","Blackmon played high school football in Utah at Layton. Blackmon was a two-way star there playing both cornerback and wide receiver. As a cornerback, Blackmon collected six career interceptions and 52 tackles. As a wide receiver, Blackmon had 51 career catches for 940 yards to go with nine touchdowns. rivals.com ranked Blackmon as a three-star wide receiver. In addition to playing both ways in football, Blackmon also ran track and played on the Layton basketball team and helped the school win the 2015 5A Utah state basketball championship. Blackmon turned in a career year at Utah this past season. After earning sub 77.0 overall grades as a primary player for the Utes in 2017 and 2018, Blackmon earned an 89.6 overall grade and an 88.7 PFF coverage grade across 632 defensive snaps. He recorded three total pressures as a pass-rusher and allowed just 17 receptions for 200 yards and one touchdown in coverage. He also recorded four interceptions and five passes defensed. Driving Blackmon’s improvement in 2019 was his switch from outside cornerback to free safety. He allowed over 750 yards in TKLS 319 yards after the catch and six touchdowns.","Anytime you see a player with as diverse a positional background as Blackmon has it's always intriguing. Him being a former cornerback isn't that big of a positive in his favor in my book though because...well...he wasn't that good of a corner. He's never going to be a physical presence at safety and his range on the back end isn't terribly impressive. Without a great feel for the safety position yet, he's kind of in no man's land.","Former corner with man skills His pass breakup in cover-2 Not someone you want at or Blackmon has executed a number of different roles for Utah over the course of his career, but hasn't been particularly great at any of them. There's hope thougoh that his reads will improve with more seasoning at safety. julian Moved to safety almost out of to drop down to press in a against Washington St showed around the line of scrimmage. necessity after giving up 786 pinch. instincts most safeties don't Not offering much against run. yards in 2018 at CB. possess. Tracks the ball extremely well Not going to lay a big hit over Already been caught a few down the field and looks to the middle. Goes for ball times jumping a route too make play on the football. instead of breakups. early in cover-2 instead of staying patient. Already shown terrific range Physicality at corner was as deep safety. Made plays all over the field. subpar. Got pushed around by size."
"276","Antoine Brooks","Antoine Brooks","Brooks was a two-star prospect coming out of Duval High School in Lanham, Maryland, back in 2016. Outside of Maryland, his only other Power-5 offers were from Indiana, Pittsburgh, and Rutgers. In high school, Brooks played quarterback and defensive back. His final year there he averaged a shade over 182 yards rushing per game. A compound fracture in his ankle that year put his future in jeopardy though. Just before signing day, the offer to Maryland rolled in and the rest is history. He's stated that Sean Taylor is his sports idol which makes perfect sense given Brooks' physical play style. Brooks has had exceptional grades over the course of his career at Maryland, but just not quite in the places you necessarily covet in the NFL. He has been a monster in run defense with grades of 85.7, 76.0, and 90.8 in his three years as a starter. He's also racked up a ridiculous 48 pressures over that span as well. Coverage has been a different story though as his 81.2 grade in 2018 was the only season of his career over 70.0. His role has been almost exclusively an overhang/slot player over TKLS","Brooks was over the slot full time this past season for the Terps and was fantastic at shutting down any sort of screens or wide runs. His nose for the football is top notch and he's the kind of guy you can deploy in a number of different ways around the line of scrimmage. The issues arise when he's asked to go backwards instead of forwards. He's stiff turning and running making traditional safety role not a great fit. At his size, he's almost a man without a defined position at this point.","likely still play run as LB in NFL block in the run game with his vertical routes from slot. Never attempts back in 2018. With how comfortable he is playing around the line of scrimmage, Brooks makes you think he could pass as a linebacker at the next level. At 5-11, 216 pounds that could be a pipe dream. antoine Extremely physical. Could Nightmare for tight ends to He was absolutely toasted on 17 missed tackles on 85 at only 210. quicks. anticipates them coming. Weapon as a blitzer. 28 Aggressive play style. He sees Speed is worrisome for pressures on 147 pass-rushes something, he attacks. safety/slot. No ability to in 2018. makeup ground. Power throughout his frame. Looks stiff in space. Some of No problem stacking OL men. his tackle attempts are hard to watch."
"277","Myles Bryant","Safety","Bryant played high school football in Southern California at Loyola, one of his star teammates was USC edge defender Christian Rector. Bryant showed early that he was one of the better players in the state when he made the CalHiSports sophomore all-state team. As a senior, Bryant compiled 68 tackles to go along with 28 receptions for 406 yards as he played both ways. Bryant also competed for the Loyola track team in the 100m, 200m, and long jump. Bryant joined the Washington Huskies as a walk-on after scholarship offers from UCLA and Colorado were filled by other players. Bryant improved his PFF coverage grade every year of his collegiate career and finished his tenure at Washington with an impressive 88.5 PFF coverage grade across 485 coverage snaps in 2019. He allowed just 14 receptions from 21 targets for 117 yards and zero touchdowns while recording one pass breakup and three interceptions this past season. Listed at 5-foot-9, 185 pounds, Bryant played a combination of slot cornerback, wide cornerback and free safety for the Huskies TKLS safety in 2019 after playing most of his snaps at slot cornerback in 2018 and 2017.","Bryant is listed at 5-foot-9, 185 pounds which likely means he's checking in somewhere around 5-8. While he plays well above that size, that's still such a limiting factor in the NFL. It's unlikely any team will be willing to play him as a deep safety consistently with the likelihood of him getting Mossed at the catch point. So that leaves the slot where I still believe he can succeed in the NFL. He's been reacting quickly as an underneath zone defender and limiting YAC. That's still such a limited role though that I'd be surprised if we see him come off the board before late Day 3.","Patient as an underneath zone Lays his body on the line Bryant will in all likelihood get pigeonholed to the slot or nickel/dime safety at the next level with his size. That doesn't mean he can't add value though. He looks like one of the top options in the class to fill such a role. myles Tackle power is lacking and Athletically not going to wow. defender. Not going to routinely. Productive against serious tackle issues. Double Explosiveness and speed is abandon responsibility. the run despite his size. digit misses every year as average. starter. Diverse role in Washington's Good ball production as Undersized by both height (5- defense that had him line up starter. 17 combined picks + 9) and weight (185). Ideal role almost everywhere. PBUs in 3 years. may be slot instead of safety. Legit short area quicks. Ran a Production at both slot Range on the backend is comeback better than the Hawaii WR in their matchup cornerback and safety in Washington's defense. nothing special."
"278","Terrell Burgess","Terrell Burgess","Tagged as a three-star cornerback recruit coming out California’s San Marcos High School in 2016, Terrell Burgess was a standout wide receiver and defensive back in his preps career. He recorded eight interceptions, 90 tackles, 73 receptions, 1,288 receiving yards and 17 touchdowns at San Marcos. He also ran track and was selected to the honor roll in high school. He chose the Utes over offers from Arizona, Cal and San Diego State. Stuck behind Marquise Blair and company at safety for the first few seasons of his career, Burgess finally earned one of the starting safety jobs this past season. He proved to be well worth the wait as he finished with the fourth-highest coverage grade of any safety in the country (90.4). He forced six incompletions and only allowed 190 yards on 26-40 targets for a passer rating of 65.6 against. Allowing under 5.0 yards per target is an absurd figure for a safety. That's just how good Burgess was this year though as the longest catch he gave up all season was for 34 yards. TKLS","Usually we like to see bigger sample sizes than one season as a starter, but Burgess was so good in 2019 that we're already on board. The reason being, it wasn't simply a handful of splash plays that put Burgess on the radar. It was his ability to consistently stick with slot receivers in coverage. Whether that was press man or off-quarters, Burgess' quiet feet and oily hips make him perfectly suited for a diverse coverage role in the NFL. While he's more corner than safety at this point, he made some nice plays from deep as well this season.","Some of the best man skills of Textbook tackling form. Drives any S in class. Patient feet at through target and sees what Safeties with man coverage skills are the wave in today's NFL and Burgess has them. His ability to go seamlessly from deep to the slot and cover both admirably is going to be coveted early. terrell Limited experience as deep Built more like a cornerback safety and almost all of it than a safety. the line and plus mirror. he hits. came playing Cover-2. One of the most versatile S in Good overall athlete. All the Not the guy you want taking the country in terms of speed and COD ability to play on blocks in run game. Doesn't alignment. Can do anything position at high-level. have power behind him. asked. Proficient at the line of Patient splitting verts as deep One-year wonder. 2019 was scrimmage already. Had some great jams from the slot. S. Amazing PBU with 2 WRs going deep against Wazzu. only season as starter for Utah."
"279","Jeremy Chinn","Safety","Jeremy Chinn was a late bloomer in high school. He didn’t fill out until his senior year and received little to no interest from Division I programs as a result. What he lacked in size, Chinn made up for in production and accolades at the high school level. According to Southern Illinois’ official athletic site, Chinn averaged 6.9 yards per carry across 100 carries playing running back in high school. He was also named All-Metro Super Team defensive back by the Indianapolis Star in 2015. He set school records for interceptions in a season and career interceptions with four as a senior and seven in his career. Whatever his role was in the Southern Illinois defense, Chinn played fairly well against FCS competition. Defending against the run, Chinn came away with an 88.5 run-defense grade. In coverage, Chinn rarely allowed an explosive play and never allowed more than 40 yards in a single game. On top of that, he recorded four interceptions and two pass breakups, en route to an 82.4 coverage grade. As said, this was against low level competition. He played only TKLS team of the 130 in PFF grade in UMass. The other was against Arkansas State and that was his lowest graded game of the 86.7","Even against FCS competition at Southern Illinois this past season, Chinn looked consistently a tick slow. Whether it was him coming downhill on a screen or reacting to a route break, Chinn's processing speed left a lot to be desired. That only got amplified at the week of practices at the Senior Bowl where he lost all three of his one-on-one coverage reps and failed to make many plays throughout the week. He's an intriguing athlete for sure, but he'll have to get schemed easy reads at the NFL level to make an impact early on in his career.","Big (6-3, 219 pounds) and long Consistent form tackler. Rarely Chinn has peak athletic tools for the safety position, but he's far more athlete than football player at this point. The tape says late round project at this point. jeremy Timidness when coming (32"" arms) for a safety. do you see him out of control. downhill. Rarely do you see him attack a ball carrier. Athletic enough to matchup in Plays reactive instead of man with D2 WRs. proactive. When he cranks it up to speed, Looks out of depth taking on look out. Can cover a ton of ground. blocks. Don't think he can play LB despite size."
"280","Kamren Curl","Kamren Curl","Coming out of Muskogee High School in Oklahoma, Curl was listed as a three-star athlete. He recorded 89 tackles, six pass breakups and three interceptions as a senior with Muskogee, also catching 46 passes for 533 yards and six touchdowns on offense. Curl had an extensive offer list that included 24 different schools, but in the end, he committed to Arkansas over schools such as Nebraska, Oklahoma and TCU that he visited. Curl was suspended during the 2018 season for taking pictures and talking with Mississippi State cheerleaders along with a teammate. According to Whole Hog Sports, Arkansas coach Chad Morris said of the two suspended players, “They will not be here today or yesterday or any part of this week for unacceptable behavior – actions that are completely unacceptable to anything we’re about.” Curl played basically different roles in every single one of his three seasons. In his true freshman 2017 season, Curl was an outside corner and consistently gave up big plays, en route to a poor 52.7 coverage grade. In 2018, Curl played some in the slot TKLS gave up a lot of big plays and posted a 67.2 coverage grade. In 2019, Curl found his home in the box and slot and had his best 87.6 17 yards per catch in both 2017 and 2018, while surrendering just 69.1 ball as you would have like with just four combined interceptions and pass breakups.","Going through game after game of Curl's tape, you keep waiting for him to show you something high-level. He has a pick from centerfield against San Jose State and a pass breakup cutting off Ja'Marr Chase against LSU, but that's really it. The junior has quality physical tools, but so do most NFL players. There's not many plays on tape that really separate him from the rest of the safety class which is concerning considering it's not a particularly great crop of safeties. He declared early, but look like a likely day 3 guy at this point.","Long safety that matchup on Tackling form is top notch. Curl is a bit of a jack of all trades but master of none at this point. It's head-scratching that he declared early as he's yet to show much in the way of playmaking ability. kamren Noticeable hitch when asked Relies on latching onto WRs tight ends with ease. Always uses long wingspan to to open-up hips and run when he comes down to play wrap up. backwards out of pedal. man coverage instead of mirroring. Versatile body and athletic Already three years as starter Only one season of high-level Not a high motor 'add onto the profile. Can line up pretty with 2,095 snaps to name. play. Career high grade was pile' kind of guy. much anywhere you want. 69.1 before 2019. Started freshman year as a Could stand to add more corner. Can still see those natural coverage skills. muscle to his frame. Not quite enough pop taking on blocks"
"281","Ashtyn Davis","Safety","Ashtyn Davis received zero offers to play football coming out of California’s Santa Cruz High School, so he elected to run track at the University of California-Berkeley and make the jump to the gridiron once on campus, per Rusty Simmons of the SF Chronicle. Davis earned a tryout with the team (and soon after a jersey) after exchanging emails with Cal’s athletic director of football operations. The 6-foot-1, 195-pounder primarily played offense in high school but was cast at defensive back as a true freshman at Cal and has gotten better every year since. Davis still runs track for Cal and is currently one of the best high-hurdlers in the country in addition to bring a rising star on defense for the Golden Bears. After seeing the field on a limited basis in both 2016 and 2017, Davis broke out hard in his first full season as starter in 2018 by finishing 11th at his position in PFF overall grade at 88.6. His 2019 season wasn’t up to par with that, giving up a handful of big plays and making fewer plays on the ball which led to a 72.2 overall grade. TKLS single-high safeties in the class. His two-year PFF grade at free safety is among the 10 best in the FBS. At that alignment, he has 72.2 than catches allowed.","Davis has not only showed play making ability from a single-high role over the course of his career, but he's also shown some slot coverage ability as well. That's a combo that not many college safeties can pull off. His pick this season against Oregon and Justin Herbert came in off-coverage versus the slot. While he's not been much against the run in the box, Davis has proven to be a big-hitter in space. Put him over the middle of the field in your defense and watch throwing lanes shrink.","position. Speed, change of single-high. direction, explosiveness, you Range is the ultimate trait for safeties in the NFL today and nobody has more of it than Davis in this class. He's not your new age do-it-all safety, but he is a window closer downfield. ashtyn Special athlete for the Locked down the seams from Eyes get caught on QB. Lost a Limited wingspan. Taking on lot of assignments late in play. bigger wideouts downfield could be an issue. name it. Not the biggest, but unloads Has made impressive picks Angles coming up in run Stuck on blocks and taken out on ball carriers when given a from a number of different support were a mess. Either of play on too many screens. chance. coverage roles. tentative or needlessly over pursued. Ability to flip hips and run is Undersized. Not someone you phenomenal for a safety. Covers so much ground deep. want to coming up and play in the box."
"282","Grant Delpit","Grant Delpit","Grant Delpit lived in New Orleans, Louisiana before Hurricane Katrina displaced his family in 2005, per LSU’s official athletic site. He moved to Houston, Texas and played his first three years of high school football at Houston’s Lamar High School before transferring to IMG Academy in Florida for his senior season. After logging 47 tackles, five interceptions and six passes defensed at IMG, Delpit entered the recruiting scene as a four-star prospect and the No. 10 safety in the state of Florida. Delpit’s decision to return home and play at LSU was an easy one despite fielding more than 25 offers from other prestigious programs around the country. He said it was his dream to play for the Tigers and “knew all along” he’d commit to LSU, per 247Sports. Any time you see a player that comes in and starts as a true freshman on a team like LSU – as Delpit did in 2017 – you know you’re talking about a talented football player. He earned a modest grade of 70.7 in that freshman season, but he showcased his ability to locate and make plays on the football with seven combined interceptions and pass breakups. Delpit’s sophomore season in TKLS 2018 was the best of his three-year career at LSU. He earned an overall grade of 84.5, excelling as a situational pass rusher (13 pressures in 39 pass-rushing snaps) and in coverage (five 68.7 He wasn’t able to quite play up to those marks this past season, but he still earned a coverage grade better than 70.0. The biggest 84.4 Delpit has missed 36 over the past two seasons, fourth most among all FBS safeties.","The way Delpit alternates special plays in coverage with ugly-looking missed tackles is unlike anything I've ever seen. I'm not even sure it's necessarily a lack of want to as a tackler, he's just bad at wrapping up. That's something you'll have to live with at least early on in his career, but it's something we can and will live with given his unique coverage skillset. He's one of the longest safeties you'll ever see and can affect the catch point even when outleveraged. He's also got plus athleticism for the position even at his height. Obviously, if you have a role that stresses tackling don't draft Delpit. But if you want a multi-faceted coverage weapon you should still take the chance.","Short area quickness that's Crazy wingspan for a safety. Missed tackles be damned, Delpit does things in coverage no other safety in this class can match. At the very least, he can completely erase tight ends or bigger slot receivers in a man heavy defense with his length. grant Sees the game differently. Effortlessly attacks the Slips off tackles far too much. Not a fan of taking on blocks Breaks on routes like a football in the air. Receiver-like Angles are fine, just leaves vs run or screens. Tries to find seasoned NFL vet. ball skills. feet and fails to wrap up. a way around instead of engaging. Doesn't have top-end speed needed to be an elite safety. TE eraser qualities. you'd like at top of draft. Shows up vs run and pass. Couldn't make up ground on TEs at times. Balance transitioning from Bad habit of lunging in press pedal is superb. No speed lost when he flips hips. coverage. Gets overexcited to lay blow."
"283","Jeremiah Dinson","Jeremiah Dinson","Dinson was part of a state championship team on Miami Norland as a freshman in high school, but he ended his high school career with American High School in Miami under head coach Anthony White. He was listed as a three-star recruit and the 108th cornerback in the country by 247Sports, and Dinson originally sorted through his 21 offers to commit to Kentucky. He later switched his commitment to Auburn following a January visit. After playing in the slot exclusively in 2017 and performing to an average level at best, Dinson was moved to safety in 2018 and didn’t perform much better. He raised his coverage grade from 63.5 to 65.6 and still was responsible for a handful of bad plays with three resulting in a touchdown. Though in 2019, he turned it all around and produced one of the highest coverage grades at his position at 91.4 and allowed just 132 yards on his 390 coverage snaps. When Dinson did allow a catch this past year, it was never an explosive play. Of his 27 catches allowed, the longest went for 14 TKLS was quick to the receiver and hardly ever missed a tackle with just four misses on 82 attempts.","Dinson is another in a long line of college players whose athletic traits simply don't measure up to what teams are looking for in the NFL. He got protected a lot in a box role for Auburn in his career where he could matchup with tight ends or wrap up in space on screens well. When asked to play on the back end though it was a different story. He showed very limited range and it's something teams won't even risk at the next level. To play box full-time though in the NFL, you need a bit more size than Dinson's listed 191 pounds. At that point, he's a man without a real position.","Great form tackler. Limited YAC very well for box safety. Dinson is unfortunately a man without a position in the NFL. He lacks the athleticism to utilize deep and the size to play in the box. His best bet is in the slot, but could also play nickel/dime safety. jeremiah Undersized yet pretty much a Broke out in 2019 and graded box safety only. Not a great out below average in coverage combination. both years prior as starter. Terrific balance in the open Burst is below average even field. Feet underneath him amongst safeties. ready to pounce. Smooth hips. Switches Below average agility. between route combinations with ease."
"284","Kyle Dugger","Safety","Kyle Dugger is your classic late bloomer. According to Orlando Ledbetter of the Atlanta Journal Constitution, Dugger arrived at Georgia’s Whitewater High School at 5-foot-6 as a freshman but grew to 6-foot-1 by his senior year. He also didn’t start at the varsity level until his senior year at Whitewater. He received zero Division I offers coming out of high school as a result and opted for North Carolina’s Lenoir Rhyne over some other Division II offers. TKLS","Even after a week of Senior Bowl practices, it's difficult to say exactly what you’ll get with Dugger on an NFL field. One thing is for certain, Dugger's speed and ferocious tackling absolutely still played against the competition in Mobile. He forced two incompletions and picked off a pass in the five one-on-one reps he did get during the week of practices. Still, there's likely going to be some growing pains as he got lost in zone coverage during the game and it led to a long touchdown. You bet on physical tools like Dugger has translating to the next level.","Supremely explosive athlete. Excellent length for the He's a massive unknown at this point, but he has a high-floor with his explosiveness and how well he tackles. At the very least he's a special teamer for a long while in the league. kyle Might as well have been high Probably the best pure burst at position with 32 3/4"" arms. Big school tape with the S in the class. tackle radius. competition level at Lenoir- Rhyne. Unafraid to play fast. Trusts Didn't have to do too much his angles and attacks. true reading in coverage. Got away with just reacting. Big-time hitter. Not going to be the one going backwards on contact."
"285","Jalen Elliott","Safety","Jalen Elliott played basketball and wide receiver at Virginia’s Hanover High School before transferring to L.C. Bird for his junior and senior seasons. After just one game at defensive back at Hanover, he made the switch to defensive back and quarterback for L.C. Bird, where he went onto pass for 1,736 yards and 24 touchdowns as a senior. He received more than 10 offers but ultimately committed to Notre Dame to play defensive back in 2016. He was coveted for his athletic ability, instincts and leadership qualities before heading to South Bend. Elliott has been starting for the Irish ever since his sophomore season back in 2017. That year, Elliott took his lumps allowing a passer rating against of 120.1 and missing 18 of 63 tackle attempts. Things turned around in a big way the next season, though, as Elliott picked off four passes and forced incompletions on eight more. His boom-or-bust coverage style got exposed a bit more this past season though as he earned a 61.9 coverage grade. That inconsistency is scary for a position that has the word 'safe' in the job title. TKLS","Elliott came into 2019 riding the high of a 2018 season that saw a number of Notre Dame defenders grade out excellently. He showed some of the best ball skills of any safety in the nation back in 2018. With his length and physicality, that should be a skill that translates immediately to the NFL. Unfortunately, that's only a small portion of the safety position. He has far too many reps where he's stumbling all over himself on the back end leading to big plays. The fluidity simply isn't there and a change of positions could feasibly be in Elliott's future.","Excellent attacking the catch Not afraid to body receivers. So many rounded angles on Had terrible missed tackle point. 11 forced incompletions Didn't press much but could be his tape. Some stiffness to issues early in career that Elliott's not the kind of fluid athlete you want roaming in coverage over the middle of the field. A transition to corner may suit him well with his ball skills and how physically he plays receivers. jalen past two seasons. in his future. him in space. never got completely cleaned up. Back-to-back seasons of Very little explosiveness to his Covered slot by chucking any stingy coverage numbers. game. Whether it's running or WR that tried to get vertical. Passer rating below 60.0 both hitting. Stiff hips making the turn. years. Ideal size and length for the Took a massive step back safety position. from 2018 to 2019 in a number of regards."
"286","Reggie Floyd","Safety","Floyd was a three-star recruit coming out of Stonewall Jackson High School in Manssas, Virginia back in 2016. He chose Virginia Tech over offers from West Virginia, Wake Forest, and North Carolina. Many colleges also evaluated Floyd as a running back where he was first-team All-Conference his senior year. Floyd's ex-military father, Derek, trained him into the athlete he is today. Floyd only saw the field for nine snaps as a freshman, but he became the Hokies’ starting strong safety in 2017 – a season in which he recorded a 69.9 overall grade that was headlined by a grade of 80.9 in run defense. Floyd kept that starting strong safety throughout the remainder of his career at Virginia Tech. He continued to improve in coverage the next two seasons, increasing his coverage grade from 61.1 in 2017 to 71.4 as a junior and 74.2 last season. Floyd ended his senior campaign in 2019 with seven pass breakups after recording just two over his first three seasons combined. TKLS","Floyd is one of the most overly aggressive players in the entire draft class. He's never seen a play action fake or double move he didn't want to jump on. That right there is already concerning, but even more so the fact that it really hasn't led to too much ball production over the course of his career. Floyd has the traits, but they've translated to middling grades for Virginia Tech.","Box safeties are a dime a dozen in the NFL - especially ones with inconsistent read-react ability like Floyd. Bulking up to full-time linebacker could land him a roster spot though. reggie Plays on balance. Ability to Range on the back end is poor. Consistent tackling issues change directions in open field Not a deep playmaker. every year. 39 misses on 265 without losing speed is a plus. career attempts. Solid ball production this past Overcommitted on play action season with 7 PBUs. a number of times already this season. Overaggressive in general. Double moves get him regularly."
"287","Jordan Fuller","Safety","Jordan Fuller fielded a host of Power-5 offers coming out of New Jersey’s Old Tappan High School as a 6-foot-1, 196-pound four-star recruit in 2016. He ultimately chose Ohio State over offers from Michigan, Notre Dame, Alabama, Auburn and several others. He finished his senior season with 44 combined tackles, six interceptions, 747 rushing yards, 886 receiving yards and 135 passing yards in addition to his 15 touchdowns. Coming out of high school as the Gatorade New Jersey player of the year in his senior season of high school, Fuller didn’t see a whole lot of action in his freshman season for the Buckeyes. He played in just five games, seeing 71 total defensive snaps. His first season as a starter came as a sophomore in 2017. Fuller split time between snaps in the box, at slot cornerback and deep at free safety in both 2017 and 2018 before transitioning to a strictly free safety role last season. He showed improvement each season at Ohio State, improving his overall grade from 67.5 as a freshman to 83.1 with an 87.4 grade in coverage as a senior. Fuller is a sure tackler who showed some TKLS breakups on limited targets.","Fuller saw his role change drastically going from the box in 2018 to almost exclusively deep this past season. While he didn't make a ton of splash plays, he also rarely got burnt downfield either. Now some of that was aided by having three stud cornerbacks who weren't getting beaten themselves and putting Fuller in bad spots, it's still encouraging to see him grade out well in multiple roles for Ohio State's defense. While I wouldn't describe his range as special, Fuller still has plus size and athleticism for the position.","affecting the catchpoint from hurry while still breaking down out of his pedal. Fluidity isn't safety. Fuller isn't terribly physical and doesn't offer much man skills, but he can go from deep to box safety and not look out of place in either. jordan Long safety capable of Closes up to the flats in a Hitch in his giddyup breaking Range is poor for a deep behind WRs. for tackles. there. Tight end eraser type skillset. Grade saw big leap when role Play strength is mediocre. Not changed to more deep safety in going to be a hitter. Looked capable in man Plays high in space. Changing coverage when he could get his hands on receivers. directions is a tall task."
"288","Alohi Gilman","Safety","Alohi Gilman played high school football at three different schools. He began his high school playing career at private Kamehameha in Honolulu for his first two years before playing his junior season at Orem high school in Utah. Finally, Gilman played his senior year on the North Shore of Oahu for the powerhouse Kahuku Red Raiders. Gilman grew up playing offense and didn’t begin to play defensive back until his junior year in high school in Orem where he played both ways. Gilman also played basketball and ran track in high school. Gilman’s numerous school changes impacted his recruiting process. He chose to play at the Naval Academy over his home- state program of Hawai’i. Gilman attended the Naval Academy Prep School in Rhode Island before playing for the Naval Academy. Gilman would later transfer to Notre Dame as he eyed an NFL career. His father, Asai Gilman, played football at Southern Utah. In his lone season with Navy as a freshman in 2016, Gilman allowed nearly a yard per coverage snap and gave up five touchdowns. He then transferred to Notre Dame and made plays in his first year of action with the Irish in 2018. Gilman played all over TKLS the field that season, and ended up with a 91.6 PFF overall grade, four forced fumbles and two interceptions. In 2019 though, his PFF overall grade dropped down to 73.5. After missing just four tackles on 83 attempts in 2018, Gilman missed 14 73.5 against wide receivers, allowing 11 of his 14 targets against wide 91.6 explosive play when covering a running back or tight end these last two seasons and fits the mold of a dime back in the NFL.","Even when Gilman was grading out exceptionally well in 2018, his tape wasn't without issue. He looked stuck in mud whenever a receiver was turned loose on him one-on-one deep. You can live with that with all the plays he made around the line of scrimmage and in the intermediate range. In 2019 though, those plays started to dry up and Gilman got exposed more and more. He's more than likely your nickel or dime backer at the next level who would be used more to cover tight ends and running backs than receivers.","Gilman is likely limited to a box only role in the NFL which immediately zaps some of his value. While he could succeed in such a role, he's not exactly the physical prototype to execute it. alohi Drives downhill with Sure tackler past couple Straight line speed is average. Speed is a big question mark. aggressiveness you can't seasons. 18 misses on 153 Doesn't make up steps on Range on backend is limited. teach. attempts. back end. Phenomenal flat-footed reads. Plays with great balance in the Not the safety you want Gets up to speed quickly in all box. Candidate for nickel/dime manning the slot. Spun in directions. backer. circles at times. Fantastic ball skills for a Gets caught guessing instead safety. Going to haul in picks when given the chance. of reading. Exposed by vertical routes."
"289","Brandon Jones","Safety","Jones played high school football at Nacogdoches high school in Nacogdoches, Texas. As a senior, Jones had 124 tackles, 16 tackles for loss and two interceptions. He also scored a combined eight touchdowns on his offense and special teams touches. Jones was selected for the 2016 Under Armour All- America Game and was named to Scout’s All-America team. Jones was ranked by Scout as the No. 1 safety and No. 19 overall recruit nationally. ESPN ranked him the No. 2 safety and the No. 49 recruit nationally. 247Sports ranked him the No. 3 safety and No. 52 recruit nationally. As a sophomore he was named a first-team Sophomore All-American by MaxPreps. Jones also ran track for Nacogdoches and competed in 100m, 4x100, and 4x200. Prior to Jones’ 2019 senior season for the Texas Longhorns, there wasn’t a whole lot that made him appear to be a natural fit at the next level. He played just 88 defensive snaps as a freshman in 2016, but as the team’s starting free safety in both the 2017 and 2018 seasons, Jones recorded grades below 60.0 TKLS than he made, earning coverage grades of 56.2 in 2017 and 46.7 in 2018. 74.3 scrimmage in some box roles and in the slot, and the result was a 58.2 career-high marks in overall grade (74.3) and coverage grade (76.5), notching six combined interceptions and pass breakups","Heading into the 2019 season, Jones didn't look like much more than a big athlete plugged in at safety for Texas. His angles and route recognition on the backend were nothing special. However, he got more opportunities to go down and cover the slot this past season, and I thought his natural talent really flourished. He's got the movement skills for the position, but not necessarily the quick read-and-react ability. Because of that, he's still likely a Day 3 type of prospect. ""","Ticks the size and athleticism Diverse usage over the course Jones looked much more comfortable around the line of scrimmage this past year than as a safety. A possible switch to cornerback could be in his future. brandon Gotten exposed as deep boxes you want at safety. of his career. safety. 53.6 coverage grade in 2017/2018 when lined up deep. Knows how to get physical Looked much better manning Slow to drive downhill out of with receivers along their route slot for Texas this past his pedal. without grabbing or season. committing PI. Smooth hips turning and No real trump card trait. tracking downfield."
"290","Jared Mayden","Safety","Practically every school in the country wanted Texas’ Jared Mayden to play for their football team before he committed to Alabama in February 2016. At 6-foot, 190 pounds, Mayden was tagged as a four-star cornerback recruit by 247Sports Composite. Per Damon Sayles of Bleacher Report, Mayden was clocked at 4.36 seconds running a 40-yard dash at an Oklahoma camp before his commitment. Mayden stuck it out through multiple years riding the pines at Alabama to finally get his shot this past season. He firmly put himself into draftable territory with a 76.0 run-defense grade and 78.7 coverage grade this past season. He was targeted 33 times and only allowed 20 catches for 215 yards. The worry is that he didn't show much of anything as a playmaker. His 9 stops all season long ranked 12th on Alabama's defense alone. That's a difficult sell for NFL evaluators. While he did finish the season with four interceptions, most came via terrible decisions from opposing quarterbacks and not special plays from Mayden. TKLS","Mayden is the rare starter in the Alabama secondary who is not a top prospect. In his only year as a starter for the Tide, he put up an impressive four interceptions, but that number isn't quite indicative of his playmaking ability. There were a bunch of ugly reads on his tape and rough reps in man coverage. He's at his best in underneath zone coverage, which is arguably the least valuable thing a safety does. His best route to success in the NFL is either as a nickel or dime linebacker who can cover around the line of scrimmage.","There aren't many reps on tape that you can point to as high-level. He'll have to be limited in his coverage responsibilities at the next level which makes it difficult to covet him highly at this point. jared Fantastic eyes in coverage. Man skills are lacking. Feet are Rarely around the ball. Only Reads QB and routes a mess. Had some ugly reps nine stops all season long. simultaneously. over the slot. Flat footed breaks from off Gets turned around far more All four of his picks were coverage are superb. Broke up than you'd like. Not particularly basically gimmies. a number of slants. smooth transitioning. Not afraid to get physical Only one year of starting along route and at catch point. Won't shy away. experience in Alabama's defense."
"291","Xavier Mckinney","Safety","Xavier McKinney was heavily recruited coming out of Georgia’s Roswell High School as a four-star recruit, picking up offers from Alabama, Clemson, and Ohio State, among others. The 6-foot-1, 192-pound safety prospect recorded 82 tackles, seven interceptions, nine passes defensed and two forced fumbles as a senior at Roswell and committed to Alabama in January 2017. McKinney has been one of college football’s best safeties over the last two years, producing a two-year overall grade that is among the five best in the FBS. He’s played in the box, in the slot and at deep safety close to the same amount and while he was good in the box and in the slot, McKinney was at his peak playing free safety. At that alignment, McKinney produced an elite two-year coverage grade and was responsible for only two first downs on his 246 coverage snaps while intercepting four passes and forcing one incompletion. He’s an absolute ballhawk in coverage and has shown to bring value as a blitzer too with 21 pressures in his 71 pass-rush snaps since 2018. TKLS","While splash plays at safety often catch the guy, guys who can consistently execute their role at a high level can be more difficult to spot over a small sample size. One of the biggest advantages of having PFF grades is that they allow us to identify the guys, like McKinney, who fit the bill of the latter. Whether it's his work in run support, underneath zone coverage, as a blitzer or as a deep safety, McKinney did it all extremely well over the past two seasons. For only a true junior, McKinney has a feel for the game that's rare for a player of his age. ""","Slot coverage skills. Sticky on Great ball skills. Made pick McKinney has the best grading profile of any safety in the class. He's a swiss-army knife perfect for a diverse role in modern defenses. xavier Good not great athleticism. underneath route tree. where he had to turn back over More quick than explosive. shoulder before locating ball. Blitz weapon in the Alabama Versatility to do pretty much Not the strong, physical defense. 10+ pressures in anything you could ask from a presence of most safeties who 2018 and 2019. safety and did it well. play around line of scrimmage. Lined up everywhere for Doesn't always trust his reads. Alabama. Snaps split almost dead evenly between Will see him look to QB before breaking on routes."
"292","Josh Metellus","Safety","Josh Metellus was considered just a three-star defensive back recruit coming out Florida in 2016. He originally committed to Georgia Southern but later flipped his commitment to Michigan. Colorado and Michigan were the only two Power 5 programs to offer Metellus a scholarship. Metellus played with now Steelers off-ball linebacker Devin Bush at Florida’s Charles W Flanagan High School. Both players were coached by Bush’s dad, Devin Bush Sr. Metellus has been one of the cornerstones of a solid Michigan defense over the past three seasons. He's earned above-average coverage grades in the 70's each of the past three seasons and has seen his run-defense grade soar from 63.1 in 2017 to 81.9 this past year. That's a grading profile that suggests what the tape suggests: a solid yet unspectacular player. Metellus is going to do his job play after play, even if he won't necessarily be making plays. For his career, he's only allowed 50% of his targets to be completed for a passer rating of 68.1. TKLS","Metellus puts the safe in safety. He was rarely responsible for any sort of bust or big play allowed down the football field, but at the same time rarely went above and beyond the call of duty. His best trait is easily his ability to stay balanced in his pedals. Metellus wasn't lock-down by any means when covering the slot but was always at least in good position in that role. With three years of starting experience, Metellus is a solid late- round option.","Plays the game measured and Quick to turn and locate under control. Not going to be football. Not content with Metellus is just too limited in coverage to covet highly in today's NFL and doesn't have the physicality for a full-time box role. He's an assignment sure placeholder type of safety josh No recovery speed. If he loses Didn't see much improvement steps downfield, he's not from sophomore year to senior caught off-guard. breaking up passes, he wants making them up. year. picks. Extremely sure tackler. 18 Experience coming down and Not an overly physical safety. misses on 192 career playing man coverage in the Not the guy to blow up a attempts. slot. Showed great patience in blocker or ball carrier. man. Three years of starting Athletically just a guy. experience with plus coverage grades every year. Quickness out of his breaks is average."
"293","Tanner Muse","Tanner Muse","Tanner Muse committed to Clemson over offers from Florida, Michigan and several others as a three-star safety recruit in 2015. The Belmont, North Carolina native did so while also keeping his options open as a highly regarded baseball player. Muse hit .474 with five homers and 33 RBIs as a junior center fielder and hit .380 as a senior at South Point High School. He hoped to to hear his name called in the MLB amateur draft but ultimately prioritized the gridiron over the diamond at Clemson. Muse has been a reliable box safety for Clemson all throughout his four years on the field. He only played 105 snaps in his redshirt freshman season in 2016 but posted run-defense grades in the low 80s in his three seasons with significant snaps from 2017-19. In the times he has gotten beat in coverage and let up a big play, he was almost always playing out of the box. On his 498 coverage snaps outside the box since 2017, Muse has given up exactly 498 yards, 22 combined first downs and touchdowns while recording 10 combined interceptions and forced incompletions. On his 401 coverage snaps inside the box in that TKLS downs and touchdowns while combing for eight interceptions and forced incompletions.","Watching Muse's game, it's amazing to me that Clemson considered him a safety. By far the best trait I saw from him was his ability to take on blocks and some of his most impressive plays come as a blitzer. I want this guy playing between the tackles in my defense as I saw what happened to him one-on-one at times in space. He has the skillset to make that transition, but it will obviously come with some projection as Muse has never really done that for Clemson. It won't alleviate the stiffness in his game, but it will at least protect it.","Looked like an edge rusher displayed rushing the passer. Realistically Muse is a linebacker in the NFL and he has more than enough toughness to his game to pull it off. He's still not going to be particularly fluid or a playmaker in coverage there though. tanner Plays so upright. Moving with some of the moves he laterally at all is problematic. Beat OL men. Brings the pain in the run Stiffness in his hips that is game. Enormous for a safety. scary to think about as deep safety. WRs destroy him 1-on- Could easily make transition to Not a naturally sooth mover. LB. Has played over half his snaps in the box. Everything looks like its a chore for him."
"294","J.r. Reed","Nr","Per 247Sports Composite, JR Reed was a three-star cornerback recruit coming out of Texas’ Prestonwood Christian High School at 6-foot-2, 175 pounds in 2014. He received just four offers – all of which came from Group of 5 schools – and ultimately enrolled at Tulsa in January 2015. Reed played receiver and defensive back in his preps career, recording 308 receiving yards, three touchdowns, 53 tackles and three interceptions as a senior at Prestonwood. He played in 13 games at Tulsa in 2015 before transferring to Georgia. Reed’s father, Willie Jake Reed, played in 155 career games in the NFL at wide receiver from 1991-2002. He caught 450 passes for 6,999 yards and 36 touchdowns in his 12-year career. Reed is an older prospect, turning 24 years old in March, after beginning his collegiate career with Tulsa in 2015. He only played 50 snaps for the Golden Hurricane before transferring to Georgia. After sitting out the 2016 season, Reed immediately stepped into the starting free safety role for the Bulldogs, picking up an overall grade of 72.0 in 877 defensive snaps. That grade TKLS qualifying FBS safeties. He didn’t quite replicate that in his final season with the Bulldogs last year, but Reed was still a solid all- 81.0 allow four touchdowns in coverage in 2019, though. That was 89.0","The fact that Reed turns 24 right before the draft is almost indicative of who he is. The Georgia safety is very much a savvy veteran at the position who is not going to take bait or get out of position. He puts the 'safe' in safety, but that doesn't get you drafted highly in the league. If you want any sort of playmaking ability or explosiveness, it's probably best to look elsewhere. That's not going to be who Reed is anytime soon.","Reed is a solid, but unspectacular safety. You won't be worried about him making boneheaded bad decisions, but he may never get his hands on a pass either. j.r. Unafraid to stick his nose in it. Takes a while to get up to Drives on QB not route reads. Takes on blocks in screen speed and top speed is sub- Rarely jumped routes. game with authority. par. Physical with receivers along Tackling form is rough. Ducks their routes. Takes them off head and lunges. 47 misses their line. over past three seasons. Puts the 'safe' in safety with Short area quickness in the few busts in his career. slot wasn't enough to think he can play there at next level."
"295","Kenny Robinson","Safety","Kenny Robinson was considered a three-star recruit coming out of Pennsylvania’s University Prep in 2017 and received more than five Division I offers before committing to West Virginia. He played defensive back, quarterback and wide receiver at Imani Christian Academy and finished his preps career with 1,250 rushing yards, 2,150 passing yards and 18 touchdowns, with only three interceptions. He’s also one of seven children. After two years at West Virginia, Robinson entered the NCAA transfer portal at the start of 2019. However, according to Art Garcia of XFL.com, he never transferred because “family concerns took precedent.” Robinson’s mother was diagnosed with cancer around the same time he entered the transfer portal. The XFL gave him an opportunity he couldn’t refuse. “It was either go to school or help take care of my family and do what I love,” Robinson said, per Garcia. “The XFL is also paying for me to take classes still, so I can take classes and get my degree and take care of my family at the same time.” In his two seasons with West Virginia, Robinson allowed a 43.4% TKLS catch rate and totaled 12 combined interceptions and pass breakups en route to an 81.8 coverage grade. His tackling was a concern, though, as he missed 24 of his 142 attempts. In his five games in the XFL, Robinson was almost exactly the same player 62.4 missed four of 23 attempts, but his coverage was as strong as ever, 67.1 yards and picked off two passes, paving the way to seventh-best coverage grade among XFL safeties.","Watching Robinson's XFL tape damn near brought a tear to my eye. We were robbed of a full season of his tape after he left West Virginia last summer, but in his five games, he was the exact same guy that we saw in 2018. Big hits, ball-hawking picks, and maybe a little too much improvising on the backend. He doesn't quite have the athleticism to get away with that on the backend in the NFL, but he's got more than enough to still make plays. The off-field obviously needs to be better, but Robinson has far more talent than where he'll likely get drafted.","Robinson's playmaking instincts and ball skills are as good as it gets at the safety position. His freelancing, average speed and limited experience are concerning. kenny Glides across the field. Low strike zone on his hits Abandons zone assignments West Virginia's 3-deep safety Smooth hips give him more over the middle is perfect. Not too callously. Sees something looks aren't something he'll range than his speed would going to draw any flags. he goes for it. run in the NFL. suggest. Devastating hitter. Decleats Angles as a deep safety are Leaves his feet and eschews Protected a lot in almost WRs and separates from pretty. Knows when to play technique as a tackler too exclusively MOF safety role in football. ball and when to play man. often. XFL. Experience playing cornerback Willing to play through Left West Virginia before last as well. blockers in run game, not always around. season reportedly for academic reasons."
"296","Safety","Senior","Tagged as a three-star recruit coming out of Louisiana’s Minden High School in 2016, L’Jarius Sneed chose LA Tech over Arkansas State and UL-Lafayette. He played receiver and defensive back at Minden and recorded seven interceptions and four pick-sixes as a junior, per LA Tech’s official athletic site. According to Blake Branch of the Press-Herald, Sneed recorded 19 touchdowns on just 64 touches on the offensive side of the ball as a senior. After spending his first three seasons at outside corner, Sneed made the move to safety where he logged over 100 snaps in the box (138), slot (348) and at deep safety (354). He posted a career-high overall grade of 78.2 after making the switch, and he was particularly stingy in coverage where he gave up 30 yards or more in just two of his 13 games and allowed just a 45.2 passer rating on his targets in coverage. However, it's not like he was terrible when playing outside. In his time playing outside corner, he posted a respectable 50% catch rate allowed to go with a 16.8% forced incompletion rate. TKLS defender. He posted single-season run-defense grades of 80.3, 79.5 and 86.1 over the last three years while missing only 11 78.2","With Sneed, there are so many times that you see it, whether it's on his 2018 tape when he gets a good jam in and works right around to the catch point on a slant or on his 2019 tape when he flips his hips and skies for a pick on a full sprint. There is high-level NFL talent with Sneed, but whether it's because he could get away with it at his competition level or because he never quite mastered either position, we don't see it regularly. Too often he gets lazy with his technique and resorts to playing catch up. The good news is that he has all the traits to catch up and can do so in a hurry. Maybe NFL coaching will unlock the secret.","loose, he covers ground misses on 177 attempts. Looks to find ball and make Press specialist in his days at Very thin safety. Tackles don't Speed shows up once in a blue Sneed isn't quite the sum of his athletic parts just yet, but he has some serious athletic talent and ball skills. A move back to corner would make sense for press-heavy teams. l’jarius Elite speed. When he lets Wraps up every time. 11 Angles on the backend need Chucks receivers in quarters work. Rounded routes to too looks instead of mirroring quickly. many balls. downfield. Won't work in NFL. plays. Tracks well. corner. Some serious hops in have much power to them. moon. jump ball situations. Could be more issue in NFL. Former cornerback turned Tighter than you'd like at safety in 2019. safety. Transitioning robbed him of a lot of speed."
"297","Geno Stone","Geno Stone","Considered a three-star recruit by 247Sports coming out of Pennsylvania’s New Castle High School, Geno Stone received some interest from several Power 5 schools, but Iowa was the only school to offer him. According to Iowa’s official athletic site, Stone earned first-team all-state honors as a senior defensive back. He was a three-year letterman and played defensive back, wide receiver and quarterback for New Castle. He also lettered in basketball and track in sprints and jumps. Stone has dominated in coverage all throughout his career for the Hawkeyes. On his 883 coverage snaps over the last three years, Stone had put together one of the best coverage grades in the country at 91.8. He’s played a majority of his snaps deep and that’s exactly where he belongs. Stone has played over 600 snaps at free safety in his career and has been responsible for only 137 yards while intercepting three passes and forcing seven incompletions. While Stone has been good in the box, he’s nowhere near the same elite player when playing deep as he has just a 71.1 overall grade in the box in his TKLS","Game after game with Stone you see a diverse zone coverage player. He moves so seamlessly from underneath to deep with top-notch change of direction ability and speed. There's not a ton of big hits on his tape and he'll never add much to your run defense, but give me the coverage skills every day of the week. Your defensive coordinator might have to reel in his freelancing a bit, but I'd rather try to calm that down than teach a safety to make plays like Stone does.","Processes at a high level. before the draft. Stone is one of the most underrated safeties in the draft class. His processing and quicks are a fit for every defense in the NFL. You may not want him in the box, but he can easily rotate between deep and the slot. geno Zone instincts are superb. Only turns 21 in April right Less than ideal length for a Relied on speed too often. Sat safety. Not a versatile box kind flat-footed deep a lot thinking of guy. he could recover. Trusts his instincts wholesale. Completely unafraid as a Almost no experience in man Some fantastic early breaks on tackler. Hits above what his coverage in Iowa's scheme. 31 tape. size suggests. snaps all last season. Plus speed for the position. Some reckless reps on tape. Range to do anything you want on the back end. Can't have safety playing as loose as he does."
"298","Levonta Taylor","Safety","Recruited out of Virginia’s Ocean Lakes High School, Levonta Taylor was the state’s top overall player and the seventh-best player in the nation in 2016 according to 247Sports Composite. The consensus five-star recruit received 33 offers before officially committing to Florida State in April 2015. Per Sanjay Kirpalani of Bleacher Report, Taylor earned a 3.1 GPA at the high school level and recorded a hand-timed 4.28-second 40-yard dash and a 43- inch vertical in the offseason prior to his first year at FSU. Taylor has had an unfortunate last couple of seasons. He broke out in 2017 and was a shutdown outside corner, allowing just 13 of 35 targets to be caught for 162 yards on his 416 coverage snaps with zero touchdowns and four combined interceptions and pass breakups. He battled an injury throughout 2018 and just wasn’t the same player by allowing over a yard per coverage snap and four total touchdowns. Taylor was then moved to safety in 2019 and struggled in that role by posting a 63.3 coverage grade, which was far lower than his previous two seasons. TKLS","I get why a 5-foot-10, 190-pounder like Taylor would want to move to safety/slot in an effort to increase his draft stock, but I truly believed that he could be one of the few to overcome those size deficiencies on the outside, and he'd pretty much already done that performance-wise. Now, he wouldn't be a fit in every scheme, but he has easy speed, movement skills and leaping ability to make up for his stature. Switching to safety and then the slot this year, Taylor looked like someone who really hadn't played either. If you're talking about Day 3 defensive backs, he's got a lot more to offer Exceptional mirror ability. Rare than most.","One of the most athletic DBs in the country. Speed, leaping Taylor's transition to safety then slot was rocky, but with his athleticism and the feel he showed in coverage at outside corner in his time before that is enough to take a chance on early Day 3. levonta Undersized, with limited length Transitioned to slot late in at both safety and corner. season and gave up 80 yards ability, agility, everything. and 2 TDs in first game. Didn't quite have the physical No clue how he will be as to see him shook on playstyle to fare any better at tackler or against run. 90 speed/quicks alone. safety. tackles in 4 seasons. While he gets outmuscled a lot Relies on athleticism. Feel for at corner, still has good timing when attacking catch point. the playing over the middle of the field still not there."
"299","Safety","Safety","K’Von Wallace, a three-star safety recruit coming out of Virginia’s Highland Springs High School in 2016, held official visits with Clemson and Ohio State before committing to the Tigers in February 2016, per 247Sports. He was both a track star and football standout at Highland Springs. As a senior, he received first-team all-state honors at wide receiver and defensive back. Wallace has been used all over the field in his time at Clemson and been consistent over the last three years, posting overall grades in the low 80s in each season. In 2019 specifically, Wallace took his game to another level by recording a career-high 89.7 coverage grade. He wasn’t much of a ballhawk in coverage prior to this year as he recorded just nine combined pass breakups and interceptions from 2016-18 but improved in that area by producing 10 in 2019. Wallace fits the prototypical dimeback player at the NFL level. TKLS","If you were to build an ideal slot corner, it would look a lot like Wallace. You want someone with enough size to blow up receiver screens. Wallace checks in at 5-11, 205 pounds. You want someone who can react quickly and break up passes underneath. Wallace had eight pass breakups last year. And finally, you want someone who has some savvy in reading routes. Wallace has been manning the slot at Clemson for three straight seasons and earned exceptional coverage grades in each. At that point, we're going to be fans of Wallace's game.","Wallace has ideal slot cornerback traits in today’s NFL. He's physical, quick, and instinctive. Don't get too cute with him, just throw him in the slot and let him work. k’von Built like a brick. Sticks ball Has nickel/dime safety skillset Running vertical with WRs got carriers in their tracks. to be a jack-of-all-trades in the ugly. No makeup speed. box. Threw WRs trying to block him Consistently excellent Can be measured to a fault. aside in screen game. coverage grades every season. Gets to catch point a step slow. One of the best tackling DBs in Likely pigeonholed into slot NCAA. 18 misses on 171 attempts in career. only at next level."
"300","Antoine Winfield","Safety","The son of former NFL standout Antoine Winfield, Winfield Jr. began his high-school career at Eden Prairie before transferring to The Woodlands. In his senior season there, he recorded 87 tackles, five forced fumbles and two interceptions per the Minnesota official athletics’ website. He was named Montgomery County Player of the Year during that senior season. As a three- star recruit, Winfield had offers to eight schools – Minnesota, Eastern Michigan, Houston, Lamar, Missouri, Northwestern, Purdue and SMU – and he committed to Minnesota after visiting in December. Winfield’s football career was starting to go south after he had to seek medical redshirts in both 2017 and 2018. However, he defied the odds and came back as one of college football’s best safeties in 2019. Winfield produced the seventh-best coverage grade among draft-eligible safeties at 89.2, and he generated nine combined forced incompletions and interceptions, the same number of first downs that he allowed on throws into his primary coverage.. At free safety specifically, Winfield had the second TKLS that’s what we call a ballhawk, folks. In total, he was responsible for only 138 yards on his 401 coverage snaps.","While Winfield's seven picks this past season are a bit inflated by some lucky bounces, they are indicative of the playmaking ability he brings to the safety position. He can go from single-high to split-field to the slot and make plays on the football no matter the role. Unlike a lot of playmakers though, Winfield's picks don't come from guessing or jumping routes willy-nilly. No, Winfield is just darn good at splitting routes and being precisely where he needs to be on the back end. From that perspective, don't expect too steep of a learning curve for Winfield once he gets to the league.","Heat seeking missile in space. He’s not just a playmaker in Definitely learned to tackle coverage. He forced two Winfield may not be the most physically gifted safety in the class, but he makes up for it with how well he understands the game. No safety in this class has better instincts than him. antoine Range and overall burst on Still bit on double moves more backend not elite. than you'd care for. from his father. fumbles last year, as well. Ball skills down the field are Four years as starter already Short with limited length. May superb. Tracks like a center under his belt. limit versatility in NFL. fielder. Reads route concepts well Both 2017 and 2018 seasons beyond his years. Puts the 'safe' in safety. were cut short with injury."
