"","full_name","blurb","pros","cons","where_wins","what_role","what_improve","bottom_line"
"1","Matt Corral","Corral played for the Rebels as both a freshman and sophomore, but his career didn't take off until Lane Kiffin came to Oxford. Kiffin's offense took advantage of Corral's athleticism, rocket arm and quick release. The RPO-heavy offense attacked every level of the field, and Corral saw his grade take a massive leap. However, the offense isn't particularly translatable to the NFL, meaning Corral still comes with some question marks. He used play action on 60.4% of his dropbacks in 2021, the highest rate in the FBS.","Athlete who happens to play quarterback. Mobility is a big plus. Compact motion. Generates serious torque during his throwing motion. Stands tall in the pocket and rips from a consistent base. Accurate to all levels.","Slim frame. Listed at 205 pounds. Already dealt with multiple injuries in 2021. Not much throw shaping on his tape. Lasers only. Looks like a different quarterback and lacks confidence when forced past first read.","DIST R IBU T IN G Corral is at his best when playing point guard — distributing the ball quickly and swiftly to all levels of the field. NFL OC's will take advantage of his timing and accuracy in the RPO and quick passing game.","P LA Y BOOK OP EN ER Corral has serious tools that any offensive coordinator would love to try and mold. He also needs some serious molding, though. He's a project who needs to learn behind a veteran early in his career.","T OU CH Corral was hardly asked to run dropback passing concepts at Ole Miss. He is exceptional on simple rhythm concepts/RPOs, but when asked to expand his vision and identify where to go with the ball, his play suffers.","Drafting Corral should be seen as an investment, not a quick fix to a team’s passing offense."
"2","Kaleb Eleby","Eleby first got starting experience as a true freshman back in 2018 when an injury to starter Jon Wassink forced him into action against Toledo late in the year. He earned a 63.7 overall grade in five games before ceding that starting job back to Wassink in 2019. Once the job was his again in 2020, Eleby was a revelation. He earned a 91.5 passing grade in six games throwing to the likes of 2021 2nd-round pick Dee Eskridge and potential 2022 1st-rounder Skyy Moore. He couldn't sustain that for a full season in 2021, however, as he started putting the ball in harm's way more. Maryland Heights, MO","Works pockets confidently. Consistently climbs with eyes downfield. Can hit drive throws downfield when he steps into it. Some impressive lasers on tape. Attacking mentality while still taking care of the football. 11.0 yard ADoT in career.","Erratic ball placement. Gets amplified off- platform or on the move. Short with compact frame. Not going to do him any favors. Panicky under pressure. Can visibly see everything speed up.",NA,NA,NA,"Eleby may not have the ideal developmental skillset, but he has sustained performance with an NFL-caliber arm."
"3","Sam Howell","Howell has started from Day 1 for the Tarheels. As a freshman in 2019, he put up the second-highest graded season we've charted from a true freshman quarterback, behind only Trevor Lawrence. He built upon that with a superb sophomore campaign, where he racked up impressive throw after impressive throw. After losing his top two receivers and rushers from 2020, Howell and the Tar Heels offense took a massive step Slower back in 2021. He countered by running Russell more than ever and went for 1,106 yards on Wilson the ground. Monroe, NC","Arm talent for days. Elite deep ball thrower over course of his career. Light on his feet in the pocket. Can make subtle and not so subtle moves to buy time. Thick build. Shrugs off defenders with relative ease with 65 broken tackles in 202.","One and run. First instinct is to drop eyes and bolt. Inexplicably turns down open receivers too often. Not enough anticipatory throws. Offense was almost all RPOs and go-balls, leading the nation in both.","A R M T A LEN T From his arm to his mentality, Howell is a downfield passer. He's one of the most prolific we've seen in the PFF College era (2014-present). He'll have to go to an offense that's willing to attack downfield regularly.","DOWN F IELD P A SSER No page of the playbook is off limits with Howell. He has the arm for any passing concept, can run between the tackles and also create on his own outside. While he is a project in some ways, he could still start early on.","P R OG R ESSION S Howell can't be so reliant on scrambling at the next level — 13% of his dropbacks resulted in scrambles in 2021. He's not that kind of athlete. He has to be more patient and quicker through progressions from clean pockets.","Howell has his areas for growth, but his sheer physical tools are undeniable. He has more to offer than what was showcased in the Tar heel's offense."
"4","Kenny Pickett","Pickett has been on the NFL's radar for quite some time. He took over as the starter as a sophomore in 2018 and would undoubtedly have been drafted had he come out in 2019 after earning a 75.0 overall grade. It just would have been somewhere on Day 3. That's where his draft stock lay dormant until this past season when Pickett took an unprecedented leap in year four as a starter. He saw his big-time throw rate nearly double from 2020 and his turnover-worthy play rate hit a career low. Oakhurst, NJ","Accuracy on the move is a big plus. Pinpoint outside the pocket. Can sting a far hash out route with ease. Obvious arm talent from pocket and on move. Mobile but always has his eyes downfield. Terrific at creating space to work.","Holds the ball until the bitter end. Second- highest time to throw in the country. Bad habit of throwing off back foot. Worrisome how often he does so on vertical shots. One-year wonder. One of the biggest single- season grading leaps we've seen in Year 5.","QB F EEL Pickett has a natural feel that's uncoachable in a lot of ways. Whether it's throwing guys open, understanding receiver leverage, avoiding the rush or keying blitzes, Pickett gets a lot of the little things already.","A LL- A R OU N D QB Between his combination of experience and NFL-translateable skills, Pickett is as ready as any quarterback in the draft class to start out the gate. The question is: How high is his ceiling?","P R OCESSIN G SP EED He has to speed up his process in the league. He'll work through reads under the assumption he can always buy himself more time. ""Ball out"" has to be his first thought at the next level instead of ""break pocket.""","Pickett has enough lingering questions to scare teams off, but his 2021 tape didn't have a ton of holes."
"5","Brock Purdy","Purdy was a revelation as a true freshman in 2018. He took over as the full-time starter in Week 6 of that season and finished with an 89.3 overall grade in nine games with only one of those against a non-power-5 opponent (and it was his lowest-graded game that year). That year, though, he had Hakeem Butler hauling in his deep balls. Ever since, he's struggled mightily to produce down the football field and it's been reflected in his plateaued grades. He went from an 8.3% big-time throw rate as a freshman to 4.2% as a sophomore, to 3.4% as a junior, and finally 2.4% as a senior. Gilbert, AZ","Agile and aware in the pocket. Extremely low 12.9% career sack conversion rate. Plus accuracy. Highest on-target rate of any QB in the draft class last year. Quick, tight release that can get the job done on the move as well.","Arm strength is borderline by NFL standards. Already limited downfield in college. Field vision narrows far too often. Tunnel in on his guys and slow to come off. Plays tight. Few calculated risks. Will speed up internal clock and check down too often.",NA,NA,NA,"Purdy won't look too out of place in an NFL offense, but he also won't elevate above if thrown into a bad situation."
"6","Desmond Ridder","Ridder is now synonymous with the rise of Cincinnati football as he's been at Cincinnati all five years of the Fickell era, starting the last four. He had a Jalen Hurts- esque career progression from true freshman to senior year, as he went from a player who looked undraftable early on to one who consistently won from the pocket later in his career. He's done a tremendous job of improving upon his weaknesses every single year, and you see that in his grade Louisville, KY","Quick processor. Best in the class. Already plays at NFL speed mentally. Straight-line gas in the open field. Big-play threat as a runner if unaccounted for. Coaches rave about his work ethic and leadership. Has improved weaknesses every year.","Slightly elongated throwing motion. Little dip in his cocking phase. Thin frame. Not as elusive as other, which has led to high sack conversion rates. Beat up bad competition. 70.6 passing grade against Power-5 schools last two years.","P R OCESSIN G SP EED Ridder is a decisive and quick pocket-passer who has good enough arm talent to hit defenses over the top. While he's not much of a runner himself, his speed demands that he's accounted for.","QU ICK P A SSER Ridder isn't scheme limited by any means. He can step in Day1 and not look out of place as a starter. Utilizing his legs as a weapon is a plus but isn't necessary for him to succeed at the next level.","BA LL P LA CEMEN T Ridder's ball placement is still below-average by NFL standards, and it often is even worse early in games. He's too refined technically for this to dramatically change.","Ridder is the most NFL-ready quarterback in the class and still has areas for growth. In a class full of developmental QBs, he has the work ethic to bet on."
"7","Carson Strong","Strong dealt with degenerative knee issues coming out of high school, which limited his college offers to lower-tier programs despite upper-tier talent. At Nevada, he was starting by the time he was a redshirt freshman in 2019. Since then, he's blossomed into one of the most prolific passers in college football. Nevada put it all on his right arm in 2021, as he dropped back to pass nearly 50 times a game on Ryan Mal l ett average. His calling card is his ability to Wi th Touch drive the ball outside the numbers, and he earned a 91.1 passing grade on such throws last year. Vacaville, CA","Gorgeous tight spiral paired with quick release. Ideal combo for NFL windows. Arm talent opens entire field. Five 50-plus-yard completions — most in FBS. Offense was entirely on his right arm. 50+ dropbacks in six straight games.","Serious knee problems (Osteochondritis dissecans). Possibly career threatening. Statue. No escapability. Has broken just six total tackles in career. Pocket drifter. Too quick to eliminate options while drifting from non-existent pressure.","OU T SIDE T H E N U MBER S Strong has the coveted ability to consistently attack outside the numbers. His 91.5 passing grade on such throws is the highest among the top quarterbacks in the class. That only grows in value in the NFL.","P OCKER P A SSER Strong is a project pocket-passer who needs to go to a downfield passing offense. He has all the arm talent a team could want, but with little more in the way of polish for the position, he's likely a backup out the gate.","P OCKET MOV EMEN T To win solely from the pocket in the NFL, a QB has to be better at manipulating pockets than Strong. He needs to master subtle movements with his body and eyes to better avoid pressure and create throwing lanes.","Strong's knee issues will have him off some boards, but his play style should limit much of its effect. He's an intriguing arm talent project."
"8","Malik Willis","In his sophomore season, Willis went toe- to-toe with then-freshman Bo Nix for the starting quarterback position at Auburn back in 2019. Nix obviously won out, but Willis is getting the last laugh. He transferred to Liberty that fall and has been their starter the past two seasons. The Flames quarterback stuffed the stat sheets not only as a passer but as a runner, too. This past season, he broke more tackles (89) than any player on the ground, including running backs. He also put up the third-highest big- time throw rate we've charted in a single season (11.0%). Atlanta, GA","Arguably the strongest arm in the draft. Can get velocity from any body position. Adds massive value as runner. Draftable RB if he switched — 146 career broken tackles. Footwork improved a ton from 2020 to 2021. Has shown he can take coaching.","Base is woefully inconsistent. Has made strides, but it still shows up too often. Eyes telegraph his throws regularly. Will stare daggers through his targets. Level of competition was poor. Had some ugly outings against Power-5 defenses.","T OOLS Willis wins when playing schoolyard ball. His creativity on the move as both a thrower and runner is special. He can provide instant offense at any level of football.","A T H LET E Willis isn't a Day-1 starter and needs to go to an offense built around his legs. Parking him behind an established quarterback in that mold to get acclimated to the NFL game would be his best bet.","P OCKET P R ESEN CE Willis' pocket presence is still an issue. Slight pressure causes him to fully break out of play structure. Playing quicker and more on schedule have to be a point of emphasis.","Willis is a pure project due to all the tools in the world to work with. Developing him behind an established mobile quarterback would be ideal."
"9","Bailey Zappe","Zappe set records for three years at Houston Baptist before heading to Western Kentucky to set even more. He set single- season FBS marks for passing yards (5,967) and passing touchdowns (62) in his lone year with the Hilltoppers. While the numbers are gaudy, the situation was also set up for success. He was under pressure at the lowest rate of any quarterback in college football last season (12.9% of dropbacks). Victoria, TX","Creativity with his ball placement. Understands leverage and throws receivers open. Quick to scan. Often works back to opposite side of field while staying in rhythm. Handled insane volume with 730 dropbacks last year. Broke FBS yards and TD records","Below-average arm by NFL standards. Had a Hail-Mary from midfield come up short. Footwork suffers mightily when forced to move in pocket. Falls off a lot of throws. Had all day to work with massive pockets. Was pressured on only 12.5% of dropbacks.","G A MER Zappe is a gamer. He finds ways to get the job done and had a high command of the Hilltoppers offense. He'll have to dominate the quick game at the next level.","H IG H - EN D BA CKU P Zappe isn't a toolsy prospect. He's a glue guy backup who could develop into a starter. Competent backup play on a cheap rookie deal can still provide good value in the NFL.","P LA Y U N DER P R ESSU R E Zappe has to come up with better answers under pressure. The pockets he's going to work from in the NFL are tight, and his ability to handle those has to improve.","While he may not blow anyone away physically, Zappe won't look out of place on an NFL field. He figures to be at least a backup for a long time."
"10","Tyler Allgeier","Allgeier may look like a bruiser, but he's a little niftier than that moniker implies. To break tackles at the rate he has the past two seasons — even if the competition wasn't the greatest — one has to be. Despite having that elusiveness, Allgeier still knows who he is. He will rarely stop his feet behind the line of scrimmage or go searching for home runs. While he has the profile of a volume back, Allgeier still needs to clean up the fumbles after fumbling six times at BYU. Fontana, CA","No nonsense running style that's perfect for a bigger back. Vision is a plus. Always seems to be gaining ground toward the open hole. Outstanding pass-blocker. Finds work and eliminates threats.","Acceleration is lacking. Needs a runway to get a head of steam. Runs like a power back, but at only 220- pounds, he wouldn't qualify as one in the NFL Ran behind an insanely dominant BYU offensive line over the past two seasons.","N O- N ON SEN SE R U N N IN G Allgeier wins by consistently maximizing his run blocking. He's not going to pass up open holes searching for big plays. He'll get you what's blocked and a little extra.","Z ON E- SCH EME R B Allgeier would be perfect in a zone-heavy scheme to take advantage of his one-cut running style and vision. While he's not limited per se, that's easily his cleanest projection.","CR EA T IV IT Y Allgeier could stand to be more creative when he gets into the open field. He maintains his no nonsense running style in the open field and often seeks out contact instead of avoiding it.","There isn't much about Allgeier that makes you say 'wow,' but there's also not much to dislike, either."
"11","Tyler Badie","Badie spent three years toiling as the receiving back to now Charger Larry Rountree's bell-cow workload on the ground. Once he got that bell-cow workload this past season, Badie took his game to another level. He was not only electric on the ground but also reliable through the air. Despite not looking the part of an every down back, he finished second in the FBS with 323 touches last season. Memphis, TN","Burst and size to fit through the tightest of creases at the line. Proficient receiver out of the backfield for three straight seasons. Small, but doesn't run like it. Wiling to pick up the tough yards when he has to.","Well below size you'd like for an every down back with little room to add more mass. Tough runner, but a lot of his broken tackles are unlikely to translate to the NFL. All too often a speedbump in pass protection. Not sure that improves","BU R ST Badie's ability to get up to full speed from a standstill is why he'll find a role at the next level. Everyone is looking to get his kind of suddenness on the field regardless of position.","SCA T BA CK Badie is going to be the passing game back in whatever system he goes to. Don't expect for him to get more than a few carries a game at the next level.","P A SS P R OT ECT ION Badie has to attack better in pass protection if he wants to see the field. At his size, he can't afford to sit and wait for NFL linebackers or he'll get bowled over.","Badie is in that physical limbo where he's too small for OC's to trust every down and not athletic enough to justify his deficiencies."
"12","Ty Chandler","Chandler spent his first four seasons at Tennessee in a time share role every single year. Despite seeing the bulk of the carries his last few years there, Chandler grad transferred to North Carolina this past fall to see an expanded role. He set career highs in every category imaginable for the Tarheels. Known for his speed, Chandler more than doubled his previous career high for explosive runs. Nashville, TN","Blazer in the open field. Over 10% of his carries in 2021 went for 15+ yards. Quicks that strike fear in linebackers when releasing on routes out of the backfield. Extensive pass game experience. 91 targets in his career.","Undersized for the position and doesn't run with desired physicality to counteract it. Middling elusiveness. Doesn't have that kind of shake in the open field. Very old for a running back prospect. Turns 24 in May.",NA,NA,NA,"If you want speed, Chandler has it. That's the extent of his skillset that NFL teams will value"
"13","James Cook","You may have heard that James is the younger brother of Vikings back Dalvin Cook. Even if you haven't, you’d realize right away by his running style. The two have the same distinct sharp cuts in their running style and near instantaneous acceleration. The only difference being the 3-4 older brother has around 10-15 pounds on the younger. That was a big deal at Georgia and why he never had more than 12 carries in a single game. Even if he’s not a bell-cow in the NFL, you’ll want him in your backfield for his explosiveness in the passing Miami, FL","Lightning rod. Can blaze past linebackers. struggles to churn. Reaches top speed in a hurry and doesn't seem to lose any when he cuts. Very natural receiver. One drop on 68 career catchable passes.","Built like a wide receiver. Light lower half that Not much wiggle to his game despite being undersized. Still a cut-and-go runner. Scat back. Georgia specifically made sure he didn't have to pass protect..","H OME- R U N S Cook is a mismatch in the passing game because he's far too nimble even for NFL linebackers. Anytime Georgia schemed up on-one-one's for Cook, they were throwing his way.","SCA T BA CK Cook is the change-of-pace back who teams can get creative with. He can split wide and run routes or get vertical from the backfield.","MU SCLE MA SS Obviously, if he wants to be anything more than a receiving back at the next level, he has to put on muscle. Can't be a three-down back at his size.","Cook is like a mini-version of his brother Dalvin. He's a big play waiting to happen when he gets the ball in space."
"14","Jerrion Ealy","Ealy came to Ole Miss as both a highly touted running back and outfielder. He played both football and baseball as a freshman before COVID hit and has been focusing on football since. Ealy immediately saw action as a change of pace back his first year with the Rebels. His role has really never evolved since and at his size is unlikely to in the NFL. Ealy can still make an impact as a change of pace back in an offense willing to be creative with him. Flowood, MS","As good a contact balance as you'll see from a small back. Human pinball.. Such subtle body control and balance. Like he knows what the defenders going to do. Tough as nails for a back his size. Take a lick and keeps chugging.","Too comfortable stalling his feet in the backfield. Can't get away with that in the NFL. Scat back only. Cannot hold up in pass protection at his size. Not comfortable operating in tight quarters. Needed the space Ole Miss provided.",NA,NA,NA,"If he were 20-pounds heavier, we'd be talking about the best running back in the class. Even still, he can offer something as a change of pace back."
"15","Jerome Ford","Ford started his career off at Alabama and struggled to even see the football field behind the likes of Najee Harris and Brian Robinson. After two seasons there, he transferred to Cincinnati. In 2020, he was the dash to Gerrid Doaks' smash in a time-share. In 2021, Ford took over as the lead dog and flourished. The worry was his boom-or-bust nature with four games this past season where he averaged under 4.0 yards per Tampa, FL","Explosive out of his cuts with speed to run away from linebackers with ease. Consistent hands on tape. Didn't have a drop on 31 catches in his career. Nose for the end zone. 30 of his 318 career carries ended in scores.","Slightly built and runs high. Limits his pop on contact. Six fumbles on 311 carries the last three years. Loses confidence when reads aren't clean and will patter into the line.","N A T U R A L A T H LET ICISM Ford's a very easy mover in space. He's not limited in any way, shape or form by his athletic ability at the next level.","P R OJECT R B Ford is more athlete than running back still. He's one heck of an athlete but is very rough around the edges in things he'll have to do in the NFL.","BA LL SECU R IT Y No one is going to let him see the field in the NFL with the kind of ball security issues he showed in college. He'd lead the league in fumbles with a full workload at that rate.","Ford has NFL-caliber athleticism, but he's not NFL-ready to carry a large workload on tape."
"16","Breece Hall","With the bell-cow type growing out of vogue more so every year in the college game, Hall was a true throwback. His carries in the past two seasons were more than any other Power Five running back in the country. His 41 scores were also five more than any back in college football. Iowa State ran their offense through him largely because there are very few weaknesses to his game. Whatever concept or play you want to draw up, chances are Hall can execute. Wichita, KS","As a receiver, he's been one of the most difficult running backs to bring down in the country. Balance is tremendous. Can get in and out of awkward body positions. Accustomed to running behind less than stellar run blocking at Iowa State.","Lacks the ideal burst out of his cuts that you'd want in the NFL. Worried a little about his tackle-breaking numbers translating at his height. Can run high between the tackles. Not going to drive through a defensive lineman.","CON T A CT BA LA N CE Hall wins with his absolute refusal to go down. He doesn't give up on runs and will churn his legs to the bitter end. More often than not, it takes multiple guys to bring him down.","BELL COW Hall can quite obviously fill the bell-cow role in an offense: He's touched the ball more than any running back in the country the past two seasons (590 times).","LOWER IN G SH OU LDER Hall can stand to put his foot in the ground and drive into contact a touch more in situations where there's not much available. He has power back traits but would be well served to add the power back bulk.","Hall has a well-rounded skill set that can elevate him to RB1, but there's some questions about the translatability of his game."
"17","Zonovan Knight","Knight has one of the wildest statistical profiles of any player in the draft class. He starter in a time share as a true freshman gaining 745 yards on 136 carries at 5.5 yards per. Over the next two seasons, he's had nearly identical attempts and yardage figures with only his scoring fluctuating in any meaningful way. I'd say he could have upped his draft stock by returning to school, but we'd likely see more of the same. Bailey, NC","Slippery lower half with tremendous body control in his cuts. Feet and body control a point guard in basketball. Productive at a very young age. Only turned 21 in April.","Crippling inconsistent vision. Needs to see the whole runway before he's ready to launch. Serious fumble problems. Seven on 419 career carries. Flashed some rough hands early in his career. Six drops on 53 career catchable",NA,NA,NA,"Knight is still young and ascending, but his game is so rough around the edges that he'll struggle to see a field early in his career."
"18","Dameon Pierce","""Why? Because I'm a Gator, bro."" That was Dameon Pierce's answer to why he was playing in Florida's bowl game, even though he'd already solidified his draft stock. That also perfectly describes Pierce's game. He's willing to do the dirty work without any sort of accolade. Pierce is one of the best and 3-4 most willing pass-protectors in the draft class. He can seamlessly fill in as a third- down back in the league from Day 1. Even Slimmer if he's never been a bell-cow at the NFL C.J. level, Pierce has that kind of size and ability. Anderson Bainbridge, GA","At 215 pounds of almost pure muscle, he's built like an armored vehicle. His low center of gravity allows him to stop and cut on dimes. Tough stiff arm. Consistently shrugs off first man. than 106 carries in a season.","Middling burst and long speed. Not much of a home-run hitter. Gets too greedy with his cuts at times and slipped on a handful of runs last year. Why wasn't he featured more? Never had more","ST R EN G T H Pierce wins by consistently grinding out tough yards. He runs with great pad-level, and it's rare to see him stuck in his tracks on contact.","T IME SH A R E R B Pierce isn't a limited player by any means, but given his history at Florida, he's likely best suited for a time-share situation in the NFL.","WOR KLOA D Pierce needs to prove that he can handle a larger workload. Not only did he not receive a lot of carries at Florida, but he never played more than 23 snaps in any single game.","Just because Pierce split time at Florida doesn't mean he's not a bell-cow candidate in the NFL. He's a consistent tackle breaker with real deal juice."
"19","Brian Robinson","It's a shame that Robinson was stuck behind a first-rounder in his same recruiting class because he would have been in the NFL a long time ago had he not been. He's earned well-above-average rushing grades ever since his true freshman year but shined this past season as a bell-cow. Robinson is the kind of back that seems to gain more steam the more times he touches the ball. He may not be given that opportunity at the next level, but he will almost assuredly shine in short-yardage situations. Tuscaloosa, AL","Runs behind pads and wants to deliver the blow. Great short-yardage back. Knows who he is and his limitations. Won't see him pitter pattering behind the line. Not a ton of tread on the tires despite his age with 545 carries in five seasons.","Not a big-play threat or home-run hitter by any means. Won't have physical advantage in the NFL and is high cut for a pure power back. Surprisingly rough around the edges in pass protection. Lacks aggression there.","P H Y SICA LIT Y Robinson wins with physicality. He's bigger and stronger than you, and he knows it. His violent running style will serve him well in the NFL.","SH OR T Y A R DA G E R B This is a short-yardage back who can also get opposing defenses out of two-high shells. He'll give a middle finger to your light boxes like he did against Cincinnati in the College Football Playoff semifinals.","P A SS P R O T ECH N IQU E Robinson, at least, has to work on his technique in pass protection if he wants to be anything more than an early-down back. He quite obviously has the size to do it.","Robinson is a two-down thumper. Bring him in for goal-line and short- yardage situations but don't expect much more."
"20","Isaiah Spiller","Spiller has been the starting back for Texas A&M ever since he first stepped on campus in 2019. While his three seasons in College Station look identical from a statistical perspective, the PFF grading tells a much different story. The biggest leap came this past offseason when he trimmed down considerably and became a much more dynamic back, which showed in his broken- tackle numbers. Atlanta, GA","Top notch feet for a bigger back. Jump-cut ability is a big plus. Dropped 10 pounds after his sophomore season and became a much more elusive back. Easy three-down projection. Can be a plus pass-blocker and receiver.","Long speed is lacking. Linebackers can catch him from behind. Costs himself yards by dancing too much. Doesn't routinely maximize his runs. On the tall side for a back, and he gets chopped down easier than you'd like.","V ER SA T ILIT Y Spiller wins with by being able to execute any role asked of him. Whether it's taking 30 carries in a game, seeing a half-dozen targets, or being assignment sound in pass protection, Spiller won't look out of place.","G A P - SCH EME R B Spiller has the size and pedigree to handle an every-down role. He's a better fit for a gap scheme where his overly patient running style isn't likely to be a detriment.","DECISIV EN ESS Spiller has to be more decisive as a runner at the next level. He can get away with stopping his feet behind the line of scrimmage to find the perfect hole in college, but that won't fly in the league.","Spiller may not have high-end traits, but he has a complete NFL skill set."
"21","Pierre Strong","It's been a long time coming for the redshirt senior back who's been carrying the load for the Jackrabbits ever since 2018. That season he averaged over 9.0 yards per carry and went for 1,116 yards. Since then, he's been known for his explosive ability with 76 of his 627 career attempts going for 15- plus yards. With his speed, he'll continue to be a big play threat in every offense he's in. If he can improve his hands (nine drops on 71 career catchable), he can also be a weapon in the pass game. Little Rock, AR","Can get north-south in the blink of an eye. Top notch standstill burst. Good luck catching him in the open field. Top- end speed is elite. Runs square to the line as long as possible. Allows him to change lanes easily.","No churn ability. Outstretched arms from defensive linemen can bring him down. Decelerates into contact too often instead of exploding through. Drop issues every single year. Nine drops on 71 career catchable.","A CCELER A T ION Strong can get to the second-level of the defense and beyond in a flash if you're not careful. Anytime he touches the ball, opposing defenses have to be wary of the big play.","CH A N G E OF P A CE BA CK Strong isn't the bell cow prototype by any means. He's a gifted athlete that looks more like a wide receiver playing the position at times than a true running back. He'd be best in a time share with a bigger back","H A R D- N OSED R U N N IN G Strong has to grind out tough yards better. There won't always be a crease for him to hit cleanly at the next level. When that's the case, Strong has to come into the hole with more ferocity.","Strong is the best home-run hitter in the class, but don't expect him to ever garner a large workload in your offense."
"22","Kenneth Walker","Despite grading out exceptionally well ever since his true freshman season, Walker wallowed in relative anonymity his first two seasons at Wake Forest before transferring to Michigan State. It was in East Lansing where he'd develop a reputation worthy of becoming a Heisman finalist. Running backs aren't supposed to carry teams in college football the way he did. He led the nation in broken tackles and tied Jonathan Taylor and Rashaad Penny for the highest yards after contact average for a running back with 250+ carries in a season (4.5). Arlington, TN","So many ways to win as a runner. Power, speed, elusiveness — you name it. Explodes through small creases with no hesitation — a necessary skill in the NFL. Handled a huge workload and didn't slow down — 20+ carries in six straight games.","Wants no part of pass protection. Protects like he doesn't want to get hurt. Good, not great, athlete. Lacks high-end traits that get drafted early. Very limited work in the passing game — 18 career catches.","EV ER Y WH ER E In a word...everywhere. It's what makes him so dangerous. He can lower a shoulder one play, outrun a defender on another and shake one on the next. All-around dynamic player.","BELL COW Walker can quite clearly handle a bell-cow role. He's scheme and usage diverse. He can fill whatever role a team needs.","P A SS P R OT ECT ION Walker has to buy in as a pass-blocker to see a bell-cow role in the NFL. Coaches at the next level won't let him see the field on passing downs with what he put on tape as a pass-blocker in 2021.","Walker isn't a one-year wonder. He's the real deal and has an all-around NFL skill set."
"23","Rachaad White","White is one of the most well-traveled prospects in the entire draft class. He started at Nebraska-Kearney before spending two years at Mt. San Antonio College. Then, in 2020, he transferred to Arizona State and could well have been NFL-ready now if not for COVID. White took obvious control of the starting running back position for the Sun Devils in 2020, as he averaged an absurd 10 yards per carry, Slower though that came in only four games and Kenyan 42 carries. He followed it up this past season Drake by proving it was no fluke with 1,000 yards and 15 scores. Kansas City, MO","Easy acceleration out of his cuts. Can beat you to the edge. Shimmy shake that will snatch an opposing defender's ankles. So creative in space. Wasn't used as a returner but could have a future there.","Loosey-goosey running style that is akin to a wide receiver playing running back. Not confident between the tackles. Eyes look to bounce quickly. Work in progress in pass protection. Has the desire, but not the refinement.","SP A CE P LA Y White wins with the ball in space. The good news is it's very easy to get it to him there because he has some of the best receiving ability in the draft class.","3 R D DOWN R B/ WR CON V ER T White is a change-of-pace or receiving back early on in his career. He may even be a sneaky candidate to switch to wide receiver full-time, but you don't see a lot of that.","DISCIP LIN ED R U N N IN G White needs more reps with some discipline instilled into his running style. He's going to miss a lot of holes between the tackles in the league without it.","White is the rare project at running back. If you can reign his running style in a little, he can be a playmaker."
"24","Zamir White","White was the absolute perfect back to personify the 2021 Georgia Bulldogs. By any measure an elite athlete, White runs like he's the one trying to tackle you. It was a slow build for White into that guy. A highly touted recruit, White redshirted as a freshman before seeing spot action in 2019. He's been part of a time share the last two years, but the tape and grades clearly showed a different level of physical prowess that he ran with in 2021. Laurinburg, NC","Wound up 214 pounder. Explosiveness that will translate to the league. Knows where he wins. Lowers pads into contact at full force regularly. Powerful lower half that won't round cuts going north-south.","Creativity is lacking. Not one to create on his own Disregarded in passing game. 16 career catches. X",NA,NA,NA,"White may not go too far above and beyond what's blocked ever, but he'll put an exclamation point on every run."
"25",NA,"White started his career off at Florida State where they moved him to the defensive side of the ball. He saw 119 snaps at linebacker his redshirt freshman year in before he was ruled academically inelligible and transferrred to Iowa Western Community College to play running back once again. After one year there he transferred to South Carolina where he barely saw the field behind Kevin Harris. Finally he got a bit of a timeshare role in 2021 where he broke tackles left and right. North Fort Myers, FL","Scat back-esque precision in his cuts. Can stop on a dime and run deadly routes. Acceleration on tape that wasn't reflected in his athletic testing. Lower body flexibility that matches the elite at the position in the NFL.","Hands went clang in lone season with receiving work. Four drops on 23 catchable. Haphazard running style led to very few opportunities. 105 career carries. Pass protects like a traffic cone. Does little more than stand in the defenders path.",NA,NA,NA,"White is a project in every way you can think of as a running back. He's also capable of things physically no one else in the class is."
"26","Kyren Williams","After barely playing as a true freshman in 2019, Kyren Williams has been the focal point of the offense the past two seasons. Not only in the running game but as a receiver, as well. Williams' 77 receptions the past two years were the second most on Notre Dame. He did all that despite checking in under 200 pounds. The one red flag on his production profile would be his eight fumbles over that span. Saint Louis, MO","The most willing pass-blocker in the class. Sticks his nose into the fray. Extremely reliable receiver. Good hands and can run a mean angle route. Defenders don't want to see his stiff arm being thrown their way. Packs a punch.","Just an OK athlete who has no real trump card trait to hang his hat on. Production decreased when his offensive line took a step backward in early 2021. On the smaller side for the position, barely scraping 200 pounds.","P A SS G A ME Williams wins in the passing game. Whether it's his work in pass protection or his natural hands, he makes an impact on passing downs.","P A SS DOWN R B At the very worst, he is a third-down back. He can be more than that, but he's a shoe-in to add value in that regard.","SIZ E Size is his biggest issue, but it's not like he has a ton of room on his frame to pack on mass. He may just be stuck as a time-share back and never a bell cow.","Great fit for teams that involve their running back a lot in the passing game."
"27","Calvin Austin","Austin started out on the Memphis track team while also participating as a walk-on for the football team. After a slow start, Austin finally broke out as the Tigers leading receiver as a redshirt junior in 2020. He showed the ability to take it to the house from anywhere on the football field with 11 scores that season. Almost counterintuitively, Austin has been an outside receiver in the Memphis offense and hasn't been pumped screens. That showed at the Senior Bowl where he earned the highest grade of any receiver throughout the week of practices. Memphis, TN","As sudden a receiver as you'll see in the draft class. Gets to top speed in a flash Crafty route-runner. Far more than a one-trick gadget guy. Not much ""fake"" production on tape. 90.5% of routes in 2021 came on outside.","Tiny for any position. Going to get tossed around by contact at the next level. Needs to vary speed better on vertical tree. Won't use acceleration to his advantage. Shies away from any contact. Struggles to even initiate to swat hands away.","EX P LOSIV EN ESS Everything Austin does looks like it's been put in fast forward. A lot of guys can look like that in a straight line, but Austin has that kind of ability in everything he does.","MOV EA BLE G A DG ET Austin is quite obviously going to be limited by his catch radius. That being said, he can still mismatches and big windows for quarterbacks if given a creative role. And he's also a terror with the ball in his hands.","CA T CH P OIN T Austin simply can't fill a normal role in the NFL without getting stronger at the catch point. The windows won't be nearly as big and he'll have to deal with contact better to produce.","Austin has the kind of physical prowess that can overcome his size, but he's not ever going to fill a traditional role."
"28","Kevin Austin","Austin flat out couldn't see the field his first three years on campus. D. Peoples Pompano Beach, FL","Can be a bully at the catch point. Majority of contested catches came well downfield. Rocked up build. Barely an ounce of fat on him. Ascending in a big way. Made massive strides from the beginning to end of 2021.","Struggles to avoid contact. Always seemingly playing through arms. Speed on tape does not match testing numbers. Rare to see him run away from corners. Upright in his route breaks. Crispness in his breaks isn't there.","CA T CH P OIN T With ideal size and musculature, Austin often outmanned college corners at the catch point. He led all of college football with nine contested catches on deep targets.","P R OJECT X The size is there. The movement skills are there. The physicality is there. The refinement is not. The fact that Austin still needs polish after four years, however, is worrisome.","F U N CT ION A L A T H LET ICISM Austin's testing numbers suggest that he quite clearly has the capability to change directions like an athlete, but when he was running routes on tape that didn't show up.","Austin's uncommon late-career breakout and athleticism testing makes him an intriguing prospect for a late-round flier."
"29","David Bell","When Rondale Moore went down for the season back in 2019, true freshman David Bell filled in as the lead dog in the Purdue offense. He went for over 1,000 yards that season and hasn't looked back since. Long- tenured Iowa coach Kirk Ferentz called Bell one of the best receivers he's ever coached against, and it's not hard to see why after Bell put up 240 yards against Iowa last season. As you'll see on his combine page, Bell is going to be quite the case study of production vs. tape vs. physical tools. Indianapolis, IN","Game comes easy to him. Processes and executes like it's second nature. Thick lower half. Cornerbacks just bounce off him after the catch. Everyone knew he was the only option at Purdue, and he still produced.","No second gear. Cornerbacks make up ground on him too easily. Could stand to initiate contact more along his routes prior to the catch point. So much production on contested catches. Doesn't have the size to continue that in NFL.","N A T U R A L R ECEIV IN G A BILIT Y Bell wins with an outstanding natural receiver feel. He knows how to gain leverage and exploit that with his size. He may not be particularly dynamic, but he can still turn 6 yards into 10 after the catch.","P H Y SICA L Z Bell is a nice complementary piece in an offense. He can line up anywhere and not be out of place — that's a No. 2 or high-end No. 3 type of receiver.","SU DDEN N ESS I'm not sure there's much room for improvement in the areas Bell is lacking. His modest physical tools are what's keeping him from being higher on draft boards.","Bell ticks a ton of boxes you want to see for the position, but he doesn't profile as a consistent downfield separator at the next level."
"30","Treylon Burks","It's easy to fall in love with what Burks could be, but let's focus on what he is at the moment. He was the focal point of Arkansas's offense and their leading receiver every year he was on campus. If Arkansas ran a screen or schemed a target, it was going to Burks. Because of that, he 1-2 accounted for 37.2% of Arkansas' receiving yards the past two seasons. He was a man amongst boys, as defensive backs bounced off his 225-pound frame after the catch and at the catch point routinely. Warren, AR","Size-speed demon. He's 225 pounds, and you still won't catch him from behind. Shrugs off would-be tacklers as if he didn't even feel them. Powerful lower half. Wants to play a physical brand of football. Initiates contact.","Only 39 snaps vs. press coverage in 2021. Untested in that regard. Body type of an X receiver but never played there — 77% of career snaps came in slot. A touch stiff. Takes a few gather steps to throttle down at the top of a route.","SIZ E- SP EED Burks is a vertical-route weapon. He can not only win with speed by stacking opposing corners, but he can also win regularly at the catch point when he doesn't create separation.","P R OJECT X / BIG SLOT While he played slot in college, you're drafting Burks highly to be the guy who can win outside one-on-one and where it matters most: downfield and in the red zone. Big slot is his fallback position.","R OU T E N U A N CE Burks can still improve in a number of ways as a route-runner, mainly because he didn't run a a varied set of routes for Arkansas.","Burks is a traits projection. You don't find his combination of size, speed and ball skills every day."
"31",NA,"Dixon has five years of production now to hang his hat on with nearly 4,000 career yards to his name. He's been Nicholls State's leading receiver for each of the past four seasons. Dixon's postives and negatives are so well defined on tape that it makes him a fairly clear projection to the NFL. He's an easy moving venus fly trap at the position the way he catches everything in his vicinity. While not a vertical threat, he can still separate a little. New Orleans, LA","Long, rangy build. 6-foot-2, but with 6-foot-6 wingspan. Barrels off the line with good urgency for a bigger receiver. Easy hands catcher that secures passes on the move without breaking stride.","Slender frame that needs to fill out more once he gets to the league. A touch high through his breaks. Rounding routes not uncommon. Not the kind of speed that will worry NFL corners.",NA,NA,NA,"Dixon is a fluid mover with natural receiving skills that won't look out of place in an NFL rotation."
"32","Jahan Dotson","After playing a smaller role as a freshman and sophomore, Dotson rose to No. 1 status in the Penn State offense in 2020. Dotson is one of the few 5-foot-11 receivers who's heralded for his catch radius. His highlight reel can stretch as long as any receiver's in this draft class. Despite his limited size, he's 2-3 always been an outside receiver for the Nittany Lions. The questions with him will revolve around his playstyle translating at such a light weight. Nazareth, PA","Sudden and decisive route-runner. Not a lot of wasted motion. Flare for the acrobatic catch. Has a 5.2% drop rate over his career. Terrific vision with the ball in his hands. He turns into a punt returner in space.","Not the size that profiles to the outside, although he has long arms for his height. Struggled to stack corners who get hands on him. Speed is good, not great. On the older side for top WR prospect (22 on draft day). Didn't breakout until junior.","SU DDEN N ESS Dotson not only wins with his ability to cut on dimes but also by hauling in everything thrown his way. That kind of combination will earn a quarterback's trust early on in his career.","R ELIA BLE SLOT Dotson is really tailor-made to play slot in today's NFL. He's as shifty as it gets with enough speed to challenge vertically. But, more importantly, he has a massive catch radius for a player listed at only 5-foot-11.","MU SCLE MA SS Dotson could stand to add muscle to his frame and develop a more diverse release package. Being able to dictate terms at the line would take his game to the next level.","If you want a plug-and-play slot receiver, you won't find better in the draft class."
"33","Romeo Doubs","Doubs has been featured in the Nevada offense ever since he was a freshman in 2018, but his production didn't take off until quarterback Carson Strong did. He went from primarily a deep threat in 2020 to more of a well-rounded focal point of the offense in 2021. Despite his size, Doubs has struggled at the catch point, going only 28-for-68 on contested catches throughout his career. Hands haven't really been an issue for him otherwise — 5.8% career drop rate. Los Angeles, CA","Long-strider who can cook when he gets going. He is a real-deal deep threat. Tremendous feet and balance. Probably runs a mean ladder drill. Employs a gorgeous shimmy release. Works it to both sides.","Not an enforcer despite size. Middling contested-catch numbers over career. Ran hot and cold this past season. Not a consistent weekly focal point of the offense. Can get caught playing high. Has the ability to sink but can get lackadaisical.","BU ILD U P SP EED After playing primarily as a deep threat in 2020, Doubs showed he could win all over the field this past season.","R A N G EY DOWN F IELD T H R EA T Doubs doesn't really have any physical limitations that stop him from playing the X role in the league as he did in college. The question is simply, can he deal with the bump in physicality?","ST R ON G ER H A N DS Doubs has to be better at the catch point. He should have been Mossing corners left and right, considering who he was playing. It's only going to get harder at the next level.","Doubs has a lot of traits you look for in a receiver, but it remains to be seen if his trump-card downfield ability will translate against better competition."
"34","Jaivon Heiligh","Heiligh first cracked the starting lineup as a sophomore in 2019. He led the Chanticleers in receiving yards that season and every year since. While he won at every level of the field, Heiligh did his best work at the intermediate range with catches for 659 yards there. If he's going to 7-UDFA win anywhere in the NFL, that's where it's going to be. Venice, FL","Loose lower half capable of running full route tree. Able to stop at a moment's notice and send defenders flying by. Legit production on a per route basis. Over 3.4 yards per route the past two seasons.","Such a limited athlete. Will struggle mightily with a competition leap. Racked up production on one-cut routes vs. off coverage. Not very translateable. Doesn't use size to his advantage. Game you'd expect from smaller receiver.",NA,NA,NA,"Heiligh is going to have an uphill climb separating in the NFL with limited physical tools."
"35","Josh Johnson","Johnson started his career at Iowa State where he struggled to see the football field for two seasons before transferring to Tulsa. It was a slow build up there for two seasons before his massive breakout in 2021 that eclipsed his entire career totals prior to that. While Johnson comes with the biggest ball- skills red flag in the draft class, it's worth noting that his drop rate has decreased every single year to a somewhat palatable 8.6% in 2021. Maumelle, AR","Electric make-you-miss ability. Both as a route- runner and with the ball. Varies speeds to manipulate defenders on his routes so well. Feet that can get off the line of scrimmage with ease.","Disastrous drop issues. Body catcher with 13.8% career drop rate. Doesn't have the juice to take the top off of defenses. Limited vertical weapon. Slight frame. Not a physical aspect to his repertoire.",NA,NA,NA,"Johnson can flat out get open. I don't care the competition level. Now him actually securing the football is another story entirely."
"36","Drake London","London played both football and basketball as a freshman at USC before the pandemic hit and turned his attention to football full-time. That's a good thing because his skill set improved by leaps and bounds over the past year and a half. He went from a skinny swing guard who played primarily in the slot to a rocked-up power forward who dominated from the outside this past season. London was on pace for a sure-fire Biletnikoff Award-winning season before he broke his ankle against Arizona. Moorpark, CA","Man among boys. Dominant physicality that will still be there in the NFL. Loose hips for a tall receiver. Can legitimately shake defensive backs. Unparalleled catch radius. Remarkable body control at his size.","Lacks speed. Not going to run past corners. Suffered season-ending broken ankle in October. Dropped eight of his 96 catchable targets in 2021.","BA SKET BA LL BA CKG R OU N D London wins the way elite power forwards win — not surprising with his basketball background. He's too quick for bigger corners and too physical for smaller corners. Even when he's covered, London is still likely to haul it in.","T R U E #1 - X London is the prototypical possession receiver. He will command double-teams on third down at the next level because of how many ways he can win. Teams that use receivers heavily as blockers in the run game will covet him.","SP EED Speed is the only real knock on his game. Sadly, I don't think that's anything he can drastically change overnight.","London's going to be a 100-catch, 10-touchdown-a-season guy sooner rather than later."
"37","Bo Melton","Melton has been a starter ever since his second year at Rugers in 2018. In 2019, he led the Scarlett Knights in targets and has done so in every season since. He's a speedster who never quite had a quarterback that could maximize that ability. In his five-years of playing time, Melton managed only 26 deep receptions. For a player with his caliber of speed, that's borderline criminal. After garnering a Senior Bowl invite, he qualified as a riser with his performance of the week of practice. Egg Harbor City, NJ","Speedster that can threaten on linear routes. manual. Doesn't tap into his juice. Sets up leverage on posts/corners well. Where a lot of his explosive plays came. Well-built despite being on shorter side. Can shrug off arm-tackles.","Unnatural route-runner. Like he's following a History of drops. 9.4% rate for his career. Wholly unproductive in career. 642 yards was single season high (166 on screens)",NA,NA,NA,"Maybe the biggest red flag for Melton is his lack of production despite off- the-charts pre-draft testing."
"38","John Metchie","Like seemingly every other Alabama receiver to come out in recent years, Metchie runs routes like they are second nature. That's been the case ever since he assumed the No. 2 role in the offense as a sophomore in 2020 after Jaylen Waddle went down. He's a natural separator, as 752 of his 1,142 yards last season came when he was deemed open by PFF's charting (14th most in FBS). He took a leap forward in terms of play strength this year, which is illustrated by the fact that he went from five broken tackles in 2020 to 20 this past season. Hightstown, NJ","Crafty as can be. A true salesman with his routes. Advanced release package. Doesn't let opposing corners into his numbers. Drastically improved his YAC ability from 2020 to 2021.","Tore ACL in CFP Semifinal. Lacks any high-end physical tools. Uninspiring athletic profile. Not a physical player. Gets boxed out of his routes against big corners.","R OU T E- R U N N IN G Metchie — like pretty much every Alabama receiver in recent memory — wins with route- running IQ. To be as advanced as he is for only a true junior coming out is impressive.","SLOT The worry is Metchie has to be a slot in the NFL. With limited speed and catch radius for an outside receiver, he's a No. 2 at best at the next level.","H EA LT H There aren't many avenues for Metchie to improve because most of his negatives are physical. It's unlikely that will improve during his ACL recovery.","While Metchie is pro-ready in a lot of ways, there's reason to think he's also close to capped out."
"39","Skyy Moore","Despite never playing wide receiver in high school, Moore has been producing ever since his true freshman year at Western Michigan. He recorded 802 yards in that season before amassing just 391 in only five games during the COVID-shortened season. Despite being productive, Moore didn't look anywhere close to the guy we saw lead the FBS in broken tackles this past season. He would have been a late Day prospect on tape heading into the year, but his physical ability and comfortability at the position took a massive step forward. Pittsburgh, PA","""Couldn't touch him in a phone booth"" kind of agility. Special movement skills. Zero issues getting off the line of scrimmage, even against Michigan and Pittsburgh. He may be short, but he's not small. Dude is a rocked-up 195 pounds.","Legit catch-radius concerns. Will show up on contested targets and off-target passes. Raw as a route-runner. Will telegraph where he's going at times. Put up massive numbers against a low level of competition. Didn't have to do much to win.","ELU SIV EN ESS In a class with some seriously shifty wideouts, Moore would be my bet to win if they all played tag. He's not only shifty, but he's also so strong he's unaffected by an outstretch arm. That alleviates some level of competition concerns.","Y A C WEA P ON He's not a guy you want primarily on the outside, but I don't think he's slot-only, either. He can win in a number of ways, but he makes his money when featured in the underneath portion of the field.","DEEP R OU T E T R EE Moore needs some seasoning on the intermediate and deep routes. He can already get free underneath but doesn't bring the same refinement down the field.","Moore has WR1 type of movement skills. His floor is a quality slot option."
"40","Chris Olave","Olave has been the Ohio State receiving corps' top dog ever since his true sophomore season in 2019 after Parris Campbell, Johnnie Dixon, and Terry McLaurin's exodus to the NFL. He curiously opted to return to Ohio State this past fall despite being billed as one of the most NFL- ready receiver prospects as a junior. Well, if he was NFL ready then, he damn sure is now. Olave could teach his own route- running clinic but don't expect a YAC receiver, as he's broken only nine tackles over his entire college career. San Marcos, CA","Extremely polished route-runner at the deep and intermediate levels of the field. More than enough speed to separate down the field. Very sure handed. Has a 4.9% career drop rate, with most targets coming downfield.","Not dynamic with the ball in his hands. Ten career broken tackles on 176 receptions. A little slimmer than you'd like. Has to keep himself clean to win. Got passed up by others in the Ohio State offense as a senior.","R OU T E- R U N N IN G Olave wins with high-level route-running and plus speed. Leave him on an island with no help over the top too often, and you'll eventually pay.","R ELIA BLE #2 - Z Olave is your prototypical No. 2 receiver. He's not a do-it-all guy, but he's adept enough downfield that defenses can't leave him one-on-one.","A F T ER T H E CA T CH Olave's main weakness is only that he may not be elite at anything in particular. There's not much to his game that qualifies as problematic.","Olave is one of the safest bets at the receiver position in the class and the perfect fit for a team that wants immediate impact at the position."
"41","Kyle Philips","Philips broke onto the scene to become the Bruins leading receiver as a true sophomore in 2019. Unfortunately, the quarterback position for UCLA never quite improved to the point where he could see more volume in the offense. At the Shrine Bowl, however, Philips showed just how underutilized he truly was. He earned far and away the highest grade of any receiver in attendance throughout the week of practices. He's been a slot only his entire career, and that's where he profiles to in the San Marcos, CA","Saucey on the underneath route tree. Short- area quicks are fantastic. Varies speeds like a vet. Knows he's not a blazer and has to lull you to sleep. Understands how to attack leverage to gain separation.","Limited juice. Likely pigeonholes him to the slot. Small hands and body catching led to some drop issues over career. Skinnier frame with short arms. Smaller catch radius than you'd like even in slot.","CR A F T IN ESS You don't want to see Philips' pattering feet bearing down on you from off-coverage. He's a precise route-runner with the kind of change of direction ability to run any route in the book.","SLOT Philips is one of the cleanest projections in the wide receiver draft class. He'll be a pure slot at the next level.","P LA Y ST R EN G T H The truly elite pure slot options in the NFL are often built more like running backs. Taking hits and dealing with contact from linebackers is a big part of the job. Phillips has to get stronger to do those things consistently.","Arguably the best slot-only in the class, Philips is a good bet to still get open underneath and working the middle of the field in the NFL."
"42","George Pickens","Three years ago, there wasn't much debate about who was the most likely WR1 in the 2022 draft class, as Pickens was already a man amongst boys for Georgia as a true freshman, accruing 726 yards and an 88.0 receiving grade. Unfortunately, that was as good as we'd see for Pickens. He 1-2 struggled to build rapport with a rough Georgia quarterback room as a sophomore then tore his ACL last spring before returning at the end of the year to play all of Hoover, AL","Carves kids up at the catch point and has been doing it ever since he was a freshman. So good at getting late separation with subtle leans and shoulder nudges. Swats hands away consistently at the line of scrimmage and throughout the route.","Very limited juice. Not the guy to take the top off a defense. On the field for only 35 pass plays this season after tearing ACL last spring. Suspended for violating team rules and kicked out of a game for fighting as a freshman in 2019.","BA LL SKILLS Pickens' ball skills are among the best in the class. Even hobbled, he still managed to make one of the best catches in the SEC Championship and National Championship this season.","P R OJECT X Pickens looked like a shoo-in to be a WR1 in the NFL after his freshman season. He certainly has the size to stick on the outside in the NFL. That ability hasn't gone anywhere, but it comes with far more questions now.","H EA LT H Pickens needs to show that he's developed since his tremendous true freshman campaign because we've yet to see much in that regard.","Pickens was quite clearly not himself after coming back from his ACL tear. His prospects will be decided in private on-field workouts and the combine."
"43","Alec Pierce","Pierce broke onto the scene as Cincinnati's deep threat as a redshirt freshman in 2019. Three years later and he never quite blossomed into much more. His 16.8 yard career average depth of target is one of the highest in the draft class, as he's best known for striding away from defenders down the sideline. Some of that is Cincinnati's offense, but he's also far more of a linear athlete than a dynamic one. Bigger Glen Ellyn, IL","Insane acceleration for a man his size. First few steps in space cover so much ground. Very quick to stack corners on the outside. Ideal traits to do so in the NFL as well. Can really go up and get it. Lot of high-polnt catches on tape. yards.","Stiff route-runner. Rounded breaks are commonplace on tape. Contact jostles him more than you'd expect for a receiver his size. Why wasn't he more productive? Four years with a top QB prospect and never had 1,000","JU ICE You'd be hard pressed to find a receiver in the FBS that stacked corners more consistently on go-balls than Pierce. His combination of size and explosiveness was simply too much for the low- level corners he faced.","V ER T ICA L T R EE SP ECIA LIST No one stacked corners on go balls more frequently than Pierce in 2021. Some of that is level of competition, but he even did it on multiple occasions against Alabama when he wasn't targeted. His size-explosiveness combo is scary.","F U LL R OU T E T R EE Gos, slants, posts. That was 63.6% of Pierce's receiving yards in 2021. That was by design because he is not the kind of receiver to shake corners at the top of routes.","Pierce may never be a complete receiver, but he'll be coveted by vertical- based passing offenses."
"44","Reggie Roberson","Roberson was already on NFL radars as a candidate for the 2020 draft after a N/A tremendous redshirt sophomore campaign that saw him put up 803 yards in only eight games. Sadly, that season was cut short N/A with a foot injury which caused him to return to school. He averaged over 100 yards the 7-UDFA next year as well through four games until a torn ACL ended his season and caused him to return again. That string of bad luck didn't Slimmer subside as Roberson returned looking Jalen completely zapped of the big play Reagor explosiveness that made him so dangerous early on in his career. Mesquite, TX","Play speed gear his competition level couldn't handle. No nonsense YAC weapon. Gets upfield and goes on the attack Short, but not undersized. Massive 6-foot-6 wingspan with plus play strength.","Extensive injury history. 2 season ending. Undisclosed foot injury and ACL. Not a full route tree runner even at his peak. Excels on silo routes. Only 7-20 in contested situations over the past two seasons",NA,NA,NA,"Roberson was a day 2 prospect when healthy. He's still worth a flier to see if he ever returns to that."
"45",NA,"Robinson started his career at Nebraska where he was treated as a pure space athlete than a true receiver. 37 of his catches there came on screens. It wasn't until he transferred to Kentucky that he got to flourish as an all-around slot receiver. In the new look Wildcats offense, Robinson was the focal point racking up eight-plus catches in eight of their 13 contests. He hauled in 16 deep receptions after only Faster seven total in his first two seasons. Daniel Frankfort, KY","Can't touch him in a phone booth kind of ability. Undersized, but very well built. A strong 178 pounds that took some licks in 2021. Not just an underneath slot guy. Speed to get vertical up the seam.","Such a limited catch radius. Will have the smallest arms of any receiver in the NFL. A ton of schemed production. 35 screen receptions in 2021. Gadget guy, but not utilized as returner and had little success when he was.","SH IMMY - SH A KIN G Robinson has that kind of bounce that everyone is looking for at the receiver position. He can make hard cuts and juke moves in space without seemingly losing a step.","SLOT - G A DG ET With the size of windows over the middle of the field in the NFL, it's going to be difficult for Robinson to replicate a lot of the production we saw from him at Kentucky. He may be limited to a screen/schemed target role.","R OU T E P A CIN G When Robinson went vertical on tape at Kentucky, he let you know immediately off the snap with his urgency. Safeties in the NFL are too savvy and athletic to not stay on top when that's the case.","Robinson is an ascending slot receiver, but his limited catch radius will be a turn off for many offenses."
"46","Justyn Ross","I can count on my hands the number of college players I've scouted over the years who legitimately peaked as a true freshman, and Ross is now one of those. He went for 1,000 yards way back in 2018 at an FBS-leading 4.98 yards per route. Since then, however, he's failed to improve. It didn't help that he missed all of 2020 with a neck injury that threatened his career and didn't have Trevor Lawrence throwing him footballs when he came back, but his lack of development is concerning. Phenix City, AL","Massive wingspan. Plucks balls well outside of his frame with ease. Can sink his hips better than most 6-foot-4 receivers. Route tree won't be limited. Numbers torpedoed by inaccuracies at Clemson's quarterback position in 2021.","Spinal surgery forced him to miss 2020 season and jeopardized his career. Lacks the kind of explosiveness to separate routinely. Limits him. Production peaked as a freshman and declined every year after.","CA T CH P OIN T Ross can get off the line and create separation in short areas. From there, he presents quarterbacks with a massive target and can make up for a quarterback with shaky ball placement.","P OSSESSION WR Ross is best suited for either a ""big slot"" role or for a team that runs a lot of quick game. He presents mismatch potential with his height and physicality.","MA IN T A IN IN G SIZ E A DV A N T A G E Ross isn't strong enough to maintain the brand of football he plays. He needs to be in the 220- pound range to manhandle NFL corners the way he did in college.","The talent he showed as a freshman didn't go anywhere, but he simply never developed more physically. You're going to have to accept his limitations."
"47","Khalil Shakir","Shakir isn't a new riser by any means, as he's been ""broken out"" ever since his true sophomore season back in 2019, when he barely trailed Eagles receiver John Hightower with 872 receiving yards. He has displayed a flare for the spectacular catch as well. Shakir played primarily in the slot in 2019 and 2021 but was an outside receiver in the shortened 2020 season, where he still put together some good tape. Murrieta, CA","Circus-catch king. He had single games that could fill a highlight reel. Has a great kickstand move in space. Broken tackle numbers don't do it justice. Plus instincts for avoiding contact and finding holes over the middle of the field.","Skinny with average speed. Not a great combo projecting to the next level. Concentration drops out the wazoo — 10 this past season alone. Slot-only for Boise State. 59 snaps vs. press coverage all season.","BODY CON T R OL Shakir wins with body control. Whether that's at the catch point or avoiding linebackers, Shakir can contort any which way he needs to.","SLOT Shakir is likely to find a home in the slot at the next level and could push for a starting role. The confidence with which he attacks the ball is what you want at that position.","SEP A R A T IN G DOWN F IELD Shakir has to work on varying his speeds better as a route-runner to separate down the field. He's not a burner who can win with pure juice at that level, so he needs to find other ways.","The highlight reel is as good as it gets, but the translateable tools leave more to be desired."
"48","Jalen Tolbert","With Tolbert's receiving totals, his career progression is akin something out of a book. He went from redshirting to 50 yards, to yards, to 1,085 yards, to 1,474 yards this past season as a redshirt junior. He's always been explosive, averaging 17.0 yards per reception in each of his three years as a 2-3 starter. While the competition level wasn't ideal, Tolbert proved that he belongs during the Senior Bowl practices. Mobile, AL","Not only has high-end top speed but can also get there quickly for a 6-foot-3 receiver. Long-limbed with a penchant for high-pointing footballs. Flexible lower half for a tall receiver. Capable of running full route tree.","Will be 23 years old on draft day and still built like a stick. Consistently false-steps with his front foot out of his stance. Hasn't faced a Power Five opponent since 2019.","A CCELER A T ION Tolbert wins down the football field. He accelerates extremely well for a taller wide receiver, making it imperative for corners to get hands on him.","R A N G EY DOWN F IELD T H R EA T Tolbert can immediately add a deep threat to any offense, but he's a long-term project. With a couple years of NFL coaching and NFL weight training, he could be a completely different animal.","BET T ER COMP ET IT ION Tolbert just needs reps against better cornerbacks. He's spent years beating up guys who can't hold his jock athletically and didn't have to clean up bad habits to get open.","While the speed and catch radius are intriguing, Tolbert's frame and age combined with the level of competition give serious pause."
"49","Christian Watson","Watson was your run of the mill 0-star recruit when he showed up to North Dakota State. He put on over 20 pounds over the course of his five-years with the Bison to become the physical monster you see today. Despite middling volume stats as a starter the past three seasons, Watson was actually insanely productive on a per opportunity basis. NDSU simply didn't pass a lot. His 2.95 career yards per route run figure is one of the highest in the draft class. Tampa, FL","Elite all-around athlete. One of the best pre- draft testers at the WR position ever. Incredible flexibility for a 6-foot-4 receiver. Sinks low at the line and in his breaks. Easy accelleration combined wtih long strides makes him a nightmare for corners downfield","Fights the ball in the air with ugly drops all over his tape. Consistent drop issues. Doesn't use his size to his advantage. Rare to see him initiating contact. Runs routes as they're printed on the playbook. Doesn't set defenders up.","F LEX IBLE A T H LET ICISM Most 6-foot-4 receivers struggle mightily to drop their hips at the top of routes to create the precisicison necessary to gain separation in the NFL. That's not the case with Watson who explodes in his cuts like a man much smaller.","P R OJECT X While it's all there physically to be a number one in the NFL, there's still many aspects of the receiver position where Watson is underdeveloped. He'll be a vertical threat out the gate with hopefully more in time.","BA LL SKILLS With a 13.3% career drop rate and 30% career contested catch conversion rate, Watson has left a lot of yards on the field at the collegiate level. The question becomes, is this something that one can even improve once they get ot the NFL?","Watson is more athlete than wide receiver at this point. If he becomes well versed in the latter...look out."
"50","Jameson Williams","Williams spent two years watching from the sidelines at Ohio State before transferring to Alabama and putting together one of the most explosive receiving seasons college football has ever seen. He averaged 20.0 yards per catch on 78 receptions! He's not only fast but shifty as well, which is a deadly combination when it comes to getting open. He often created separation, as 1,329 of his 1,561 yards came Taller when he was deemed open by PFF's DeSean charting — the most in college football. Jackson Saint Louis, MO","Elite, angle-changing, uncatchable top speed. Don't usually see at his height. Shiftiness at the line is different for a speedster. He's both quick and fast. Sells his vertical routes by changing speeds and attacking leverage.","Tore his ACL in the National Championship Game. Still rail thin for a taller receiver. Bully ball is not going to be his game. One-year wonder. Was stuck behind the Ohio State trio before transferring last summer.","SP EED Williams is a home-run threat from anywhere with the ball in his hands. His combination of speed and YAC ability for a 6-foot-2 receiver is rare.","DEEP T H R EA T Williams is still not your true X receiver you can trust to win possession routes. He's your vertical- route specialist who can also take screens, jet sweeps, etc.","MU SCLE MA SS Putting on some muscle would go a long way for Williams. He doesn't play timidly by any means, but he doesn't have the play strength to enforce his will at the catch point.","His ACL recovery obviously has to be vetted, but if you need a deep threat, don't pass on this guy."
"51","Garrett Wilson","While scouting K.J. Hill in 2019, I saw an unfamiliar Ohio State wide receiver run a blaze out with the kind of uncoachable shimmy-shake on his route break that only the elite route-runners at the position possess. Upon further investigation, I discovered it was true freshman Garrett Wilson. He put up some highlights in a limited role that season before becoming a focal point of the offense from the slot in 2020. His high-end basketball background is apparent in everything he does, and he might have the most raw talent in the receiver class. Austin, TX","Insane body control. Can adjust to just about anything. Big catch radius. Stop-start and change of direction are special. Bouncy in and out of breaks. Innate feel as a ball carrier. Weapon after the catch.","Not enough answers for press coverage yet. Long corners gave him issues. Gets caught too ""dancy"" in his routes. Throws off timing and won't fly in the NFL. Struggles with physicality in his routes. Rarely the aggressor.","SH IF T IN ESS Wilson wins with downright filthy route-running ability. He has more plays spinning cornerbacks in circles than any receiver in this class. Give him two-way gos or option routes, and he'll win at will.","MOV A BLE WEA P ON Wilson will likely have to start his career in the slot or as the Z in an offense. Given a free release, he's the best in the class at manipulating defenders in space.","P LA Y ST R EN G T H Wilson flat out has to get stronger. He possesses rare traits at the receiver position but risks being pigeonholed in the slot at the next level if his play strength doesn't improve.","Wilson has a ton of uncoachable tools to work with, but in certain ways, he is more of a project than we're used to seeing out of Ohio State."
"52","Daniel Bellinger","Bellinger has been starting ever since his sophomore season for the Aztecs. He's steadily been featured more and more in the San Diego State offense every single year but never quite as a downfield weapon. Of his 31 receptions this past season, only four came 10-plus yards down the field. It really is a shame we didn't get to see more of him in such a role, as he has the physical tools to win there at the next Las Vegas, NV","Sure handed. Didn't drop a ball in 2021 and only 4.2% drop rate for career. Willing blocker with three years of starting experience in pro-style concepts and usage. Plus speed and get-off at the line for the position. Can threaten on crossers.","No creativity on his route breaks. Only gets open by initiating contact. Linear player after the catch. Lacks wiggle. Afterthrought in the passing attack. Insanely low 3.7 yard average depth of target.","R ELIA BILIT Y With strong hands, large frame, and plus play strength, Bellinger should provide a reliable target at the next level.","IN LIN E T E You can get away with Bellinger as your starter at the next level and not have to limit your playbook.","CR EA T IV IT Y There's just not much on Bellinger's tape that excites. He's obviously a plus athlete, but the reps you notice that are few and far between.","There aren't too many weaknesses in Bellinger's game, but there aren't many trump cards either."
"53","Grant Calcaterra","Calcaterra started his career at Oklahoma where he saw the field right out the gate with 10 catches for 162 yards and three scores as a true freshman. His 12 catch, 396 yard, score sophomore campaign in 2018 put him firmly on NFL radars as a potential top tight end in the 2020 draft. Tragically, concussion symptoms caused him to miss the second half of 2019 and then prematurely retire from football altogether. After sitting out an entire he, Calcaterra decided to return to the game and join another former Sooner in quarterback Tanner Mordecai at SMU. Rancho Santa Margarita, CA","Very fluid mover for the position. Like a rocked up wide out. On the shorter side, but with broad shoulder and well-sized catch radius still Capable of running a full NFL route tree. Speed to work vertical as well.","Inline blocking was an afterthought at both stops. 15.9% career inline rate. Average ball skills for the position. Not the level of reliability you'd like. Has already retired from football.",NA,NA,NA,"Calcaterra's concussion history will scare teams off. As a pure pass catcher with no other concerns he'd go multiple rounds higher than this."
"54","Derrick Deese","Deese started off his career at Golden West College before transferring to San Jose N/A State. After redshirting his first year with the Spartans in 2018, Deese didn't gain much traction in his first two years of playing time N/A until his breakout 720-yard campaign last fall. Deese has split his time evenly between 7-UDFA the slot and inline over the course of his career and has shown more than enough as a blocker to succeed there in the Slower league. It's his receiving ability that still Jerrell leaves a lot to be desired. His best bet may Adams come as a full-back in the NFL. La Palma, CA","Plays a physical brand of football. As a blocker and pass catcher. 6-foot-3 with an expansive 6-foot-9 wingspan. Large catch radius. Carries a lot of weight in his ass and thighs. Helps him to still be a plus blocker.","No suddenness to his routes. Does not profile to a separator in the NFL. Unreliable hands. Drop rate a shade over 10% in his career. Nothing special after the catch. Nine career broken tackles on 86 catches.",NA,NA,NA,"Deese is the rare undersized tight end that could likely hack it as a blocker still in the league. He's just not the athlete to justify it, though."
"55","Greg Dulcich","Dulcich showed up to UCLA as a well undersized preferred walk-on. He's completely remade his body and his game in the years since. He broke out in a starting role with 517 yards in only seven games back in 2020 but has put on nearly pounds even since then. If he played with a better quarterback situation this past season, he could have pushed for around 1,000 yards with how often he was open on La Canada Flintridge, CA","Understands how to set up defenders. Very natural receiver. Terrific at avoiding contact. Uses feet and hands in unison to do so. Enough speed to challenge every level of the defense.","Still thin. Build trends closer to a receiver than NFL tight end on tape. Wide hands gets him rocked back too often as a run blocker. Hitch and spot routes need refining. Comes in too high and exaggerates turn.","N A T U R A L R ECEIV IN G A BILIT Y Dulcich is the kind of athlete that could still produce if he lost 20 pounds and just played wide receiver. He's got that kind of feel and body control to separate.","R ECEIV IN G T E Dulcich will never be a plus blocker in the NFL, but he's at least respectable in that regard. Dulcich will be coveted for his all-around receiving ability that can work from any alignment.","MU SCU LA T U R E Dulcich has already come a long way from the 210-pounder that showed up at UCLA, but he shouldn't be done yet. Dulcich has 5-10 pounds more to go before he's ready to be a high-level contributor in the NFL.","Dulcich has arguably the best feel for getting open at the tight end position in the class, but just needs to get a little bigger."
"56","Jake Ferguson","Ferguson has been on the NFL's radar ever since his impressive redshirt freshman campaign that saw him catch 36 balls for 456 yards in 2018. He simply never progressed physically from that year. After being listed at an undersized 239 pounds that year, three years past and Ferguson was only listed five pounds heavier last fall. The worry about his tapped out frame isn't unwarranted, but even at that size his play style should survive in the league. Madison, WI","Strong hands at the catch point. 58.3% contested catch rate for career. Very natural with the ball in his hands. 32 career broken tackles. Tons of inline experience on pro-style run concepts.","Speed is very limited. Small route tree that he can succeed on in the NFL. Penalized seven times this past season. Willing and experienced inline blocker, but bulk is below-average to do so in NFL.",NA,NA,NA,"Ferguson is a reliable and movable number 2 tight end that can work in the red zone."
"57","Charlie Kolar","Kolar hit it big as a redshirt sophomore in 2019 when he racked up 51 catches for 697 yards as Brock Purdy's de facto top option in Hakeem Butler's absence. Despite that top-notch production, Kolar eschewed the NFL for not one, but two more seasons with the Cyclones. He's been much the same guy ever since. That same guy, though, has produced at a heck of a high level for a collegiate tight end. Norman, OK","Outstanding at the catch point. Was pumped contested targets because of how good he is. Has mastered the art of the subtle shove at the top of routes. Only five drops on 174 catchable his entire career.","Will not be able to avoid contact in the NFL. Swallowed up routinely already. Tips the scales over 250, but on his long frame that's still less than ideal muscle mass. Glorified slot receiver in Iowa State's offense. Inline blocking is work in progress.",NA,NA,NA,"Kolar is the best ""even when he's not open, he's open"" tight end in the class. That will play in the red zone."
"58","Isaiah Likely","Every year, there is a ""move"" tight end who needs to put weight to actually stick in the NFL. Likely is that guy in 2022. Few tight ends can hold a candle to his production, as he averaged 2.42 yards per route for his career. Flip on the tape, though, and you may not even be able to distinguish him size-wise from the rest of Coastal Carolina's receivers. It didn't help that he almost exclusively blocked in space or at the second level of the defense. He's a projection but is already adding weight to his frame. Maiden, MA","Advanced route-runner. Sets up defenders with his stems. Runs routes outside regularly. Bridges the gap between tight end and receiver. Speed to easily outrun linebackers. He even ran away from safeties at times.","Not the size of an NFL tight end. Won't get respected in the run game. Even when in-line, Likely was used almost exclusively as a second-level blocker. A lot of schemed production in unique Coastal Carolina offense.","N A T U R A L R ECEIV IN G A BILIT Y Likely is one heck of a natural receiver. He attacks the ball so well in the air and can create on his own after the catch.","MOV E T E This is the tricky thing. He's not quite dynamic enough to pass as a receiver and not big enough to be respected as a tight end. He's a move tight end in a league that doesn't use them anymore.","SIZ E This one is obvious, Likely has to get bigger. The big question is, can he? He's almost indistinguishable from a wide receiver on tape with his frame. He's in no-man's land at the tight end position at his current weight.","Likely just has to get bigger and stronger. He can be a difference-maker if he can maintain his athleticism with 15 more pounds."
"59","Trey Mcbride","There haven't been many offenses in college football history more tight end focused than Colorado State's over the past two years. Over that span, McBride accounted for 38.1% of the Rams' passing yards — an insane market share for any position, let alone tight end. He debated transferring during the pandemic after a breakout 45-catch, 560-yard sophomore campaign but decided to return and has ascended to TE1 status nonetheless. Fort Morgan, CO","Strides past linebackers easily. More than enough speed to test the seams. Put up rare numbers in college. He was the focal point of Colorado State's offense. Ran diverse and translatable route tree.","Not going to be a move tight end, nor will he win one-on-one outside despite doing so in college. Straight-line, after-the-catch player. Not much dynamism. Man among boys at his level of competition.","DOWN F IELD McBride wins where so few tight ends do — down the football field. He can get past the linebacker-level swiftly and then presents a massive target over the middle. He can do it all while also being a respectable blocker.","A LL- A R OU N D T E McBride is a starting in-line tight end from Day 1. The leap in competition obviously presents a learning curve, but he's talented and proven enough to not stress about it.","P H Y SICA L R OU T ES McBride could stand to get even more physical as a route-runner. He's too content with someone hanging on him at times, knowing he's likely to win at the catch point, which won't always be the case in the league.","McBride has already excelled in a high-usage role, as expected when drafting him highly. However, he just doesn't quite look like Kyle Pitts athletically."
"60","James Mitchell","Mitchell was a hit as a sophomore in when he proved to be one of the best big play tight ends in the country. He averaged 17.2 yards per reception that season. With Dalton Keene out of the picture in 2020, Mitchell started to get featured more while still maintaining a high 17.3 yards per reception average. WIth high hopes for his draft potential in 2021, Mitchell would unfortunately go down with a torn ACL in their week 2 game against Middle Tennessee State. Big Stone Gap, VA","Extensive experience running comprehensive route tree. Route running chops of a former WR. Burst pops off the tape. Both off the line and after the catch. Gets down and dirty in the run game. Rare TE that looks to finish.","Not a true box out tight end who'll make plays with defenders draped on him. Approaches simple routes - crossers, flats, etc. - nonchalantly at times. Torn ACL ended his 2021 season two games in.",NA,NA,NA,"Mitchell is the forgotten man in the tight end class after tearing his ACL, but when healthy his receiving tape was up there with anyone's in the class."
"61","Cade Otton","A popular coaching mantra is ""control what you can control,"" and that 100% applies to Cade Otton's tape, as he was wasted in a rough Washington offense over the past few years. That being said, he still brought it every chance he had, especially as a run-blocker, where he's among the most versatile in the class. He never received more than 43 targets in a season despite being TE1 in Washington since 2019. Otton was used mainly underneath — 6.8- yard average depth of target — throughout his career. Olympia, WA","Can create on his own after the catch. Knows to get upfield quickly. Feisty in the run game. He is just OK in-line one- on-one but exceptional on the move. Well-proportioned 250 pounds. Holds it with ease while still being an athlete.","He is ""just a guy"" athletically. Not sure he has any plus traits. Not a downfield threat. Has only 23 career catches on passes 10-plus yards downfield. Average size to get by on blocking prowess alone.","WILLIN G N ESS IN R U N G A ME Otton wins in the running game. With tight ends wearing a lot of hats as run-blockers nowadays, Otton is perfectly suited to fill whatever role asked of him in the run game.","V ER SA T ILE BLOCKER Diverse run games will love being able to deploy this guy. Otton has the want, size and technique to be a difference-maker in this regard while also being a respectable receiver.","SEP A R A T IN G DOWN F IELD This is a tough question for Otton because the things keeping him from being a top prospect are physical in nature and not likely to be fixed anytime soon.","You'll have to accept physical limitations, but he has value as a blocker at tight end or even fullback in an offense."
"62","Jeremy Ruckert","Surrounded by three likely first-round receivers at Ohio State, Ruckert knew his role in the offense and played it admirably. Ruckert is, first and foremost, a run-blocker, as he's averaged less than one yard per route for his career despite starting the past three seasons. That being said, he's arguably the best run-blocker in the draft class. His 14 big-time blockers are the third most of any FBS tight end over the past two years despite only playing in eight games in Lindenhurst, NY","Legitimate people-mover in the running game. Recorded nine big-time blocks in 2021. Built like a block of granite. Rocked-up frame. zone-beater type. Bulldozer post-catch. He will bounce defensive backs off the turf.","Afterthought in the passing game. Saw three targets a game on average. No juice as a route-runner — he's really just a Needs to play with more control as a run- blocker. Gets helmet ahead of toes at times.","N A ST IN ESS Ruckert will be coveted because of his work in the run game. He blends security-blanket receiving traits with some bone-crushing run blocks.","BLOCKIN G T E Ruckert has prototypical blocking-tight end traits to be a TE2 in an offense. He could also start for offenses that don't ask tight ends to do much more than underneath routes in the passing game.","OV ER EX T EN DIN G Ruckert still tends to get overextended going for the kill shot in the run game. That will become more of an issue in the NFL. In the passing game, the dude just needs reps.","Ruckert is a plug-and-play in-line blocker but is more of a placeholder than difference-maker in the passing game."
"63","Jelani Woods","Woods started off his career as a quarterback at Oklahoma State before moving to tight end. There he was an afterthought in the Cowboys passing attack for three seasons. So much so that he was left in to pass protect on 228 of the passing snaps he was on the field. Woods 3-4 then transferred to Virginia where he blossomed as a pass catcher. He showed a unique ability to separate downfield, and his 11.1 yard average depth of target was indicative of that. Ellenwood, GA","Gargantuan frame - even for a tight end. Massive target over the middle of the field. Explodes off the line for a man his size. Can get to safeties in a hurry. Rocked up frame. Defenders melt off him. project.","Awkward gate and unwillingness to get low leads to him telegraphing routes too often. Body catcher with 10.7% drop rate in his career. Will turn 24 as a rookie. Concerning age for a","T OOLS You won't find a more impressive specimen at the tight end position at this class. There sure haven't been many comparable athletes at his size. He's still a ball of physical clay waiting to be molded.","SEA M R IP P ER Woods is tailor-made to threaten the seams of opposing defenses. He can fly off the line and present a massive window for quarterbacks to hit. That's a big value add in the NFL.","R OU T E- R U N N IN G Woods is a physical specimen for sure, but if he runs any route at the moment that asks him to do more than put one foot in the ground and explode it can be rough.","Woods may take a while to put it all together, but his speed and catch radius can play from day one."
"64","Jalen Wydermyer","True freshman tight ends typically don't produce the way Wydermyer did back in 2019, when he caught 32 passes for yards and six scores. The worrisome thing is that he hasn't improved that statline much in the years since. Despite ideal size for the position, Wydermyer never developed ideal athleticism. In fact, his eight broken tackles as a true freshman are still a career high. He's still a very natural receiver but has never offered much as a blocker. Dickinson, TX","Very fluid big man. Shows up when he adjusts course on the fly. Consistently elusive after the catch. Comfortable with the ball in his hands. Flexible at the top of routes. Will be tough to guard on option routes in the league.","Doesn't have the killer instinct as a run blocker, even when attacking DBs. Far too many drops for a chain-mover type. Nearly 10% drop rate for career. Middling athlete by NFL standards. Speed leaves something to be desired.","LOOSE H IP S Wydermyer wins with his loose route-running ability. He can run a full route tree for the tight end position and not look out of place, which he pairs with a large catch radius.","R ECEIV IN G T E Wydermyer isn't quite a plug-and-play guy. He can make an impact as a receiver to start, but you're investing in what he can be long term if you draft him.","WILLIN G N ESS IN R U N G A ME Wydermyer has to show more ""want to"" as a run blocker. On tape, he's content being in position and playing patty cake. That won't fly in the NFL.","Wydermyer is still a project in a number of ways, but he offers traits you rarely see from a man his size."
"65","Logan Bruss","After redshirting his freshman year in 2017, Bruss has been seeing the field for the Badgers ever since. He made spot starts down the stretch in 2018 at right tackle before taking over as the starting right tackle in 2019. After moving to right guard in the shortened 2020 season, Bruss was back at right tackle in 2021 where he had a career year. Guard is still likely where he ends up in the NFL, but that cross-training will serve him well. Kimberly, WI","Plus athlete for the position that can locate well off combo blocks. Balance to recover blocks when they aren't clean. Won't see him on the floor often. Only five penalties over the course of his entire college caerer.","Won't keep his base into blocks on the move. Plays less agile than he has because of it. Won't always utilize his length. Let's defenders into pads too often. Average drive in his lower half. Won't move the line of scrimmage in the NFL.",NA,NA,NA,"Bruss is a scheme diverse guard with tackle versatility that should be a starter sooner rather than later."
"66","Charles Cross","Cross was a former top recruit who was thrown to the fire in a big way when Mike Leach took over in 2020. He went from pass-blocking snaps in 2019 to 574 in 2020. He struggled a bit, understandably, allowing 44 pressures. But as a redshirt sophomore in 2021, Cross showed up a different animal. Top-10 He only allowed 16 pressures, and his run blocking prowess took a gigantic step forward. He still hasn't done a ton of NFL concepts in the run game, which should be a steep learning curve in the league. Laurel, MS","Super light on his feet. Upper-echelon mirror ability. Uses his length really well. Punch timing and placement are pluses. Progressed year over year and even improved as 2021 season went on.","Inexperienced in pro-style run blocking concepts. All base zone blocks. Needs to get more consistent depth in his pass sets. Unique stance with feet really tight together, leading to massive first steps.","LEN G T H Cross has prototypical traits to be a blindside pass protector. His feet, length and core strength are all top notch. He's been in pass protection a ton over the past two seasons.","LEF T T A CKLE Cross is a left tackle. There will likely be a learning curve early on but get this guy on the football field.","F OOT WOR K The most encouraging thing for Cross is that he can still improve a lot of areas within his skill set. He graded very well despite inconsistent footwork.","Cross has the most impressive pass-blocking toolbox in the class. It may take time, but everything is there."
"67","Austin Deculus","Deculus is the rare four-year starter at a blue blood program in the SEC that really never registered on NFL radars. He's got an NFL frame, but not quite NFL caliber physical ability. It's a big reason why he saw his grade plateau over his five years at LSU. Sadly, I'm not sure there's a next level in 7-UDFA Deculus' development to be had and a move inside to guard isn't going to alleviate his problems. Cypress, TX","Idea size/length to stick at tackle in the NFL. trouble. Very high in pass sets. Can fire out of his stance and gain depth to match speed in pass protection. Independent hand usage in his sets that's NFL- ready.","Stiffness to his lower half that gets him in serious Get's push-pulled like clockwork when technique isn't perfect. Won't outleverage defensive ends at the point of attack.",NA,NA,NA,"Deculus is battle-tested in the SEC, but never quite won those battles frequently enough to excite."
"68","Kellen Diesch","Diesch has one unique build for the tackle position at 6-foot-7, barely scraping 300 pounds and with oddly short 32 1/4-inch arms. But, if you can get past that, you'll find one heck of a pass-protector. He is one of the smoothest-moving tackle prospects in the draft class and has never allowed more than two pressures in a single game, even if his career has been brief. He couldn't lock down a starting role in four seasons at Texas A&M before transferring to Arizona State, where his 2020 season lasted all of four Trophy Club, TX","Moves like an athlete in space. This is the guy you want leading a screen. Hands are ultra quick to reset and regain leverage. Plays with a tremendous base as a run-blocker and alleviates some size issues.","So slim even after years upon years in college weight rooms. Looks like a tight end. No pop to his punch. Hands can be swatted away too easily. Sixth-year senior coming out.","F EET Diesch can consistently gain the upper hand on defenders due to his nimble feet and quick first step. He's never going to be a people mover but can still be effective.","SWIN G T A CKLE Diesch is an investment who could pay off big dividends. He's either a left tackle or not seeing the field. The best fit for him is an outside zone scheme due to his athleticism.","SIZ E Diesch has the frame and athleticism to pass protect at the NFL level, but none of the play strength. He can't see a field until he gets stronger.","If a team can get his play strength to even a serviceable NFL level, Diesch can be a starting left tackle in the NFL."
"69","Ikem Ekwonu","You won't find too many top-10 draft picks who once held offers from Harvard coming out of high school, but Ekwonu will soon be one of them. You also won't find too many true juniors who can throw around 250-plus- pounders the way Ekwonu did last year, but that's something he's been doing ever since Top-10 he was a freshman back in 2019. His pass- blocking prowess earlier in his career led some to think he'd have to kick inside to guard, but after seeing the strides he made in 2021, he's firmly a tackle in the NFL. Charlotte, NC","Biggest bully in college football. Defenders don't want to see him coming their way. Long arms that pack a punch. If he's latched onto your pads, good luck. Incredible power in his lower half. Legs like tree trunks.","Pass sets are wholly inconsistent and unpolished. Almost clicks his heels. Didn't even take vertical sets, just angle sets. Agility and mirror ability are just OK and not high end for the position.","P OWER He wins with prodigious power throughout his frame. When he uncoils his hips into contact, defenders move backward. It's just physics due to the amount of force he's capable of generating.","T A CKLE- G U A R D I wouldn't argue with teams that see him as a guard because of how nasty he is in a phone booth. This guy can stay at left tackle, though, and should be given every opportunity to succeed there.","P A SS SET S His pass sets need to be completely reworked. His base is very inconsistent, and he has limited answers for pass-rushers at the moment. Ekwonu definitely has the physical capability to clean all that up, though.","Any run-heavy team should have this guy as OT1. He's a work in progress in pass protection, but his issues are very fixable."
"70","Obinna Eze","Eze grew up playing basketball and didn't play football until his junior year of high school. He quickly took to the game and started garnering offers from blue-blood programs. Not quite understanding the college football landscape, Eze eventually committed to Memphis because he liked their coaches the best. After four years there - two as a starter - Eze transferred to TCU to face better competition and he still showed out in pass protection at left tackle. Nashville, TN","Insanely long arms. Like an octopus enveloping it's prey. Basketball background shows in his pass sets. Not fleet of foot, but balanced. Uses every bit of his wide frame. Coordinated with his hands to catch rushers.","Carries hands oddly low at his sides in pass sets. Throws his timing off a lot. No hip drive in the run game. Leans on guys. Still a project yet turns 24 in June.",NA,NA,NA,"Eze is well behind the learning curve for a player his age. He's a project without project-esque testing numbers."
"71","Daniel Faalele","Faalele had never played American football before traveling from Australia to IMG Academy in Florida back in 2016. The mammoth of a man immediately drew interest from college coaches across the country but settled on Minnesota after P.J. Fleck flew his mother out for a recruiting visit. Still new to the game, Faalele's ascent has been slow and steady after starting since his true freshman year. He returned after opting out in 2020 to have easily his highest-graded year. The allure of what his size and movement skills can end up doing in the NFL will be strong. Bradenton, FL","One of the largest players in college football history at 6-foot-9, 380 pounds. Impervious anchor. He just doesn't get moved backwards. Only been playing football for five years and has improved considerably every year.","Does he have the killer instinct? Not much iolence to his game. Limited dropback pass protection reps by design in Minnesota offense. Hands like Ricky Bobby — unsure what to do with them too often.","SIZ E He wins with immovability at the moment. With good enough mirror ability, Faalele presents a massive road block who defenders have to go around.","P R OJECT T A CKLE You aren't drafting Faalele with 2022 in mind. Similar to another Aussie in Jordan Mailata, Faalele is a three- or four-year vesting option for whoever drafts him","MEN T A LIT Y Hand placement, pass sets, mentality — you name it, he can probably improve there. He's still playing good football without being close to a finished product.","Faalele has unparalleled physical tools in addition to the kind of upward career progression teams can buy into."
"72","Luke Fortner","Fortner went from rotational guard in to starting guard in 2019 and 2020 to finally starting center as a sixth-year senior in 2021. It was the center position that really tapped into his high-level football IQ and you saw him flourish from a grading perspective. While he has the body type and experience 3-4 at all three interior positions, it's that processing speed that sets him apart at center. He cleared out pockets for quarterback Will Levis regularly this past fall. Sylvania, OH","Will-imposing upper body strength. Sends rushers off their path. Eyes work so quickly. Was a menace vs. Georgia's stunts last fall. Rodeo cowboy hanging on blocks. He's not letting go.","Not a space player. Limited when locating linebackers. Real issues getting off double teams. Doesn't have the foot speed to react. Grade didn't reach high-level until late in career and turns 24 in May.",NA,NA,NA,"Fortner brings a steady, powerful presence to the middle of your offense with all three interior position versatility."
"73","Kenyon Green","Green came into the 2021 season as a potential top tackle, and it was his versatility that ended up hurting his draft stock. He was a starting right guard in 2019 as a true freshman and left guard in 2020. This past fall, he was supposed to be their starting right tackle, but after injuries struck, he started at four different line positions the first six weeks of the season. His tape at left guard for the final four games of last season should give you a good idea of what he's capable of. Humble, TX","Flexibility and strength in his lower half is top notch. Extremely versatile. Played every position except center in 2021. Gets on linebackers so quickly at the second- level that it catches them off guard.","Bear-hugger. Approaches blocks with exceedingly wide hands. Ducks into blocks on the move instead of gathering his lower half. Penalty issues at start of 2021. Seven penalties in first eight games.","EX P LOSIV EN ESS Green is the most explosive interior lineman in the class. His pop on contact is special, and he can absorb a hit as well. His performance and versatility as a true junior is why he's so coveted.","V ER SA T ILE OL Green is still early enough along in his development that someone could easily make him a tackle. His body type enables you to slot him into any position along the offensive line.","H A N D U SA G E Hand usage is the biggest room for growth. Obviously, that will improve with more consistent reps at one position, but he still needs to carry them tighter to his frame.","Once Green stopped getting jostled around and could focus on playing solely left guard, his tape was elite."
"74","Luke Goedeke","Goedeke redshirted in 2018 before taking over as the starting right tackle in 2019. He showed out in his very first season with an 81.4 overall grade on 1,031 snaps before tearing his ACL and missing all of 2020. In 2021, he not only returned to form, but looked like a new man altogether. He took his consistency to another level. On 321 run blocking snaps, Goedeke was downgraded all of 17 times all season. He'll be a guard convert, but a damn good one. Whitelaw, WI","Outstanding and consistent hand placement. Quick to establish leverage and reset. Eyes work in unison with his feet. Quick to recognize stunts. Uncoils hips into contact. Can deliver and absorb blows.","Length issues on the edge. Defenders lived in pads. Will have to kick inside. Took advantage of middling competition. Grades weren't same when faced better schools. Missed all of the 2020 season with an ACL tear.","CON SIST EN CY Goedeke already looks like an NFL offensive linemen with his snap-to-snap technique. He's not the most physically imposing, but won't be out of place in the league.","GUARD His arm length would be an issue in the league if kept at tackle. That won't be nearly as much of the case at guard where his hand usage can shine.","H EA LT H With no massive glaring technical weaknesses, Goedeke's main concerns are physical in nature. After an ACL tear and now hamstring, he just needs to stay on the field.","Goedeke is a plug-and-play guard that profiles to an above-average starter in time."
"75","Marquis Hayes","Hayes broke into the starting lineup as a redshirt sophomore at left guard back in 2019 and hasn't given up the job. That first season he actually performed admirably and didn't allow a single sack or hit in pass protection. That's been his calling card the last three seasons, as his run blocking finally started to catch up in 2021. It's worth wondering if he'll ever be a plus player in that regard at the next level, though, given his physical tools. Maryland Heights, MO","Continually works upward into contact as a run-blocker. Very good at gaining leverage. Long arms for a guard and plus-latching ability. particularly explosive player. Some of the best independent hand usage in the class.","Slowly narrows his base and gets more upright in pass sets as the play develops. Lethargic out of his stance. Just not a Nine penalties in 2021.","H A N D U SA G E Hayes wins with elite hand usage. He has great length for a guard and is able to keep flailing defensive tackles at bay one-on-one.","GUARD Hayes is a guard-only due to his athletic profile, and he's probably not who you want running outside zone or pulling a ton. His best work is in a phonebooth.","P LA Y IN G LOW Hayes has to sink lower in his pass sets or he'll get walked back into NFL pockets consistently. The good thing is that he's proven capable of doing so in the run game.","Hayes isn't particularly versatile, but he's not too far off from being a plus pass-protecting guard at the next level."
"76","Ed Ingram","There was a time where it looked like Ingram might be the next big thing. He earned a 72.3 overall grade as a true freshman in 2017. However, he missed all of 2018 after he was charged with two counts of aggravated sexual assault of a minor. Those charges were eventually dropped, and Ingram was reinstated in 2019. He wasn't handed his starting job back and struggled as a rotational player at left guard during LSU's championship season. He's been a full-time starter every since, but he's never quite been able to build upon that promise he showed early on. DeSoto, TX","Well proportioned guard that can get out and move. People mover. Packs a punch in the run game despite below average weight for guard. Starting experience at both guard positions with 2,682 career snaps to his name.","Struggles to engage consistently. Hands are nothing special Feet and hands on different pages too often. Will go into contact with shaky footing. Stalled career progression. Never graded out particularly well.","P OP ON CON T A CT Ingram wins by ending pass-rushing reps before they start. His first punch can deaden the most adept of rushers. He's got tailor-made guard traits.","GUARD He's a guard an preferrably in a power/counter heavy scheme. He's at his best when pulling around the edge.","H A N DS Ingram has no problem delivering a blow, but his inability to maintain after first contact is why his grade is so lackluster. It will only get more difficult to do so in the NFL.","He'll be a starting guard in the league, but his lack of development throughout his career is concerning."
"77","Zion Johnson","Johnson spent two years at Davidson before the last three at Boston College. Even after five years of college, Johnson turned only 22 last November. He's seen a very linear progression to his grading profile for the Eagles despite spending the season at left tackle. This past season, he 1-2 looked like the closest thing to a plug-and- play NFL guard. There are very few ugly losses or bad games on his tape to scare you off. Upper Marlboro, MD","Lab-built guard frame. Loaded up lower half. picking up stunts/blitzes. Pad level is tremendous. Absorbs contact and delivers blows at an NFL-level. Purposeful in his movements. Everything works in unison.","Most downgrades are awareness related when Average get-off and quickness for a guard. Bit of a late bloomer, grading didn't take off until Year 5.","CON SIST EN CY He wins with all-around consistency. Johnson recorded one of the lowest downgrade rates among offensive linemen in college football this season. He doesn't allow himself to be put in bad positions.","ST A R T IN G G U A R D Johnson is a Day 1 starting guard.","N OT MU CH Johnson's appeal is that his con section is darn near blank. He's obviously not perfect by any means, but he doesn't have glaring weaknesses on tape.","Johnson is an all-around pro-ready guard who's one of the safer bets in the draft class."
"78","Braxton Jones","Coming out of Salt Lake City, Jones couldn't even land an offer from his hometown Utes. After landing at Southern Utah, Jones didn't really breakout until his third year with the Thunderbirds. While we only have this past fall fully graded, he was still tremendous in pass protection in the two years prior. 2021, however, was special as he earned single game grades of 80.0+ for seven straight games in the middle of the season.His Senior Bowl performance really solidified that he's not a fluke as he earned a 92.4 run blocking grade in the game. Murray, UT","Massive upper body. Broad shoulders and long arms to envelope defenders. Great depth out of his stance in pass pro. No issues matching speed. Not going to let you go once he's got you. Does well to get into pads and stay there.","Tendency to get high in his pass sets and unable to gain leverage. Late hands and slow to reset. Got by clamping shoulders of lesser competition. Odd frame with very thin lower half and massive upper body.","U P P ER BODY ST R EN G T H It's not uncommon to see a scoop block end with Jones throwing someone to the turf. He has the kind of power behind his hands that every tackle wants.","DEV ELOP MEN T A L T A CKLE He's not a complete rebuild project, but Jones isn't a day one starter either. He'll be a starter at some point on his rookie deal.","T IMIN G It's not uncommon for long-armed tackles to struggle to consistently time them up and Jones is no exception. He has little more in his repetoire than catching opposing edge rushers.","Jones may not have faced top competition, but he's closer to contributing than you might expect given that."
"79","Cam Jurgens","Jurgens redshirted as a freshman before breaking into the starting lineup at center in 2019. He's remained in the starting lineup there ever since. It wasn't always pretty with Jurgens who had massive issues with his location ability early on in his career. While that's still a worry, we've already seen him make massive strides in that regard. If he continues that upward trajectory in the NFL, his ceiling can push as high as anyone at the position n the draft class. Beatrice, NE","Lightning off the snap. Any direction he wants to go, he gets there in a hurry. Can go toe-to-toe with a head-up nose despite barely tipping scales at 300 pounds. Gets so low into contact and on the move. One heck of an athlete.","Plays at a frenetic pace. Leads to a lot of whiffs. Delivers blow more so than engaging. Won't bring his hands with him into contact. Eyes get stuck at the line of scrimmage on combos and is late to react to linebackers.","LOWER BODY EX P LOSIV EN ESS When Jurgens uncoils his hips he puts some awe-inspiring reps on tape. He can really take guys for rides when he catches them.","CEN T ER I guess he could play elsewhere in a pinch, but with 2,066 snaps in his career at center why mess with a good thing? He can also operate in any scheme in the NFL.","P LA Y IN G U N DER CON T R OL Watching Jurgens' tape can make one anxious. He plays in such a rush to get to his assignment that your own heart rate can't help but speed up watching.","Jurgens has all-pro type of physical ability but just needs more seasoning."
"80","Darian Kinnard","No one in college football has a stronger run-blocking track record over the past three seasons. Since taking over at right tackle in 2019, Kinnard has earned 90.0-plus run-blocking grades every single year. The worries come in pass protection. Kentucky was one of the run-heaviest Power Five teams in America during his first two years as a starter until Liam Cohen came over from the Rams and installed more pro-style concepts in 2021. While Kinnard made serious strides in pass pro last season, he's still a big work in progress in that regard. Cleveland, OH","Stone-cold killer mentality. Will pancake defenders then dive on top. The torque he can generate is insane. He throws around 300-pounders. Thick build. Holds 345 pounds with ease. because he's the biggest dude on the field.","Pass set technique is non-existent and need to be rebuilt from the ground up. Heavy on his feet and struggles mightily resetting them to recover. Late and wide hands. Gets by with bear hugging","P H Y SICA LIT Y Kinnard wins by being the baddest man on the block. He was bigger and stronger than every player he had to block on a college field. That won't always be the case in the NFL, but he's still going to be a people mover.","GUARD Kinnard is a guard. Unless you want him to completely remake his body, that's where he ends up in the NFL. He also profiles as one who may need some seasoning as a backup.","H A N D U SA G E While his pass sets need a complete overhaul, they're also indicative of his larger hand usage issues. He can't get by on pure physicality at the next level.","While he has intriguing play strength and power to work with, Kinnard's technique has a long way to go before he can see the field."
"81","Doug Kramer","Kramer is just your run o fthe mill five-year starter who's never taken a snap at anything other than center. Kramer was part of Lovie Smith's first recruiting class with the Illini and one of his most prolific players. He's a high-end athlete for the position, but doesn't possess the requisite physicality to fit into most schemes in the league. You saw that even in his grading profile at the collegiate level. Hinsdale, IL","Above-average get-off. Wins by getting on you in a hurry. Can fly between assignments. Foot quicks and processing speed to clean up stunts/slants. Natural leverage at his size. If he catches DTs off balance he can run with them.","Not much to his lower half and won't fully unlock hips into contact. Looks ready to topple over at any moment on the move. Sixth-year player. Turns 24 in June.",NA,NA,NA,"Kramer is a physically limited center who won't register on the radar of teams that aren't outside zone heavy."
"82","Tyler Linderbaum","There hasn't been a better college center since we started grading in 2014. He came in as a defensive lineman before redshirting and switching to the offensive side of the ball. Even though he was still extremely undersized and looked like an H-back, Linderbaum locked down the starting center position in 2019 and hasn't looked back. That year he earned an 81.7 overall grade before becoming the highest- Bigger graded center in college football each of Jason the past two seasons. Kelce Solon, IA","The most athletic offensive lineman in college football. Flies around the field. Wrestling background that's apparent due to how strong his hands are on tape. Made massive strides in play strength over career. Legitimate people mover.","Two-hand puncher. Needs to use hands more independently when deciphering stunts/slants. Center only at his size. Played in a perfect scheme to highlight his strengths. Can't bank on that in the NFL.","A T H LET ICISM How much time you got? Linderbaum wins with freaky athleticism for a center. Guys that move like him usually dominate at 3-technique and not offensive line. His hands, balance, play strength and processing are also top notch.","Z ON E CEN T ER While he's talented enough to play guard in a pinch, don't move him from center. A scheme that gets its linemen on the move would be best suited for his skillset.","IN DEP EN DEN T H A N DS His hand placement in pass protection is about the only red flag on an otherworldly resume. Because of how impressive his hands are in the run game, Linderbaum should easily be able to improve in that regard.","Linderbaum is the best center prospect we've seen at PFF since we started grading college in 2014."
"83","Alec Lindstrom","Lindstrom showed up to Boston College in 2017 at 230 pounds before taking a redshirt year. He got up to 280 pounds by his redshirt freshman season in 2018 before cracking the starting lineup at 290 pounds in 2019. He's been starting at center ever since but has seen his weight plateau over that span. He's been tremendous in pass protection with only 24 pressures allowed on 1,181 career pass-blocking snaps. Dudley, MA","Bounces around in pass protection with ease. Not going to be beaten by quicks alone. Assignment sure with plus awareness. A true field general at the position. Three years of starting experience and 2,574 snaps to his name.","Undersized with limited length. Unlikely to put on much more mass as he turns 24 in July. Struggles passing off/picking up stunts. Doesn't have the pop to deaden. Protected in BC's scheme. Didn't fare nearly as well on an island at the Shrine Bowl.","A G ILIT Y Lindstrom has some of the best mirror ability at the position in the class. He can quickly navigate to provide help elsewhere when left uncovered in pass protection.","CEN T ER ON LY Lindstrom will have to stay at center and likely go to a scheme that doesn't leave him on an island.","MA SS Lindstrom has to get bigger. He has to get stronger. There's no sugar coating it.","Lindstrom will have an uphill climb to a roster spot given his lack of size and versatility."
"84","Abraham Lucas","Lucas may get a bad rep as an ""air raid tackle,"" but that is a disservice to what he's done throughout his career at Washington State. On 2,195 career pass-blocking snaps across four years as a starter, Lucas has allowed a total of 49 pressures — that's it. His technique will need to improve, but the fact that he's gotten by so well with unrefined hand usage is almost a plus at this point. Everett, WA","Battle tested in pass protection with 2,195 career snaps as a pass-blocker. Ideal tackle frame with the size and length of an NFL tackle. Light on his feet for his size. Mirroring ability is starting caliber in the NFL.","Wide hands in pass protection leave pads open. He'll get bull rushed to death in NFL. Little experience in the run game and what he did wasn't particularly translatable. Powerful frame but doesn't play a particularly powerful game.","MIR R OR Lucas wins by being able to move his massive 320-pound frame in an athletic manner. With the space created in Washington State's offense, Lucas didn't need much more than positioning.","T A CKLE Lucas is a tackle at the NFL level, but he's also a project despite his experience.","T ECH N IQU E A lot. Washington State's scheme and development did him no favors when projecting to the NFL. A good portion of his game will need reworked.","Lucas has the physical traits of a starting tackle in the NFL, but he won't start right away."
"85","Max Mitchell","Mitchell was the highest-graded tackle in the country last season, but that was no surprise after steadily seeing his grade climb in all four years as a starter. He split time early in his career between left and right tackle before ultimately residing on the right side the past two seasons. The competition level is a concern with him, but he allowed only one pressure on 47 pass-blocking snaps in his lone Power Five game last year against Texas. Monroe, LA","Gorgeous pass sets. Impressive depth and balance Plays such an under-control brand of football. Won't see this guy on the ground. Impressive body control and flexibility for a tackle. Consistently gains leverage.","Listed under 300 pounds and will have problems at that weight in the NFL. Low competition level. Texas was only Power-5 team on his schedule in 2021. He can get flat-backed on contact even when technique is sound. Middling power.","CON SIST EN CY Consistent technique. Mitchell's hand placement, footwork and patient play style are a joy to watch. Even though it's a big competition level change, he could start early.","T A CKLE- G U A R D Mitchell is likely to be tabbed by some as a tackle-to-guard convert, and I wouldn't blame guard-needy teams for doing so. With added strength to his frame, though, he can stick at tackle.","SIZ E Size and physicality are the biggest things with Mitchell. He's not the kind of athlete that can get by barely scraping 300 pounds. He needs to pack on some pounds.","While Mitchell isn't going to blow anyone away physically, he's consistent and versatile."
"86","Thayer Munford","Munford has seen time ever since his true freshman year in 2017 when he played 149 snaps at right tackle. The next season he locked down the starting left tackle role which he held for the next three years. Munford swallowed his pride and kicked inside this past fall. It wasn't because he lost his job, but rather because it gave Ohio State their best five offensive linemen on the field and he was better suited for guard than their other two tackles. That cross- training should only make him more appealing for NFL evaluators. Massillon, OH","Versatile, thick frame. Long arms and wide base. Knows how to use length to advantage. Snatches instead of punching already. One of the most experienced OL in the draft. 3,142 career snaps across three positions.","Waist-bender with balance issues that persist across positions. Foot quickness isn't ideal. Has to be protected s. speed. Leans into contact instead of exlpoding. Not much of a people mover despite size.","LEN G T H 35+ inch arms are insanely long for an interior lineman and Munford wins a lot of reps with them. He's quick to lock out and hold defenders at a distance.","SWIN G T A CKLE/ G U A R D Munford isn't a high end athlete, but he has tackle traits and put up better tape at that position in 2020 than he did at guard last year.","BA LA N CE At this point, I'm not sure Munford is ever going to completely fix his waist bending. It's just a part of his game that you'll have to live with in the NFL.","Munford is experienced enough and technical enough to see the field at tackle or guard. I'm just not sure you'll ever be excited about him at either."
"87","Evan Neal","Neal is next in the prodigious pedigree of true freshman starters under Nick Saban. He started at left guard his first season in before kicking to right tackle in 2020 and left tackle this past year. Despite flip-flopping every single year of his career, he still saw his overall grade take steps forward in each of Top-10 those seasons. That versatility for a player of his size is what NFL teams will covet. Bradenton, FL","A true behemoth. Not going to outphysical him at 6-foot-7, 350 pounds. Explodes out of stance. Moves like a man 50 pounds lighter. Started at a different position every year of his career. Invaluable cross-training","Weight consistently out over his toes as a run- and pass-blocker. On the ground after first contact far more than you'd like. Struggles with stunts and when reacting to unexpected post-snap movement.","P H Y SICA LIT Y Pure, unadulterated physicality. He can do things when he gets his hands on defenders that are unfathomable for a true junior. The term ""freak"" gets overused, but he qualifies.","A LL- A R OU N D T A CKLE He's a starting NFL tackle, and his experience at both tackle spots means you won't have to necessarily worry about a Penei Sewell situation early on.","BA LA N CE Neal's propensity to overextend himself and get top heavy is a massive concern. The good news is he's improved those areas from 2020, but they still aren't solved by any means.","What Neal has, can't be coached. He's a special physical talent who is only scratching the surface."
"88","Dylan Parham","Parham first started at left guard as a redshirt freshman back in 2018. After another season at left guard in 2019, Parham moved to right tackle in 2020 and right guard this past season. However, it was that 2020 season that really put him on the map. Despite being on the shorter end for the position and listed at 285 pounds, Parham had dominant tape at times out on the edge. While his frame was always going to be better suited at guard or center in the NFL, the ability he showed to play in space helped his draft stock immensely. Carrollton, GA","Dude can move. Heck of an athlete for an offensive lineman. Special flexibility. The depth he gets in his stance is a prime example. Feet never stop driving. Very quick to reset and replace.","Such a thin frame for a guard. Unique body type for a lineman. Struggles absorbing contact when picking up stunts or trying to make a reach block. Miss. State was the only Power-5 school on his schedule over the past two seasons.","QU ICK Parham just gets on defenders so quickly. He's not a brute who can overpower defenders, but you see him win the first strike and leverage battles consistently.","CEN T ER - G U A R D At his size right now, center would make the most sense for him even though he's never played there. It won't take much for him to be a starting guard, either.","H EF T Parham's weight is obviously the biggest area for improvement. There aren't a lot of 285-pound offensive linemen in the NFL nowadays. That concern is only exacerbated by the competition he faced.","There's so much to like about Parham's tape, but his pre-draft process performance will be just as important to his overall draft position."
"89","Chris Paul","Paul started his career off at right guard back in 2018 before switching to left guard in 2019 . Then he kicked out to tackle where he earned the highest grade of his career back in 2020 before struggling there this past fall. A big reason for that was competition level. Paul got explosed by the likes of Ohio State and Houston on his schedule this past fall. He didn't alleviate any of those concerns at the Senior Bowl where he earned a 21.1 pass-blocking grade throughout the week of practices. Ultimately he's a guard in the NFL. Houston, TX","Insanely built lower half. Some of the thickest legs in the class. Surprisingly quick for a man his size. No issues getting out in space. Power throughout entire frame. Upper body can deliver a blow as well.","Balance in his sets is non-existent. Feet and hands disjointed. Lack of urgency in his game. A tick slow reacting in pretty much everything. Attack angles are a mess. In bad positions in both run and pass game regularly.","R A W T OOLS You see insane reps on his tape that make you confused as to why he can't do that every time. There may not be a better pure athlete for the guard position in the draft class.","DEV ELOP MEN T A L G U A R D While he doesn't have physical limitations that prevent him from playing tackle, he's had such issues eliminating space that guard seems like a better fit. He's got top tier guard physical traits.","OV ER SET T IN G This is more his entire pass sets, but ""oversetting"" is a good shorthand for his problems. He can't stay on balance in his sets and as such can't react to anything unexpected.","Paul the athlete is incredible. Paul the football player is a non-starter."
"90","Trevor Penning","You absolutely will not see more dominant run-blocking tape at the Division 1 level than the one Penning produced last year for Northern Iowa. In all, 9 of his 12 outings earned run-blocking grades over 90.0 — It was child's play for the 6-foot-7, 325- pounder. It's not only that he possesses elite 1-2 physical tools but also that he possesses the kind of killer instinct to play to through the whistle snap after snap. Sometimes it gets him in trouble, as evidenced by his penalties in his last 31 games, but you'd rather have to tone it down than coach it Mason City, IA","Tape at Northern Iowa looks like someone's dad subbed into a pop warner game. So damn wide. Some insanely broad shoulders even by large man standards. The kind of physicality that transcends competition level. He is out for blood.","Still far from perfect in pass protection. Obvious level of competition concerns. Not tested at all. Location ability in space leaves a lot to be desired. Not going to be his game.","P OWER Penning wins with a silly combination of power and flexibility. He can sink low for a 6-foot-7 tackle and forklift opposing defenders — a good combination that translates to the run game.","G A P - SCH EME T A CKLE Gap scheme teams, come get your man. You want this guy firing into defenders and setting the tone as much as possible. You could flip him to the right side, but he's a tackle.","ST A Y IN G LOW Penning obviously needs reps against top competition. In pass protection, he has a tendency to play high, which will get him bull rushed to death in the league if that persists.","Penning has a unique profile and much of his success hinges on continued development. Worst-case scenario, he's still a quality run blocker."
"91","Nicholas Petit","Petit-Frere broke into Ohio State's starting lineup at right tackle as a redshirt sophomore in 2020 before flipping to start at left tackle this past season. Your opinion of his tape will vary greatly depending on which game you watch. And that's because 19 of his 26 pressures allowed last season came against Michigan (8), Penn State (6) and Nebraska (5). A couple of those schools just so happen to have NFL- caliber edge rushers. That's not a death knell to his draft stock, but it's concerning Tampa, FL","Gets out of his stance so easily for a 315-pound tackle. Ideal tackle frame with a thick and powerful lower half. Experience starting at both tackle positions. losing his confidence during games.","Base has a tendency to get wide in pass protection, which limits recoverability. Leaves his pads completely exposed. Hands don't do him any favors. Would let things go from bad to worse due to","T R A IT S He wins by ticking a ton of boxes physically. His frame, length and play strength are all top notch. He can get on defenders quickly and with some juice. Those are all very good starting points.","V ER SA T ILE OL Petit-Frere's body type is versatile enough to fill any position on the offensive line. He could start at guard early on and grow into a tackle role as his technique improves.","H A N D U SA G E Petit-Frere has to use his hands better. It's fixable, but that's also easier said than done. His timing and placement are both issues.","He was exposed on tape too frequently to covet high in the draft, but he still has starting-caliber physical ability."
"92","Jason Poe","Poe is one of the most well-traveled prospects in the draft class. He started at Hutchinson Community College before transferring to Lenoir-Rhyne in 2018. After two seasons there, his 2020 season got cancelled and Poe transferred to Mercer. There he put himself on the map with an impressive showing against Alabama in Week 2 this past fall. His high-end athletic traits show up on the move and it's got NFL Smaller teams thinking about converting the Shaq squatty-body to fullback as well. Mason Fitzgerald, GA","One twitched up offensive lineman. Looks like an athlete in everything he does. Out for blood on the move. The best pulling guard in the class. Only allowed one pressure on 24 pass-blocking snaps vs. Alabama in 2021.","Short and slight. Only position he profiles to realistically is center. Overly aggressive without the technical prowess to do so. Low-level of competition with fairly unimpressive grades.",NA,NA,NA,"With his movement skills at this size, there's a lot to work with from a developmental standpoint in the later rounds."
"93","Bernhard Raimann","There isn't nearly enough space for a proper background of Raimann. He grew up in Austria, came to the USA as a foreign exchange student, and secured a scholarship at Central Michigan after one year of high school football. He started his career at tight end for two seasons before switching to tackle the past two seasons. He's put on 60 pounds over that span yet maintained his tight end athleticism. His progression in technique over that span, and even weekly, has been a sight to Delton, MI","He can fly. One heck of an athlete for the position. He's only been playing OT for two years! Started his career at tight end. Slim but not weak. Play strength is fantastic for his size.","Arm length is on the low end for the position, barely hitting 33-inch cutoff. Grade pumped up by low competition level; although, he did face LSU and Missouri. Has put on 60 pounds in two years but still could stand to pack on mass.","H A N DS Raimann still moves around the football field like a tight end, but those hands that used to catch passes now catch defensive linemen. His hand placement in the run game is already outstanding.","LEF T T A CKLE Raimann is a Day 1 starting left tackle in the NFL. He may be new to the position, but I wouldn't classify him as a project.","SIZ E He's nowhere near as physically dominant as others in the tackle class. He needs to continue to fill out his frame.","As crazy as it is to say for a guy who's played the position for two years, Raimann's tape is the most polished of any tackle in the draft."
"94","Sean Rhyan","Rhyan has been starting at left tackle for the Bruins ever since he showed up to campus. It didn't go so hot for him out the gate with 37 pressures allowed that first season, but he's seen marked improvement in the two years since. You could even see it from the first half of 2021 to the second where his grade lept from 75.9 to 86.4. That's the kind of trajectory you want to see heading into the league. Raw Braden San Juan Capistrano, CA","Tremendous guard build. Massive lower half and insanely large hands. Unloads into contact. The kind of guy that can cave in his side of the line. Massive year-on-year progressions. Could even see it week-to-week in 2021.","So overly aggressive. Comes off the ball like a defensive lineman at times. Footwork on baseblocks can get away from him. Will bring his feet together. Very old for a true junior. Will turn 24 as a rookie.","N A T U R A L A T H LET ICISM You see the rugby background with Rhyan on tape with how comfortable he is as a mover for a massive man. He's got undersized lineman athleticism in a jumbo package.","G U A R D WIT H T A CKLE V ER A T ILIT Y He has the movement skills for tackle although not the length. It's worth starting him at tackle, but more than likely he's a guard who can play tackle in a pinch.","LA N DMA R KS Rhyan has a bad habit of overshooting his target whether it's pass protection or in the run game.","Rhyan is still coming along technically and will have to kick into guard, but the improvements he's already made give you hope."
"95","Jamaree Salyer","Salyer has played a role on the Georgia line ever since his freshman year. While he served as the utility man his first two seasons, playing snaps at every position along the offensive line, Salyer primarily lined up at left tackle the past two seasons. Still, he'd pick up the slack when needed elsewhere. That versatility will serve him well at the next level but will likely be coveted as a guard. Atlanta, GA","Powerful upper body. His first strike will deaden pass-rushers in their tracks. Experience at every single position along the offensive line. His balance in pass protection massively improved from 2020 to 2021.","Waist-bender. Cheats with his upper body to get pad level low. Plays high on the move. Very limited ability to react in space. Georgia's scheme protected him a ton in pass protection.","P OWER Salyer is a power player who plays an attacking brand of football. He's a poster boy for Georgia's physical offense.","CEN T ER / G U A R D He's an interior lineman in the NFL despite spending most of his time at tackle. Playing at guard will help alleviate some of his issues locating in space at tackle.","WA IST - BEN DIN G Salyer's waist-bending is going to be exposed even more in the NFL than it was in college. The scary thing is that it was already exposed a good deal in college.","Salyer will look better at guard than he did at tackle for Georgia, but that won't be a cure all of his issues."
"96","Justin Shaffer","Shaffer was a backup his first two seasons with the Bulldogs. Then in only his second career start in 2019, Shaffer suffered a season ending neck injury. He returned as a stalward left guard in 2020 and 2021. This past season, though, was easily the worst of his career in terms of pass protection with 20 pressures allowed. Those issues came to a head towards the end of the year as he allowed 13 pressures in the SEC championship and playoffs combined. Ellenwood, GA","Lots of sand in the pants. Kind of frame that projects very easily to guard in the NFL. Short set that can create large pockets. When he gets a first punch, it's over. Looked much improved in his technique at the Senior Bowl.","Bear-hugger that relies on strength too much in pass protection Limited foot quickness. Not going to go find guys in space. Late bloomer. Turns 24 over the summer",NA,NA,NA,"Shaffer is an experienced guard who profiles better in the run game than in pass pro. At his age, that may be all he is at this point"
"97","Lecitus Smith","Smith came to Virginia Tech a tight end recruit before transitioning to the offensive line. It didn't take long for him to start seeing the field, though, as he made four spot starts at left guard as a redshirt freshman in 2018. He's been the full-time starter there the past three seasons. While Virginia Tech may not run the most diverse run concepts, Smith plays a well-rounded enough game to get by in most schemes. More Nimble Fitzgerald, GA","Balance and fluidity that you don't often see on the interior. Sends shivers with his punch. NFL-caliber violence in pass pro. Finds linebackers better than his testing numbers would suggest.","Length below where you'd like it for the guard position. Could stand to sustain blocks longer. Zero big- time blocks in the run game last year. Never took a next step from a grading perspective. Middling production.",NA,NA,NA,"Smith's age and arm length are strong knocks against what was impressive pass protecting tape."
"98","Tyler Smith","You could tell Smith was something special ever since his true freshman season in 2019. On only 108 run blocking snaps that year, he had four big-time blocks. If you extrapolate that to a full season it would have been top-10 in college football. We've seen marked improvement every year to him now leading all of college football in 2021 with 21 big-time blocks. Even still, he's about as blank a canvas as you can get from a technique standpoint. That blank canvas only turned 21 earlier in April and put up an absurd 92.3 overall grade last Fort Worth, TX","Special power for a man his age. People moving capability others can only dream of. So flexible for a 324 pounder. In awe of the body positions he can play in. Some of the best hand strength you'll see from a prospect in this class.","Carries hands low and by his side in pass pro. Need to be reworked.. No snap to snap consistency. Out there freestyling most plays. Going to get demolished with holding penalties in the NFL. 13 last season.","BU LLY BA LL Smith is the big kid on the playground who grabs you by your shirt collar and what let go no matter how hard you smack him. He latches on and won't let go no matter what.","LEF T T A CKLE With 1,779 snaps to his name at left tackle, there's no use changing his position. He's borderline developmental, but you want this guy seeing the field ASAP.","T ECH N IQU E This relates to pretty much any and every part of playing the position. There's not much ""NFL- readiness"" to what he does on tape from a technical standpoint.","Physically, Smith is on par with the top-tier of tackles in this class. He's raw as can be, but at his age he has time to get there."
"99","Cole Strange","Strange came to Chattanooga a 255- pound defensive end in 2016. It was a long uphill climb just to crack the 300 pound barrier which he only did in 2020. Still, his tape against the Power-5 competition over the years has consistently been impressive. This past fall against Kentucky he made a statement with a 78.8 overall grade and only one pressure allowed on 38 pass- blocking reps. While he didn't grade out exceptionally well at the Senior Bowl playing a brand new position in center, you once again saw the high-end traits from Knoxville, TN","High-end explosiveness out of his stance. Gets on defenders so quickly. Perfect fit in an outside zone scheme. Some insane cutoffs/reaches on tape. Plays the position with an uncoachable edge. Loves to somersault defenders.","Very lean lower half. Not quite the heft you want to absorb a blow. Wide base and forward lean in pass pro limits recover ability in pass pro. One game against FBS competition the last two years (Kentucky, 2021). Turns 24 as rookie.","G ET OF F This one is usually reserved for defensive linemen, but Strange's first step flips the script. He's not the biggest guard on tape, but he still moves people by being able to win leverage battles right at the snap.","Z ON E CEN T ER I don't think he should be particularly pigeonholed despite his skinnier frame, but there is no denying this is where he profiles best in the league. Any role that lets him fly off the ball is one I'm here for.","P A SS SET S Between his wide base, wide hands, and forward lean - there's a number of things that need to be addressed to get his game NFL-ready. None seem too massive of a fix to worry long term.","There's so much to like about Strange's tape with many of his issues being fixable in time."
"100","Zach Tom","Tom started out as a center for the Demon Deacons where he first earned a starting role as a redshirt sophomore in 2019. He only kicked over to left tackle in where he immediately showed out as a pass protector. He only allowed 12 pressures on 370 pass-blocking snaps that year before taking his game to another level this past fall. Tom only allowed one pressure a game in one of the pass-happiest offenses in More Athletic America. He was especially impressive on Kelvin his 243 true pass sets earning an 88.4 grade. Beachum Baton Rouge, LA","Independent hand usage is a big plus. Throws a lot at defenders. Easy, easy mirror ability. Tremendous feet in pass pro. Grip strength is a plus. Hands that can control defenders.","Regularly walked back into the pocket. Thin lower half that needs to get stronger. More receiver than deliverer in the run game. Position blocker. Leaves pads exposed far too often.","MIR R OR Tom take short choppy steps keeping him on balance and ready to react to whatever is thrown at him. He's almost never caught too far out of position.","T A CKLE WIT H V ER SA T ILIT Y There's obviously a push for him to play inside based on where he lined up at the Shrine Bowl, but there's nothing in his physical profile that says he can't stay at tackle.","A N CH OR With his patient play style, Tom has to improve his lower body and core strength to hold up to the power he'll face in the NFL. He's not too far off, though.","Tom's mirror and hand usage is a great starting point for the tackle position in the NFL. He's a future starter."
"101","Cordell Volson","It took Volson until his fourth season for the Bison in 2019 to lock down a starting role at right tackle. He's been primarily there ever since, but has actually taken snaps at all five offensive line positions. While he's been a tackle, he likely profiles to a guard at the NFL level with his athletic limitations and that's where he primarily lined up over the week of practices at the Shrine Bowl. Anamoose, ND","Hands do a ton of work for him in pass pro. Strong and active. Extensive experience at both tackle and guard with the frame to play either. Showed out at the Shrine Bowl with the highest pass-blocking grade in the practices","High-cut guard that cedes ground on contact. Difficult to win leverage battles. Lacks agility to be particularly versatile. Really see it on lackluster stunt work. Older prospect that turns 24 before the season.",NA,NA,NA,"While he's not the project small school guys usually get branded as, Volson has middling physicality to project to the next level."
"102","Matt Waletzko","Waletzko has been starting for North Dakota ever since he arrived in 2018. He's missed time over the years with a knee injury in 2019 and a shoulder injury this past fall, but never played anywhere but left tackle the last three seasons. The outside is where he profiles best in the NFL. He's a long and agile tackle with the kind of tools that are tailor-made to pass protect in the NFL. He'll also be a weapon in the screen game where he can track down even defensive Cold Spring, MN","Exceptionally broad human being. Measured an 86"" wingspan at his pro day. So dang light on his for having a top-heavy build. Can really move in space. Shows the kind of sink and flexibility that's uncommon for a taller tackle.","Mass all comes in his upper half. Oddly skinny legs for a tackle. Footwork and angles in pass sets are often non- existent. Little feel for the pocket. Grading was nothing special at low-level competition with few NFL pass pro concepts",NA,NA,NA,"Waletzko ticks so many physical boxes of a high-end starting tackle, but his tape screams developmental project."
"103","Rasheed Walker","A former top-100 recruit, Walker took one redshirt year before he was tabbed as the starting left tackle for the next three years. For his first year as a starter, his 2019 season put him on draft radars as he earned a 69.7 overall grade. He made some strides in pass protection in 2020 season, but not nearly enough for him to declare that early. With high expectations in 2021, Walker fell drastically short from Week 1 where he earned a 49.0 overall grade against Wisconsin and onward with a meniscus tear causing him to miss the end of the season. Waldorf, MD","Well proportioned tackle frame that immediately looks the part. Strong and flexible lower half that can sit down vs. bull-rushes. Feet churn in the run game. Never stop trying to displace defenders when engaged.","Base widens and tightens willy-nilly in his pass sets. Feet do him no favors. Got stunted to death. Too heavy on heels in sets to react. Injuries torpedoed him in 2021. Tape was better the year prior.","T A CKLE T R A IT S So few players on this earth move like NFL tackles and Walker is one of them. Being able to move and look athletic at his size is why he's going to get every chance to succeed at the next level.","SWIN G T A CKLE Walker has played enough ball and still not improved to the point where one might have to accept this is who he is. That's an NFL tackle, but it's likely a backup.","BA LA N CE IN SET S Walker is too athletic to put some of the reps he did on tape. He gets himself in bad positions out of lack of attention to detail and loses balance.","Walker looks like an NFL tackle, but between lackluster tape and opting out of athletic testing, Walker's stock is going the wrong way."
"104","Luke Wattenberg","You will not find many more experienced linemen in the history of college football. N/A After redshirting in 2016, Wattenberg went on to be a starter for five years with the Huskies! He's got starting experience at left N/A tackle, left guard, and center. The problem is, none of those seasons finished with 7-UDFA particularly impressive grades. His peak was this past season at a middling 72.7 overall. While that experience might be coveted, Longer that performance will not. Jimmy San Juan Capistrano, CA","Plus ability to climb to the second-level and locate. Tight hands in the run game. Gaining initial engage is rarely his problem. 3,307 career snaps to his name across left tackle, left guard, and center.","Nothing to his lower half. Walked back far too easily. Knocked off balance with any sort of jolt from a defender. No improvement from a grading perspective over the course of his career.",NA,NA,NA,"Wattenberg looks the part until he has to impose his will. His play strength isn't at the level you want to start in the league."
"105","Dohnovan West","West walked onto Arizona State's campus and was the starting center for his very first collegiate game. He switched to right guard midseason, left guard in 2020 and then finally landed back at center this past fall. All the while playing football well beyond his years. His grade would have taken a good leap forward each of those seasons were it not for him getting downgraded for an off-target snap seemingly ever other game. He's young and versatile - that's a good combo. Mission Hills, CA","Smooth mover who plays a very under control brand of football. Won't turn 21 until May. Youngest IOL prospect in class. Consistent hand placement beyond his years. Low and inside to gain leverage.","Below 300 pounds at combine. Upper body/core strength not quite at an NFL-level yet. Consistent issues with snap accuracy. A ton of botched snaps. Noticeable hitch out of his snap. More pronounced when moving to his left post-snap.","BA LA N CE About the only time you see this guy on the ground is when he trips over someone else’s foot. West is such a natural athlete which is why he graded out so well early in his college career.","CEN T ER / G U A R D P R OJECT He's played 260+ snaps at all three interior line positions. He's likely a center at his size now but has room to grow into guard with a couple years in an NFL weight room.","U P P ER BODY ST R EN G T H West's ability to maintain control of blocks suffers because of this. At his age, though, this is something one can certainly expect to improve.","West may take a while to get there physically, but it's all there to be a starting interior linemen in time."
"106","Thomas Booker","A former top recruit, Booker has seen significant time ever since his true freshman year in 2018 and been a starter ever since 2019. Unfortunately, he never quite lived up to that lofty recruiting status as Bookers best year came as a sophomore. That year he posted his career high for sacks (6) and stops (32) despite playing 262 snaps fewer than this past fall. He's got athletic tools to work with and versatility that will be More Raw coveted. Dereke Baltimore, MD","quicks are tremendous for a 300+ pounder. the Stanford defensive line. every alignment on the interior.","A nightmare to handle on slants. First step game. Thick lower half that stands out immediately on When he does, they are late in snap. Versatile body type that can and has filled taken out of his gap entirely.","EX P LOSIV E LOWER H A LF When everything fires in unison, Booker can put some awe inspiring reps on tape. He can fire off and turn the corner with the best of them.","V ER SA T ILE R OT A T ION A L DT This is pretty much what Booker has already been at Stanford. He doesn't look particularly out of place wherever he lines up.","A WA R EN ESS Booker could easily develop into a starter once the game slows down for him. It's concerning that hasn't happened in four years at Stanford, though. Having a more well-defined role could help him out in this regard a lot.","Booker has high-end starter flashes and athleticism. They just come once in a blue moon."
"107","Matthew Butler","Butler was a bit of a late bloomer in his five seasons with the Volunteers. It took until his redshirt sophomore year to lock down a rotational role, his redshirt junior year to lock down a starting role, and his redshirt senior year before he started to really make an impact. While averaging 55.8 snaps per game, Butler still managed to grade out well above-average as both a run defender and pass-rusher last fall. He was a havoc Poor Man’s creating 3-technique in Tennessee's Marlon defense and often got deployed on post- Davidson snap slants to try to take advantage of his Garner, NC","a pass-rusher. better against doubles than expected. hands first.","Active hands and plus motor. Lot of late wins as a three-technique. Can pinball off OL and still make plays. Held up better when given carte blanch to attack. Stays low out of his stance and leads with his rookie.","EF F OR T Butler puts everything he has into every single play. You won't find many lethargic get-offs or lackluster pass-rush attempts on his tape.","3 - T ECH Butler may not ever profile as a high-end playmaker at the next level, but don't be surprised if he's in a starting lineup at some point. He can get off the ball and create havoc.","ST A CK/ SH ED With two-gapping all the rage in the NFL, Butler has to improve his ability to engage and disengage opposing offensive line. Because as it stands, Butler relies on his penetrating.","The leap Butler made from 2020 to 2021 makes him an intriguing prospect to see if there's another step in his development."
"108","Jordan Davis","Last fall, you couldn't tune into a Georgia game for more than five minutes without hearing about Davis — and with good reason. The behemoth nose tackle is different than any other player we've seen at the position. For a man of his size, his first step is unstoppable on stunts and slants. He's played that same nose role in Georgia's defense since his freshman year in 2018, never playing more than 265 snaps in a season until this past fall. Those workload Henderson concerns are still valid even after he played 378 snaps in 2021. Charlotte, NC","as we've seen in recent college football. plays on wide runs. teams. Rarely moved at all.","Comically large. As powerful a defensive tackle workload, even when games weren't blowouts. Surprising range for a man his size. Can make explosiveness. Sinks his anchor very well against double- a pass-rusher.","P OWER You won't find many human beings with a frame like Davis', and there may not be any others that size who can range down the line of scrimmage the way he can. He's a unique specimen in the course of human history.","N OSE T A CKLE Plop Davis down in the A-gap on first and second down and watch your run defense improve. He's a pure nose tackle who hold the point and also make plays.","CON DIT ION IN G Davis has to get his conditioning to a place where he can handle an NFL workload. Only playing 25 snaps a game isn't going to provide much value in the league.","Davis is going to stuff the run in the league — just don't expect too much more."
"109","Noah Elliss","Elliss initially committed to Mississippi State, but didn't qualify academically his only year there in 2017. He took a bit of a circuitous route then to Idaho where his father was the defensive line coach. Elliss was immediately a force in run defense his first year with the Vandals before a knee injury forced him to miss time. Elliss then played in both the spring and fall of last year where he saw his run defense grade steadily Stevie increase. Even at a low-level of Tu’kolovatu competition, though, Elliss was never much as a pass-rusher. Littleton, CO","competition. to wrangle ball-carriers. snaps in four games last year.","Massive lower half. Overpowered his scrimmage and finish plays. Playmaking vision off the nose. Sheds just in time torn hamstring. Already seen a considerable workload. 50+ being an issue.",NA,NA,NA,"Weight and injury issues follow Elliss to the NFL, but it's easy to see him being cracking a lineup at nose tackle on early downs. in the league."
"110","Neil Farrell","While many on the LSU roster failed to live up to expectations this past fall, Farrell put together far and away the best season of his five-year career. He played an instrumental part in LSU's title run back in 2019, but he was more of a run-down 5- technique back then. The 2021 season was the first where he actually got to play on the nose, and he took to it like a pig in mud. His physical tools are middling for the position, but he's one feisty dude when it Hankins comes to attacking blocks. Mobile, AL","contact is hard to handle. opponent with everything he has. reps to the whistle.","Consistently excellent hand placement. Pop on Limits his stack-shed ability. Comes off the ball with aggression. Firing into positions trying to be a playmaker. High motor for a nose tackle. Fights his pass-rush until Year 5.","WIG G LE Farrell wins with above-average first-step quickness for a nose tackle, combined with a violent and consistent punch. He's a playmaker at nose because of that ability to win consistently early in the snap.","P EN ET R A T IN G N OSE Defenses that like to create havoc with their front four will be a fan of Farrell's services at nose tackle. He's at his best playing off the sides of opposing linemen rather than working straight through them.","G A P CON T R OL Farrell is never going to be a pure hold-the-point nose tackle, but his gap control could stand to be better. He plays a little more reckless than most defenses in the NFL are willing to accept at the position.","Farrell can make plays on the nose, but you'll have to live with some inconsistency."
"111","Logan Hall","Hall has always been oddly cast in Houston's defense. As a 241-pound freshman, he was playing 3-4 defensive end. Then, as a sophomore, he got kicked even further inside despite weighing in at just over 250 pounds. He's continued to bulk up since but has always been one of the skinniest defensive tackles in college football. Even still, Hall has improved as a run defender every year until he was a legit weapon in that regard last fall. He may be McDowell a bit of a tweener, but that's nothing new. Belton, TX","guards can match. guards play after play. Wins through you.","Ultra long for a defensive tackle. Not many Tough for him to play with leverage. Terrific stutter bull-rush already. Walked back after first strike. Attacking mentality. No finesse to his game. separate. Content to continue churning.","LEN G T H Hall wins by being a guard's worst nightmare. Guards, even at the NFL level, don't often see his combination of length and explosiveness. That causes a lot of problems when he can consistently get into their pads.","3 - 5 T ECH Hall was built to play right over offensive tackles. His long two-gapping frame is ideal to play the run in the new wave of light boxes. Just don't kick him much more inside than that on run downs.","A CT IV E H A N DS Aside from the leverage issues, Hall could have issues based purely on his frame — he desperately needs to work on move sequencing. He's got a nice bull-rush and a nice swim, but there's nothing that comes after either.","Hall has so many ways to win as a pass-rusher. It's not if he'll be an impact player in that regard, but when."
"112","Travis Jones","Flip on the UConn tape at any point over the last four years, and Jones sticks out like a sore thumb. He was the Huskies' best defender as a true freshman in 2018, notably putting up an 88.3 run-defense grade. Since then, he's continued to add more to his pass-rushing arsenal to make him an all-around defensive tackle. Despite his nose-tackle size, Jones only played snaps at nose tackle in his career. New Haven, CT","stunt/slant him is often a waste of time. with his hand usage. throughout frame.","Strong hands. Ragdolled linemen left and right. Long arms and quick to lock out. Very adept rush reps. Ideal anchor for a nose. Carries strength","ST R EN G T H Jones wins how you want a nose tackle to win: brute strength. He's assignment sound and immovable. He possesses the requisite strength in his lower body to hold the point and upper body to control the block.","N OSE T A CKLE Don't expect much in the way of position versatility. Jones is a pure nose tackle who is not going to be seeing the field in obvious passing situations.","ST A Y IN G LOW Playing lower as a pass-rusher would go a long way. There's ability to make plays there, but right now, he's too easily uprooted and stopped in his tracks.","Jones is a quintessential block of granite at nose tackle with a touch of pocketpushing ability thrown in."
"113","Phidarian Mathis","Mathis is the next in a long line of Nick Saban-coached defensive tackles who will be starting in the NFL. Even though he's seen the field since his redshirt freshman year in 2018, Mathis didn't garner a full-time workload until this past fall when he showcased the all-around skill set that makes him one of the best plug-and-play defensive tackle options in the draft class. He's NFL-ready from a technique standpoint and consistently showed the ability to line Guy up anywhere Alabama wanted him to. Monroe, LA","higher-cut defensive tackle. dynamo. from tackle to tackle.","Outstanding pad level in the run game for a Average burst to close to ball carriers. Consistent and violent hands. Stack-shed mirroring ability. Long frame. Capable of playing any position being a fifth-year defensive tackle.","H A N DS Mathis wins with his strong hands combined with long arms. He possesses ideal two-gapping block controller traits. And he can do so from any alignment.","2 - G A P P ER Mathis would be best in a two-gapping role, and the alignment honestly won't make much of a difference. His skill set allows him to play over tackles, guards or centers.","T WIT CH Mathis' most glaring negatives are all physical in nature. He's just not the kind of high-end athlete that effects passing games consistently at the NFL level.","Mathis is a versatile and reliable two-gapping run defender who will fit in any defense."
"114","Marquan Mccall","McCall came to Kentucky as a top offensive line recruit before switching to the defensive side of the ball. As a sophomore in 2019, McCall showed promise with a 76.5 overall grade on 229 snaps. Unfortunately, he never built upon that as he couldn't keep his weight in a position where he 7-UDFA could stay on the field. Hopefully that changes at the next level because there is enough physical ability there to make an impact. Slaton Oak Park, MI"," Listed at 379 last year. Barely played. Can execute stunts/slants. up well.","Plays with a feisty attitude. Tone setter. Can really get off the ball for a man his size. locked in too easily. Massive mitts that pack a punch when timed ground too much.","A T T IT U DE McCall may not play a ton of snaps, but when he does he's throwing ever thing he has at you. He can get a little out of control at times, but can also get into the backfield.","1 - G A P N OSE McCall isn't a hold the point kind of nose tackle. He wins at the snap or not at all. That's only going to fly in a one-gap defense.","H A N D P LA CEMEN T McCall has the kind of traits to be a consistent run defender, but he's all too often caught in bad positions. If he led with his hands more consistently than his head that would change.","McCall is a two-down space eater that isn't particularly reliable at even that."
"115","Otito Ogbonnia","Ogbonnia was a promising rotational defensive tackle for three seasons before finally becoming a starter as a senior this past fall. It was in 2021 where Ogbonnia finally started to make a difference as a pass-rusher. That continued at the Senior Bowl where his length played routinely in the one-on-ones. He still, though, was regularly too high in the run game and had a rough week of practices in that regard. Katy, TX","him toss an offensive lineman. (rip, bull, etc.) his rushes.","Long, powerful arms. Not uncommon to see nose tackle. Moveable. Number of ways to win as a pass-rusher already ball carriers. Never missed a game due to injury in career.","U P P ER BODY ST R EN G T H Ogbonnia is a block controller through and through. He can keep offensive linemen at bay with his big hands and powerful upper body.","2-GAP NT The ""Where He Wins"" writeup has 2-gapper written all over it. Stacking and shedding is Ogbonnia's strong suit and he's got the traits to continue that in the league.","A N CH OR Ogbonnia flat out has to play lower if he wants to see the field in the NFL. It's likely why he couldn't see the field consistently until his senior year in college. He cedes ground too easily even one-on-one.","Ogbonnia has intriguing upper body strength for the nose tackle position, but it may not matter because he won't see the field unless his anchor improves."
"116","Jayden Peevy","Peevy has seen the field for five straight seasons now with him becoming a starter only in the past two. He's a run first player who never garnered more than 20 pressures in a season over the course of his career. Despite that, he often filled the B-gap in the Aggies defense with over 75% of his career snaps coming from that alignment. At his size, he's not a true nose tackle in the league, but also not going to be anyone's preferred choice at 3-technique. Jones Bellaire, TX","size. of ducking head. Gains upper hand. Straight-forward power player.","Long, powerful upper body. Block controller. Consistently shoots hands into contact instead 20 career missed tackles. Knows who he is and plays to his strengths. battles at his height.",NA,NA,NA,"Peevy has an intriguing two-gapping frame, but just don't expect much more."
"117","Eyioma Uwazurike","It's been a long time coming for the soon- to-be 24-year old defensive tackle. He's been at Iowa State for six years with a redshirt, two years as a backup, then three years as a starter. This past season he took his game to another level as a pass-rusher where he nearly doubled his previous career high for pressures. Uwazurike doesn't profile as an impact player in that regard, but that development showed he can offer something in that regard. Still, he's a run-first Butler player that will be drafted as such. Detroit, MI","dream on the nose. Over 35"" arms. advantage. Bench presses centers. slot in anywhere on the interior.","Size and length that's a defensive line coaches booth power. Quick to lock out arms and utilize length him off guard. Production at a number of alignments. Can regaining leverage.",NA,NA,NA,"Uwazurike is the two-gapper you want late in the draft. He can go head up with any OL position and still hold the point."
"118","Perrion Winfrey","Winfrey started his career at Iowa Western Community College for two years before transferring to Oklahoma. For the Sooners, he made an impact as a penetrator with an elite first step to get upfield. However, he was often miscast in Oklahoma's defense, playing 236 snaps at nose tackle despite being on the slimmer side for even a 3- technique. It remains to be seen how he'll hold up to NFL power, but he has developmental physical tools for a 1-gap Hill Roselle, IL","quickly. to the sideline. alignment.","Get-off is where he wins. Puts guards in a bind good portion of games. Legit range. Ran with running backs all the way his gap control. Long, strong arms. Gives him some versatility in Taken off balance by combos.","A T H LET ICISM Winfrey's splits versus Group of Five (11 pressures in two games) and Power Five (18 pressures in 10 games) offensive lines are indicative of where he wins: pure athleticism.","3 - T ECH Winfrey's grade was done no favors by him lining up at pure nose tackle more than he should have. He's a 3-4-5 technique at the NFL level, preferably in a scheme that covets penetrators/havoc creators.","CON SIST EN CY Winfrey has to play within himself better. It's not uncommon to see him beat a lineman yet end up nowhere near the play still as he's left flailing. The ""want to"" is there, but the consistency is not.","Winfrey has the tools to develop into a pass-rushing threat in the NFL, but it'll take a while to get there."
"119","Devonte Wyatt","It was a long road for Wyatt to get to where he is, but he finally put together his prodigious physical tools as a redshirt senior. He's been a healthy part of Georgia's interior rotation ever since his redshirt freshman year in 2018 but never really put it together until last fall. Like others on the Georgia line, Wyatt is likely to shine even more when given a role with more freedom, as he had at the Senior Bowl. Decatur, GA"," Explosive dude. don't often see. Can bend back to QBs. that hurt his pass-rushing efficiency.","First step is as good as it gets in the draft class. pass-rusher. All finesse at the moment. Cornering ability for a defensive tackle you he wins. So many schemed rushes to free up blitzing LBs that weight.","G ET OF F Wyatt wins with elite quickness. He not only possesses linear explosion, but he also has enough agility to make guards whiff. He does it all well over 300 pounds, which is rare to see.","V ER SA T ILE DT Wyatt's a versatile defensive tackle capable of lining up anywhere between the tackles. He's at his best when he can put that first step to good use, but his game can still fit into any scheme.","P OWER MOV E Wyatt needs to add a physical element to his pass-rushing arsenal. He's an elite athlete for the position, but he relies on that too much. He could be a bull-rush threat if he wanted to be.","Wyatt has the most all-around skill set in the defensive tackle class and can make an impact from Day 1."
"120","Christopher Allen","Allen has seen time for the Tide ever since his true freshman year in 2017. After missing 2018 with a knee injury, he returned to another part-timer role in 2019 before starting on Alabama's national championship team. He was utliized for his versatility that year, dropping into coverage on 76 snaps. While he wasn't all that productive, Allen showed he could win in a number of different ways. Baton Rouge, , LA"," Uncoachable feel for secondary moves. edge. More of a hands rusher. tackles pads.","Strings his moves together seamlessly. Little versatility vs. run. Has to be wide. Coverage versatility to play a true 3-4 OLB role. Physical rusher despite size. Wants to get in 2018 and most of 2021.",NA,NA,NA,"He's got an extensive injury history and will be limited to a 3rd down role, but he's got an innate feel for rushing the passer."
"121","Amare Barno","Barno started his career with two years at Butler Community College before transferring to Virginia Tech. After redshirting his first year with the Hokies in 2019, Barno has been a starter the past two seasons. There's not much in his production profile over that span that screams NFL starter. His most NFL translatable skill at the moment is being able to track down ball carriers in Blythewood, SC","record for defensive ends. position. speed-rushing moves are in infancy.","All-time speed for the position. Broke the 40- element to speak of in his game. Ideal height-length combination for the nothing in his repertoire to get them off. Gets a lot of run out of inside spin counter. His inside the way you'd like a speed rusher.","SP EED Barno can cover ground better than anyone in this class. Some of his best reps came when he was a walked up linebacker who got to spy and pick whatever crease he saw fit.","DP R I don't think a move off-ball will unlock any potential for the undersized edge. His role is being the speed threat in any NASCAR/3rd down package.","MU SCLE MA SS Barno's build on tape looks closer to that of an NFL receiver than an NFL defensive end. He simply can't see the field with his current play strength.","Barno's feel for the game is so far behind the curve. He's a guy you'll have to stash and hope the light switch turns on at some point."
"122","Nik Bonitto","Bonitto broke into the starting lineup as a redshirt freshman in 2019, but back then, he was far more of a true 3-4 outside linebacker who dropped into coverage as often as he rushed the passer. It wasn't until 2020 that the Sooners really started to realize what they had as a pass-rusher. When Bonitto faced lesser tackles on the schedule over the past two seasons, he simply didn't lose. Between his consistent pass-rush plans and some high-end Reddick quickness for the position, Bonitto earned the highest pass-rushing grade in the country over that span. Fort Lauderdale, FL","foot speed of tackles. what the tackle does with his moves. the speed-rusher handbook.","Twitchiness is his game. He's going to test the into blocks on a regular basis. Such a quick processor. Always playing off edge in the NFL. Impressive array of moves at his disposal. Has Becomes more essential in the NFL.","T WIT CH Twitchiness. Bonitto wins not only with a high-end get-off but also with agility and body control to be a tackle's worst nightmare in space. He's a difficult dude to mirror.","DESIG N A T ED P A SS- R U SH ER Bonitto will be at his best as a pure designated pass-rusher. He needs to be kept in space and protected in the run game. If a team has solid run defenders along the rest of its line, it can likely get away with him on early downs.","P LA Y ST R EN G T H Bonitto has to continue to pack on strength to his frame to be an every-down player in the NFL. If he can't convert his speed to power as a rusher, he won't be nearly as effective.","Bonitto is a bit of a one-trick speed-rusher, but he can still make an impact in obvious passing situations."
"123","Zachary Carter","Carter has been starting for the Gators over the past three seasons, but he's never quite had NFL-worthy tape until this past season, which is when he really started to shine as a pass-rusher. His versatility was massive for the Gators defense, as he's played 135-plus snaps lined up as a three- technique in each of the past three seasons. Realistically, in the NFL, that's where he's going to have to win with the kind of physical skillset he brings to the Keke Tampa, FL","of moves without going places. blocks with ease. fights to break free.","Plus agility for a big guy. Strong upper body allows him to separate from third steps. No speed threat. Hands don't quit. Very quick to replace and the run full-time inside.","H EA V Y H A N DS Carter wins with the shock he can create on contact. This is the same man who threw 350- pound tackle Evan Neal to the ground in 2021. He can get off blocks at an NFL level.","T WEEN ER / 3 - T ECH This is the tough part: Carter is a tweener. He's not going to impact the passer on the outside and will have issues with doubles inside. He'll have to gain a little mass and be a 3-tech in the NFL.","H A N D P LA CEMEN T With more consistent hand placement, Carter can make an impact as a pass-rusher at the next level. The good news is, we've already seen him make a big leap in that regard from 2020 to 2021.","Carter has an NFL-caliber body, but none of his traits particularly excite. That’s worrisome when he's a bit of a tweener."
"124","Michael Clemons","There are some long and winding roads to the NFL and then there's what Clemons did. He first entered Cisco Community College where he redshirted his first season...in 2015! After two years there, he transferred to Texas A&M where he played 321 snaps in 2017. A foot injury granted him a medical redshirt in 2018 before returning in 2019 as a starter. He's been starting ever since, but missed seven games the last three years with injury and another this past fall due to a Ejiofor suspension after an arrest for unlawful carrying of a weapon. Whew. Sachse, TX","shoulders, big hands, and lean muscle mass. shockwaves on contact. win the edge.","Lab-made edge build. Long-arms, broad bending the top of the pocket. Strong lower half that can sink and send Not comfortable playing in space off the edge. Advanced bull-rusher with counters off of it to Turns 25 in August.","LEN G T H / ST R EN G T H Clemons knows how to use every bit of his 6-foot-5 frame to get into opposing tackles pads and liver there. It gives him some semblance of a floor at the next leveL because it's a tried and true body type.","EA R LY DOWN EN D The problem is that ""early down end"" isn't much of a role. He can be part of a rotation, but if he's on the field in third down packages that's concerning.","F IN ISH IN G Clemons has left a lot of plays on the table over the course of his career - especially against the run. It's why his stop numbers are so uninspiring. He's missed 10 of his 47 tackle attempts the past two sesons.","Old and middlingly athletic, Clemons looks like a rotational depth piece at best."
"125","Arnold Ebiketie","Ebiketie did not take the typical path to likely top-50 pick, as he was a backup at Temple for his first two seasons before breaking out as a starter with 22 pressures in five games back in 2020. Ebiketie then transferred to Penn State, where his production against lesser competition not 1-2 only translated, but his grade also improved. He's one of the few true consistent edge winners in the draft class, which is why he dominated so many good Harris tackles on his schedule. Kensington, MD","stopping tackles from getting in his frame. approaching angles and setting up tackles. edge.","Active and powerful hands. Very good at where he wins. Consistently brings a pass-rush plan. Adept at rushing prowess. Number of ways in his repertoire to win the until his fifth year.","P A SS- R U SH P LA N Ebiketie wins with savvy and hand usage. The way he plays the edge position just looks like the way a veteran in the league plays. From that standpoint, the learning curve for him may not be too steep.","A LL- A R OU N D EDG E Ebiketie is one of the more NFL-ready edges in the class. He can start in the league tomorrow with how technically proficient he is. He better be, though, considering his age.","LIMIT ED T OOLS The team drafting Ebiketie is going to have to accept limitations. He simply doesn't have a physical trait in his arsenal that would qualify as above-average in the NFL.","Ebiketie's consistent production is hard to ignore, but he just doesn't have the tools to get NFL evaluators excited."
"126","Kingsley Enagbare","Enagbare is one of the most head- scratching evaluations in the draft class. His pass-rush win rate was one of the highest in the country over the past two years. Despite that, he rarely finishes plays and doesn't always look pretty when he is winning. He's also not the high-end athlete who usually 2-3 wins at the position, as he actually wins with length and power. All that comes together to form a unique prospect profile that doesn't have much precedent. Wise Atlanta, GA","right, he knocks down punches with ease. match or exceed most tackles he'll face. elite pass-rushing grades.","Heavy, heavy hands. When he times his swipe Some reps look like he's trying to get blocked. Ideal length for the edge. Long arms can ball carriers. Still very productive in the SEC. Two years of to his technique.","H A N DS Hands: That's quite easily his trump-card trait. Honestly, that's almost exclusively where he wins. When he times them right, there wasn't a tackle who could hang with them.","WIDE 9 Enagbare is most comfortable from a wide-9 or 3-4 OLB alignment. He doesn't play with consistent enough leverage to feel great about him over tackles or tight ends.","CON SIST EN T T ECH N IQU E Consistency. Consistency. Consistency. Enagbare almost looks like a different position player who's been asked to rush the passer sometimes.","It's encouraging Enagbare graded so well despite any sort of refinement to his game, but will that refinement ever come is the question."
"127","Aidan Hutchinson","Hutchinson has been a Wolverines starter ever since his sophomore year back in 2019. Back then, Hutchinson played more of a 3-4 defensive end type of role, as he regularly lined up inside of and over offensive tackles. After breaking his leg two games into 2020, Hutchinson returned for his senior year down Top-10 20 pounds and was ready to play outside full-time, and his draft stock took off. The Michigan edge defender turned in one of Kyle Vanden the most dominant seasons we've seen at Bosch the position and progressed even as the year went on. Dearborn, MI","frame. Dictates interactions. counters are deadly. another. He's never ""done"" as a pass-rusher.","Explosiveness and strength throughout his average for the position. Stupid-good agility for a man his size. His inside always look pretty. Sequences one move into another into senior season.","V IOLEN CE In 2021, it was anywhere he wanted. But if I had to boil it down to one area, it's his violence into contact. You just don't see offensive linemen control him.","A LL- A R OU N D EDG E He jostled between inside and outside early in his career, but after losing 20 pounds between his junior and senior seasons, he's clearly an edge. He'll be a quality starter from Day 1.","WIN N IN G T H E EDG E He could stand to add more moves to win the edge. He got a lot of play out of inside moves, but that's not as sustainable in the NFL. Right now, high-scissors to a rip is how he wins the edge.","He may not have the perceived high end of some of the top-drafted edges of recent years, but it's a safe bet that he becomes a quality starter."
"128","Drake Jackson","Up to this point, Jackson's career has been all fate — literally. On his birth certificate, Jackson's father wanted to add ""USC Outside Linebacker, 265 pounds."" He fulfilled that destiny in 2019 when he started as a true freshman and racked up pressures. After COVID left USC with only six games in 2020, Jackson had easily his best season last fall. He still didn't improve much as a run defender over the course of his Twitchier career, but for a guy who only turns 21-years Shillique old a few weeks before the draft, he should Calhoun be able to develop physically. Coronoa, CA","the hoop at an angle. take advantage of it with long-arm moves. he doesn't get locked up.","Gumby kind of edge. Very comfortable running Can end his rushes before they begin. Long-limbed, ideal edge frame. Knows how to lower-body strength to be consistent there. Slippery dude. Good at positioning himself so Only 10 run stops in 11 games.","BEN D Jackson has elite bend for an edge rusher. He can duck low under opposing tackles and avoid contact altogether. That's a necessary trait possessed by the elite at the position.","P R OJECT EDG E Jackson could become a three-down edge in pretty much any scheme. He's only 20 years old, though, and not a guy who's ready to make an impact on an NFL field tomorrow.","P OWER MOV ES There's no physical portion to Jackson's game. If he's winning a block, it's immediately on contact. There's not a lot of engaging then separating on his tape.","Jackson is young and only scratching the surface of what his tools could make him. He needs to go somewhere willing to spend a pick while developing him."
"129","Jermaine Johnson","Johnson spent two years at Independence Community College before spending two seasons in a rotational role at Georgia. Still slated to not even see the field full-time for the Bulldogs in 2021, Johnson transferred to Florida State, where he played the 10th most snaps of any edge in the country. He was an exceedingly consistent force for the Seminoles, racking up multiple pressures in every single game he played in 2021. Hall Eden Prairie, MN","under tackles despite being 6-foot-5. game. year.","Tremendous bend for a man his size. Gets threaten with speed. Stout lower half. Sets a hard edge in the run make many linemen miss altogether. Iron man. Averaged 61 snaps a game last player at Georgia prior to 2021.","LEV ER A G E Johnson wins with length and leverage. He is the best pure edge-setter in the run game in the class. As a pass-rusher, he already has a number of moves, including a deadly Euro-step hesitation to the outside.","EDG E SET T ER Johnson is a three-down defensive end who profiles best in the run game. Put him one on one with tight ends, and he'll shut down his side of the line.","A CT IV E H A N DS Johnson could stand to get more active with his hands. If he doesn't win cleanly on contact, it takes him a while to separate from offensive tackles.","Johnson has very easy NFL-projectable tools. It's just the high end that's lacking on tape."
"130","George Karlaftis","A native of Greece, Karlaftis moved to America at age 13. A renaissance man of sorts, Karlaftis was even a member of the Greek youth national water polo team growing up. At Purdue, he hit the ground running with 55 pressures as a true freshman in 2019. His 843 snaps that season were the sixth-most of any defensive lineman in the country. After a COVID-shortened 2020, Karlaftis made the leap to dominance this past fall Upshaw West Lafayette, IN","his lower half. line up inside full-time. thump to him.","Devastating bull-rush. So much power through rusher despite weighing 275 pounds. Versatility is a massive plus. He can legitimately ideal for a bull-rusher. Bowling-ball type frame. He has some serious be sluggish to shake hands off him.","MEN T A LIT Y Karlaftis wins by bringing it snap after snap. He doesn't have to come off the field, he can line up anywhere along the defensive line and he can still consistently make an impact.","V ER SA T ILE EDG E Karlaftis can win from anywhere, but he's likely best in a 3-4 defensive end (or similar) role. You want him getting on linemen right at the snap.","G O- T O MOV ES Karlaftis could stand to simplify his pass-rushing plans when he gets to the NFL. This is a guy who can forklift anyone, but he tries to throw the kitchen sink at you as a pass-rusher.","Karlaftis' power is such an easy projection to the NFL. You don't see a lot of true juniors with lower-body strength like his."
"131","Outside Tkl","Leal has been starting ever since his freshman year in 2019 and set a high bar as a sophomore, when he was one of the highest-graded second-year defensive linemen in the country. He failed to live up to those expectations as a junior, though, posting some very non-descript outings. The worrisome part was how out of place he looked when asked to play on the inside more. At 283 pounds, that's likely where he's More going to have to spend time in the NFL. Explosive Jihad Ward Converse, TX","depth, even at that size. an all-around athlete. Mixes in a mean spin.","Terrific get-off for a 290-pounder. Tests tackles' win the edge, nor the heft for the interior. Very natural mover for a man his size. Clearly hold up to double-teams. Number of pass-rushing moves at his disposal. the same juice.","MOV EMEN T SKILLS The fact Leal is even capable of mainly playing edge at 290 pounds should tell you the kind of movement skills he has for a man his size. Combine that with some heavy hands, and that's where he wins.","3 - T ECH / BA SE EN D Ideally, he's a 3-technique at the next level. That's where his body type and athletic tools profile best. It also wasn't his primary position at Texas A&M, making him a murky projection.","MOT OR Leal's get-off and approach into contact are so inconsistent. When he wants to fire off the line he can, but too often he's popping up high and moved backward on contact.","Leal has top-10 tools and mid-round tape. That's a tough combination to square."
"132","Boye Mafe","Mafe has been seeing the field ever since his redshirt freshman year in 2018, but only as a rush-down player. That was all he'd be for three seasons before finally locking down a starting role this past fall. He didn't disappoint by maintaining that efficiency he enjoyed as a part-timer. Mafe then went to the Senior Bowl and confirmed what we saw on tape with the highest pass-rushing grade of any edge in attendance. Stronger Hopkins, MN"," Twitched up as can be. ease when he lands him moves. fat on him.","As explosive a 261-pounder as you'll see. on contact, he's rarely making play. Pop in his hands. Takes away punches with ground than he should. Rocked up frame. 261 pounds and not a lot of his redshirt senior season.","G ET OF F Mafe wins by getting into tackles quicker and with more explosiveness than they can handle. Not only in his lower body, but in his hands too.","WIDE 9 Mafe needs that head of steam to work his move set. Give him a runway and it's scary hours for opposing tackles.","A G G R ESSION IN R U N G A ME Watching cutups of Mafe play the run then cutups of him rushing the passer and you'd swear it's two different players. The comfort level and play speed is completely different.","Mafe oozes the tools that win around the edge, but is rough around the edge. That's worrisome for someone who'll turn 24 as a rookie."
"133","Outside Tkl","Malone saw time as a true freshman in obvious passing situations before become a full-timer as a sophomore in 2018. He's been starting ever since as Malone took advantage of COVID eligibility to be a super senior this past fall. The odd thing is, despite all that playing time Malone has largely graded the same every year. He's still an undersized speed rusher who relies on that athletic advantage. Ellenwood, GA","3,283 career snaps to his name. and respecting the inside move. the Senior Bowl despite being under 240.","As experienced a prospect as you'll ever see. pass-rusher in NFL. Stop-start ability that will keep tackles honest that's been doing it as long as he has. Flashed numerous impressive bull-rush reps at consistently knock away a tackle's punch.","QU ICKS Malone is pretty much exactly what you'd picture when you hear ""240 pound edge-rusher."" He can force tackles up-field then duck back inside in a blink.","DP R Malone is your third-down speed guy. At his size it would be a minor miracle to turn into more.","H A N DS This is two-fold because he not only needs more moves, but he needs to fire his moves off with more ferocity.","If you are a team that loves to run games at all or needs some speed in their third-down packages, this is your guy."
"134","David Ojabo","Ojabo was born in Nigeria, grew up in Scotland, and moved to the United States at age 17. He started playing football less than five years ago, which is why his learning curve was so drastic this past fall. He played only 26 snaps his first two years for the Wolverines and is now a likely first- 2-3 rounder. He's still a work in progress in the run game and was left mostly on the sideline against Georgia for that very reason last year. Jordan Blairstown, NJ","explosiveness and bend are all there. plan on the fly. Doesn't just predetermine moves. grew up playing soccer in Scotland.","Super traits-y edge rusher. Length, Didn't even play run downs against Georgia. He already knows how to adjust his pass-rush is a lag time in his move sequencing. Played football for less than five years — he rush to his game.","A T H LET ICISM Ojabo wins with twitchiness throughout his frame. He can fire off the line and work his pass- rushing moves with the kind of suddenness opposing tackles hate. He has a surprising number of moves for a guy who hasn't played a ton of ball.","DP R / P R OJECT EDG E Ojabo is a designated pass-rusher from the rip. With only 560 career snaps to his name, he just needs to play more football before you throw him in as a starter. He's your 3-4 OLB/weakside end in time.","P H Y SICA LIT Y Ojabo has to buy into physicality at the position. He has the tools to be a bull-rusher and set an edge in the run game, but it's currently rare to see him do either.","Ojabo is the equivalent of an NBA lottery pick with impressive traits but also minimal experience. The torn Achilles throws a wrench into that."
"135","Josh Paschal","Paschal showed up a 17-year old freshman in 2017 and was good enough to see the field for 336 snaps and earn a 65.7 overall grade that season. He was poised for a bigger role as a sophomore before a malignant melanoma was found in his foot causing him to miss the majority of the season after surgery. He returned to be a key contributor the next couple seasons before becoming a problem in 2021. He's Poor Man’s Mr. Do-It-All for Kentucky's defensive line Brandon and it's incredible he produced as well as Graham he did considering all he the assignments he was asked to fill. Olney, MD","tackles fits. Leverage demon. Violent. season. Had to execute scheme first. something at his size.","Compact build that has traditional given pocket on speed rushes. Lined up in quite literally every alignment last counters off his bull-rush. One of the better first steps in the class. Saying Number of reps that end on the ground","LEV ER A G E Paschal is a distinctly different kind of rusher than you usually see. Built low to the earth, but with a lot of juice behind him. He gets under your pads and walks you back","EDG E/ IN SIDE ON 3 R D DOWN S He won't play all over on base downs in the NFL like he did at Kentucky. He's an early down edge guy - preferably a wide-9 - who can be a 3-tech in pass-rushing situations.","WIN N IN G T H E EDG E Paschal has to develop some counters off his bull-rush to get to the edge or else tackles will sit on it anytime he's lined up outside. Right now he really doesn't have one.","Paschal has bull-rush weapon written all over him. His versatility should be coveted in any scheme."
"136","Myjai Sanders","Sanders surprised many by returning to school for his senior season last fall, as he was already a two-year starter who was coming off an elite pass-rushing grade with prototypical edge tools. Bearcats fans are glad he did, though, as he was instrumental in their storybook run to the College Football Playoffs. Even in the Alabama game, Sanders showed up in a big way with pressures. The one thing Bearcats fans weren't glad about, however, was his Banogu penalties. Sanders drew a ridiculous 20 flags over the past two seasons, which were mostly offsides. Jacksonville, FL"," NFL-caliber get-off. 25% of his tackles the past two years. into first strike.","Some of the best linear explosion in the class. easily. Ideal length for the edge. Very lanky frame. Explodes into contact. Puts everything he has don't look natural.","EX P LOSIV EN ESS Sanders wins with pure explosiveness. His get-off combined with his length is enough to make an impact at the NFL level. Add to that his physical play style, and you can see why there's a lot to like.","P R OJECT EDG E Sanders is a pure edge. His speed can be used as a weapon on stunts and slants from Day 1, depending on the scheme. With a little refinement in his bull rush, he can start to be a pocket pusher.","BA LA N CE Sanders' balance issues aren't necessarily something that can be fixed overnight. Whatever it takes to fix, though, needs to be done because he can't end up on the ground that much in the NFL.","Sanders' lack of dominance against lesser competition is tough to get over — especially considering he's a senior."
"137","Kayvon Thibodeaux","Thibodeaux has been billed as the next big thing ever since his 10-sack true freshman campaign in 2019. Three years later that expected dominance never quite came to fruition on a full-time basis. Thibodeaux still showed the ability to take over games at times, though. This past fall, Top-10 27 of his 48 pressures came in three games against Cal, UCLA, and Oregon State. Some of that obviously is due to how teams Rawer game-planned against him, but he also Myles displayed a limited amount of moves at his Garrett disposal on tape. Thousand Oaks, CA","are usually 20 pounds lighter. Broad shoulders and ideal length. cornering.","Unreal first step. Players who get off that fast there's not even a move to speak of. His frame is made to play edge in the NFL. sight of ball carriers in run game. Flexible and bendy around the edge. Plus inconsistent.","T R A IT S Thibodeaux wins with the classic pass-rushing trinity of explosiveness, length and bend. There's no one better in that regard in the draft class — and not too many better in the NFL.","A LL- A R OU N D EDG E He's a Day 1 starting edge. Thibodeaux is at his best from a wide alignment, but a team can put him head up over a tight end or on the outside shoulder of a tackle if it wants.","P A SS- R U SH P LA N Pass-rushing moves. Even his bull rush and go-to rip could use some work. Yet, he doesn't need too many moves thanks to his physical skill set.","It may not be in Year 1 or Year 2, but Thibodeaux has perennial All-Pro physical ability."
"138","Cameron Thomas","Thomas has not only been starting since his redshirt freshman year in 2019, but he's also graded out extremely well. This past fall, he took his game to another level, stuffing the stat sheets weekly. He's an interesting projection because he has edge size but split time evenly between inside and outside. Not only that, but he also graded out better on the interior (86.3 vs. 80.0 last year). Unfortunately, we didn't get to see him at the Senior Bowl or Combine Nassib because of a hamstring injury. Carlsbad, CA","for guards on the interior. line for San Diego State. 16 total pressures vs. Arizona and Utah.","Very twitchy for a 270-pounder. Far too quick in the NFL. Lined up literally everywhere on the defensive Slimmer lower half. Still owned two Power Five schools on schedule: on run downs.","A G ILIT Y Thomas's high-swipe and swim moves are gorgeous. He has a plus first step for his size but plus- plus agility. He can make you miss in a phone booth.","3 - 4 DE Thomas has ideal two-gapping, 3-4 defensive end traits. He's not a guy who can line up consistently inside but will be your interior rusher on third downs.","LEG ST R EN G T H Adding strength to his lower half would go a long way. He's got the body type to be a hard- edge setter and pocket-collapser, but that's not his game at the moment.","Thomas is no product of his competition level. He's got a unique skill set for an edge prospect."
"139","Isaiah Thomas","It took until Thomas' redshirt junior season in 2020 to actually get a role in the Oklahoma defense, but his arrival was worth the wait. He racked up 46 pressures in a breakout year including 10 sacks. He was a bit of a surprise to return to the Sooners in 2021 and may very well have hurt his draft stock in doing so. A DWI arrest got him suspended for the Sooners season opener and Thomas would stumble to an inconsistent season. To cap it of, he didn't Jackson do much of note the week of practice at the Senior Bowl. Tulsa, OK","off the ball. move set of a power player. two seasons. 53.2% inside tackles","Thick framed defensive tackle that can still get overcome. Can't play through contact. Knows who he is and already has pass-rushing pressures in half his games last year. Split snaps between inside and outside the past","V ER SA T ILIT Y The fact that Thomas spent more time head up or inside tackles than outside them should tell you what kind of game he brings to the table. He'll likely need to add around 5-10 more pounds to continue to do so in the NFL, though.","BA SE EN D In a different era, Thomas could have been a 3-4 defensive end. Now he's your strong side end that can take on tight ends with ease.","MOT OR While most of his ""cons"" are physical, it would inspire more confidence in his projection if he brought the energy every snap. He's just to content sitting on offensive linemen on his tape even though he didn't have a massive workload.","Thomas can stick in a defense that will covet his versatility to plug holes they need in a rotational role."
"140","Travon Walker","Walker has had a very quiet ascent to potential top-10 pick, as he was a rotational player over his first two years on campus before locking down a starting spot last fall. However, that starting spot wasn't a particularly glamorous position, as Walker had to be the run-first base end who often played inside the tackles. It's a big part of the reason why his pass-rushing advanced metrics are so unimpressive. What will he look like in the NFL when given carte Gary blanche to get to the quarterback? Thomaston, GA","present a lot of problems for opposing tackles. 275-pounder. coverage 26 times in 2021.","Long-limbed, jumbo edge frame that can moves, and they aren't too effective. Elite linear athlete. His top speed is rare for a edge winner. His versatility allowed Georgia to drop him into asked to play more snaps down stretch.","P OWER He wins by simply bringing too much force to the table. He can get his 275-pound frame moving in a hurry and then use his long arms to get to his opposition first.","BU LL- R U SH ER While he has a versatile body type, Walker is an edge player in the NFL. Give him a head of steam into tackles on a regular basis, and he'll be tough to block.","P A SS- R U SH MOV ES A lot. That's what makes him so intriguing. His hand placement, pass-rushing moves and down- to-down consistency should all improve dramatically in the coming years.","Walker is a size-speed project. It won't take too much technical development for him to make an impact in the NFL."
"141","Sam Williams","Williams spent two years at Northeast Mississippi Community College before three years at Ole Miss meaning he'll be a 23-year old rookie. He's improved considerably every single year as a pass-rusher culminating in a 2021 season where he registered 4+ pressures in 11 of his 13 games. Combine that with some serious physical tools and you have an intriguing edge Montgomery, AL","chase down ball carriers in the flat. including a cheeky ghost move. (91.2 vs. everyone else)","One heck of a linear athlete with speed to Doesn't have the sand in his pants. A number of moves to win the edge already First step that opens up doors on tackles","SP EED Williams can get off the line. He can get down the line. And he can track down bounce outs. He's not the most polished, but his speed can make an impact in the NFL regardless.","EDG E While Ole Miss had him as a 3-5 tech at times, Williams was not nearly as productive there as he was on the edge (65.3 pass-rushing grade vs. 90.7)","P A SS- R U SH P LA N Williams got handled for the most part by tackles that could match his speed because the timing of his moves and pass-rush plan still need work. All too often it looked like he was predetermining moves rather than reacting.","Williams physical tools are intriguing, but the tape shows inconsistencies that would limit him to 3rd downs early on in his career."
"142","Troy Andersen","This one might get long. Andersen played running back as a freshman in 2017. Quarterback in 2018. Running back and linebacker in 2019. Then he would have missed 2020's cancelled season with a knee injury anyways. Came back to play linebacker full-time in 2021, where he was an unmitigated problem for opposing offenses. The kind of versatile athlete we are dealing with here is incredible. And the fact he's only just now focusing on linebacker Shazier makes his production all the more amazing. Dillon, MT"," GPS of any LB at the Senior Bowl. Built in a lab. past. Only played linebacker for 3 years.","Elite standstill burst. Fastest acceleration on the his tracks at times behind play Tailor made linebacker build and athleticism. catch him off guard. Has played quarterback and running back in cede ground on contact.","T WIT CH Agility, burst, and speed - Andersen has the best combo of the three at the linebacker position in the draft class. That's a great starting point for a linebacker.","WLB- MLB Just give Andersen an unfettered path to the football and good things will happen. In coverage, you can even toss him over the slot if you want.","BLOCK DEST R U CT ION Andersen has the capability, but not the consistency in this regard yet. Putting this tool in his tool box would give Andersen All-Pro kind of potential in the NFL.","The ultimate ""what could he become?"" linebacker prospect in this class. He's the space linebacker you want to develop."
"143","Brian Asamoah","The difference between Asamoah's redshirt sophomore tape in 2020 and what he did this past year is one of the biggest proverbial light-switch flips of any linebacker in the class. You saw his natural sideline-to- sideline speed take over and allow him to make far more plays on ball carriers. He was also far more under control, which chopped his missed tackle rate in half. We'd like to see more plays on the ball in coverage, but it can be a rough life for a linebacker in the Long Big 12. Columbus, OH","wide runs was easy money for him. fear. fluid changing directions in space.","Serious range. Tracking down running backs on when taking on blocks too easily. Violent tackler. Attacks ball carriers with no leads to him not being square to the line. Was far more under control in 2021. He is so etc.) from opposing offenses.","COV ER IN G G R OU N D Asamoah is a pure space player. He's such a smooth and explosive mover for the position who can match/mirror the athletic playmakers in the league.","WEA KSIDE LB Asamoah has to be protected as a weakside linebacker or dime safety. Give him a free run to the ball, and you're in business.","EY ES Asamoah's eyes still need to improve. He's so quick to rev it up to 100 m.p.h. that he takes himself well out of position too when he's wrong.","If you want a rangey WILL in this class, Asamoah is your man. He'll be limited in ways at his size, but he can do things in coverage others can't."
"144","Darrian Beavers","Beavers started his career off at Connecticut where he spent two seasons as an edge rusher before transferring to Cincinnati where he moved off-ball. That pass-rushing background still showed as a blitzer which he did a ton of in 2021. Beavers' main impact was felt in the run game, though where he racked up stop after stop. The worry is that there were a ton he left out there with 17 missed tackles last season. A downhill player with a pass- Ragland rushing background won't be for everyone, but he'll be coveted by certain schemes. Cincinnati, OH","position. him a number of ways to beat blocks. class. Lowers a boom downhill.","Long frame with ideal musculature for the up speed with average top speed. Loose athlete that can sink into contact. Gives outrun at times. One of the best stack-shed linebacker in the suggest. 16.5% career miss rate.","SH EDDIN G BLOCKS If you routinely leave guards uncovered in your defense, you're high on Beavers. If you don't, you're not. His ability to work off blocks and still make plays is why you'd draft him.","SLB- MLB He's a two-down kind of player that can get by on third-downs in a blitz-heavy scheme. He's just good enough in coverage where he won't be a liability.","T A CKLIN G Beavers is all too often quick to leave his feet as a tackler and gets left biting at ankles. Some of that is he doesn't have the burst to close in tight spaces, but other times it's just lackadaisical.","Beavers can start in the league, but for someone who doesn't profile as a plus coverage player I'm not sure how high that should be."
"145","Terrel Bernard","After redshirting in 2017, Bernard gained a part-time role in 2018 before a starting job in 2019. Were it not for injury issues in 2020, Bernard may have declared after that season. He returned to be a leader of the Baylor defense and create havoc alongside Jalen Pitre. They are very similarly skilled players with Bernard possessing better size and Pitre better athleticism. Even at only 220 pounds, Bernard was a true middle linebacker that wasn't protected from Freeman blocks whatsoever. La Porte, TX","know how small he is. get caught out of position. adept at playing off the side of blocks. snaps.","Fearless playing in the box. Plays like he doesn't today's standards. High-IQ player trusted to play downhill and not alleviated at his size. 14.8% career miss rate. Tremendous balance through contact. Very combined picks and PBUs on 984 coverage","P R OCESSIN G SP EED Bernard plays the position fast.","SU B- P A CKA G E LB Nickel backer or dime backer - whatever you want to call it - Bernard can be that in your defense. With his instincts and quicks he can still play the run when the offense shows light fronts.","COV ER A G E R ECOG N IT ION The one thing missing from his game that could make him a true weapon in sub-packages in anticipatory breaks in coverage. With how coaches rave about him, I'd bet on him improving here.","Bernard is a safe bet to bridge the gap between safety and linebacker at the next level if your defense utilizes such a role."
"146","Leo Chenal","Wisconsin's scheme has turned a myriad of middlingly athletic linebackers into productive college players in the Jim Leonhard era. Chenal is not that -- he's a freakishly explosive 250-pounder who just earned the third-highest run-defense grade we've ever given to an off-ball linebacker. 1-2 Considering No. 1 and 2 No. are Reuben Foster and Micah Parsons, respectively, that's some pretty good company. He broke into the starting lineup as a Scott sophomore in 2020, where he flashed as a blitzer, but he took his game to another level entirely this past season. Grantsburg, WI","go backward when he makes contact. pounds easily. linebacker. Can mirror a running back in space.","The best take-on linebacker in the country. OL little more than follow the opposing QB's eyes. Unique size for the position. Holds 250-plus to get going at his size. Light on his feet laterally for a bigger considerable freedom in the run game.","P OWER Chenal is a thumper. He wins by working off blocks to ball carriers. When he gets there, he's not going to be missing a lot of tackles.","DOWN H ILL MLB You want Chenal working downhill as much as possible. A scheme utilizes him in a 50-50 split as blitzer and coverage player would be ideal, similar to Micah Parsons' off-ball usage for the Cowboys.","R OU T E R ECOG N IT ION Route recognition in coverage has to improve. He managed one interception and one pass breakup in his entire career because he's too often a tick late to read and react.","Chenal has a unique skill set that won't be for every scheme. Those that covet a brick wall coming downhill won't find a better option in the class."
"147","Damone Clark","Clark first garnered a role as a part-time player his redshirt freshman year on LSU's 2019 national championship squad. He took over as a starter in 2020, but inconsistent play led to him being benched down the stretch. Clark returned ready to prove people wrong in 2021 with a much improved down-to-down demeanor. He saw his total defensive stops triple from the year prior. Sadly, Clark was flagged with a herniated disc at the Combine and Harris underwent spinal fusion surgery that will keep him sidelined through his rookie year. Baton Rouge, LA","running backs in his sleep. mirror every cut from ball carriers. general.","Long, rangey linebacker that can bring down his rookie season. Balance working downhill is excellent. Can and ways he can beat blocks. Pre-Snap diagnoses all over his tape. Field forest focusing on the tree.","SIDELIN E- T O- SIDELIN E Clark can really crank it up hot at full-speed. Some plays on tape look like a cheetah chasing down a gazelle. His tackling ability on the move is some of the best in the class.","A LL- A R OU N D LB Clark doesn't possess much in the way of physical limitations. He's got the kind of ability to fill any linebacker role you could ask.","EY ES Clark will get manipulated out his shoes by creative NFL offenses. He's locks into stimuli for too long and then struggles to reasses what his assignment should be.","He'd be a day 2 pick if fully healhty, but his spinal surgery puts his career in jeopardy."
"148","Nakobe Dean","The Georgia staff thought so highly of Dean as a sophomore in 2020 that he took the starting job from 2021 third-rounder Monty Rice. Dean is a cerebral linebacker and held everything together for the all- timer that was Georgia's defense in 2021. His ability to not only get home with ease as a blitzer but also completely shut down any sort of underneath passing game kept long drives to a minimum. The biggest question is what his game will look like in the league as Bush a player who's well undersized for the Horn Lake, MS","as the fastest, but he'll play as the fastest. move can be deadly. screens and misdirection with ease.","Dean plays like a mad dog. He might not test barely 6-foot and has limited length. Can play through blocks even at his size. His rip defensive line in the country. He sees the game at a high level. He sniffs out size. He will get beaten in the NFL.","MOV EMEN T SKILLS Dean is like a running back flipped to the defensive side of the ball. He sees where plays are going and can run with the best of them in space.","WEA KSIDE LB He's probably better suited for a weakside role, but I'm not sure it matters with the way he plays the game. You're definitely going to want to take advantage of what he can do as a blitzer, though.","A N SWER S F OR BLOCKS Dean tends to come in high to ball carriers in space, which means he often overruns plays or gets thrown off.","Dean may not be everyone's cup of tea from a size perspective, but there's a lot of tape that suggests he can overcome that in the NFL."
"149",NA,"Domann started his career off at safety for the Cornhuskers. He played special teams as a freshman before missing all of 2017 with a knee injury. It wasn't until 2019 that he garnered a starting role and by then he had transitioned from safety to overhang player (basically slot corner). He saw his coverage grade improve every single year of his career there. The grades he put up in that kind of role at 230 pounds were some of the best we saw in college football. Cashman Colorado Springs, CA","with ease. is a massive plus. desired physicality.","Reason he played slot. Glides around the field player in Nebraska's defense. Great feel in zone coverage. Route-recognition concerns about him taking on blocks. Comes into blocks on screens/wide runs with","BA LA N CE Few linebackers in the class look as comfortable eliminating space to receivers as Domann does. With smooth hips and tons of experience, he can be a value-add in coverage.","SU B- P A CKA G E LB It's just going to be difficult for him to hold up between the tackles in the NFL. His best bet may be to lose weight to continue playing slot full-time.","BOX EX P ER IEN CE Chalk this up as a big question mark. Can he take on NFL offensive linemen? Can he diagnoses run fits in tight quarters? We just don't know.","Between position, age, and frame concerns, Domann comes with red flags. He's still a darn good player on tape, though, that can be a special teamer at worst."
"150","Christian Harris","Harris is yet another Alabama standout who has been starting since his true freshman year. However, that 2019 season was as good as we saw from him from a grading perspective. He never quite developed as a coverage player despite possessing the ideal traits to do so. He allowed a 111.0 passer rating in coverage over his three years in Tuscaloosa. That's not to say he never will develop, but a scheme that gives him simplistic reads would be Kirksey Baton Rouge, LA","capable of executing any role. into taking on blocks/making tackles. defense. Asked to do a lot of things.","No physical limitations to his game. Body type quarterback without seeing play develop. Explodes into contact. Puts everything he has On the ground too much. Played versatile, pro-style role in Alabama's grades declined each following season.","T ON E- SET T IN G Harris wins by wearing a lot of hats. He's capable of winning one on one as a blitzer but also by dropping over the deep middle. He does all of it with a tone-setting mentality.","A LL- A R OU N D LB Harris is going to be coveted not for a certain role, but because he can fill any role. His skill set will allow him to be a scheme-diverse, do-it-all linebacker.","A WA R EN ESS Harris' general awareness has to improve. Some of that can come with reps and scheme mastery, but it's worrisome that we didn't see him take a major step forward there in his third year at Alabama.","There's not much about the linebacker position Harris can't do, but there also wasn't much he did at a high level for Alabama."
"151",NA,"Jackson first saw real time as a redshirt sophomore in 2019 where he made a name for himself as a run defender for the Mountaineers. He didn't earn his full-time role, however, until 2020 where he showed out as an all-around linebacker with two picks and six pass-breakups. The coaching 7-UDFA staff must have liked what they saw from him as a blitzer that season because he got deployed in that role more times in than he had his entire collegiate career Taylor and racked up five sacks, 11 hits, and Spartanburg, SC","blocks and wrapping up ball carriers. often in the run game. position over the course of his career.","Squatty yet still long frame. Ideal for taking on adjusting. Explosive when he wants to be. See it most his approach in space. Productive in all three phases of the linebacker",NA,NA,NA,"Jackson doesn't possess the fluidity in coverage to get you excited about 3-down potential, but his speed and ""want to"" are ideal for a special teams role."
"152",NA,"Lloyd came to Utah as a safety before bulking up to play linebacker, where he's been a starter since 2019. He's got the kind of long-lean build everyone wants at the position in the NFL nowadays, and he uses it to take on blocks and close passing windows. If there were an award for the most well-rounded linebacker in this class, it would go to Lloyd, who graded out well in every possible facet last season. Chula Visa, CA","direction and balance. His stacking and shedding is a plus. to be reckless against run fakes.","He's built to play in space with his change of led to a 12.5% career miss rate. His long frame helps him keep linemen at bay. leading to low-effort reps. Knows when to take chances. He isn't the guy goes high in the draft.","N O H OLES Lloyd wins by having answers for everything. He can beat you to the spot with speed, stack with power or shed with technique. He brings an all-around skill set to the table.","A LL- A R OU N D LB This is your modern middle linebacker. He's the guy who you will never have to take off the field on passing downs and can execute whatever role you want him to between the tackles.","T A CKLIN G There's very few holes in Lloyd's game. Most ""negatives"" for him are just that ""he's not exceptional at it like he is at other stuff."" The biggest negative comes as a tackler since he possesses the tools to be a good one.","Lloyd is the most complete linebacker in the class. You can chase higher- end traits, but he is a safe bet to be an impact starter for years to come."
"153","Micah Mcfadden","McFadden saw 121 snaps as a true freshman before taking over as a full-time starting linebacker as a sophomore in 2019. Indiana coach Tom Allen could tell early on he had a unique talent in McFadden that fit their blitz heavy defense. McFadden earned an 81.9 pass-rushing grade that season and has only seen it go up in the two subsequent years. In 2021, his 92.0 pass- rushing grade led the entire country for the off-ball linebacker position. Roberts Tampa, FL","linebacker. No finesse to his game. Most experienced in the class. beat blockers to the spot.","Seeks out contact. A true stack-shed Not the guy you want matching the slot. Can win a number of different ways as a blitzer. plays left just outside his reach. Quick to key screens with enough speed to tougher to separate off blocks in the NFL.",NA,NA,NA,"Any blitz heavy scheme should have McFadden high on their board. If not, there are likely better options elsewhere."
"154","Chad Muma","Muma has been a tackling machine for the Cowboys over the past couple of seasons. Over that span, he has averaged 11.2 tackles and just over five defensive stops per game. Those are silly numbers, regardless of competition. It's not as though Muma is your average small-school 2-3 linebacker who can only play in a phonebooth, either -- he's got the kind of range and explosiveness at 240 pounds that you don't often see. Okereke Parker, CO","cover ground in a hurry. 8% career missed tackle rate. scrimmage and not over running plays.","High-cut galloping LB in the open field. Can Power Five team in 2021. Tackling machine with a nose for the ball. Only carriers can take him backward. Exceptional at staying square to the line of down by them regularly.","IN ST IN CT S Muma's combination of plus instincts, plus size and plus athleticism is where he wins. That's a good starting point for an NFL linebacker.","A LL- A R OU N D LB Muma is a three-down linebacker who can fill whatever role a team wants. He may not be the guy you want taking on a fullback in the hole, but he's not a liability in that regard either.","P H Y SICA LIT Y You wouldn't guess Muma is 242 pounds based only on his tape. Even against the Mountain West, he didn't manhandle his opposition. He has to develop that physical aspect to his game.","Muma may face a steep transition with the competition level jump, but he'll be a starter in time."
"155","Malcolm Rodriguez","After four years as a starter, Rodriguez had his name legitimately in the conversation for best off-ball linebacker in college football in 2021. That's how impactful he was on a down to down basis. Any and all concerns with him come with how he'll project physically because the way he plays the xx game is already at veteran NFL levels. He finished third in the FBS with 66 defensive stops and set career-highs with 26 pressures Poor Man’s and three forced fumbles. He was the life- Mychal blood of the Cowboys defensive Kendricks Wagoner, OK"," Power-5 LBs. hot and doesn't give you a strike zone. Low center of gravity.","Nose for the ball and then some. 66 stops led all shortest arms of any LB in the NFL. Ball of fury when attacking blocks. Comes in a 12.4% career miss rate. Balance is fantastic playing through contact. clue how he'll match up with TE in the NFL.",NA,NA,NA,"Rodriguez will not be everyone's cup of tea at his size, but he's got the kind of juice to make up for it."
"156","Mike Rose","Rose has been the defensive crown jewell of the Matt Campbell era. A long, versatile, and productive four-year starter. Rose didn't have much of a learning curve as a true freshman in 2018 when he earned a 77.1 overall grade. Back then he was a true between the tackles linebacker, but has since been deployed all over the Cyclones front. He's got the kind of frame and athleticism you traditionally see rushing the passer, but he hardly looks out of place off Starr the ball either. Broadview Heights, OH","edge. area quicks. toe-to-toe with wide receivers.","Horse of an off-ball linebacker. Built like an around blocks. Light on his feet for a man his size. Great short- Trusted enough to kick out into the slot and go career missed tackle rate.",NA,NA,NA,"Rose has the versatile body type to wear a number of different hats in a defense. That will be coveted in certain schemes."
"157","Jack Sanborn","Sanborn has been starting ever since his sophomore year in 2019. After flashing some playmaking ability in coverage that year with three picks and three pass-breakups, Sanborn never quite became a weapon in that regard. He capped out physically and never quite developed NFL-caliber range. As such, he got deployed more as a blitzer as his career went on where he showed off his knack for playing around blocks. In a linebacker friendly scheme, though, playing Angerer through blocks in the run game is something he's rarely asked to do. Lake Zurich, IL","out of control. to send a message. locate.","Plays every snap at full speed without looking today's NFL. Fills vs. the run with reckless abandon. Comes in career miss rate. Agile and flexible. Difficult for blockers to see from an off-ball linebacker.",NA,NA,NA,"Sanborn can be a spot starter, but will stick on a roster via special teams."
"158","Nephi Sewell","If the last name sounds familiar, it's because Nephi is the older brother of the behomoth right tackle that plays for the Detroit Lions. Nephi did not get near his brother's frame, unfortunately. Even still, Nephi was a productive player for two years at Nevada before transferring in 2019. After only plyaing three games that year, Sewell has been a starter alongside Devin Lloyd the past two seasons where he continued to produce in the run game. The NFL Hilliard couldn't care less about production, though, if it doesn't come with the requisite physical tools. Saint George, UT","blocks as he needs to and still make plays. Plays bigger than listed size. passes through assignments in coverage.","Agility and body control to contour around for a lot of roles. Carries majority of his weight in his lower half. over career despite no form concerns. High football IQ. Shows with how quickly he ride at the second-level.",NA,NA,NA,"Undersized and middlingly athletic, Sewell won't be a shoe-in for a roster spot."
"159","Brandon Smith","Smith first started for the Nittany Lions as a sophomore in 2020 when he played the overhang/slot role in the defense. He then transitioned to a more traditional linebacker role this past season, where his athletic tools shined. He's got a massive wingspan and easy movement skills for a 240-plus-pound linebacker. Unfortunately, he has an out-of- control playstyle, and you see that as a tackler, where he's missed over 13% of his attempts every year of his career. He's a Pratt project, but having turned just 21 in April, you can expect some development. Mineral, VA","well proportioned. hurry. Effortless mover. see from a player at 240-plus pounds.","Ideal frame for off-ball linebacker. Long and break down more consistently. Long strider who can range to the flats in a play up to his size. Played the overhang/slot role in 2020. Rare to get locked up too much.","F LU IDIT Y Not a lot of 240-pounders glide across the field as smoothly as Smith. He can run with tight ends or running backs in man coverage with ease. Those are skills you can't teach.","A LL- A R OU N D LB Smith would benefit from a simplistic scheme that allows him to play fast. Despite his size, he's not a plug-and-play versus the run just yet. He could start as a dime linebacker and grow into a three-down role.","P R OCESSIN G SP EED Smith has to up his processing speed and develop more block destruction techniques. It's understandable given his position switch, but he will need to improve there.","There's so much to like about Smith the athlete, but his play style rarely allows those traits to shine."
"160","Channing Tindall","Tindall is among the fastest linebackers you'll see on tape at the collegiate level. I don't want to hear 40 times -- go and watch him close to ball carriers in the flat, and you'll see what I'm talking about. He has a special ability to close to ball carriers. That being said, there's a reason he never started for Georgia and couldn't even carve out a role until his senior year. He's still a loaded gun that fires haphazardly and Daryl can easily be taken out of position. Washington Columbia, SC","him to the sideline. through ball carriers. uncoachable ferocity.","Elite speed for a linebacker. Not going to beat borderline lost and running at full speed. Comes in with bad intentions as a tackler. Runs year to even see notable playing time. Violent blitzer. Takes on running backs with much heft to stack a lineman.","N OSE F OR T H E BA LL Tindall wins hunting down ball carriers. He runs like the terminator, seemingly picking up speed with each step. He is the kind of player who can set a physical tone for a defense.","BLIT Z - H EA V Y LB Georgia's scheme really played to Tindall's strengths, allowing him to blitz on about one-third of pass plays and having him spy on a good number more. He's a weakside linebacker in a blitz- heavy defense.","Z ON E F EEL Tindall needs to improve his feel in zone coverage. He's a pure pursuit player at the moment with very little anticipation and playmaking ability in coverage. He's more straight-line speed than fluid athlete.","Tindall may not be the most well-rounded linebacker, but he can still be a difference-maker with his speed and aggressive play style."
"161","Quay Walker","Walker barely was the field his first couple seasons before he became a rotational player in 2020 and a starter in 2021. He was utilized in a blitz heavy role. He was even capable enough in that regard that Walker was trusted as a true edge player in certain packages. He has the kind of length that can drop down and set the edge in a pinch. While he doesn't have a ton of high- end plays on tape, Walker didn't take a lot of downgrades either. His 42 downgraded Campbell plays in 2021 were the third-fewest of any FBS linebacker that played 800+ snaps. Cordele, GA","continue in the NFL. but at 240+ pounds. breakup on Treylon Burks. yard.","One of the best tacklers in the class. Traits to attack it. Smooth explosiveness. Moves like a slot corner, always on balance. Length to give tight ends fits. Had a pass- solo one tackle for loss in 2021 and was only -1","CON T R OLLED P H Y SICA LIT Y Walker has that unique ability to show off high end athleticism consistently without ever looking reckless. He knows when he needs to turn it on and when to be patient with it.","MA N - H EA V Y LB Ideally you want Walker blitzing or playing man coverage. Just let his physical tools take over and he's a problem for opposing offenses.","DIA G N OSIN G It's not a processing speed problem with Walker on tape, but rather knowing consistently what's coming next. With only one-year as a starter, though, there's reason to believe that will come in time.","There's a lot of reasons to think Walker could be a more impactful NFL player than college player. He's a 3-down player."
"162","Jalyn Armour","Armour-Davis had to battle through a lot to be an overnight success in 2021. He tore his ACL before his freshman season even started. It would take two seasons riding the pines after that before Armour-Davis earned a starting job across from Josh Jobe. He was worth the wait as he allowed only 290 yards on 27-44 targets all season. Once again, though, injury issues popped up as he missed three of Alabama's final four games and was limited to only 15 snaps vs. Darby Cincinnati in the playoffs. Mobile, AL","caliber speed. experienced corner. physical at the line or simply mirror.","Can go stride for stride down the field with NFL- field to begin with. Plays with a patience and control of a far more Struggles to ID both man and ball. Press transitions are fantastic. Can play both snaps prior to 2021.",NA,NA,NA,"If Armour-Davis starts to find the football better he could be a difference maker in the NFL. His injury history could cause him to fall, unfortunately."
"163","Kalon Barnes","Barnes saw time as a freshman and sophomore, but didn't get a starting role until his junior year in 2020. He impressed in the COVID-shortened season allowing only 9-19 targets for 183 yards. Barnes returned for his senior season and was similarly difficult to attack on the outside. Despite his speed, he hasn't been completely inpenetrable down the field with 11 deep completions allowed in his career. Van Dyke Silsbee, TX","the position. step. Doesn't have to be with his speed. of his pedal.","Some of the best makeup speed you'll see at truck. Not overly anxious at the line or when he loses a Gets caught in no man's land Instant acceleration to work back downhill out rookie season.",NA,NA,NA,"Barnes speed is too impressive not to take a flier on developing later in the draft."
"164","Andrew Booth","Booth served as a sub-package corner as a redshirt freshman before taking over in a full-time role this past fall. He's an interesting projection because he has the physical skill set for man coverage yet played in a zone- heavy Clemson defense. He may only have five career picks, but several of them came 1-2 in spectacular fashion. He's just got to work on his 21.8% career missed tackle rate to stick in zone coverage in the NFL. Lawrenceville, GA","bait on double-moves. explosiveness. his height.","Patient, quiet feet. Not a guy who takes the tackler. Drives out of his pedal with top-tier Strength throughout his frame. Long arms for his first year as a full-time starter.","F EET Booth wins with some of the best feet in the class. He's capable of firing out of his pedal at the drop of a hat in any direction. That suddenness serves him well, no matter the technique he's playing.","A LL- A R OU N D Booth has a skill set that can run any coverage. He's as scheme-diverse a corner as exists in this draft class, meaning everyone will have him on their board.","T A CKLIN G Booth's tackling is difficult to watch at times. It's not necessarily willingness-related, though, which means it's likely fixable. Booth has to strike through targets with his feet planted.","Booth is an ascending all-around player. Every defense in the NFL can find a spot for him."
"165","Coby Bryant","Bryant is a four-year starter who initially took over that role as a redshirt freshman in 2018. Since then, he's done one thing exceedingly well: get his hands on the football. He's picked off 10 passes and broken up 37 more over that span. He won the Jim Thorpe Award for top defensive back in the country this past fall. In the Bearcats defense, Bryant would often align in off-coverage to the field side while Sauce played press on the other, which is why he Mills has far more of a zone skill set than Cleveland, OH"," Can go toe-to-toe at the catch point. Transitions often unclean. spacing between routes.","Tracks the ball in the air like a wide receiver. corner. Had far fewer routes to worry about. Very willing hitter with quality form as a tackler. Great feel for zone coverage and maintaining traits.","BA LL SKILLS Bryant wins with his eyes and ball skills. He's tremendous at getting to the catch point and has the length to consistently impact it.","OF F - Z ON E Bryant is at his best in off-zone coverage and would fit in best with the two-high defenses proliferating the NFL.","IN ST IN CT S Bryant has to be more instinctive if he is to get by with his middling physical tools. He produced because he could recover to the catch point against the weak arms he faced on his schedule, but that won't be the case in the NFL.","Bryant's production isn't necessarily the most translateable to the league, given his competition level and role."
"166","Tariq Castro","Castro-Fields has five years of experience now after playing 218 snaps as a true freshman in 2017. He became a starter as a sophomore in 2018 and planted his flag firmly on draft radars with a 77.5 coverage grade that season. It's been a slow trickle, however, developmentally ever since. He's never had more than four pass-breakups in any season of his career and only managed three interceptions. Now 23 years old, the probability he hits his ""upside"" has all but Boyd gone out the window. Upper Marlboro, MD","targets for 73 yards in press last year. route without committing penalties. touchdowns allowed in his entire career.","Different corner on vs. off coverage. Only 5-14 maintain relation with receiver Knack for getting into receivers bodies along Slow to process multiple stimuli. Clamped down in red zone. Only three mover.","P H Y SICA L P LA Y ST Y LE Most physical corners in college football you worry about being penalty machines at the next level. That's not the case with Castro-Fields who doesn't rely on being grabby to lock up receivers.","P R ESS- Z ON E He's not nimble enough to play true man and not instinctive enough for zone. He's a Seattle cover-3 type of corner.","BA LL T R A CKIN G Sometimes ball production can lie, but not in Castro-Fields' case. Only 15 pass-breakups in 1,293 coverage snaps is indicative of just how much Castro-Fields struggles to locate the football in the air.","Castro-Fields is physical corner with low-end ball skills and tackling issues. That's a scary combo when projecting to the NFL."
"167","Kaiir Elam","Elam has played a role for Florida ever since his freshman year in 2019. However, it wasn't until his sophomore year that he allowed the 42.6% completion percentage that put him on the map as a top prospect. Injuries limited his effectiveness this past fall, but it's not like he was easy to throw on. He 1-2 allowed only 18 catches from 35 targets for 185 yards all year, but a newfound penalty problem (seven flags in 10 games) kept his grade low. Rowe North Palm Beach, FL","corner position. of scrimmage. Deadening. Nearly 1,000 career coverage snaps.","Long, sturdy frame that everyone wants at the seven times in 10 games. Gets into shoulder pads consistently at the line downhill on balls in front of him. Vast experience against SEC competition. against Alabama in 2021.","P H Y SICA LIT Y Elam wins with his physicality. Whether it's at the line of scrimmage or at the catch point, you'll have to pack your hard hat and lunch pail to beat him.","P R ESS- Z ON E Elam is a good fit for press-zone teams. He excels on silo routes where he can maintain contact with opposing receivers.","P EN A LT IES Elam is going to be a flag machine in the NFL if he relies on his hands to stick with receivers in their route breaks. That has to change with illegal contact penalties in the league.","Despite an up and down 2021, Elam still showed the high-end reps he's capable of."
"168","Martin Emerson","Emerson played as a rotational corner as a true freshman in 2019 before becoming a full-time starter for 2020 and 2021. He's a long-limbed, physical corner who rarely got to play to his strengths in Mississippi State's defense. He should thrive in press coverage, given his physical tools, but he only lined up in press on 30.9% of his coverage snaps over the previous two seasons and allowed only 44.4% of his targets to be completed when doing so. Flowers Pensacola, FL","contact with receivers. commit penalties. hand placement.","Very patient and under-control playstyle. Initiates contact routinely in ways to not suddenness when he puts his foot in the ground. Attacks the catch point with great timing and catch defenders in off-coverage.","LEN G T H Emerson wins with his length. He's a unique size for the corner position and has had an in-built physicality advantage against almost everyone he went up against.","P R ESS- Z ON E Emerson is a press-zone corner. He can stonewall guys at the line, but he's not going to be able to guard a full route tree in the NFL.","OF F COV ER A G E Most of Emerson's negatives are physical in nature, but his technique in off-coverage has to change. He can't play every route in front of him flat-footed and get away with it at the next level.","Emerson gets by with his size, but his athletic limitations are scary for an outside corner."
"169","Cordale Flott","Flott's declaration was an eye opener for many including myself. The 20-year old corner is physically underdeveloped still and has never been a full-time starter at the position he profiles best: outside corner. Even still, his tape at slot corner the past two seasons is more than worth taking a chance on. And when he did fill in outside over his final five games of 2021, Flott allowed only 3-8 targets for 40 yards on 89 coverage snaps. Redmond Saraland, AL","lightest guy on LSU's defense. directions. Nimble athlete. the line to make plays.","Spunky slot corner. Could never tell he was the muscle to even see the field in the NFL. Bounces out of his cuts when changing tackler without traits to develop. Fearless closing to ball carriers. Puts body on only 394 career snaps there.","MEN T A LIT Y Flott won't give you an inch and then he'll let you know about it after the play. He's the kind of corner that will wave ""incomplete"" after he's torched and the ball is overthrown. Can't teach his confidence.","V ER SA T ILE Flott has a versatile body type and all-around athletic skillset. It just depends on where he ends up physically from a size perspective with time in an NFL weight room.","MU SCLE MA SS Flott punches above his weight class, but he's still a featherweight about to be thrown into the ring with heavyweights. There's a reason he didn't bench pre-draft and it won't bode well for him in the league.","He's not ready yet, but he has the kind of profile you want to bet on developing."
"170","Ahmad Gardner","Between the ""Sauce"" moniker and the fact he never allowed a touchdown in his college career, it's easy to like Gardner as a cornerback prospect. He's been playing press-man on an island since he got to Cincinnati's campus, and he is utterly dominant at it. While there are level-of- Top-10 competition concerns, Gardner still allowed only 14 yards on four targets to Alabama in the playoffs last year. He may not fit every scheme, but you won't find a better corner Smith prospect for the ones he does fit. Detroit, MI","corner. play bully ball. — 851 press-coverage snaps in career.","Pterodactyl build. Massive wingspan for a hips, slowing his transitions. Ends routes before they start. Knows he can game. Built in a lab to play press with ton of experience his career.","P R ESS- MA N Gardner wins with his unique frame, physical playstyle and oftentimes flawless technique. His 2021 season was teaching tape on how to impose your will on opposing receivers without committing penalties.","P R ESS- ISLA N D Press, press and more press. While it's going out of style as an every-down coverage in the league, high-leverage situations (third downs/goal-line) will always call for press corners. Gardner is that.","Z ON E R EP S Gardner will have to play off more in the pros. He has the length to shut windows in zone but needs the reps.","If you want to play press coverage with any regularity, this is your guy."
"171","Kyler Gordon","Gordon's ascent up the Washington depth chart has been slow and steady. He didn't technically start until his redshirt junior year this past fall, even though he played 503 snaps from 2019 to 2020. Even then, Gordon was the guy in the Huskies cornerback room who would fill in at slot cornerback in a pinch. That versatility should serve him well at the next level, where teams could even ask him to play safety. Everett, WA"," Serious hops. Played slot corner for the second half of 2021. a hurry.","Can get up and attack the catch point. inconsistent with his reads on jumping routes. Filled multiple roles for Washington's defense. quarterback. Closes to balls in a flash. Works back downhill in open-up hips immediately.","BU R ST Gordon has some of the best initial burst in the class and wins with that explosiveness in a number of ways. You see it in his play at the catch point and making up ground after route breaks.","V ER SA T ILE The Huskies may have been on to something when they kicked him into the slot regularly the past two seasons. His short-area quicks play well there. That's not to say he can't play outside, but he may be a better fit inside.","DISCIP LIN E Gordon has to put tape study into action more effectively. His decision-making on when to jump routes or pass off receivers was all over the map.","Gordon may get the athletic project label, but that's selling his tape short."
"172","Josh Jobe","Jobe was a backup as a freshman in before having a more expanded role as a sophomore in 2019. He put himself on the map as a draft prospect when he started in the Citrus Bowl against Michigan that year and allowed only 1-7 targets for 18 yards with a pick and two pass-breakups. That was a sign of things to come as Jobe would return for a shut-down junior campaign where he allowed only 209 yards on coverage snaps. In retrospect, Jobe would Moreland like to have declared then as he nearly tripled that figure in 2021. Cheshire, CT","begin at the line of scrimmage. contact. length for a cornerback his height.","Wants to end routes before the can even problem. 18 penalties the past two years. Tough as nails in the run game. Craves the Could explain his grabby tendencies. Makes up for his lack of size with outstanding back last fall.",NA,NA,NA,"The 2020 tape was better than 2021, but at his age is he really going to change who he is?"
"173","Marcus Jones","Jones' background is two-fold. First, you have his play at cornerback: He started in the slot as a true freshman for Troy in before kicking outside as a sophomore in 2018. Jones then transferred to Houston, where he's been balling out on the outside with a 50% completion rate allowed in his coverage the last two years. Then, you have his return ability: In his four years returning kicks, Jones took back three punts and six kicks -- including a game-winner Phillips against SMU last year -- for scores. Enterprise, AL","tackler in the run game. Hard-nosed dude. past few years.","Hips like butter. So clean in his transitions. Relishes the chance to get involved as a the catch point. The best returner in college football over the senior.","R ET U R N IN G It's impossible to talk about Jones without waxing on the value he could bring as a returner. He averaged 14.4 yards per punt return and 34.2 yards per kick return this past season as the highest- graded returner in the country.","SLOT Jones is a slot-only corner who will be your starting kick and punt returner from Day 1. While he wasn't used much in the role, he could be a weapon on slot blitzes with the way he plays the game.","CA T CH P OIN T Jones has to find ways to mitigate his size issues at the catch point. Whether that's improving his ball skills or getting stronger, it will be his most worrisome attribute in the NFL.","Jones is the best returner in the class and an all-around special teams dynamo."
"174","Derion Kendrick","Kendrick started his career at Clemson as a wide receiver before flipping over to cornerback for 2019 and 2020. In his final season with the Tigers, he was infamously torched by Ohio State in the playoffs before transferring to Georgia. His ball production flourished with the Bulldogs, as he exceeded his interception total from Clemson and matched his pass-breakup total in only one season. Rock Hill, SC","tape striding away from him. the football. clunkiness to his game.","Former wide receiver with the ball skills of one. Anticipatory player. Wants to make plays on toward the sideline on verticals. Calm feet and hips in his transitions. Not much","BA LL SKILLS Kendrick wins with his receiver background. His ability to track and play the ball in the air will be even more of a value add when he's tested more downfield in the league.","OF F - Z ON E Kendrick is likely at his best in off-zone on the outside, where he can get eyes on the quarterback. That will help his ball skills shine and mitigate his speed concerns.","CLOSIN G SEP A R A T ION Kendrick needs to do a better job of hiding his speed deficiencies with physicality. He has to maintain contact better to limit free paths downfield.","Kendrick has great ball skills, but his deficiencies were hidden on the loaded Georgia defense."
"175","Roger Mccreary","McCreary cut his teeth at Auburn playing as much press coverage against top competition as anyone in the draft class — and he's done it well. Ever since he took over as a starter in 2019, McCreary has been among the highest-graded corners in the country. He's racked up 28 pass breakups over that span. The worry is whether that will continue at the NFL level, given his less than ideal length for the position. Robinson Mobile, AL","targets. to gain leverage. in his breaks.","Savvy and battle-tested. Has seen 183 career want in press. Feisty at the catch point and does well to work Not many tools to recover. Fluid and balanced on the move. Really see it Far better on the line of scrimmage.","SA V V Y McCreary wins with some of the most consistent press-man technique in the class. He's smooth as can be in his transitions and has no real wasted motion. He plays faster than he may test.","SLOT - MA N McCreary has cut his teeth at Auburn in press-man coverage but doesn't have near the ideal physical skill set to hold up there on the outside in the NFL. If he goes to a man-heavy team, McCreary would be an ideal fit in the slot.","EY ES McCreary's negatives are almost all of the physical variety. The one thing he can improve upon are his eyes in off coverage, where he's far more reactionary than proactive at the moment.","McCreay is a high-floor corner with some of the most extensive experience against top competition in the class."
"176","Zyon Mccollum","McCollum is one of the handful of five- year starters in the draft class. He's been Sam Houston State's best corner since his true freshman year in 2017. Unfortunately, we only have his past two seasons graded, but in those he was stingy as the Bearkats boundary corner. The worry is - given the competition level - he wasn't that Stingey. He allowed 661 yards on 60-108 targets the past two seasons. In his opportunity to go against top competition at the Senior Bowl, King McCollum earned the third-lowest grade of any corner in attendance. Galveston, TX","at the cornerback position. double teams. instead of knocking them off their route.","A truly generational all-around testing athlete assignment. Knows he can make up ground and unfazed by bigger receivers and jostled off balance. Aggressive and willing in the run game.",NA,NA,NA,"The tools are as good as it gets at the position in the class. The fact that all those tools couldn't even lock down FCS competition gives you pause."
"177","Trent Mcduffie","McDuffie has quietly been locking down receivers since he stepped onto campus. As a true freshman starter in 2019, he allowed only 339 yards on 436 coverage snaps. But even that paled in comparison to how stingy he was this past fall, as he allowed just 111 yards all season. While he's played Top-10 exclusively outside in his career, McDuffie has the size and tackling ability for the slot. He missed only 6.9% of his tackle attempts in his career. Alexander Bellflower, CA","hurry. with uncoachable ferocity. strength throughout.","Accelerates like a Tesla. Can get moving in a some teams. The best tackling corner in the class. Comes in press-man experience. May be short but isn't small. Stout build with peers. Only nine pass breakups on 100 targets.","A G ILIT Y McDuffie wins with his elite burst and physical playstyle. He's seasoned in zone coverage and has the ideal skill set to continue to do that at the NFL level.","V ER SA T ILE- Z ON E McDuffie can play outside, he can play slot, and he could even play safety if you want. He's got a versatile skill set that can handle any coverage role.","P R ESS McDuffie's press technique is a work in progress. He'll stop his feet when he extends his arms to initiate contact, leaving him vulnerable if he whiffs.","The best zone corner in the class. He's more than that label, though."
"178","Derek Stingley","Stingley's true freshman season is still the best we've ever seen at the cornerback position in our eight years of grading college football. That year, he was the highest-graded corner in the FBS and allowed only a 37.0 completion percentage with six picks and 15 pass breakups en route Top-10 to a national title. Unfortunately, the two injury-plagued years since haven't had near the same panache. While that talent didn't Dominique go anywhere, the effort he put on tape Rodgers- (even when healthy) will scare off some. Cromartie Baton Rouge, LA","deep. 49% of his career coverage snaps. every day for a tall corner.","First-class speed. No fear of getting beaten (2020) and foot (2021) injuries. Press-man pedigree. Lined up in press-man on 17.9% of his career tackle attempts. Has the kind of feet and hips you don't see zone coverage.","A T H LET ICISM Uber athleticism, acceleration, agility, speed, change of direction — you name it, he has it. That's the skill set you want to play man coverage in the NFL.","ISLA N D Put Stingley in press-man on the outside and worry about the rest of your defense. He can be that island corner that doesn't require safety help to go toe-to-toe with the game's best.","CON SIST EN CY Stingley has put up too much lackadaisical tape the past two seasons. That wasn't unique to him on the LSU roster, but there were some uninspiring attempts to get involved in plays he should have been involved in.","He's got every single tool in the bag you could want to play corner at an elite level, but he just hasn't been locked in the past two seasons."
"179","Alontae Taylor","Taylor has been starting for the Volunteers ever since his true freshman season in 2018. He flashed some serious athletic potential that season and graded out well enough with a 66.3 coverage grade to get you excited about his prospects. The next two seasons, however, never quite delivered upon that promise. It wasn't until this past season where Taylor put it all together from a grading perspective, but was still up and down in his consistency. Taylor Manchester, TN","projecting to the NFL. the field on crossers. Tennessee. Recruited as a wide receiver.","Physical demeanor that you love when killshot/forced fumble and slips off. Plus recovery speed and ability to range across loses some steam. Didn't play cornerback until he got to Only 13 PBUs in four years.",NA,NA,NA,"Taylor's versatile body type and athletic skillset makes him projectable to just about any coverage position at the next level."
"180","Cam Taylor","Taylor-Britt started his career off at safety as a redshirt freshman in 2019 before transitioning the last three games that year to outside corner where's he's stuck ever since. Unfortunately, Nebraska's scheme never quite fully took advantage of Taylor- Britt's skillset. He's a physical player who 2-3 loves to get his hands on opposing wide receivers and all too often he was backing into off coverage where his aggressiveness CB Darnell worked against him. It's why he gave up Savage such high catch rates over his career despite being tough to shake one-on-one. Montgomery, AL","downhill. class. Out for blood. versatile athlete.","Easy burst out of his pedal to work back unnecessary risks on tape. Arguably the hardest hitting corner in the draft particularly NFL translateable coverages. Started career off at safety and is that kind of of his man staring down the quarterback.","CLOSIN G When Taylor-Britt makes up his mind about going somewhere, look out. He's coming in hot and heavy. Whether that's balls in the air or ball carriers themselves, Taylor-Britt is getting there with bad intentions.","A N Y WH ER E I say ""anywhere"" because Taylor-Britt has the kind of game that can fit in any coverage position. He was an outside corner the past two years, but his range and physicality will play at safety while his burst will work in the slot.","P A T IEN CE Taylor-Britt has a lot of dog in him on tape. Unfortunately, that dog also chases every squirrel he sees. Taylor-Britt has to improve his patience to not get manipulated out of position.","Taylor-Britt brings some of the best coverage versatility of any defender in the class. His position can be fluid based on your defense."
"181","Jaylen Watson","Watson started off at Ventura College where he spent two years before comitting to USC. He was supposed to enroll with the Trojans in 2019, but never qualified academically and spent a year back home away from football. Watson returned after getting his grades in order to Washington State in 2020 where he played only three games that season before becoming the breakout prospect you see today. He's still more physical projection than anything else Harris and you'd just like to see him play more Augusta, GA","along the route. ground down the field. the Senior Bowl.","Long, physical corner that consistently disrupts to be a match-and-mirror guy NFL-caliber build up speed that can make up over the map Allowed only 2-8 targets in the one-on-ones at",NA,NA,NA,"Watson is a late-round toolsy project that should land in a scheme that values length and physicality."
"182","Joshua Williams","Williams is the lone prospect in the guide that we don't have graded. I'm not sure how much information one can glean, though, from grades that say he dominated Division II competition. Over the course of practices at the Senior Bowl, Williams allowed 9-16 targets with only four of those coming 10+ yards downfield and had three forced incompletions. Fayetteville, NC","Uber-long frame with wings that can trap you at the line. Supremely quick feet for a taller corner. Resets swiftly at the line. Graceful mover. Hip swivel that can react to routes against his leverage with ease.","Recovery burst/speed is average. Needs to keep in phase. Bigger wide receivers were able to fight through his hands at the Senior Bowl Could stand to add muscle to his frame. Will need it with massive competition leap.",NA,NA,NA,"Williams has uncoachable fluidity at his height. That's the trait I want from a developmental corner."
"183","Tariq Woolen","Woolen started on the offensive side of the ball where he redshirted as a freshman in 2017. He then started to see the field in 2018 before starting in 2019. After he'd dropped seven of his 31 catchable targets to start his career the UTSA coaching staff had seen enough. He flipped over to cornerback midseason and ended up seeing 38 snaps there by their last regular season game. Woolen said he'd play Good Luck Madden to try to learn the ins and outs of Finding the position in the mean time. Over the next Someone two seasons he put up solid numbers as the boundary corner in UTSA's defense. Fort Worth, TX","you'll ever see on a football field. influence. fish to water.","World class speed. Top speed is as good as that will always be there at his size. Pool noodles for arms. Massive sphere of miss rate. Took to the physical aspect of defense like a before switching to CB","F R EA KY - N ESS Every DB coach in the NFL is licking their chops to work with this guy. Size, length, burst, speed - there's not a corner in NFL history with a better combination of those things.","P R ESS- V ER SA T ILE Versatile here means man or zone, not alignment. He has to be on the outside at the line of scrimmage for his skillset to shine.","P R ESS T ECH N IQU E At his size, press has to be Woolen's bread and butter. His massive wingspan can make up for mistakes, but he's quick to drop step to make up for hip tightness instead of staying square and using the receiver to help him turn.","There aren't many rawer corners in the class, but he has a valid excuse. What could he be with two moer years of coaching? T"
"184","Mykael Wright","Wright opened eyes with his play on snaps as a true freshman in 2019 when he N/A allowed only 8-of-23 targets for 83 yards. That would unfortunately be his peak as his performance went the wrong way the next N/A two seasons. He came in a very highly touted athlete out of high school, but 7-UDFA physically took zero steps in his development over the past three seasons. In fact, he lost weight from his listed pounds as a freshman. He was a guy you'd Cheevers hope played a couple more years at Oregon while he lived in the weight room, but he curiously declared early. Lancaster, CA","scrimmage. Plus processing speed. feet pattering to work back to balls. scores as a freshman.","Reads receivers like a book at the line of NFL at the moment. Smooth hips. Easy turns out of his pedal. Offers something as a returner. Two kick return Got worse as career wore on.","IN ST IN CT S Wright is a very natural corner who has many of the intagibles you want at the position. If he was a better athlete, his ball production would be in the upper echelon of the class.","SP ECIA L T EA MS Wright will have to prove his dedication by being a special teams dog to make a roster. He hasn't been a core teams guy the last two years, though.","BODY Wright's complete lack of physical development over his college career is one of the weirder prospect trajectories in the class. He was not only bigger in high school, but also faster.","Small and slow is not going to see the field at corner in the NFL."
"185","Tycen Anderson","Anderson saw 202 snaps as a part time safety his freshman year in 2017. He then locked down the slot role in Toledo's defense as a sophomore before becoming a starting all-around safety in 2019. Over the past two seasons, though, he's trended towards more of a box-slot player with few 3-4 deep reps on his tape. That's likely by design as he's shown issues locating deeper targets. His work around the line is where he wins and will be coveted for his versatility Apke there in the NFL. Toledo, OH"," Bounces between assignments easily cornerback movement skills. contact.","So sharp out of his cuts for a bigger safety. Does not locate well. Rocked up safety with massive wingspan yet ball carriers Decisive and violent tackler. No hesitation into Technique is not.",NA,NA,NA,"Anderson has the kind of size, athleticism, and versatility to thrive in a man heavy scheme."
"186","Markquese Bell","Bell has carved out quite the path en route to becoming a potential 2022 NFL Draft pick. He started out at Maryland in 2017 where he was suspended for undisclosed reasons prior to his first collegiate game. He then abruptly left the program before playing a snap and transferred to Coffeyville Community College in Kansas. After one year there, Bell transferred to Florida A&M where he's been starting ever since. We only have one full Tell season of Bell graded and his 2020 season was cancelled due to COVID. Bridgeton, NJ","on blockers. vertical routes. in 2021.","Lanky frame that he already uses well to take deep safety. Barely even played there. Kind of speed that can makeup up steps on of his tackling in the box whatsoever. Aggressive filling the run. Three forced fumbles Needs to get stronger.",NA,NA,NA,"It's hard to envision a safety role in the NFL that he could excel at. With Bell's length and speed, he's a candidate to be a corner convert in the NFL."
"187","Jaquan Brisker","All Brisker has done since transferring from Lackawanna Community College in 2019 is play outstanding football for the Nittany Lions. He's been as capable as an extra linebacker when asked to play in the box and has more than enough range to close passing windows from a deeper alignment. For his career, he's allowed a 47.3 passer rating on throws into his coverage. Brisker ticks about as many boxes for the safety position as one can. Bell Monroeville, PA","will. Tremendous run defender. tracks as a tackler. Penn State last season.","Adds on to the run game with uncoachable and can lose responsibility. Explosive athlete who stops ball carriers in their coverage responsibility much. Nose for the football. He was everywhere for Hips are nothing special.","P H Y SICA LIT Y Brisker is a tone-setter at the safety position. He's going to take on blocks, rip through ball carriers and attack the catch point. He has the kind of explosiveness to continue that in the NFL.","BOX - SLOT Brisker needs to be around the ball as much as possible, and he's not too far off from even being considered a linebacker.","EY ES He needs to improve his eyes in coverage to hold up in matchup-zone coverages in the NFL. He's too easily manipulated by quarterbacks.","Brisker's play-style and explosiveness make him a very easy projection to the NFL."
"188","Percy Butler","Butler started on special teams as a true freshman before earning a starting role in Billy Napier's defense as a sophomore. He's played a very NFL-translateable role in the Ragin' Cajuns defense ever since with around half his snaps coming as a deep safety and the other half being split between the box and slot. In that role he's graded out as a high-quality starter for three straight seasons with only 356 yards allowed in his entire collegiate career. His Redwine biggest issues stem from his tackling where he's missed 14.5% of his career attempts. Plaquemine, LA","receiver's hip pockets effortless. to react and accelerate. straight seasons.","Easy kind of athleticism to make staying in Looks like a corner dropped at safety. Balanced in his pedal with feet that are quick competition in 2021 (Texas). Consistent highly graded performance for three given competition level.",NA,NA,NA,"Butler is perfect for a coverage-first safety role or even a switch to cornerback altogether."
"189","Lewis Cine","Any true freshman who receives playing time for a program like Georgia is likely set for future success, and Cine is no exception. He showed promise on his 201 snaps in before becoming a stalwart for the Bulldogs the past two years. His calling card has been his tackling ability, where he's missed only 6.9% of his career attempts. Cine attacks with violence as he flies around the field. He's been primarily a deep player in Georgia's defense, but they run enough Amos pro-translateable coverages to feel good about him in a versatile role in the NFL. Cedar Hill, TX","anticipating breaks. tackler. safety. Quick to relocate receivers in route.","So darn good at reading route stems and about his range or closing speed. Well put together safety and an outstanding limiting his ability to break on passes. Has some gorgeous speed turns from deep better when he has a cushion.","SA V V Y Cine sees the game at a high level and is quick to key on what the offense is doing. Once he does, he's as good as it gets in the class at taking proper angles to secure ball carriers.","BOX - V ER SA T ILE Cine is such a sound tackler that it would be a shame to stick him too far from the football. He can wear a lot of hats on a defense, but tackling in space should be one of them.","BR EA KS Cine has to keep better balance in his pedal. He's quick to see things develop but often a tick slow to get there because he can't get out of his break quickly enough.","Cine is a physical and assignment-sure safety who teams won't have to protect at the next level."
"190","Bryan Cook","Cook played two years at Howard before transferring to Cincinnati in 2019, where he was forced to sit out until the bowl game due to former NCAA rules. He didn't earn a starting job right away, however, and only played meaningful snaps against Houston and Georgia in 2020. Once he earned a 2-3 starting job last fall, though, his rise up draft boards was swift. He got his hands on the football in each of the first four games of the season while allowing only 6-of-13 Clark targets for 66 yards. He seamlessly fit in with the physicality the Bearcats defense was Cincinnati, OH","do the dirty work. defender and has nose for ball-carriers. Consistent theme with him.","Exceptional tackler. Rugged safety willing to Likely box/deep kind of safety. Sees run game develop well as add-on gather steps Ability to locate the football in the air is a plus.","T A CKLIN G Cook is such a talented all-around player it was difficult to decide which aspect of his game to put here! I decided on tackling because the tenacity with which he wraps up really personifies the kind of safety you're getting.","BOX SA F ET Y Cook shines when he's around the football. He can do other things, but what makes him special is how he tracks ball carriers.","COV ER A G E BR EA KS Cook is the kind of athlete that can be a plus coverage player at the next level, but he doesn't always keep his feet under him and can get lethargic breaking to the football.","Cook may not go above and beyond as a playmaker, but he puts the safe in safety."
"191","Yusuf Corker","Corker redshirted as a freshman in and barely saw the field in 2018 before becoming a starter in 2019. He immediately became the leader of the Kentucky defense and the life-blood of their emergence the past few years. Over that span he's been one heck of a run defender with 40 such stops in three seasons. There have been some coverage lapses, but he's also made a number of plays on the ball as well. Forrest Stockbridge, GA","misses, but sticks guys when he hits them. deeper alignments.","Physical tackler with solid form. Will have clean role fit. Wants to be a part of the run game even from Plus take on ability for wide screens.","DEMEA N OR Corker was the tone-setter for the Kentucky defense. He was one of the rare safeties that plays on the other side of the line of scrimmage with four TFL's last year.","DIME BA CKER Corker has the ""want to"" necessary to play the run in the NFL. It's just box-only roles are hard to come by and I'm not sure he's one to trust elsewhere.","P LA Y IN SP A CE A lot of this is physical in nature so it won't be changing anytime soon. He can't always bring that box mentality to the open field, though, where there's no one to clean up for his over- agressiveness.","Special teams looks like Corker's path to a roster spot as his upside looks like a dime backer"
"192","Nick Cross","Cross played a sizeable role as a freshman for Maryland in 2019 and even started five games down the stretch. It was clear then he had the goods athletically and has become even more clear in the subsequent years. This past year he got exposed on a number of double moves dragging down 2-3 his overall grade, but he also made more plays on the football than ever before. For a prospect that won't turn 21 until September, Cross is only scratching the surface. Soutward Hyattsville, MD"," Maryland track team as well. top-speed quickly. their tracks.","Box safety size with elite speed. Member of the deep safety. Top-down breaks are lightning quick. Reaches average. Let's ball carriers come to him. Brings the pain as a tackler. Stops ball carriers in stick at the top of routes.","RANGE Cross is the rangeist safety in the class. Some guys test well and you rarely see it. With Cross it's pretty dang obvious.","DEEP SA F ET Y He can play in the box and has dabbled in the slot, but it would be borderline criminal to not take advantage of his ability to patrol the deep part of the field. His ability to come up and fill the run from depth is a bonus.","DISCIP LIN E Cross just has to trust his physical ability more instead of getting playmaker happy. He has the ability to make up ground on anybody, but still gets jumpy.","Cross is a young, rangey safety that can instill fear over the middle of the field. He just needs coaching to instill discipline."
"193","Kyle Hamilton","Hamilton is the definition of ""built different."" At 6-foot-4, 220 pounds, he showed up as a true freshman at Notre Dame and started making plays from Day 1. That 2019 season, he picked off four passes and broke up five more on only coverage snaps, and he's been around the Top-5 ball consistently ever since. He's grown so much as a tackler over that span, seeing his missed tackle rate drop precipitously every Longer year. He's one of the most versatile safety Derwin prospects to come out in some time. James Atlanta, GA","pounds. Made to erase tight ends. sideline. work at the catch point.","Unheard of frame for a safety at 6-foot-4, 220 moving at his size. High-level range on the back-end. Sideline to been flagged for it. Consistent ball production with tremendous short.","RANGE Hamilton not only has the obvious range in terms of how he's built, but he can cover some serious ground. His 21 miles per hour top speed, per Bruce Feldman, is exactly what teams want on the back end","A N Y WH ER E Hamilton has the kind of physical tools that can fill almost any role you can dream up besides defensive line. With how large his sphere of influence is, though, chances are you want him around the line of scrimmage.","MA N COV ER A G E He's still not a dominant force in pure-man coverage and wasn't asked to do that much in his career. However, he more than has the ability to do so in the future.","Hamilton is a hybrid defender who can give defenses answers for modern offenses."
"194","Daxton Hill","Hill has done it all for the Wolverines the past couple of seasons. After playing a versatile role in 2020, he moved full-time to the slot this past season. That's where his natural coverage skills shined, especially when asked to work in man-to-man coverage. He doesn't have box safety size, but he's by no means a liability against the run. Hill is terrific at tracking down ball carriers in space and willing in support — and that's a good deal of what safeties are Brooks asked to do in the run game in the NFL. Tulsa, OK","you want in the box often. numerous roles for Michigan's defense. the line to make plays in the backfield.","Elite speed, and he can accelerate in a hurry. Versatile defender who has already filled ertical routes very smoothly. Comes in hot as a tackler and lays his body on on a number of plays despite good position.","SP EED Hill wins by being able to close ground in the blink of an eye. He was Michigan's slot corner because of how quickly he could close to wide screens.","DEEP SA F ET Y Hill played in the slot in 2021, but his range on the backend is impressive. He can make up for a lot of other's mistakes as a free safety. He's perfect for defenses that remove their safeties from run fits.","P LA Y ST R EN G T H Hill is more than willing to be physical, but he simply doesn't have the strength in his frame to get the job done on a lot of occasions.","Hill has the coverage skills and range to excel in modern two-high shell defenses."
"195","Kerby Joseph","Joseph's career arc is one of the wildest of any top-100 prospect in this draft class. He played special teams and rode the pines for three years at a hapless Illinois program. It wasn't until this past fall, his fourth year on campus, that he secured a starting job. Joseph proved well worth the wait, with five picks and four pass breakups as one of the best ball-hawking free safeties in the country. He is an ascending prospect with plus range, ball skills and tackling ability. Rapp Orlando, FL","it's nothing. some spectacular plays on the football. special teams.","Glides when he runs and can flip his hips like his senior year. Has ball skills akin to a wide receiver. Made teams want from a deep safety. Fantastic tackler and thrives as a gunner on experience. Can see his brain working on fly.","F LU IDIT Y Joseph is such an easy mover. He's not particularly explosive, but he can change directions on the fly with minimal effort — the perfect skill for a quarters safety.","SP LIT - F IELD SA F ET Y Joseph would be ideal in a two-high role due to how easily he can transition from off-coverage.","EX P ER IEN CE Joseph just needs to play more. Safeties need the reps to recognize what's going to happen, and Joseph will, hopefully, get those early on in the league.","Joseph's inability to see the field at Illinois is concerning, but he has playmaker potential in coverage."
"196","Verone Mckinley","McKinley stepped into a starting role for the Ducks as a sophomore back in 2019. He has always been primarily a deep safety in Oregon's defense while boasting some of the best ball skills at the position in the country. He picked off 11 passes in three years, adding 11 pass-breakups, as well. Playing him deep was also a bit of a necessity considering his size and 17.9% career missed tackle rate. It's certainly the role he'll be slotting into at the next level. Hughes Carrollton, TX","nine pass-breakups in last two full seasons. jumps routes. point. Numerous breakups from behind.","Elite ball production — 10 interceptions and cornerback. Trusts what he sees — no hesitation when he play but on the ground the next. No fear when attacking downhill to the catch Not a box player.","BA LL- H A WKIN G McKinley not only gets to a lot of balls, he also secures them. The good news for his projection is that most of them came while anticipating then ranging on the back end.","DEEP SA F ET Y McKinley's never going to be a good enough tackler to play consistently around the football. You want his natural playmaking ability on the backend.","P H Y SICA LIT Y McKinley will never have great size, but his willingness into contact needs to improve so he's not a liability in the run game.","Teams will have to accept some lows to get the highs that McKinley can provide in coverage."
"197",NA,"O'Neal has been starting for the Aggies since his sophomore year in 2019. It wasn't pretty out the gate as O'Neal missed an absurd 22 tackles on 66 attempts. While it hasn't been as rough since, O'Neal is still one of the lowest graded tacklers in the class. He had good ball productin for the first time in his career this past fall, but of them two picks came against Kent State and two pass-breakups against New Mexico. Westbrook Cypress, TX","make plays from behind receivers.","Easy hip fluidity and change of direction. No hesitation once he keys. Flies to the football Ideal build for safety. Long arms and wingspan to season","CLICK- A N D- CLOSE O'Neal works back downhill out of his pedal with the suddenness necessary to make plays in coverage. That plays at any level of football.","DEEP SA F ET Y / COR N ER Keep O'Neal away from ball-carriers at all costs. A role where he's removed from the run game at safety would be ideal and he may even be a candidate to switch to corner.","T A CKLIN G O'Neal isn't going to be able to see the field with his tackling form and it's not like coaches are going to want that on special teams either.","Slow and a bad tackler is tough pill to swallow at a position like safety."
"198","Jalen Pitre","It was a slow build for Pitre to become the best slot cornerback in college football. He was a role player as a true freshman in before redshirting as a sophomore. He missed significant time with a shoulder injury in 2019 before coming back as a difference-maker for the Bears in 2020. It was that season when he carved out his niche as not only a playmaker in coverage but also a nightmare to try to run against to the field. He solidified that reputation in Ward 2021 with the highest run-defense grade of any defensive back in the FBS. Stafford, TX","line regularly blockers whiff regularly. quickness is top notch.","Flies around the field and lays his body on the Hunts ball carriers and is terrific in space. Makes during his career — not a versatile role. Agile coverage defender. His short-area senior.","N OSE F OR T H E BA LL Pitre's motor doesn't stop until he's arrived to the football. He acts like anyone in his way is insulting him.","SLOT + Pitre was such a difference-maker from the slot that it would be silly not to play him there with some sort of regularity. Chances are he can be more than that, though.","V ER SA T ILIT Y Pitre just needs to show what he can do in a more versatile role. The Senior Bowl will be big for his evaluation, as he'll be asked to execute more and different assignments.","Pitre plays the game in a way you can't help but love. He's going to be around the ball at whatever level he plays."
"199",NA,"Woods saw 150 snaps as a true freshman in 2018 before taking over as the starter midseason in 2019. He tooks his lumps that very first season with a ridiculous 13 missed tackles on only 47 attempts. He looked like a different player, though, once Dave Aranda brought his defense to Waco in 2020. He picked off three passes in nine games and the ball production kept rolling in. Woods took it to another level with six picks and three pass-breakups in a big Hall senior season. Cibolo, TX","his breaks. dropped INT on tape. with three picks in final two games.","Track speed on the back end. See it right from on tape. Plus ball skills. 9 career picks without a single Physicality is lacking. Plus ball skills. Capped off career on a high note career miss rate.",NA,NA,NA,"Woods is a true deep safety with the kind of ball skills to secure every opportunity he gets. He'll fit any scheme that takes safeties out of run fits."
