"","player_id","player","Position","date_signed","contract_type","APY","Years","draft_year","rank_on_date_APY","contract_num","rank_bin","rank_label","season","cap","apy_cap_pct"
"1",6119,"Josh Augusta","DT","2018-01-03","SFA",480000,1,2017,202,2,"111+","Off Roster",2017,167,0.00287425149700599
"2",6158,"Cameron Johnston","P","2018-01-03","SFA",532500,2,2017,25,2,"16-25","Starter",2017,167,0.00318862275449102
"3",6383,"Adam Zaruba","TE","2018-01-03","SFA",526250,2,2017,123,2,"111+","Off Roster",2017,167,0.00315119760479042
"4",6085,"Anthony Kukwa","LS","2018-01-04","SFA",480000,1,2017,34,2,"26-40","Backup/Role-Player",2017,167,0.00287425149700599
"5",6101,"Francis Owusu","WR","2018-01-04","SFA",525000,2,2017,227,2,"111+","Off Roster",2017,167,0.0031437125748503
"6",5820,"Ejuan Price","EDGE","2018-01-08","SFA",600000,2,2017,137,2,"111+","Off Roster",2017,167,0.00359281437125748
"7",5889,"Sae Tautu","LB","2018-01-08","SFA",480000,1,2017,197,2,"111+","Off Roster",2017,167,0.00287425149700599
"8",6084,"Rickey Jefferson","S","2018-01-08","SFA",480000,1,2017,163,2,"111+","Off Roster",2017,167,0.00287425149700599
"9",6176,"Joel Bouagnon","RB","2018-01-10","SFA",480000,1,2017,155,2,"111+","Off Roster",2017,167,0.00287425149700599
"10",6398,"Jeremy Faulk","DT","2018-01-11","SFA",525000,2,2017,190,2,"111+","Off Roster",2017,167,0.0031437125748503
"11",5949,"Alex Gray","S","2018-01-15","SFA",480000,1,2017,169,2,"111+","Off Roster",2017,167,0.00287425149700599
"12",5860,"Casey Sayles","DT","2018-01-18","SFA",480000,1,2017,213,2,"111+","Off Roster",2017,167,0.00287425149700599
"13",6001,"Malik Golden","S","2018-01-19","SFA",480000,1,2017,170,2,"111+","Off Roster",2017,167,0.00287425149700599
"14",6098,"Praise Martin-Oguike","EDGE","2018-01-20","SFA",480000,1,2017,186,2,"111+","Off Roster",2017,167,0.00287425149700599
"15",5979,"Trey Griffey","WR","2018-02-01","SFA",480000,1,2017,282,2,"111+","Off Roster",2017,167,0.00287425149700599
"16",5977,"Dalton Crossan","RB","2018-02-22","SFA",525000,2,2017,143,2,"111+","Off Roster",2017,167,0.0031437125748503
"17",5990,"Garrett Sickels","EDGE","2018-03-13","ERFA",480000,1,2017,195,2,"111+","Off Roster",2017,167,0.00287425149700599
"18",6431,"Christian Kuntz","LB","2018-03-22","SFA",480000,1,2017,139,2,"111+","Off Roster",2018,177.2,0.00270880361173815
"19",6315,"Roubbens Joseph","LT","2018-04-04","SFA",525000,2,2017,53,2,"41-80","Depth",2018,177.2,0.0029627539503386
"20",6140,"Parker Collins","C","2018-04-09","SFA",480000,1,2017,48,2,"41-80","Depth",2018,177.2,0.00270880361173815
"21",6026,"Quincy Adeboyejo","WR","2018-04-16","ERFA",480000,1,2017,204,2,"111+","Off Roster",2018,177.2,0.00270880361173815
"22",6231,"Joseph Jones","LB","2018-04-16","ERFA",555000,1,2017,127,2,"111+","Off Roster",2018,177.2,0.00313205417607224
"23",6434,"Elijah Wilkinson","RT","2018-04-16","ERFA",555000,1,2017,37,2,"26-40","Backup/Role-Player",2018,177.2,0.00313205417607224
"24",6049,"Adam Pankey","LG","2018-04-17","ERFA",555000,1,2017,43,2,"41-80","Depth",2018,177.2,0.00313205417607224
"25",7049,"Natrell Jamerson","S","2018-05-11","Drafted",681406,4,2018,85,2,"81-110","Roster Fringe",2018,177.2,0.00384540632054176
"26",7225,"Buddy Howell","RB","2018-05-11","UDFA",572500,3,2018,108,2,"81-110","Roster Fringe",2018,177.2,0.00323081264108352
"27",5974,"Karter Schult","EDGE","2018-05-14","SFA",481000,1,2017,172,2,"111+","Off Roster",2018,177.2,0.00271444695259594
"28",5981,"Bug Howard","WR","2018-05-14","SFA",481000,1,2017,270,2,"111+","Off Roster",2018,177.2,0.00271444695259594
"29",6242,"Zach Conque","TE","2018-05-14","SFA",570000,3,2017,109,2,"81-110","Roster Fringe",2018,177.2,0.00321670428893905
"30",6393,"Peli Anau","DT","2018-05-14","SFA",480000,1,2017,192,2,"111+","Off Roster",2018,177.2,0.00270880361173815
"31",6378,"Chunky Clements","DT","2018-05-21","SFA",555000,1,2017,171,2,"111+","Off Roster",2018,177.2,0.00313205417607224
"32",5847,"Scott Orndoff","TE","2018-05-30","SFA",480000,1,2017,159,2,"111+","Off Roster",2018,177.2,0.00270880361173815
"33",6043,"Montay Crockett","WR","2018-06-06","SFA",525000,1,2017,247,2,"111+","Off Roster",2018,177.2,0.0029627539503386
"34",6068,"Austin Calitro","LB","2018-06-13","SFA",480000,1,2017,209,2,"111+","Off Roster",2018,177.2,0.00270880361173815
"35",6362,"Michael Dunn","RT","2018-07-31","SFA",480000,1,2017,64,2,"41-80","Depth",2018,177.2,0.00270880361173815
"36",6164,"Jeremy Boykins","CB","2018-08-02","SFA",480000,1,2017,247,2,"111+","Off Roster",2018,177.2,0.00270880361173815
"37",6299,"Dare Ogunbowale","RB","2018-08-02","SFA",525000,2,2017,151,2,"111+","Off Roster",2018,177.2,0.0029627539503386
"38",6135,"Jason Thompson","S","2018-08-04","SFA",525000,2,2017,161,2,"111+","Off Roster",2018,177.2,0.0029627539503386
"39",6227,"Brian Brown","WR","2018-08-04","SFA",480000,1,2017,289,2,"111+","Off Roster",2018,177.2,0.00270880361173815
"40",5814,"Joey Ivie","DT","2018-08-06","SFA",480000,1,2017,208,2,"111+","Off Roster",2018,177.2,0.00270880361173815
"41",6194,"Jarron Jones","DT","2018-08-07","SFA",525000,2,2017,195,2,"111+","Off Roster",2018,177.2,0.0029627539503386
"42",6150,"Charlie Miller","S","2018-08-24","SFA",480000,1,2017,180,2,"111+","Off Roster",2018,177.2,0.00270880361173815
"43",5827,"Khalfani Muhammad","RB","2018-08-27","SFA",480000,1,2017,165,2,"111+","Off Roster",2018,177.2,0.00270880361173815
"44",5758,"Isaiah McKenzie","WR","2018-09-03","SFA",555000,1,2017,198,2,"111+","Off Roster",2018,177.2,0.00313205417607224
"45",5771,"Caleb Brantley","DT","2018-09-03","SFA",600000,2,2017,142,2,"111+","Off Roster",2018,177.2,0.00338600451467269
"46",7165,"Darius Jackson","LB","2018-09-04","SFA",480000,1,2018,199,2,"111+","Off Roster",2018,177.2,0.00270880361173815
"47",5908,"Deante Burton","WR","2018-09-05","SFA",525000,2,2017,226,2,"111+","Off Roster",2018,177.2,0.0029627539503386
"48",6249,"Riley McCarron","WR","2018-09-06","SFA",480000,1,2017,254,2,"111+","Off Roster",2018,177.2,0.00270880361173815
"49",5742,"Brian Hill","RB","2018-09-11","SFA",600000,2,2017,96,2,"81-110","Roster Fringe",2018,177.2,0.00338600451467269
"50",6052,"Lenzy Pipkins","CB","2018-09-11","Other",600000,2,2017,151,2,"111+","Off Roster",2018,177.2,0.00338600451467269
"51",5725,"Jehu Chesson","WR","2018-09-12","SFA",600000,2,2017,156,2,"111+","Off Roster",2018,177.2,0.00338600451467269
"52",5746,"Roderick Johnson","LT","2018-09-12","Other",525000,2,2017,64,2,"41-80","Depth",2018,177.2,0.0029627539503386
"53",7262,"De'Lance Turner","RB","2018-09-12","SFA",480000,1,2018,141,2,"111+","Off Roster",2018,177.2,0.00270880361173815
"54",7570,"Najee Toran","RG","2018-09-12","SFA",480000,1,2018,58,2,"41-80","Depth",2018,177.2,0.00270880361173815
"55",5986,"JoJo Natson","WR","2018-09-13","SFA",550000,1,2017,206,2,"111+","Off Roster",2018,177.2,0.0031038374717833
"56",6122,"Cole Croston","LT","2018-09-15","SFA",600000,2,2017,55,2,"41-80","Depth",2018,177.2,0.00338600451467269
"57",5807,"Shalom Luani","S","2018-09-17","SFA",555000,1,2017,136,2,"111+","Off Roster",2018,177.2,0.00313205417607224
"58",5935,"Ryan Lewis","CB","2018-09-18","SFA",525000,2,2017,200,2,"111+","Off Roster",2018,177.2,0.0029627539503386
"59",7189,"Dalyn Dawkins","RB","2018-09-18","Other",525000,2,2018,134,2,"111+","Off Roster",2018,177.2,0.0029627539503386
"60",7378,"Josh Adams","RB","2018-09-18","SFA",525000,2,2018,134,2,"111+","Off Roster",2018,177.2,0.0029627539503386
"61",7678,"KhaDarel Hodge","WR","2018-09-19","SFA",480000,1,2018,250,2,"111+","Off Roster",2018,177.2,0.00270880361173815
"62",5694,"Vince Biegel","LB","2018-09-21","SFA",555000,1,2017,179,2,"111+","Off Roster",2018,177.2,0.00313205417607224
"63",6039,"Tim White","WR","2018-09-22","SFA",480000,1,2017,246,2,"111+","Off Roster",2018,177.2,0.00270880361173815
"64",7328,"D'Juan Hines","LB","2018-09-22","SFA",525000,2,2018,191,2,"111+","Off Roster",2018,177.2,0.0029627539503386
"65",7482,"Dewey Jarvis","LB","2018-09-22","SFA",525000,2,2018,191,2,"111+","Off Roster",2018,177.2,0.0029627539503386
"66",7136,"Justin Jackson","RB","2018-09-24","SFA",615000,4,2018,96,2,"81-110","Roster Fringe",2018,177.2,0.0034706546275395
"67",5663,"Daeshon Hall","EDGE","2018-09-25","SFA",600000,2,2017,129,2,"111+","Off Roster",2018,177.2,0.00338600451467269
"68",7654,"Garrett Dickerson","TE","2018-09-25","SFA",525000,2,2018,128,2,"111+","Off Roster",2018,177.2,0.0029627539503386
"69",6007,"Nick Mullens","QB","2018-09-26","SFA",525000,2,2017,92,2,"81-110","Roster Fringe",2018,177.2,0.0029627539503386
"70",6301,"Dominique Hatfield","CB","2018-09-26","SFA",555000,1,2017,187,2,"111+","Off Roster",2018,177.2,0.00313205417607224
"71",5618,"Mo Alie-Cox","TE","2018-09-28","Other",525000,2,2017,126,2,"111+","Off Roster",2018,177.2,0.0029627539503386
"72",5748,"Jeremy McNichols","RB","2018-09-28","Other",600000,2,2017,99,2,"81-110","Roster Fringe",2018,177.2,0.00338600451467269
"73",6151,"Carroll Phillips","EDGE","2018-09-28","Other",600000,2,2017,129,2,"111+","Off Roster",2018,177.2,0.00338600451467269
"74",7319,"Tony Brown","CB","2018-09-29","SFA",525000,2,2018,201,2,"111+","Off Roster",2018,177.2,0.0029627539503386
"75",5759,"Brian Allen","CB","2018-10-02","SFA",600000,2,2017,154,2,"111+","Off Roster",2018,177.2,0.00338600451467269
"76",5830,"Treyvon Hester","DT","2018-10-03","SFA",600000,2,2017,146,2,"111+","Off Roster",2018,177.2,0.00338600451467269
"77",5978,"Darrell Daniels","TE","2018-10-03","SFA",555000,1,2017,116,2,"111+","Off Roster",2018,177.2,0.00313205417607224
"78",6097,"Cameron Malveaux","EDGE","2018-10-03","SFA",555000,1,2017,142,2,"111+","Off Roster",2018,177.2,0.00313205417607224
"79",7156,"Skai Moore","LB","2018-10-04","SFA",525000,1,2018,187,2,"111+","Off Roster",2018,177.2,0.0029627539503386
"80",6882,"Colby Wadman","P","2018-10-06","SFA",570000,3,2018,25,2,"16-25","Starter",2018,177.2,0.00321670428893905
"81",7169,"Quenton Meeks","S","2018-10-06","SFA",570000,3,2018,137,2,"111+","Off Roster",2018,177.2,0.00321670428893905
"82",7445,"Tyler Lancaster","DT","2018-10-06","SFA",525000,2,2018,181,2,"111+","Off Roster",2018,177.2,0.0029627539503386
"83",7111,"David Williams","RB","2018-10-09","SFA",525000,2,2018,137,2,"111+","Off Roster",2018,177.2,0.0029627539503386
"84",7282,"Dontrell Hilliard","RB","2018-10-09","SFA",525000,2,2018,137,2,"111+","Off Roster",2018,177.2,0.0029627539503386
"85",7595,"Robert Spillane","LB","2018-10-09","SFA",525000,2,2018,189,2,"111+","Off Roster",2018,177.2,0.0029627539503386
"86",7187,"Cameron Batson","WR","2018-10-10","SFA",525000,2,2018,215,2,"111+","Off Roster",2018,177.2,0.0029627539503386
"87",7518,"Demone Harris","EDGE","2018-10-10","SFA",525000,2,2018,157,2,"111+","Off Roster",2018,177.2,0.0029627539503386
"88",5782,"Al-Quadin Muhammad","EDGE","2018-10-13","SFA",645000,3,2017,122,2,"111+","Off Roster",2018,177.2,0.00363995485327314
"89",5804,"Leon McQuay III","S","2018-10-13","SFA",555000,1,2017,139,2,"111+","Off Roster",2018,177.2,0.00313205417607224
"90",6209,"Tyrone Swoopes","TE","2018-10-13","SFA",480000,1,2017,143,2,"111+","Off Roster",2018,177.2,0.00270880361173815
"91",7230,"Jamiyus Pittman","DT","2018-10-13","SFA",480000,1,2018,191,2,"111+","Off Roster",2018,177.2,0.00270880361173815
"92",7251,"Gus Edwards","RB","2018-10-13","SFA",480000,1,2018,145,2,"111+","Off Roster",2018,177.2,0.00270880361173815
"93",7561,"Ross Dwelley","TE","2018-10-15","SFA",525000,2,2018,129,2,"111+","Off Roster",2018,177.2,0.0029627539503386
"94",5769,"Ukeme Eligwe","LB","2018-10-16","SFA",600000,2,2017,145,2,"111+","Off Roster",2018,177.2,0.00338600451467269
"95",6091,"Xavier Woodson-Luster","LB","2018-10-16","SFA",600000,2,2017,145,2,"111+","Off Roster",2018,177.2,0.00338600451467269
"96",7367,"Grant Haley","CB","2018-10-16","SFA",525000,2,2018,198,2,"111+","Off Roster",2018,177.2,0.0029627539503386
"97",6105,"Maurice Smith","S","2018-10-17","SFA",555000,1,2017,139,2,"111+","Off Roster",2018,177.2,0.00313205417607224
"98",7216,"Cam Phillips","WR","2018-10-18","SFA",525000,2,2018,215,2,"111+","Off Roster",2018,177.2,0.0029627539503386
"99",7538,"Deatrick Nichols","CB","2018-10-18","SFA",525000,2,2018,197,2,"111+","Off Roster",2018,177.2,0.0029627539503386
"100",7382,"Bruce Hector","DT","2018-10-19","SFA",525000,2,2018,181,2,"111+","Off Roster",2018,177.2,0.0029627539503386
"101",7188,"Deontay Burnett","WR","2018-10-20","SFA",480000,1,2018,237,2,"111+","Off Roster",2018,177.2,0.00270880361173815
"102",7334,"Detrez Newsome","RB","2018-10-20","SFA",570000,3,2018,111,2,"111+","Off Roster",2018,177.2,0.00321670428893905
"103",5946,"Riley Bullough","LB","2018-10-22","SFA",600000,2,2017,143,2,"111+","Off Roster",2018,177.2,0.00338600451467269
"104",7292,"Quadree Henderson","WR","2018-10-22","SFA",525000,2,2018,213,2,"111+","Off Roster",2018,177.2,0.0029627539503386
"105",5745,"Jermaine Eluemunor","RG","2018-10-23","SFA",555000,1,2017,53,2,"41-80","Depth",2018,177.2,0.00313205417607224
"106",6080,"Pharaoh Brown","TE","2018-10-23","SFA",525000,2,2017,130,2,"111+","Off Roster",2018,177.2,0.0029627539503386
"107",7113,"Marcell Ateman","WR","2018-10-23","SFA",480000,1,2018,236,2,"111+","Off Roster",2018,177.2,0.00270880361173815
"108",7190,"Nick DeLuca","LB","2018-10-23","SFA",525000,2,2018,187,2,"111+","Off Roster",2018,177.2,0.0029627539503386
"109",7269,"Jordan Franks","TE","2018-10-23","SFA",525000,2,2018,130,2,"111+","Off Roster",2018,177.2,0.0029627539503386
"110",7311,"Jimmy Murray","C","2018-10-23","SFA",525000,2,2018,59,2,"41-80","Depth",2018,177.2,0.0029627539503386
"111",7513,"Deon Yelder","TE","2018-10-23","SFA",525000,2,2018,130,2,"111+","Off Roster",2018,177.2,0.0029627539503386
"112",7161,"Dee Delaney","CB","2018-10-25","SFA",570000,3,2018,176,2,"111+","Off Roster",2018,177.2,0.00321670428893905
"113",7153,"Steve Ishmael","WR","2018-10-26","SFA",525000,2,2018,215,2,"111+","Off Roster",2018,177.2,0.0029627539503386
"114",7390,"Chandon Sullivan","CB","2018-10-26","SFA",525000,2,2018,200,2,"111+","Off Roster",2018,177.2,0.0029627539503386
"115",5789,"De'Angelo Henderson","RB","2018-10-27","SFA",555000,1,2017,117,2,"111+","Off Roster",2018,177.2,0.00313205417607224
"116",6218,"Storm Norton","RT","2018-10-27","SFA",480000,1,2017,61,2,"41-80","Depth",2018,177.2,0.00270880361173815
"117",7098,"Colby Gossett","RG","2018-10-30","SFA",525000,2,2018,57,2,"41-80","Depth",2018,177.2,0.0029627539503386
"118",7690,"Malik Turner","WR","2018-10-31","SFA",480000,1,2018,240,2,"111+","Off Roster",2018,177.2,0.00270880361173815
"119",5755,"Treston Decoud","CB","2018-11-01","SFA",600000,2,2017,158,2,"111+","Off Roster",2018,177.2,0.00338600451467269
"120",7569,"Emmanuel Moseley","CB","2018-11-01","SFA",525000,2,2018,202,2,"111+","Off Roster",2018,177.2,0.0029627539503386
"121",6437,"River Cracraft","WR","2018-11-02","SFA",525000,2,2017,215,2,"111+","Off Roster",2018,177.2,0.0029627539503386
"122",6033,"Taquan Mizzell","RB","2018-11-03","SFA",600000,2,2017,96,2,"81-110","Roster Fringe",2018,177.2,0.00338600451467269
"123",7453,"Chad Beebe","WR","2018-11-03","SFA",570000,3,2018,181,2,"111+","Off Roster",2018,177.2,0.00321670428893905
"124",7138,"Auden Tate","WR","2018-11-05","SFA",615000,4,2018,162,2,"111+","Off Roster",2018,177.2,0.0034706546275395
"125",7150,"Michael Badgley","K","2018-11-05","SFA",570000,3,2018,30,2,"26-40","Backup/Role-Player",2018,177.2,0.00321670428893905
"126",5642,"Obi Melifonwu","S","2018-11-06","SFA",690000,2,2017,101,2,"81-110","Roster Fringe",2018,177.2,0.00389390519187359
"127",7219,"Levi Wallace","CB","2018-11-06","SFA",525000,2,2018,203,2,"111+","Off Roster",2018,177.2,0.0029627539503386
"128",5952,"Greg Mabin","CB","2018-11-08","SFA",555000,1,2017,188,2,"111+","Off Roster",2018,177.2,0.00313205417607224
"129",5750,"Isaac Asiata","RG","2018-11-09","SFA",555000,1,2017,53,2,"41-80","Depth",2018,177.2,0.00313205417607224
"130",6361,"Lance Lenoir","TE","2018-11-09","SFA",570000,3,2017,110,2,"81-110","Roster Fringe",2018,177.2,0.00321670428893905
"131",5673,"Davis Webb","QB","2018-11-10","SFA",555000,1,2017,87,2,"81-110","Roster Fringe",2018,177.2,0.00313205417607224
"132",7214,"Robert Foster","WR","2018-11-10","SFA",525000,2,2018,218,2,"111+","Off Roster",2018,177.2,0.0029627539503386
"133",7508,"Keith Kirkwood","WR","2018-11-10","SFA",525000,2,2018,218,2,"111+","Off Roster",2018,177.2,0.0029627539503386
"134",5838,"Matt Dayes","RB","2018-11-12","SFA",600000,1,2017,97,2,"81-110","Roster Fringe",2018,177.2,0.00338600451467269
"135",5933,"Tre'Von Johnson","LB","2018-11-13","SFA",525000,2,2017,189,2,"111+","Off Roster",2018,177.2,0.0029627539503386
"136",6129,"D.J. Killings","CB","2018-11-13","SFA",525000,2,2017,205,2,"111+","Off Roster",2018,177.2,0.0029627539503386
"137",7370,"Saeed Blacknall","WR","2018-11-14","SFA",480000,1,2018,243,2,"111+","Off Roster",2018,177.2,0.00270880361173815
"138",7426,"Mike Ford","CB","2018-11-14","SFA",525000,2,2018,204,2,"111+","Off Roster",2018,177.2,0.0029627539503386
"139",6012,"Brandon Bell","LB","2018-11-16","SFA",600000,2,2017,147,2,"111+","Off Roster",2018,177.2,0.00338600451467269
"140",7520,"Godwin Igwebuike","S","2018-11-16","SFA",525000,2,2018,151,2,"111+","Off Roster",2018,177.2,0.0029627539503386
"141",6082,"Keon Hatcher","WR","2018-11-19","SFA",525000,2,2017,220,2,"111+","Off Roster",2018,177.2,0.0029627539503386
"142",6109,"Gehrig Dieter","WR","2018-11-19","SFA",525000,2,2017,220,2,"111+","Off Roster",2018,177.2,0.0029627539503386
"143",7218,"Corey Thompson","LB","2018-11-19","SFA",570000,3,2018,166,2,"111+","Off Roster",2018,177.2,0.00321670428893905
"144",7428,"Chris Jones","CB","2018-11-20","SFA",525000,2,2018,200,2,"111+","Off Roster",2018,177.2,0.0029627539503386
"145",7546,"Jalen Tolliver","WR","2018-11-20","SFA",525000,2,2018,220,2,"111+","Off Roster",2018,177.2,0.0029627539503386
"146",7565,"Niles Scott","DT","2018-11-22","SFA",525000,2,2018,182,2,"111+","Off Roster",2018,177.2,0.0029627539503386
"147",7117,"James Looney","DT","2018-11-24","SFA",525000,2,2018,183,2,"111+","Off Roster",2018,177.2,0.0029627539503386
"148",7535,"Chad Kanoff","QB","2018-11-24","SFA",525000,2,2018,97,2,"81-110","Roster Fringe",2018,177.2,0.0029627539503386
"149",7633,"Jeff Wilson","RB","2018-11-24","SFA",525000,2,2018,132,2,"111+","Off Roster",2018,177.2,0.0029627539503386
"150",5810,"Zane Gonzalez","K","2018-11-26","SFA",600000,2,2017,27,2,"26-40","Backup/Role-Player",2018,177.2,0.00338600451467269
"151",5870,"James Onwualu","LB","2018-11-27","SFA",600000,2,2017,146,2,"111+","Off Roster",2018,177.2,0.00338600451467269
"152",7172,"C.J. Reavis","S","2018-11-27","SFA",570000,3,2018,138,2,"111+","Off Roster",2018,177.2,0.00321670428893905
"153",7460,"Craig James","CB","2018-11-27","SFA",570000,3,2018,176,2,"111+","Off Roster",2018,177.2,0.00321670428893905
"154",5823,"Isaiah Ford","WR","2018-11-28","SFA",525000,2,2017,221,2,"111+","Off Roster",2018,177.2,0.0029627539503386
"155",6053,"David Rivers","CB","2018-11-28","SFA",525000,2,2017,202,2,"111+","Off Roster",2018,177.2,0.0029627539503386
"156",7384,"Ryan Neal","S","2018-11-28","SFA",525000,2,2018,154,2,"111+","Off Roster",2018,177.2,0.0029627539503386
"157",5956,"Bobo Wilson","WR","2018-11-30","SFA",600000,2,2017,166,2,"111+","Off Roster",2018,177.2,0.00338600451467269
"158",7284,"Montrel Meander","S","2018-11-30","SFA",525000,2,2018,154,2,"111+","Off Roster",2018,177.2,0.0029627539503386
"159",5783,"Jeremy Clark","CB","2018-12-01","SFA",555000,1,2017,186,2,"111+","Off Roster",2018,177.2,0.00313205417607224
"160",7197,"Joshua Kalu","S","2018-12-01","SFA",570000,3,2018,138,2,"111+","Off Roster",2018,177.2,0.00321670428893905
"161",7478,"Emmanuel Ellerbee","LB","2018-12-01","SFA",480000,1,2018,198,2,"111+","Off Roster",2018,177.2,0.00270880361173815
"162",7076,"Dylan Cantrell","WR","2018-12-03","SFA",525000,2,2018,220,2,"111+","Off Roster",2018,177.2,0.0029627539503386
"163",7133,"Kendall Donnerson","EDGE","2018-12-04","SFA",525000,2,2018,159,2,"111+","Off Roster",2018,177.2,0.0029627539503386
"164",7215,"Mike Love","EDGE","2018-12-04","SFA",570000,3,2018,143,2,"111+","Off Roster",2018,177.2,0.00321670428893905
"165",5788,"Pita Taumoepenu","EDGE","2018-12-06","SFA",600000,2,2017,133,2,"111+","Off Roster",2018,177.2,0.00338600451467269
"166",5799,"Colin Holba","LS","2018-12-06","SFA",645000,2,2017,19,2,"16-25","Starter",2018,177.2,0.00363995485327314
"167",7044,"Daurice Fountain","WR","2018-12-08","SFA",525000,2,2018,221,2,"111+","Off Roster",2018,177.2,0.0029627539503386
"168",7222,"Jalen Davis","CB","2018-12-08","SFA",525000,2,2018,206,2,"111+","Off Roster",2018,177.2,0.0029627539503386
"169",7285,"Da'Mari Scott","WR","2018-12-08","SFA",570000,3,2018,187,2,"111+","Off Roster",2018,177.2,0.00321670428893905
"170",6216,"Leo Koloamatangi","C","2018-12-11","SFA",570000,3,2017,53,2,"41-80","Depth",2018,177.2,0.00321670428893905
"171",7090,"Trevon Young","EDGE","2018-12-11","SFA",576867,3,2018,141,2,"111+","Off Roster",2018,177.2,0.00325545711060948
"172",7519,"Tanner Hudson","TE","2018-12-11","SFA",525000,2,2018,131,2,"111+","Off Roster",2018,177.2,0.0029627539503386
"173",7077,"Jamil Demby","LG","2018-12-12","SFA",570000,3,2018,51,2,"41-80","Depth",2018,177.2,0.00321670428893905
"174",7213,"Keith Ford","RB","2018-12-12","SFA",570000,3,2018,115,2,"111+","Off Roster",2018,177.2,0.00321670428893905
"175",7357,"Tyree Robinson","S","2018-12-12","SFA",525000,2,2018,156,2,"111+","Off Roster",2018,177.2,0.0029627539503386
"176",5965,"B.J. Bello","LB","2018-12-14","SFA",645000,3,2017,127,2,"111+","Off Roster",2018,177.2,0.00363995485327314
"177",7166,"Lyndon Johnson","EDGE","2018-12-14","SFA",570000,3,2018,146,2,"111+","Off Roster",2018,177.2,0.00321670428893905
"178",5821,"Joshua Holsey","CB","2018-12-15","SFA",600000,2,2017,160,2,"111+","Off Roster",2018,177.2,0.00338600451467269
"179",7398,"Matt Flanagan","TE","2018-12-15","SFA",570000,3,2018,111,2,"111+","Off Roster",2018,177.2,0.00321670428893905
"180",5994,"Victor Bolden","WR","2018-12-18","SFA",600000,2,2017,167,2,"111+","Off Roster",2018,177.2,0.00338600451467269
"181",6104,"Eric Smith","LT","2018-12-18","SFA",562500,2,2017,58,2,"41-80","Depth",2018,177.2,0.00317437923250564
"182",7121,"Bo Scarbrough","RB","2018-12-18","SFA",487500,2,2018,150,2,"111+","Off Roster",2018,177.2,0.00275112866817156
"183",7167,"Allen Lazard","WR","2018-12-18","SFA",487500,2,2018,248,2,"111+","Off Roster",2018,177.2,0.00275112866817156
"184",7195,"Rico Gafford","CB","2018-12-18","SFA",497800,2,2018,231,2,"111+","Off Roster",2018,177.2,0.00280925507900677
"185",7274,"Chris Worley","LB","2018-12-18","SFA",520000,3,2018,192,2,"111+","Off Roster",2018,177.2,0.00293453724604966
"186",7517,"Donnie Ernsberger","TE","2018-12-18","SFA",487500,2,2018,149,2,"111+","Off Roster",2018,177.2,0.00275112866817156
"187",5791,"Jeremiah Ledbetter","DT","2018-12-19","SFA",562500,2,2017,173,2,"111+","Off Roster",2018,177.2,0.00317437923250564
"188",7127,"Kendrick Norton","DT","2018-12-19","SFA",487500,2,2018,202,2,"111+","Off Roster",2018,177.2,0.00275112866817156
"189",7387,"Jeremy Reaves","S","2018-12-19","SFA",487500,2,2018,172,2,"111+","Off Roster",2018,177.2,0.00275112866817156
"190",5866,"Nigel Harris","LB","2018-12-20","SFA",595000,3,2017,154,2,"111+","Off Roster",2018,177.2,0.00335778781038375
"191",7248,"Anthony Wint","LB","2018-12-20","SFA",480000,1,2018,197,2,"111+","Off Roster",2018,177.2,0.00270880361173815
"192",7494,"Kyle Allen","QB","2018-12-20","SFA",487500,2,2018,100,2,"81-110","Roster Fringe",2018,177.2,0.00275112866817156
"193",7618,"Darvin Kidsy","WR","2018-12-20","SFA",487500,2,2018,246,2,"111+","Off Roster",2018,177.2,0.00275112866817156
"194",6256,"Dee Virgin","CB","2018-12-22","SFA",525000,2,2017,206,2,"111+","Off Roster",2018,177.2,0.0029627539503386
"195",7199,"Elijah Nkansah","RT","2018-12-22","SFA",487500,2,2018,61,2,"41-80","Depth",2018,177.2,0.00275112866817156
"196",7238,"Chris Lacy","WR","2018-12-22","SFA",520000,3,2018,238,2,"111+","Off Roster",2018,177.2,0.00293453724604966
"197",6076,"Breon Borders","CB","2018-12-24","SFA",562500,2,2017,186,2,"111+","Off Roster",2018,177.2,0.00317437923250564
"198",7375,"Paul Butler","TE","2018-12-24","SFA",487500,2,2018,150,2,"111+","Off Roster",2018,177.2,0.00275112866817156
"199",7556,"Steven Mitchell","WR","2018-12-24","Other",520000,3,2018,238,2,"111+","Off Roster",2018,177.2,0.00293453724604966
"200",7630,"Dallin Leavitt","S","2018-12-24","SFA",487500,2,2018,172,2,"111+","Off Roster",2018,177.2,0.00275112866817156
"201",7560,"Steven Dunbar","WR","2018-12-26","SFA",487500,2,2018,248,2,"111+","Off Roster",2018,177.2,0.00275112866817156
"202",5833,"Malachi Dupre","WR","2018-12-28","SFA",487500,2,2017,249,2,"111+","Off Roster",2018,177.2,0.00275112866817156
"203",5901,"Horace Richardson","CB","2018-12-28","SFA",520000,3,2017,228,2,"111+","Off Roster",2018,177.2,0.00293453724604966
"204",5941,"Pasoni Tasini","DT","2018-12-28","SFA",487500,2,2017,201,2,"111+","Off Roster",2018,177.2,0.00275112866817156
"205",7268,"Quinton Flowers","RB","2018-12-28","SFA",520000,3,2018,150,2,"111+","Off Roster",2018,177.2,0.00293453724604966
"206",7536,"Matt McCrane","K","2018-12-28","SFA",525000,2,2018,40,2,"26-40","Backup/Role-Player",2018,177.2,0.0029627539503386
"207",7174,"Andre Chachere","CB","2018-12-29","SFA",520000,3,2018,229,2,"111+","Off Roster",2018,177.2,0.00293453724604966
"208",5722,"Sean Harlow","LG","2018-12-31","SFA",615000,2,2017,48,2,"41-80","Depth",2018,177.2,0.0034706546275395
"209",5727,"Chad Hansen","WR","2018-12-31","SFA",615000,2,2017,167,2,"111+","Off Roster",2018,177.2,0.0034706546275395
"210",5761,"DeAngelo Yancey","WR","2018-12-31","SFA",540000,2,2017,211,2,"111+","Off Roster",2018,177.2,0.00304740406320542
"211",5800,"Elijah Qualls","DT","2018-12-31","SFA",570000,1,2017,174,2,"111+","Off Roster",2018,177.2,0.00321670428893905
"212",5817,"Jylan Ware","LT","2018-12-31","SFA",615000,2,2017,57,2,"41-80","Depth",2018,177.2,0.0034706546275395
"213",5834,"Keion Adams","EDGE","2018-12-31","SFA",495000,1,2017,177,2,"111+","Off Roster",2018,177.2,0.00279345372460497
"214",5836,"Pat O'Connor","EDGE","2018-12-31","SFA",615000,2,2017,133,2,"111+","Off Roster",2018,177.2,0.0034706546275395
"215",5879,"Cole Luke","CB","2018-12-31","SFA",495000,1,2017,243,2,"111+","Off Roster",2018,177.2,0.00279345372460497
"216",5954,"Jonathan Moxey","CB","2018-12-31","SFA",495000,1,2017,243,2,"111+","Off Roster",2018,177.2,0.00279345372460497
"217",5972,"Kai Nacua","S","2018-12-31","SFA",570000,1,2017,142,2,"111+","Off Roster",2018,177.2,0.00321670428893905
"218",6014,"Demetrious Cox","S","2018-12-31","SFA",615000,2,2017,129,2,"111+","Off Roster",2018,177.2,0.0034706546275395
"219",6027,"C.J. Board","WR","2018-12-31","SFA",540000,2,2017,211,2,"111+","Off Roster",2018,177.2,0.00304740406320542
"220",6128,"David Jones","S","2018-12-31","SFA",540000,2,2017,155,2,"111+","Off Roster",2018,177.2,0.00304740406320542
"221",6182,"Dieugot Joseph","LT","2018-12-31","SFA",615000,2,2017,57,2,"41-80","Depth",2018,177.2,0.0034706546275395
"222",6188,"Levonte Whitfield","WR","2018-12-31","SFA",540000,2,2017,211,2,"111+","Off Roster",2018,177.2,0.00304740406320542
"223",6239,"Evan Baylis","TE","2018-12-31","SFA",495000,1,2017,153,2,"111+","Off Roster",2018,177.2,0.00279345372460497
"224",6282,"Jermaine Grace","LB","2018-12-31","SFA",570000,1,2017,167,2,"111+","Off Roster",2018,177.2,0.00321670428893905
"225",6358,"Fred Brown","WR","2018-12-31","SFA",540000,2,2017,211,2,"111+","Off Roster",2018,177.2,0.00304740406320542
"226",6359,"Alex Gray","TE","2018-12-31","SFA",540000,2,2017,127,2,"111+","Off Roster",2018,177.2,0.00304740406320542
"227",6380,"Brady Sheldon","LB","2018-12-31","SFA",495000,1,2017,206,2,"111+","Off Roster",2018,177.2,0.00279345372460497
"228",6439,"Jon Toth","C","2018-12-31","SFA",540000,2,2017,61,2,"41-80","Depth",2018,177.2,0.00304740406320542
"229",7168,"K.C. McDermott","LT","2018-12-31","SFA",550000,2,2018,62,2,"41-80","Depth",2018,177.2,0.0031038374717833
"230",7176,"Anthony Coyle","RT","2018-12-31","SFA",495000,1,2018,65,2,"41-80","Depth",2018,177.2,0.00279345372460497
"231",7212,"Gerhard De Beer","RT","2018-12-31","SFA",495000,1,2018,65,2,"41-80","Depth",2018,177.2,0.00279345372460497
"232",7240,"Ralph Webb","RB","2018-12-31","SFA",495000,1,2018,155,2,"111+","Off Roster",2018,177.2,0.00279345372460497
"233",7252,"Justin Evans","RG","2018-12-31","SFA",495000,1,2018,66,2,"41-80","Depth",2018,177.2,0.00279345372460497
"234",7258,"Andre Levrone","WR","2018-12-31","SFA",500000,1,2018,257,2,"111+","Off Roster",2018,177.2,0.0028216704288939
"235",7278,"Christian DiLauro","RT","2018-12-31","SFA",540000,2,2018,61,2,"41-80","Depth",2018,177.2,0.00304740406320542
"236",7294,"Pharoah McKever","TE","2018-12-31","SFA",540000,2,2018,127,2,"111+","Off Roster",2018,177.2,0.00304740406320542
"237",7295,"Patrick Morris","C","2018-12-31","SFA",495000,1,2018,67,2,"41-80","Depth",2018,177.2,0.00279345372460497
"238",7316,"Jordan Smallwood","WR","2018-12-31","SFA",540000,2,2018,211,2,"111+","Off Roster",2018,177.2,0.00304740406320542
"239",7435,"Teo Redding","WR","2018-12-31","SFA",495000,1,2018,258,2,"111+","Off Roster",2018,177.2,0.00279345372460497
"240",7437,"JoJo Wicker","DT","2018-12-31","SFA",540000,2,2018,190,2,"111+","Off Roster",2018,177.2,0.00304740406320542
"241",7456,"Garret Dooley","LB","2018-12-31","SFA",540000,2,2018,185,2,"111+","Off Roster",2018,177.2,0.00304740406320542
"242",7463,"Tray Matthews","S","2018-12-31","SFA",495000,1,2018,177,2,"111+","Off Roster",2018,177.2,0.00279345372460497
"243",7470,"Jonathan Wynn","EDGE","2018-12-31","SFA",540000,2,2018,159,2,"111+","Off Roster",2018,177.2,0.00304740406320542
"244",7471,"Kurt Benkert","QB","2018-12-31","SFA",540000,2,2018,94,2,"81-110","Roster Fringe",2018,177.2,0.00304740406320542
"245",7472,"Christian Blake","WR","2018-12-31","SFA",540000,2,2018,211,2,"111+","Off Roster",2018,177.2,0.00304740406320542
"246",7480,"Devin Gray","WR","2018-12-31","SFA",540000,2,2018,211,2,"111+","Off Roster",2018,177.2,0.00304740406320542
"247",7490,"Emmanuel Smith","LB","2018-12-31","SFA",540000,2,2018,185,2,"111+","Off Roster",2018,177.2,0.00304740406320542
"248",7495,"Reggie Bonnafon","RB","2018-12-31","SFA",495000,1,2018,155,2,"111+","Off Roster",2018,177.2,0.00279345372460497
"249",7511,"Linden Stephens","CB","2018-12-31","SFA",540000,2,2018,209,2,"111+","Off Roster",2018,177.2,0.00304740406320542
"250",7516,"Cole Boozer","RG","2018-12-31","SFA",540000,2,2018,61,2,"41-80","Depth",2018,177.2,0.00304740406320542
"251",7549,"Andrew Vollert","TE","2018-12-31","SFA",540000,2,2018,127,2,"111+","Off Roster",2018,177.2,0.00304740406320542
"252",7566,"Terrell Williams","S","2018-12-31","SFA",540000,2,2018,155,2,"111+","Off Roster",2018,177.2,0.00304740406320542
"253",7568,"Tarvarus McFadden","CB","2018-12-31","SFA",540000,2,2018,209,2,"111+","Off Roster",2018,177.2,0.00304740406320542
"254",7609,"Brad Lundblade","C","2018-12-31","SFA",540000,2,2018,61,2,"41-80","Depth",2018,177.2,0.00304740406320542
"255",7615,"Deontez Alexander","WR","2018-12-31","SFA",540000,2,2018,211,2,"111+","Off Roster",2018,177.2,0.00304740406320542
"256",7619,"Casey Dunn","C","2018-12-31","SFA",615000,2,2018,54,2,"41-80","Depth",2018,177.2,0.0034706546275395
"257",7623,"Ruben Holcomb","LT","2018-12-31","SFA",540000,2,2018,63,2,"41-80","Depth",2018,177.2,0.00304740406320542
"258",7626,"R.J. Prince","LG","2018-12-31","SFA",495000,1,2018,64,2,"41-80","Depth",2018,177.2,0.00279345372460497
"259",7632,"Coleman Shelton","RG","2018-12-31","SFA",495000,1,2018,66,2,"41-80","Depth",2018,177.2,0.00279345372460497
"260",7642,"Christian Scotland-Williamson","TE","2018-12-31","SFA",495000,1,2018,153,2,"111+","Off Roster",2018,177.2,0.00279345372460497
"261",7644,"Robert Martin","RB","2018-12-31","SFA",540000,2,2018,133,2,"111+","Off Roster",2018,177.2,0.00304740406320542
"262",7651,"Jaeden Graham","TE","2018-12-31","SFA",540000,2,2018,127,2,"111+","Off Roster",2018,177.2,0.00304740406320542
"263",7657,"Jacob Tuioti-Mariner","EDGE","2018-12-31","SFA",540000,2,2018,159,2,"111+","Off Roster",2018,177.2,0.00304740406320542
"264",7710,"Alexander Johnson","LB","2018-12-31","SFA",615000,2,2018,145,2,"111+","Off Roster",2018,177.2,0.0034706546275395
"265",5723,"Zach Banner","RT","2019-01-01","ERFA",645000,1,2017,49,2,"41-80","Depth",2018,177.2,0.00363995485327314
"266",5757,"Nathan Peterman","QB","2019-01-01","SFA",645000,1,2017,79,2,"41-80","Depth",2018,177.2,0.00363995485327314
"267",5787,"Bucky Hodges","TE","2019-01-01","SFA",495000,1,2017,153,2,"111+","Off Roster",2018,177.2,0.00279345372460497
"268",5824,"Devante Mays","RB","2019-01-01","SFA",615000,2,2017,101,2,"81-110","Roster Fringe",2018,177.2,0.0034706546275395
"269",5884,"Devaroe Lawrence","DT","2019-01-01","SFA",615000,2,2017,154,2,"111+","Off Roster",2018,177.2,0.0034706546275395
"270",6224,"Jeremiah Valoaga","EDGE","2019-01-01","SFA",615000,2,2017,135,2,"111+","Off Roster",2018,177.2,0.0034706546275395
"271",6252,"Gimel President","EDGE","2019-01-01","SFA",615000,2,2017,135,2,"111+","Off Roster",2018,177.2,0.0034706546275395
"272",6416,"Daniel Williams","WR","2019-01-01","SFA",540000,2,2017,213,2,"111+","Off Roster",2018,177.2,0.00304740406320542
"273",6417,"Rashard Davis","WR","2019-01-01","SFA",495000,1,2017,263,2,"111+","Off Roster",2018,177.2,0.00279345372460497
"274",7112,"Quentin Poling","LB","2019-01-01","SFA",540000,2,2018,186,2,"111+","Off Roster",2018,177.2,0.00304740406320542
"275",7154,"Robert Jackson","CB","2019-01-01","SFA",540000,2,2018,212,2,"111+","Off Roster",2018,177.2,0.00304740406320542
"276",7202,"Devin Ross","WR","2019-01-01","SFA",540000,2,2018,213,2,"111+","Off Roster",2018,177.2,0.00304740406320542
"277",7206,"Damon Webb","S","2019-01-01","SFA",540000,2,2018,156,2,"111+","Off Roster",2018,177.2,0.00304740406320542
"278",7279,"Daniel Ekuale","DT","2019-01-01","SFA",540000,2,2018,192,2,"111+","Off Roster",2018,177.2,0.00304740406320542
"279",7304,"Dee Liner","DT","2019-01-01","SFA",540000,2,2018,192,2,"111+","Off Roster",2018,177.2,0.00304740406320542
"280",7564,"Jamar McGloster","RT","2019-01-01","SFA",495000,1,2018,66,2,"41-80","Depth",2018,177.2,0.00279345372460497
"281",7613,"Tigie Sankoh","S","2019-01-01","SFA",540000,2,2018,156,2,"111+","Off Roster",2018,177.2,0.00304740406320542
"282",7636,"Ryan Yurachek","FB","2019-01-01","SFA",495000,1,2018,22,2,"16-25","Starter",2018,177.2,0.00279345372460497
"283",7656,"Chris Lammons","CB","2019-01-01","SFA",540000,2,2018,212,2,"111+","Off Roster",2018,177.2,0.00304740406320542
"284",7692,"James Butler","RB","2019-01-01","SFA",495000,1,2018,157,2,"111+","Off Roster",2018,177.2,0.00279345372460497
"285",5786,"Adam Bisnowaty","LT","2019-01-02","SFA",495000,1,2017,74,2,"41-80","Depth",2018,177.2,0.00279345372460497
"286",5808,"Jalen Myrick","CB","2019-01-02","SFA",570000,1,2017,185,2,"111+","Off Roster",2018,177.2,0.00321670428893905
"287",6003,"Cole Hikutini","TE","2019-01-02","SFA",615000,2,2017,102,2,"81-110","Roster Fringe",2018,177.2,0.0034706546275395
"288",7043,"Andrew Brown","DT","2019-01-02","SFA",540000,2,2018,192,2,"111+","Off Roster",2018,177.2,0.00304740406320542
"289",7261,"Mark Thompson","RB","2019-01-02","SFA",540000,2,2018,136,2,"111+","Off Roster",2018,177.2,0.00304740406320542
"290",7299,"Matthew Thomas","LB","2019-01-02","SFA",570000,1,2018,168,2,"111+","Off Roster",2018,177.2,0.00321670428893905
"291",7452,"Jeff Badet","WR","2019-01-02","SFA",577500,2,2018,186,2,"111+","Off Roster",2018,177.2,0.00325902934537246
"292",7455,"Curtis Cothran","DT","2019-01-02","SFA",540000,2,2018,192,2,"111+","Off Roster",2018,177.2,0.00304740406320542
"293",7468,"Roc Thomas","RB","2019-01-02","SFA",615000,2,2018,101,2,"81-110","Roster Fringe",2018,177.2,0.0034706546275395
"294",6144,"Hunter Dimick","EDGE","2019-01-03","SFA",540000,2,2017,165,2,"111+","Off Roster",2018,177.2,0.00304740406320542
"295",7436,"Ryan Santoso","P","2019-01-03","SFA",540000,2,2018,35,2,"26-40","Backup/Role-Player",2018,177.2,0.00304740406320542
"296",7612,"Brogan Roback","QB","2019-01-03","SFA",495000,1,2018,107,2,"81-110","Roster Fringe",2018,177.2,0.00279345372460497
"297",7631,"Ka'Raun White","WR","2019-01-03","SFA",495000,1,2018,265,2,"111+","Off Roster",2018,177.2,0.00279345372460497
"298",6222,"Josh Thornton","CB","2019-01-04","SFA",500000,1,2017,249,2,"111+","Off Roster",2018,177.2,0.0028216704288939
"299",7559,"Tegray Scales","LB","2019-01-04","SFA",495000,1,2018,213,2,"111+","Off Roster",2018,177.2,0.00279345372460497
"300",5805,"Stacy Coley","WR","2019-01-05","SFA",690000,2,2017,137,2,"111+","Off Roster",2018,177.2,0.00389390519187359
"301",6113,"Ashton Lampkin","CB","2019-01-05","SFA",540000,2,2017,214,2,"111+","Off Roster",2018,177.2,0.00304740406320542
"302",5798,"Kofi Amichia","LG","2019-01-07","SFA",495000,1,2017,65,2,"41-80","Depth",2018,177.2,0.00279345372460497
"303",5926,"Carlton Agudosi","WR","2019-01-07","SFA",615000,2,2017,171,2,"111+","Off Roster",2018,177.2,0.0034706546275395
"304",6090,"Isaac Whitney","WR","2019-01-07","SFA",615000,2,2017,171,2,"111+","Off Roster",2018,177.2,0.0034706546275395
"305",6208,"Jordan Roos","RG","2019-01-07","SFA",615000,1,2017,51,2,"41-80","Depth",2018,177.2,0.0034706546275395
"306",7073,"Simeon Thomas","CB","2019-01-07","SFA",495000,1,2018,252,2,"111+","Off Roster",2018,177.2,0.00279345372460497
"307",7173,"Davin Bellamy","EDGE","2019-01-07","SFA",540000,2,2018,166,2,"111+","Off Roster",2018,177.2,0.00304740406320542
"308",7184,"Jester Weah","WR","2019-01-07","SFA",540000,2,2018,220,2,"111+","Off Roster",2018,177.2,0.00304740406320542
"309",7255,"Alvin Jones","LB","2019-01-07","SFA",495000,1,2018,215,2,"111+","Off Roster",2018,177.2,0.00279345372460497
"310",7256,"Nick Keizer","TE","2019-01-07","SFA",495000,1,2018,155,2,"111+","Off Roster",2018,177.2,0.00279345372460497
"311",7571,"Caleb Scott","WR","2019-01-07","SFA",495000,1,2018,272,2,"111+","Off Roster",2018,177.2,0.00279345372460497
"312",7602,"Christopher Ezeala","FB","2019-01-07","SFA",495000,1,2018,22,2,"16-25","Starter",2018,177.2,0.00279345372460497
"313",5855,"Jake Eldrenkamp","RG","2019-01-08","SFA",495000,1,2017,71,2,"41-80","Depth",2018,177.2,0.00279345372460497
"314",6131,"Harvey Langi","LB","2019-01-08","SFA",615000,2,2017,148,2,"111+","Off Roster",2018,177.2,0.0034706546275395
"315",6179,"Tanner Gentry","WR","2019-01-08","SFA",615000,2,2017,171,2,"111+","Off Roster",2018,177.2,0.0034706546275395
"316",7012,"Rick Leonard","RT","2019-01-08","SFA",540000,2,2018,62,2,"41-80","Depth",2018,177.2,0.00304740406320542
"317",7407,"Dejon Allen","RG","2019-01-08","SFA",540000,2,2018,64,2,"41-80","Depth",2018,177.2,0.00304740406320542
"318",7408,"Abdullah Anderson","DT","2019-01-08","SFA",540000,2,2018,194,2,"111+","Off Roster",2018,177.2,0.00304740406320542
"319",7411,"Michael Joseph","CB","2019-01-08","SFA",540000,2,2018,214,2,"111+","Off Roster",2018,177.2,0.00304740406320542
"320",7413,"Ryan Nall","RB","2019-01-08","SFA",540000,2,2018,140,2,"111+","Off Roster",2018,177.2,0.00304740406320542
"321",7451,"Conor Sheehy","DT","2019-01-08","SFA",495000,1,2018,220,2,"111+","Off Roster",2018,177.2,0.00279345372460497
"322",7605,"John Franklin III","CB","2019-01-08","SFA",540000,2,2018,214,2,"111+","Off Roster",2018,177.2,0.00304740406320542
"323",7670,"Josh Woods","LB","2019-01-08","SFA",555100,2,2018,187,2,"111+","Off Roster",2018,177.2,0.00313261851015801
"324",7450,"Kevin Rader","TE","2019-01-09","SFA",495000,1,2018,157,2,"111+","Off Roster",2018,177.2,0.00279345372460497
"325",7693,"Jonathan Celestin","LB","2019-01-10","SFA",500000,1,2018,218,2,"111+","Off Roster",2018,177.2,0.0028216704288939
"326",5718,"Donnel Pumphrey","RB","2019-01-14","SFA",540000,2,2017,141,2,"111+","Off Roster",2018,177.2,0.00304740406320542
"327",5753,"Avery Moss","EDGE","2019-01-14","SFA",615000,2,2017,137,2,"111+","Off Roster",2018,177.2,0.0034706546275395
"328",5931,"Krishawn Hogan","WR","2019-01-14","SFA",540000,2,2017,224,2,"111+","Off Roster",2018,177.2,0.00304740406320542
"329",5993,"Phillip Walker","QB","2019-01-14","SFA",540000,2,2017,99,2,"81-110","Roster Fringe",2018,177.2,0.00304740406320542
"330",6363,"Billy Brown","TE","2019-01-14","SFA",540000,2,2017,133,2,"111+","Off Roster",2018,177.2,0.00304740406320542
"331",7170,"Dorren Miller","WR","2019-01-14","SFA",540000,2,2018,224,2,"111+","Off Roster",2018,177.2,0.00304740406320542
"332",7204,"Jordan Veasy","WR","2019-01-14","SFA",540000,2,2018,224,2,"111+","Off Roster",2018,177.2,0.00304740406320542
"333",7341,"Jordan Chunn","RB","2019-01-14","SFA",540000,2,2018,141,2,"111+","Off Roster",2018,177.2,0.00304740406320542
"334",7346,"Jake Campos","RT","2019-01-14","SFA",540000,2,2018,62,2,"41-80","Depth",2018,177.2,0.00304740406320542
"335",7353,"Kyle Queiro","LB","2019-01-14","SFA",540000,2,2018,195,2,"111+","Off Roster",2018,177.2,0.00304740406320542
"336",7356,"Donovan Olumba","CB","2019-01-14","SFA",540000,2,2018,218,2,"111+","Off Roster",2018,177.2,0.00304740406320542
"337",7379,"Asantay Brown","LB","2019-01-14","SFA",540000,2,2018,195,2,"111+","Off Roster",2018,177.2,0.00304740406320542
"338",7385,"Joe Ostman","EDGE","2019-01-14","SFA",551250,2,2018,165,2,"111+","Off Roster",2018,177.2,0.00311089164785553
"339",7493,"Anthony Winbush","LB","2019-01-14","SFA",540000,2,2018,195,2,"111+","Off Roster",2018,177.2,0.00304740406320542
"340",5871,"Andre Patton","WR","2019-01-15","SFA",495000,1,2017,283,2,"111+","Off Roster",2018,177.2,0.00279345372460497
"341",7105,"Alex McGough","QB","2019-01-15","SFA",640000,2,2018,83,2,"81-110","Roster Fringe",2018,177.2,0.0036117381489842
"342",7315,"Arrion Springs","CB","2019-01-15","SFA",495000,1,2018,261,2,"111+","Off Roster",2018,177.2,0.00279345372460497
"343",7617,"Patrick Afriyie","EDGE","2019-01-15","SFA",495000,1,2018,189,2,"111+","Off Roster",2018,177.2,0.00279345372460497
"344",5906,"Marcelis Branch","S","2019-01-16","SFA",495000,1,2017,185,2,"111+","Off Roster",2018,177.2,0.00279345372460497
"345",7067,"Christian Campbell","CB","2019-01-21","SFA",540000,2,2018,219,2,"111+","Off Roster",2018,177.2,0.00304740406320542
"346",7155,"Tomasi Laulile","DT","2019-01-21","SFA",540000,2,2018,198,2,"111+","Off Roster",2018,177.2,0.00304740406320542
"347",7501,"J.T. Barrett","QB","2019-01-21","SFA",540000,2,2018,102,2,"81-110","Roster Fringe",2018,177.2,0.00304740406320542
"348",7504,"J.T. Gray","S","2019-01-21","SFA",570000,1,2018,147,2,"111+","Off Roster",2018,177.2,0.00321670428893905
"349",6059,"Brandon Reilly","WR","2019-01-22","SFA",615000,2,2017,175,2,"111+","Off Roster",2018,177.2,0.0034706546275395
"350",7301,"Raymond Davison","LB","2019-01-22","SFA",495000,1,2018,225,2,"111+","Off Roster",2018,177.2,0.00279345372460497
"351",7303,"Ryan Hunter","RG","2019-01-22","SFA",495000,1,2018,74,2,"41-80","Depth",2018,177.2,0.00279345372460497
"352",7305,"Chase Litton","QB","2019-01-22","SFA",495000,1,2018,113,2,"111+","Off Roster",2018,177.2,0.00279345372460497
"353",7309,"Robert McCray","EDGE","2019-01-22","SFA",495000,1,2018,189,2,"111+","Off Roster",2018,177.2,0.00279345372460497
"354",7317,"D'Montre Wade","CB","2019-01-22","SFA",495000,1,2018,263,2,"111+","Off Roster",2018,177.2,0.00279345372460497
"355",7344,"David Wells","TE","2019-01-22","SFA",495000,1,2018,162,2,"111+","Off Roster",2018,177.2,0.00279345372460497
"356",7666,"Josh Crockett","WR","2019-01-22","SFA",495000,1,2018,286,2,"111+","Off Roster",2018,177.2,0.00279345372460497
"357",7509,"Henry Mondeaux","DT","2019-01-24","SFA",495000,1,2018,227,2,"111+","Off Roster",2018,177.2,0.00279345372460497
"358",5887,"Arthur Maulet","CB","2019-01-29","SFA",657000,1,2017,148,2,"111+","Off Roster",2018,177.2,0.00370767494356659
"359",6195,"Calvin Munson","LB","2019-02-05","SFA",570000,1,2017,175,2,"111+","Off Roster",2018,177.2,0.00321670428893905
"360",6246,"Justin Hardee","WR","2019-02-05","ERFA",645000,1,2017,154,2,"111+","Off Roster",2018,177.2,0.00363995485327314
"361",7104,"Danny Etling","QB","2019-02-05","SFA",495000,1,2018,113,2,"111+","Off Roster",2018,177.2,0.00279345372460497
"362",7236,"Frank Herron","DT","2019-02-05","SFA",495000,1,2018,227,2,"111+","Off Roster",2018,177.2,0.00279345372460497
"363",7394,"Martez Carter","RB","2019-02-05","SFA",495000,1,2018,168,2,"111+","Off Roster",2018,177.2,0.00279345372460497
"364",7533,"A.J. Howard","S","2019-02-05","SFA",505000,1,2018,186,2,"111+","Off Roster",2018,177.2,0.00284988713318284
"365",7627,"Damoun Patterson","WR","2019-02-05","SFA",495000,1,2018,289,2,"111+","Off Roster",2018,177.2,0.00279345372460497
"366",5890,"Cameron Tom","C","2019-02-06","ERFA",645000,1,2017,45,2,"41-80","Depth",2018,177.2,0.00363995485327314
"367",6311,"Reggie Davis","WR","2019-02-07","SFA",540000,2,2017,230,2,"111+","Off Roster",2018,177.2,0.00304740406320542
"368",7116,"Travin Howard","LB","2019-02-08","SFA",540000,2,2018,202,2,"111+","Off Roster",2018,177.2,0.00304740406320542
"369",7140,"Austin Proehl","WR","2019-02-08","SFA",540000,2,2018,230,2,"111+","Off Roster",2018,177.2,0.00304740406320542
"370",7492,"Malik Williams","RB","2019-02-08","SFA",495000,1,2018,168,2,"111+","Off Roster",2018,177.2,0.00279345372460497
"371",7558,"Ramon Richards","S","2019-02-08","SFA",540000,2,2018,162,2,"111+","Off Roster",2018,177.2,0.00304740406320542
"372",7660,"Steven Parker","S","2019-02-08","SFA",540000,2,2018,162,2,"111+","Off Roster",2018,177.2,0.00304740406320542
"373",5672,"Kareem Hunt","RB","2019-02-12","SFA",1100000,1,2017,46,2,"41-80","Depth",2018,177.2,0.00620767494356659
"374",6163,"Jamal Perry","CB","2019-02-15","SFA",540000,2,2017,224,2,"111+","Off Roster",2018,177.2,0.00304740406320542
"375",5796,"Justin Senior","RT","2019-02-21","SFA",495000,1,2017,77,2,"41-80","Depth",2018,177.2,0.00279345372460497
"376",5872,"Artavis Scott","WR","2019-02-21","ERFA",495000,1,2017,292,2,"111+","Off Roster",2018,177.2,0.00279345372460497
"377",5739,"Jake Elliott","K","2019-02-22","ERFA",645000,1,2017,30,2,"26-40","Backup/Role-Player",2018,177.2,0.00363995485327314
"378",5828,"Elijah Hood","RB","2019-02-25","ERFA",495000,1,2017,170,2,"111+","Off Roster",2018,177.2,0.00279345372460497
"379",7616,"Davon Grayson","WR","2019-02-27","SFA",495000,1,2018,292,2,"111+","Off Roster",2018,177.2,0.00279345372460497
"380",6253,"Daniel Ross","DT","2019-03-08","ERFA",645000,1,2017,143,2,"111+","Off Roster",2018,177.2,0.00363995485327314
"381",7658,"Codey McElroy","TE","2019-03-11","SFA",540000,2,2018,143,2,"111+","Off Roster",2018,177.2,0.00304740406320542
"382",5793,"Brandon Wilson","S","2019-03-12","ERFA",645000,1,2017,123,2,"111+","Off Roster",2018,177.2,0.00363995485327314
"383",5818,"Elijah Lee","LB","2019-03-14","ERFA",645000,1,2017,87,2,"81-110","Roster Fringe",2019,188.2,0.00342720510095643
"384",5811,"Isaac Rochell","EDGE","2019-03-15","ERFA",645000,1,2017,93,2,"81-110","Roster Fringe",2019,188.2,0.00342720510095643
"385",7371,"Jason Cabinda","LB","2019-03-15","ERFA",570000,1,2018,121,2,"111+","Off Roster",2019,188.2,0.00302869287991498
"386",7259,"Trent Sieg","LS","2019-03-20","ERFA",570000,1,2018,23,2,"16-25","Starter",2019,188.2,0.00302869287991498
"387",5877,"Bryan Cox Jr.","EDGE","2019-03-21","ERFA",645000,1,2017,96,2,"81-110","Roster Fringe",2019,188.2,0.00342720510095643
"388",5938,"Ricky Seals-Jones","TE","2019-03-21","ERFA",645000,1,2017,67,2,"41-80","Depth",2019,188.2,0.00342720510095643
"389",6022,"Josh Tupou","DT","2019-03-21","ERFA",645000,1,2017,97,2,"81-110","Roster Fringe",2019,188.2,0.00342720510095643
"390",6035,"Tim Patrick","WR","2019-04-02","ERFA",570000,1,2017,153,2,"111+","Off Roster",2019,188.2,0.00302869287991498
"391",6112,"Marcus Kemp","WR","2019-04-02","ERFA",570000,1,2017,153,2,"111+","Off Roster",2019,188.2,0.00302869287991498
"392",7245,"Frankie Luvu","EDGE","2019-04-02","ERFA",570000,1,2018,118,2,"111+","Off Roster",2019,188.2,0.00302869287991498
"393",6064,"Keith Towbridge","TE","2019-04-08","SFA",540000,2,2017,97,2,"81-110","Roster Fringe",2019,188.2,0.00286928799149841
"394",6212,"Alex Barrett","EDGE","2019-04-08","SFA",495000,1,2017,138,2,"111+","Off Roster",2019,188.2,0.00263018065887354
"395",6223,"Robert Tonyan","TE","2019-04-08","ERFA",570000,1,2017,85,2,"81-110","Roster Fringe",2019,188.2,0.00302869287991498
"396",7134,"Logan Woodside","QB","2019-04-08","SFA",540000,2,2018,79,2,"41-80","Depth",2019,188.2,0.00286928799149841
"397",6162,"Greg Ward","WR","2019-04-09","SFA",495000,1,2017,215,2,"111+","Off Roster",2019,188.2,0.00263018065887354
"398",6271,"Shakir Soto","DT","2019-04-09","SFA",540000,2,2017,132,2,"111+","Off Roster",2019,188.2,0.00286928799149841
"399",5907,"Daniel Brunskill","RG","2019-04-11","SFA",495000,1,2017,55,2,"41-80","Depth",2019,188.2,0.00263018065887354
"400",7151,"Chris Cooper","S","2019-04-11","SFA",540000,2,2018,116,2,"111+","Off Roster",2019,188.2,0.00286928799149841
"401",7611,"DeMarquis Gates","LB","2019-04-11","SFA",585000,3,2018,119,2,"111+","Off Roster",2019,188.2,0.00310839532412327
"402",7719,"John Wolford","QB","2019-04-11","SFA",495000,1,2018,90,2,"81-110","Roster Fringe",2019,188.2,0.00263018065887354
"403",5819,"Harrison Butker","K","2019-04-15","ERFA",645000,1,2017,22,2,"16-25","Starter",2019,188.2,0.00342720510095643
"404",6087,"Jordan Simmons","LG","2019-04-15","ERFA",570000,1,2017,43,2,"41-80","Depth",2019,188.2,0.00302869287991498
"405",6181,"Isaiah Irving","EDGE","2019-04-15","ERFA",645000,1,2017,102,2,"81-110","Roster Fringe",2019,188.2,0.00342720510095643
"406",7052,"Daniel Carlson","K","2019-04-15","ERFA",570000,1,2018,32,2,"26-40","Backup/Role-Player",2019,188.2,0.00302869287991498
"407",5812,"David Moore","WR","2019-04-16","ERFA",645000,1,2017,126,2,"111+","Off Roster",2019,188.2,0.00342720510095643
"408",5920,"Chris Odom","EDGE","2019-04-16","SFA",615000,2,2017,112,2,"111+","Off Roster",2019,188.2,0.00326780021253985
"409",7554,"Jeremiah Kolone","RG","2019-04-29","SFA",495000,1,2018,55,2,"41-80","Depth",2019,188.2,0.00263018065887354
"410",7369,"Marcus Baugh","TE","2019-04-30","SFA",500000,1,2018,120,2,"111+","Off Roster",2019,188.2,0.0026567481402763
"411",7421,"Ryan Winslow","P","2019-05-02","SFA",495000,1,2018,33,2,"26-40","Backup/Role-Player",2019,188.2,0.00263018065887354
"412",6125,"Cody Hollister","WR","2019-05-13","SFA",540000,2,2017,265,2,"111+","Off Roster",2019,188.2,0.00286928799149841
"413",7291,"Greg Gilmore","DT","2019-05-13","SFA",495000,1,2018,214,2,"111+","Off Roster",2019,188.2,0.00263018065887354
"414",5829,"Kyle Fuller","LG","2019-05-16","SFA",690000,2,2017,37,2,"26-40","Backup/Role-Player",2019,188.2,0.0036663124335813
"415",7736,"Bryant Mitchell","WR","2019-05-17","SFA",495000,1,2019,308,2,"111+","Off Roster",2019,188.2,0.00263018065887354
"416",5839,"Chad Kelly","QB","2019-05-20","SFA",570000,1,2017,96,2,"81-110","Roster Fringe",2019,188.2,0.00302869287991498
"417",7348,"Austin Larkin","EDGE","2019-05-29","SFA",540000,2,2018,174,2,"111+","Off Roster",2019,188.2,0.00286928799149841
"418",5989,"Rigoberto Sanchez","P","2019-06-04","Extension",2900000,4,2017,6,2,"4-8","Star",2019,188.2,0.0154091392136026
"419",6132,"Kenny Moore","CB","2019-06-13","Extension",8325000,4,2017,25,2,"16-25","Starter",2019,188.2,0.0442348565356004
"420",7402,"De'Mornay Pierson-El","WR","2019-07-18","SFA",495000,1,2018,316,2,"111+","Off Roster",2019,188.2,0.00263018065887354
"421",7326,"Bijhon Jackson","DT","2019-07-24","SFA",495000,1,2018,227,2,"111+","Off Roster",2019,188.2,0.00263018065887354
"422",7527,"Shaun Wilson","RB","2019-07-25","SFA",540000,2,2018,150,2,"111+","Off Roster",2019,188.2,0.00286928799149841
"423",7462,"Trevon Mathis","CB","2019-08-08","SFA",495000,1,2018,270,2,"111+","Off Roster",2019,188.2,0.00263018065887354
"424",7207,"Ethan Wolf","TE","2019-08-11","SFA",495000,1,2018,164,2,"111+","Off Roster",2019,188.2,0.00263018065887354
"425",7512,"Nate Wozniak","TE","2019-08-11","SFA",495000,1,2018,164,2,"111+","Off Roster",2019,188.2,0.00263018065887354
"426",5939,"Sojourn Shelton","CB","2019-08-12","SFA",495000,1,2017,271,2,"111+","Off Roster",2019,188.2,0.00263018065887354
"427",6433,"Donald Payne","LB","2019-08-16","SFA",645000,1,2017,132,2,"111+","Off Roster",2019,188.2,0.00342720510095643
"428",6005,"Erik Magnuson","C","2019-08-20","SFA",645000,1,2017,46,2,"41-80","Depth",2019,188.2,0.00342720510095643
"429",6300,"Chris Thompson","WR","2019-08-21","SFA",570000,1,2017,259,2,"111+","Off Roster",2019,188.2,0.00302869287991498
"430",7669,"Jackson Porter","CB","2019-08-25","SFA",495000,1,2018,271,2,"111+","Off Roster",2019,188.2,0.00263018065887354
"431",7663,"Luis Perez","QB","2019-08-27","SFA",495000,1,2018,120,2,"111+","Off Roster",2019,188.2,0.00263018065887354
"432",5743,"Will Holden","RT","2019-08-29","SFA",645000,1,2017,50,2,"41-80","Depth",2019,188.2,0.00342720510095643
"433",7036,"Davontae Harris","CB","2019-09-02","SFA",615000,2,2018,176,2,"111+","Off Roster",2019,188.2,0.00326780021253985
"434",7094,"Cornell Armstrong","CB","2019-09-02","SFA",615000,2,2018,176,2,"111+","Off Roster",2019,188.2,0.00326780021253985
"435",7102,"Keishawn Bierria","LB","2019-09-02","SFA",615000,2,2018,142,2,"111+","Off Roster",2019,188.2,0.00326780021253985
"436",7203,"Aaron Stinnie","LG","2019-09-07","SFA",615000,2,2018,51,2,"41-80","Depth",2019,188.2,0.00326780021253985
"437",8146,"Keelan Doss","WR","2019-09-09","SFA",795000,1,2019,121,2,"111+","Off Roster",2019,188.2,0.00422422954303932
"438",7078,"Chris Covington","LB","2019-09-11","SFA",615000,2,2018,140,2,"111+","Off Roster",2019,188.2,0.00326780021253985
"439",8194,"Nate Meadors","CB","2019-09-12","SFA",540000,2,2019,216,2,"111+","Off Roster",2019,188.2,0.00286928799149841
"440",7093,"Cedrick Wilson Jr.","WR","2019-09-14","SFA",540000,2,2018,244,2,"111+","Off Roster",2019,188.2,0.00286928799149841
"441",7110,"Devante Downs","LB","2019-09-14","SFA",660000,3,2018,124,2,"111+","Off Roster",2019,188.2,0.00350690754516472
"442",7313,"Byron Pringle","WR","2019-09-14","SFA",540000,2,2018,244,2,"111+","Off Roster",2019,188.2,0.00286928799149841
"443",5774,"Elijah McGuire","RB","2019-09-16","SFA",645000,1,2017,90,2,"81-110","Roster Fringe",2019,188.2,0.00342720510095643
"444",8317,"Keaton Sutherland","RG","2019-09-17","SFA",540000,2,2019,62,2,"41-80","Depth",2019,188.2,0.00286928799149841
"445",8530,"Devlin Hodges","QB","2019-09-17","SFA",540000,2,2019,96,2,"81-110","Roster Fringe",2019,188.2,0.00286928799149841
"446",8357,"Lil'Jordan Humphrey","WR","2019-09-18","SFA",495000,1,2019,280,2,"111+","Off Roster",2019,188.2,0.00263018065887354
"447",8050,"Jakob Johnson","FB","2019-09-21","SFA",540000,2,2019,17,2,"16-25","Starter",2019,188.2,0.00286928799149841
"448",8498,"Willie Harvey","LB","2019-09-21","SFA",540000,2,2019,186,2,"111+","Off Roster",2019,188.2,0.00286928799149841
"449",7182,"Vyncint Smith","WR","2019-09-23","SFA",615000,2,2018,174,2,"111+","Off Roster",2019,188.2,0.00326780021253985
"450",6261,"Jamal Carter","LB","2019-09-24","SFA",615000,2,2017,141,2,"111+","Off Roster",2019,188.2,0.00326780021253985
"451",8042,"Dakota Allen","LB","2019-09-24","SFA",540000,2,2019,187,2,"111+","Off Roster",2019,188.2,0.00286928799149841
"452",8457,"Justin Phillips","LB","2019-09-25","SFA",540000,2,2019,188,2,"111+","Off Roster",2019,188.2,0.00286928799149841
"453",5815,"Adrian Colbert","S","2019-09-26","SFA",645000,1,2017,124,2,"111+","Off Roster",2019,188.2,0.00342720510095643
"454",6099,"Torry McTyer","CB","2019-09-26","SFA",645000,1,2017,163,2,"111+","Off Roster",2019,188.2,0.00342720510095643
"455",8178,"Ashton Dulin","WR","2019-09-27","SFA",540000,2,2019,243,2,"111+","Off Roster",2019,188.2,0.00286928799149841
"456",8635,"Tom Kennedy","WR","2019-09-27","SFA",540000,2,2019,243,2,"111+","Off Roster",2019,188.2,0.00286928799149841
"457",8120,"Jonathan Harris","DT","2019-09-28","SFA",540000,2,2019,191,2,"111+","Off Roster",2019,188.2,0.00286928799149841
"458",8190,"Davion Davis","WR","2019-09-28","SFA",540000,2,2019,243,2,"111+","Off Roster",2019,188.2,0.00286928799149841
"459",8076,"Calvin Anderson","LT","2019-10-01","SFA",540000,2,2019,68,2,"41-80","Depth",2019,188.2,0.00286928799149841
"460",7069,"Marcell Harris","S","2019-10-02","SFA",615000,2,2018,137,2,"111+","Off Roster",2019,188.2,0.00326780021253985
"461",8316,"Stanley Morgan","WR","2019-10-02","SFA",540000,2,2019,240,2,"111+","Off Roster",2019,188.2,0.00286928799149841
"462",8555,"Ventell Bryant","WR","2019-10-02","SFA",540000,2,2019,240,2,"111+","Off Roster",2019,188.2,0.00286928799149841
"463",7403,"Cam Sims","WR","2019-10-03","SFA",540000,2,2018,239,2,"111+","Off Roster",2019,188.2,0.00286928799149841
"464",5980,"Thomas Hennessy","LS","2019-10-05","Extension",1100000,4,2017,11,2,"9-15","Above-Average Starter",2019,188.2,0.00584484590860786
"465",7123,"Zach Sieler","DT","2019-10-05","SFA",570000,1,2018,181,2,"111+","Off Roster",2019,188.2,0.00302869287991498
"466",8145,"Lester Cotton","LG","2019-10-05","SFA",495000,1,2019,70,2,"41-80","Depth",2019,188.2,0.00263018065887354
"467",8502,"Shakial Taylor","CB","2019-10-05","SFA",495000,2,2019,237,2,"111+","Off Roster",2019,188.2,0.00263018065887354
"468",8554,"Noah Dawkins","LB","2019-10-09","SFA",540000,2,2019,187,2,"111+","Off Roster",2019,188.2,0.00286928799149841
"469",8490,"Austin Walter","RB","2019-10-10","SFA",495000,1,2019,141,2,"111+","Off Roster",2019,188.2,0.00263018065887354
"470",6326,"Trey Edmunds","TE","2019-10-11","SFA",690000,2,2017,75,2,"41-80","Depth",2019,188.2,0.0036663124335813
"471",7086,"Boston Scott","RB","2019-10-11","SFA",615000,2,2018,100,2,"81-110","Roster Fringe",2019,188.2,0.00326780021253985
"472",8377,"Nate Trewyn","C","2019-10-11","SFA",540000,2,2019,64,2,"41-80","Depth",2019,188.2,0.00286928799149841
"473",6126,"Jacob Hollister","TE","2019-10-12","SFA",645000,1,2017,89,2,"81-110","Roster Fringe",2019,188.2,0.00342720510095643
"474",7061,"John Kelly","RB","2019-10-12","SFA",570000,1,2018,119,2,"111+","Off Roster",2019,188.2,0.00302869287991498
"475",7953,"Cameron Smith","LB","2019-10-12","SFA",630000,4,2019,139,2,"111+","Off Roster",2019,188.2,0.00334750265674814
"476",8253,"Nik Needham","CB","2019-10-12","SFA",540000,2,2019,212,2,"111+","Off Roster",2019,188.2,0.00286928799149841
"477",8416,"Jason Moore","WR","2019-10-12","SFA",585000,3,2019,209,2,"111+","Off Roster",2019,188.2,0.00310839532412327
"478",7234,"John Atkins","DT","2019-10-14","SFA",540000,2,2018,190,2,"111+","Off Roster",2019,188.2,0.00286928799149841
"479",8112,"Alex Bars","LG","2019-10-15","SFA",540000,2,2019,64,2,"41-80","Depth",2019,188.2,0.00286928799149841
"480",6275,"Dan Skipper","LT","2019-10-16","SFA",540000,2,2017,67,2,"41-80","Depth",2019,188.2,0.00286928799149841
"481",8297,"Greg Dortch","WR","2019-10-16","SFA",540000,2,2019,240,2,"111+","Off Roster",2019,188.2,0.00286928799149841
"482",5692,"Amara Darboh","WR","2019-10-17","SFA",615000,2,2017,175,2,"111+","Off Roster",2019,188.2,0.00326780021253985
"483",7064,"Parry Nickerson","CB","2019-10-17","SFA",615000,2,2018,169,2,"111+","Off Roster",2019,188.2,0.00326780021253985
"484",8445,"Derick Roberson","EDGE","2019-10-19","SFA",540000,2,2019,163,2,"111+","Off Roster",2019,188.2,0.00286928799149841
"485",8540,"Craig Reynolds","RB","2019-10-19","SFA",540000,2,2019,126,2,"111+","Off Roster",2019,188.2,0.00286928799149841
"486",8561,"Jake Gervase","S","2019-10-19","SFA",540000,2,2019,159,2,"111+","Off Roster",2019,188.2,0.00286928799149841
"487",8262,"Joe Giles-Harris","LB","2019-10-21","SFA",585000,3,2019,169,2,"111+","Off Roster",2019,188.2,0.00310839532412327
"488",6238,"Eli Ankou","DT","2019-10-22","SFA",690000,2,2017,128,2,"111+","Off Roster",2019,188.2,0.0036663124335813
"489",7192,"Matt Dickerson","DT","2019-10-22","SFA",615000,2,2018,158,2,"111+","Off Roster",2019,188.2,0.00326780021253985
"490",8235,"Kyle Shurmur","QB","2019-10-22","SFA",540000,2,2019,94,2,"81-110","Roster Fringe",2019,188.2,0.00286928799149841
"491",8329,"Albert Huggins","DT","2019-10-22","SFA",540000,2,2019,193,2,"111+","Off Roster",2019,188.2,0.00286928799149841
"492",8433,"Anthony Rush","DT","2019-10-22","SFA",540000,2,2019,193,2,"111+","Off Roster",2019,188.2,0.00286928799149841
"493",8282,"Malik Carney","LB","2019-10-23","SFA",136000,1,2019,220,2,"111+","Off Roster",2019,188.2,0.000722635494155154
"494",8517,"Kareem Orr","CB","2019-10-26","SFA",540000,2,2019,210,2,"111+","Off Roster",2019,188.2,0.00286928799149841
"495",7081,"Tremon Smith","CB","2019-10-29","SFA",615000,2,2018,170,2,"111+","Off Roster",2019,188.2,0.00326780021253985
"496",8264,"Tae Hayes","CB","2019-10-29","SFA",585000,3,2019,187,2,"111+","Off Roster",2019,188.2,0.00310839532412327
"497",5736,"Jordan Leggett","TE","2019-10-30","SFA",645000,1,2017,89,2,"81-110","Roster Fringe",2019,188.2,0.00342720510095643
"498",5868,"Younghoe Koo","K","2019-10-30","SFA",570000,1,2017,39,2,"26-40","Backup/Role-Player",2019,188.2,0.00302869287991498
"499",7949,"Michael Jackson Sr.","CB","2019-10-30","SFA",540000,2,2019,214,2,"111+","Off Roster",2019,188.2,0.00286928799149841
"500",8274,"Brandon Rusnak","S","2019-10-30","SFA",585000,3,2019,146,2,"111+","Off Roster",2019,188.2,0.00310839532412327
"501",8054,"Brett Rypien","QB","2019-11-01","SFA",540000,2,2019,94,2,"81-110","Roster Fringe",2019,188.2,0.00286928799149841
"502",8066,"Josh Watson","LB","2019-11-01","SFA",540000,2,2019,191,2,"111+","Off Roster",2019,188.2,0.00286928799149841
"503",8199,"Stephen Carlson","TE","2019-11-01","SFA",540000,2,2019,117,2,"111+","Off Roster",2019,188.2,0.00286928799149841
"504",5780,"Vincent Taylor","DT","2019-11-02","SFA",690000,2,2017,129,2,"111+","Off Roster",2019,188.2,0.0036663124335813
"505",8273,"Michael Walker","WR","2019-11-02","SFA",585000,3,2019,207,2,"111+","Off Roster",2019,188.2,0.00310839532412327
"506",7434,"Brandon Powell","WR","2019-11-05","SFA",615000,2,2018,176,2,"111+","Off Roster",2019,188.2,0.00326780021253985
"507",8031,"Jackson Barton","LT","2019-11-11","SFA",555000,2,2019,64,2,"41-80","Depth",2019,188.2,0.0029489904357067
"508",5738,"Corn Elder","CB","2019-11-12","SFA",615000,2,2017,171,2,"111+","Off Roster",2019,188.2,0.00326780021253985
"509",8296,"Kyron Brown","CB","2019-11-12","SFA",540000,2,2019,215,2,"111+","Off Roster",2019,188.2,0.00286928799149841
"510",8188,"Khari Blasingame","FB","2019-11-13","SFA",540000,2,2019,19,2,"16-25","Starter",2019,188.2,0.00286928799149841
"511",8343,"Miles Brown","DT","2019-11-13","SFA",540000,2,2019,196,2,"111+","Off Roster",2019,188.2,0.00286928799149841
"512",8473,"Chandler Brewer","LG","2019-11-13","SFA",540000,2,2019,63,2,"41-80","Depth",2019,188.2,0.00286928799149841
"513",8595,"Mazzi Wilkins","CB","2019-11-13","SFA",540000,2,2019,216,2,"111+","Off Roster",2019,188.2,0.00286928799149841
"514",5894,"Aviante Collins","LG","2019-11-14","SFA",615000,2,2017,53,2,"41-80","Depth",2019,188.2,0.00326780021253985
"515",6019,"Hardy Nickerson","LB","2019-11-15","SFA",645000,1,2017,135,2,"111+","Off Roster",2019,188.2,0.00342720510095643
"516",8318,"Damion Willis","WR","2019-11-15","SFA",540000,2,2019,237,2,"111+","Off Roster",2019,188.2,0.00286928799149841
"517",5647,"Josh Jones","S","2019-11-16","SFA",690000,2,2017,113,2,"111+","Off Roster",2019,188.2,0.0036663124335813
"518",7070,"Deon Cain","WR","2019-11-16","SFA",540000,2,2018,239,2,"111+","Off Roster",2019,188.2,0.00286928799149841
"519",8013,"Kerrith Whyte","RB","2019-11-17","SFA",540000,2,2019,126,2,"111+","Off Roster",2019,188.2,0.00286928799149841
"520",8537,"Charles Jones","TE","2019-11-18","SFA",585000,3,2019,107,2,"81-110","Roster Fringe",2019,188.2,0.00310839532412327
"521",5908,"Deante Burton","CB","2019-11-20","SFA",615000,2,2017,172,2,"111+","Off Roster",2019,188.2,0.00326780021253985
"522",8536,"Jesper Horsted","WR","2019-11-20","SFA",540000,2,2019,238,2,"111+","Off Roster",2019,188.2,0.00286928799149841
"523",7542,"Jonathan Owens","S","2019-11-21","SFA",585000,3,2018,147,2,"111+","Off Roster",2019,188.2,0.00310839532412327
"524",8203,"J.T. Hassell","S","2019-11-21","SFA",540000,2,2019,160,2,"111+","Off Roster",2019,188.2,0.00286928799149841
"525",8056,"Ahmad Gooden","EDGE","2019-11-22","SFA",540000,2,2019,163,2,"111+","Off Roster",2019,188.2,0.00286928799149841
"526",8068,"Ryan Bee","DT","2019-11-22","SFA",495000,1,2019,219,2,"111+","Off Roster",2019,188.2,0.00263018065887354
"527",8355,"Porter Gustin","EDGE","2019-11-22","SFA",540000,2,2019,163,2,"111+","Off Roster",2019,188.2,0.00286928799149841
"528",8015,"Isaac Nauta","TE","2019-11-23","SFA",540000,2,2019,120,2,"111+","Off Roster",2019,188.2,0.00286928799149841
"529",8526,"Garrett McGhin","RT","2019-11-25","SFA",540000,2,2019,63,2,"41-80","Depth",2019,188.2,0.00286928799149841
"530",8159,"Yosuah Nijman","LT","2019-11-26","SFA",540000,2,2019,66,2,"41-80","Depth",2019,188.2,0.00286928799149841
"531",8266,"Carson Meier","TE","2019-11-27","SFA",495000,1,2019,140,2,"111+","Off Roster",2019,188.2,0.00263018065887354
"532",5674,"Eddie Vanderdoes","DT","2019-11-30","SFA",690000,2,2017,135,2,"111+","Off Roster",2019,188.2,0.0036663124335813
"533",5760,"Eric Saubert","TE","2019-11-30","SFA",694000,2,2017,77,2,"41-80","Depth",2019,188.2,0.00368756641870351
"534",5803,"Corey Levin","C","2019-11-30","SFA",699000,2,2017,48,2,"41-80","Depth",2019,188.2,0.00371413390010627
"535",5837,"Mason Schreck","TE","2019-11-30","SFA",615000,2,2017,103,2,"81-110","Roster Fringe",2019,188.2,0.00326780021253985
"536",6270,"Kyle Sloter","QB","2019-11-30","SFA",715000,2,2017,77,2,"41-80","Depth",2019,188.2,0.00379914984059511
"537",8245,"Montre Hartage","S","2019-11-30","SFA",495000,1,2019,174,2,"111+","Off Roster",2019,188.2,0.00263018065887354
"538",8452,"Jalen Guyton","WR","2019-11-30","SFA",585000,3,2019,208,2,"111+","Off Roster",2019,188.2,0.00310839532412327
"539",8192,"Alexander Hollins","WR","2019-12-02","SFA",540000,2,2019,239,2,"111+","Off Roster",2019,188.2,0.00286928799149841
"540",5684,"Chad Williams","WR","2019-12-03","SFA",690000,2,2017,141,2,"111+","Off Roster",2019,188.2,0.0036663124335813
"541",6036,"Patrick Ricard","FB","2019-12-03","Extension",3650000,2,2017,2,2,"1-3","Superstar",2019,188.2,0.019394261424017
"542",8472,"Kendall Blanton","TE","2019-12-03","SFA",585000,3,2019,111,2,"111+","Off Roster",2019,188.2,0.00310839532412327
"543",5781,"Tanner Vallejo","LB","2019-12-04","SFA",690000,2,2017,119,2,"111+","Off Roster",2019,188.2,0.0036663124335813
"544",7066,"Kylie Fitts","EDGE","2019-12-04","SFA",615000,2,2018,145,2,"111+","Off Roster",2019,188.2,0.00326780021253985
"545",8431,"Iosua Opeta","LG","2019-12-04","SFA",555000,2,2019,64,2,"41-80","Depth",2019,188.2,0.0029489904357067
"546",8549,"Alex Brown","CB","2019-12-05","SFA",540000,2,2019,214,2,"111+","Off Roster",2019,188.2,0.00286928799149841
"547",7270,"Trayvon Henderson","S","2019-12-07","SFA",540000,2,2018,160,2,"111+","Off Roster",2019,188.2,0.00286928799149841
"548",7360,"Sean Chandler","S","2019-12-07","SFA",615000,2,2018,137,2,"111+","Off Roster",2019,188.2,0.00326780021253985
"549",8307,"Jeff Smith","WR","2019-12-09","SFA",540000,2,2019,237,2,"111+","Off Roster",2019,188.2,0.00286928799149841
"550",8046,"Ishmael Hyman","WR","2019-12-10","SFA",540000,2,2019,237,2,"111+","Off Roster",2019,188.2,0.00286928799149841
"551",8342,"Nate Brooks","CB","2019-12-10","SFA",540000,2,2019,213,2,"111+","Off Roster",2019,188.2,0.00286928799149841
"552",6995,"Nick Nelson","CB","2019-12-11","SFA",615000,2,2018,172,2,"111+","Off Roster",2019,188.2,0.00326780021253985
"553",8323,"Jamal Davis","DT","2019-12-11","SFA",540000,2,2019,199,2,"111+","Off Roster",2019,188.2,0.00286928799149841
"554",5795,"Robert Davis","WR","2019-12-12","SFA",615000,2,2017,178,2,"111+","Off Roster",2019,188.2,0.00326780021253985
"555",7975,"Travis Fulgham","WR","2019-12-12","SFA",540000,2,2019,237,2,"111+","Off Roster",2019,188.2,0.00286928799149841
"556",8412,"Daniel Helm","TE","2019-12-12","SFA",540000,2,2019,124,2,"111+","Off Roster",2019,188.2,0.00286928799149841
"557",8045,"Caleb Wilson","TE","2019-12-13","SFA",585000,3,2019,111,2,"111+","Off Roster",2019,188.2,0.00310839532412327
"558",7401,"Timon Parris","RT","2019-12-14","SFA",540000,2,2018,63,2,"41-80","Depth",2019,188.2,0.00286928799149841
"559",8346,"Wes Hills","RB","2019-12-14","SFA",540000,2,2019,124,2,"111+","Off Roster",2019,188.2,0.00286928799149841
"560",8558,"Deyon Sizer","DT","2019-12-14","SFA",540000,2,2019,201,2,"111+","Off Roster",2019,188.2,0.00286928799149841
"561",7510,"Taylor Stallworth","DT","2019-12-16","SFA",768177,2,2018,119,2,"111+","Off Roster",2019,188.2,0.00408170563230606
"562",8063,"Alijah Holder","CB","2019-12-17","SFA",540000,2,2019,215,2,"111+","Off Roster",2019,188.2,0.00286928799149841
"563",8401,"David Sills","WR","2019-12-17","SFA",540000,2,2019,236,2,"111+","Off Roster",2019,188.2,0.00286928799149841
"564",6970,"Rashaan Gaulden","S","2019-12-18","SFA",615000,2,2018,142,2,"111+","Off Roster",2019,188.2,0.00326780021253985
"565",7226,"Greg Joseph","K","2019-12-18","SFA",610000,3,2018,34,2,"26-40","Backup/Role-Player",2019,188.2,0.00324123273113709
"566",8545,"Spencer Schnell","WR","2019-12-18","SFA",502500,2,2019,285,2,"111+","Off Roster",2019,188.2,0.00267003188097768
"567",5714,"Josh Malone","WR","2019-12-20","SFA",652500,2,2017,159,2,"111+","Off Roster",2019,188.2,0.00346705632306057
"568",7033,"Marcus Allen","S","2019-12-20","SFA",615000,2,2018,142,2,"111+","Off Roster",2019,188.2,0.00326780021253985
"569",8060,"John Leglue","LG","2019-12-21","SFA",502500,2,2019,75,2,"41-80","Depth",2019,188.2,0.00267003188097768
"570",8140,"Bryan Mone","DT","2019-12-21","SFA",495000,1,2019,224,2,"111+","Off Roster",2019,188.2,0.00263018065887354
"571",8485,"Matt Kaskey","RT","2019-12-21","SFA",502500,2,2019,68,2,"41-80","Depth",2019,188.2,0.00267003188097768
"572",5700,"Samaje Perine","RB","2019-12-24","SFA",690000,2,2017,79,2,"41-80","Depth",2019,188.2,0.0036663124335813
"573",7481,"J.C. Hassenauer","C","2019-12-24","SFA",540000,2,2018,63,2,"41-80","Depth",2019,188.2,0.00286928799149841
"574",8051,"Quinn Bailey","RT","2019-12-24","SFA",502500,2,2019,69,2,"41-80","Depth",2019,188.2,0.00267003188097768
"575",8301,"Wyatt Miller","RT","2019-12-24","SFA",585000,3,2019,57,2,"41-80","Depth",2019,188.2,0.00310839532412327
"576",8036,"Chris Slayton","DT","2019-12-27","SFA",502500,2,2019,222,2,"111+","Off Roster",2019,188.2,0.00267003188097768
"577",8248,"Trenton Irwin","WR","2019-12-27","SFA",502500,2,2019,285,2,"111+","Off Roster",2019,188.2,0.00267003188097768
"578",8288,"Anthony Pittman","LB","2019-12-27","SFA",502500,2,2019,215,2,"111+","Off Roster",2019,188.2,0.00267003188097768
"579",6289,"Ben Braden","LG","2019-12-28","SFA",577500,2,2017,62,2,"41-80","Depth",2019,188.2,0.00306854410201913
"580",8215,"Kevin Givens","DT","2019-12-28","SFA",535000,3,2019,213,2,"111+","Off Roster",2019,188.2,0.00284272051009564
"581",5961,"Zach Pascal","WR","2019-12-30","SFA",660000,1,2017,157,2,"111+","Off Roster",2019,188.2,0.00350690754516472
"582",6963,"Malik Jefferson","LB","2019-12-30","SFA",660000,1,2018,135,2,"111+","Off Roster",2019,188.2,0.00350690754516472
"583",7018,"J'Mon Moore","WR","2019-12-30","SFA",630000,2,2018,180,2,"111+","Off Roster",2019,188.2,0.00334750265674814
"584",7056,"Mike White","QB","2019-12-30","SFA",630000,2,2018,85,2,"81-110","Roster Fringe",2019,188.2,0.00334750265674814
"585",7063,"Christian Sam","LB","2019-12-30","SFA",510000,1,2018,220,2,"111+","Off Roster",2019,188.2,0.00270988310308183
"586",7068,"Sam Jones","LG","2019-12-30","SFA",585000,1,2018,64,2,"41-80","Depth",2019,188.2,0.00310839532412327
"587",7103,"Ade Aruna","EDGE","2019-12-30","SFA",510000,1,2018,186,2,"111+","Off Roster",2019,188.2,0.00270988310308183
"588",7177,"Trevor Daniel","P","2019-12-30","SFA",630000,2,2018,30,2,"26-40","Backup/Role-Player",2019,188.2,0.00334750265674814
"589",7278,"Christian DiLauro","LT","2019-12-30","SFA",510000,1,2018,82,2,"81-110","Roster Fringe",2019,188.2,0.00270988310308183
"590",7393,"Quin Blanding","S","2019-12-30","SFA",510000,1,2018,186,2,"111+","Off Roster",2019,188.2,0.00270988310308183
"591",7512,"Nate Wozniak","LT","2019-12-30","SFA",555500,2,2018,67,2,"41-80","Depth",2019,188.2,0.00295164718384697
"592",7629,"Drew Scott","LS","2019-12-30","SFA",555000,2,2018,37,2,"26-40","Backup/Role-Player",2019,188.2,0.0029489904357067
"593",7859,"Jachai Polite","EDGE","2019-12-30","SFA",555000,2,2019,170,2,"111+","Off Roster",2019,188.2,0.0029489904357067
"594",7958,"Clayton Thorson","QB","2019-12-30","SFA",580000,2,2019,93,2,"81-110","Roster Fringe",2019,188.2,0.00308182784272051
"595",7986,"Xavier Crawford","CB","2019-12-30","SFA",606117,1,2019,182,2,"111+","Off Roster",2019,188.2,0.0032206004250797
"596",7990,"Gerri Green","EDGE","2019-12-30","SFA",510000,1,2019,186,2,"111+","Off Roster",2019,188.2,0.00270988310308183
"597",8010,"Derwin Gray","RG","2019-12-30","SFA",510000,1,2019,69,2,"41-80","Depth",2019,188.2,0.00270988310308183
"598",8012,"Donnie Lewis Jr.","CB","2019-12-30","SFA",555000,2,2019,214,2,"111+","Off Roster",2019,188.2,0.0029489904357067
"599",8014,"Jordan Brown","CB","2019-12-30","SFA",510000,1,2019,254,2,"111+","Off Roster",2019,188.2,0.00270988310308183
"600",8020,"P.J. Johnson","DT","2019-12-30","SFA",510000,1,2019,232,2,"111+","Off Roster",2019,188.2,0.00270988310308183
"601",8021,"Quinton Bell","EDGE","2019-12-30","SFA",555000,2,2019,170,2,"111+","Off Roster",2019,188.2,0.0029489904357067
"602",8029,"Stephen Denmark","CB","2019-12-30","SFA",510000,1,2019,254,2,"111+","Off Roster",2019,188.2,0.00270988310308183
"603",8052,"Trinity Benson","WR","2019-12-30","SFA",555000,2,2019,237,2,"111+","Off Roster",2019,188.2,0.0029489904357067
"604",8064,"Kelvin McKnight","WR","2019-12-30","SFA",555000,2,2019,237,2,"111+","Off Roster",2019,188.2,0.0029489904357067
"605",8067,"George Aston","FB","2019-12-30","SFA",555250,2,2019,19,2,"16-25","Starter",2019,188.2,0.00295031880977683
"606",8073,"Chidi Okeke","RT","2019-12-30","SFA",555000,2,2019,65,2,"41-80","Depth",2019,188.2,0.0029489904357067
"607",8074,"TJ Rahming","WR","2019-12-30","SFA",555000,2,2019,237,2,"111+","Off Roster",2019,188.2,0.0029489904357067
"608",8089,"Corbin Kaufusi","EDGE","2019-12-30","SFA",555000,2,2019,170,2,"111+","Off Roster",2019,188.2,0.0029489904357067
"609",8115,"Ian Bunting","TE","2019-12-30","SFA",510000,1,2019,151,2,"111+","Off Roster",2019,188.2,0.00270988310308183
"610",8118,"Emanuel Hall","WR","2019-12-30","SFA",555000,2,2019,237,2,"111+","Off Roster",2019,188.2,0.0029489904357067
"611",8121,"Thomas Ives","WR","2019-12-30","SFA",510000,1,2019,301,2,"111+","Off Roster",2019,188.2,0.00270988310308183
"612",8125,"Sam Mustipher","C","2019-12-30","SFA",510000,1,2019,72,2,"41-80","Depth",2019,188.2,0.00270988310308183
"613",8127,"Dax Raymond","TE","2019-12-30","SFA",510000,1,2019,151,2,"111+","Off Roster",2019,188.2,0.00270988310308183
"614",8142,"Jay-Tee Tiuli","DT","2019-12-30","SFA",555000,2,2019,202,2,"111+","Off Roster",2019,188.2,0.0029489904357067
"615",8143,"Terry Wright","WR","2019-12-30","SFA",555000,2,2019,237,2,"111+","Off Roster",2019,188.2,0.0029489904357067
"616",8151,"Lukayus McNeil","RT","2019-12-30","SFA",510000,1,2019,74,2,"41-80","Depth",2019,188.2,0.00270988310308183
"617",8165,"Paul Adams","LT","2019-12-30","SFA",555000,2,2019,68,2,"41-80","Depth",2019,188.2,0.0029489904357067
"618",8166,"Jake Carlock","EDGE","2019-12-30","SFA",555000,2,2019,170,2,"111+","Off Roster",2019,188.2,0.0029489904357067
"619",8171,"Jon Hilliman","RB","2019-12-30","SFA",633500,2,2019,101,2,"81-110","Roster Fringe",2019,188.2,0.00336609989373007
"620",8176,"Alex Wesley","WR","2019-12-30","SFA",510000,1,2019,301,2,"111+","Off Roster",2019,188.2,0.00270988310308183
"621",8177,"Reggie White","WR","2019-12-30","SFA",558750,2,2019,233,2,"111+","Off Roster",2019,188.2,0.00296891604675877
"622",8210,"Willie Wright","RG","2019-12-30","SFA",555000,2,2019,64,2,"41-80","Depth",2019,188.2,0.0029489904357067
"623",8217,"Malik Henry","WR","2019-12-30","SFA",510000,1,2019,301,2,"111+","Off Roster",2019,188.2,0.00270988310308183
"624",8222,"Dino Boyd","LT","2019-12-30","SFA",510000,1,2019,82,2,"81-110","Roster Fringe",2019,188.2,0.00270988310308183
"625",8224,"Jamal Custis","WR","2019-12-30","SFA",510000,1,2019,301,2,"111+","Off Roster",2019,188.2,0.00270988310308183
"626",8227,"Jack Fox","P","2019-12-30","SFA",510000,1,2019,47,2,"41-80","Depth",2019,188.2,0.00270988310308183
"627",8244,"Terrill Hanks","LB","2019-12-30","SFA",555000,2,2019,199,2,"111+","Off Roster",2019,188.2,0.0029489904357067
"628",8251,"Aaron Monteiro","RG","2019-12-30","SFA",510000,1,2019,69,2,"41-80","Depth",2019,188.2,0.00270988310308183
"629",8252,"Chris Myarick","TE","2019-12-30","SFA",555000,2,2019,126,2,"111+","Off Roster",2019,188.2,0.0029489904357067
"630",8267,"Picasso Nelson","CB","2019-12-30","SFA",510000,1,2019,254,2,"111+","Off Roster",2019,188.2,0.00270988310308183
"631",8283,"Jonathan Duhart","WR","2019-12-30","SFA",510000,1,2019,301,2,"111+","Off Roster",2019,188.2,0.00270988310308183
"632",8286,"Matt Nelson","LT","2019-12-30","SFA",510000,1,2019,82,2,"81-110","Roster Fringe",2019,188.2,0.00270988310308183
"633",8289,"Ryan Pope","LT","2019-12-30","SFA",555000,2,2019,68,2,"41-80","Depth",2019,188.2,0.0029489904357067
"634",8320,"Derrick Baity","CB","2019-12-30","SFA",556500,2,2019,213,2,"111+","Off Roster",2019,188.2,0.00295696068012752
"635",8324,"Johnnie Dixon","WR","2019-12-30","SFA",510000,1,2019,301,2,"111+","Off Roster",2019,188.2,0.00270988310308183
"636",8331,"Tyron Johnson","WR","2019-12-30","SFA",510000,1,2019,301,2,"111+","Off Roster",2019,188.2,0.00270988310308183
"637",8337,"Malcolm Pridgeon","RG","2019-12-30","SFA",555000,2,2019,64,2,"41-80","Depth",2019,188.2,0.0029489904357067
"638",8348,"A.J. Richardson","WR","2019-12-30","SFA",510000,1,2019,301,2,"111+","Off Roster",2019,188.2,0.00270988310308183
"639",8363,"Bruce Anderson","RB","2019-12-30","SFA",510000,1,2019,151,2,"111+","Off Roster",2019,188.2,0.00270988310308183
"640",8371,"DaMarkus Lodge","WR","2019-12-30","SFA",510000,1,2019,301,2,"111+","Off Roster",2019,188.2,0.00270988310308183
"641",8390,"Jayson Stanley","CB","2019-12-30","SFA",555000,2,2019,214,2,"111+","Off Roster",2019,188.2,0.0029489904357067
"642",8400,"Chase McLaughlin","K","2019-12-30","ERFA",585000,1,2019,38,2,"26-40","Backup/Role-Player",2019,188.2,0.00310839532412327
"643",8404,"Damion Jeanpiere","WR","2019-12-30","SFA",510000,1,2019,301,2,"111+","Off Roster",2019,188.2,0.00270988310308183
"644",8420,"Matt Sokol","TE","2019-12-30","SFA",510000,1,2019,151,2,"111+","Off Roster",2019,188.2,0.00270988310308183
"645",8423,"Tanner Volson","C","2019-12-30","SFA",556000,2,2019,64,2,"41-80","Depth",2019,188.2,0.00295430393198725
"646",8435,"Kevin Wilkins","DT","2019-12-30","SFA",555500,2,2019,201,2,"111+","Off Roster",2019,188.2,0.00295164718384697
"647",8444,"Anthony Ratliff-Williams","WR","2019-12-30","SFA",510000,1,2019,301,2,"111+","Off Roster",2019,188.2,0.00270988310308183
"648",8461,"Daniel Wise","DT","2019-12-30","SFA",555000,2,2019,202,2,"111+","Off Roster",2019,188.2,0.0029489904357067
"649",8462,"Alexander Myres","CB","2019-12-30","SFA",510000,1,2019,254,2,"111+","Off Roster",2019,188.2,0.00270988310308183
"650",8470,"P.J. Locke","S","2019-12-30","SFA",555000,2,2019,169,2,"111+","Off Roster",2019,188.2,0.0029489904357067
"651",8471,"Alex Bachman","WR","2019-12-30","SFA",556750,2,2019,235,2,"111+","Off Roster",2019,188.2,0.00295828905419766
"652",8477,"Marquise Copeland","DT","2019-12-30","SFA",555000,2,2019,202,2,"111+","Off Roster",2019,188.2,0.0029489904357067
"653",8508,"Herb Miller","CB","2019-12-30","SFA",555000,2,2019,214,2,"111+","Off Roster",2019,188.2,0.0029489904357067
"654",8529,"Casey Tucker","LT","2019-12-30","SFA",510000,1,2019,82,2,"81-110","Roster Fringe",2019,188.2,0.00270988310308183
"655",8532,"Tuzar Skipper","EDGE","2019-12-30","ERFA",630000,2,2019,146,2,"111+","Off Roster",2019,188.2,0.00334750265674814
"656",8586,"Sione Teuhema","LB","2019-12-30","SFA",510000,1,2019,220,2,"111+","Off Roster",2019,188.2,0.00270988310308183
"657",8587,"Ka'John Armstrong","LT","2019-12-30","SFA",555000,2,2019,68,2,"41-80","Depth",2019,188.2,0.0029489904357067
"658",8597,"Aca'Cedric Ware","RB","2019-12-30","SFA",555000,2,2019,127,2,"111+","Off Roster",2019,188.2,0.0029489904357067
"659",8615,"Olive Sagapolu","DT","2019-12-30","SFA",510000,1,2019,232,2,"111+","Off Roster",2019,188.2,0.00270988310308183
"660",8626,"Sean Smith","P","2019-12-30","SFA",555000,2,2019,42,2,"41-80","Depth",2019,188.2,0.0029489904357067
"661",7675,"Adonis Alexander","CB","2019-12-31","SFA",630000,2,2018,173,2,"111+","Off Roster",2019,188.2,0.00334750265674814
"662",8403,"Elijah Holyfield","RB","2019-12-31","SFA",576118,2,2019,118,2,"111+","Off Roster",2019,188.2,0.0030612008501594
"663",8167,"C.J. Conrad","TE","2020-01-02","SFA",510000,1,2019,152,2,"111+","Off Roster",2019,188.2,0.00270988310308183
"664",5698,"Eddie Jackson","S","2020-01-03","Extension",14600000,4,2017,1,2,"1-3","Superstar",2019,188.2,0.077577045696068
"665",5752,"Shelton Gibson","WR","2020-01-03","SFA",652500,2,2017,163,2,"111+","Off Roster",2019,188.2,0.00346705632306057
"666",5892,"Tashawn Bower","EDGE","2020-01-03","SFA",705000,1,2017,127,2,"111+","Off Roster",2019,188.2,0.00374601487778959
"667",6286,"William Stanback","RB","2020-01-03","SFA",630000,2,2017,102,2,"81-110","Roster Fringe",2019,188.2,0.00334750265674814
"668",8382,"Rashard Causey","CB","2020-01-03","SFA",555000,2,2019,219,2,"111+","Off Roster",2019,188.2,0.0029489904357067
"669",6062,"Marcus Sayles","CB","2020-01-06","SFA",556250,2,2017,222,2,"111+","Off Roster",2019,188.2,0.00295563230605739
"670",6332,"Victor Salako","LT","2020-01-06","SFA",557250,2,2017,67,2,"41-80","Depth",2019,188.2,0.00296094580233794
"671",6993,"Kyle Lauletta","QB","2020-01-06","SFA",643529,2,2018,87,2,"81-110","Roster Fringe",2019,188.2,0.00341938894792774
"672",7072,"Ray-Ray McCloud","WR","2020-01-06","SFA",707750,2,2018,143,2,"111+","Off Roster",2019,188.2,0.00376062699256111
"673",7405,"Elijah Wellman","FB","2020-01-06","SFA",510000,1,2018,23,2,"16-25","Starter",2019,188.2,0.00270988310308183
"674",7589,"Nick Thurman","DT","2020-01-06","SFA",510000,1,2018,237,2,"111+","Off Roster",2019,188.2,0.00270988310308183
"675",7791,"Christian Wade","RB","2020-01-06","SFA",560500,2,2019,128,2,"111+","Off Roster",2019,188.2,0.00297821466524973
"676",7994,"Marcus Green","WR","2020-01-06","SFA",555000,2,2019,246,2,"111+","Off Roster",2019,188.2,0.0029489904357067
"677",8082,"Terez Hall","LB","2020-01-06","SFA",510000,1,2019,224,2,"111+","Off Roster",2019,188.2,0.00270988310308183
"678",8086,"Emmanuel Butler","WR","2020-01-06","SFA",555000,2,2019,246,2,"111+","Off Roster",2019,188.2,0.0029489904357067
"679",8126,"Adarius Pickett","S","2020-01-06","SFA",510000,1,2019,192,2,"111+","Off Roster",2019,188.2,0.00270988310308183
"680",8150,"Dylan Mabin","CB","2020-01-06","SFA",585000,1,2019,199,2,"111+","Off Roster",2019,188.2,0.00310839532412327
"681",8280,"Nate Becker","TE","2020-01-06","SFA",559000,2,2019,129,2,"111+","Off Roster",2019,188.2,0.00297024442082891
"682",8330,"Chris Johnson","S","2020-01-06","SFA",555000,2,2019,174,2,"111+","Off Roster",2019,188.2,0.0029489904357067
"683",8358,"Derrick Kelly","RT","2020-01-06","SFA",555000,2,2019,65,2,"41-80","Depth",2019,188.2,0.0029489904357067
"684",8368,"Dan Godsil","LS","2020-01-06","SFA",510000,1,2019,45,2,"41-80","Depth",2019,188.2,0.00270988310308183
"685",8388,"Del'Shawn Phillips","LB","2020-01-06","SFA",555000,2,2019,201,2,"111+","Off Roster",2019,188.2,0.0029489904357067
"686",8394,"Tyrel Dodson","LB","2020-01-06","SFA",557000,2,2019,199,2,"111+","Off Roster",2019,188.2,0.0029596174282678
"687",8395,"Nick Easley","WR","2020-01-06","SFA",558250,2,2019,242,2,"111+","Off Roster",2019,188.2,0.00296625929861849
"688",8399,"Cameron Lewis","CB","2020-01-06","SFA",560500,2,2019,220,2,"111+","Off Roster",2019,188.2,0.00297821466524973
"689",8432,"Keegan Render","C","2020-01-06","SFA",555000,2,2019,67,2,"41-80","Depth",2019,188.2,0.0029489904357067
"690",8450,"Andrew Dowell","LB","2020-01-06","SFA",555000,2,2019,201,2,"111+","Off Roster",2019,188.2,0.0029489904357067
"691",8495,"Jalen Dalton","DT","2020-01-06","SFA",555000,2,2019,206,2,"111+","Off Roster",2019,188.2,0.0029489904357067
"692",6210,"Nick Usher","LB","2020-01-07","SFA",535000,1,2017,221,2,"111+","Off Roster",2019,188.2,0.00284272051009564
"693",8202,"Darrin Hall","RB","2020-01-07","SFA",510000,1,2019,156,2,"111+","Off Roster",2019,188.2,0.00270988310308183
"694",8479,"Brandon Hitner","C","2020-01-07","SFA",510000,1,2019,75,2,"41-80","Depth",2019,188.2,0.00270988310308183
"695",6337,"Chad Wheeler","RT","2020-01-08","SFA",652500,2,2017,52,2,"41-80","Depth",2019,188.2,0.00346705632306057
"696",8370,"Anthony Johnson","WR","2020-01-08","SFA",510000,1,2019,314,2,"111+","Off Roster",2019,188.2,0.00270988310308183
"697",8022,"Alize Mack","TE","2020-01-09","SFA",510000,1,2019,156,2,"111+","Off Roster",2019,188.2,0.00270988310308183
"698",8295,"John Battle","S","2020-01-09","SFA",510000,1,2019,193,2,"111+","Off Roster",2019,188.2,0.00270988310308183
"699",8507,"Marcus Marshall","RB","2020-01-09","SFA",510000,1,2019,156,2,"111+","Off Roster",2019,188.2,0.00270988310308183
"700",5743,"Will Holden","LT","2020-01-13","SFA",660000,1,2017,53,2,"41-80","Depth",2019,188.2,0.00350690754516472
"701",8030,"Dillon Mitchell","WR","2020-01-13","SFA",555000,2,2019,249,2,"111+","Off Roster",2019,188.2,0.0029489904357067
"702",8099,"Sean Modster","WR","2020-01-13","SFA",510000,1,2019,318,2,"111+","Off Roster",2019,188.2,0.00270988310308183
"703",8101,"Michael Onuoha","DT","2020-01-13","SFA",510000,1,2019,239,2,"111+","Off Roster",2019,188.2,0.00270988310308183
"704",8103,"Charles Scarff","TE","2020-01-13","SFA",510000,1,2019,157,2,"111+","Off Roster",2019,188.2,0.00270988310308183
"705",8107,"Antoine Wesley","WR","2020-01-13","SFA",510000,1,2019,318,2,"111+","Off Roster",2019,188.2,0.00270988310308183
"706",8189,"Jake Browning","QB","2020-01-13","SFA",555000,2,2019,102,2,"81-110","Roster Fringe",2019,188.2,0.0029489904357067
"707",8191,"Brandon Dillon","TE","2020-01-13","SFA",555000,2,2019,132,2,"111+","Off Roster",2019,188.2,0.0029489904357067
"708",8226,"Mark Fields","CB","2020-01-13","SFA",555000,2,2019,224,2,"111+","Off Roster",2019,188.2,0.0029489904357067
"709",8310,"Anthony Chesley","CB","2020-01-13","SFA",555000,2,2019,224,2,"111+","Off Roster",2019,188.2,0.0029489904357067
"710",8328,"Karan Higdon","RB","2020-01-13","SFA",555000,2,2019,133,2,"111+","Off Roster",2019,188.2,0.0029489904357067
"711",8411,"Kemon Hall","CB","2020-01-13","SFA",510000,1,2019,268,2,"111+","Off Roster",2019,188.2,0.00270988310308183
"712",8491,"Aaron Adeoye","EDGE","2020-01-13","SFA",510000,1,2019,194,2,"111+","Off Roster",2019,188.2,0.00270988310308183
"713",8492,"Terrell Bonds","CB","2020-01-13","SFA",510000,1,2019,268,2,"111+","Off Roster",2019,188.2,0.00270988310308183
"714",8523,"Tony Brooks-James","RB","2020-01-13","SFA",585000,1,2019,119,2,"111+","Off Roster",2019,188.2,0.00310839532412327
"715",8179,"Penny Hart","WR","2020-01-14","SFA",510000,1,2019,318,2,"111+","Off Roster",2019,188.2,0.00270988310308183
"716",8236,"Cody Thompson","WR","2020-01-14","SFA",510000,1,2019,318,2,"111+","Off Roster",2019,188.2,0.00270988310308183
"717",6191,"DaShaun Amos","CB","2020-01-15","SFA",510000,1,2017,269,2,"111+","Off Roster",2019,188.2,0.00270988310308183
"718",8299,"Tyler Jones","LG","2020-01-15","SFA",555000,2,2019,72,2,"41-80","Depth",2019,188.2,0.0029489904357067
"719",8322,"Damarea Crockett","RB","2020-01-20","SFA",510000,1,2019,160,2,"111+","Off Roster",2019,188.2,0.00270988310308183
"720",8422,"Trevion Thompson","WR","2020-01-20","SFA",555000,2,2019,253,2,"111+","Off Roster",2019,188.2,0.0029489904357067
"721",8437,"Amani Bledsoe","DT","2020-01-20","SFA",555000,2,2019,207,2,"111+","Off Roster",2019,188.2,0.0029489904357067
"722",8499,"Darrius Shepherd","WR","2020-01-20","SFA",585000,1,2019,222,2,"111+","Off Roster",2019,188.2,0.00310839532412327
"723",8516,"Parker Hesse","TE","2020-01-20","SFA",555000,2,2019,133,2,"111+","Off Roster",2019,188.2,0.0029489904357067
"724",5664,"Tim Williams","EDGE","2020-01-21","SFA",785000,1,2017,110,2,"81-110","Roster Fringe",2019,188.2,0.00417109458023379
"725",7665,"Josh Smith","WR","2020-01-21","SFA",555000,2,2018,254,2,"111+","Off Roster",2019,188.2,0.0029489904357067
"726",7739,"Tristan Vizcaino","K","2020-01-21","SFA",555000,2,2018,46,2,"41-80","Depth",2019,188.2,0.0029489904357067
"727",8156,"Kabion Ento","WR","2020-01-21","SFA",510000,1,2019,325,2,"111+","Off Roster",2019,188.2,0.00270988310308183
"728",8163,"Manny Wilkins","QB","2020-01-21","SFA",510000,1,2019,115,2,"111+","Off Roster",2019,188.2,0.00270988310308183
"729",8376,"Malik Taylor","WR","2020-01-21","SFA",510000,1,2019,325,2,"111+","Off Roster",2019,188.2,0.00270988310308183
"730",8439,"Cody Conway","RT","2020-01-21","SFA",510000,1,2019,79,2,"41-80","Depth",2019,188.2,0.00270988310308183
"731",8510,"Stacy Keely","EDGE","2020-01-21","SFA",510000,1,2019,197,2,"111+","Off Roster",2019,188.2,0.00270988310308183
"732",8625,"Joshua Smith","EDGE","2020-01-21","SFA",555000,2,2019,179,2,"111+","Off Roster",2019,188.2,0.0029489904357067
"733",8144,"Te'von Coney","LB","2020-01-24","SFA",510000,1,2019,227,2,"111+","Off Roster",2019,188.2,0.00270988310308183
"734",7466,"Johnny Stanton","RB","2020-01-28","SFA",510000,1,2018,160,2,"111+","Off Roster",2019,188.2,0.00270988310308183
"735",5756,"Rodney Adams","WR","2020-01-29","SFA",630000,2,2017,188,2,"111+","Off Roster",2019,188.2,0.00334750265674814
"736",8096,"Cole Herdman","TE","2020-02-03","SFA",555000,2,2019,133,2,"111+","Off Roster",2019,188.2,0.0029489904357067
"737",5639,"Teez Tabor","CB","2020-02-04","SFA",660000,1,2017,163,2,"111+","Off Roster",2019,188.2,0.00350690754516472
"738",7107,"Jermaine Kelly","CB","2020-02-04","SFA",555000,2,2018,232,2,"111+","Off Roster",2019,188.2,0.0029489904357067
"739",8009,"Mike Weber","RB","2020-02-04","SFA",510000,1,2019,162,2,"111+","Off Roster",2019,188.2,0.00270988310308183
"740",8175,"Jacob Thieneman","S","2020-02-04","SFA",555000,2,2019,175,2,"111+","Off Roster",2019,188.2,0.0029489904357067
"741",8220,"Ross Reynolds","RG","2020-02-04","SFA",560000,2,2019,67,2,"41-80","Depth",2019,188.2,0.00297555791710946
"742",8442,"Braxton Hoyett","DT","2020-02-04","SFA",510000,1,2019,243,2,"111+","Off Roster",2019,188.2,0.00270988310308183
"743",8560,"Jody Fortson","WR","2020-02-04","SFA",510000,1,2019,330,2,"111+","Off Roster",2019,188.2,0.00270988310308183
"744",8290,"Ray Smith","DT","2020-02-05","SFA",555000,2,2019,210,2,"111+","Off Roster",2019,188.2,0.0029489904357067
"745",8571,"Joey Slye","K","2020-02-06","ERFA",585000,1,2019,39,2,"26-40","Backup/Role-Player",2019,188.2,0.00310839532412327
"746",5772,"Chuck Clark","S","2020-02-10","Extension",5100000,3,2017,23,2,"16-25","Starter",2019,188.2,0.0270988310308183
"747",7179,"Jaryd Jones-Smith","LT","2020-02-11","SFA",555000,2,2018,71,2,"41-80","Depth",2019,188.2,0.0029489904357067
"748",6071,"Anthony Firkser","TE","2020-02-13","ERFA",660000,1,2017,97,2,"81-110","Roster Fringe",2019,188.2,0.00350690754516472
"749",6081,"Anthony Cioffi","S","2020-02-14","SFA",555000,2,2017,177,2,"111+","Off Roster",2019,188.2,0.0029489904357067
"750",5713,"Michael Roberts","TE","2020-02-19","SFA",760000,1,2017,74,2,"41-80","Depth",2019,188.2,0.00403825717321998
"751",6055,"Jason Croom","TE","2020-03-13","ERFA",585000,1,2017,126,2,"111+","Off Roster",2019,188.2,0.00310839532412327
"752",5865,"Austin Ekeler","RB","2020-03-16","RFA",6125000,4,2017,10,2,"9-15","Above-Average Starter",2019,188.2,0.0325451647183847
"753",6230,"Blake Jarwin","TE","2020-03-16","RFA",5500000,4,2017,21,2,"16-25","Starter",2019,188.2,0.0292242295430393
"754",6411,"Keionta Davis","EDGE","2020-03-17","RFA",680000,1,2017,137,2,"111+","Off Roster",2019,188.2,0.00361317747077577
"755",5943,"Antony Auclair","TE","2020-03-18","RFA",1250000,1,2017,54,2,"41-80","Depth",2020,198.2,0.00630676084762866
"756",6234,"Cooper Rush","QB","2020-03-18","RFA",1250000,1,2017,63,2,"41-80","Depth",2020,198.2,0.00630676084762866
"757",7359,"Evan Brown","RG","2020-03-26","SFA",835000,2,2018,38,2,"26-40","Backup/Role-Player",2020,198.2,0.00421291624621594
"758",8028,"Terry Godwin","WR","2020-03-26","SFA",695000,2,2019,114,2,"111+","Off Roster",2020,198.2,0.00350655903128153
"759",8359,"Nick Moore","LS","2020-03-26","SFA",610000,1,2019,28,2,"26-40","Backup/Role-Player",2020,198.2,0.00307769929364279
"760",6431,"Christian Kuntz","EDGE","2020-03-30","SFA",610000,1,2017,136,2,"111+","Off Roster",2020,198.2,0.00307769929364279
"761",8315,"Tyree Kinnel","S","2020-03-30","SFA",610000,1,2019,139,2,"111+","Off Roster",2020,198.2,0.00307769929364279
"762",6094,"Matt Haack","P","2020-04-01","RFA",2133000,1,2017,15,2,"9-15","Above-Average Starter",2020,198.2,0.0107618567103935
"763",5995,"Kendrick Bourne","WR","2020-04-06","RFA",3259000,1,2017,50,2,"41-80","Depth",2020,198.2,0.0164429868819374
"764",6241,"Dylan Cole","LB","2020-04-06","RFA",2133000,1,2017,55,2,"41-80","Depth",2020,198.2,0.0107618567103935
"765",5864,"Michael Davis","CB","2020-04-09","RFA",3259000,1,2017,46,2,"41-80","Depth",2020,198.2,0.0164429868819374
"766",8269,"Saivion Smith","CB","2020-04-10","SFA",695000,2,2019,129,2,"111+","Off Roster",2020,198.2,0.00350655903128153
"767",6086,"Nicholas Morrow","LB","2020-04-13","RFA",3259000,1,2017,38,2,"26-40","Backup/Role-Player",2020,198.2,0.0164429868819374
"768",8417,"Tyler Newsome","P","2020-04-13","SFA",610000,1,2019,27,2,"26-40","Backup/Role-Player",2020,198.2,0.00307769929364279
"769",7420,"Cavon Walker","DT","2020-04-14","SFA",610000,1,2018,168,2,"111+","Off Roster",2020,198.2,0.00307769929364279
"770",8287,"Donald Parham","TE","2020-04-14","SFA",695000,2,2019,82,2,"81-110","Roster Fringe",2020,198.2,0.00350655903128153
"771",5592,"Christian McCaffrey","RB","2020-04-16","Extension",16015853,4,2017,1,2,"1-3","Superstar",2020,198.2,0.0808065237134208
"772",5715,"David Sharpe","RT","2020-04-16","RFA",2133000,1,2017,30,2,"26-40","Backup/Role-Player",2020,198.2,0.0107618567103935
"773",5745,"Jermaine Eluemunor","LG","2020-04-16","RFA",2133000,1,2017,23,2,"16-25","Starter",2020,198.2,0.0107618567103935
"774",8193,"John Keenoy","C","2020-04-16","SFA",610000,1,2019,62,2,"41-80","Depth",2020,198.2,0.00307769929364279
"775",5857,"Johnny Mundt","TE","2020-04-17","ERFA",750000,1,2017,78,2,"41-80","Depth",2020,198.2,0.0037840565085772
"776",5996,"Matt Breida","RB","2020-04-17","RFA",3259000,1,2017,16,2,"16-25","Starter",2020,198.2,0.0164429868819374
"777",6013,"Cethan Carter","TE","2020-04-17","RFA",2133000,1,2017,42,2,"41-80","Depth",2020,198.2,0.0107618567103935
"778",6120,"Adam Butler","DT","2020-04-17","RFA",3259000,1,2017,64,2,"41-80","Depth",2020,198.2,0.0164429868819374
"779",6047,"Taysom Hill","QB","2020-04-18","RFA",10500000,2,2017,18,2,"16-25","Starter",2020,198.2,0.0529767911200807
"780",6177,"Rashaad Coward","RG","2020-04-20","ERFA",825000,1,2017,45,2,"41-80","Depth",2020,198.2,0.00416246215943491
"781",6194,"Jarron Jones","LT","2020-04-20","SFA",610000,1,2017,55,2,"41-80","Depth",2020,198.2,0.00307769929364279
"782",6323,"Andrew Wylie","LG","2020-04-20","ERFA",750000,1,2017,41,2,"41-80","Depth",2020,198.2,0.0037840565085772
"783",7147,"Trey Marshall","S","2020-04-20","ERFA",750000,1,2018,114,2,"111+","Off Roster",2020,198.2,0.0037840565085772
"784",7337,"Trenton Scott","RT","2020-04-21","ERFA",750000,1,2018,52,2,"41-80","Depth",2020,198.2,0.0037840565085772
"785",6139,"Keelan Cole","WR","2020-04-23","RFA",3259000,1,2017,50,2,"41-80","Depth",2020,198.2,0.0164429868819374
"786",5685,"Rasul Douglas","CB","2020-04-27","Other",825000,1,2017,111,2,"111+","Off Roster",2020,198.2,0.00416246215943491
"787",6154,"Corey Clement","RB","2020-04-30","SFA",825000,1,2017,58,2,"41-80","Depth",2020,198.2,0.00416246215943491
"788",8141,"Derrek Thomas","CB","2020-04-30","SFA",610000,1,2019,214,2,"111+","Off Roster",2020,198.2,0.00307769929364279
"789",8594,"Derrick Gore","RB","2020-05-05","SFA",610000,1,2019,134,2,"111+","Off Roster",2020,198.2,0.00307769929364279
"790",6121,"Austin Carr","WR","2020-05-07","SFA",825000,1,2017,122,2,"111+","Off Roster",2020,198.2,0.00416246215943491
"791",5904,"Eric Wilson","LB","2020-05-08","RFA",3259000,1,2017,40,2,"26-40","Backup/Role-Player",2020,198.2,0.0164429868819374
"792",8509,"Andrew Soroh","S","2020-06-09","SFA",610000,1,2019,186,2,"111+","Off Roster",2020,198.2,0.00307769929364279
"793",5594,"Patrick Mahomes","QB","2020-07-06","Extension",45000000,10,2017,1,2,"1-3","Superstar",2020,198.2,0.227043390514632
"794",5585,"Myles Garrett","EDGE","2020-07-16","Extension",25000000,5,2017,1,2,"1-3","Superstar",2020,198.2,0.126135216952573
"795",5697,"Tedric Thompson","S","2020-07-30","SFA",850000,1,2017,121,2,"111+","Off Roster",2020,198.2,0.00428859737638749
"796",8415,"Koda Martin","RG","2020-08-04","SFA",610000,1,2019,87,2,"81-110","Roster Fringe",2020,198.2,0.00307769929364279
"797",6362,"Michael Dunn","LG","2020-08-09","SFA",610000,1,2017,90,2,"81-110","Roster Fringe",2020,198.2,0.00307769929364279
"798",8081,"Tyler Gauthier","C","2020-08-12","SFA",675000,1,2019,75,2,"41-80","Depth",2020,198.2,0.00340565085771948
"799",8349,"William Sweet","RT","2020-08-12","SFA",610000,1,2019,94,2,"81-110","Roster Fringe",2020,198.2,0.00307769929364279
"800",5649,"Dion Dawkins","LT","2020-08-13","Extension",14575000,4,2017,6,2,"4-8","Star",2020,198.2,0.0735368314833501
"801",6942,"P.J. Hall","DT","2020-08-13","SFA",750000,1,2018,210,2,"111+","Off Roster",2020,198.2,0.0037840565085772
"802",8207,"Wyatt Ray","DT","2020-08-13","SFA",695000,2,2019,227,2,"111+","Off Roster",2020,198.2,0.00350655903128153
"803",5732,"George Kittle","TE","2020-08-15","Extension",15000000,5,2017,1,2,"1-3","Superstar",2020,198.2,0.0756811301715439
"804",5775,"Tanzel Smart","DT","2020-08-16","SFA",825000,1,2017,142,2,"111+","Off Roster",2020,198.2,0.00416246215943491
"805",7951,"Daylon Mack","DT","2020-08-17","SFA",675000,1,2019,238,2,"111+","Off Roster",2020,198.2,0.00340565085771948
"806",7232,"David Steinmetz","RT","2020-08-22","SFA",610000,1,2018,95,2,"81-110","Roster Fringe",2020,198.2,0.00307769929364279
"807",7671,"Nate Holley","S","2020-08-22","SFA",610000,1,2018,217,2,"111+","Off Roster",2020,198.2,0.00307769929364279
"808",8459,"Ricky Walker","DT","2020-08-22","SFA",610000,1,2019,268,2,"111+","Off Roster",2020,198.2,0.00307769929364279
"809",7058,"Johnny Townsend","P","2020-08-25","SFA",675000,1,2018,34,2,"26-40","Backup/Role-Player",2020,198.2,0.00340565085771948
"810",7083,"Kahlil McKenzie","RG","2020-08-25","SFA",675000,1,2018,80,2,"41-80","Depth",2020,198.2,0.00340565085771948
"811",7194,"Sharif Finch","LB","2020-08-25","SFA",750000,1,2018,196,2,"111+","Off Roster",2020,198.2,0.0037840565085772
"812",7235,"Trent Harris","EDGE","2020-08-25","SFA",675000,1,2018,190,2,"111+","Off Roster",2020,198.2,0.00340565085771948
"813",8728,"Derrick Moncrief","LB","2020-08-25","SFA",610000,1,2020,251,2,"111+","Off Roster",2020,198.2,0.00307769929364279
"814",5622,"Budda Baker","S","2020-08-27","Extension",14750000,4,2017,1,2,"1-3","Superstar",2020,198.2,0.0744197780020182
"815",8434,"DeAndre Thompkins","WR","2020-08-30","SFA",610000,1,2019,314,2,"111+","Off Roster",2020,198.2,0.00307769929364279
"816",5643,"Zach Cunningham","LB","2020-08-31","Extension",14500000,4,2017,3,2,"1-3","Superstar",2020,198.2,0.0731584258324924
"817",5634,"Joe Mixon","RB","2020-09-01","Extension",12000000,4,2017,5,2,"4-8","Star",2020,198.2,0.0605449041372351
"818",5596,"Deshaun Watson","QB","2020-09-04","Extension",39000000,4,2017,2,2,"1-3","Superstar",2020,198.2,0.196770938446014
"819",5611,"Tre'Davious White","CB","2020-09-06","Extension",17250000,4,2017,1,2,"1-3","Superstar",2020,198.2,0.0870332996972755
"820",5744,"Nate Hairston","CB","2020-09-07","SFA",1000000,1,2017,120,2,"111+","Off Roster",2020,198.2,0.00504540867810293
"821",6199,"Colin Thompson","TE","2020-09-07","SFA",610000,1,2017,153,2,"111+","Off Roster",2020,198.2,0.00307769929364279
"822",8944,"Cassh Maluia","LB","2020-09-07","SFA",823750,4,2020,133,2,"111+","Off Roster",2020,198.2,0.00415615539858729
"823",9280,"J.J. Taylor","RB","2020-09-07","SFA",761667,3,2020,111,2,"111+","Off Roster",2020,198.2,0.00384292129162462
"824",5588,"Leonard Fournette","RB","2020-09-08","SFA",2000000,1,2017,32,2,"26-40","Backup/Role-Player",2020,198.2,0.0100908173562059
"825",8985,"Raymond Calais","RB","2020-09-09","SFA",761667,3,2020,111,2,"111+","Off Roster",2020,198.2,0.00384292129162462
"826",9030,"Scottie Phillips","RB","2020-09-10","Other",610000,1,2020,152,2,"111+","Off Roster",2020,198.2,0.00307769929364279
"827",5627,"Dalvin Cook","RB","2020-09-12","Extension",12600000,5,2017,5,2,"4-8","Star",2020,198.2,0.0635721493440969
"828",5653,"Alvin Kamara","RB","2020-09-12","Extension",15000000,5,2017,2,2,"1-3","Superstar",2020,198.2,0.0756811301715439
"829",5655,"Cooper Kupp","WR","2020-09-12","Extension",15750000,3,2017,11,2,"9-15","Above-Average Starter",2020,198.2,0.0794651866801211
"830",9140,"Krys Barnes","LB","2020-09-12","SFA",695000,2,2020,190,2,"111+","Off Roster",2020,198.2,0.00350655903128153
"831",5629,"Sidney Jones","CB","2020-09-14","SFA",750000,1,2017,194,2,"111+","Off Roster",2020,198.2,0.0037840565085772
"832",5705,"Tarik Cohen","RB","2020-09-14","Extension",5750000,3,2017,13,2,"9-15","Above-Average Starter",2020,198.2,0.0290110998990918
"833",7016,"Kalen Ballage","RB","2020-09-15","SFA",835000,2,2018,86,2,"81-110","Roster Fringe",2020,198.2,0.00421291624621594
"834",9074,"Asmar Bilal","LB","2020-09-15","SFA",761667,3,2020,162,2,"111+","Off Roster",2020,198.2,0.00384292129162462
"835",9271,"Myles Bryant","CB","2020-09-16","SFA",761667,3,2020,192,2,"111+","Off Roster",2020,198.2,0.00384292129162462
"836",9304,"Nick Westbrook-Ikhine","WR","2020-09-16","SFA",695000,2,2020,224,2,"111+","Off Roster",2020,198.2,0.00350655903128153
"837",7446,"Alex Light","LT","2020-09-17","SFA",835000,2,2018,49,2,"41-80","Depth",2020,198.2,0.00421291624621594
"838",8043,"Ken Webster","CB","2020-09-17","SFA",675000,1,2019,217,2,"111+","Off Roster",2020,198.2,0.00340565085771948
"839",9086,"Gabe Nabers","TE","2020-09-17","SFA",761667,3,2020,112,2,"111+","Off Roster",2020,198.2,0.00384292129162462
"840",9416,"Rashad Smith","LB","2020-09-17","SFA",695000,2,2020,187,2,"111+","Off Roster",2020,198.2,0.00350655903128153
"841",8945,"Josh Metellus","S","2020-09-18","SFA",823750,4,2020,134,2,"111+","Off Roster",2020,198.2,0.00415615539858729
"842",7096,"Jordan Thomas","TE","2020-09-22","SFA",835000,2,2018,90,2,"81-110","Roster Fringe",2020,198.2,0.00421291624621594
"843",8481,"Natrez Patrick","LB","2020-09-24","SFA",675000,1,2019,195,2,"111+","Off Roster",2020,198.2,0.00340565085771948
"844",8233,"John Lovett","TE","2020-09-26","SFA",695000,2,2019,132,2,"111+","Off Roster",2020,198.2,0.00350655903128153
"845",9084,"Jessie Lemonier","EDGE","2020-09-26","SFA",761667,3,2020,158,2,"111+","Off Roster",2020,198.2,0.00384292129162462
"846",9259,"Jovante Moffatt","S","2020-09-29","SFA",695000,2,2020,171,2,"111+","Off Roster",2020,198.2,0.00350655903128153
"847",9415,"Artavis Pierce","RB","2020-09-29","SFA",695000,2,2020,127,2,"111+","Off Roster",2020,198.2,0.00350655903128153
"848",7384,"Ryan Neal","CB","2020-09-30","SFA",750000,1,2018,189,2,"111+","Off Roster",2020,198.2,0.0037840565085772
"849",8994,"Derrek Tuszka","EDGE","2020-09-30","SFA",695000,2,2020,175,2,"111+","Off Roster",2020,198.2,0.00350655903128153
"850",9289,"LeVante Bellamy","RB","2020-09-30","SFA",761667,3,2020,112,2,"111+","Off Roster",2020,198.2,0.00384292129162462
"851",9338,"Ron'Dell Carter","EDGE","2020-09-30","SFA",610000,1,2020,196,2,"111+","Off Roster",2020,198.2,0.00307769929364279
"852",5600,"Marlon Humphrey","CB","2020-10-01","Extension",19500000,5,2017,2,2,"1-3","Superstar",2020,198.2,0.0983854692230071
"853",8228,"Darius Harris","LB","2020-10-01","SFA",695000,2,2019,185,2,"111+","Off Roster",2020,198.2,0.00350655903128153
"854",9311,"Javelin Guidry","CB","2020-10-01","SFA",695000,2,2020,205,2,"111+","Off Roster",2020,198.2,0.00350655903128153
"855",9353,"Madre Harper","CB","2020-10-01","SFA",610000,1,2020,246,2,"111+","Off Roster",2020,198.2,0.00307769929364279
"856",7026,"Shaquem Griffin","LB","2020-10-03","SFA",750000,1,2018,172,2,"111+","Off Roster",2020,198.2,0.0037840565085772
"857",7130,"Will Clapp","C","2020-10-03","SFA",750000,1,2018,59,2,"41-80","Depth",2020,198.2,0.0037840565085772
"858",9120,"Luke Juriga","C","2020-10-03","SFA",695000,2,2020,64,2,"41-80","Depth",2020,198.2,0.00350655903128153
"859",9127,"Adrian Killins","RB","2020-10-03","SFA",610000,1,2020,155,2,"111+","Off Roster",2020,198.2,0.00307769929364279
"860",9172,"JaMycal Hasty","RB","2020-10-03","SFA",695000,2,2020,127,2,"111+","Off Roster",2020,198.2,0.00350655903128153
"861",8640,"Reggie Begelton","WR","2020-10-05","SFA",695000,2,2020,221,2,"111+","Off Roster",2020,198.2,0.00350655903128153
"862",7097,"Greg Senat","LT","2020-10-06","SFA",675000,1,2018,63,2,"41-80","Depth",2020,198.2,0.00340565085771948
"863",9400,"Jonathan Ward","RB","2020-10-06","SFA",695000,2,2020,127,2,"111+","Off Roster",2020,198.2,0.00350655903128153
"864",5658,"Taywan Taylor","WR","2020-10-07","SFA",825000,1,2017,160,2,"111+","Off Roster",2020,198.2,0.00416246215943491
"865",9168,"Salvon Ahmed","RB","2020-10-09","SFA",695000,2,2020,127,2,"111+","Off Roster",2020,198.2,0.00350655903128153
"866",9324,"Khalil Dorsey","CB","2020-10-09","SFA",610000,1,2020,243,2,"111+","Off Roster",2020,198.2,0.00307769929364279
"867",9122,"Grayland Arnold","S","2020-10-10","SFA",695000,2,2020,167,2,"111+","Off Roster",2020,198.2,0.00350655903128153
"868",9337,"Francis Bernard","LB","2020-10-10","SFA",695000,2,2020,182,2,"111+","Off Roster",2020,198.2,0.00350655903128153
"869",8981,"Chapelle Russell","LB","2020-10-12","SFA",695000,2,2020,184,2,"111+","Off Roster",2020,198.2,0.00350655903128153
"870",9316,"Trystan Colon","C","2020-10-12","SFA",610000,1,2020,71,2,"41-80","Depth",2020,198.2,0.00307769929364279
"871",9007,"Tyler Hall","CB","2020-10-13","SFA",610000,1,2020,246,2,"111+","Off Roster",2020,198.2,0.00307769929364279
"872",9027,"Austin Mack","WR","2020-10-13","SFA",695000,2,2020,221,2,"111+","Off Roster",2020,198.2,0.00350655903128153
"873",9314,"Lamar Jackson","CB","2020-10-13","SFA",695000,2,2020,204,2,"111+","Off Roster",2020,198.2,0.00350655903128153
"874",8044,"Jordan Brailford","EDGE","2020-10-14","SFA",695000,2,2019,171,2,"111+","Off Roster",2020,198.2,0.00350655903128153
"875",9228,"Juju Hughes","S","2020-10-14","SFA",695000,2,2020,166,2,"111+","Off Roster",2020,198.2,0.00350655903128153
"876",8198,"David Blough","QB","2020-10-17","SFA",762500,2,2019,93,2,"81-110","Roster Fringe",2020,198.2,0.00384712411705348
"877",8892,"Kenny Robinson","S","2020-10-20","SFA",695000,2,2020,166,2,"111+","Off Roster",2020,198.2,0.00350655903128153
"878",9208,"Sam Tecklenburg","C","2020-10-20","SFA",695000,2,2020,63,2,"41-80","Depth",2020,198.2,0.00350655903128153
"879",9048,"Ben Ellefson","TE","2020-10-23","SFA",761666,3,2020,120,2,"111+","Off Roster",2020,198.2,0.00384291624621594
"880",9252,"Tony Brown","WR","2020-10-24","SFA",610000,1,2020,262,2,"111+","Off Roster",2020,198.2,0.00307769929364279
"881",7119,"Andre Smith","LB","2020-10-27","SFA",750000,1,2018,167,2,"111+","Off Roster",2020,198.2,0.0037840565085772
"882",5631,"Adam Shaheen","TE","2020-10-28","Extension",2425000,2,2017,41,2,"41-80","Depth",2020,198.2,0.0122351160443996
"883",8410,"Jeremy Cox","RB","2020-10-31","SFA",695000,2,2019,126,2,"111+","Off Roster",2020,198.2,0.00350655903128153
"884",8967,"Lachavious Simmons","RG","2020-11-03","SFA",695000,2,2020,66,2,"41-80","Depth",2020,198.2,0.00350655903128153
"885",7418,"Kevin Toliver II","CB","2020-11-05","SFA",750000,1,2018,184,2,"111+","Off Roster",2020,198.2,0.0037840565085772
"886",8102,"Matt Orzech","LS","2020-11-05","SFA",762500,2,2019,27,2,"26-40","Backup/Role-Player",2020,198.2,0.00384712411705348
"887",5675,"D'Onta Foreman","RB","2020-11-07","SFA",750000,1,2017,116,2,"111+","Off Roster",2020,198.2,0.0037840565085772
"888",9303,"Teair Tart","DT","2020-11-07","SFA",695000,2,2020,202,2,"111+","Off Roster",2020,198.2,0.00350655903128153
"889",9333,"Kristian Welch","LB","2020-11-07","SFA",610000,1,2020,217,2,"111+","Off Roster",2020,198.2,0.00307769929364279
"890",6326,"Trey Edmunds","RB","2020-11-10","SFA",825000,1,2017,90,2,"81-110","Roster Fringe",2020,198.2,0.00416246215943491
"891",9181,"De'Michael Harris","WR","2020-11-10","SFA",695000,2,2020,216,2,"111+","Off Roster",2020,198.2,0.00350655903128153
"892",8237,"Tim Ward","EDGE","2020-11-12","SFA",695000,2,2019,173,2,"111+","Off Roster",2020,198.2,0.00350655903128153
"893",8245,"Montre Hartage","CB","2020-11-13","SFA",762500,2,2019,177,2,"111+","Off Roster",2020,198.2,0.00384712411705348
"894",9028,"Kyle Murphy","RG","2020-11-13","SFA",695000,2,2020,64,2,"41-80","Depth",2020,198.2,0.00350655903128153
"895",9193,"Rodney Smith","RB","2020-11-14","SFA",695000,2,2020,133,2,"111+","Off Roster",2020,198.2,0.00350655903128153
"896",7936,"Matt Gay","K","2020-11-17","SFA",762500,2,2019,33,2,"26-40","Backup/Role-Player",2020,198.2,0.00384712411705348
"897",8959,"Geno Stone","S","2020-11-17","SFA",610000,1,2020,193,2,"111+","Off Roster",2020,198.2,0.00307769929364279
"898",9126,"Michael Jacquet","CB","2020-11-17","SFA",695000,2,2020,204,2,"111+","Off Roster",2020,198.2,0.00350655903128153
"899",6990,"Antonio Callaway","WR","2020-11-18","SFA",835000,2,2018,155,2,"111+","Off Roster",2020,198.2,0.00421291624621594
"900",9399,"Reggie Walker","LB","2020-11-19","SFA",610000,1,2020,214,2,"111+","Off Roster",2020,198.2,0.00307769929364279
"901",5797,"Conor McDermott","RG","2020-11-20","Extension",1350000,1,2017,35,2,"26-40","Backup/Role-Player",2020,198.2,0.00681130171543895
"902",8453,"Nate Hall","LB","2020-11-21","SFA",761667,3,2019,155,2,"111+","Off Roster",2020,198.2,0.00384292129162462
"903",9204,"Chris Orr","LB","2020-11-21","SFA",695000,2,2020,180,2,"111+","Off Roster",2020,198.2,0.00350655903128153
"904",9043,"Nathan Cottrell","RB","2020-11-24","SFA",761667,3,2020,114,2,"111+","Off Roster",2020,198.2,0.00384292129162462
"905",8405,"Jordan Kunaszyk","LB","2020-11-25","SFA",762500,2,2019,148,2,"111+","Off Roster",2020,198.2,0.00384712411705348
"906",5730,"Grover Stewart","DT","2020-11-28","Extension",10250000,3,2017,21,2,"16-25","Starter",2020,198.2,0.051715438950555
"907",5604,"Garett Bolles","LT","2020-12-01","Extension",17000000,4,2017,4,2,"4-8","Star",2020,198.2,0.0857719475277497
"908",8292,"Kevin Strong","DT","2020-12-02","SFA",762500,2,2019,174,2,"111+","Off Roster",2020,198.2,0.00384712411705348
"909",9372,"Benito Jones","DT","2020-12-02","SFA",695000,2,2020,205,2,"111+","Off Roster",2020,198.2,0.00350655903128153
"910",8938,"Antoine Brooks","S","2020-12-03","SFA",695000,2,2020,168,2,"111+","Off Roster",2020,198.2,0.00350655903128153
"911",9038,"J.R. Reed","S","2020-12-05","SFA",695000,2,2020,168,2,"111+","Off Roster",2020,198.2,0.00350655903128153
"912",9386,"Joe Bachie","LB","2020-12-07","SFA",695000,2,2020,180,2,"111+","Off Roster",2020,198.2,0.00350655903128153
"913",7276,"Elijah Campbell","S","2020-12-08","SFA",695000,2,2018,168,2,"111+","Off Roster",2020,198.2,0.00350655903128153
"914",9021,"Niko Lalos","EDGE","2020-12-08","SFA",695000,2,2020,172,2,"111+","Off Roster",2020,198.2,0.00350655903128153
"915",9141,"Henry Black","S","2020-12-08","SFA",695000,2,2020,168,2,"111+","Off Roster",2020,198.2,0.00350655903128153
"916",9132,"Raequan Williams","DT","2020-12-09","SFA",707500,2,2020,204,2,"111+","Off Roster",2020,198.2,0.00356962663975782
"917",8181,"Hale Hentges","TE","2020-12-10","SFA",762500,2,2019,110,2,"81-110","Roster Fringe",2020,198.2,0.00384712411705348
"918",7041,"Troy Fumagalli","TE","2020-12-12","SFA",675000,1,2018,142,2,"111+","Off Roster",2020,198.2,0.00340565085771948
"919",7968,"Saquan Hampton","S","2020-12-12","SFA",762500,2,2019,157,2,"111+","Off Roster",2020,198.2,0.00384712411705348
"920",9307,"Lawrence Cager","WR","2020-12-12","SFA",695000,2,2020,221,2,"111+","Off Roster",2020,198.2,0.00350655903128153
"921",9439,"Dominique Dafney","TE","2020-12-12","SFA",695000,2,2020,130,2,"111+","Off Roster",2020,198.2,0.00350655903128153
"922",5766,"Danny Isidora","RG","2020-12-15","SFA",825000,1,2017,52,2,"41-80","Depth",2020,198.2,0.00416246215943491
"923",7944,"Ross Pierschbacher","C","2020-12-15","SFA",762500,2,2019,59,2,"41-80","Depth",2020,198.2,0.00384712411705348
"924",9129,"Elijah Riley","S","2020-12-16","SFA",695000,2,2020,171,2,"111+","Off Roster",2020,198.2,0.00350655903128153
"925",9165,"Blake Lynch","LB","2020-12-16","SFA",761667,3,2020,157,2,"111+","Off Roster",2020,198.2,0.00384292129162462
"926",9268,"Parnell Motley","CB","2020-12-16","SFA",695000,2,2020,207,2,"111+","Off Roster",2020,198.2,0.00350655903128153
"927",6895,"Josh Rosen","QB","2020-12-23","SFA",750000,1,2018,97,2,"81-110","Roster Fringe",2020,198.2,0.0037840565085772
"928",9036,"Auzoyah Alufohai","DT","2020-12-23","SFA",695000,2,2020,208,2,"111+","Off Roster",2020,198.2,0.00350655903128153
"929",9369,"Matt Cole","WR","2020-12-24","SFA",635000,2,2020,251,2,"111+","Off Roster",2020,198.2,0.00320383451059536
"930",9170,"Darrion Daniels","DT","2020-12-25","SFA",695000,2,2020,208,2,"111+","Off Roster",2020,198.2,0.00350655903128153
"931",9342,"Sewo Olonilua","FB","2020-12-26","SFA",761667,3,2020,17,2,"16-25","Starter",2020,198.2,0.00384292129162462
"932",7060,"Damion Ratley","WR","2020-12-28","SFA",835000,2,2018,159,2,"111+","Off Roster",2020,198.2,0.00421291624621594
"933",8993,"Kyle Hinton","RG","2020-12-29","SFA",695000,2,2020,64,2,"41-80","Depth",2020,198.2,0.00350655903128153
"934",9081,"Joe Gaziano","DT","2021-01-01","SFA",761667,3,2020,188,2,"111+","Off Roster",2020,198.2,0.00384292129162462
"935",9108,"Mitchell Wilcox","TE","2021-01-01","SFA",635000,2,2020,155,2,"111+","Off Roster",2020,198.2,0.00320383451059536
"936",9423,"Steven Montez","QB","2021-01-01","SFA",695000,2,2020,102,2,"81-110","Roster Fringe",2020,198.2,0.00350655903128153
"937",5785,"Chase Roullier","C","2021-01-02","Extension",10125000,4,2017,9,2,"9-15","Above-Average Starter",2020,198.2,0.0510847628657921
"938",7087,"Jack Cichy","LB","2021-01-02","SFA",750000,1,2018,173,2,"111+","Off Roster",2020,198.2,0.0037840565085772
"939",8397,"Blake Hance","RT","2021-01-02","SFA",695000,2,2019,82,2,"81-110","Roster Fringe",2020,198.2,0.00350655903128153
"940",8980,"Tommy Stevens","QB","2021-01-02","SFA",635000,2,2020,106,2,"81-110","Roster Fringe",2020,198.2,0.00320383451059536
"941",9136,"Bobby Price","S","2021-01-02","SFA",695000,2,2020,170,2,"111+","Off Roster",2020,198.2,0.00350655903128153
"942",9270,"Rashod Berry","TE","2021-01-02","SFA",695000,2,2020,133,2,"111+","Off Roster",2020,198.2,0.00350655903128153
"943",5632,"Quincy Wilson","CB","2021-01-04","SFA",993000,1,2017,115,2,"111+","Off Roster",2020,198.2,0.00501009081735621
"944",5683,"Cordrea Tankersley","CB","2021-01-04","SFA",920000,1,2017,124,2,"111+","Off Roster",2020,198.2,0.00464177598385469
"945",7246,"Dakoda Shepley","RG","2021-01-04","SFA",660000,1,2018,77,2,"41-80","Depth",2020,198.2,0.00332996972754793
"946",7790,"Elliott Fry","K","2021-01-04","SFA",660000,1,2019,43,2,"41-80","Depth",2020,198.2,0.00332996972754793
"947",7894,"Hakeem Butler","WR","2021-01-04","SFA",837500,2,2019,161,2,"111+","Off Roster",2020,198.2,0.0042255297679112
"948",7989,"Tim Harris","CB","2021-01-04","SFA",660000,1,2019,253,2,"111+","Off Roster",2020,198.2,0.00332996972754793
"949",8084,"D'Angelo Ross","CB","2021-01-04","SFA",660000,1,2019,253,2,"111+","Off Roster",2020,198.2,0.00332996972754793
"950",8154,"Curtis Bolton","LB","2021-01-04","SFA",837500,1,2019,127,2,"111+","Off Roster",2020,198.2,0.0042255297679112
"951",8281,"Beau Benzschawel","LG","2021-01-04","SFA",837500,2,2019,58,2,"41-80","Depth",2020,198.2,0.0042255297679112
"952",8311,"Jacob Dolegala","QB","2021-01-04","SFA",780000,1,2019,87,2,"81-110","Roster Fringe",2020,198.2,0.00393541876892028
"953",8336,"Walter Palmore","DT","2021-01-04","SFA",742500,2,2019,210,2,"111+","Off Roster",2020,198.2,0.00374621594349142
"954",8364,"Zack Bailey","LG","2021-01-04","SFA",780000,1,2019,62,2,"41-80","Depth",2020,198.2,0.00393541876892028
"955",8455,"Jon'Vea Johnson","WR","2021-01-04","SFA",742500,2,2019,234,2,"111+","Off Roster",2020,198.2,0.00374621594349142
"956",8527,"Freedom Akinmoladun","EDGE","2021-01-04","SFA",780000,1,2019,149,2,"111+","Off Roster",2020,198.2,0.00393541876892028
"957",8619,"Cameron Nizialek","P","2021-01-04","SFA",742500,2,2019,31,2,"26-40","Backup/Role-Player",2020,198.2,0.00374621594349142
"958",8736,"Lirim Hajrullahu","K","2021-01-04","SFA",660000,1,2020,43,2,"41-80","Depth",2020,198.2,0.00332996972754793
"959",8739,"Jacques Patrick","RB","2021-01-04","SFA",660000,1,2020,155,2,"111+","Off Roster",2020,198.2,0.00332996972754793
"960",8899,"Justin Rohrwasser","K","2021-01-04","SFA",660000,1,2020,43,2,"41-80","Depth",2020,198.2,0.00332996972754793
"961",8943,"Blake Brandel","LT","2021-01-04","SFA",742500,2,2020,66,2,"41-80","Depth",2020,198.2,0.00374621594349142
"962",8957,"Jauan Jennings","WR","2021-01-04","SFA",660000,1,2020,265,2,"111+","Off Roster",2020,198.2,0.00332996972754793
"963",8974,"Clay Johnston","LB","2021-01-04","SFA",660000,1,2020,217,2,"111+","Off Roster",2020,198.2,0.00332996972754793
"964",8984,"Nate Stanley","QB","2021-01-04","SFA",742500,2,2020,104,2,"81-110","Roster Fringe",2020,198.2,0.00374621594349142
"965",8987,"Chris Williamson","CB","2021-01-04","SFA",660000,1,2020,253,2,"111+","Off Roster",2020,198.2,0.00332996972754793
"966",8996,"Chris Rowland","WR","2021-01-04","SFA",660000,1,2020,265,2,"111+","Off Roster",2020,198.2,0.00332996972754793
"967",8997,"Delrick Abrams","CB","2021-01-04","SFA",780000,1,2020,170,2,"111+","Off Roster",2020,198.2,0.00393541876892028
"968",9045,"Josh Hammond","WR","2021-01-04","SFA",762500,2,2020,204,2,"111+","Off Roster",2020,198.2,0.00384712411705348
"969",9049,"Nate Evans","LB","2021-01-04","SFA",742500,2,2020,183,2,"111+","Off Roster",2020,198.2,0.00374621594349142
"970",9052,"Austen Pleasants","RT","2021-01-04","SFA",742500,2,2020,84,2,"81-110","Roster Fringe",2020,198.2,0.00374621594349142
"971",9054,"Tre'Vour Wallace-Simms","RT","2021-01-04","SFA",837500,2,2020,64,2,"41-80","Depth",2020,198.2,0.0042255297679112
"972",9065,"Lavert Hill","CB","2021-01-04","SFA",742500,2,2020,213,2,"111+","Off Roster",2020,198.2,0.00374621594349142
"973",9075,"Darius Bradwell","RB","2021-01-04","SFA",742500,2,2020,131,2,"111+","Off Roster",2020,198.2,0.00374621594349142
"974",9076,"John Brannon","CB","2021-01-04","SFA",742500,2,2020,213,2,"111+","Off Roster",2020,198.2,0.00374621594349142
"975",9080,"Breiden Fehoko","DT","2021-01-04","SFA",742500,2,2020,210,2,"111+","Off Roster",2020,198.2,0.00374621594349142
"976",9082,"Nathan Gilliam","RG","2021-01-04","SFA",742500,2,2020,69,2,"41-80","Depth",2020,198.2,0.00374621594349142
"977",9089,"T.J. Smith","DT","2021-01-04","SFA",742500,2,2020,210,2,"111+","Off Roster",2020,198.2,0.00374621594349142
"978",9090,"Donte Vaughn","CB","2021-01-04","SFA",742500,2,2020,213,2,"111+","Off Roster",2020,198.2,0.00374621594349142
"979",9091,"Rysen John","TE","2021-01-04","SFA",745000,2,2020,131,2,"111+","Off Roster",2020,198.2,0.00375882946518668
"980",9099,"Josiah Coatney","DT","2021-01-04","SFA",660000,1,2020,236,2,"111+","Off Roster",2020,198.2,0.00332996972754793
"981",9106,"Scotty Washington","WR","2021-01-04","SFA",660000,1,2020,265,2,"111+","Off Roster",2020,198.2,0.00332996972754793
"982",9156,"Jake Bargas","TE","2021-01-04","SFA",742500,2,2020,133,2,"111+","Off Roster",2020,198.2,0.00374621594349142
"983",9166,"David Moa","DT","2021-01-04","SFA",745750,2,2020,208,2,"111+","Off Roster",2020,198.2,0.00376261352169526
"984",9173,"Jonas Griffith","LB","2021-01-04","SFA",660000,1,2020,217,2,"111+","Off Roster",2020,198.2,0.00332996972754793
"985",9175,"Josh Hokit","FB","2021-01-04","SFA",660000,1,2020,18,2,"16-25","Starter",2020,198.2,0.00332996972754793
"986",9179,"Matt Leo","EDGE","2021-01-04","SFA",742500,2,2020,172,2,"111+","Off Roster",2020,198.2,0.00374621594349142
"987",9192,"Giovanni Ricci","TE","2021-01-04","SFA",660000,1,2020,155,2,"111+","Off Roster",2020,198.2,0.00332996972754793
"988",9201,"Mike Horton","RG","2021-01-04","SFA",660000,1,2020,77,2,"41-80","Depth",2020,198.2,0.00332996972754793
"989",9211,"Daniel Bituli","LB","2021-01-04","SFA",660000,1,2020,217,2,"111+","Off Roster",2020,198.2,0.00332996972754793
"990",9212,"Cohl Cabral","C","2021-01-04","SFA",742500,2,2020,64,2,"41-80","Depth",2020,198.2,0.00374621594349142
"991",9257,"Jameson Houston","CB","2021-01-04","SFA",837500,2,2020,150,2,"111+","Off Roster",2020,198.2,0.0042255297679112
"992",9266,"John Hurst","WR","2021-01-04","SFA",742500,2,2020,234,2,"111+","Off Roster",2020,198.2,0.00374621594349142
"993",9277,"Bill Murray","DT","2021-01-04","SFA",660000,1,2020,236,2,"111+","Off Roster",2020,198.2,0.00332996972754793
"994",9284,"Isaiah Zuber","WR","2021-01-04","SFA",780000,1,2020,179,2,"111+","Off Roster",2020,198.2,0.00393541876892028
"995",9288,"Kendall Hinton","WR","2021-01-04","SFA",742500,2,2020,234,2,"111+","Off Roster",2020,198.2,0.00374621594349142
"996",9305,"Kristian Wilkerson","WR","2021-01-04","SFA",660000,1,2020,265,2,"111+","Off Roster",2020,198.2,0.00332996972754793
"997",9326,"Josh Nurse","CB","2021-01-04","SFA",742500,2,2020,213,2,"111+","Off Roster",2020,198.2,0.00374621594349142
"998",9339,"Ladarius Hamilton","LB","2021-01-04","SFA",742500,2,2020,183,2,"111+","Off Roster",2020,198.2,0.00374621594349142
"999",9343,"Aaron Parker","WR","2021-01-04","SFA",742500,2,2020,234,2,"111+","Off Roster",2020,198.2,0.00374621594349142
"1000",9349,"Luther Kirk","S","2021-01-04","SFA",742500,2,2020,167,2,"111+","Off Roster",2020,198.2,0.00374621594349142
"1001",9358,"Mike Panasiuk","DT","2021-01-04","SFA",660000,1,2020,236,2,"111+","Off Roster",2020,198.2,0.00332996972754793
"1002",9388,"Darrin Paulo","LT","2021-01-04","SFA",742500,2,2020,66,2,"41-80","Depth",2020,198.2,0.00374621594349142
"1003",9401,"Jarren Williams","CB","2021-01-04","SFA",746250,2,2020,209,2,"111+","Off Roster",2020,198.2,0.00376513622603431
"1004",9419,"Keandre Jones","LB","2021-01-04","SFA",660000,1,2020,217,2,"111+","Off Roster",2020,198.2,0.00332996972754793
"1005",9426,"Isaac Alarcon","LT","2021-01-04","SFA",742500,2,2020,66,2,"41-80","Depth",2020,198.2,0.00374621594349142
"1006",7017,"Jaleel Scott","WR","2021-01-05","SFA",780000,1,2018,180,2,"111+","Off Roster",2020,198.2,0.00393541876892028
"1007",7359,"Evan Brown","C","2021-01-05","SFA",920000,1,2018,45,2,"41-80","Depth",2020,198.2,0.00464177598385469
"1008",8040,"Michael Dogbe","DT","2021-01-05","SFA",850000,1,2019,153,2,"111+","Off Roster",2020,198.2,0.00428859737638749
"1009",8049,"Durval Queiroz","RG","2021-01-05","SFA",742500,2,2019,69,2,"41-80","Depth",2020,198.2,0.00374621594349142
"1010",8204,"D.J. Montgomery","WR","2021-01-05","SFA",742500,2,2019,239,2,"111+","Off Roster",2020,198.2,0.00374621594349142
"1011",8942,"Evan Weaver","LB","2021-01-05","SFA",660000,1,2020,222,2,"111+","Off Roster",2020,198.2,0.00332996972754793
"1012",8989,"Brian Cole II","S","2021-01-05","SFA",742500,2,2020,168,2,"111+","Off Roster",2020,198.2,0.00374621594349142
"1013",9015,"Derrick Dillon","WR","2021-01-05","SFA",745500,2,2020,238,2,"111+","Off Roster",2020,198.2,0.00376135216952573
"1014",9060,"Javaris Davis","CB","2021-01-05","SFA",742500,2,2020,215,2,"111+","Off Roster",2020,198.2,0.00374621594349142
"1015",9135,"Jalen Elliott","S","2021-01-05","SFA",660000,1,2020,200,2,"111+","Off Roster",2020,198.2,0.00332996972754793
"1016",9191,"Reid Sinnett","QB","2021-01-05","SFA",742500,2,2020,105,2,"81-110","Roster Fringe",2020,198.2,0.00374621594349142
"1017",9244,"Chris Miller","S","2021-01-05","SFA",660000,1,2020,200,2,"111+","Off Roster",2020,198.2,0.00332996972754793
"1018",9246,"Kemah Siverand","CB","2021-01-05","SFA",660000,1,2020,258,2,"111+","Off Roster",2020,198.2,0.00332996972754793
"1019",9273,"Nick Coe","DT","2021-01-05","SFA",742500,2,2020,212,2,"111+","Off Roster",2020,198.2,0.00374621594349142
"1020",9352,"Nick Bowers","TE","2021-01-05","SFA",660000,1,2020,159,2,"111+","Off Roster",2020,198.2,0.00332996972754793
"1021",9354,"Javin White","LB","2021-01-05","SFA",780000,1,2020,143,2,"111+","Off Roster",2020,198.2,0.00393541876892028
"1022",9355,"Kamaal Seymour","RG","2021-01-05","SFA",660000,1,2020,78,2,"41-80","Depth",2020,198.2,0.00332996972754793
"1023",9356,"Dominik Eberle","K","2021-01-05","SFA",660000,1,2020,46,2,"41-80","Depth",2020,198.2,0.00332996972754793
"1024",9368,"Tyshun Render","EDGE","2021-01-05","SFA",742500,2,2020,172,2,"111+","Off Roster",2020,198.2,0.00374621594349142
"1025",9370,"Jonathan Hubbard","LT","2021-01-05","SFA",742500,2,2020,67,2,"41-80","Depth",2020,198.2,0.00374621594349142
"1026",9371,"Kylan Johnson","LB","2021-01-05","SFA",742500,2,2020,187,2,"111+","Off Roster",2020,198.2,0.00374621594349142
"1027",9382,"Tino Ellis","CB","2021-01-05","SFA",742500,2,2020,215,2,"111+","Off Roster",2020,198.2,0.00374621594349142
"1028",9389,"Zane Lewis","CB","2021-01-05","SFA",742500,2,2020,215,2,"111+","Off Roster",2020,198.2,0.00374621594349142
"1029",9404,"JoJo Ward","WR","2021-01-05","SFA",660000,1,2020,271,2,"111+","Off Roster",2020,198.2,0.00332996972754793
"1030",9407,"Jace Whittaker","CB","2021-01-05","SFA",780000,1,2020,170,2,"111+","Off Roster",2020,198.2,0.00393541876892028
"1031",9430,"Rex Sunahara","LS","2021-01-05","SFA",742500,2,2020,33,2,"26-40","Backup/Role-Player",2020,198.2,0.00374621594349142
"1032",9432,"Connor Davis","TE","2021-01-05","SFA",742500,2,2020,136,2,"111+","Off Roster",2020,198.2,0.00374621594349142
"1033",9438,"Pete Guerriero","RB","2021-01-05","SFA",742500,2,2020,131,2,"111+","Off Roster",2020,198.2,0.00374621594349142
"1034",7911,"Gary Jennings Jr.","WR","2021-01-06","SFA",780000,1,2019,180,2,"111+","Off Roster",2020,198.2,0.00393541876892028
"1035",7929,"Shareef Miller","EDGE","2021-01-06","SFA",850000,1,2019,128,2,"111+","Off Roster",2020,198.2,0.00428859737638749
"1036",8242,"Deion Calhoun","RG","2021-01-06","SFA",917500,2,2019,45,2,"41-80","Depth",2020,198.2,0.00462916246215943
"1037",9167,"Jared Mayden","S","2021-01-06","SFA",660000,1,2020,200,2,"111+","Off Roster",2020,198.2,0.00332996972754793
"1038",9174,"Chase Harrell","TE","2021-01-06","SFA",660000,1,2020,160,2,"111+","Off Roster",2020,198.2,0.00332996972754793
"1039",9258,"Benny LeMay","RB","2021-01-06","SFA",660000,1,2020,155,2,"111+","Off Roster",2020,198.2,0.00332996972754793
"1040",9351,"Liam McCullough","LS","2021-01-06","SFA",660000,1,2020,36,2,"26-40","Backup/Role-Player",2020,198.2,0.00332996972754793
"1041",9375,"Kirk Merritt","WR","2021-01-06","SFA",742500,2,2020,240,2,"111+","Off Roster",2020,198.2,0.00374621594349142
"1042",5638,"DeShone Kizer","QB","2021-01-11","SFA",920000,1,2017,76,2,"41-80","Depth",2020,198.2,0.00464177598385469
"1043",6058,"Austin Rehkow","P","2021-01-11","SFA",660000,1,2017,35,2,"26-40","Backup/Role-Player",2020,198.2,0.00332996972754793
"1044",7076,"Dylan Cantrell","TE","2021-01-11","SFA",780000,1,2018,104,2,"81-110","Roster Fringe",2020,198.2,0.00393541876892028
"1045",7263,"Kaare Vedvik","P","2021-01-11","SFA",660000,1,2018,35,2,"26-40","Backup/Role-Player",2020,198.2,0.00332996972754793
"1046",7963,"Jordan Miller","CB","2021-01-11","SFA",850000,1,2019,146,2,"111+","Off Roster",2020,198.2,0.00428859737638749
"1047",8032,"Jalen Jelks","EDGE","2021-01-11","SFA",675000,1,2019,192,2,"111+","Off Roster",2020,198.2,0.00340565085771948
"1048",8421,"Roderic Teamer","CB","2021-01-11","SFA",780000,1,2019,173,2,"111+","Off Roster",2020,198.2,0.00393541876892028
"1049",8933,"Robert Windsor","DT","2021-01-11","SFA",660000,1,2020,241,2,"111+","Off Roster",2020,198.2,0.00332996972754793
"1050",9026,"Javon Leake","RB","2021-01-11","SFA",660000,1,2020,157,2,"111+","Off Roster",2020,198.2,0.00332996972754793
"1051",9032,"Jan Johnson","LB","2021-01-11","SFA",742500,2,2020,188,2,"111+","Off Roster",2020,198.2,0.00374621594349142
"1052",9116,"Farrod Green","TE","2021-01-11","SFA",660000,1,2020,166,2,"111+","Off Roster",2020,198.2,0.00332996972754793
"1053",9151,"Will Sunderland","CB","2021-01-11","SFA",660000,1,2020,262,2,"111+","Off Roster",2020,198.2,0.00332996972754793
"1054",9162,"Nakia Griffin-Stewart","TE","2021-01-11","SFA",742500,2,2020,139,2,"111+","Off Roster",2020,198.2,0.00374621594349142
"1055",9180,"Chris Williams","DT","2021-01-11","SFA",660000,1,2020,241,2,"111+","Off Roster",2020,198.2,0.00332996972754793
"1056",9182,"Carter O'Donnell","LT","2021-01-11","SFA",660000,1,2020,79,2,"41-80","Depth",2020,198.2,0.00332996972754793
"1057",9232,"Tommy Champion","RT","2021-01-11","SFA",660000,1,2020,95,2,"81-110","Roster Fringe",2020,198.2,0.00332996972754793
"1058",9233,"Aaron Fuller","WR","2021-01-11","SFA",660000,1,2020,279,2,"111+","Off Roster",2020,198.2,0.00332996972754793
"1059",9240,"Gavin Heslop","CB","2021-01-11","SFA",660000,1,2020,262,2,"111+","Off Roster",2020,198.2,0.00332996972754793
"1060",9242,"Cedrick Lattimore","DT","2021-01-11","SFA",660000,1,2020,241,2,"111+","Off Roster",2020,198.2,0.00332996972754793
"1061",9243,"Tyler Mabry","TE","2021-01-11","SFA",660000,1,2020,166,2,"111+","Off Roster",2020,198.2,0.00332996972754793
"1062",9263,"Nate Wieting","TE","2021-01-11","SFA",742500,2,2020,139,2,"111+","Off Roster",2020,198.2,0.00374621594349142
"1063",9295,"Tommy Hudson","TE","2021-01-11","SFA",742500,2,2020,139,2,"111+","Off Roster",2020,198.2,0.00374621594349142
"1064",9297,"Brandon Kemp","LT","2021-01-11","SFA",742500,2,2020,67,2,"41-80","Depth",2020,198.2,0.00374621594349142
"1065",9299,"Tucker McCann","K","2021-01-11","SFA",742500,2,2020,44,2,"41-80","Depth",2020,198.2,0.00374621594349142
"1066",9336,"Darius Anderson","RB","2021-01-11","SFA",660000,1,2020,157,2,"111+","Off Roster",2020,198.2,0.00332996972754793
"1067",9427,"David Bada","DT","2021-01-11","SFA",660000,1,2020,241,2,"111+","Off Roster",2020,198.2,0.00332996972754793
"1068",7141,"Trey Quinn","WR","2021-01-12","SFA",850000,1,2018,157,2,"111+","Off Roster",2020,198.2,0.00428859737638749
"1069",7945,"Jordan Scarlett","RB","2021-01-12","SFA",837500,2,2019,94,2,"81-110","Roster Fringe",2020,198.2,0.0042255297679112
"1070",9011,"Jared Pinkney","TE","2021-01-12","SFA",742500,2,2020,139,2,"111+","Off Roster",2020,198.2,0.00374621594349142
"1071",9169,"DeMarkus Acy","CB","2021-01-12","SFA",660000,1,2020,266,2,"111+","Off Roster",2020,198.2,0.00332996972754793
"1072",9234,"Anthony Gordon","QB","2021-01-12","SFA",660000,1,2020,116,2,"111+","Off Roster",2020,198.2,0.00332996972754793
"1073",9294,"Cale Garrett","LB","2021-01-12","SFA",660000,1,2020,224,2,"111+","Off Roster",2020,198.2,0.00332996972754793
"1074",9331,"John Daka","EDGE","2021-01-12","SFA",742500,2,2020,175,2,"111+","Off Roster",2020,198.2,0.00374621594349142
"1075",9391,"Jake Benzinger","RT","2021-01-12","SFA",660000,1,2020,96,2,"81-110","Roster Fringe",2020,198.2,0.00332996972754793
"1076",9409,"Ledarius Mack","LB","2021-01-12","SFA",660000,1,2020,224,2,"111+","Off Roster",2020,198.2,0.00332996972754793
"1077",9411,"Lacale London","DT","2021-01-12","SFA",660000,1,2020,241,2,"111+","Off Roster",2020,198.2,0.00332996972754793
"1078",9413,"Dieter Eiselen","LG","2021-01-12","SFA",660000,1,2020,87,2,"81-110","Roster Fringe",2020,198.2,0.00332996972754793
"1079",9414,"Badara Traore","RT","2021-01-12","SFA",660000,1,2020,96,2,"81-110","Roster Fringe",2020,198.2,0.00332996972754793
"1080",8027,"John Ursua","WR","2021-01-13","SFA",780000,1,2019,184,2,"111+","Off Roster",2020,198.2,0.00393541876892028
"1081",9124,"Manasseh Bailey","WR","2021-01-13","SFA",742500,2,2020,249,2,"111+","Off Roster",2020,198.2,0.00374621594349142
"1082",9131,"Khalil Tate","WR","2021-01-13","SFA",742500,1,2020,249,2,"111+","Off Roster",2020,198.2,0.00374621594349142
"1083",9138,"Arryn Siposs","P","2021-01-13","SFA",841667,3,2020,23,2,"16-25","Starter",2020,198.2,0.00424655398587286
"1084",8735,"Jordan Ta'amu","QB","2021-01-14","SFA",660000,1,2019,116,2,"111+","Off Roster",2020,198.2,0.00332996972754793
"1085",8000,"Demarcus Christmas","DT","2021-01-15","SFA",780000,1,2019,173,2,"111+","Off Roster",2020,198.2,0.00393541876892028
"1086",9024,"Binjimen Victor","WR","2021-01-15","SFA",660000,1,2020,287,2,"111+","Off Roster",2020,198.2,0.00332996972754793
"1087",9071,"Cody White","WR","2021-01-15","SFA",660000,1,2020,287,2,"111+","Off Roster",2020,198.2,0.00332996972754793
"1088",9100,"Calvin Taylor","DT","2021-01-15","SFA",660000,1,2020,244,2,"111+","Off Roster",2020,198.2,0.00332996972754793
"1089",9101,"Corliss Waitman","P","2021-01-15","SFA",660000,1,2020,36,2,"26-40","Backup/Role-Player",2020,198.2,0.00332996972754793
"1090",9123,"Michael Warren","RB","2021-01-15","SFA",660000,1,2020,160,2,"111+","Off Roster",2020,198.2,0.00332996972754793
"1091",9194,"Myles Adams","EDGE","2021-01-15","SFA",660000,1,2020,197,2,"111+","Off Roster",2020,198.2,0.00332996972754793
"1092",9359,"Brandon Walton","LT","2021-01-15","SFA",660000,1,2020,79,2,"41-80","Depth",2020,198.2,0.00332996972754793
"1093",5724,"Ryan Glasgow","DT","2021-01-16","SFA",920000,1,2017,129,2,"111+","Off Roster",2020,198.2,0.00464177598385469
"1094",7287,"Derrick Willies","WR","2021-01-16","SFA",837500,2,2018,168,2,"111+","Off Roster",2020,198.2,0.0042255297679112
"1095",8037,"Javon Patterson","C","2021-01-16","SFA",742500,2,2019,69,2,"41-80","Depth",2020,198.2,0.00374621594349142
"1096",8087,"Chase Hansen","LB","2021-01-16","SFA",780000,1,2019,144,2,"111+","Off Roster",2020,198.2,0.00393541876892028
"1097",8460,"Chris Westry","CB","2021-01-16","SFA",660000,1,2019,270,2,"111+","Off Roster",2020,198.2,0.00332996972754793
"1098",8738,"Austin MacGinnis","K","2021-01-16","SFA",742500,2,2020,44,2,"41-80","Depth",2020,198.2,0.00374621594349142
"1099",9022,"Kyle Markway","TE","2021-01-16","SFA",742500,2,2020,145,2,"111+","Off Roster",2020,198.2,0.00374621594349142
"1100",9029,"Cordel Iwuagwu","LG","2021-01-16","SFA",742500,2,2020,79,2,"41-80","Depth",2020,198.2,0.00374621594349142
"1101",9044,"Brandon Wright","P","2021-01-16","SFA",742500,2,2020,31,2,"26-40","Backup/Role-Player",2020,198.2,0.00374621594349142
"1102",9210,"Eric Banks","DT","2021-01-16","SFA",837500,2,2020,162,2,"111+","Off Roster",2020,198.2,0.0042255297679112
"1103",9215,"Michael Hoecht","DT","2021-01-16","SFA",742500,2,2020,220,2,"111+","Off Roster",2020,198.2,0.00374621594349142
"1104",9217,"J.J. Koski","WR","2021-01-16","SFA",742500,2,2020,255,2,"111+","Off Roster",2020,198.2,0.00374621594349142
"1105",9221,"Tyrique McGhee","S","2021-01-16","SFA",742500,2,2020,172,2,"111+","Off Roster",2020,198.2,0.00374621594349142
"1106",9222,"Bryce Perkins","QB","2021-01-16","SFA",742500,2,2020,113,2,"111+","Off Roster",2020,198.2,0.00374621594349142
"1107",9225,"Christian Rozeboom","LB","2021-01-16","SFA",742500,2,2020,191,2,"111+","Off Roster",2020,198.2,0.00374621594349142
"1108",9227,"Jonah Williams","DT","2021-01-16","SFA",742500,2,2020,220,2,"111+","Off Roster",2020,198.2,0.00374621594349142
"1109",9250,"Elijah Benton","S","2021-01-16","SFA",742500,2,2020,172,2,"111+","Off Roster",2020,198.2,0.00374621594349142
"1110",9251,"Ja'Marcus Bradley","WR","2021-01-16","SFA",837500,2,2020,168,2,"111+","Off Roster",2020,198.2,0.0042255297679112
"1111",9255,"A.J. Green","CB","2021-01-16","SFA",742500,2,2020,227,2,"111+","Off Roster",2020,198.2,0.00374621594349142
"1112",9261,"Alex Taylor","RT","2021-01-16","SFA",742500,2,2020,86,2,"81-110","Roster Fringe",2020,198.2,0.00374621594349142
"1113",9318,"Tyler Huntley","QB","2021-01-16","SFA",780000,1,2020,94,2,"81-110","Roster Fringe",2020,198.2,0.00393541876892028
"1114",9323,"Chauncey Rivers","EDGE","2021-01-16","SFA",660000,1,2020,198,2,"111+","Off Roster",2020,198.2,0.00332996972754793
"1115",9325,"Jaylon Moore","WR","2021-01-16","SFA",660000,1,2020,292,2,"111+","Off Roster",2020,198.2,0.00332996972754793
"1116",9327,"Nigel Warrior","S","2021-01-16","SFA",660000,1,2020,206,2,"111+","Off Roster",2020,198.2,0.00332996972754793
"1117",9328,"Marcus Willoughby","DT","2021-01-16","SFA",742500,2,2020,220,2,"111+","Off Roster",2020,198.2,0.00374621594349142
"1118",9329,"Eli Wolf","TE","2021-01-16","SFA",660000,1,2020,175,2,"111+","Off Roster",2020,198.2,0.00332996972754793
"1119",9335,"Aaron Crawford","DT","2021-01-16","SFA",660000,1,2020,251,2,"111+","Off Roster",2020,198.2,0.00332996972754793
"1120",9381,"Calvin Throckmorton","RG","2021-01-16","SFA",742500,2,2020,72,2,"41-80","Depth",2020,198.2,0.00374621594349142
"1121",9384,"Tony Jones","RB","2021-01-16","SFA",742500,2,2020,135,2,"111+","Off Roster",2020,198.2,0.00374621594349142
"1122",9440,"Ty Williams","RB","2021-01-16","SFA",660000,1,2020,162,2,"111+","Off Roster",2020,198.2,0.00332996972754793
"1123",9117,"Donald Rutledge","S","2021-01-20","SFA",660000,1,2020,206,2,"111+","Off Roster",2020,198.2,0.00332996972754793
"1124",7806,"Dwayne Haskins","QB","2021-01-21","SFA",850000,1,2019,85,2,"81-110","Roster Fringe",2020,198.2,0.00428859737638749
"1125",9114,"Kameron Cline","DT","2021-01-21","SFA",660000,1,2020,252,2,"111+","Off Roster",2020,198.2,0.00332996972754793
"1126",9159,"Quartney Davis","WR","2021-01-21","SFA",660000,1,2020,293,2,"111+","Off Roster",2020,198.2,0.00332996972754793
"1127",9298,"Mason Kinsey","WR","2021-01-21","SFA",742500,2,2020,255,2,"111+","Off Roster",2020,198.2,0.00374621594349142
"1128",8465,"Matthew Wright","K","2021-01-22","SFA",780000,1,2019,36,2,"26-40","Backup/Role-Player",2020,198.2,0.00393541876892028
"1129",9387,"Keith Washington","CB","2021-01-22","SFA",660000,1,2020,271,2,"111+","Off Roster",2020,198.2,0.00332996972754793
"1130",5719,"Ryan Switzer","WR","2021-01-23","SFA",920000,1,2017,129,2,"111+","Off Roster",2020,198.2,0.00464177598385469
"1131",7985,"Dexter Williams","RB","2021-01-25","SFA",850000,1,2019,95,2,"81-110","Roster Fringe",2020,198.2,0.00428859737638749
"1132",8948,"Jake Hanson","C","2021-01-26","SFA",660000,1,2020,77,2,"41-80","Depth",2020,198.2,0.00332996972754793
"1133",9150,"Delontae Scott","DT","2021-01-26","SFA",660000,1,2020,252,2,"111+","Off Roster",2020,198.2,0.00332996972754793
"1134",7978,"Juwann Winfree","WR","2021-01-27","SFA",780000,1,2019,193,2,"111+","Off Roster",2020,198.2,0.00393541876892028
"1135",8950,"Prince Tega Wanogho","RT","2021-01-27","SFA",660000,2,2020,98,2,"81-110","Roster Fringe",2020,198.2,0.00332996972754793
"1136",8979,"Dane Jackson","CB","2021-01-27","SFA",855000,2,2020,151,2,"111+","Off Roster",2020,198.2,0.004313824419778
"1137",9144,"Tipa Galeai","EDGE","2021-01-27","SFA",660000,1,2020,200,2,"111+","Off Roster",2020,198.2,0.00332996972754793
"1138",9148,"Willington Previlon","DT","2021-01-27","SFA",660000,1,2020,254,2,"111+","Off Roster",2020,198.2,0.00332996972754793
"1139",9149,"Stanford Samuels","CB","2021-01-27","SFA",660000,1,2020,274,2,"111+","Off Roster",2020,198.2,0.00332996972754793
"1140",9153,"Zack Johnson","LG","2021-01-27","SFA",660000,1,2020,89,2,"81-110","Roster Fringe",2020,198.2,0.00332996972754793
"1141",9274,"De'Jon Harris","LB","2021-01-27","SFA",660000,1,2020,232,2,"111+","Off Roster",2020,198.2,0.00332996972754793
"1142",9363,"Trey Adams","LT","2021-01-27","SFA",746250,2,2020,67,2,"41-80","Depth",2020,198.2,0.00376513622603431
"1143",9366,"Josh Thomas","S","2021-01-27","SFA",742500,2,2020,174,2,"111+","Off Roster",2020,198.2,0.00374621594349142
"1144",9367,"Antonio Williams","RB","2021-01-27","SFA",742500,2,2020,138,2,"111+","Off Roster",2020,198.2,0.00374621594349142
"1145",9147,"Jalen Morton","QB","2021-02-01","SFA",660000,1,2020,125,2,"111+","Off Roster",2020,198.2,0.00332996972754793
"1146",9139,"Steve Wirtel","LS","2021-02-02","SFA",803333,3,2020,30,2,"26-40","Backup/Role-Player",2020,198.2,0.00405314328960646
"1147",7146,"Austin Schlottmann","LG","2021-02-03","ERFA",850000,1,2018,58,2,"41-80","Depth",2020,198.2,0.00428859737638749
"1148",8991,"Stephen Sullivan","TE","2021-02-03","SFA",660000,1,2020,178,2,"111+","Off Roster",2020,198.2,0.00332996972754793
"1149",8964,"Cole McDonald","QB","2021-02-04","SFA",660000,1,2020,126,2,"111+","Off Roster",2020,198.2,0.00332996972754793
"1150",5862,"Sean Culkin","TE","2021-02-05","SFA",920000,1,2017,75,2,"41-80","Depth",2020,198.2,0.00464177598385469
"1151",9058,"Rodney Clemons","S","2021-02-06","SFA",660000,1,2020,210,2,"111+","Off Roster",2020,198.2,0.00332996972754793
"1152",9109,"Tyler Clark","DT","2021-02-06","SFA",660000,1,2020,255,2,"111+","Off Roster",2020,198.2,0.00332996972754793
"1153",7821,"Deandre Baker","CB","2021-02-09","SFA",850000,1,2019,154,2,"111+","Off Roster",2020,198.2,0.00428859737638749
"1154",9003,"Austin Edwards","EDGE","2021-02-09","SFA",660000,1,2020,201,2,"111+","Off Roster",2020,198.2,0.00332996972754793
"1155",9059,"Omari Cobb","LB","2021-02-09","SFA",660000,1,2020,232,2,"111+","Off Roster",2020,198.2,0.00332996972754793
"1156",9063,"Maurice Ffrench","WR","2021-02-09","SFA",660000,1,2020,307,2,"111+","Off Roster",2020,198.2,0.00332996972754793
"1157",9072,"Darryl Williams","C","2021-02-09","SFA",660000,1,2020,79,2,"41-80","Depth",2020,198.2,0.00332996972754793
"1158",9185,"Javon Hagan","S","2021-02-09","SFA",742500,2,2020,175,2,"111+","Off Roster",2020,198.2,0.00374621594349142
"1159",9186,"Travis Jonsen","WR","2021-02-09","SFA",742500,2,2020,266,2,"111+","Off Roster",2020,198.2,0.00374621594349142
"1160",9189,"Benning Potoa'e","DT","2021-02-09","SFA",742500,2,2020,225,2,"111+","Off Roster",2020,198.2,0.00374621594349142
"1161",9267,"Nick Leverett","LG","2021-02-09","SFA",742500,2,2020,83,2,"81-110","Roster Fringe",2020,198.2,0.00374621594349142
"1162",9269,"Josh Pearson","WR","2021-02-09","SFA",742500,2,2020,266,2,"111+","Off Roster",2020,198.2,0.00374621594349142
"1163",9302,"Kobe Smith","DT","2021-02-09","SFA",742500,2,2020,225,2,"111+","Off Roster",2020,198.2,0.00374621594349142
"1164",8443,"Isaiah Mack","DT","2021-02-11","SFA",850000,1,2019,157,2,"111+","Off Roster",2020,198.2,0.00428859737638749
"1165",9088,"Dalton Schoen","WR","2021-02-12","SFA",660000,1,2020,308,2,"111+","Off Roster",2020,198.2,0.00332996972754793
"1166",9224,"Sam Renner","DT","2021-02-12","SFA",742500,2,2020,226,2,"111+","Off Roster",2020,198.2,0.00374621594349142
"1167",9376,"Donell Stanley","C","2021-02-12","SFA",742500,2,2020,71,2,"41-80","Depth",2020,198.2,0.00374621594349142
"1168",7114,"Jason Sanders","K","2021-02-16","Extension",4400000,5,2018,4,2,"4-8","Star",2020,198.2,0.0221997981836529
"1169",9196,"Branden Bowen","RT","2021-02-17","SFA",660000,1,2020,98,2,"81-110","Roster Fringe",2020,198.2,0.00332996972754793
"1170",7108,"Jullian Taylor","EDGE","2021-02-25","SFA",920000,1,2018,108,2,"81-110","Roster Fringe",2020,198.2,0.00464177598385469
"1171",7300,"Kendal Vickers","DT","2021-03-02","ERFA",780000,1,2018,184,2,"111+","Off Roster",2020,198.2,0.00393541876892028
"1172",9332,"Dom Maggio","P","2021-03-08","SFA",660000,1,2020,38,2,"26-40","Backup/Role-Player",2020,198.2,0.00332996972754793
"1173",5749,"Matt Milano","LB","2021-03-11","UFA",10375000,4,2017,12,2,"9-15","Above-Average Starter",2020,198.2,0.0523461150353179
"1174",7162,"Tre Herndon","CB","2021-03-12","RFA",2000000,1,2018,66,2,"41-80","Depth",2020,198.2,0.0100908173562059
"1175",5654,"Dawuane Smoot","EDGE","2021-03-15","UFA",5000000,2,2017,48,2,"41-80","Depth",2020,198.2,0.0252270433905146
"1176",5686,"Jonnu Smith","TE","2021-03-16","UFA",12500000,4,2017,3,2,"1-3","Superstar",2020,198.2,0.0630676084762866
"1177",5711,"Samson Ebukam","EDGE","2021-03-16","UFA",6000000,2,2017,49,2,"41-80","Depth",2020,198.2,0.0302724520686176
"1178",5717,"Deatrich Wise","EDGE","2021-03-16","UFA",5500000,4,2017,53,2,"41-80","Depth",2020,198.2,0.0277497477295661
"1179",7312,"Ben Niemann","LB","2021-03-16","RFA",1570000,1,2018,78,2,"41-80","Depth",2020,198.2,0.0079212916246216
"1180",7318,"Darrel Williams","RB","2021-03-16","RFA",1600000,1,2018,47,2,"41-80","Depth",2020,198.2,0.00807265388496468
"1181",8011,"Cullen Gillaspia","FB","2021-03-16","SFA",850000,1,2019,14,2,"9-15","Above-Average Starter",2020,198.2,0.00428859737638749
"1182",5593,"John Ross","WR","2021-03-17","UFA",2250000,1,2017,69,2,"41-80","Depth",2021,182.5,0.0123287671232877
"1183",5652,"Ahkello Witherspoon","CB","2021-03-17","UFA",4000000,1,2017,45,2,"41-80","Depth",2021,182.5,0.0219178082191781
"1184",5710,"Jalen Reeves-Maybin","LB","2021-03-17","UFA",2337500,1,2017,64,2,"41-80","Depth",2021,182.5,0.0128082191780822
"1185",5778,"Alex Armah","FB","2021-03-17","UFA",1127500,1,2017,11,2,"9-15","Above-Average Starter",2021,182.5,0.00617808219178082
"1186",7581,"Poona Ford","DT","2021-03-17","RFA",6172500,2,2018,41,2,"41-80","Depth",2021,182.5,0.0338219178082192
"1187",7653,"Chris Board","LB","2021-03-17","RFA",1683000,1,2018,77,2,"41-80","Depth",2021,182.5,0.00922191780821918
"1188",5589,"Corey Davis","WR","2021-03-18","UFA",12500000,3,2017,16,2,"16-25","Starter",2021,182.5,0.0684931506849315
"1189",5605,"Jarrad Davis","LB","2021-03-18","UFA",5500000,1,2017,23,2,"16-25","Starter",2021,182.5,0.0301369863013699
"1190",5641,"Dalvin Tomlinson","DT","2021-03-18","UFA",10500000,2,2017,17,2,"16-25","Starter",2021,182.5,0.0575342465753425
"1191",5660,"Chris Wormley","DT","2021-03-18","UFA",4500000,2,2017,42,2,"41-80","Depth",2021,182.5,0.0246575342465753
"1192",5670,"Chris Godwin","WR","2021-03-18","Franchise",15983000,1,2017,10,2,"9-15","Above-Average Starter",2021,182.5,0.0875780821917808
"1193",5676,"Shaquill Griffin","CB","2021-03-18","UFA",13333333,3,2017,11,2,"9-15","Above-Average Starter",2021,182.5,0.0730593589041096
"1194",5678,"Jourdan Lewis","CB","2021-03-18","UFA",4500000,3,2017,31,2,"26-40","Backup/Role-Player",2021,182.5,0.0246575342465753
"1195",5699,"Rayshawn Jenkins","S","2021-03-18","UFA",8750000,4,2017,14,2,"9-15","Above-Average Starter",2021,182.5,0.047945205479452
"1196",5702,"Carl Lawson","EDGE","2021-03-18","UFA",15000000,3,2017,14,2,"9-15","Above-Average Starter",2021,182.5,0.0821917808219178
"1197",5728,"Carlos Watkins","DT","2021-03-18","UFA",1750000,1,2017,64,2,"41-80","Depth",2021,182.5,0.00958904109589041
"1198",8085,"Tyree St. Louis","RG","2021-03-18","ERFA",780000,1,2019,46,2,"41-80","Depth",2021,182.5,0.00427397260273973
"1199",8160,"Randy Ramsey","EDGE","2021-03-18","ERFA",780000,1,2019,104,2,"81-110","Roster Fringe",2021,182.5,0.00427397260273973
"1200",5610,"Takkarist McKinley","EDGE","2021-03-19","UFA",4250000,1,2017,40,2,"26-40","Backup/Role-Player",2021,182.5,0.0232876712328767
"1201",5623,"Zay Jones","WR","2021-03-19","UFA",2500000,1,2017,48,2,"41-80","Depth",2021,182.5,0.0136986301369863
"1202",5646,"Chidobe Awuzie","CB","2021-03-19","UFA",7250000,3,2017,24,2,"16-25","Starter",2021,182.5,0.0397260273972603
"1203",5651,"Larry Ogunjobi","DT","2021-03-19","UFA",6200000,1,2017,31,2,"26-40","Backup/Role-Player",2021,182.5,0.033972602739726
"1204",5677,"John Johnson","S","2021-03-19","UFA",11250000,3,2017,8,2,"4-8","Star",2021,182.5,0.0616438356164384
"1205",5689,"Trey Hendrickson","EDGE","2021-03-19","UFA",15000000,4,2017,14,2,"9-15","Above-Average Starter",2021,182.5,0.0821917808219178
"1206",5715,"David Sharpe","LT","2021-03-19","UFA",1127500,1,2017,30,2,"26-40","Backup/Role-Player",2021,182.5,0.00617808219178082
"1207",5737,"Desmond King","CB","2021-03-19","UFA",3000000,1,2017,44,2,"41-80","Depth",2021,182.5,0.0164383561643836
"1208",5806,"Ifeadi Odenigbo","EDGE","2021-03-19","SFA",2500000,1,2017,49,2,"41-80","Depth",2021,182.5,0.0136986301369863
"1209",7324,"Brandon Facyson","CB","2021-03-19","SFA",945000,1,2018,91,2,"81-110","Roster Fringe",2021,182.5,0.00517808219178082
"1210",7454,"Mike Boone","RB","2021-03-19","SFA",1925000,2,2018,26,2,"26-40","Backup/Role-Player",2021,182.5,0.0105479452054795
"1211",9031,"Tyler Simmons","WR","2021-03-19","SFA",660000,1,2020,196,2,"111+","Off Roster",2021,182.5,0.00361643835616438
"1212",5606,"Charles Harris","EDGE","2021-03-20","UFA",1750000,1,2017,55,2,"41-80","Depth",2021,182.5,0.00958904109589041
"1213",5633,"Tyus Bowser","EDGE","2021-03-20","UFA",5500000,4,2017,37,2,"26-40","Backup/Role-Player",2021,182.5,0.0301369863013699
"1214",5648,"JuJu Smith-Schuster","WR","2021-03-20","UFA",8000000,1,2017,28,2,"26-40","Backup/Role-Player",2021,182.5,0.0438356164383562
"1215",5661,"Duke Riley","LB","2021-03-20","UFA",1127500,1,2017,60,2,"41-80","Depth",2021,182.5,0.00617808219178082
"1216",5680,"Cameron Sutton","CB","2021-03-20","UFA",4500000,2,2017,37,2,"26-40","Backup/Role-Player",2021,182.5,0.0246575342465753
"1217",5720,"Jamaal Williams","RB","2021-03-20","UFA",3000000,2,2017,16,2,"16-25","Starter",2021,182.5,0.0164383561643836
"1218",7132,"Logan Cooke","P","2021-03-20","Extension",3000000,4,2018,4,2,"4-8","Star",2021,182.5,0.0164383561643836
"1219",7544,"Trent Sherfield","WR","2021-03-20","SFA",920000,1,2018,98,2,"81-110","Roster Fringe",2021,182.5,0.00504109589041096
"1220",5682,"Kenny Golladay","WR","2021-03-21","UFA",18000000,4,2017,5,2,"4-8","Star",2021,182.5,0.0986301369863014
"1221",5825,"Noah Brown","WR","2021-03-21","UFA",1127500,1,2017,80,2,"41-80","Depth",2021,182.5,0.00617808219178082
"1222",6350,"Dan Arnold","TE","2021-03-21","UFA",3000000,2,2017,25,2,"16-25","Starter",2021,182.5,0.0164383561643836
"1223",5586,"Mitchell Trubisky","QB","2021-03-22","UFA",2500000,1,2017,37,2,"26-40","Backup/Role-Player",2021,182.5,0.0136986301369863
"1224",5602,"Adoree' Jackson","CB","2021-03-22","SFA",13000000,3,2017,12,2,"9-15","Above-Average Starter",2021,182.5,0.0712328767123288
"1225",5625,"Marcus Maye","S","2021-03-22","Franchise",10612000,1,2017,9,2,"9-15","Above-Average Starter",2021,182.5,0.0581479452054795
"1226",7545,"Tavierre Thomas","CB","2021-03-22","UFA",2000000,2,2018,58,2,"41-80","Depth",2021,182.5,0.010958904109589
"1227",8149,"Andre James","C","2021-03-22","Extension",4325000,2,2019,17,2,"16-25","Starter",2021,182.5,0.0236986301369863
"1228",5597,"Haason Reddick","EDGE","2021-03-23","UFA",6000000,1,2017,34,2,"26-40","Backup/Role-Player",2021,182.5,0.0328767123287671
"1229",5640,"Raekwon McMillan","LB","2021-03-23","UFA",1150000,1,2017,66,2,"41-80","Depth",2021,182.5,0.0063013698630137
"1230",5669,"Derek Rivers","EDGE","2021-03-23","UFA",1100000,1,2017,72,2,"41-80","Depth",2021,182.5,0.00602739726027397
"1231",5703,"Josh Reynolds","WR","2021-03-23","UFA",1750000,1,2017,65,2,"41-80","Depth",2021,182.5,0.00958904109589041
"1232",5729,"Marlon Mack","RB","2021-03-23","UFA",2000000,1,2017,27,2,"26-40","Backup/Role-Player",2021,182.5,0.010958904109589
"1233",5741,"Jayon Brown","LB","2021-03-23","UFA",4500000,1,2017,28,2,"26-40","Backup/Role-Player",2021,182.5,0.0246575342465753
"1234",5764,"Davon Godchaux","DT","2021-03-23","UFA",7500000,2,2017,28,2,"26-40","Backup/Role-Player",2021,182.5,0.0410958904109589
"1235",5776,"Sam Tevi","LT","2021-03-23","UFA",2510000,1,2017,26,2,"26-40","Backup/Role-Player",2021,182.5,0.0137534246575342
"1236",5784,"D.J. Jones","DT","2021-03-23","UFA",3500000,1,2017,54,2,"41-80","Depth",2021,182.5,0.0191780821917808
"1237",7288,"Olasunkanmi Adeniyi","EDGE","2021-03-23","SFA",1000000,1,2018,81,2,"81-110","Roster Fringe",2021,182.5,0.00547945205479452
"1238",7364,"Tae Davis","LB","2021-03-23","SFA",1250000,1,2018,59,2,"41-80","Depth",2021,182.5,0.00684931506849315
"1239",7400,"Danny Johnson","CB","2021-03-23","SFA",1035000,1,2018,88,2,"81-110","Roster Fringe",2021,182.5,0.00567123287671233
"1240",7440,"Tim Boyle","QB","2021-03-23","SFA",2400000,1,2018,38,2,"26-40","Backup/Role-Player",2021,182.5,0.0131506849315068
"1241",5612,"Taco Charlton","EDGE","2021-03-24","UFA",1127500,1,2017,70,2,"41-80","Depth",2021,182.5,0.00617808219178082
"1242",5690,"C.J. Beathard","QB","2021-03-24","UFA",2500000,2,2017,39,2,"26-40","Backup/Role-Player",2021,182.5,0.0136986301369863
"1243",5704,"Mack Hollins","WR","2021-03-24","UFA",1127500,1,2017,86,2,"81-110","Roster Fringe",2021,182.5,0.00617808219178082
"1244",5626,"Curtis Samuel","WR","2021-03-25","UFA",11500000,3,2017,19,2,"16-25","Starter",2021,182.5,0.063013698630137
"1245",5630,"Gerald Everett","TE","2021-03-25","UFA",6000000,1,2017,16,2,"16-25","Starter",2021,182.5,0.0328767123287671
"1246",5666,"Tarell Basham","EDGE","2021-03-25","UFA",2750000,2,2017,50,2,"41-80","Depth",2021,182.5,0.0150684931506849
"1247",7479,"Matt Gono","RT","2021-03-25","RFA",3384000,1,2018,21,2,"16-25","Starter",2021,182.5,0.0185424657534247
"1248",5619,"Kevin King","CB","2021-03-26","UFA",5000000,1,2017,35,2,"26-40","Backup/Role-Player",2021,182.5,0.0273972602739726
"1249",5659,"Jordan Willis","EDGE","2021-03-26","UFA",990000,1,2017,90,2,"81-110","Roster Fringe",2021,182.5,0.00542465753424658
"1250",5662,"Alex Anzalone","LB","2021-03-26","UFA",1750000,1,2017,54,2,"41-80","Depth",2021,182.5,0.00958904109589041
"1251",5667,"Fabian Moreau","CB","2021-03-26","UFA",1127500,1,2017,86,2,"81-110","Roster Fringe",2021,182.5,0.00617808219178082
"1252",5768,"Aaron Jones","RB","2021-03-26","UFA",12000000,4,2017,6,2,"4-8","Star",2021,182.5,0.0657534246575342
"1253",5735,"Damontae Kazee","S","2021-03-29","UFA",1127500,1,2017,67,2,"41-80","Depth",2021,182.5,0.00617808219178082
"1254",5747,"Anthony Walker Jr.","LB","2021-03-29","UFA",3000000,1,2017,38,2,"26-40","Backup/Role-Player",2021,182.5,0.0164383561643836
"1255",5770,"Nate Gerry","LB","2021-03-29","UFA",990000,1,2017,90,2,"81-110","Roster Fringe",2021,182.5,0.00542465753424658
"1256",5835,"Chris Carson","RB","2021-03-29","UFA",5212500,2,2017,14,2,"9-15","Above-Average Starter",2021,182.5,0.0285616438356164
"1257",5628,"Marcus Williams","S","2021-03-30","Franchise",10612000,1,2017,9,2,"9-15","Above-Average Starter",2021,182.5,0.0581479452054795
"1258",5645,"Tanoh Kpassagnon","EDGE","2021-03-30","UFA",2250000,2,2017,60,2,"41-80","Depth",2021,182.5,0.0123287671232877
"1259",5716,"Julie'n Davenport","LT","2021-03-30","UFA",1127500,1,2017,31,2,"26-40","Backup/Role-Player",2021,182.5,0.00617808219178082
"1260",5777,"Xavier Woods","S","2021-03-30","UFA",1750000,1,2017,51,2,"41-80","Depth",2021,182.5,0.00958904109589041
"1261",5779,"Jordan Evans","LB","2021-03-30","UFA",1127500,1,2017,73,2,"41-80","Depth",2021,182.5,0.00617808219178082
"1262",7144,"Phillip Lindsay","RB","2021-03-30","SFA",3250000,1,2018,18,2,"16-25","Starter",2021,182.5,0.0178082191780822
"1263",5754,"Marquel Lee","LB","2021-03-31","SFA",1020000,1,2017,88,2,"81-110","Roster Fringe",2021,182.5,0.00558904109589041
"1264",6900,"Kolton Miller","LT","2021-04-01","Extension",18005000,3,2018,5,2,"4-8","Star",2021,182.5,0.0986575342465753
"1265",7371,"Jason Cabinda","FB","2021-04-06","ERFA",920000,1,2018,9,2,"9-15","Above-Average Starter",2021,182.5,0.00504109589041096
"1266",8618,"Martez Ivey","LT","2021-04-06","SFA",660000,1,2019,62,2,"41-80","Depth",2021,182.5,0.00361643835616438
"1267",9066,"Jalen Julius","CB","2021-04-06","SFA",660000,1,2020,203,2,"111+","Off Roster",2021,182.5,0.00361643835616438
"1268",5740,"Jeremy Sprinkle","TE","2021-04-07","UFA",1127500,1,2017,53,2,"41-80","Depth",2021,182.5,0.00617808219178082
"1269",7239,"A.J. Moore","CB","2021-04-07","RFA",2133000,1,2018,61,2,"41-80","Depth",2021,182.5,0.0116876712328767
"1270",7632,"Coleman Shelton","LG","2021-04-07","ERFA",850000,1,2018,47,2,"41-80","Depth",2021,182.5,0.00465753424657534
"1271",9035,"Jamir Jones","EDGE","2021-04-07","SFA",660000,1,2020,154,2,"111+","Off Roster",2021,182.5,0.00361643835616438
"1272",5695,"Jaleel Johnson","DT","2021-04-08","UFA",1300000,1,2017,89,2,"81-110","Roster Fringe",2021,182.5,0.00712328767123288
"1273",5620,"Cam Robinson","LT","2021-04-09","Franchise",13754000,1,2017,13,2,"9-15","Above-Average Starter",2021,182.5,0.0753643835616438
"1274",9392,"T.J. Carter","DT","2021-04-09","SFA",660000,1,2020,193,2,"111+","Off Roster",2021,182.5,0.00361643835616438
"1275",9390,"Ryan Becker","TE","2021-04-13","SFA",660000,1,2020,135,2,"111+","Off Roster",2021,182.5,0.00361643835616438
"1276",5691,"James Conner","RB","2021-04-14","UFA",1750000,1,2017,40,2,"26-40","Backup/Role-Player",2021,182.5,0.00958904109589041
"1277",9001,"Mikey Daniel","RB","2021-04-14","SFA",660000,1,2020,138,2,"111+","Off Roster",2021,182.5,0.00361643835616438
"1278",5624,"Forrest Lamp","LG","2021-04-15","UFA",1057500,1,2017,35,2,"26-40","Backup/Role-Player",2021,182.5,0.00579452054794521
"1279",7530,"Dennis Gardeck","EDGE","2021-04-15","RFA",3384000,1,2018,49,2,"41-80","Depth",2021,182.5,0.0185424657534247
"1280",8214,"Jamell Garcia-Williams","EDGE","2021-04-15","SFA",660000,1,2019,158,2,"111+","Off Roster",2021,182.5,0.00361643835616438
"1281",9010,"Jalen McCleskey","WR","2021-04-15","SFA",660000,1,2020,229,2,"111+","Off Roster",2021,182.5,0.00361643835616438
"1282",9040,"Tavien Feaster","RB","2021-04-15","SFA",660000,1,2020,138,2,"111+","Off Roster",2021,182.5,0.00361643835616438
"1283",9056,"Andre Baccellia","WR","2021-04-15","SFA",660000,1,2020,229,2,"111+","Off Roster",2021,182.5,0.00361643835616438
"1284",7237,"J.C. Jackson","CB","2021-04-16","RFA",3384000,1,2018,48,2,"41-80","Depth",2021,182.5,0.0185424657534247
"1285",5721,"Joshua Dobbs","QB","2021-04-19","UFA",1040000,1,2017,54,2,"41-80","Depth",2021,182.5,0.0056986301369863
"1286",7157,"George Odum","S","2021-04-19","RFA",2133000,1,2018,44,2,"41-80","Depth",2021,182.5,0.0116876712328767
"1287",7548,"Zeke Turner","LB","2021-04-19","RFA",2133000,1,2018,51,2,"41-80","Depth",2021,182.5,0.0116876712328767
"1288",9429,"Sandro Platzgummer","RB","2021-04-19","SFA",660000,1,2020,139,2,"111+","Off Roster",2021,182.5,0.00361643835616438
"1289",7635,"Corey Bojorquez","P","2021-04-20","SFA",1020000,1,2018,17,2,"16-25","Starter",2021,182.5,0.00558904109589041
"1290",7264,"Darious Williams","CB","2021-04-21","RFA",4766000,1,2018,37,2,"26-40","Backup/Role-Player",2021,182.5,0.0261150684931507
"1291",6972,"Arden Key","EDGE","2021-04-23","SFA",1045000,1,2018,96,2,"81-110","Roster Fringe",2021,182.5,0.00572602739726027
"1292",7025,"Maurice Hurst","DT","2021-04-23","SFA",1045000,1,2018,106,2,"81-110","Roster Fringe",2021,182.5,0.00572602739726027
"1293",9093,"Christian Montano","RG","2021-04-23","SFA",660000,1,2020,65,2,"41-80","Depth",2021,182.5,0.00361643835616438
"1294",6961,"Mason Rudolph","QB","2021-04-29","Extension",4985199,1,2018,35,2,"26-40","Backup/Role-Player",2021,182.5,0.0273161589041096
"1295",5621,"Malik McDowell","DT","2021-05-03","SFA",660000,1,2017,203,2,"111+","Off Roster",2021,182.5,0.00361643835616438
"1296",6885,"Scott Daly","LS","2021-05-04","SFA",660000,1,2017,28,2,"26-40","Backup/Role-Player",2021,182.5,0.00361643835616438
"1297",7442,"Raven Greene","S","2021-05-05","SFA",850000,1,2018,113,2,"111+","Off Roster",2021,182.5,0.00465753424657534
"1298",9006,"Juwan Green","WR","2021-05-06","SFA",660000,1,2020,242,2,"111+","Off Roster",2021,182.5,0.00361643835616438
"1299",9171,"Chris Finke","WR","2021-05-06","SFA",660000,1,2020,242,2,"111+","Off Roster",2021,182.5,0.00361643835616438
"1300",6905,"Frank Ragnow","C","2021-05-07","Extension",13500000,4,2018,1,2,"1-3","Superstar",2021,182.5,0.073972602739726
"1301",6928,"Kerryon Johnson","RB","2021-05-12","Other",920000,1,2018,89,2,"81-110","Roster Fringe",2021,182.5,0.00504109589041096
"1302",8539,"Joshua Moon","S","2021-05-13","SFA",660000,1,2019,174,2,"111+","Off Roster",2021,182.5,0.00361643835616438
"1303",9247,"Marcus Webb","DT","2021-05-13","SFA",660000,1,2020,213,2,"111+","Off Roster",2021,182.5,0.00361643835616438
"1304",9360,"Mike Bell","LB","2021-05-13","SFA",660000,1,2020,199,2,"111+","Off Roster",2021,182.5,0.00361643835616438
"1305",9395,"Steven Gonzalez","LG","2021-05-13","SFA",660000,1,2020,77,2,"41-80","Depth",2021,182.5,0.00361643835616438
"1306",7966,"Sutton Smith","EDGE","2021-05-14","SFA",660000,1,2019,177,2,"111+","Off Roster",2021,182.5,0.00361643835616438
"1307",8168,"Eric Dungey","QB","2021-05-14","SFA",660000,1,2019,98,2,"81-110","Roster Fringe",2021,182.5,0.00361643835616438
"1308",9231,"Easop Winston","WR","2021-05-14","SFA",660000,1,2020,275,2,"111+","Off Roster",2021,182.5,0.00361643835616438
"1309",9442,"Michael Pinckney","LB","2021-05-14","SFA",660000,1,2020,213,2,"111+","Off Roster",2021,182.5,0.00361643835616438
"1310",9936,"Trill Williams","CB","2021-05-15","UDFA",813333,3,2021,185,2,"111+","Off Roster",2021,182.5,0.00445661917808219
"1311",5681,"Delano Hill","S","2021-05-17","SFA",990000,1,2017,101,2,"81-110","Roster Fringe",2021,182.5,0.00542465753424658
"1312",5763,"Trent Taylor","WR","2021-05-17","SFA",920000,1,2017,136,2,"111+","Off Roster",2021,182.5,0.00504109589041096
"1313",7373,"Eddy Pineiro","K","2021-05-17","SFA",780000,1,2018,37,2,"26-40","Backup/Role-Player",2021,182.5,0.00427397260273973
"1314",9008,"Evin Ksiezarczyk","LT","2021-05-17","SFA",660000,1,2020,78,2,"41-80","Depth",2021,182.5,0.00361643835616438
"1315",9067,"Kalija Lipscomb","WR","2021-05-17","SFA",742500,2,2020,266,2,"111+","Off Roster",2021,182.5,0.00406849315068493
"1316",9350,"Charlie Taumoepeau","TE","2021-05-17","SFA",660000,1,2020,171,2,"111+","Off Roster",2021,182.5,0.00361643835616438
"1317",9309,"Shyheim Carter","CB","2021-05-18","SFA",660000,1,2020,260,2,"111+","Off Roster",2021,182.5,0.00361643835616438
"1318",8243,"Wes Farnsworth","LS","2021-05-20","SFA",660000,1,2019,32,2,"26-40","Backup/Role-Player",2021,182.5,0.00361643835616438
"1319",9207,"Cam Sutton","TE","2021-05-26","SFA",660000,1,2020,177,2,"111+","Off Roster",2021,182.5,0.00361643835616438
"1320",9218,"Dayan Lake","CB","2021-06-02","SFA",660000,1,2020,269,2,"111+","Off Roster",2021,182.5,0.00361643835616438
"1321",7034,"Michael Dickson","P","2021-06-07","Extension",3674765,4,2018,2,2,"1-3","Superstar",2021,182.5,0.020135698630137
"1322",9050,"Amari Henderson","CB","2021-06-08","SFA",660000,1,2020,277,2,"111+","Off Roster",2021,182.5,0.00361643835616438
"1323",7142,"Jeff Holland","LB","2021-06-10","SFA",780000,1,2018,187,2,"111+","Off Roster",2021,182.5,0.00427397260273973
"1324",7354,"Charvarius Ward","CB","2021-06-10","RFA",3384000,1,2018,50,2,"41-80","Depth",2021,182.5,0.0185424657534247
"1325",6958,"Jerome Baker","LB","2021-06-13","Extension",12500000,3,2018,7,2,"4-8","Star",2021,182.5,0.0684931506849315
"1326",9248,"Dominick Wood-Anderson","TE","2021-06-16","SFA",660000,1,2020,184,2,"111+","Off Roster",2021,182.5,0.00361643835616438
"1327",9260,"George Obinna","EDGE","2021-06-17","SFA",660000,1,2020,214,2,"111+","Off Roster",2021,182.5,0.00361643835616438
"1328",5731,"Jake Butt","TE","2021-06-21","SFA",850000,1,2017,99,2,"81-110","Roster Fringe",2021,182.5,0.00465753424657534
"1329",5688,"Nazair Jones","DT","2021-06-22","SFA",850000,1,2017,167,2,"111+","Off Roster",2021,182.5,0.00465753424657534
"1330",5616,"Ryan Ramczyk","RT","2021-06-30","Extension",19200000,5,2017,1,2,"1-3","Superstar",2021,182.5,0.105205479452055
"1331",8988,"Sam Sloman","K","2021-07-01","SFA",780000,1,2020,38,2,"26-40","Backup/Role-Player",2021,182.5,0.00427397260273973
"1332",6955,"Fred Warner","LB","2021-07-21","Extension",19045000,5,2018,1,2,"1-3","Superstar",2021,182.5,0.104356164383562
"1333",9301,"Cameron Scarlett","RB","2021-07-23","SFA",660000,1,2020,181,2,"111+","Off Roster",2021,182.5,0.00361643835616438
"1334",6408,"De'Quan Hampton","WR","2021-07-24","SFA",660000,1,2017,330,2,"111+","Off Roster",2021,182.5,0.00361643835616438
"1335",5696,"Dede Westbrook","WR","2021-07-26","SFA",1127500,1,2017,113,2,"111+","Off Roster",2021,182.5,0.00617808219178082
"1336",5599,"Malik Hooker","S","2021-07-27","SFA",920000,1,2017,123,2,"111+","Off Roster",2021,182.5,0.00504109589041096
"1337",6962,"Sam Hubbard","EDGE","2021-07-28","Extension",10000000,4,2018,23,2,"16-25","Starter",2021,182.5,0.0547945205479452
"1338",7417,"Bunmi Rotimi","DT","2021-07-28","SFA",660000,1,2018,261,2,"111+","Off Roster",2021,182.5,0.00361643835616438
"1339",5601,"Jonathan Allen","DT","2021-07-29","Extension",18000000,4,2017,5,2,"4-8","Star",2021,182.5,0.0986301369863014
"1340",6922,"Braden Smith","RT","2021-07-29","Extension",17500000,4,2018,3,2,"1-3","Superstar",2021,182.5,0.0958904109589041
"1341",6920,"Nick Chubb","RB","2021-07-31","Extension",12200000,3,2018,6,2,"4-8","Star",2021,182.5,0.0668493150684931
"1342",9078,"Jeff Cotton","WR","2021-07-31","SFA",660000,1,2020,343,2,"111+","Off Roster",2021,182.5,0.00361643835616438
"1343",9237,"Josh Avery","DT","2021-08-04","SFA",660000,1,2020,263,2,"111+","Off Roster",2021,182.5,0.00361643835616438
"1344",9321,"Michael Dereus","WR","2021-08-04","SFA",660000,1,2020,345,2,"111+","Off Roster",2021,182.5,0.00361643835616438
"1345",6892,"Josh Allen","QB","2021-08-06","Extension",43000000,6,2018,2,2,"1-3","Superstar",2021,182.5,0.235616438356164
"1346",7610,"Chris Okoye","DT","2021-08-07","SFA",660000,1,2018,265,2,"111+","Off Roster",2021,182.5,0.00361643835616438
"1347",9064,"Aleva Hifo","WR","2021-08-07","SFA",660000,1,2020,347,2,"111+","Off Roster",2021,182.5,0.00361643835616438
"1348",9437,"Michael Barnett","DT","2021-08-07","SFA",660000,1,2020,265,2,"111+","Off Roster",2021,182.5,0.00361643835616438
"1349",6921,"Shaquille Leonard","LB","2021-08-08","Extension",19700000,5,2018,1,2,"1-3","Superstar",2021,182.5,0.107945205479452
"1350",8520,"LaDarius Wiley","CB","2021-08-08","SFA",660000,1,2019,303,2,"111+","Off Roster",2021,182.5,0.00361643835616438
"1351",9357,"Siaosi Mariner","WR","2021-08-09","SFA",660000,1,2020,348,2,"111+","Off Roster",2021,182.5,0.00361643835616438
"1352",5635,"Ryan Anderson","EDGE","2021-08-10","SFA",990000,1,2017,133,2,"111+","Off Roster",2021,182.5,0.00542465753424658
"1353",8080,"Malik Gant","S","2021-08-10","SFA",660000,1,2019,224,2,"111+","Off Roster",2021,182.5,0.00361643835616438
"1354",9018,"Case Cookus","QB","2021-08-10","SFA",660000,1,2020,117,2,"111+","Off Roster",2021,182.5,0.00361643835616438
"1355",9405,"Reggie Floyd","S","2021-08-13","SFA",742500,2,2020,201,2,"111+","Off Roster",2021,182.5,0.00406849315068493
"1356",9276,"Brian Lewerke","QB","2021-08-16","SFA",660000,1,2020,117,2,"111+","Off Roster",2021,182.5,0.00361643835616438
"1357",9431,"Bryson Young","EDGE","2021-08-16","SFA",660000,1,2020,233,2,"111+","Off Roster",2021,182.5,0.00361643835616438
"1358",5590,"Jamal Adams","S","2021-08-17","Extension",17500000,4,2017,1,2,"1-3","Superstar",2021,182.5,0.0958904109589041
"1359",9361,"Marquel Harrell","LG","2021-08-19","SFA",660000,1,2020,100,2,"81-110","Roster Fringe",2021,182.5,0.00361643835616438
"1360",7011,"Ito Smith","RB","2021-08-23","SFA",920000,1,2018,104,2,"81-110","Roster Fringe",2021,182.5,0.00504109589041096
"1361",8911,"Isaiah Coulter","WR","2021-08-23","SFA",780000,1,2020,280,2,"111+","Off Roster",2021,182.5,0.00427397260273973
"1362",8075,"Steven Sims","WR","2021-08-25","SFA",850000,1,2019,210,2,"111+","Off Roster",2021,182.5,0.00465753424657534
"1363",9264,"Luq Barcoo","CB","2021-08-25","SFA",780000,1,2020,250,2,"111+","Off Roster",2021,182.5,0.00427397260273973
"1364",9004,"Roe Farris","CB","2021-08-27","SFA",660000,1,2020,309,2,"111+","Off Roster",2021,182.5,0.00361643835616438
"1365",7956,"Joe Jackson","EDGE","2021-09-02","SFA",907500,2,2019,151,2,"111+","Off Roster",2021,182.5,0.00497260273972603
"1366",8929,"Jake Luton","QB","2021-09-02","SFA",780000,1,2020,93,2,"81-110","Roster Fringe",2021,182.5,0.00427397260273973
"1367",5726,"Wayne Gallman","RB","2021-09-03","SFA",990000,1,2017,86,2,"81-110","Roster Fringe",2021,182.5,0.00542465753424658
"1368",6930,"Josh Jackson","CB","2021-09-06","Other",920000,1,2018,163,2,"111+","Off Roster",2021,182.5,0.00504109589041096
"1369",6971,"Mark Andrews","TE","2021-09-06","Extension",14000000,4,2018,3,2,"1-3","Superstar",2021,182.5,0.0767123287671233
"1370",7910,"Sheldrick Redwine","S","2021-09-06","SFA",850000,1,2019,148,2,"111+","Off Roster",2021,182.5,0.00465753424657534
"1371",7987,"Blessuan Austin","CB","2021-09-07","SFA",850000,1,2019,188,2,"111+","Off Roster",2021,182.5,0.00465753424657534
"1372",8881,"John Reid","CB","2021-09-07","SFA",780000,1,2020,223,2,"111+","Off Roster",2021,182.5,0.00427397260273973
"1373",7089,"Trenton Cannon","RB","2021-09-08","SFA",920000,1,2018,99,2,"81-110","Roster Fringe",2021,182.5,0.00504109589041096
"1374",9805,"Mac McCain III","CB","2021-09-08","SFA",742500,2,2021,250,2,"111+","Off Roster",2021,182.5,0.00406849315068493
"1375",5614,"T.J. Watt","EDGE","2021-09-09","Extension",28002750,4,2017,1,2,"1-3","Superstar",2021,182.5,0.153439726027397
"1376",6947,"Brian O'Neill","RT","2021-09-09","Extension",18500000,5,2018,2,2,"1-3","Superstar",2021,182.5,0.101369863013699
"1377",6989,"Nyheim Miller-Hines","RB","2021-09-11","Extension",6200000,3,2018,11,2,"9-15","Above-Average Starter",2021,182.5,0.033972602739726
"1378",9885,"Tommy Kraemer","LG","2021-09-11","SFA",660000,1,2021,78,2,"41-80","Depth",2021,182.5,0.00361643835616438
"1379",5595,"Marshon Lattimore","CB","2021-09-13","Extension",19400000,5,2017,3,2,"1-3","Superstar",2021,182.5,0.106301369863014
"1380",5679,"Montravius Adams","DT","2021-09-14","SFA",990000,1,2017,128,2,"111+","Off Roster",2021,182.5,0.00542465753424658
"1381",7118,"Jordan Mailata","LT","2021-09-15","Extension",16000000,4,2018,7,2,"4-8","Star",2021,182.5,0.0876712328767123
"1382",9970,"Jon Rhattigan","LB","2021-09-15","SFA",660000,1,2021,231,2,"111+","Off Roster",2021,182.5,0.00361643835616438
"1383",7015,"Josh Sweat","EDGE","2021-09-18","Extension",13333333,3,2018,20,2,"16-25","Starter",2021,182.5,0.0730593589041096
"1384",7032,"Micah Kiser","LB","2021-09-21","SFA",850000,1,2018,156,2,"111+","Off Roster",2021,182.5,0.00465753424657534
"1385",9700,"Jack Anderson","RG","2021-09-22","SFA",757500,2,2021,72,2,"41-80","Depth",2021,182.5,0.00415068493150685
"1386",9800,"Naquan Jones","DT","2021-09-22","SFA",742500,1,2021,215,2,"111+","Off Roster",2021,182.5,0.00406849315068493
"1387",9446,"Aaron Patrick","EDGE","2021-09-23","SFA",811667,3,2020,182,2,"111+","Off Roster",2021,182.5,0.0044474904109589
"1388",9837,"Trey Ragas","RB","2021-09-25","SFA",660000,1,2021,160,2,"111+","Off Roster",2021,182.5,0.00361643835616438
"1389",7922,"Wes Martin","RG","2021-09-28","SFA",907500,2,2019,51,2,"41-80","Depth",2021,182.5,0.00497260273972603
"1390",8946,"Tyler Davis","TE","2021-09-28","SFA",837500,2,2020,113,2,"111+","Off Roster",2021,182.5,0.00458904109589041
"1391",8915,"Kamal Martin","LB","2021-10-04","SFA",837500,2,2020,167,2,"111+","Off Roster",2021,182.5,0.00458904109589041
"1392",9825,"Forrest Merrill","DT","2021-10-04","SFA",742500,2,2021,216,2,"111+","Off Roster",2021,182.5,0.00406849315068493
"1393",6987,"Jalyn Holmes","DT","2021-10-05","SFA",920000,1,2018,150,2,"111+","Off Roster",2021,182.5,0.00504109589041096
"1394",7909,"Hjalte Froholdt","RG","2021-10-05","SFA",780000,1,2019,69,2,"41-80","Depth",2021,182.5,0.00427397260273973
"1395",7866,"Jace Sternberger","TE","2021-10-06","SFA",850000,1,2019,104,2,"81-110","Roster Fringe",2021,182.5,0.00465753424657534
"1396",8505,"Devine Ozigbo","RB","2021-10-06","SFA",850000,1,2019,118,2,"111+","Off Roster",2021,182.5,0.00465753424657534
"1397",9779,"Ryan McCollum","C","2021-10-06","SFA",660000,1,2021,71,2,"41-80","Depth",2021,182.5,0.00361643835616438
"1398",7020,"John Franklin-Myers","EDGE","2021-10-07","Extension",13750000,4,2018,19,2,"16-25","Starter",2021,182.5,0.0753424657534247
"1399",7006,"Taron Johnson","CB","2021-10-09","Extension",8000000,3,2018,24,2,"16-25","Starter",2021,182.5,0.0438356164383562
"1400",6177,"Rashaad Coward","RT","2021-10-12","SFA",990000,1,2017,56,2,"41-80","Depth",2021,182.5,0.00542465753424658
"1401",9157,"Dan Chisena","WR","2021-10-12","SFA",837500,2,2020,205,2,"111+","Off Roster",2021,182.5,0.00458904109589041
"1402",9867,"Brian Johnson","K","2021-10-12","SFA",660000,1,2021,47,2,"41-80","Depth",2021,182.5,0.00361643835616438
"1403",7092,"Equanimeous St. Brown","WR","2021-10-13","SFA",850000,1,2018,188,2,"111+","Off Roster",2021,182.5,0.00465753424657534
"1404",7834,"Jahlani Tavai","LB","2021-10-13","SFA",1025000,2,2019,110,2,"81-110","Roster Fringe",2021,182.5,0.00561643835616438
"1405",9707,"James Wiggins","S","2021-10-13","SFA",742500,2,2021,183,2,"111+","Off Roster",2021,182.5,0.00406849315068493
"1406",9769,"Mark Gilbert","CB","2021-10-13","SFA",660000,1,2021,267,2,"111+","Off Roster",2021,182.5,0.00361643835616438
"1407",9873,"Sam Kamara","DT","2021-10-13","SFA",742500,2,2021,215,2,"111+","Off Roster",2021,182.5,0.00406849315068493
"1408",7927,"Michael Jordan","LG","2021-10-16","SFA",907500,2,2019,57,2,"41-80","Depth",2021,182.5,0.00497260273972603
"1409",9844,"Nick Ralston","TE","2021-10-16","SFA",742500,2,2021,155,2,"111+","Off Roster",2021,182.5,0.00406849315068493
"1410",6929,"Dante Pettis","WR","2021-10-18","SFA",920000,1,2018,157,2,"111+","Off Roster",2021,182.5,0.00504109589041096
"1411",7139,"Korey Cunningham","LT","2021-10-18","SFA",920000,1,2018,51,2,"41-80","Depth",2021,182.5,0.00504109589041096
"1412",9750,"Barrington Wade","LB","2021-10-18","SFA",660000,1,2021,237,2,"111+","Off Roster",2021,182.5,0.00361643835616438
"1413",9804,"Curtis Robinson","LB","2021-10-18","SFA",660000,1,2021,237,2,"111+","Off Roster",2021,182.5,0.00361643835616438
"1414",9694,"Jimmy Morrissey","C","2021-10-19","SFA",660000,1,2021,72,2,"41-80","Depth",2021,182.5,0.00361643835616438
"1415",7782,"Chris Blewitt","K","2021-10-20","SFA",660000,1,2018,47,2,"41-80","Depth",2021,182.5,0.00361643835616438
"1416",8992,"Tyrie Cleveland","WR","2021-10-20","SFA",837500,2,2020,204,2,"111+","Off Roster",2021,182.5,0.00458904109589041
"1417",8882,"Antonio Gandy-Golden","WR","2021-10-23","SFA",780000,1,2020,234,2,"111+","Off Roster",2021,182.5,0.00427397260273973
"1418",8249,"Patrick Laird","RB","2021-10-30","SFA",850000,1,2019,118,2,"111+","Off Roster",2021,182.5,0.00465753424657534
"1419",9796,"Tory Carter","FB","2021-10-30","SFA",742500,2,2021,16,2,"16-25","Starter",2021,182.5,0.00406849315068493
"1420",9781,"Deon Jackson","RB","2021-11-01","SFA",742500,2,2021,148,2,"111+","Off Roster",2021,182.5,0.00406849315068493
"1421",8896,"Keith Ismael","C","2021-11-04","SFA",780000,1,2020,62,2,"41-80","Depth",2021,182.5,0.00427397260273973
"1422",9152,"Patrick Taylor","RB","2021-11-04","SFA",742500,2,2020,147,2,"111+","Off Roster",2021,182.5,0.00406849315068493
"1423",9836,"Dillon Stoner","WR","2021-11-04","SFA",742500,2,2021,253,2,"111+","Off Roster",2021,182.5,0.00406849315068493
"1424",7051,"Wyatt Teller","RG","2021-11-08","Extension",14200000,4,2018,2,2,"1-3","Superstar",2021,182.5,0.0778082191780822
"1425",9878,"Brock Wright","TE","2021-11-08","SFA",660000,1,2021,171,2,"111+","Off Roster",2021,182.5,0.00361643835616438
"1426",8893,"Colton McKivitz","LT","2021-11-10","SFA",780000,1,2020,67,2,"41-80","Depth",2021,182.5,0.00427397260273973
"1427",9573,"Dez Fitzpatrick","WR","2021-11-13","SFA",742500,2,2021,253,2,"111+","Off Roster",2021,182.5,0.00406849315068493
"1428",9677,"Rachad Wildgoose","CB","2021-11-16","SFA",742500,2,2021,240,2,"111+","Off Roster",2021,182.5,0.00406849315068493
"1429",9746,"Kenny Yeboah","TE","2021-11-16","SFA",742500,2,2021,155,2,"111+","Off Roster",2021,182.5,0.00406849315068493
"1430",9819,"Shane Buechele","QB","2021-11-16","SFA",742500,2,2021,97,2,"81-110","Roster Fringe",2021,182.5,0.00406849315068493
"1431",9898,"Riley Patterson","K","2021-11-16","SFA",660000,1,2021,47,2,"41-80","Depth",2021,182.5,0.00361643835616438
"1432",6934,"Dallas Goedert","TE","2021-11-19","Extension",14250000,4,2018,3,2,"1-3","Superstar",2021,182.5,0.0780821917808219
"1433",7010,"Avonte Maddox","CB","2021-11-20","Extension",7500000,3,2018,26,2,"26-40","Backup/Role-Player",2021,182.5,0.0410958904109589
"1434",8427,"T.J. Edwards","LB","2021-11-20","Extension",2150000,1,2019,53,2,"41-80","Depth",2021,182.5,0.0117808219178082
"1435",9933,"Josiah Bronson","DT","2021-11-20","SFA",742500,2,2021,211,2,"111+","Off Roster",2021,182.5,0.00406849315068493
"1436",6925,"Courtland Sutton","WR","2021-11-22","Extension",15000000,4,2018,16,2,"16-25","Starter",2021,182.5,0.0821917808219178
"1437",7988,"Trace McSorley","QB","2021-11-23","SFA",907500,2,2019,79,2,"41-80","Depth",2021,182.5,0.00497260273972603
"1438",7122,"Nick Bawden","FB","2021-11-24","SFA",780000,1,2018,14,2,"9-15","Above-Average Starter",2021,182.5,0.00427397260273973
"1439",7915,"Phil Haynes","LG","2021-11-29","SFA",850000,1,2019,60,2,"41-80","Depth",2021,182.5,0.00465753424657534
"1440",8620,"Brett Toth","LT","2021-11-30","SFA",970000,2,2019,47,2,"41-80","Depth",2021,182.5,0.00531506849315068
"1441",8907,"Jake Fromm","QB","2021-12-01","SFA",780000,1,2020,92,2,"81-110","Roster Fringe",2021,182.5,0.00427397260273973
"1442",9808,"Adam Prentice","FB","2021-12-02","SFA",742500,2,2021,17,2,"16-25","Starter",2021,182.5,0.00406849315068493
"1443",7973,"Trayveon Williams","RB","2021-12-04","SFA",907500,2,2019,112,2,"111+","Off Roster",2021,182.5,0.00497260273972603
"1444",9823,"Alex Kessman","K","2021-12-04","SFA",742500,2,2021,39,2,"26-40","Backup/Role-Player",2021,182.5,0.00406849315068493
"1445",9744,"Milo Eifler","LB","2021-12-07","SFA",660000,1,2021,232,2,"111+","Off Roster",2021,182.5,0.00361643835616438
"1446",9792,"Miller Forristall","TE","2021-12-07","SFA",660000,1,2021,173,2,"111+","Off Roster",2021,182.5,0.00361643835616438
"1447",9791,"Mekhi Sargent","RB","2021-12-08","SFA",660000,1,2021,158,2,"111+","Off Roster",2021,182.5,0.00361643835616438
"1448",8572,"A.J. Cole","P","2021-12-10","Extension",3000000,4,2019,4,2,"4-8","Star",2021,182.5,0.0164383561643836
"1449",7943,"Qadree Ollison","RB","2021-12-11","SFA",850000,1,2019,119,2,"111+","Off Roster",2021,182.5,0.00465753424657534
"1450",9813,"Zayne Anderson","S","2021-12-14","SFA",742500,2,2021,186,2,"111+","Off Roster",2021,182.5,0.00406849315068493
"1451",8840,"Tanner Muse","S","2021-12-15","SFA",780000,1,2020,178,2,"111+","Off Roster",2021,182.5,0.00427397260273973
"1452",9629,"Shawn Davis","S","2021-12-18","SFA",742500,2,2021,184,2,"111+","Off Roster",2021,182.5,0.00406849315068493
"1453",8355,"Porter Gustin","DT","2021-12-21","SFA",850000,1,2019,171,2,"111+","Off Roster",2021,182.5,0.00465753424657534
"1454",9692,"Thomas Graham Jr.","CB","2021-12-21","SFA",742500,2,2021,236,2,"111+","Off Roster",2021,182.5,0.00406849315068493
"1455",7931,"Ryquell Armstead","RB","2021-12-22","SFA",907500,2,2019,114,2,"111+","Off Roster",2021,182.5,0.00497260273972603
"1456",7877,"Kahale Warring","TE","2021-12-28","SFA",780000,1,2019,136,2,"111+","Off Roster",2021,182.5,0.00427397260273973
"1457",8098,"Patrick Mekari","LT","2021-12-30","Extension",5150000,3,2019,23,2,"16-25","Starter",2021,182.5,0.0282191780821918
"1458",7057,"J.K. Scott","P","2021-12-31","SFA",920000,1,2018,25,2,"16-25","Starter",2021,182.5,0.00504109589041096
"1459",9683,"Seth Williams","WR","2022-01-03","SFA",808333,1,2021,221,2,"111+","Off Roster",2021,182.5,0.00442922191780822
"1460",9971,"Josh Johnson","RB","2022-01-04","SFA",742500,2,2021,151,2,"111+","Off Roster",2021,182.5,0.00406849315068493
"1461",7135,"Ryan Izzo","TE","2022-01-05","SFA",872500,2,2018,102,2,"81-110","Roster Fringe",2021,182.5,0.00478082191780822
"1462",8819,"Jabari Zuniga","EDGE","2022-01-05","SFA",837500,2,2020,173,2,"111+","Off Roster",2021,182.5,0.00458904109589041
"1463",8250,"Jonathan Ledbetter","DT","2022-01-07","SFA",705000,1,2019,222,2,"111+","Off Roster",2021,182.5,0.00386301369863014
"1464",6897,"Vita Vea","DT","2022-01-08","Extension",17750000,4,2018,6,2,"4-8","Star",2021,182.5,0.0972602739726027
"1465",8965,"Kenny Willekes","EDGE","2022-01-08","SFA",742500,2,2020,198,2,"111+","Off Roster",2021,182.5,0.00406849315068493
"1466",9632,"Zach Davidson","TE","2022-01-08","SFA",742500,2,2021,156,2,"111+","Off Roster",2021,182.5,0.00406849315068493
"1467",9685,"Dazz Newsome","WR","2022-01-08","SFA",742500,2,2021,253,2,"111+","Off Roster",2021,182.5,0.00406849315068493
"1468",9704,"William Bradley-King","EDGE","2022-01-08","SFA",742500,2,2021,198,2,"111+","Off Roster",2021,182.5,0.00406849315068493
"1469",6988,"Keke Coutee","WR","2022-01-10","SFA",965000,1,2018,150,2,"111+","Off Roster",2021,182.5,0.00528767123287671
"1470",7236,"Frank Herron","EDGE","2022-01-10","SFA",895000,1,2018,162,2,"111+","Off Roster",2021,182.5,0.0049041095890411
"1471",7905,"Dru Samia","RG","2022-01-10","SFA",895000,1,2019,60,2,"41-80","Depth",2021,182.5,0.0049041095890411
"1472",7997,"Kelvin Harmon","WR","2022-01-10","SFA",825000,1,2019,219,2,"111+","Off Roster",2021,182.5,0.00452054794520548
"1473",8865,"James Morgan","QB","2022-01-10","SFA",825000,1,2020,91,2,"81-110","Roster Fringe",2021,182.5,0.00452054794520548
"1474",8904,"Curtis Weaver","EDGE","2022-01-10","SFA",705000,1,2020,211,2,"111+","Off Roster",2021,182.5,0.00386301369863014
"1475",8912,"Jason Huntley","RB","2022-01-10","SFA",860000,3,2020,123,2,"111+","Off Roster",2021,182.5,0.00471232876712329
"1476",9160,"Myles Dorn","S","2022-01-10","SFA",882500,2,2020,135,2,"111+","Off Roster",2021,182.5,0.00483561643835616
"1477",9216,"Trishton Jackson","WR","2022-01-10","SFA",882500,2,2020,184,2,"111+","Off Roster",2021,182.5,0.00483561643835616
"1478",9456,"Matt Ammendola","K","2022-01-10","SFA",882500,2,2021,28,2,"26-40","Backup/Role-Player",2021,182.5,0.00483561643835616
"1479",9715,"Chris Wilcox","CB","2022-01-10","SFA",705000,1,2021,256,2,"111+","Off Roster",2021,182.5,0.00386301369863014
"1480",9719,"Kawaan Baker","WR","2022-01-10","SFA",787500,2,2021,241,2,"111+","Off Roster",2021,182.5,0.00431506849315068
"1481",9726,"Nick Guggemos","TE","2022-01-10","SFA",705000,1,2021,174,2,"111+","Off Roster",2021,182.5,0.00386301369863014
"1482",9740,"Grant Hermanns","LT","2022-01-10","SFA",787500,2,2021,71,2,"41-80","Depth",2021,182.5,0.00431506849315068
"1483",9755,"Tony Poljan","TE","2022-01-10","SFA",705000,1,2021,174,2,"111+","Off Roster",2021,182.5,0.00386301369863014
"1484",9784,"Tarik Black","WR","2022-01-10","SFA",787500,2,2021,241,2,"111+","Off Roster",2021,182.5,0.00431506849315068
"1485",9785,"Tim Jones","WR","2022-01-10","SFA",705000,1,2021,280,2,"111+","Off Roster",2021,182.5,0.00386301369863014
"1486",9801,"Shaun Beyer","TE","2022-01-10","SFA",787500,2,2021,141,2,"111+","Off Roster",2021,182.5,0.00431506849315068
"1487",9802,"Drew Himmelman","RT","2022-01-10","SFA",787500,2,2021,79,2,"41-80","Depth",2021,182.5,0.00431506849315068
"1488",9807,"Nolan Laufenberg","LG","2022-01-10","SFA",705000,1,2021,78,2,"41-80","Depth",2021,182.5,0.00386301369863014
"1489",9835,"Devery Hamilton","RT","2022-01-10","SFA",711500,1,2021,89,2,"81-110","Roster Fringe",2021,182.5,0.0038986301369863
"1490",9882,"Jake Hausmann","TE","2022-01-10","SFA",712500,1,2021,173,2,"111+","Off Roster",2021,182.5,0.0039041095890411
"1491",9887,"Javon McKinley","WR","2022-01-10","SFA",705000,1,2021,280,2,"111+","Off Roster",2021,182.5,0.00386301369863014
"1492",9888,"Tavante Beckett","LB","2022-01-10","SFA",825000,1,2021,182,2,"111+","Off Roster",2021,182.5,0.00452054794520548
"1493",9896,"Coy Cronk","LT","2022-01-10","SFA",705000,1,2021,80,2,"41-80","Depth",2021,182.5,0.00386301369863014
"1494",9902,"Myron Mitchell","WR","2022-01-10","SFA",705000,1,2021,280,2,"111+","Off Roster",2021,182.5,0.00386301369863014
"1495",9904,"Asim Rose","RB","2022-01-10","SFA",705000,1,2021,160,2,"111+","Off Roster",2021,182.5,0.00386301369863014
"1496",9905,"Tuf Borland","LB","2022-01-10","SFA",705000,1,2021,234,2,"111+","Off Roster",2021,182.5,0.00386301369863014
"1497",9908,"Austin Trammell","WR","2022-01-10","SFA",705000,1,2021,280,2,"111+","Off Roster",2021,182.5,0.00386301369863014
"1498",9916,"Dorian Etheridge","LB","2022-01-10","SFA",825000,1,2021,182,2,"111+","Off Roster",2021,182.5,0.00452054794520548
"1499",9920,"Caleb Huntley","RB","2022-01-10","SFA",705000,1,2021,160,2,"111+","Off Roster",2021,182.5,0.00386301369863014
"1500",9922,"John Raine","TE","2022-01-10","SFA",705000,1,2021,174,2,"111+","Off Roster",2021,182.5,0.00386301369863014
"1501",9926,"Ryan Neuzil","LG","2022-01-10","SFA",705000,1,2021,78,2,"41-80","Depth",2021,182.5,0.00386301369863014
"1502",9929,"David Moore","RG","2022-01-10","SFA",705000,1,2021,82,2,"81-110","Roster Fringe",2021,182.5,0.00386301369863014
"1503",9930,"Spencer Brown","RB","2022-01-10","SFA",705000,1,2021,160,2,"111+","Off Roster",2021,182.5,0.00386301369863014
"1504",9973,"Jared Hocker","LG","2022-01-10","SFA",705000,1,2021,78,2,"41-80","Depth",2021,182.5,0.00386301369863014
"1505",9984,"Shane Zylstra","TE","2022-01-10","SFA",825000,1,2021,120,2,"111+","Off Roster",2021,182.5,0.00452054794520548
"1506",9993,"Hamilcar Rashed","EDGE","2022-01-10","SFA",787500,2,2021,196,2,"111+","Off Roster",2021,182.5,0.00431506849315068
"1507",10004,"C.J. Saunders","WR","2022-01-10","SFA",705000,1,2021,280,2,"111+","Off Roster",2021,182.5,0.00386301369863014
"1508",10006,"Travis Toivonen","WR","2022-01-10","SFA",708500,1,2021,279,2,"111+","Off Roster",2021,182.5,0.00388219178082192
"1509",10019,"Michael Jacobson","TE","2022-01-10","SFA",705000,1,2021,174,2,"111+","Off Roster",2021,182.5,0.00386301369863014
"1510",7991,"Emeke Egbule","EDGE","2022-01-11","SFA",965000,1,2019,140,2,"111+","Off Roster",2021,182.5,0.00528767123287671
"1511",8272,"Connor Strachan","LB","2022-01-11","SFA",705000,1,2019,239,2,"111+","Off Roster",2021,182.5,0.00386301369863014
"1512",8484,"Nsimba Webster","WR","2022-01-11","SFA",965000,1,2019,152,2,"111+","Off Roster",2021,182.5,0.00528767123287671
"1513",8977,"Thakarius Keyes","CB","2022-01-11","SFA",895000,1,2020,187,2,"111+","Off Roster",2021,182.5,0.0049041095890411
"1514",8986,"Malcolm Perry","WR","2022-01-11","SFA",880000,1,2020,192,2,"111+","Off Roster",2021,182.5,0.00482191780821918
"1515",9077,"Cole Christiansen","LB","2022-01-11","SFA",895000,1,2020,156,2,"111+","Off Roster",2021,182.5,0.0049041095890411
"1516",9195,"Omar Bayless","WR","2022-01-11","SFA",705000,1,2020,291,2,"111+","Off Roster",2021,182.5,0.00386301369863014
"1517",9379,"Malcolm Roach","DT","2022-01-11","SFA",895000,1,2020,167,2,"111+","Off Roster",2021,182.5,0.0049041095890411
"1518",9460,"Mathew Sexton","WR","2022-01-11","SFA",705000,1,2021,291,2,"111+","Off Roster",2021,182.5,0.00386301369863014
"1519",9673,"Jalen Camp","WR","2022-01-11","SFA",825000,1,2021,225,2,"111+","Off Roster",2021,182.5,0.00452054794520548
"1520",9717,"Marquiss Spencer","DT","2022-01-11","SFA",787500,2,2021,211,2,"111+","Off Roster",2021,182.5,0.00431506849315068
"1521",9745,"Michael Dwumfour","DT","2022-01-11","SFA",825000,1,2021,191,2,"111+","Off Roster",2021,182.5,0.00452054794520548
"1522",9757,"Foster Sarell","LT","2022-01-11","SFA",705000,1,2021,80,2,"41-80","Depth",2021,182.5,0.00386301369863014
"1523",9777,"Damon Hazelton","WR","2022-01-11","SFA",705000,1,2021,291,2,"111+","Off Roster",2021,182.5,0.00386301369863014
"1524",9821,"Hunter Kampmoyer","TE","2022-01-11","SFA",705000,1,2021,175,2,"111+","Off Roster",2021,182.5,0.00386301369863014
"1525",9828,"Ben Deluca","S","2022-01-11","SFA",825000,1,2021,157,2,"111+","Off Roster",2021,182.5,0.00452054794520548
"1526",9838,"Darius Stills","DT","2022-01-11","SFA",705000,1,2021,238,2,"111+","Off Roster",2021,182.5,0.00386301369863014
"1527",9851,"Brenden Knox","RB","2022-01-11","SFA",705000,1,2021,162,2,"111+","Off Roster",2021,182.5,0.00386301369863014
"1528",9868,"Charles Snowden","EDGE","2022-01-11","SFA",705000,1,2021,215,2,"111+","Off Roster",2021,182.5,0.00386301369863014
"1529",9884,"Drake Jackson","C","2022-01-11","SFA",787500,2,2021,61,2,"41-80","Depth",2021,182.5,0.00431506849315068
"1530",9917,"Kion Smith","RT","2022-01-11","SFA",787500,2,2021,79,2,"41-80","Depth",2021,182.5,0.00431506849315068
"1531",9925,"Kobe Jones","EDGE","2022-01-11","SFA",787500,2,2021,199,2,"111+","Off Roster",2021,182.5,0.00431506849315068
"1532",9938,"Bryce Thompson","CB","2022-01-11","SFA",787500,2,2021,232,2,"111+","Off Roster",2021,182.5,0.00431506849315068
"1533",9976,"Jarrod Hewitt","DT","2022-01-11","SFA",705000,1,2021,238,2,"111+","Off Roster",2021,182.5,0.00386301369863014
"1534",9977,"Cade Johnson","WR","2022-01-11","SFA",705000,1,2021,291,2,"111+","Off Roster",2021,182.5,0.00386301369863014
"1535",9980,"Greg Eiland","LG","2022-01-11","SFA",705000,1,2021,80,2,"41-80","Depth",2021,182.5,0.00386301369863014
"1536",9981,"Pier-Olivier Lestage","RG","2022-01-11","SFA",705000,1,2021,84,2,"81-110","Roster Fringe",2021,182.5,0.00386301369863014
"1537",9982,"Lorenzo Neal Jr.","DT","2022-01-11","SFA",705000,1,2021,238,2,"111+","Off Roster",2021,182.5,0.00386301369863014
"1538",9985,"Aaron Donkor","LB","2022-01-11","SFA",705000,1,2021,239,2,"111+","Off Roster",2021,182.5,0.00386301369863014
"1539",10008,"Tyrone Wheatley Jr.","RT","2022-01-11","SFA",705000,1,2021,91,2,"81-110","Roster Fringe",2021,182.5,0.00386301369863014
"1540",10009,"Michael Bandy","WR","2022-01-11","SFA",705000,1,2021,291,2,"111+","Off Roster",2021,182.5,0.00386301369863014
"1541",10022,"Lakiem Williams","LB","2022-01-11","SFA",705000,1,2021,239,2,"111+","Off Roster",2021,182.5,0.00386301369863014
"1542",7971,"Corey Ballentine","CB","2022-01-12","SFA",975000,1,2019,156,2,"111+","Off Roster",2021,182.5,0.00534246575342466
"1543",7062,"Duke Ejiofor","DT","2022-01-13","SFA",825000,1,2018,191,2,"111+","Off Roster",2021,182.5,0.00452054794520548
"1544",9708,"Gerrid Doaks","RB","2022-01-14","SFA",730000,1,2021,160,2,"111+","Off Roster",2021,182.5,0.004
"1545",8971,"Ben DiNucci","QB","2022-01-17","SFA",882500,2,2020,85,2,"81-110","Roster Fringe",2021,182.5,0.00483561643835616
"1546",9661,"William Sherman","LG","2022-01-17","SFA",705000,1,2021,83,2,"81-110","Roster Fringe",2021,182.5,0.00386301369863014
"1547",9706,"Tre Nixon","WR","2022-01-17","SFA",705000,1,2021,297,2,"111+","Off Roster",2021,182.5,0.00386301369863014
"1548",9734,"Quinn Nordin","K","2022-01-17","SFA",705000,1,2021,43,2,"41-80","Depth",2021,182.5,0.00386301369863014
"1549",9839,"D.J. Turner","WR","2022-01-17","SFA",705000,1,2021,297,2,"111+","Off Roster",2021,182.5,0.00386301369863014
"1550",9840,"Brett Heggie","C","2022-01-17","SFA",705000,1,2021,71,2,"41-80","Depth",2021,182.5,0.00386301369863014
"1551",9843,"Braylon Jones","RT","2022-01-17","SFA",787500,2,2021,79,2,"41-80","Depth",2021,182.5,0.00431506849315068
"1552",9845,"JaQuan Hardy","RB","2022-01-17","SFA",882500,2,2021,124,2,"111+","Off Roster",2021,182.5,0.00483561643835616
"1553",9849,"Tyler Coyle","S","2022-01-17","SFA",787500,2,2021,181,2,"111+","Off Roster",2021,182.5,0.00431506849315068
"1554",9854,"Brandon Smith","WR","2022-01-17","SFA",787500,2,2021,257,2,"111+","Off Roster",2021,182.5,0.00431506849315068
"1555",8891,"Joe Reed","WR","2022-01-18","SFA",945000,1,2020,157,2,"111+","Off Roster",2021,182.5,0.00517808219178082
"1556",8934,"Khalil Davis","DT","2022-01-18","SFA",895000,1,2020,167,2,"111+","Off Roster",2021,182.5,0.0049041095890411
"1557",8966,"Arlington Hambright","LG","2022-01-18","SFA",825000,1,2020,73,2,"41-80","Depth",2021,182.5,0.00452054794520548
"1558",9121,"Noah Togiai","TE","2022-01-18","SFA",850000,1,2020,111,2,"111+","Off Roster",2021,182.5,0.00465753424657534
"1559",9756,"Nate McCrary","RB","2022-01-18","SFA",825000,1,2021,139,2,"111+","Off Roster",2021,182.5,0.00452054794520548
"1560",9759,"Marvin Wilson","DT","2022-01-18","SFA",787500,2,2021,213,2,"111+","Off Roster",2021,182.5,0.00431506849315068
"1561",9770,"Rico Bussey Jr.","WR","2022-01-18","SFA",705000,1,2021,300,2,"111+","Off Roster",2021,182.5,0.00386301369863014
"1562",9772,"Donovan Stiner","S","2022-01-18","SFA",705000,1,2021,203,2,"111+","Off Roster",2021,182.5,0.00386301369863014
"1563",9783,"Tyler Vaughns","WR","2022-01-18","SFA",705000,1,2021,300,2,"111+","Off Roster",2021,182.5,0.00386301369863014
"1564",9861,"Kayode Awosika","RT","2022-01-18","SFA",825000,2,2021,69,2,"41-80","Depth",2021,182.5,0.00452054794520548
"1565",9874,"Daniel Archibong","DT","2022-01-18","SFA",705000,1,2021,242,2,"111+","Off Roster",2021,182.5,0.00386301369863014
"1566",9907,"Christian Elliss","LB","2022-01-18","SFA",787500,2,2021,206,2,"111+","Off Roster",2021,182.5,0.00431506849315068
"1567",6431,"Christian Kuntz","LS","2022-01-19","ERFA",825000,1,2017,29,2,"26-40","Backup/Role-Player",2021,182.5,0.00452054794520548
"1568",7109,"Javon Wims","WR","2022-01-19","SFA",965000,1,2018,153,2,"111+","Off Roster",2021,182.5,0.00528767123287671
"1569",7920,"Isaiah Johnson","CB","2022-01-19","SFA",895000,1,2019,195,2,"111+","Off Roster",2021,182.5,0.0049041095890411
"1570",8919,"Bradlee Anae","EDGE","2022-01-19","SFA",905000,1,2020,162,2,"111+","Off Roster",2021,182.5,0.00495890410958904
"1571",9853,"Austin Faoliu","DT","2022-01-19","SFA",787500,2,2021,216,2,"111+","Off Roster",2021,182.5,0.00431506849315068
"1572",9989,"Bernhard Seikovits","TE","2022-01-19","SFA",705000,1,2021,184,2,"111+","Off Roster",2021,182.5,0.00386301369863014
"1573",10024,"Alex Tchangam","EDGE","2022-01-19","SFA",705000,1,2021,217,2,"111+","Off Roster",2021,182.5,0.00386301369863014
"1574",8759,"Damon Arnette","CB","2022-01-20","SFA",895000,1,2020,195,2,"111+","Off Roster",2021,182.5,0.0049041095890411
"1575",9648,"Ben Mason","FB","2022-01-21","SFA",705000,1,2021,21,2,"16-25","Starter",2021,182.5,0.00386301369863014
"1576",9265,"Jordan Steckler","RG","2022-01-22","SFA",835000,1,2020,68,2,"41-80","Depth",2021,182.5,0.00457534246575342
"1577",6936,"Anthony Miller","WR","2022-01-24","SFA",1035000,1,2018,129,2,"111+","Off Roster",2021,182.5,0.00567123287671233
"1578",8055,"Austin Fort","TE","2022-01-24","SFA",787500,2,2019,152,2,"111+","Off Roster",2021,182.5,0.00431506849315068
"1579",8947,"Isaiah Hodgins","WR","2022-01-25","SFA",787500,2,2020,265,2,"111+","Off Roster",2021,182.5,0.00431506849315068
"1580",9013,"Ray Wilborn","LT","2022-01-25","SFA",705000,1,2020,85,2,"81-110","Roster Fringe",2021,182.5,0.00386301369863014
"1581",9187,"John Molchon","RG","2022-01-25","SFA",787500,2,2020,81,2,"81-110","Roster Fringe",2021,182.5,0.00431506849315068
"1582",9444,"J.J. Molson","K","2022-01-25","SFA",705000,1,2020,45,2,"41-80","Depth",2021,182.5,0.00386301369863014
"1583",9449,"Chris Blair","WR","2022-01-25","SFA",705000,1,2021,308,2,"111+","Off Roster",2021,182.5,0.00386301369863014
"1584",9450,"Innis Gaines","S","2022-01-25","SFA",705000,1,2021,206,2,"111+","Off Roster",2021,182.5,0.00386301369863014
"1585",9678,"Cole Van Lanen","LG","2022-01-25","SFA",825000,1,2021,74,2,"41-80","Depth",2021,182.5,0.00452054794520548
"1586",9711,"Michal Menet","C","2022-01-25","SFA",705000,1,2021,72,2,"41-80","Depth",2021,182.5,0.00386301369863014
"1587",9728,"Olaijah Griffin","CB","2022-01-25","SFA",787500,2,2021,252,2,"111+","Off Roster",2021,182.5,0.00431506849315068
"1588",9731,"Nick McCloud","CB","2022-01-25","SFA",882500,2,2021,207,2,"111+","Off Roster",2021,182.5,0.00483561643835616
"1589",9733,"Quintin Morris","TE","2022-01-25","SFA",787500,2,2021,152,2,"111+","Off Roster",2021,182.5,0.00431506849315068
"1590",9892,"Jacob Capra","RG","2022-01-25","SFA",787500,2,2021,81,2,"81-110","Roster Fringe",2021,182.5,0.00431506849315068
"1591",9939,"Nolan Cooney","P","2022-01-25","SFA",787500,2,2021,36,2,"26-40","Backup/Role-Player",2021,182.5,0.00431506849315068
"1592",9944,"Jose Borregales","K","2022-01-25","SFA",787500,2,2021,34,2,"26-40","Backup/Role-Player",2021,182.5,0.00431506849315068
"1593",9958,"Troy Warner","S","2022-01-25","SFA",787500,2,2021,183,2,"111+","Off Roster",2021,182.5,0.00431506849315068
"1594",9994,"Elijah Ponder","DT","2022-01-25","SFA",787500,2,2021,218,2,"111+","Off Roster",2021,182.5,0.00431506849315068
"1595",7965,"KeeSean Johnson","WR","2022-01-26","SFA",895000,1,2019,182,2,"111+","Off Roster",2021,182.5,0.0049041095890411
"1596",9762,"Kiondre Thomas","CB","2022-01-26","SFA",825000,1,2021,229,2,"111+","Off Roster",2021,182.5,0.00452054794520548
"1597",9893,"Jack Heflin","DT","2022-01-27","SFA",825000,1,2021,197,2,"111+","Off Roster",2021,182.5,0.00452054794520548
"1598",8968,"Sterling Hofrichter","P","2022-01-31","SFA",882500,2,2020,27,2,"26-40","Backup/Role-Player",2021,182.5,0.00483561643835616
"1599",9965,"Alfredo Gutierrez","RT","2022-01-31","SFA",705000,1,2021,95,2,"81-110","Roster Fringe",2021,182.5,0.00386301369863014
"1600",9967,"Austin Watkins","WR","2022-01-31","SFA",787500,2,2021,268,2,"111+","Off Roster",2021,182.5,0.00431506849315068
"1601",9979,"Connor Wedington","WR","2022-01-31","SFA",705000,1,2021,313,2,"111+","Off Roster",2021,182.5,0.00386301369863014
"1602",9428,"Joseph Charlton","P","2022-02-01","SFA",895000,1,2020,26,2,"26-40","Backup/Role-Player",2021,182.5,0.0049041095890411
"1603",7976,"Ka'dar Hollman","CB","2022-02-02","SFA",895000,1,2019,196,2,"111+","Off Roster",2021,182.5,0.0049041095890411
"1604",8033,"Cortez Broughton","DT","2022-02-02","SFA",895000,1,2019,171,2,"111+","Off Roster",2021,182.5,0.0049041095890411
"1605",9645,"Cornell Powell","WR","2022-02-02","SFA",705000,1,2021,317,2,"111+","Off Roster",2021,182.5,0.00386301369863014
"1606",9817,"Devon Key","S","2022-02-02","SFA",705000,1,2021,206,2,"111+","Off Roster",2021,182.5,0.00386301369863014
"1607",9818,"Dicaprio Bootle","CB","2022-02-02","SFA",825000,1,2021,230,2,"111+","Off Roster",2021,182.5,0.00452054794520548
"1608",9831,"Matt Bushman","TE","2022-02-02","SFA",705000,1,2021,192,2,"111+","Off Roster",2021,182.5,0.00386301369863014
"1609",8908,"John Hightower","WR","2022-02-03","SFA",887500,2,2020,198,2,"111+","Off Roster",2021,182.5,0.00486301369863014
"1610",9995,"Chris Naggar","K","2022-02-04","SFA",787500,2,2021,34,2,"26-40","Backup/Role-Player",2021,182.5,0.00431506849315068
"1611",7029,"Justin Watson","WR","2022-02-05","SFA",1035000,1,2018,130,2,"111+","Off Roster",2021,182.5,0.00567123287671233
"1612",8201,"Jamie Gillan","P","2022-02-07","SFA",1065000,1,2019,22,2,"16-25","Starter",2021,182.5,0.00583561643835616
"1613",9766,"Drue Chrisman","P","2022-02-07","SFA",705000,1,2021,47,2,"41-80","Depth",2021,182.5,0.00386301369863014
"1614",7024,"R.J. McIntosh","DT","2022-02-08","SFA",965000,1,2018,144,2,"111+","Off Roster",2021,182.5,0.00528767123287671
"1615",9968,"Elijah Sullivan","LB","2022-02-08","SFA",705000,1,2021,249,2,"111+","Off Roster",2021,182.5,0.00386301369863014
"1616",10025,"Jake Verity","K","2022-02-08","SFA",705000,1,2021,47,2,"41-80","Depth",2021,182.5,0.00386301369863014
"1617",9753,"Adrian Ealy","RT","2022-02-11","SFA",705000,1,2021,95,2,"81-110","Roster Fringe",2021,182.5,0.00386301369863014
"1618",9966,"Josh Pederson","TE","2022-02-11","SFA",705000,1,2021,192,2,"111+","Off Roster",2021,182.5,0.00386301369863014
"1619",6999,"Da'Shawn Hand","EDGE","2022-02-14","SFA",1035000,1,2018,127,2,"111+","Off Roster",2021,182.5,0.00567123287671233
"1620",7970,"Lamont Gaillard","C","2022-02-16","SFA",895000,1,2019,57,2,"41-80","Depth",2021,182.5,0.0049041095890411
"1621",8005,"Darwin Thompson","RB","2022-02-16","SFA",895000,1,2019,126,2,"111+","Off Roster",2021,182.5,0.0049041095890411
"1622",9422,"Thaddeus Moss","TE","2022-02-16","SFA",705000,1,2020,193,2,"111+","Off Roster",2021,182.5,0.00386301369863014
"1623",9638,"Earnest Brown IV","EDGE","2022-02-16","SFA",705000,1,2021,225,2,"111+","Off Roster",2021,182.5,0.00386301369863014
"1624",9768,"Pooka Williams Jr.","RB","2022-02-16","SFA",705000,1,2021,173,2,"111+","Off Roster",2021,182.5,0.00386301369863014
"1625",9912,"Javian Hawkins","RB","2022-02-16","SFA",705000,1,2021,173,2,"111+","Off Roster",2021,182.5,0.00386301369863014
"1626",9954,"Max Pircher","RT","2022-02-16","SFA",787500,2,2021,81,2,"81-110","Roster Fringe",2021,182.5,0.00431506849315068
"1627",9963,"Landen Akers","WR","2022-02-16","SFA",787500,2,2021,275,2,"111+","Off Roster",2021,182.5,0.00431506849315068
"1628",7245,"Frankie Luvu","LB","2022-02-18","UFA",4500000,2,2018,29,2,"26-40","Backup/Role-Player",2021,182.5,0.0246575342465753
"1629",7935,"Marvell Tell III","CB","2022-02-22","SFA",825000,1,2019,234,2,"111+","Off Roster",2021,182.5,0.00452054794520548
"1630",8733,"Chris Streveler","QB","2022-02-22","SFA",895000,1,2020,86,2,"81-110","Roster Fringe",2021,182.5,0.0049041095890411
"1631",9380,"Juwan Johnson","TE","2022-02-22","ERFA",895000,1,2020,109,2,"81-110","Roster Fringe",2021,182.5,0.0049041095890411
"1632",7129,"Justin Lawler","EDGE","2022-02-23","SFA",895000,1,2018,172,2,"111+","Off Roster",2021,182.5,0.0049041095890411
"1633",7039,"Siran Neal","CB","2022-02-25","UFA",3000000,3,2018,59,2,"41-80","Depth",2021,182.5,0.0164383561643836
"1634",7916,"Renell Wren","DT","2022-02-25","SFA",850000,1,2019,190,2,"111+","Off Roster",2021,182.5,0.00465753424657534
"1635",9806,"Warren Jackson","WR","2022-02-28","SFA",787500,2,2021,278,2,"111+","Off Roster",2021,182.5,0.00431506849315068
"1636",6986,"Ian Thomas","TE","2022-03-04","UFA",5650000,3,2018,24,2,"16-25","Starter",2021,182.5,0.030958904109589
"1637",5591,"Mike Williams","WR","2022-03-08","UFA",20000000,3,2017,4,2,"4-8","Star",2021,182.5,0.10958904109589
"1638",8354,"Ethan Greenidge","LT","2022-03-08","Other",1000000,1,2019,47,2,"41-80","Depth",2021,182.5,0.00547945205479452
"1639",8353,"Carl Granderson","EDGE","2022-03-09","ERFA",2632500,2,2019,71,2,"41-80","Depth",2021,182.5,0.0144246575342466
"1640",9778,"Carson Green","RT","2022-03-10","SFA",715000,2,2021,95,2,"81-110","Roster Fringe",2021,182.5,0.00391780821917808
"1641",9848,"Anthony Hines III","LB","2022-03-10","SFA",705000,1,2021,257,2,"111+","Off Roster",2021,182.5,0.00386301369863014
"1642",6926,"Harold Landry","EDGE","2022-03-11","UFA",17500000,5,2018,10,2,"9-15","Above-Average Starter",2021,182.5,0.0958904109589041
"1643",7897,"Maxx Crosby","EDGE","2022-03-11","Extension",23500000,4,2019,4,2,"4-8","Star",2021,182.5,0.128767123287671
"1644",8213,"Demetrius Flannigan-Fowles","LB","2022-03-11","ERFA",895000,1,2019,166,2,"111+","Off Roster",2021,182.5,0.0049041095890411
"1645",8285,"C.J. Moore","S","2022-03-13","Other",1750000,1,2019,54,2,"41-80","Depth",2021,182.5,0.00958904109589041
"1646",6927,"Mike Gesicki","TE","2022-03-14","Franchise",10931000,1,2018,7,2,"4-8","Star",2021,182.5,0.0598958904109589
"1647",6932,"Christian Kirk","WR","2022-03-14","UFA",18000000,4,2018,6,2,"4-8","Star",2021,182.5,0.0986301369863014
"1648",6966,"Michael Gallup","WR","2022-03-14","UFA",11500000,5,2018,24,2,"16-25","Starter",2021,182.5,0.063013698630137
"1649",6974,"Joseph Noteboom","LT","2022-03-14","UFA",13333333,3,2018,15,2,"9-15","Above-Average Starter",2021,182.5,0.0730593589041096
"1650",6977,"Chukwuma Okorafor","RT","2022-03-14","UFA",9750000,3,2018,7,2,"4-8","Star",2021,182.5,0.0534246575342466
"1651",6979,"Alex Cappa","RG","2022-03-14","UFA",8750000,4,2018,8,2,"4-8","Star",2021,182.5,0.047945205479452
"1652",7005,"Will Dissly","TE","2022-03-14","UFA",8000000,3,2018,14,2,"9-15","Above-Average Starter",2021,182.5,0.0438356164383562
"1653",7019,"Chase Edmonds","RB","2022-03-14","UFA",6050000,2,2018,14,2,"9-15","Above-Average Starter",2021,182.5,0.0331506849315069
"1654",7048,"Tim Settle","DT","2022-03-14","UFA",4500000,2,2018,48,2,"41-80","Depth",2021,182.5,0.0246575342465753
"1655",7082,"Shaun Dion Hamilton","LB","2022-03-14","UFA",965000,1,2018,151,2,"111+","Off Roster",2021,182.5,0.00528767123287671
"1656",7085,"Foyesade Oluokun","LB","2022-03-14","UFA",15000000,3,2018,5,2,"4-8","Star",2021,182.5,0.0821917808219178
"1657",8003,"Dennis Daley","RG","2022-03-14","Other",1750000,1,2019,34,2,"26-40","Backup/Role-Player",2021,182.5,0.00958904109589041
"1658",5607,"Evan Engram","TE","2022-03-15","UFA",9000000,1,2017,11,2,"9-15","Above-Average Starter",2021,182.5,0.0493150684931507
"1659",6914,"Taven Bryan","DT","2022-03-15","UFA",4000000,1,2018,55,2,"41-80","Depth",2021,182.5,0.0219178082191781
"1660",6918,"Austin Corbett","RG","2022-03-15","UFA",8750000,3,2018,9,2,"9-15","Above-Average Starter",2021,182.5,0.047945205479452
"1661",6924,"James Daniels","RG","2022-03-15","UFA",8833333,3,2018,8,2,"4-8","Star",2021,182.5,0.0484018246575342
"1662",6953,"Justin Reid","S","2022-03-15","UFA",10500000,3,2018,13,2,"9-15","Above-Average Starter",2021,182.5,0.0575342465753425
"1663",6954,"B.J. Hill","DT","2022-03-15","UFA",10000000,3,2018,20,2,"16-25","Starter",2021,182.5,0.0547945205479452
"1664",6967,"Tracy Walker","S","2022-03-15","UFA",8333333,3,2018,21,2,"16-25","Starter",2021,182.5,0.045662098630137
"1665",6991,"Josey Jewell","LB","2022-03-15","UFA",5500000,2,2018,27,2,"26-40","Backup/Role-Player",2021,182.5,0.0301369863013699
"1666",7053,"Jamarco Jones","LT","2022-03-15","UFA",2400000,2,2018,36,2,"26-40","Backup/Role-Player",2021,182.5,0.0131506849315068
"1667",7055,"Darius Phillips","CB","2022-03-15","UFA",1500000,1,2018,99,2,"81-110","Roster Fringe",2021,182.5,0.00821917808219178
"1668",7095,"Braxton Berrios","WR","2022-03-15","UFA",6000000,2,2018,40,2,"26-40","Backup/Role-Player",2021,182.5,0.0328767123287671
"1669",7120,"Zaire Franklin","LB","2022-03-15","UFA",3333333,3,2018,41,2,"41-80","Depth",2021,182.5,0.0182648383561644
"1670",7128,"Keion Crossen","CB","2022-03-15","UFA",3150000,3,2018,60,2,"41-80","Depth",2021,182.5,0.0172602739726027
"1671",6946,"D.J. Chark","WR","2022-03-16","UFA",10000000,1,2018,31,2,"26-40","Backup/Role-Player",2022,208.2,0.048030739673391
"1672",6949,"Tyquan Lewis","EDGE","2022-03-16","UFA",2545000,1,2018,77,2,"41-80","Depth",2022,208.2,0.012223823246878
"1673",6981,"Harrison Phillips","DT","2022-03-16","UFA",6500000,3,2018,36,2,"26-40","Backup/Role-Player",2022,208.2,0.0312199807877041
"1674",6933,"Uchenna Nwosu","EDGE","2022-03-17","UFA",9527500,2,2018,25,2,"16-25","Starter",2022,208.2,0.0457612872238232
"1675",6938,"M.J. Stewart","S","2022-03-17","UFA",2250000,1,2018,36,2,"26-40","Backup/Role-Player",2022,208.2,0.010806916426513
"1676",6948,"Carlton Davis","CB","2022-03-17","UFA",14833333,3,2018,8,2,"4-8","Star",2022,208.2,0.071245595581172
"1677",6973,"Oren Burks","LB","2022-03-17","UFA",2500000,2,2018,38,2,"26-40","Backup/Role-Player",2022,208.2,0.0120076849183477
"1678",6996,"Brian Allen","C","2022-03-17","UFA",6011667,3,2018,11,2,"9-15","Above-Average Starter",2022,208.2,0.0288744812680115
"1679",7002,"Jordan Whitehead","S","2022-03-17","UFA",7250000,2,2018,20,2,"16-25","Starter",2022,208.2,0.0348222862632085
"1680",7045,"Ogbonnia Okoronkwo","EDGE","2022-03-17","UFA",3250000,1,2018,49,2,"41-80","Depth",2022,208.2,0.0156099903938521
"1681",7071,"Jacob Martin","EDGE","2022-03-17","UFA",4500000,3,2018,37,2,"26-40","Backup/Role-Player",2022,208.2,0.0216138328530259
"1682",7079,"Russell Gage","WR","2022-03-17","UFA",10000000,3,2018,25,2,"16-25","Starter",2022,208.2,0.048030739673391
"1683",8257,"Preston Williams","WR","2022-03-17","RFA",1490000,1,2019,68,2,"41-80","Depth",2022,208.2,0.00715658021133525
"1684",8771,"Jeff Gladney","CB","2022-03-17","SFA",3250000,2,2020,44,2,"41-80","Depth",2022,208.2,0.0156099903938521
"1685",5657,"Dan Feeney","LG","2022-03-18","UFA",3000000,1,2017,15,2,"9-15","Above-Average Starter",2022,208.2,0.0144092219020173
"1686",6912,"Rashaad Penny","RB","2022-03-18","UFA",5750000,1,2018,14,2,"9-15","Above-Average Starter",2022,208.2,0.0276176753121998
"1687",6951,"Lorenzo Carter","EDGE","2022-03-18","UFA",3500000,1,2018,45,2,"41-80","Depth",2022,208.2,0.0168107588856868
"1688",6957,"Nathan Shepherd","DT","2022-03-18","UFA",1085000,1,2018,78,2,"41-80","Depth",2022,208.2,0.00521133525456292
"1689",6982,"Mason Cole","C","2022-03-18","UFA",5250000,3,2018,14,2,"9-15","Above-Average Starter",2022,208.2,0.0252161383285303
"1690",7008,"Durham Smythe","TE","2022-03-18","UFA",3500000,2,2018,27,2,"26-40","Backup/Role-Player",2022,208.2,0.0168107588856868
"1691",6910,"Hayden Hurst","TE","2022-03-19","UFA",3500000,1,2018,27,2,"26-40","Backup/Role-Player",2022,208.2,0.0168107588856868
"1692",6969,"Justin Jones","DT","2022-03-19","UFA",6000000,2,2018,30,2,"26-40","Backup/Role-Player",2022,208.2,0.0288184438040346
"1693",7013,"Kentavius Street","EDGE","2022-03-19","SFA",1265000,1,2018,73,2,"41-80","Depth",2022,208.2,0.00607588856868396
"1694",7014,"Will Richardson","RT","2022-03-19","UFA",2000000,1,2018,25,2,"16-25","Starter",2022,208.2,0.0096061479346782
"1695",7027,"D.J. Reed","CB","2022-03-19","UFA",11000000,3,2018,13,2,"9-15","Above-Average Starter",2022,208.2,0.0528338136407301
"1696",7030,"Bilal Nichols","DT","2022-03-19","UFA",5500000,2,2018,34,2,"26-40","Backup/Role-Player",2022,208.2,0.026416906820365
"1697",7054,"Jordan Wilkins","RB","2022-03-19","SFA",1035000,1,2018,62,2,"41-80","Depth",2022,208.2,0.00497118155619597
"1698",7080,"Sebastian Joseph-Day","DT","2022-03-19","UFA",8000000,3,2018,21,2,"16-25","Starter",2022,208.2,0.0384245917387128
"1699",6909,"D.J. Moore","WR","2022-03-20","Extension",20628000,3,2018,3,2,"1-3","Superstar",2022,208.2,0.0990778097982709
"1700",6940,"Donte Jackson","CB","2022-03-20","UFA",11726667,3,2018,13,2,"9-15","Above-Average Starter",2022,208.2,0.0563240489913545
"1701",7003,"Anthony Averett","CB","2022-03-20","UFA",4000000,1,2018,42,2,"41-80","Depth",2022,208.2,0.0192122958693564
"1702",7100,"Bradley Bozeman","C","2022-03-20","UFA",2800000,1,2018,24,2,"16-25","Starter",2022,208.2,0.0134486071085495
"1703",6943,"Isaiah Oliver","CB","2022-03-21","UFA",2385000,1,2018,58,2,"41-80","Depth",2022,208.2,0.0114553314121037
"1704",6945,"James Washington","WR","2022-03-21","UFA",1187500,1,2018,91,2,"81-110","Roster Fringe",2022,208.2,0.00570365033621518
"1705",6950,"Brandon Parker","RT","2022-03-21","UFA",3500000,1,2018,18,2,"16-25","Starter",2022,208.2,0.0168107588856868
"1706",7001,"Dorance Armstrong Jr.","EDGE","2022-03-21","UFA",6000000,2,2018,34,2,"26-40","Backup/Role-Player",2022,208.2,0.0288184438040346
"1707",7021,"Marquis Haynes","EDGE","2022-03-21","UFA",2750000,2,2018,61,2,"41-80","Depth",2022,208.2,0.0132084534101825
"1708",7022,"Dalton Schultz","TE","2022-03-21","Franchise",10931000,1,2018,7,2,"4-8","Star",2022,208.2,0.0525024015369837
"1709",7028,"Ja'Whaun Bentley","LB","2022-03-21","UFA",3000000,2,2018,33,2,"26-40","Backup/Role-Player",2022,208.2,0.0144092219020173
"1710",8451,"Luke Gifford","LB","2022-03-21","SFA",1115000,1,2019,69,2,"41-80","Depth",2022,208.2,0.00535542747358309
"1711",6904,"Leighton Vander Esch","LB","2022-03-22","UFA",2000000,1,2018,46,2,"41-80","Depth",2022,208.2,0.0096061479346782
"1712",6959,"Geron Christian","LT","2022-03-22","UFA",1187500,1,2018,35,2,"26-40","Backup/Role-Player",2022,208.2,0.00570365033621518
"1713",6960,"Derrick Nnadi","DT","2022-03-22","UFA",2750000,1,2018,58,2,"41-80","Depth",2022,208.2,0.0132084534101825
"1714",7042,"Tyler Conklin","TE","2022-03-22","UFA",6750000,3,2018,20,2,"16-25","Starter",2022,208.2,0.0324207492795389
"1715",7065,"Folorunso Fatukasi","DT","2022-03-22","UFA",10000000,3,2018,16,2,"16-25","Starter",2022,208.2,0.048030739673391
"1716",8577,"Gunner Olszewski","WR","2022-03-22","SFA",2100000,2,2019,65,2,"41-80","Depth",2022,208.2,0.0100864553314121
"1717",6915,"Mike Hughes","CB","2022-03-23","UFA",2250000,1,2018,62,2,"41-80","Depth",2022,208.2,0.010806916426513
"1718",5598,"Derek Barnett","EDGE","2022-03-24","UFA",7000000,2,2017,33,2,"26-40","Backup/Role-Player",2022,208.2,0.0336215177713737
"1719",7000,"Joel Iyiegbuniwe","LB","2022-03-24","UFA",1187500,1,2018,67,2,"41-80","Depth",2022,208.2,0.00570365033621518
"1720",7059,"Marquez Valdes-Scantling","WR","2022-03-25","UFA",10000000,3,2018,27,2,"26-40","Backup/Role-Player",2022,208.2,0.048030739673391
"1721",7125,"Richie James","WR","2022-03-25","UFA",1065000,1,2018,115,2,"111+","Off Roster",2022,208.2,0.00511527377521614
"1722",7046,"Jermaine Carter, Jr.","LB","2022-03-26","UFA",1770000,1,2018,50,2,"41-80","Depth",2022,208.2,0.0085014409221902
"1723",6976,"Tre'Quan Smith","WR","2022-03-27","UFA",3000000,2,2018,51,2,"41-80","Depth",2022,208.2,0.0144092219020173
"1724",6919,"Will Hernandez","RG","2022-03-28","UFA",1187500,1,2018,32,2,"26-40","Backup/Role-Player",2022,208.2,0.00570365033621518
"1725",6923,"Ronald Jones II","RB","2022-03-28","UFA",1500000,1,2018,42,2,"41-80","Depth",2022,208.2,0.00720461095100865
"1726",6998,"DaeSean Hamilton","WR","2022-03-28","SFA",1065000,1,2018,118,2,"111+","Off Roster",2022,208.2,0.00511527377521614
"1727",7209,"Ike Boettger","RG","2022-03-28","UFA",1187500,1,2018,32,2,"26-40","Backup/Role-Player",2022,208.2,0.00570365033621518
"1728",8152,"Keisean Nixon","CB","2022-03-28","SFA",965000,1,2019,129,2,"111+","Off Roster",2022,208.2,0.00463496637848223
"1729",5587,"Solomon Thomas","DT","2022-03-30","UFA",2250000,1,2017,68,2,"41-80","Depth",2022,208.2,0.010806916426513
"1730",5609,"Jabrill Peppers","S","2022-03-30","UFA",2000000,1,2017,46,2,"41-80","Depth",2022,208.2,0.0096061479346782
"1731",5644,"Ethan Pocic","C","2022-03-30","UFA",1187500,1,2017,34,2,"26-40","Backup/Role-Player",2022,208.2,0.00570365033621518
"1732",7004,"Kyzir White","LB","2022-03-30","UFA",3000000,1,2018,34,2,"26-40","Backup/Role-Player",2022,208.2,0.0144092219020173
"1733",7037,"Dane Cruikshank","S","2022-03-30","UFA",1187500,1,2018,67,2,"41-80","Depth",2022,208.2,0.00570365033621518
"1734",8360,"Shy Tuttle","DT","2022-03-31","RFA",2433000,1,2019,69,2,"41-80","Depth",2022,208.2,0.011685878962536
"1735",5636,"Justin Evans","S","2022-04-05","SFA",1035000,1,2017,80,2,"41-80","Depth",2022,208.2,0.00497118155619597
"1736",7009,"Armani Watts","S","2022-04-05","UFA",1187500,1,2018,67,2,"41-80","Depth",2022,208.2,0.00570365033621518
"1737",9855,"Nick Eubanks","TE","2022-04-05","SFA",705000,1,2021,122,2,"111+","Off Roster",2022,208.2,0.00338616714697406
"1738",6907,"Rashaan Evans","LB","2022-04-06","UFA",1750000,1,2018,55,2,"41-80","Depth",2022,208.2,0.00840537944284342
"1739",7031,"Tre Flowers","CB","2022-04-06","UFA",1850000,1,2018,80,2,"41-80","Depth",2022,208.2,0.00888568683957733
"1740",7106,"Matthew Adams","LB","2022-04-11","UFA",1187500,1,2018,75,2,"41-80","Depth",2022,208.2,0.00570365033621518
"1741",8065,"Malik Reed","EDGE","2022-04-11","RFA",2433000,1,2019,69,2,"41-80","Depth",2022,208.2,0.011685878962536
"1742",8277,"Andrew Wingard","S","2022-04-11","RFA",2433000,1,2019,39,2,"26-40","Backup/Role-Player",2022,208.2,0.011685878962536
"1743",5836,"Pat O'Connor","DT","2022-04-12","SFA",1187500,1,2017,93,2,"81-110","Roster Fringe",2022,208.2,0.00570365033621518
"1744",6978,"Ronnie Harrison","S","2022-04-12","UFA",1235000,1,2018,66,2,"41-80","Depth",2022,208.2,0.00593179634966379
"1745",8482,"Troy Reeder","LB","2022-04-12","SFA",1075000,1,2019,91,2,"81-110","Roster Fringe",2022,208.2,0.00516330451488953
"1746",7075,"DeShon Elliott","S","2022-04-14","UFA",1100000,1,2018,82,2,"81-110","Roster Fringe",2022,208.2,0.00528338136407301
"1747",6889,"Denzel Ward","CB","2022-04-19","Extension",20100000,5,2018,1,2,"1-3","Superstar",2022,208.2,0.0965417867435159
"1748",7520,"Godwin Igwebuike","RB","2022-04-19","ERFA",895000,1,2018,99,2,"81-110","Roster Fringe",2022,208.2,0.00429875120076849
"1749",8286,"Matt Nelson","RT","2022-04-19","ERFA",895000,1,2019,56,2,"41-80","Depth",2022,208.2,0.00429875120076849
"1750",8393,"Olamide Zaccheaus","WR","2022-04-19","RFA",2433000,1,2019,63,2,"41-80","Depth",2022,208.2,0.011685878962536
"1751",5811,"Isaac Rochell","DT","2022-04-20","UFA",1187500,1,2017,95,2,"81-110","Roster Fringe",2022,208.2,0.00570365033621518
"1752",6975,"Deadrin Senat","DT","2022-04-22","SFA",965000,1,2018,124,2,"111+","Off Roster",2022,208.2,0.00463496637848223
"1753",6983,"Jordan Akins","TE","2022-04-22","UFA",1085000,1,2018,64,2,"41-80","Depth",2022,208.2,0.00521133525456292
"1754",7126,"Greg Stroman","CB","2022-04-22","SFA",895000,1,2018,166,2,"111+","Off Roster",2022,208.2,0.00429875120076849
"1755",6913,"Terrell Edmunds","S","2022-04-25","UFA",2537500,1,2018,37,2,"26-40","Backup/Role-Player",2022,208.2,0.012187800192123
"1756",8212,"Azeez Al-Shaair","LB","2022-04-25","RFA",3986000,1,2019,26,2,"26-40","Backup/Role-Player",2022,208.2,0.0191450528338136
"1757",8429,"Nate Herbig","RG","2022-04-25","RFA",2433000,1,2019,23,2,"16-25","Starter",2022,208.2,0.011685878962536
"1758",8512,"Deonte Harty","WR","2022-04-28","RFA",3986000,1,2019,42,2,"41-80","Depth",2022,208.2,0.0191450528338136
"1759",9051,"Ross Matiscik","LS","2022-04-29","Extension",1267500,4,2020,6,2,"4-8","Star",2022,208.2,0.00608789625360231
"1760",6964,"Rasheem Green","EDGE","2022-05-01","UFA",2750000,1,2018,64,2,"41-80","Depth",2022,208.2,0.0132084534101825
"1761",7842,"A.J. Brown","WR","2022-05-02","Extension",25000000,4,2019,4,2,"4-8","Star",2022,208.2,0.120076849183477
"1762",7007,"Kenny Young","LB","2022-05-09","SFA",1278900,1,2018,68,2,"41-80","Depth",2022,208.2,0.00614265129682997
"1763",7941,"Kingsley Keke","DT","2022-05-13","SFA",1000000,1,2019,125,2,"111+","Off Roster",2022,208.2,0.0048030739673391
"1764",5637,"DeMarcus Walker","EDGE","2022-05-16","SFA",1187500,1,2017,100,2,"81-110","Roster Fringe",2022,208.2,0.00570365033621518
"1765",6903,"Jaire Alexander","CB","2022-05-16","Extension",21000000,4,2018,1,2,"1-3","Superstar",2022,208.2,0.100864553314121
"1766",9795,"Cole Banwart","RG","2022-05-16","SFA",787500,2,2021,79,2,"41-80","Depth",2022,208.2,0.00378242074927954
"1767",8863,"Reggie Robinson","S","2022-05-23","SFA",825000,1,2020,194,2,"111+","Off Roster",2022,208.2,0.00396253602305476
"1768",8018,"Jimmy Moreland","CB","2022-05-25","Other",965000,1,2019,155,2,"111+","Off Roster",2022,208.2,0.00463496637848223
"1769",5613,"David Njoku","TE","2022-06-01","Franchise",13687500,4,2017,5,2,"4-8","Star",2022,208.2,0.0657420749279539
"1770",8556,"D'Ernest Johnson","RB","2022-06-06","RFA",1216500,1,2019,61,2,"41-80","Depth",2022,208.2,0.00584293948126801
"1771",7940,"Hunter Renfrow","WR","2022-06-10","Extension",15850000,2,2019,17,2,"16-25","Starter",2022,208.2,0.0761287223823247
"1772",8083,"Jakobi Meyers","WR","2022-06-13","RFA",3986000,1,2019,48,2,"41-80","Depth",2022,208.2,0.0191450528338136
"1773",6896,"Minkah Fitzpatrick","S","2022-06-15","Extension",18247000,4,2018,1,2,"1-3","Superstar",2022,208.2,0.0876416906820365
"1774",6886,"Baker Mayfield","QB","2022-07-06","Other",15358000,1,2018,17,2,"16-25","Starter",2022,208.2,0.0737656099903939
"1775",7867,"Terry McLaurin","WR","2022-07-06","Extension",23200000,3,2019,7,2,"4-8","Star",2022,208.2,0.111431316042267
"1776",5975,"Channing Stribling","CB","2022-07-15","SFA",705000,1,2017,336,2,"111+","Off Roster",2022,208.2,0.00338616714697406
"1777",8629,"DeJuan Neal","CB","2022-07-15","SFA",705000,1,2019,336,2,"111+","Off Roster",2022,208.2,0.00338616714697406
"1778",9047,"Doug Costin","DT","2022-07-20","SFA",825000,1,2020,235,2,"111+","Off Roster",2022,208.2,0.00396253602305476
"1779",9364,"Isiah Brown","CB","2022-07-20","SFA",705000,1,2020,338,2,"111+","Off Roster",2022,208.2,0.00338616714697406
"1780",10015,"Sal Cannella","TE","2022-07-21","SFA",705000,1,2021,192,2,"111+","Off Roster",2022,208.2,0.00338616714697406
"1781",7792,"Kyler Murray","QB","2022-07-22","Extension",46100000,5,2019,2,2,"1-3","Superstar",2022,208.2,0.221421709894332
"1782",7983,"Isaiah Buggs","DT","2022-07-22","SFA",965000,1,2019,151,2,"111+","Off Roster",2022,208.2,0.00463496637848223
"1783",9895,"Carlo Kemp","EDGE","2022-07-22","SFA",705000,1,2021,246,2,"111+","Off Roster",2022,208.2,0.00338616714697406
"1784",9310,"Domenique Davis","DT","2022-07-25","SFA",705000,1,2020,271,2,"111+","Off Roster",2022,208.2,0.00338616714697406
"1785",9841,"Raymond Johnson III","DT","2022-07-25","SFA",825000,1,2021,238,2,"111+","Off Roster",2022,208.2,0.00396253602305476
"1786",9962,"Jordan Meredith","LG","2022-07-25","SFA",705000,1,2021,99,2,"81-110","Roster Fringe",2022,208.2,0.00338616714697406
"1787",9846,"Osirus Mitchell","WR","2022-07-26","SFA",705000,1,2021,388,2,"111+","Off Roster",2022,208.2,0.00338616714697406
"1788",9348,"Azur Kamara","DT","2022-07-27","SFA",825000,1,2020,239,2,"111+","Off Roster",2022,208.2,0.00396253602305476
"1789",9890,"Bailey Gaither","WR","2022-07-27","SFA",705000,1,2021,389,2,"111+","Off Roster",2022,208.2,0.00338616714697406
"1790",7855,"D.K. Metcalf","WR","2022-07-29","Extension",24000000,3,2019,6,2,"4-8","Star",2022,208.2,0.115273775216138
"1791",9773,"Shakur Brown","CB","2022-07-29","SFA",787500,2,2021,326,2,"111+","Off Roster",2022,208.2,0.00378242074927954
"1792",9877,"Sage Surratt","WR","2022-07-31","SFA",705000,1,2021,391,2,"111+","Off Roster",2022,208.2,0.00338616714697406
"1793",7827,"Deebo Samuel","WR","2022-08-01","Extension",23850000,3,2019,8,2,"4-8","Star",2022,208.2,0.114553314121037
"1794",7954,"Jake Bailey","P","2022-08-01","Extension",3046333,3,2019,3,2,"1-3","Superstar",2022,208.2,0.014631762728146
"1795",6968,"Orlando Brown Jr.","LT","2022-08-02","Franchise",16662000,1,2018,9,2,"9-15","Above-Average Starter",2022,208.2,0.080028818443804
"1796",6992,"Christopher Herndon IV","TE","2022-08-03","SFA",1035000,1,2018,83,2,"81-110","Roster Fringe",2022,208.2,0.00497118155619597
"1797",7857,"Diontae Johnson","WR","2022-08-04","Extension",18355000,2,2019,16,2,"16-25","Starter",2022,208.2,0.0881604226705091
"1798",8476,"Matthew Colburn","RB","2022-08-07","SFA",705000,1,2019,192,2,"111+","Off Roster",2022,208.2,0.00338616714697406
"1799",9365,"Reggie Gilliam","FB","2022-08-07","Extension",2300000,2,2020,6,2,"4-8","Star",2022,208.2,0.0110470701248799
"1800",6265,"Cameron Hunt","RG","2022-08-09","SFA",825000,1,2017,80,2,"41-80","Depth",2022,208.2,0.00396253602305476
"1801",8187,"Micah Abernathy","S","2022-08-10","SFA",705000,1,2019,235,2,"111+","Off Roster",2022,208.2,0.00338616714697406
"1802",9941,"Stevie Scott III","RB","2022-08-10","SFA",705000,1,2021,194,2,"111+","Off Roster",2022,208.2,0.00338616714697406
"1803",9978,"BJ Emmons","RB","2022-08-11","SFA",705000,1,2021,195,2,"111+","Off Roster",2022,208.2,0.00338616714697406
"1804",10014,"K.J. Costello","QB","2022-08-11","SFA",705000,1,2021,128,2,"111+","Off Roster",2022,208.2,0.00338616714697406
"1805",8740,"Ramiz Ahmed","K","2022-08-14","SFA",705000,1,2020,48,2,"41-80","Depth",2022,208.2,0.00338616714697406
"1806",6902,"Derwin James","S","2022-08-18","Extension",19000000,4,2018,1,2,"1-3","Superstar",2022,208.2,0.0912584053794429
"1807",6939,"Jessie Bates III","S","2022-08-23","Franchise",12911000,1,2018,12,2,"9-15","Above-Average Starter",2022,208.2,0.0620124879923151
"1808",7035,"Genard Avery","LB","2022-08-25","SFA",1035000,1,2018,115,2,"111+","Off Roster",2022,208.2,0.00497118155619597
"1809",5794,"Rudy Ford","S","2022-08-31","SFA",1137500,1,2017,94,2,"81-110","Roster Fringe",2022,208.2,0.00546349663784822
"1810",6916,"Sony Michel","RB","2022-08-31","SFA",1035000,1,2018,90,2,"81-110","Roster Fringe",2022,208.2,0.00497118155619597
"1811",6956,"Royce Freeman","RB","2022-09-01","SFA",1060000,1,2018,82,2,"81-110","Roster Fringe",2022,208.2,0.00509125840537944
"1812",6984,"Isaac Yiadom","CB","2022-09-01","SFA",1060000,1,2018,142,2,"111+","Off Roster",2022,208.2,0.00509125840537944
"1813",7033,"Marcus Allen","LB","2022-09-01","SFA",2540000,1,2018,47,2,"41-80","Depth",2022,208.2,0.0121998078770413
"1814",7069,"Marcell Harris","LB","2022-09-01","SFA",1087500,1,2018,106,2,"81-110","Roster Fringe",2022,208.2,0.00522334293948127
"1815",5603,"O.J. Howard","TE","2022-09-02","SFA",1035000,1,2017,83,2,"81-110","Roster Fringe",2022,208.2,0.00497118155619597
"1816",8610,"Jalen Thompson","S","2022-09-02","Extension",12000000,3,2019,13,2,"9-15","Above-Average Starter",2022,208.2,0.0576368876080692
"1817",7962,"Darius Slayton","WR","2022-09-07","Other",965000,1,2019,179,2,"111+","Off Roster",2022,208.2,0.00463496637848223
"1818",7887,"Dawson Knox","TE","2022-09-08","Extension",13000000,4,2019,6,2,"4-8","Star",2022,208.2,0.0624399615754083
"1819",9550,"Wyatt Davis","LG","2022-09-08","SFA",825000,1,2021,79,2,"41-80","Depth",2022,208.2,0.00396253602305476
"1820",7839,"Erik McCoy","C","2022-09-09","Extension",12000000,5,2019,6,2,"4-8","Star",2022,208.2,0.0576368876080692
"1821",7907,"Amani Hooker","S","2022-09-09","Extension",10000000,3,2019,16,2,"16-25","Starter",2022,208.2,0.048030739673391
"1822",6891,"Quenton Nelson","LG","2022-09-10","Extension",20000000,4,2018,1,2,"1-3","Superstar",2022,208.2,0.0960614793467819
"1823",10574,"Cal Adomitis","LS","2022-09-12","SFA",705000,1,2022,39,2,"26-40","Backup/Role-Player",2022,208.2,0.00338616714697406
"1824",9598,"Janarius Robinson","EDGE","2022-09-13","SFA",853333,3,2021,204,2,"111+","Off Roster",2022,208.2,0.00409862151777137
"1825",10434,"Caleb Jones","RT","2022-09-13","SFA",787500,2,2022,88,2,"81-110","Roster Fringe",2022,208.2,0.00378242074927954
"1826",10718,"Jack Cochrane","LB","2022-09-13","SFA",787500,2,2022,228,2,"111+","Off Roster",2022,208.2,0.00378242074927954
"1827",6937,"Kemoko Turay","DT","2022-09-14","SFA",1035000,1,2018,129,2,"111+","Off Roster",2022,208.2,0.00497118155619597
"1828",9291,"Essang Bassey","CB","2022-09-14","SFA",895000,1,2020,209,2,"111+","Off Roster",2022,208.2,0.00429875120076849
"1829",7901,"Mitch Wishnowsky","P","2022-09-15","Extension",2800000,4,2019,8,2,"4-8","Star",2022,208.2,0.0134486071085495
"1830",8840,"Tanner Muse","LB","2022-09-15","SFA",895000,1,2020,153,2,"111+","Off Roster",2022,208.2,0.00429875120076849
"1831",7939,"Dre Greenlaw","LB","2022-09-16","Extension",8200000,2,2019,15,2,"9-15","Above-Average Starter",2022,208.2,0.0393852065321806
"1832",8983,"Chris Jackson","CB","2022-09-16","SFA",952500,2,2020,181,2,"111+","Off Roster",2022,208.2,0.00457492795389049
"1833",10406,"Arron Mosby","EDGE","2022-09-21","SFA",787500,2,2022,219,2,"111+","Off Roster",2022,208.2,0.00378242074927954
"1834",10624,"Kaylon Geiger","WR","2022-09-21","SFA",787500,2,2022,319,2,"111+","Off Roster",2022,208.2,0.00378242074927954
"1835",10777,"Benton Whitley","EDGE","2022-09-21","SFA",787500,2,2022,219,2,"111+","Off Roster",2022,208.2,0.00378242074927954
"1836",10677,"Raheem Blackshear","RB","2022-09-22","SFA",787500,2,2022,158,2,"111+","Off Roster",2022,208.2,0.00378242074927954
"1837",10319,"Shaun Jolly","CB","2022-09-23","SFA",705000,1,2022,298,2,"111+","Off Roster",2022,208.2,0.00338616714697406
"1838",10765,"Prince Emili","DT","2022-09-24","SFA",705000,1,2022,232,2,"111+","Off Roster",2022,208.2,0.00338616714697406
"1839",10301,"Jesse Luketa","EDGE","2022-09-27","SFA",787500,2,2022,218,2,"111+","Off Roster",2022,208.2,0.00378242074927954
"1840",10304,"Nazeeh Johnson","S","2022-09-28","SFA",787500,2,2022,198,2,"111+","Off Roster",2022,208.2,0.00378242074927954
"1841",10622,"DaMarcus Fields","CB","2022-09-28","SFA",705000,1,2022,299,2,"111+","Off Roster",2022,208.2,0.00338616714697406
"1842",10651,"Britain Covey","WR","2022-10-01","SFA",787500,2,2022,315,2,"111+","Off Roster",2022,208.2,0.00378242074927954
"1843",6906,"Billy Price","C","2022-10-04","SFA",1035000,1,2018,43,2,"41-80","Depth",2022,208.2,0.00497118155619597
"1844",10473,"Sam Okuayinonu","EDGE","2022-10-04","SFA",787500,2,2022,217,2,"111+","Off Roster",2022,208.2,0.00378242074927954
"1845",7891,"Will Grier","QB","2022-10-05","SFA",1022500,2,2019,79,2,"41-80","Depth",2022,208.2,0.00491114313160423
"1846",9714,"Khyiris Tonga","DT","2022-10-05","SFA",825000,1,2021,204,2,"111+","Off Roster",2022,208.2,0.00396253602305476
"1847",8641,"Jonathan Kongbo","DT","2022-10-06","SFA",705000,1,2020,228,2,"111+","Off Roster",2022,208.2,0.00338616714697406
"1848",9880,"A.J. Parker","CB","2022-10-08","SFA",825000,1,2021,264,2,"111+","Off Roster",2022,208.2,0.00396253602305476
"1849",10766,"Ja'Marcus Ingram","CB","2022-10-08","SFA",705000,1,2022,295,2,"111+","Off Roster",2022,208.2,0.00338616714697406
"1850",10808,"Maurice Alexander","WR","2022-10-08","SFA",705000,1,2022,320,2,"111+","Off Roster",2022,208.2,0.00338616714697406
"1851",10249,"Theo Jackson","S","2022-10-11","SFA",787500,2,2022,198,2,"111+","Off Roster",2022,208.2,0.00378242074927954
"1852",10228,"Kevin Harris","RB","2022-10-13","SFA",949584,4,2022,107,2,"81-110","Roster Fringe",2022,208.2,0.00456092219020173
"1853",10704,"Rashid Shaheed","WR","2022-10-15","SFA",787500,2,2022,305,2,"111+","Off Roster",2022,208.2,0.00378242074927954
"1854",10331,"Chandler Wooten","LB","2022-10-18","SFA",787500,2,2022,230,2,"111+","Off Roster",2022,208.2,0.00378242074927954
"1855",10616,"Josh Thompson","CB","2022-10-18","SFA",787500,2,2022,276,2,"111+","Off Roster",2022,208.2,0.00378242074927954
"1856",10368,"Raleigh Webb","WR","2022-10-19","SFA",795000,2,2022,303,2,"111+","Off Roster",2022,208.2,0.00381844380403458
"1857",8902,"Khaleke Hudson","LB","2022-10-21","SFA",895000,1,2020,148,2,"111+","Off Roster",2022,208.2,0.00429875120076849
"1858",9680,"Quincy Roche","EDGE","2022-10-22","SFA",825000,1,2021,207,2,"111+","Off Roster",2022,208.2,0.00396253602305476
"1859",5729,"Marlon Mack","WR","2022-10-24","SFA",1035000,1,2017,151,2,"111+","Off Roster",2022,208.2,0.00497118155619597
"1860",10007,"Mitchell Fraboni","LS","2022-10-24","SFA",853333,3,2021,30,2,"26-40","Backup/Role-Player",2022,208.2,0.00409862151777137
"1861",9695,"Larnel Coleman","LT","2022-10-25","SFA",787500,2,2021,87,2,"81-110","Roster Fringe",2022,208.2,0.00378242074927954
"1862",10531,"Zonovan Knight","RB","2022-10-25","SFA",787500,2,2022,154,2,"111+","Off Roster",2022,208.2,0.00378242074927954
"1863",9112,"Rodrigo Blankenship","K","2022-10-26","SFA",952500,2,2020,30,2,"26-40","Backup/Role-Player",2022,208.2,0.00457492795389049
"1864",10372,"Nolan Turner","S","2022-10-27","SFA",787500,2,2022,197,2,"111+","Off Roster",2022,208.2,0.00378242074927954
"1865",9341,"Sean McKeon","TE","2022-10-29","SFA",952500,2,2020,110,2,"81-110","Roster Fringe",2022,208.2,0.00457492795389049
"1866",10392,"Malik Davis","RB","2022-10-29","SFA",787500,2,2022,154,2,"111+","Off Roster",2022,208.2,0.00378242074927954
"1867",10478,"J.J. Russell","LB","2022-11-02","SFA",787500,2,2022,225,2,"111+","Off Roster",2022,208.2,0.00378242074927954
"1868",6890,"Bradley Chubb","EDGE","2022-11-03","Extension",22000000,5,2018,6,2,"4-8","Star",2022,208.2,0.10566762728146
"1869",10321,"Stanley Berryhill","WR","2022-11-05","SFA",705000,1,2022,308,2,"111+","Off Roster",2022,208.2,0.00338616714697406
"1870",7174,"Andre Chachere","S","2022-11-08","SFA",882500,2,2018,155,2,"111+","Off Roster",2022,208.2,0.00423871277617675
"1871",10646,"Isaiah Pola-Mao","S","2022-11-09","SFA",787500,2,2022,198,2,"111+","Off Roster",2022,208.2,0.00378242074927954
"1872",10655,"Nephi Sewell","LB","2022-11-10","SFA",787500,2,2022,226,2,"111+","Off Roster",2022,208.2,0.00378242074927954
"1873",7996,"Duke Shelley","CB","2022-11-12","SFA",965000,1,2019,171,2,"111+","Off Roster",2022,208.2,0.00463496637848223
"1874",9662,"Larry Rountree III","RB","2022-11-12","SFA",825000,1,2021,143,2,"111+","Off Roster",2022,208.2,0.00396253602305476
"1875",10432,"Roderick Perry II","DT","2022-11-12","SFA",705000,1,2022,228,2,"111+","Off Roster",2022,208.2,0.00338616714697406
"1876",10565,"Verone McKinley","S","2022-11-12","SFA",787500,2,2022,196,2,"111+","Off Roster",2022,208.2,0.00378242074927954
"1877",8833,"Darrynton Evans","RB","2022-11-16","SFA",895000,1,2020,117,2,"111+","Off Roster",2022,208.2,0.00429875120076849
"1878",10517,"Ben Stille","DT","2022-11-16","SFA",705000,1,2022,228,2,"111+","Off Roster",2022,208.2,0.00338616714697406
"1879",10231,"Zachary Thomas","RG","2022-11-18","SFA",787500,2,2022,77,2,"41-80","Depth",2022,208.2,0.00378242074927954
"1880",10422,"Kody Russey","C","2022-11-18","SFA",787500,2,2022,72,2,"41-80","Depth",2022,208.2,0.00378242074927954
"1881",9061,"Yasir Durant","RT","2022-11-19","SFA",952500,2,2020,65,2,"41-80","Depth",2022,208.2,0.00457492795389049
"1882",10272,"Nick Muse","TE","2022-11-19","SFA",915000,4,2022,113,2,"111+","Off Roster",2022,208.2,0.00439481268011527
"1883",8887,"Khalid Kareem","EDGE","2022-11-22","SFA",895000,1,2020,171,2,"111+","Off Roster",2022,208.2,0.00429875120076849
"1884",10589,"Trenton Thompson","S","2022-11-23","SFA",705000,1,2022,209,2,"111+","Off Roster",2022,208.2,0.00338616714697406
"1885",9651,"Frank Darby","WR","2022-11-24","SFA",882500,2,2021,212,2,"111+","Off Roster",2022,208.2,0.00423871277617675
"1886",10306,"A.J. Arcuri","RT","2022-11-26","SFA",853333,3,2022,80,2,"41-80","Depth",2022,208.2,0.00409862151777137
"1887",10408,"Ronnie Rivers","RB","2022-11-26","SFA",787500,2,2022,151,2,"111+","Off Roster",2022,208.2,0.00378242074927954
"1888",10262,"James Houston","EDGE","2022-11-28","SFA",837500,2,2022,203,2,"111+","Off Roster",2022,208.2,0.00402257444764649
"1889",10686,"A.J. Thomas","S","2022-11-29","SFA",787500,2,2022,193,2,"111+","Off Roster",2022,208.2,0.00378242074927954
"1890",7948,"Blake Cashman","LB","2022-12-02","Extension",1800000,1,2019,58,2,"41-80","Depth",2022,208.2,0.00864553314121038
"1891",10404,"Keir Thomas","EDGE","2022-12-03","SFA",853333,3,2022,195,2,"111+","Off Roster",2022,208.2,0.00409862151777137
"1892",10634,"Brandon Johnson","WR","2022-12-03","SFA",853333,3,2022,263,2,"111+","Off Roster",2022,208.2,0.00409862151777137
"1893",10580,"Elijah Garcia","DT","2022-12-07","SFA",853333,3,2022,197,2,"111+","Off Roster",2022,208.2,0.00409862151777137
"1894",10764,"C.J. Brewer","DT","2022-12-07","SFA",705000,1,2022,230,2,"111+","Off Roster",2022,208.2,0.00338616714697406
"1895",10502,"Jack Gibbens","LB","2022-12-10","SFA",787500,2,2022,223,2,"111+","Off Roster",2022,208.2,0.00378242074927954
"1896",8921,"Netane Muti","RG","2022-12-13","SFA",895000,1,2020,58,2,"41-80","Depth",2022,208.2,0.00429875120076849
"1897",10041,"Nikola Kalinic","TE","2022-12-13","SFA",787500,1,2022,152,2,"111+","Off Roster",2022,208.2,0.00378242074927954
"1898",8954,"Freddie Swain","WR","2022-12-14","SFA",952500,2,2020,184,2,"111+","Off Roster",2022,208.2,0.00457492795389049
"1899",9671,"Jonathan Marshall","DT","2022-12-14","SFA",882500,2,2021,180,2,"111+","Off Roster",2022,208.2,0.00423871277617675
"1900",10287,"Kalon Barnes","CB","2022-12-14","SFA",853333,3,2022,257,2,"111+","Off Roster",2022,208.2,0.00409862151777137
"1901",10778,"William Kwenkeu","LB","2022-12-14","SFA",853333,3,2022,199,2,"111+","Off Roster",2022,208.2,0.00409862151777137
"1902",10438,"Ryder Anderson","EDGE","2022-12-15","SFA",787500,2,2022,211,2,"111+","Off Roster",2022,208.2,0.00378242074927954
"1903",10477,"Jacobi Francis","CB","2022-12-17","SFA",787500,2,2022,281,2,"111+","Off Roster",2022,208.2,0.00378242074927954
"1904",10729,"Julius Chestnut","RB","2022-12-17","SFA",787500,2,2022,149,2,"111+","Off Roster",2022,208.2,0.00378242074927954
"1905",9650,"Hamsah Nasirildeen","LB","2022-12-18","SFA",882500,2,2021,164,2,"111+","Off Roster",2022,208.2,0.00423871277617675
"1906",10242,"Gregory Junior","CB","2022-12-19","SFA",787500,2,2022,281,2,"111+","Off Roster",2022,208.2,0.00378242074927954
"1907",8017,"Ty Summers","LB","2022-12-20","SFA",965000,1,2019,128,2,"111+","Off Roster",2022,208.2,0.00463496637848223
"1908",9641,"Cameron McGrone","LB","2022-12-20","SFA",787500,2,2021,225,2,"111+","Off Roster",2022,208.2,0.00378242074927954
"1909",10420,"David Anenih","DT","2022-12-20","SFA",787500,2,2022,217,2,"111+","Off Roster",2022,208.2,0.00378242074927954
"1910",10760,"Jarrett Guarantano","QB","2022-12-20","SFA",792500,2,2022,106,2,"81-110","Roster Fringe",2022,208.2,0.00380643611911623
"1911",9622,"Daviyon Nixon","DT","2022-12-21","SFA",825000,1,2021,206,2,"111+","Off Roster",2022,208.2,0.00396253602305476
"1912",10493,"Christopher Hinton","DT","2022-12-21","SFA",787500,2,2022,218,2,"111+","Off Roster",2022,208.2,0.00378242074927954
"1913",8909,"Harrison Hand","CB","2022-12-22","SFA",952500,2,2020,187,2,"111+","Off Roster",2022,208.2,0.00457492795389049
"1914",10343,"Xavier Newman-Johnson","LG","2022-12-23","SFA",787500,2,2022,80,2,"41-80","Depth",2022,208.2,0.00378242074927954
"1915",10658,"Deven Thompkins","WR","2022-12-23","SFA",787500,2,2022,289,2,"111+","Off Roster",2022,208.2,0.00378242074927954
"1916",10437,"Raheem Layne","S","2022-12-26","SFA",787500,2,2022,189,2,"111+","Off Roster",2022,208.2,0.00378242074927954
"1917",8995,"Tae Crowder","LB","2022-12-27","SFA",952500,2,2020,135,2,"111+","Off Roster",2022,208.2,0.00457492795389049
"1918",10274,"Bo Melton","WR","2022-12-27","SFA",727500,2,2022,298,2,"111+","Off Roster",2022,208.2,0.00349423631123919
"1919",10378,"Manny Jones","DT","2022-12-28","SFA",787500,2,2022,221,2,"111+","Off Roster",2022,208.2,0.00378242074927954
"1920",10409,"Darrell Baker Jr.","CB","2022-12-28","SFA",787500,2,2022,282,2,"111+","Off Roster",2022,208.2,0.00378242074927954
"1921",10241,"Tyler Badie","RB","2022-12-29","SFA",787500,2,2022,152,2,"111+","Off Roster",2022,208.2,0.00378242074927954
"1922",10356,"Chase Garbers","QB","2022-12-31","SFA",787500,2,2022,108,2,"81-110","Roster Fringe",2022,208.2,0.00378242074927954
"1923",10530,"Vi Jones","LB","2022-12-31","SFA",787500,2,2022,225,2,"111+","Off Roster",2022,208.2,0.00378242074927954
"1924",10560,"Anthony Brown","QB","2022-12-31","SFA",853333,3,2022,99,2,"81-110","Roster Fringe",2022,208.2,0.00409862151777137
"1925",10490,"Mike Brown","S","2023-01-02","SFA",853333,3,2022,178,2,"111+","Off Roster",2022,208.2,0.00409862151777137
"1926",10664,"Allan George","CB","2023-01-02","SFA",787500,2,2022,282,2,"111+","Off Roster",2022,208.2,0.00378242074927954
"1927",9697,"Jake Funk","RB","2023-01-03","SFA",882500,2,2021,126,2,"111+","Off Roster",2022,208.2,0.00423871277617675
"1928",10386,"Ja'Quan McMillian","CB","2023-01-03","SFA",790000,3,2022,281,2,"111+","Off Roster",2022,208.2,0.00379442843419789
"1929",8824,"Terrell Lewis","EDGE","2023-01-04","SFA",952500,2,2020,156,2,"111+","Off Roster",2022,208.2,0.00457492795389049
"1930",9863,"Jaret Patterson","RB","2023-01-05","SFA",882500,2,2021,126,2,"111+","Off Roster",2022,208.2,0.00423871277617675
"1931",10804,"Alex Akingbulu","LT","2023-01-06","SFA",727500,2,2022,93,2,"81-110","Roster Fringe",2022,208.2,0.00349423631123919
"1932",10405,"Josh Onujiogu","EDGE","2023-01-07","SFA",727500,2,2022,215,2,"111+","Off Roster",2022,208.2,0.00349423631123919
"1933",10714,"Irvin Charles","WR","2023-01-07","SFA",790000,3,2022,289,2,"111+","Off Roster",2022,208.2,0.00379442843419789
"1934",6994,"Troy Apke","S","2023-01-09","SFA",1105000,1,2018,101,2,"81-110","Roster Fringe",2022,208.2,0.0053073967339097
"1935",8183,"Jamal Peters","CB","2023-01-09","SFA",750000,1,2019,300,2,"111+","Off Roster",2022,208.2,0.00360230547550432
"1936",8207,"Wyatt Ray","EDGE","2023-01-09","SFA",1010000,1,2019,145,2,"111+","Off Roster",2022,208.2,0.00485110470701249
"1937",8835,"McTelvin Agim","DT","2023-01-09","SFA",940000,1,2020,171,2,"111+","Off Roster",2022,208.2,0.00451488952929875
"1938",9192,"Giovanni Ricci","FB","2023-01-09","ERFA",940000,1,2020,14,2,"9-15","Above-Average Starter",2022,208.2,0.00451488952929875
"1939",9542,"Chazz Surratt","LB","2023-01-09","SFA",927500,2,2021,149,2,"111+","Off Roster",2022,208.2,0.00445485110470701
"1940",9633,"Richard LeCounte","S","2023-01-09","SFA",997500,2,2021,121,2,"111+","Off Roster",2022,208.2,0.00479106628242075
"1941",9657,"Deonte Brown","LG","2023-01-09","SFA",870000,1,2021,72,2,"41-80","Depth",2022,208.2,0.00417867435158501
"1942",9667,"Marquez Stevenson","WR","2023-01-09","SFA",870000,1,2021,230,2,"111+","Off Roster",2022,208.2,0.00417867435158501
"1943",9679,"Brady Breeze","S","2023-01-09","SFA",870000,1,2021,159,2,"111+","Off Roster",2022,208.2,0.00417867435158501
"1944",9721,"Jermar Jefferson","RB","2023-01-09","SFA",870000,1,2021,133,2,"111+","Off Roster",2022,208.2,0.00417867435158501
"1945",9742,"Parker Ferguson","LG","2023-01-09","SFA",750000,1,2021,85,2,"81-110","Roster Fringe",2022,208.2,0.00360230547550432
"1946",10035,"Jordan Murray","LT","2023-01-09","SFA",750000,1,2022,96,2,"81-110","Roster Fringe",2022,208.2,0.00360230547550432
"1947",10235,"Justin Shaffer","LG","2023-01-09","SFA",750000,1,2022,85,2,"81-110","Roster Fringe",2022,208.2,0.00360230547550432
"1948",10277,"Faion Hicks","CB","2023-01-09","SFA",750000,1,2022,300,2,"111+","Off Roster",2022,208.2,0.00360230547550432
"1949",10316,"Demetrius Taylor","EDGE","2023-01-09","SFA",870000,1,2022,180,2,"111+","Off Roster",2022,208.2,0.00417867435158501
"1950",10325,"Kellen Diesch","LT","2023-01-09","SFA",750000,1,2022,96,2,"81-110","Roster Fringe",2022,208.2,0.00360230547550432
"1951",10336,"Bryce Cosby","CB","2023-01-09","SFA",750000,1,2022,300,2,"111+","Off Roster",2022,208.2,0.00360230547550432
"1952",10349,"Tyler Vrabel","RT","2023-01-09","SFA",750000,1,2022,94,2,"81-110","Roster Fringe",2022,208.2,0.00360230547550432
"1953",10357,"Jake Tonges","TE","2023-01-09","SFA",870000,1,2022,124,2,"111+","Off Roster",2022,208.2,0.00417867435158501
"1954",10360,"Kuony Deng","LB","2023-01-09","SFA",750000,1,2022,249,2,"111+","Off Roster",2022,208.2,0.00360230547550432
"1955",10377,"Nate Landman","LB","2023-01-09","SFA",870000,1,2022,180,2,"111+","Off Roster",2022,208.2,0.00417867435158501
"1956",10398,"Zaire Mitchell-Paden","TE","2023-01-09","SFA",750000,1,2022,166,2,"111+","Off Roster",2022,208.2,0.00360230547550432
"1957",10415,"Kyric McGowan","WR","2023-01-09","SFA",750000,1,2022,318,2,"111+","Off Roster",2022,208.2,0.00360230547550432
"1958",10417,"Aaron Shampklin","RB","2023-01-09","SFA",750000,1,2022,169,2,"111+","Off Roster",2022,208.2,0.00360230547550432
"1959",10442,"Matt Hankins","CB","2023-01-09","SFA",750000,1,2022,300,2,"111+","Off Roster",2022,208.2,0.00360230547550432
"1960",10444,"Zach VanValkenburg","EDGE","2023-01-09","SFA",832500,2,2022,208,2,"111+","Off Roster",2022,208.2,0.0039985590778098
"1961",10446,"Chase Allen","TE","2023-01-09","SFA",750000,1,2022,166,2,"111+","Off Roster",2022,208.2,0.00360230547550432
"1962",10459,"Storey Jackson","LB","2023-01-09","SFA",750000,1,2022,249,2,"111+","Off Roster",2022,208.2,0.00360230547550432
"1963",10481,"Bubba Bolden","S","2023-01-09","SFA",750000,1,2022,215,2,"111+","Off Roster",2022,208.2,0.00360230547550432
"1964",10486,"Mike Harley","WR","2023-01-09","SFA",750000,1,2022,318,2,"111+","Off Roster",2022,208.2,0.00360230547550432
"1965",10496,"Vincent Gray","CB","2023-01-09","SFA",750000,1,2022,300,2,"111+","Off Roster",2022,208.2,0.00360230547550432
"1966",10567,"BJ Baylor","RB","2023-01-09","SFA",750000,1,2022,169,2,"111+","Off Roster",2022,208.2,0.00360230547550432
"1967",10575,"Lucas Krull","TE","2023-01-09","SFA",832500,2,2022,148,2,"111+","Off Roster",2022,208.2,0.0039985590778098
"1968",10587,"Segun Olubi","LB","2023-01-09","SFA",750000,1,2022,249,2,"111+","Off Roster",2022,208.2,0.00360230547550432
"1969",10595,"Trevor Denbow","S","2023-01-09","SFA",870000,1,2022,159,2,"111+","Off Roster",2022,208.2,0.00417867435158501
"1970",10607,"Obinna Eze","LT","2023-01-09","SFA",750000,1,2022,96,2,"81-110","Roster Fringe",2022,208.2,0.00360230547550432
"1971",10608,"TJ Carter","CB","2023-01-09","SFA",915000,2,2022,215,2,"111+","Off Roster",2022,208.2,0.00439481268011527
"1972",10619,"Jalen Wydermyer","TE","2023-01-09","SFA",750000,1,2022,166,2,"111+","Off Roster",2022,208.2,0.00360230547550432
"1973",10648,"Kanai Mauga","LB","2023-01-09","SFA",750000,1,2022,249,2,"111+","Off Roster",2022,208.2,0.00360230547550432
"1974",10652,"Cole Fotheringham","TE","2023-01-09","SFA",750000,1,2022,166,2,"111+","Off Roster",2022,208.2,0.00360230547550432
"1975",10657,"Derek Wright","WR","2023-01-09","SFA",750000,1,2022,318,2,"111+","Off Roster",2022,208.2,0.00360230547550432
"1976",10665,"Chris Pierce Jr.","WR","2023-01-09","SFA",750000,1,2022,318,2,"111+","Off Roster",2022,208.2,0.00360230547550432
"1977",10667,"Forrest Rhyne","LB","2023-01-09","SFA",870000,1,2022,180,2,"111+","Off Roster",2022,208.2,0.00417867435158501
"1978",10668,"Chris Glaser","RG","2023-01-09","SFA",832500,2,2022,75,2,"41-80","Depth",2022,208.2,0.0039985590778098
"1979",10671,"Ra'Shaun Henry","WR","2023-01-09","SFA",750000,1,2022,318,2,"111+","Off Roster",2022,208.2,0.00360230547550432
"1980",10685,"Jerreth Sterns","WR","2023-01-09","SFA",832500,2,2022,295,2,"111+","Off Roster",2022,208.2,0.0039985590778098
"1981",10699,"Tyreik McAllister","WR","2023-01-09","SFA",750000,1,2022,318,2,"111+","Off Roster",2022,208.2,0.00360230547550432
"1982",10713,"David Vereen","CB","2023-01-09","SFA",750000,1,2022,300,2,"111+","Off Roster",2022,208.2,0.00360230547550432
"1983",10725,"Sebastian Gutierrez","LT","2023-01-09","SFA",870000,1,2022,79,2,"41-80","Depth",2022,208.2,0.00417867435158501
"1984",10728,"Delonte Hood","CB","2023-01-09","SFA",750000,1,2022,300,2,"111+","Off Roster",2022,208.2,0.00360230547550432
"1985",10739,"Jaquarii Roberson","WR","2023-01-09","SFA",832500,2,2022,295,2,"111+","Off Roster",2022,208.2,0.0039985590778098
"1986",10743,"Marcel Dabo","CB","2023-01-09","SFA",750000,1,2022,300,2,"111+","Off Roster",2022,208.2,0.00360230547550432
"1987",10763,"Tucker Fisk","TE","2023-01-09","SFA",750000,1,2022,166,2,"111+","Off Roster",2022,208.2,0.00360230547550432
"1988",10770,"Vitaliy Gurman","RG","2023-01-09","SFA",750000,1,2022,86,2,"81-110","Roster Fringe",2022,208.2,0.00360230547550432
"1989",10772,"Roger Carter","TE","2023-01-09","SFA",832500,2,2022,148,2,"111+","Off Roster",2022,208.2,0.0039985590778098
"1990",10776,"Brayden Thomas","EDGE","2023-01-09","SFA",832500,2,2022,208,2,"111+","Off Roster",2022,208.2,0.0039985590778098
"1991",10807,"Daylen Baldwin","WR","2023-01-09","SFA",750000,1,2022,318,2,"111+","Off Roster",2022,208.2,0.00360230547550432
"1992",6941,"Duke Dawson","S","2023-01-10","SFA",1080000,1,2018,104,2,"81-110","Roster Fringe",2022,208.2,0.00518731988472623
"1993",7998,"Ulysees Gilbert III","LB","2023-01-10","SFA",1022500,2,2019,122,2,"111+","Off Roster",2022,208.2,0.00491114313160423
"1994",10261,"Curtis Brooks","DT","2023-01-10","SFA",832500,2,2022,217,2,"111+","Off Roster",2022,208.2,0.0039985590778098
"1995",10313,"LaBryan Ray","DT","2023-01-10","SFA",750000,1,2022,250,2,"111+","Off Roster",2022,208.2,0.00360230547550432
"1996",10341,"Drew Estrada","WR","2023-01-10","SFA",750000,1,2022,326,2,"111+","Off Roster",2022,208.2,0.00360230547550432
"1997",10388,"Thomas Odukoya","TE","2023-01-10","SFA",750000,1,2022,167,2,"111+","Off Roster",2022,208.2,0.00360230547550432
"1998",10390,"Jean Delance","RT","2023-01-10","SFA",750000,1,2022,95,2,"81-110","Roster Fringe",2022,208.2,0.00360230547550432
"1999",10439,"Ty Fryfogle","WR","2023-01-10","SFA",750000,1,2022,326,2,"111+","Off Roster",2022,208.2,0.00360230547550432
"2000",10440,"Caleb Shudak","K","2023-01-10","SFA",927500,2,2022,33,2,"26-40","Backup/Role-Player",2022,208.2,0.00445485110470701
"2001",10443,"Tyler Goodson","RB","2023-01-10","SFA",750000,1,2022,172,2,"111+","Off Roster",2022,208.2,0.00360230547550432
"2002",10487,"Zach McCloud","EDGE","2023-01-10","SFA",832500,2,2022,210,2,"111+","Off Roster",2022,208.2,0.0039985590778098
"2003",10492,"Brad Hawkins","S","2023-01-10","SFA",750000,1,2022,217,2,"111+","Off Roster",2022,208.2,0.00360230547550432
"2004",10494,"Donovan Jeter","DT","2023-01-10","SFA",750000,1,2022,250,2,"111+","Off Roster",2022,208.2,0.00360230547550432
"2005",10516,"Austin Allen","TE","2023-01-10","SFA",750000,1,2022,167,2,"111+","Off Roster",2022,208.2,0.00360230547550432
"2006",10545,"Master Teague","RB","2023-01-10","SFA",750000,1,2022,172,2,"111+","Off Roster",2022,208.2,0.00360230547550432
"2007",10564,"Johnny Johnson III","WR","2023-01-10","SFA",832500,2,2022,300,2,"111+","Off Roster",2022,208.2,0.0039985590778098
"2008",10590,"William Dunkle","RG","2023-01-10","SFA",750000,1,2022,86,2,"81-110","Roster Fringe",2022,208.2,0.00360230547550432
"2009",10593,"Hayden Howerton","RG","2023-01-10","SFA",750000,1,2022,86,2,"81-110","Roster Fringe",2022,208.2,0.00360230547550432
"2010",10594,"Reggie Roberson Jr.","WR","2023-01-10","SFA",832500,2,2022,300,2,"111+","Off Roster",2022,208.2,0.0039985590778098
"2011",10620,"Jayden Peevy","DT","2023-01-10","SFA",832500,2,2022,217,2,"111+","Off Roster",2022,208.2,0.0039985590778098
"2012",10649,"Rodney Williams II","TE","2023-01-10","SFA",750000,1,2022,167,2,"111+","Off Roster",2022,208.2,0.00360230547550432
"2013",10695,"Scott Nelson","S","2023-01-10","SFA",750000,1,2022,217,2,"111+","Off Roster",2022,208.2,0.00360230547550432
"2014",10707,"Benjie Franklin","CB","2023-01-10","SFA",750000,1,2022,306,2,"111+","Off Roster",2022,208.2,0.00360230547550432
"2015",10730,"Andrew Rupcich","RT","2023-01-10","SFA",832500,2,2022,82,2,"81-110","Roster Fringe",2022,208.2,0.0039985590778098
"2016",10738,"Quandre Mosely","CB","2023-01-10","SFA",750000,1,2022,306,2,"111+","Off Roster",2022,208.2,0.00360230547550432
"2017",10800,"Jeremiah Pharms","DT","2023-01-10","SFA",750000,1,2022,250,2,"111+","Off Roster",2022,208.2,0.00360230547550432
"2018",6893,"Roquan Smith","LB","2023-01-11","UFA",20000000,5,2018,1,2,"1-3","Superstar",2022,208.2,0.0960614793467819
"2019",8853,"Troy Pride, Jr.","CB","2023-01-11","SFA",870000,1,2020,238,2,"111+","Off Roster",2022,208.2,0.00417867435158501
"2020",10239,"Jordan Jackson","DT","2023-01-11","SFA",750000,1,2022,251,2,"111+","Off Roster",2022,208.2,0.00360230547550432
"2021",10591,"Derrick Deese Jr.","TE","2023-01-11","SFA",750000,1,2022,166,2,"111+","Off Roster",2022,208.2,0.00360230547550432
"2022",8419,"Rodney Randle","CB","2023-01-12","SFA",750000,1,2019,307,2,"111+","Off Roster",2022,208.2,0.00360230547550432
"2023",8851,"Solomon Kindley","LG","2023-01-12","SFA",940000,1,2020,62,2,"41-80","Depth",2022,208.2,0.00451488952929875
"2024",8864,"Anthony McFarland, Jr.","RB","2023-01-12","SFA",940000,1,2020,111,2,"111+","Off Roster",2022,208.2,0.00451488952929875
"2025",10454,"Justin Rigg","TE","2023-01-12","SFA",832500,2,2022,148,2,"111+","Off Roster",2022,208.2,0.0039985590778098
"2026",9125,"Julian Good-Jones","LT","2023-01-13","SFA",757500,1,2020,96,2,"81-110","Roster Fringe",2022,208.2,0.00363832853025937
"2027",9751,"Ar'Darius Washington","S","2023-01-14","SFA",882500,2,2021,159,2,"111+","Off Roster",2022,208.2,0.00423871277617675
"2028",8849,"John Simpson","LG","2023-01-16","SFA",1010000,1,2020,50,2,"41-80","Depth",2022,208.2,0.00485110470701249
"2029",9663,"Jaylen Twyman","EDGE","2023-01-16","SFA",832500,2,2021,212,2,"111+","Off Roster",2022,208.2,0.0039985590778098
"2030",9687,"Tay Gowan","CB","2023-01-16","SFA",940000,1,2021,210,2,"111+","Off Roster",2022,208.2,0.00451488952929875
"2031",9705,"Mark Webb","S","2023-01-16","SFA",870000,1,2021,162,2,"111+","Off Roster",2022,208.2,0.00417867435158501
"2032",9716,"Chris Garrett","EDGE","2023-01-16","SFA",870000,1,2021,182,2,"111+","Off Roster",2022,208.2,0.00417867435158501
"2033",9897,"Blake Proehl","WR","2023-01-16","SFA",870000,1,2021,238,2,"111+","Off Roster",2022,208.2,0.00417867435158501
"2034",10269,"Cameron Goode","EDGE","2023-01-16","SFA",832500,2,2022,212,2,"111+","Off Roster",2022,208.2,0.0039985590778098
"2035",10391,"Jeremiah Moon","EDGE","2023-01-16","SFA",750000,1,2022,228,2,"111+","Off Roster",2022,208.2,0.00360230547550432
"2036",10506,"Braylon Sanders","WR","2023-01-16","SFA",927500,2,2022,203,2,"111+","Off Roster",2022,208.2,0.00445485110470701
"2037",10583,"Tyreek Maddox-Williams","LB","2023-01-16","SFA",750000,1,2022,255,2,"111+","Off Roster",2022,208.2,0.00360230547550432
"2038",10641,"Ty Shelby","EDGE","2023-01-16","SFA",750000,1,2022,228,2,"111+","Off Roster",2022,208.2,0.00360230547550432
"2039",10643,"Chris Steele","CB","2023-01-16","SFA",750000,1,2022,312,2,"111+","Off Roster",2022,208.2,0.00360230547550432
"2040",10647,"Jalen McKenzie","RT","2023-01-16","SFA",750000,1,2022,96,2,"81-110","Roster Fringe",2022,208.2,0.00360230547550432
"2041",10711,"Shemar Bridges","WR","2023-01-16","SFA",750000,1,2022,336,2,"111+","Off Roster",2022,208.2,0.00360230547550432
"2042",10712,"Rayshad Nichols","DT","2023-01-16","SFA",832500,2,2022,221,2,"111+","Off Roster",2022,208.2,0.0039985590778098
"2043",10746,"Josh Sokol","C","2023-01-16","SFA",750000,1,2022,84,2,"81-110","Roster Fringe",2022,208.2,0.00360230547550432
"2044",7974,"Justin Skule","LT","2023-01-17","SFA",940000,1,2019,69,2,"41-80","Depth",2022,208.2,0.00451488952929875
"2045",10515,"Dylan Cook","LT","2023-01-17","SFA",832500,2,2022,88,2,"81-110","Roster Fringe",2022,208.2,0.0039985590778098
"2046",10599,"Don Gardner","CB","2023-01-17","SFA",832500,2,2022,287,2,"111+","Off Roster",2022,208.2,0.0039985590778098
"2047",10774,"Duron Lowe","CB","2023-01-17","SFA",832500,2,2022,287,2,"111+","Off Roster",2022,208.2,0.0039985590778098
"2048",10788,"Mike Greene","DT","2023-01-17","SFA",832500,2,2022,221,2,"111+","Off Roster",2022,208.2,0.0039985590778098
"2049",10581,"Olakunle Fatukasi","LB","2023-01-18","SFA",870000,1,2022,187,2,"111+","Off Roster",2022,208.2,0.00417867435158501
"2050",10585,"Tristin McCollum","CB","2023-01-18","SFA",870000,2,2022,241,2,"111+","Off Roster",2022,208.2,0.00417867435158501
"2051",10609,"Michael Niese","LG","2023-01-18","SFA",832500,2,2022,84,2,"81-110","Roster Fringe",2022,208.2,0.0039985590778098
"2052",7853,"Andy Isabella","WR","2023-01-19","SFA",1080000,1,2019,144,2,"111+","Off Roster",2022,208.2,0.00518731988472623
"2053",10548,"Kennedy Brooks","RB","2023-01-19","SFA",750000,1,2022,178,2,"111+","Off Roster",2022,208.2,0.00360230547550432
"2054",8841,"Dalton Keene","TE","2023-01-20","SFA",870000,1,2020,123,2,"111+","Off Roster",2022,208.2,0.00417867435158501
"2055",8952,"Dezmon Patmon","WR","2023-01-23","SFA",1020000,1,2020,175,2,"111+","Off Roster",2022,208.2,0.00489913544668588
"2056",9586,"Tyler Shelvin","DT","2023-01-23","SFA",927500,2,2021,180,2,"111+","Off Roster",2022,208.2,0.00445485110470701
"2057",10345,"Alec Lindstrom","C","2023-01-23","SFA",832500,2,2022,82,2,"81-110","Roster Fringe",2022,208.2,0.0039985590778098
"2058",10350,"EJ Perry","QB","2023-01-23","SFA",750000,1,2022,114,2,"111+","Off Roster",2022,208.2,0.00360230547550432
"2059",10363,"Kalil Pimpleton","WR","2023-01-23","SFA",750000,1,2022,345,2,"111+","Off Roster",2022,208.2,0.00360230547550432
"2060",10399,"Zyon Gilbert","CB","2023-01-23","SFA",870000,1,2022,241,2,"111+","Off Roster",2022,208.2,0.00417867435158501
"2061",10403,"Jashaun Corbin","RB","2023-01-23","SFA",750000,1,2022,179,2,"111+","Off Roster",2022,208.2,0.00360230547550432
"2062",10414,"Juanyeh Thomas","S","2023-01-23","SFA",832500,2,2022,203,2,"111+","Off Roster",2022,208.2,0.0039985590778098
"2063",10429,"James McCourt","K","2023-01-23","SFA",750000,1,2022,48,2,"41-80","Depth",2022,208.2,0.00360230547550432
"2064",10470,"Andre Miller","WR","2023-01-23","SFA",750000,1,2022,345,2,"111+","Off Roster",2022,208.2,0.00360230547550432
"2065",10507,"Dontario Drummond","WR","2023-01-23","SFA",832500,2,2022,318,2,"111+","Off Roster",2022,208.2,0.0039985590778098
"2066",10511,"Makai Polk","WR","2023-01-23","SFA",750000,1,2022,345,2,"111+","Off Roster",2022,208.2,0.00360230547550432
"2067",10526,"Kyler McMichael","CB","2023-01-23","SFA",837000,2,2022,288,2,"111+","Off Roster",2022,208.2,0.00402017291066282
"2068",10540,"Kevin Austin Jr.","WR","2023-01-23","SFA",750000,1,2022,345,2,"111+","Off Roster",2022,208.2,0.00360230547550432
"2069",10603,"Kingsley Jonathan","EDGE","2023-01-23","SFA",929250,2,2022,166,2,"111+","Off Roster",2022,208.2,0.00446325648414986
"2070",10630,"Gerrit Prince","TE","2023-01-23","SFA",750000,1,2022,173,2,"111+","Off Roster",2022,208.2,0.00360230547550432
"2071",10672,"Brock Hoffman","C","2023-01-23","SFA",927500,2,2022,62,2,"41-80","Depth",2022,208.2,0.00445485110470701
"2072",10744,"Ayo Oyelola","S","2023-01-23","SFA",750000,1,2022,225,2,"111+","Off Roster",2022,208.2,0.00360230547550432
"2073",8862,"Jacob Eason","QB","2023-01-24","SFA",940000,1,2020,90,2,"81-110","Roster Fringe",2022,208.2,0.00451488952929875
"2074",10485,"Jarrid Williams","RT","2023-01-24","SFA",750000,1,2022,97,2,"81-110","Roster Fringe",2022,208.2,0.00360230547550432
"2075",8901,"Tyler Johnson","WR","2023-01-25","SFA",1035000,1,2020,158,2,"111+","Off Roster",2022,208.2,0.00497118155619597
"2076",10684,"Dennis Houston","WR","2023-01-25","SFA",832500,2,2022,320,2,"111+","Off Roster",2022,208.2,0.0039985590778098
"2077",7934,"Ryan Connelly","LB","2023-01-26","SFA",1080000,1,2019,99,2,"81-110","Roster Fringe",2022,208.2,0.00518731988472623
"2078",8844,"Terrell Burgess","S","2023-01-26","SFA",1010000,1,2020,121,2,"111+","Off Roster",2022,208.2,0.00485110470701249
"2079",10423,"Seth Green","TE","2023-01-26","SFA",932500,2,2022,115,2,"111+","Off Roster",2022,208.2,0.00447886647454371
"2080",10638,"Ethan Fernea","WR","2023-01-27","SFA",750000,1,2022,349,2,"111+","Off Roster",2022,208.2,0.00360230547550432
"2081",8820,"Lynn Bowden","RB","2023-01-30","SFA",870000,1,2020,138,2,"111+","Off Roster",2022,208.2,0.00417867435158501
"2082",10412,"Devin Cochran","LT","2023-01-31","SFA",750000,1,2022,103,2,"81-110","Roster Fringe",2022,208.2,0.00360230547550432
"2083",10431,"Owen Carney Jr.","EDGE","2023-01-31","SFA",750000,1,2022,233,2,"111+","Off Roster",2022,208.2,0.00360230547550432
"2084",10449,"Kwamie Lassiter II","WR","2023-01-31","SFA",750000,1,2022,351,2,"111+","Off Roster",2022,208.2,0.00360230547550432
"2085",10456,"Yusuf Corker","S","2023-01-31","SFA",750000,1,2022,227,2,"111+","Off Roster",2022,208.2,0.00360230547550432
"2086",10479,"Jason Poe","LG","2023-01-31","SFA",750000,1,2022,93,2,"81-110","Roster Fringe",2022,208.2,0.00360230547550432
"2087",10555,"Tay Martin","WR","2023-01-31","SFA",750000,1,2022,351,2,"111+","Off Roster",2022,208.2,0.00360230547550432
"2088",10588,"Tayler Hawkins","S","2023-01-31","SFA",750000,1,2022,227,2,"111+","Off Roster",2022,208.2,0.00360230547550432
"2089",10639,"Qwuantrezz Knight","S","2023-01-31","SFA",750000,1,2022,227,2,"111+","Off Roster",2022,208.2,0.00360230547550432
"2090",10662,"Leroy Watson","RT","2023-01-31","SFA",750000,1,2022,98,2,"81-110","Roster Fringe",2022,208.2,0.00360230547550432
"2091",10416,"Tre Swilling","CB","2023-02-06","SFA",750000,1,2022,321,2,"111+","Off Roster",2022,208.2,0.00360230547550432
"2092",9607,"Tyree Gillespie","S","2023-02-08","SFA",940000,1,2021,138,2,"111+","Off Roster",2022,208.2,0.00451488952929875
"2093",7838,"Marquise Blair","S","2023-02-09","SFA",1010000,1,2019,121,2,"111+","Off Roster",2022,208.2,0.00485110470701249
"2094",7930,"Deionte Thompson","S","2023-02-10","SFA",1080000,1,2019,105,2,"81-110","Roster Fringe",2022,208.2,0.00518731988472623
"2095",10435,"Marcelino McCrary-Ball","CB","2023-02-13","SFA",750000,1,2022,322,2,"111+","Off Roster",2022,208.2,0.00360230547550432
"2096",8092,"Fred Johnson","RG","2023-02-15","SFA",1080000,1,2019,45,2,"41-80","Depth",2022,208.2,0.00518731988472623
"2097",8843,"Davion Taylor","LB","2023-02-15","SFA",940000,1,2020,151,2,"111+","Off Roster",2022,208.2,0.00451488952929875
"2098",8860,"La'Mical Perine","RB","2023-02-15","SFA",940000,1,2020,113,2,"111+","Off Roster",2022,208.2,0.00451488952929875
"2099",9621,"Ihmir Smith-Marsette","WR","2023-02-15","SFA",940000,1,2021,204,2,"111+","Off Roster",2022,208.2,0.00451488952929875
"2100",9655,"Tarron Jackson","EDGE","2023-02-15","SFA",940000,1,2021,161,2,"111+","Off Roster",2022,208.2,0.00451488952929875
"2101",10043,"Devon Allen","WR","2023-02-15","SFA",832500,2,2022,328,2,"111+","Off Roster",2022,208.2,0.0039985590778098
"2102",10286,"Chris Oladokun","QB","2023-02-15","SFA",750000,1,2022,115,2,"111+","Off Roster",2022,208.2,0.00360230547550432
"2103",10371,"Mario Goodrich","CB","2023-02-15","SFA",832500,2,2022,296,2,"111+","Off Roster",2022,208.2,0.0039985590778098
"2104",10509,"Jerrion Ealy","RB","2023-02-15","SFA",750000,1,2022,182,2,"111+","Off Roster",2022,208.2,0.00360230547550432
"2105",10550,"Tyrese Robinson","LG","2023-02-16","SFA",832500,2,2022,87,2,"81-110","Roster Fringe",2022,208.2,0.0039985590778098
"2106",7902,"Kendall Sheffield","CB","2023-03-03","SFA",1210000,1,2019,112,2,"111+","Off Roster",2022,208.2,0.00581171950048031
"2107",7923,"Ugochukwu Amadi","CB","2023-03-07","SFA",1080000,1,2019,137,2,"111+","Off Roster",2022,208.2,0.00518731988472623
"2108",7276,"Elijah Campbell","CB","2023-03-08","ERFA",1010000,1,2018,168,2,"111+","Off Roster",2022,208.2,0.00485110470701249
"2109",7797,"Daniel Jones","QB","2023-03-08","UFA",40000000,4,2019,8,2,"4-8","Star",2022,208.2,0.192122958693564
"2110",8780,"Ross Blacklock","DT","2023-03-08","Other",1010000,1,2020,155,2,"111+","Off Roster",2022,208.2,0.00485110470701249
"2111",8536,"Jesper Horsted","TE","2023-03-10","Other",1120000,1,2019,64,2,"41-80","Depth",2022,208.2,0.00537944284341979
"2112",6898,"Daron Payne","DT","2023-03-12","Franchise",22500000,4,2018,2,2,"1-3","Superstar",2022,208.2,0.10806916426513
"2113",6901,"Tremaine Edmunds","LB","2023-03-13","UFA",18000000,4,2018,4,2,"4-8","Star",2022,208.2,0.0864553314121038
"2114",7040,"Scott Quessenberry","C","2023-03-13","UFA",2100000,1,2018,27,2,"26-40","Backup/Role-Player",2022,208.2,0.0100864553314121
"2115",7860,"Josh Oliver","TE","2023-03-13","UFA",7000000,3,2019,21,2,"16-25","Starter",2022,208.2,0.0336215177713737
"2116",7863,"Germaine Pratt","LB","2023-03-13","UFA",6750000,3,2019,20,2,"16-25","Starter",2022,208.2,0.0324207492795389
"2117",7873,"Nate Davis","RG","2023-03-13","UFA",10000000,4,2019,4,2,"4-8","Star",2022,208.2,0.048030739673391
"2118",7885,"Jamel Dean","CB","2023-03-13","UFA",13000000,4,2019,15,2,"9-15","Above-Average Starter",2022,208.2,0.0624399615754083
"2119",7957,"Easton Stick","QB","2023-03-13","UFA",1800000,1,2019,63,2,"41-80","Depth",2022,208.2,0.00864553314121038
"2120",7982,"Marcus Epps","S","2023-03-13","UFA",6000000,2,2019,28,2,"26-40","Backup/Role-Player",2022,208.2,0.0288184438040346
"2121",9070,"Tershawn Wharton","DT","2023-03-13","Other",2025000,1,2020,83,2,"81-110","Roster Fringe",2022,208.2,0.00972622478386167
"2122",7879,"Cody Barton","LB","2023-03-14","UFA",3500000,1,2019,34,2,"26-40","Backup/Role-Player",2022,208.2,0.0168107588856868
"2123",7809,"Garrett Bradbury","C","2023-03-15","UFA",5250000,3,2019,17,2,"16-25","Starter",2023,224.8,0.0233540925266904
"2124",7824,"Byron Murphy","CB","2023-03-15","UFA",8750000,2,2019,25,2,"16-25","Starter",2023,224.8,0.038923487544484
"2125",7872,"Will Harris","S","2023-03-15","UFA",2582500,1,2019,48,2,"41-80","Depth",2023,224.8,0.0114879893238434
"2126",7889,"Quincy Williams","LB","2023-03-15","UFA",6000000,3,2019,24,2,"16-25","Starter",2023,224.8,0.0266903914590747
"2127",7898,"Anthony Nelson","EDGE","2023-03-15","UFA",5000000,2,2019,46,2,"41-80","Depth",2023,224.8,0.0222419928825623
"2128",7904,"Justice Hill","RB","2023-03-15","UFA",2255000,2,2019,31,2,"26-40","Backup/Role-Player",2023,224.8,0.0100311387900356
"2129",7914,"Ben Powers","LG","2023-03-15","UFA",13000000,4,2019,6,2,"4-8","Star",2023,224.8,0.0578291814946619
"2130",7924,"Jarrett Stidham","QB","2023-03-15","UFA",5000000,2,2019,36,2,"26-40","Backup/Role-Player",2023,224.8,0.0222419928825623
"2131",7926,"John Cominsky","DT","2023-03-15","UFA",4250000,2,2019,56,2,"41-80","Depth",2023,224.8,0.0189056939501779
"2132",8077,"Andrew Beck","TE","2023-03-15","UFA",3125000,2,2019,40,2,"26-40","Backup/Role-Player",2023,224.8,0.0139012455516014
"2133",5637,"DeMarcus Walker","DT","2023-03-16","UFA",7000000,3,2017,28,2,"26-40","Backup/Role-Player",2023,224.8,0.0311387900355872
"2134",6323,"Andrew Wylie","RT","2023-03-16","UFA",8000000,3,2017,9,2,"9-15","Above-Average Starter",2023,224.8,0.0355871886120996
"2135",6888,"Sam Darnold","QB","2023-03-16","UFA",4500000,1,2018,31,2,"26-40","Backup/Role-Player",2023,224.8,0.020017793594306
"2136",6894,"Mike McGlinchey","RT","2023-03-16","UFA",17500000,5,2018,4,2,"4-8","Star",2023,224.8,0.077846975088968
"2137",7366,"Nick Gates","C","2023-03-16","UFA",5500000,3,2018,15,2,"9-15","Above-Average Starter",2023,224.8,0.0244661921708185
"2138",7795,"Clelin Ferrell","EDGE","2023-03-16","UFA",2500000,1,2019,60,2,"41-80","Depth",2023,224.8,0.0111209964412811
"2139",7805,"Chris Lindstrom","RG","2023-03-16","Extension",20500000,5,2019,1,2,"1-3","Superstar",2023,224.8,0.0911921708185053
"2140",7850,"Parris Campbell","WR","2023-03-16","UFA",4700000,1,2019,45,2,"41-80","Depth",2023,224.8,0.0209074733096085
"2141",7854,"Juan Thornhill","S","2023-03-16","UFA",7000000,3,2019,22,2,"16-25","Starter",2023,224.8,0.0311387900355872
"2142",7856,"Zach Allen","DT","2023-03-16","UFA",15250000,3,2019,14,2,"9-15","Above-Average Starter",2023,224.8,0.0678380782918149
"2143",7862,"Dre'Mont Jones","DT","2023-03-16","UFA",17176667,3,2019,10,2,"9-15","Above-Average Starter",2023,224.8,0.0764086610320285
"2144",7871,"Sione Takitaki","LB","2023-03-16","UFA",2582500,1,2019,42,2,"41-80","Depth",2023,224.8,0.0114879893238434
"2145",7882,"Trey Pipkins","RT","2023-03-16","UFA",7250000,3,2019,10,2,"9-15","Above-Average Starter",2023,224.8,0.0322508896797153
"2146",7955,"E.J. Speed","LB","2023-03-16","UFA",4000000,2,2019,26,2,"26-40","Backup/Role-Player",2023,224.8,0.0177935943060498
"2147",7964,"Cole Holcomb","LB","2023-03-16","UFA",6000000,3,2019,18,2,"16-25","Starter",2023,224.8,0.0266903914590747
"2148",7995,"Travis Homer","RB","2023-03-16","UFA",2000000,2,2019,29,2,"26-40","Backup/Role-Player",2023,224.8,0.00889679715302491
"2149",8004,"Donovan Wilson","S","2023-03-16","UFA",7000000,3,2019,22,2,"16-25","Starter",2023,224.8,0.0311387900355872
"2150",5587,"Solomon Thomas","EDGE","2023-03-17","UFA",2350000,1,2017,62,2,"41-80","Depth",2023,224.8,0.0104537366548043
"2151",6980,"Tarvarius Moore","S","2023-03-17","UFA",1130000,1,2018,76,2,"41-80","Depth",2023,224.8,0.00502669039145907
"2152",7801,"Devin Bush","LB","2023-03-17","UFA",3500000,1,2019,28,2,"26-40","Backup/Role-Player",2023,224.8,0.0155693950177936
"2153",7819,"Jerry Tillery","DT","2023-03-17","UFA",3400000,2,2019,53,2,"41-80","Depth",2023,224.8,0.0151245551601423
"2154",7822,"Kaleb McGary","RT","2023-03-17","UFA",11500000,3,2019,8,2,"4-8","Star",2023,224.8,0.0511565836298932
"2155",7826,"Jawaan Taylor","RT","2023-03-17","UFA",20000000,4,2019,1,2,"1-3","Superstar",2023,224.8,0.0889679715302491
"2156",7844,"Miles Sanders","RB","2023-03-17","UFA",6350000,4,2019,10,2,"9-15","Above-Average Starter",2023,224.8,0.0282473309608541
"2157",7864,"David Montgomery","RB","2023-03-17","UFA",6000000,3,2019,13,2,"9-15","Above-Average Starter",2023,224.8,0.0266903914590747
"2158",7875,"Khalen Saunders","DT","2023-03-17","UFA",4100000,3,2019,45,2,"41-80","Depth",2023,224.8,0.0182384341637011
"2159",7893,"Alexander Mattison","RB","2023-03-17","UFA",3500000,2,2019,19,2,"16-25","Starter",2023,224.8,0.0155693950177936
"2160",7899,"Julian Love","S","2023-03-17","UFA",6000000,2,2019,26,2,"26-40","Backup/Role-Player",2023,224.8,0.0266903914590747
"2161",7946,"Mack Wilson","LB","2023-03-17","UFA",1600000,1,2019,59,2,"41-80","Depth",2023,224.8,0.00711743772241993
"2162",7969,"Gardner Minshew","QB","2023-03-17","UFA",3500000,1,2019,37,2,"26-40","Backup/Role-Player",2023,224.8,0.0155693950177936
"2163",7979,"David Long Jr.","LB","2023-03-17","UFA",5000000,2,2019,22,2,"16-25","Starter",2023,224.8,0.0222419928825623
"2164",8233,"John Lovett","FB","2023-03-17","SFA",870000,1,2019,14,2,"9-15","Above-Average Starter",2023,224.8,0.00387010676156584
"2165",8734,"Jacob Bobenmoyer","LS","2023-03-17","SFA",1271667,3,2020,12,2,"9-15","Above-Average Starter",2023,224.8,0.00565688167259787
"2166",7880,"Bobby Okereke","LB","2023-03-18","UFA",10000000,4,2019,8,2,"4-8","Star",2023,224.8,0.0444839857651246
"2167",8035,"Kaden Elliss","LB","2023-03-18","UFA",7166667,3,2019,13,2,"9-15","Above-Average Starter",2023,224.8,0.0318801912811388
"2168",5745,"Jermaine Eluemunor","RT","2023-03-19","UFA",3000000,1,2017,25,2,"16-25","Starter",2023,224.8,0.0133451957295374
"2169",7833,"Drew Lock","QB","2023-03-19","UFA",4000000,1,2019,32,2,"26-40","Backup/Role-Player",2023,224.8,0.0177935943060498
"2170",7952,"Charles Omenihu","EDGE","2023-03-19","UFA",8000000,2,2019,28,2,"26-40","Backup/Role-Player",2023,224.8,0.0355871886120996
"2171",8034,"Nick Scott","S","2023-03-19","UFA",4000000,3,2019,36,2,"26-40","Backup/Role-Player",2023,224.8,0.0177935943060498
"2172",7813,"Andre Dillard","LT","2023-03-20","UFA",9666666,3,2019,18,2,"16-25","Starter",2023,224.8,0.0430011832740213
"2173",7846,"Max Scharping","RG","2023-03-20","UFA",1280000,1,2019,28,2,"26-40","Backup/Role-Player",2023,224.8,0.00569395017793594
"2174",7849,"Trysten Hill","DT","2023-03-20","UFA",1232500,1,2019,89,2,"81-110","Roster Fringe",2023,224.8,0.0054826512455516
"2175",7890,"Mike Edwards","S","2023-03-20","UFA",3000000,1,2019,42,2,"41-80","Depth",2023,224.8,0.0133451957295374
"2176",7896,"Chauncey Gardner-Johnson, Jr.","S","2023-03-20","UFA",6500000,1,2019,25,2,"16-25","Starter",2023,224.8,0.028914590747331
"2177",9199,"Myles Hartsfield","CB","2023-03-20","SFA",1010000,1,2020,122,2,"111+","Off Roster",2023,224.8,0.00449288256227758
"2178",6899,"Marcus Davenport","EDGE","2023-03-21","UFA",13000000,1,2018,21,2,"16-25","Starter",2023,224.8,0.0578291814946619
"2179",7830,"Sean Murphy-Bunting","CB","2023-03-21","UFA",3500000,1,2019,47,2,"41-80","Depth",2023,224.8,0.0155693950177936
"2180",7837,"Greedy Williams","CB","2023-03-21","UFA",1350000,1,2019,86,2,"81-110","Roster Fringe",2023,224.8,0.00600533807829181
"2181",7865,"Devin Singletary","RB","2023-03-21","UFA",2750000,1,2019,25,2,"16-25","Starter",2023,224.8,0.0122330960854093
"2182",7869,"Michael Deiter","C","2023-03-21","UFA",1232500,1,2019,35,2,"26-40","Backup/Role-Player",2023,224.8,0.0054826512455516
"2183",7878,"Damien Harris","RB","2023-03-21","UFA",1770000,1,2019,39,2,"26-40","Backup/Role-Player",2023,224.8,0.00787366548042705
"2184",7921,"Drue Tranquill","LB","2023-03-21","UFA",3000000,1,2019,45,2,"41-80","Depth",2023,224.8,0.0133451957295374
"2185",7972,"Jaquan Johnson","S","2023-03-21","UFA",1232500,1,2019,75,2,"41-80","Depth",2023,224.8,0.0054826512455516
"2186",9095,"James Pierre","CB","2023-03-21","SFA",1300000,1,2020,91,2,"81-110","Roster Fringe",2023,224.8,0.00578291814946619
"2187",9346,"Rico Dowdle","RB","2023-03-21","SFA",1040000,1,2020,73,2,"41-80","Depth",2023,224.8,0.00462633451957295
"2188",7845,"Lonnie Johnson Jr.","CB","2023-03-22","UFA",1232500,1,2019,98,2,"81-110","Roster Fringe",2023,224.8,0.0054826512455516
"2189",7870,"David Long","CB","2023-03-22","UFA",1500000,1,2019,81,2,"81-110","Roster Fringe",2023,224.8,0.00667259786476868
"2190",9184,"Cam Gill","LB","2023-03-22","SFA",1065000,1,2020,96,2,"81-110","Roster Fringe",2023,224.8,0.00473754448398576
"2191",10613,"Cameron Dicker","K","2023-03-22","ERFA",870000,1,2022,30,2,"26-40","Backup/Role-Player",2023,224.8,0.00387010676156584
"2192",7818,"Johnathan Abram","S","2023-03-23","UFA",1162500,1,2019,85,2,"81-110","Roster Fringe",2023,224.8,0.00517126334519573
"2193",7847,"Mecole Hardman","WR","2023-03-23","UFA",4000000,1,2019,49,2,"41-80","Depth",2023,224.8,0.0177935943060498
"2194",7919,"Tony Pollard","RB","2023-03-23","Franchise",10091000,1,2019,7,2,"4-8","Star",2023,224.8,0.0448887900355872
"2195",7925,"Greg Gaines","DT","2023-03-23","UFA",3500000,1,2019,55,2,"41-80","Depth",2023,224.8,0.0155693950177936
"2196",7937,"Amani Oruwariye","CB","2023-03-23","UFA",1232500,1,2019,98,2,"81-110","Roster Fringe",2023,224.8,0.0054826512455516
"2197",7942,"Andrew Van Ginkel","EDGE","2023-03-23","UFA",2650000,1,2019,62,2,"41-80","Depth",2023,224.8,0.011788256227758
"2198",7960,"David Edwards","LG","2023-03-23","UFA",1770000,1,2019,22,2,"16-25","Starter",2023,224.8,0.00787366548042705
"2199",8019,"Tommy Sweeney","TE","2023-03-23","UFA",1080000,1,2019,60,2,"41-80","Depth",2023,224.8,0.00480427046263345
"2200",9696,"Phil Hoskins","DT","2023-03-24","SFA",940000,1,2021,138,2,"111+","Off Roster",2023,224.8,0.00418149466192171
"2201",9421,"Marquez Callaway","WR","2023-03-25","SFA",1135000,1,2020,117,2,"111+","Off Roster",2023,224.8,0.00504893238434164
"2202",8821,"Bryan Edwards","WR","2023-03-28","SFA",1010000,1,2020,136,2,"111+","Off Roster",2023,224.8,0.00449288256227758
"2203",7841,"Irv Smith Jr.","TE","2023-03-30","UFA",1750000,1,2019,39,2,"26-40","Backup/Role-Player",2023,224.8,0.0077846975088968
"2204",7922,"Wes Martin","LG","2023-03-30","UFA",1080000,1,2019,40,2,"26-40","Backup/Role-Player",2023,224.8,0.00480427046263345
"2205",7992,"Rashad Fenton","CB","2023-03-30","UFA",1232500,1,2019,98,2,"81-110","Roster Fringe",2023,224.8,0.0054826512455516
"2206",7999,"Scott Miller","WR","2023-03-30","UFA",1232500,1,2019,109,2,"81-110","Roster Fringe",2023,224.8,0.0054826512455516
"2207",7852,"Taylor Rapp","S","2023-03-31","UFA",1770000,1,2019,64,2,"41-80","Depth",2023,224.8,0.00787366548042705
"2208",7912,"Trevon Wesco","TE","2023-03-31","UFA",1232500,1,2019,51,2,"41-80","Depth",2023,224.8,0.0054826512455516
"2209",8039,"Joshua Miles","RT","2023-03-31","UFA",1162500,1,2019,39,2,"26-40","Backup/Role-Player",2023,224.8,0.00517126334519573
"2210",6434,"Elijah Wilkinson","LG","2023-04-04","UFA",1232500,1,2017,36,2,"26-40","Backup/Role-Player",2023,224.8,0.0054826512455516
"2211",7932,"Zach Gentry","TE","2023-04-04","UFA",1400000,1,2019,45,2,"41-80","Depth",2023,224.8,0.00622775800711744
"2212",8008,"Kris Boyd","CB","2023-04-10","UFA",1232500,1,2019,98,2,"81-110","Roster Fringe",2023,224.8,0.0054826512455516
"2213",8569,"Ryan Anderson","P","2023-04-10","SFA",750000,1,2019,33,2,"26-40","Backup/Role-Player",2023,224.8,0.00333629893238434
"2214",8937,"John Penisini","DT","2023-04-10","SFA",940000,1,2020,147,2,"111+","Off Roster",2023,224.8,0.00418149466192171
"2215",8743,"Jeff Okudah","CB","2023-04-11","Other",5182072,1,2020,36,2,"26-40","Backup/Role-Player",2023,224.8,0.0230519217081851
"2216",7810,"Jeffery Simmons","DT","2023-04-12","Extension",23500000,4,2019,2,2,"1-3","Superstar",2023,224.8,0.104537366548043
"2217",7981,"Armon Watts","DT","2023-04-12","UFA",1232500,1,2019,100,2,"81-110","Roster Fringe",2023,224.8,0.0054826512455516
"2218",7843,"Drew Sample","TE","2023-04-14","UFA",1232500,1,2019,52,2,"41-80","Depth",2023,224.8,0.0054826512455516
"2219",10498,"Kevin Jarvis","RG","2023-04-14","SFA",750000,1,2022,55,2,"41-80","Depth",2023,224.8,0.00333629893238434
"2220",9194,"Myles Adams","DT","2023-04-17","ERFA",870000,1,2020,167,2,"111+","Off Roster",2023,224.8,0.00387010676156584
"2221",7836,"Joejuan Williams","CB","2023-04-20","UFA",1100000,1,2019,122,2,"111+","Off Roster",2023,224.8,0.0048932384341637
"2222",9313,"Bryce Huff","EDGE","2023-04-20","RFA",4304000,1,2020,43,2,"41-80","Depth",2023,224.8,0.0191459074733096
"2223",9345,"Terence Steele","LT","2023-04-20","RFA",4304000,1,2020,27,2,"26-40","Backup/Role-Player",2023,224.8,0.0191459074733096
"2224",8928,"Tyler Bass","K","2023-04-21","Extension",5100000,4,2020,4,2,"4-8","Star",2023,224.8,0.0226868327402135
"2225",7884,"Miles Boykin","WR","2023-04-24","UFA",1080000,1,2019,138,2,"111+","Off Roster",2023,224.8,0.00480427046263345
"2226",8398,"Tyree Jackson","TE","2023-04-24","ERFA",940000,1,2019,96,2,"81-110","Roster Fringe",2023,224.8,0.00418149466192171
"2227",8793,"Jalen Hurts","QB","2023-04-24","Extension",51000000,5,2020,1,2,"1-3","Superstar",2023,224.8,0.226868327402135
"2228",10382,"Josh Blackwell","CB","2023-04-24","ERFA",870000,1,2022,188,2,"111+","Off Roster",2023,224.8,0.00387010676156584
"2229",9069,"Tommy Townsend","P","2023-04-25","RFA",2627000,1,2020,11,2,"9-15","Above-Average Starter",2023,224.8,0.0116859430604982
"2230",9198,"Sam Franklin","S","2023-04-25","RFA",2510000,1,2020,49,2,"41-80","Depth",2023,224.8,0.0111654804270463
"2231",8813,"Davon Hamilton","DT","2023-04-26","Extension",11500000,3,2020,19,2,"16-25","Starter",2023,224.8,0.0511565836298932
"2232",8766,"Jordan Love","QB","2023-05-03","Extension",13500000,1,2020,18,2,"16-25","Starter",2023,224.8,0.0600533807829181
"2233",8845,"Adam Trautman","TE","2023-05-03","Other",1500000,1,2020,45,2,"41-80","Depth",2023,224.8,0.00667259786476868
"2234",6917,"Lamar Jackson","QB","2023-05-04","Franchise",52000000,5,2018,1,2,"1-3","Superstar",2023,224.8,0.231316725978648
"2235",7825,"Rock Ya-Sin","CB","2023-05-04","SFA",4000000,1,2019,42,2,"41-80","Depth",2023,224.8,0.0177935943060498
"2236",7828,"Greg Little","LT","2023-05-04","SFA",1180000,1,2019,46,2,"41-80","Depth",2023,224.8,0.0052491103202847
"2237",7886,"Oshane Ximines","EDGE","2023-05-05","SFA",1180000,1,2019,106,2,"81-110","Roster Fringe",2023,224.8,0.0052491103202847
"2238",11045,"Jaylon Jones","CB","2023-05-05","Drafted",988370,4,2023,156,2,"111+","Off Roster",2023,224.8,0.00439666370106762
"2239",11222,"Liam Anderson","LB","2023-05-05","UDFA",901667,3,2023,153,2,"111+","Off Roster",2023,224.8,0.00401097419928826
"2240",11256,"Caleb Johnson","LB","2023-05-05","UDFA",900833,3,2023,157,2,"111+","Off Roster",2023,224.8,0.00400726423487544
"2241",7808,"Dexter Lawrence","DT","2023-05-07","Extension",22500000,4,2019,3,2,"1-3","Superstar",2023,224.8,0.10008896797153
"2242",6350,"Dan Arnold","WR","2023-05-08","SFA",1185000,1,2017,132,2,"111+","Off Roster",2023,224.8,0.00527135231316726
"2243",8787,"Marlon Davidson","DT","2023-05-08","SFA",940000,1,2020,158,2,"111+","Off Roster",2023,224.8,0.00418149466192171
"2244",7928,"Foster Moreau","TE","2023-05-10","UFA",4078000,3,2019,30,2,"26-40","Backup/Role-Player",2023,224.8,0.0181405693950178
"2245",10625,"Bryant Koback","RB","2023-05-10","SFA",750000,1,2022,137,2,"111+","Off Roster",2023,224.8,0.00333629893238434
"2246",6908,"Isaiah Wynn","RT","2023-05-15","SFA",2300000,1,2018,32,2,"26-40","Backup/Role-Player",2023,224.8,0.0102313167259786
"2247",9605,"Jacob Harris","WR","2023-05-15","UFA",940000,1,2021,197,2,"111+","Off Roster",2023,224.8,0.00418149466192171
"2248",10314,"Slade Bolden","WR","2023-05-15","SFA",750000,1,2022,346,2,"111+","Off Roster",2023,224.8,0.00333629893238434
"2249",10353,"James Empey","C","2023-05-15","SFA",832500,2,2022,87,2,"81-110","Roster Fringe",2023,224.8,0.00370329181494662
"2250",8366,"Lukas Denis","S","2023-05-16","SFA",750000,1,2019,224,2,"111+","Off Roster",2023,224.8,0.00333629893238434
"2251",8976,"Vernon Scott","S","2023-05-16","SFA",940000,1,2020,143,2,"111+","Off Roster",2023,224.8,0.00418149466192171
"2252",9462,"Sammis Reyes","TE","2023-05-16","SFA",870000,1,2021,141,2,"111+","Off Roster",2023,224.8,0.00387010676156584
"2253",10482,"Charleston Rambo","WR","2023-05-16","SFA",750000,1,2022,351,2,"111+","Off Roster",2023,224.8,0.00333629893238434
"2254",10504,"Sam Schlueter","LT","2023-05-16","SFA",750000,1,2022,97,2,"81-110","Roster Fringe",2023,224.8,0.00333629893238434
"2255",10675,"John Parker Romo","K","2023-05-16","SFA",832500,2,2022,45,2,"41-80","Depth",2023,224.8,0.00370329181494662
"2256",10632,"Daniel Whelan","P","2023-05-17","SFA",750000,1,2022,41,2,"41-80","Depth",2023,224.8,0.00333629893238434
"2257",7950,"Byron Cowart","DT","2023-05-18","SFA",1080000,1,2019,131,2,"111+","Off Roster",2023,224.8,0.00480427046263345
"2258",7848,"J.J. Arcega-Whiteside","WR","2023-05-22","SFA",1010000,1,2019,171,2,"111+","Off Roster",2023,224.8,0.00449288256227758
"2259",10461,"Ferrod Gardner","LB","2023-05-23","SFA",750000,1,2022,253,2,"111+","Off Roster",2023,224.8,0.00333629893238434
"2260",7892,"Yodny Cajuste","LT","2023-05-30","SFA",1000000,1,2019,59,2,"41-80","Depth",2023,224.8,0.00444839857651246
"2261",7800,"Ed Oliver","DT","2023-06-05","Extension",17000000,4,2019,13,2,"9-15","Above-Average Starter",2023,224.8,0.0756227758007117
"2262",8855,"Harrison Bryant","TE","2023-06-05","Other",1750000,1,2020,41,2,"41-80","Depth",2023,224.8,0.0077846975088968
"2263",9451,"Hunter Thedford","RT","2023-06-05","SFA",750000,1,2021,103,2,"81-110","Roster Fringe",2023,224.8,0.00333629893238434
"2264",8016,"Darryl Johnson Jr.","EDGE","2023-06-06","SFA",1080000,1,2019,128,2,"111+","Off Roster",2023,224.8,0.00480427046263345
"2265",8828,"Jordan Elliott","DT","2023-06-06","Other",1700000,1,2020,88,2,"81-110","Roster Fringe",2023,224.8,0.00756227758007117
"2266",9136,"Bobby Price","CB","2023-06-06","SFA",1010000,1,2020,156,2,"111+","Off Roster",2023,224.8,0.00449288256227758
"2267",8972,"Carlos Davis","DT","2023-06-07","SFA",940000,1,2020,181,2,"111+","Off Roster",2023,224.8,0.00418149466192171
"2268",8560,"Jody Fortson","TE","2023-06-15","ERFA",940000,1,2019,112,2,"111+","Off Roster",2023,224.8,0.00418149466192171
"2269",10359,"Kekoa Crawford","WR","2023-06-15","SFA",750000,1,2022,375,2,"111+","Off Roster",2023,224.8,0.00333629893238434
"2270",7794,"Quinnen Williams","DT","2023-07-17","Extension",24000000,4,2019,2,2,"1-3","Superstar",2023,224.8,0.106761565836299
"2271",10466,"Darren Evans","CB","2023-07-19","SFA",750000,1,2022,327,2,"111+","Off Roster",2023,224.8,0.00333629893238434
"2272",8842,"Alex Highsmith","EDGE","2023-07-20","Extension",17000000,4,2020,10,2,"9-15","Above-Average Starter",2023,224.8,0.0756227758007117
"2273",9041,"James Robinson","RB","2023-07-21","SFA",1010000,1,2020,91,2,"81-110","Roster Fringe",2023,224.8,0.00449288256227758
"2274",10795,"Diego Fagot","LB","2023-07-24","SFA",750000,1,2022,257,2,"111+","Off Roster",2023,224.8,0.00333629893238434
"2275",6887,"Saquon Barkley","RB","2023-07-25","Franchise",10091000,1,2018,6,2,"4-8","Star",2023,224.8,0.0448887900355872
"2276",7858,"Jalen Hurd","WR","2023-07-25","SFA",870000,1,2019,331,2,"111+","Off Roster",2023,224.8,0.00387010676156584
"2277",9604,"Buddy Johnson","LB","2023-07-25","SFA",870000,1,2021,227,2,"111+","Off Roster",2023,224.8,0.00387010676156584
"2278",10724,"Kaden Davis","WR","2023-07-25","SFA",750000,1,2022,385,2,"111+","Off Roster",2023,224.8,0.00333629893238434
"2279",10775,"Jack Snyder","C","2023-07-25","SFA",750000,1,2022,96,2,"81-110","Roster Fringe",2023,224.8,0.00333629893238434
"2280",10793,"Jack Coco","LS","2023-07-25","SFA",870000,1,2022,33,2,"26-40","Backup/Role-Player",2023,224.8,0.00387010676156584
"2281",8744,"Andrew Thomas","LT","2023-07-26","Extension",23500000,5,2020,2,2,"1-3","Superstar",2023,224.8,0.104537366548043
"2282",8746,"Justin Herbert","QB","2023-07-26","Extension",52500000,5,2020,1,2,"1-3","Superstar",2023,224.8,0.233540925266904
"2283",8783,"Cole Kmet","TE","2023-07-26","Extension",12500000,4,2020,9,2,"9-15","Above-Average Starter",2023,224.8,0.0556049822064057
"2284",8791,"Trevon Diggs","CB","2023-07-26","Extension",19400000,5,2020,5,2,"4-8","Star",2023,224.8,0.0862989323843416
"2285",7933,"Ben Burr-Kirven","LB","2023-07-27","SFA",1010000,1,2019,134,2,"111+","Off Roster",2023,224.8,0.00449288256227758
"2286",9281,"Kyahva Tezino","LB","2023-07-27","SFA",750000,1,2020,259,2,"111+","Off Roster",2023,224.8,0.00333629893238434
"2287",7814,"Tytus Howard","RT","2023-07-28","Extension",18666667,3,2019,4,2,"4-8","Star",2023,224.8,0.083036774911032
"2288",10407,"Kevin Atkins","DT","2023-07-28","SFA",750000,1,2022,272,2,"111+","Off Roster",2023,224.8,0.00333629893238434
"2289",7831,"Trayvon Mullen","CB","2023-07-29","SFA",1080000,1,2019,147,2,"111+","Off Roster",2023,224.8,0.00480427046263345
"2290",10645,"Isaac Taylor-Stuart","CB","2023-07-29","SFA",750000,1,2022,341,2,"111+","Off Roster",2023,224.8,0.00333629893238434
"2291",8304,"Kyle Phillips","DT","2023-07-31","SFA",1010000,1,2019,158,2,"111+","Off Roster",2023,224.8,0.00449288256227758
"2292",9061,"Yasir Durant","LT","2023-07-31","SFA",940000,1,2020,73,2,"41-80","Depth",2023,224.8,0.00418149466192171
"2293",5722,"Sean Harlow","C","2023-08-01","SFA",1080000,1,2017,51,2,"41-80","Depth",2023,224.8,0.00480427046263345
"2294",9952,"Lorenzo Burns","CB","2023-08-01","SFA",750000,1,2021,342,2,"111+","Off Roster",2023,224.8,0.00333629893238434
"2295",10586,"Greg Bell","RB","2023-08-01","SFA",750000,1,2022,180,2,"111+","Off Roster",2023,224.8,0.00333629893238434
"2296",10731,"John Lovett","RB","2023-08-01","SFA",750000,1,2022,180,2,"111+","Off Roster",2023,224.8,0.00333629893238434
"2297",10786,"Liam Ryan","LT","2023-08-01","SFA",750000,1,2022,107,2,"81-110","Roster Fringe",2023,224.8,0.00333629893238434
"2298",9748,"Isaiah Dunn","CB","2023-08-02","SFA",940000,1,2021,216,2,"111+","Off Roster",2023,224.8,0.00418149466192171
"2299",10635,"Cole Schneider","C","2023-08-02","SFA",750000,1,2022,98,2,"81-110","Roster Fringe",2023,224.8,0.00333629893238434
"2300",9549,"Amari Rodgers","WR","2023-08-03","SFA",940000,1,2021,222,2,"111+","Off Roster",2023,224.8,0.00418149466192171
"2301",10448,"Mike Rose","LB","2023-08-03","SFA",832500,2,2022,248,2,"111+","Off Roster",2023,224.8,0.00370329181494662
"2302",11143,"Austin Ajiake","LB","2023-08-03","UDFA",898333,3,2023,222,2,"111+","Off Roster",2023,224.8,0.00399614323843416
"2303",8805,"Logan Wilson","LB","2023-08-04","Extension",9000000,4,2020,11,2,"9-15","Above-Average Starter",2023,224.8,0.0400355871886121
"2304",10799,"Caeveon Patton","DT","2023-08-04","SFA",750000,1,2022,277,2,"111+","Off Roster",2023,224.8,0.00333629893238434
"2305",9635,"Daelin Hayes","EDGE","2023-08-05","SFA",870000,1,2021,233,2,"111+","Off Roster",2023,224.8,0.00387010676156584
"2306",10340,"Abram Smith","RB","2023-08-05","SFA",750000,1,2022,182,2,"111+","Off Roster",2023,224.8,0.00333629893238434
"2307",7823,"N'Keal Harry","WR","2023-08-06","SFA",1080000,1,2019,162,2,"111+","Off Roster",2023,224.8,0.00480427046263345
"2308",10468,"Jontre Kirklin","WR","2023-08-06","SFA",750000,1,2022,393,2,"111+","Off Roster",2023,224.8,0.00333629893238434
"2309",10660,"Charles Wiley","EDGE","2023-08-07","SFA",750000,1,2022,265,2,"111+","Off Roster",2023,224.8,0.00333629893238434
"2310",8910,"Broderick Washington","DT","2023-08-08","Extension",5250000,3,2020,45,2,"41-80","Depth",2023,224.8,0.0233540925266904
"2311",7913,"Benjamin Snell Jr.","RB","2023-08-10","SFA",1080000,1,2019,80,2,"41-80","Depth",2023,224.8,0.00480427046263345
"2312",6931,"Breeland Speaks","DT","2023-08-11","SFA",870000,1,2018,248,2,"111+","Off Roster",2023,224.8,0.00387010676156584
"2313",9871,"CJ Marable","RB","2023-08-12","SFA",750000,1,2021,189,2,"111+","Off Roster",2023,224.8,0.00333629893238434
"2314",7531,"Frank Ginda","LB","2023-08-13","SFA",750000,1,2018,273,2,"111+","Off Roster",2023,224.8,0.00333629893238434
"2315",7967,"Kaden Smith","TE","2023-08-13","SFA",1010000,1,2019,105,2,"81-110","Roster Fringe",2023,224.8,0.00449288256227758
"2316",8194,"Nate Meadors","S","2023-08-13","SFA",870000,1,2019,208,2,"111+","Off Roster",2023,224.8,0.00387010676156584
"2317",7888,"Bobby Evans","RG","2023-08-14","SFA",1080000,1,2019,41,2,"41-80","Depth",2023,224.8,0.00480427046263345
"2318",10471,"Alex Mollette","C","2023-08-14","SFA",750000,1,2022,98,2,"81-110","Roster Fringe",2023,224.8,0.00333629893238434
"2319",7518,"Demone Harris","DT","2023-08-15","SFA",1080000,1,2018,141,2,"111+","Off Roster",2023,224.8,0.00480427046263345
"2320",9158,"Nevelle Clarke","CB","2023-08-15","SFA",750000,1,2020,353,2,"111+","Off Roster",2023,224.8,0.00333629893238434
"2321",10376,"Carson Wells","EDGE","2023-08-15","SFA",750000,1,2022,266,2,"111+","Off Roster",2023,224.8,0.00333629893238434
"2322",10681,"Matthew Gotel","RG","2023-08-17","SFA",750000,1,2022,79,2,"41-80","Depth",2023,224.8,0.00333629893238434
"2323",10578,"DaMarcus Mitchell","EDGE","2023-08-20","SFA",750000,1,2022,268,2,"111+","Off Roster",2023,224.8,0.00333629893238434
"2324",10814,"Tucker Addington","LS","2023-08-20","SFA",870000,1,2022,34,2,"26-40","Backup/Role-Player",2023,224.8,0.00387010676156584
"2325",7977,"Ty Johnson","RB","2023-08-21","SFA",1080000,1,2019,84,2,"81-110","Roster Fringe",2023,224.8,0.00480427046263345
"2326",8829,"Cameron Dantzler","CB","2023-08-22","SFA",1010000,1,2020,177,2,"111+","Off Roster",2023,224.8,0.00449288256227758
"2327",10463,"Elijah Hamilton","CB","2023-08-22","SFA",750000,1,2022,357,2,"111+","Off Roster",2023,224.8,0.00333629893238434
"2328",7815,"Josh Jacobs","RB","2023-08-27","Franchise",11791000,1,2019,5,2,"4-8","Star",2023,224.8,0.0524510676156584
"2329",8850,"Darnay Holmes","CB","2023-08-27","Other",1010000,1,2020,177,2,"111+","Off Roster",2023,224.8,0.00449288256227758
"2330",8951,"Isaiah Rodgers","CB","2023-08-28","SFA",1010000,1,2020,176,2,"111+","Off Roster",2023,224.8,0.00449288256227758
"2331",7993,"Isaiah Prince","RT","2023-08-30","SFA",1010000,1,2019,62,2,"41-80","Depth",2023,224.8,0.00449288256227758
"2332",7799,"T.J. Hockenson","TE","2023-08-31","Extension",16500000,4,2019,2,2,"1-3","Superstar",2023,224.8,0.0733985765124555
"2333",8025,"Myles Gaskin","RB","2023-08-31","SFA",1080000,1,2019,82,2,"81-110","Roster Fringe",2023,224.8,0.00480427046263345
"2334",8148,"Alec Ingold","FB","2023-08-31","Extension",4066667,3,2019,2,2,"1-3","Superstar",2023,224.8,0.0180901556939502
"2335",8895,"Trevis Gipson","EDGE","2023-08-31","SFA",1250000,1,2020,122,2,"111+","Off Roster",2023,224.8,0.00556049822064057
"2336",8898,"Bryce Hall","CB","2023-08-31","Other",1010000,1,2020,173,2,"111+","Off Roster",2023,224.8,0.00449288256227758
"2337",8822,"Neville Gallimore","DT","2023-09-01","Other",1500000,1,2020,97,2,"81-110","Roster Fringe",2023,224.8,0.00667259786476868
"2338",10505,"Ben Brown","C","2023-09-04","SFA",750000,1,2022,86,2,"81-110","Roster Fringe",2023,224.8,0.00333629893238434
"2339",8874,"Jaylinn Hawkins","S","2023-09-06","Other",1010000,1,2020,123,2,"111+","Off Roster",2023,224.8,0.00449288256227758
"2340",8925,"Blake Ferguson","LS","2023-09-07","Extension",1353333,3,2020,8,2,"4-8","Star",2023,224.8,0.00602016459074733
"2341",7793,"Nick Bosa","EDGE","2023-09-08","Extension",34000000,5,2019,1,2,"1-3","Superstar",2023,224.8,0.151245551601423
"2342",7980,"Drew Forbes","LG","2023-09-08","Extension",1325000,1,2019,35,2,"26-40","Backup/Role-Player",2023,224.8,0.005894128113879
"2343",8741,"Joe Burrow","QB","2023-09-09","Extension",55000000,5,2020,1,2,"1-3","Superstar",2023,224.8,0.244661921708185
"2344",8764,"Cesar Ruiz","RG","2023-09-09","Extension",11000000,4,2020,6,2,"4-8","Star",2023,224.8,0.048932384341637
"2345",10182,"Bailey Zappe","QB","2023-09-09","SFA",985000,3,2022,89,2,"81-110","Roster Fringe",2023,224.8,0.00438167259786477
"2346",8820,"Lynn Bowden","WR","2023-09-13","SFA",870000,1,2020,287,2,"111+","Off Roster",2023,224.8,0.00387010676156584
"2347",11290,"Ty Zentner","P","2023-09-13","SFA",750000,1,2023,43,2,"41-80","Depth",2023,224.8,0.00333629893238434
"2348",10514,"Sam Webb","CB","2023-09-14","SFA",927500,2,2022,227,2,"111+","Off Roster",2023,224.8,0.0041258896797153
"2349",11380,"McClendon Curtis","LG","2023-09-14","SFA",750000,1,2023,81,2,"81-110","Roster Fringe",2023,224.8,0.00333629893238434
"2350",11390,"Raiqwon O'Neal","LT","2023-09-14","SFA",750000,1,2023,87,2,"81-110","Roster Fringe",2023,224.8,0.00333629893238434
"2351",10282,"Chase Lucas","CB","2023-09-16","SFA",870000,1,2022,271,2,"111+","Off Roster",2023,224.8,0.00387010676156584
"2352",9560,"Ronnie Perkins","EDGE","2023-09-18","SFA",870000,1,2021,210,2,"111+","Off Roster",2023,224.8,0.00387010676156584
"2353",7832,"Dalton Risner","LG","2023-09-19","SFA",2781250,1,2019,20,2,"16-25","Starter",2023,224.8,0.0123721085409253
"2354",11288,"Brady Russell","TE","2023-09-20","SFA",750000,1,2023,170,2,"111+","Off Roster",2023,224.8,0.00333629893238434
"2355",10264,"Chance Campbell","LB","2023-09-22","SFA",832500,2,2022,226,2,"111+","Off Roster",2023,224.8,0.00370329181494662
"2356",9552,"Trey Sermon","RB","2023-09-23","SFA",940000,1,2021,115,2,"111+","Off Roster",2023,224.8,0.00418149466192171
"2357",9643,"Simi Fehoko","WR","2023-09-26","SFA",940000,1,2021,204,2,"111+","Off Roster",2023,224.8,0.00418149466192171
"2358",9659,"Roy Lopez","DT","2023-09-26","SFA",997500,2,2021,157,2,"111+","Off Roster",2023,224.8,0.00443727758007117
"2359",10207,"Montrell Washington","WR","2023-09-27","SFA",927500,2,2022,217,2,"111+","Off Roster",2023,224.8,0.0041258896797153
"2360",10250,"Austin Deculus","RT","2023-09-30","SFA",870000,1,2022,89,2,"81-110","Roster Fringe",2023,224.8,0.00387010676156584
"2361",11099,"A.J. Finley","S","2023-09-30","SFA",898333,3,2023,179,2,"111+","Off Roster",2023,224.8,0.00399614323843416
"2362",9383,"Blake Gillikin","P","2023-10-02","SFA",940000,1,2020,30,2,"26-40","Backup/Role-Player",2023,224.8,0.00418149466192171
"2363",10670,"Joey Blount","S","2023-10-03","SFA",927500,2,2022,152,2,"111+","Off Roster",2023,224.8,0.0041258896797153
"2364",8781,"Jonathan Taylor","RB","2023-10-07","Extension",14000000,3,2020,3,2,"1-3","Superstar",2023,224.8,0.0622775800711744
"2365",7947,"Justin Hollins","EDGE","2023-10-10","SFA",1080000,1,2019,140,2,"111+","Off Roster",2023,224.8,0.00480427046263345
"2366",8931,"Braden Mann","P","2023-10-12","SFA",1010000,1,2020,26,2,"26-40","Backup/Role-Player",2023,224.8,0.00449288256227758
"2367",9532,"Jalen Mayfield","LG","2023-10-14","SFA",870000,1,2021,78,2,"41-80","Depth",2023,224.8,0.00387010676156584
"2368",11371,"Malik Cunningham","QB","2023-10-14","SFA",898333,3,2023,100,2,"81-110","Roster Fringe",2023,224.8,0.00399614323843416
"2369",11422,"Jordan Mims","RB","2023-10-14","SFA",750000,1,2023,166,2,"111+","Off Roster",2023,224.8,0.00333629893238434
"2370",11410,"Tyrus Wheat","EDGE","2023-10-16","SFA",832500,2,2023,215,2,"111+","Off Roster",2023,224.8,0.00370329181494662
"2371",11294,"Alex Cook","S","2023-10-17","SFA",832500,2,2023,200,2,"111+","Off Roster",2023,224.8,0.00370329181494662
"2372",8846,"Tyre Phillips","LG","2023-10-18","SFA",1010000,1,2020,58,2,"41-80","Depth",2023,224.8,0.00449288256227758
"2373",8877,"Josiah Scott","CB","2023-10-18","SFA",1010000,1,2020,164,2,"111+","Off Roster",2023,224.8,0.00449288256227758
"2374",10822,"Nathan Rourke","QB","2023-10-18","SFA",750000,1,2023,106,2,"81-110","Roster Fringe",2023,224.8,0.00333629893238434
"2375",10962,"Darius Rush","CB","2023-10-18","SFA",832500,2,2023,284,2,"111+","Off Roster",2023,224.8,0.00370329181494662
"2376",11404,"Cory Durden","DT","2023-10-19","SFA",832500,2,2023,228,2,"111+","Off Roster",2023,224.8,0.00370329181494662
"2377",10813,"Lucas Havrisik","K","2023-10-24","SFA",932500,2,2022,35,2,"26-40","Backup/Role-Player",2023,224.8,0.00414813167259786
"2378",11201,"Blake Whiteheart","TE","2023-10-24","SFA",832500,2,2023,161,2,"111+","Off Roster",2023,224.8,0.00370329181494662
"2379",9594,"Robert Rochell","CB","2023-10-25","SFA",940000,1,2021,207,2,"111+","Off Roster",2023,224.8,0.00418149466192171
"2380",10747,"Luiji Vilain","EDGE","2023-10-25","SFA",927500,2,2022,175,2,"111+","Off Roster",2023,224.8,0.0041258896797153
"2381",8761,"Jalen Reagor","WR","2023-10-26","SFA",1010000,1,2020,167,2,"111+","Off Roster",2023,224.8,0.00449288256227758
"2382",7803,"Rashan Gary","EDGE","2023-10-28","Extension",24000000,4,2019,5,2,"4-8","Star",2023,224.8,0.106761565836299
"2383",11528,"Eric Garror","CB","2023-10-28","SFA",832500,1,2023,280,2,"111+","Off Roster",2023,224.8,0.00370329181494662
"2384",11293,"Tommy DeVito","QB","2023-10-31","SFA",832500,2,2023,105,2,"81-110","Roster Fringe",2023,224.8,0.00370329181494662
"2385",7861,"Darrell Henderson","RB","2023-11-01","SFA",1080000,1,2019,79,2,"41-80","Depth",2023,224.8,0.00480427046263345
"2386",11042,"Travis Bell","DT","2023-11-01","SFA",832500,2,2023,225,2,"111+","Off Roster",2023,224.8,0.00370329181494662
"2387",11076,"Alex Austin","CB","2023-11-02","SFA",750000,1,2023,288,2,"111+","Off Roster",2023,224.8,0.00333629893238434
"2388",11481,"Trevor Nowaske","LB","2023-11-02","SFA",832500,2,2023,223,2,"111+","Off Roster",2023,224.8,0.00370329181494662
"2389",9579,"Jabril Cox","LB","2023-11-03","SFA",940000,1,2021,153,2,"111+","Off Roster",2023,224.8,0.00418149466192171
"2390",10169,"Cade York","K","2023-11-03","SFA",870000,1,2022,49,2,"41-80","Depth",2023,224.8,0.00387010676156584
"2391",10266,"Tariq Castro-Fields","CB","2023-11-03","SFA",927500,2,2022,221,2,"111+","Off Roster",2023,224.8,0.0041258896797153
"2392",7817,"Montez Sweat","EDGE","2023-11-04","Extension",24500000,4,2019,5,2,"4-8","Star",2023,224.8,0.108985765124555
"2393",8941,"James Proche","WR","2023-11-07","SFA",1010000,1,2020,170,2,"111+","Off Roster",2023,224.8,0.00449288256227758
"2394",9642,"Shemar Jean-Charles","CB","2023-11-11","SFA",940000,1,2021,205,2,"111+","Off Roster",2023,224.8,0.00418149466192171
"2395",11094,"Eku Leota","EDGE","2023-11-13","SFA",832500,2,2023,213,2,"111+","Off Roster",2023,224.8,0.00370329181494662
"2396",8859,"Mykal Walker","LB","2023-11-18","SFA",1010000,1,2020,136,2,"111+","Off Roster",2023,224.8,0.00449288256227758
"2397",9634,"Garret Wallow","LB","2023-11-18","SFA",940000,1,2021,157,2,"111+","Off Roster",2023,224.8,0.00418149466192171
"2398",11363,"TK McLendon","DT","2023-11-18","SFA",832500,2,2023,218,2,"111+","Off Roster",2023,224.8,0.00370329181494662
"2399",11247,"Jalen Harris","EDGE","2023-11-20","SFA",832500,2,2023,213,2,"111+","Off Roster",2023,224.8,0.00370329181494662
"2400",8856,"Ben Bartch","LG","2023-11-21","SFA",940000,1,2020,69,2,"41-80","Depth",2023,224.8,0.00418149466192171
"2401",11136,"Andrew Farmer","EDGE","2023-11-22","SFA",898333,3,2023,195,2,"111+","Off Roster",2023,224.8,0.00399614323843416
"2402",11439,"Keenan Isaac","CB","2023-11-23","SFA",832500,2,2023,278,2,"111+","Off Roster",2023,224.8,0.00370329181494662
"2403",11536,"Ekow Boye-Doe","CB","2023-11-28","SFA",832500,2,2023,278,2,"111+","Off Roster",2023,224.8,0.00370329181494662
"2404",11289,"Ben VanSumeren","LB","2023-11-30","SFA",832500,2,2023,228,2,"111+","Off Roster",2023,224.8,0.00370329181494662
"2405",9693,"Mike Strachan","WR","2023-12-01","SFA",997500,2,2021,189,2,"111+","Off Roster",2023,224.8,0.00443727758007117
"2406",8903,"Kindle Vildor","CB","2023-12-05","SFA",1010000,1,2020,160,2,"111+","Off Roster",2023,224.8,0.00449288256227758
"2407",11332,"P.J. Mustipher","DT","2023-12-06","SFA",750000,1,2023,234,2,"111+","Off Roster",2023,224.8,0.00333629893238434
"2408",11367,"Otis Reese","LB","2023-12-06","SFA",832500,2,2023,230,2,"111+","Off Roster",2023,224.8,0.00370329181494662
"2409",8758,"Austin Jackson","RT","2023-12-07","Extension",12000000,3,2020,10,2,"9-15","Above-Average Starter",2023,224.8,0.0533807829181495
"2410",8784,"Grant Delpit","S","2023-12-11","Extension",12000000,3,2020,12,2,"9-15","Above-Average Starter",2023,224.8,0.0533807829181495
"2411",11063,"Max Duggan","QB","2023-12-12","SFA",750000,1,2023,104,2,"81-110","Roster Fringe",2023,224.8,0.00333629893238434
"2412",9656,"Quinton Bohanna","DT","2023-12-13","SFA",997500,2,2021,155,2,"111+","Off Roster",2023,224.8,0.00443727758007117
"2413",11018,"Keondre Coburn","DT","2023-12-13","SFA",832500,2,2023,222,2,"111+","Off Roster",2023,224.8,0.00370329181494662
"2414",11511,"Joshua Pryor","EDGE","2023-12-14","SFA",832500,2,2023,218,2,"111+","Off Roster",2023,224.8,0.00370329181494662
"2415",10203,"Tyreke Smith","EDGE","2023-12-15","SFA",832500,2,2022,217,2,"111+","Off Roster",2023,224.8,0.00370329181494662
"2416",10343,"Xavier Newman-Johnson","RG","2023-12-16","SFA",927500,2,2022,50,2,"41-80","Depth",2023,224.8,0.0041258896797153
"2417",9596,"Tommy Togiai","DT","2023-12-20","SFA",997500,2,2021,158,2,"111+","Off Roster",2023,224.8,0.00443727758007117
"2418",11268,"Travis Vokolek","TE","2023-12-20","SFA",832500,2,2023,158,2,"111+","Off Roster",2023,224.8,0.00370329181494662
"2419",10451,"Timmy Horne","DT","2023-12-21","SFA",927500,2,2022,189,2,"111+","Off Roster",2023,224.8,0.0041258896797153
"2420",10226,"Kyron Johnson","EDGE","2023-12-22","SFA",927500,2,2022,174,2,"111+","Off Roster",2023,224.8,0.0041258896797153
"2421",10520,"JoJo Domann","LB","2023-12-23","SFA",927500,2,2022,172,2,"111+","Off Roster",2023,224.8,0.0041258896797153
"2422",11366,"John Ojukwu","RT","2023-12-23","SFA",832500,2,2023,96,2,"81-110","Roster Fringe",2023,224.8,0.00370329181494662
"2423",7091,"Matt Pryor","LT","2023-12-27","SFA",1080000,1,2018,50,2,"41-80","Depth",2023,224.8,0.00480427046263345
"2424",11044,"Zack Kuntz","TE","2023-12-27","SFA",772500,2,2023,169,2,"111+","Off Roster",2023,224.8,0.00343638790035587
"2425",11217,"Ilm Manning","LT","2023-12-28","SFA",832500,2,2023,81,2,"81-110","Roster Fringe",2023,224.8,0.00370329181494662
"2426",9652,"Joshuah Bledsoe","S","2023-12-30","SFA",892500,2,2021,186,2,"111+","Off Roster",2023,224.8,0.00397019572953737
"2427",9974,"Jake Curhan","RT","2023-12-30","SFA",940000,1,2021,72,2,"41-80","Depth",2023,224.8,0.00418149466192171
"2428",10227,"Darrian Beavers","LB","2023-12-30","SFA",772500,2,2022,245,2,"111+","Off Roster",2023,224.8,0.00343638790035587
"2429",11187,"Benny Sapp III","S","2023-12-30","SFA",832500,2,2023,201,2,"111+","Off Roster",2023,224.8,0.00370329181494662
"2430",11493,"Patrick O'Connell","LB","2023-12-30","SFA",832500,2,2023,231,2,"111+","Off Roster",2023,224.8,0.00370329181494662
"2431",11494,"Ty Okada","CB","2023-12-30","SFA",832500,2,2023,278,2,"111+","Off Roster",2023,224.8,0.00370329181494662
"2432",11330,"J.D. DiRenzo","LT","2024-01-02","SFA",832500,2,2023,81,2,"81-110","Roster Fringe",2023,224.8,0.00370329181494662
"2433",8905,"Collin Johnson","WR","2024-01-03","SFA",940000,1,2020,205,2,"111+","Off Roster",2023,224.8,0.00418149466192171
"2434",11174,"Divaad Wilson","CB","2024-01-05","SFA",832500,2,2023,276,2,"111+","Off Roster",2023,224.8,0.00370329181494662
"2435",11517,"Nick Whiteside","CB","2024-01-05","SFA",772500,2,2023,286,2,"111+","Off Roster",2023,224.8,0.00343638790035587
"2436",10220,"Matthew Butler","DT","2024-01-06","SFA",892500,2,2022,214,2,"111+","Off Roster",2023,224.8,0.00397019572953737
"2437",11335,"Art Green","CB","2024-01-06","SFA",772500,2,2023,288,2,"111+","Off Roster",2023,224.8,0.00343638790035587
"2438",11353,"Xazavian Valladay","RB","2024-01-06","SFA",835000,3,2023,150,2,"111+","Off Roster",2023,224.8,0.0037144128113879
"2439",11359,"Matt Jackson","S","2024-01-06","SFA",898333,3,2023,180,2,"111+","Off Roster",2023,224.8,0.00399614323843416
"2440",11562,"Lucky Jackson","WR","2024-01-06","SFA",832500,2,2023,305,2,"111+","Off Roster",2023,224.8,0.00370329181494662
"2441",11583,"La'Michael Pettway","TE","2024-01-06","SFA",772500,2,2023,169,2,"111+","Off Roster",2023,224.8,0.00343638790035587
"2442",7961,"Austin Seibert","K","2024-01-08","SFA",1125000,1,2019,26,2,"26-40","Backup/Role-Player",2023,224.8,0.00500444839857651
"2443",8816,"Ke'Shawn Vaughn","RB","2024-01-08","SFA",1125000,1,2020,72,2,"41-80","Depth",2023,224.8,0.00500444839857651
"2444",8961,"Stantley Thomas-Oliver","CB","2024-01-08","SFA",1055000,1,2020,154,2,"111+","Off Roster",2023,224.8,0.00469306049822064
"2445",9277,"Bill Murray","LG","2024-01-08","SFA",915000,1,2020,80,2,"41-80","Depth",2023,224.8,0.0040702846975089
"2446",9580,"Elerson Smith","EDGE","2024-01-08","SFA",985000,1,2021,165,2,"111+","Off Roster",2023,224.8,0.00438167259786477
"2447",10044,"Roy Mbaeteka","RT","2024-01-08","SFA",795000,1,2022,101,2,"81-110","Roster Fringe",2023,224.8,0.0035364768683274
"2448",10280,"Daniel Hardy","EDGE","2024-01-08","SFA",915000,1,2022,182,2,"111+","Off Roster",2023,224.8,0.0040702846975089
"2449",10290,"Andrew Stueber","RT","2024-01-08","SFA",795000,1,2022,101,2,"81-110","Roster Fringe",2023,224.8,0.0035364768683274
"2450",10297,"Jeffrey Gunter","EDGE","2024-01-08","SFA",915000,1,2022,182,2,"111+","Off Roster",2023,224.8,0.0040702846975089
"2451",10302,"Marquis Hayes","LG","2024-01-08","SFA",795000,1,2022,90,2,"81-110","Roster Fringe",2023,224.8,0.0035364768683274
"2452",10455,"Marquan McCall","DT","2024-01-08","SFA",915000,1,2022,201,2,"111+","Off Roster",2023,224.8,0.0040702846975089
"2453",10522,"De'Shaan Dixon","EDGE","2024-01-08","SFA",915000,1,2022,182,2,"111+","Off Roster",2023,224.8,0.0040702846975089
"2454",10663,"Sincere McCormick","RB","2024-01-08","SFA",795000,1,2022,161,2,"111+","Off Roster",2023,224.8,0.0035364768683274
"2455",10694,"Kendric Pryor","WR","2024-01-08","SFA",915000,1,2022,234,2,"111+","Off Roster",2023,224.8,0.0040702846975089
"2456",10710,"Lance McCutcheon","WR","2024-01-08","SFA",972500,2,2022,213,2,"111+","Off Roster",2023,224.8,0.00432606761565836
"2457",11032,"Erick Hallett","CB","2024-01-08","SFA",795000,1,2023,298,2,"111+","Off Roster",2023,224.8,0.0035364768683274
"2458",11055,"Nesta Jade Silvera","DT","2024-01-08","SFA",915000,1,2023,201,2,"111+","Off Roster",2023,224.8,0.0040702846975089
"2459",11092,"Anfernee Orji","LB","2024-01-08","SFA",877500,2,2023,219,2,"111+","Off Roster",2023,224.8,0.00390346975088968
"2460",11093,"Mark Evans II","LG","2024-01-08","SFA",877500,2,2023,84,2,"81-110","Roster Fringe",2023,224.8,0.00390346975088968
"2461",11173,"D.J. Coleman","EDGE","2024-01-08","SFA",795000,1,2023,238,2,"111+","Off Roster",2023,224.8,0.0035364768683274
"2462",11178,"Dequan Jackson","LB","2024-01-08","SFA",795000,1,2023,245,2,"111+","Off Roster",2023,224.8,0.0035364768683274
"2463",11180,"Kaleb Hayes","CB","2024-01-08","SFA",795000,1,2023,298,2,"111+","Off Roster",2023,224.8,0.0035364768683274
"2464",11199,"Carlos Washington Jr.","RB","2024-01-08","SFA",795000,1,2023,161,2,"111+","Off Roster",2023,224.8,0.0035364768683274
"2465",11209,"Quavian White","CB","2024-01-08","SFA",795000,1,2023,298,2,"111+","Off Roster",2023,224.8,0.0035364768683274
"2466",11230,"Donavan Mutin","LB","2024-01-08","SFA",795000,1,2023,245,2,"111+","Off Roster",2023,224.8,0.0035364768683274
"2467",11234,"Zavier Scott","WR","2024-01-08","SFA",795000,1,2023,335,2,"111+","Off Roster",2023,224.8,0.0035364768683274
"2468",11239,"Micah Baskerville","LB","2024-01-08","SFA",915000,1,2023,180,2,"111+","Off Roster",2023,224.8,0.0040702846975089
"2469",11263,"T.J. Luther","WR","2024-01-08","SFA",795000,1,2023,335,2,"111+","Off Roster",2023,224.8,0.0035364768683274
"2470",11272,"Levi Bell","EDGE","2024-01-08","SFA",795000,1,2023,238,2,"111+","Off Roster",2023,224.8,0.0035364768683274
"2471",11296,"Dyontae Johnson","LB","2024-01-08","SFA",795000,1,2023,245,2,"111+","Off Roster",2023,224.8,0.0035364768683274
"2472",11315,"Jerome Carvin","LG","2024-01-08","SFA",795000,1,2023,90,2,"81-110","Roster Fringe",2023,224.8,0.0035364768683274
"2473",11323,"Reese Taylor","CB","2024-01-08","SFA",795000,1,2023,298,2,"111+","Off Roster",2023,224.8,0.0035364768683274
"2474",11342,"Demontrey Jacobs","RT","2024-01-08","SFA",795000,1,2023,101,2,"81-110","Roster Fringe",2023,224.8,0.0035364768683274
"2475",11358,"Tre'Shaun Harrison","WR","2024-01-08","SFA",877500,2,2023,296,2,"111+","Off Roster",2023,224.8,0.00390346975088968
"2476",11368,"Thomas Rush","EDGE","2024-01-08","SFA",877500,2,2023,215,2,"111+","Off Roster",2023,224.8,0.00390346975088968
"2477",11378,"Jaxson Kirkland","RG","2024-01-08","SFA",795000,1,2023,75,2,"41-80","Depth",2023,224.8,0.0035364768683274
"2478",11396,"Shaka Heyward","LB","2024-01-08","SFA",795000,1,2023,245,2,"111+","Off Roster",2023,224.8,0.0035364768683274
"2479",11398,"Keidron Smith","CB","2024-01-08","SFA",795000,1,2023,298,2,"111+","Off Roster",2023,224.8,0.0035364768683274
"2480",11424,"Ryan Swoboda","RT","2024-01-08","SFA",795000,1,2023,101,2,"81-110","Roster Fringe",2023,224.8,0.0035364768683274
"2481",11426,"Jeremiah Martin","EDGE","2024-01-08","SFA",795000,1,2023,238,2,"111+","Off Roster",2023,224.8,0.0035364768683274
"2482",11437,"Jaydon Grant","CB","2024-01-08","SFA",795000,1,2023,298,2,"111+","Off Roster",2023,224.8,0.0035364768683274
"2483",11442,"Shedrick Jackson","WR","2024-01-08","SFA",915000,1,2023,234,2,"111+","Off Roster",2023,224.8,0.0040702846975089
"2484",11448,"Azizi Hearn","CB","2024-01-08","SFA",795000,1,2023,298,2,"111+","Off Roster",2023,224.8,0.0035364768683274
"2485",11449,"John Samuel Shenker","TE","2024-01-08","SFA",795000,1,2023,173,2,"111+","Off Roster",2023,224.8,0.0035364768683274
"2486",11459,"D'Angelo Mandell","CB","2024-01-08","SFA",795000,1,2023,298,2,"111+","Off Roster",2023,224.8,0.0035364768683274
"2487",11483,"David Ebuka Agoha","EDGE","2024-01-08","SFA",795000,1,2023,238,2,"111+","Off Roster",2023,224.8,0.0035364768683274
"2488",11498,"Jonathan Sutherland","S","2024-01-08","SFA",795000,1,2023,209,2,"111+","Off Roster",2023,224.8,0.0035364768683274
"2489",11500,"Brandon Bouyer-Randle","EDGE","2024-01-08","SFA",795000,1,2023,238,2,"111+","Off Roster",2023,224.8,0.0035364768683274
"2490",11531,"Natrone Brooks","CB","2024-01-08","SFA",795000,1,2023,298,2,"111+","Off Roster",2023,224.8,0.0035364768683274
"2491",11547,"Barry Wesley","LT","2024-01-08","SFA",943333,3,2023,70,2,"41-80","Depth",2023,224.8,0.00419632117437722
"2492",11553,"Jordan Murray","TE","2024-01-08","SFA",795000,1,2023,173,2,"111+","Off Roster",2023,224.8,0.0035364768683274
"2493",9572,"Darren Hall","CB","2024-01-09","SFA",985000,1,2021,198,2,"111+","Off Roster",2023,224.8,0.00438167259786477
"2494",11046,"DeWayne McBride","RB","2024-01-09","SFA",795000,1,2023,163,2,"111+","Off Roster",2023,224.8,0.0035364768683274
"2495",11088,"Jerrod Clark","DT","2024-01-09","SFA",795000,1,2023,253,2,"111+","Off Roster",2023,224.8,0.0035364768683274
"2496",11109,"Brevin Allen","EDGE","2024-01-09","SFA",795000,1,2023,240,2,"111+","Off Roster",2023,224.8,0.0035364768683274
"2497",11127,"Abraham Beauplan","LB","2024-01-09","SFA",795000,1,2023,245,2,"111+","Off Roster",2023,224.8,0.0035364768683274
"2498",11134,"Elijah Dotson","RB","2024-01-09","SFA",915000,1,2023,124,2,"111+","Off Roster",2023,224.8,0.0040702846975089
"2499",11155,"Thayer Thomas","WR","2024-01-09","SFA",795000,1,2023,338,2,"111+","Off Roster",2023,224.8,0.0035364768683274
"2500",11157,"Jaylin Williams","CB","2024-01-09","SFA",915000,1,2023,236,2,"111+","Off Roster",2023,224.8,0.0040702846975089
"2501",11203,"Daniel Arias","WR","2024-01-09","SFA",795000,1,2023,338,2,"111+","Off Roster",2023,224.8,0.0035364768683274
"2502",11243,"Robert Burns","FB","2024-01-09","SFA",795000,1,2023,17,2,"16-25","Starter",2023,224.8,0.0035364768683274
"2503",11254,"Brent Laing","C","2024-01-09","SFA",795000,1,2023,80,2,"41-80","Depth",2023,224.8,0.0035364768683274
"2504",11338,"Henry Byrd","RG","2024-01-09","SFA",795000,1,2023,75,2,"41-80","Depth",2023,224.8,0.0035364768683274
"2505",11520,"Basil Okoye","DT","2024-01-09","SFA",795000,1,2023,253,2,"111+","Off Roster",2023,224.8,0.0035364768683274
"2506",9292,"Douglas Coleman III","S","2024-01-10","SFA",795000,1,2020,211,2,"111+","Off Roster",2023,224.8,0.0035364768683274
"2507",9585,"Jordan Smith","EDGE","2024-01-10","SFA",915000,1,2021,185,2,"111+","Off Roster",2023,224.8,0.0040702846975089
"2508",9597,"Ian Book","QB","2024-01-10","SFA",985000,1,2021,92,2,"81-110","Roster Fringe",2023,224.8,0.00438167259786477
"2509",10527,"Tomon Fox","EDGE","2024-01-10","SFA",915000,1,2022,185,2,"111+","Off Roster",2023,224.8,0.0040702846975089
"2510",10703,"Lewis Kidd","RT","2024-01-10","SFA",915000,1,2022,74,2,"41-80","Depth",2023,224.8,0.0040702846975089
"2511",11204,"Kendell Brooks","S","2024-01-10","SFA",795000,1,2023,211,2,"111+","Off Roster",2023,224.8,0.0035364768683274
"2512",11299,"Cameron Lyons","LS","2024-01-10","SFA",795000,1,2023,41,2,"41-80","Depth",2023,224.8,0.0035364768683274
"2513",11357,"Jacob Copeland","WR","2024-01-10","SFA",795000,1,2023,338,2,"111+","Off Roster",2023,224.8,0.0035364768683274
"2514",11460,"Hassan Hall","RB","2024-01-10","SFA",795000,1,2023,164,2,"111+","Off Roster",2023,224.8,0.0035364768683274
"2515",11568,"Michael Tutsie","WR","2024-01-10","SFA",795000,1,2023,338,2,"111+","Off Roster",2023,224.8,0.0035364768683274
"2516",9555,"Anthony Schwartz","WR","2024-01-15","SFA",985000,1,2021,210,2,"111+","Off Roster",2023,224.8,0.00438167259786477
"2517",9593,"Jaelon Darden","WR","2024-01-15","SFA",985000,1,2021,210,2,"111+","Off Roster",2023,224.8,0.00438167259786477
"2518",9669,"Racey McMath","WR","2024-01-15","SFA",1042500,2,2021,176,2,"111+","Off Roster",2023,224.8,0.00463745551601423
"2519",10149,"Logan Bruss","LT","2024-01-15","SFA",877500,2,2022,84,2,"81-110","Roster Fringe",2023,224.8,0.00390346975088968
"2520",10255,"Chasen Hines","RG","2024-01-15","SFA",972500,2,2022,52,2,"41-80","Depth",2023,224.8,0.00432606761565836
"2521",10268,"Isaiah Thomas","DT","2024-01-15","SFA",915000,1,2022,205,2,"111+","Off Roster",2023,224.8,0.0040702846975089
"2522",10426,"Tanner Conner","WR","2024-01-15","SFA",1042500,2,2022,176,2,"111+","Off Roster",2023,224.8,0.00463745551601423
"2523",11062,"Ryan Hayes","LT","2024-01-15","SFA",972500,2,2023,65,2,"41-80","Depth",2023,224.8,0.00432606761565836
"2524",11162,"Tanner Ingle","S","2024-01-15","SFA",877500,2,2023,195,2,"111+","Off Roster",2023,224.8,0.00390346975088968
"2525",11166,"Mike McAllister","C","2024-01-15","SFA",877500,2,2023,77,2,"41-80","Depth",2023,224.8,0.00390346975088968
"2526",11167,"Cameron McCutcheon","CB","2024-01-15","SFA",877500,2,2023,272,2,"111+","Off Roster",2023,224.8,0.00390346975088968
"2527",11171,"Dresser Winn","QB","2024-01-15","SFA",877500,2,2023,110,2,"81-110","Roster Fringe",2023,224.8,0.00390346975088968
"2528",11385,"Lonnie Phelps","EDGE","2024-01-15","SFA",795000,1,2023,245,2,"111+","Off Roster",2023,224.8,0.0035364768683274
"2529",11388,"Earl Bostick Jr.","LT","2024-01-15","SFA",877500,2,2023,84,2,"81-110","Roster Fringe",2023,224.8,0.00390346975088968
"2530",11391,"Jalen Moreno-Cropper","WR","2024-01-15","SFA",877500,2,2023,304,2,"111+","Off Roster",2023,224.8,0.00390346975088968
"2531",11409,"Charlie Thomas","LB","2024-01-15","SFA",915000,1,2023,180,2,"111+","Off Roster",2023,224.8,0.0040702846975089
"2532",11411,"Princeton Fant","TE","2024-01-15","SFA",877500,2,2023,153,2,"111+","Off Roster",2023,224.8,0.00390346975088968
"2533",11435,"Brandon Pili","DT","2024-01-15","SFA",972500,2,2023,180,2,"111+","Off Roster",2023,224.8,0.00432606761565836
"2534",11438,"Durrell Johnson","EDGE","2024-01-15","SFA",877500,2,2023,221,2,"111+","Off Roster",2023,224.8,0.00390346975088968
"2535",11486,"Ethan Bonner","CB","2024-01-15","SFA",972500,2,2023,206,2,"111+","Off Roster",2023,224.8,0.00432606761565836
"2536",11577,"Josh Butler","CB","2024-01-15","SFA",877500,2,2023,272,2,"111+","Off Roster",2023,224.8,0.00390346975088968
"2537",10252,"Doug Kramer","C","2024-01-16","SFA",915000,1,2022,64,2,"41-80","Depth",2023,224.8,0.0040702846975089
"2538",10483,"Deandre Johnson","EDGE","2024-01-16","SFA",795000,1,2022,246,2,"111+","Off Roster",2023,224.8,0.0035364768683274
"2539",11090,"Rejzohn Wright","CB","2024-01-16","SFA",877500,2,2023,272,2,"111+","Off Roster",2023,224.8,0.00390346975088968
"2540",11126,"Xavier Smith","WR","2024-01-16","SFA",877500,2,2023,305,2,"111+","Off Roster",2023,224.8,0.00390346975088968
"2541",11301,"Deslin Alexandre","EDGE","2024-01-16","SFA",795000,1,2023,246,2,"111+","Off Roster",2023,224.8,0.0035364768683274
"2542",11360,"Tyreque Jones","S","2024-01-16","SFA",795000,1,2023,213,2,"111+","Off Roster",2023,224.8,0.0035364768683274
"2543",11432,"Christian Young","S","2024-01-16","SFA",795000,1,2023,213,2,"111+","Off Roster",2023,224.8,0.0035364768683274
"2544",11537,"Grant Miller","LG","2024-01-16","SFA",877500,2,2023,84,2,"81-110","Roster Fringe",2023,224.8,0.00390346975088968
"2545",8799,"Denzel Mims","WR","2024-01-17","SFA",1055000,1,2020,172,2,"111+","Off Roster",2023,224.8,0.00469306049822064
"2546",9508,"Kelvin Joseph","CB","2024-01-17","SFA",1055000,1,2021,153,2,"111+","Off Roster",2023,224.8,0.00469306049822064
"2547",9668,"Shi Smith","WR","2024-01-17","SFA",985000,1,2021,214,2,"111+","Off Roster",2023,224.8,0.00438167259786477
"2548",10199,"Snoop Conner","RB","2024-01-17","SFA",972500,2,2022,114,2,"111+","Off Roster",2023,224.8,0.00432606761565836
"2549",11133,"Terrell Bynum","WR","2024-01-17","SFA",795000,1,2023,352,2,"111+","Off Roster",2023,224.8,0.0035364768683274
"2550",11184,"Duece Watts","WR","2024-01-17","SFA",795000,1,2023,352,2,"111+","Off Roster",2023,224.8,0.0035364768683274
"2551",11196,"Keilahn Harris","WR","2024-01-17","SFA",795000,1,2023,352,2,"111+","Off Roster",2023,224.8,0.0035364768683274
"2552",11200,"Jacob Slade","DT","2024-01-17","SFA",795000,1,2023,258,2,"111+","Off Roster",2023,224.8,0.0035364768683274
"2553",11210,"Joey Fisher","LT","2024-01-17","SFA",795000,1,2023,96,2,"81-110","Roster Fringe",2023,224.8,0.0035364768683274
"2554",11211,"Jack Colletto","LB","2024-01-17","SFA",795000,1,2023,249,2,"111+","Off Roster",2023,224.8,0.0035364768683274
"2555",11327,"Anderson Hardy","C","2024-01-17","SFA",795000,1,2023,84,2,"81-110","Roster Fringe",2023,224.8,0.0035364768683274
"2556",11346,"Tyler Beach","RG","2024-01-17","SFA",795000,1,2023,78,2,"41-80","Depth",2023,224.8,0.0035364768683274
"2557",10165,"Brandon Smith","LB","2024-01-18","SFA",972500,2,2022,154,2,"111+","Off Roster",2023,224.8,0.00432606761565836
"2558",10195,"Thomas Booker","DT","2024-01-18","SFA",972500,2,2022,181,2,"111+","Off Roster",2023,224.8,0.00432606761565836
"2559",10260,"Lecitus Smith","RG","2024-01-18","SFA",972500,2,2022,53,2,"41-80","Depth",2023,224.8,0.00432606761565836
"2560",10424,"Noah Elliss","DT","2024-01-18","SFA",877500,2,2022,236,2,"111+","Off Roster",2023,224.8,0.00390346975088968
"2561",11059,"Lew Nichols III","RB","2024-01-18","SFA",877500,2,2023,156,2,"111+","Off Roster",2023,224.8,0.00390346975088968
"2562",11101,"Tiawan Mullen","CB","2024-01-18","SFA",877500,2,2023,278,2,"111+","Off Roster",2023,224.8,0.00390346975088968
"2563",11112,"Shaq Davis","WR","2024-01-18","SFA",952500,2,2023,230,2,"111+","Off Roster",2023,224.8,0.00423709964412811
"2564",11124,"Tanner Brown","K","2024-01-18","SFA",877500,2,2023,50,2,"41-80","Depth",2023,224.8,0.00390346975088968
"2565",11261,"E.J. Jenkins","TE","2024-01-18","SFA",892500,2,2023,154,2,"111+","Off Roster",2023,224.8,0.00397019572953737
"2566",11283,"Mekhi Garner","CB","2024-01-18","SFA",972500,2,2023,209,2,"111+","Off Roster",2023,224.8,0.00432606761565836
"2567",11286,"Joseph Ngata","WR","2024-01-18","SFA",877500,2,2023,312,2,"111+","Off Roster",2023,224.8,0.00390346975088968
"2568",11492,"Griffin Hebert","TE","2024-01-18","SFA",877500,2,2023,156,2,"111+","Off Roster",2023,224.8,0.00390346975088968
"2569",11514,"Brycen Tremayne","WR","2024-01-18","SFA",795000,1,2023,355,2,"111+","Off Roster",2023,224.8,0.0035364768683274
"2570",11082,"Kendall Williamson","S","2024-01-19","SFA",990000,2,2023,137,2,"111+","Off Roster",2023,224.8,0.00440391459074733
"2571",8786,"K.J. Hamler","WR","2024-01-20","SFA",1055000,1,2020,171,2,"111+","Off Roster",2023,224.8,0.00469306049822064
"2572",9561,"Tre' McKitty","TE","2024-01-22","SFA",1059000,1,2021,90,2,"81-110","Roster Fringe",2023,224.8,0.00471085409252669
"2573",10279,"Jonathan Ford","DT","2024-01-22","SFA",915000,1,2022,209,2,"111+","Off Roster",2023,224.8,0.0040702846975089
"2574",11072,"Brandon Hill","S","2024-01-22","SFA",877500,2,2023,198,2,"111+","Off Roster",2023,224.8,0.00390346975088968
"2575",11080,"Grant DuBose","WR","2024-01-22","SFA",795000,1,2023,362,2,"111+","Off Roster",2023,224.8,0.0035364768683274
"2576",11089,"Anthony Johnson","CB","2024-01-22","SFA",795000,1,2023,315,2,"111+","Off Roster",2023,224.8,0.0035364768683274
"2577",11111,"Joel Wilson","TE","2024-01-22","SFA",795000,1,2023,182,2,"111+","Off Roster",2023,224.8,0.0035364768683274
"2578",11183,"Kadeem Telfort","LT","2024-01-22","SFA",795000,1,2023,97,2,"81-110","Roster Fringe",2023,224.8,0.0035364768683274
"2579",11186,"Keshawn Banks","EDGE","2024-01-22","SFA",795000,1,2023,250,2,"111+","Off Roster",2023,224.8,0.0035364768683274
"2580",11192,"Henry Pearson","FB","2024-01-22","SFA",795000,1,2023,17,2,"16-25","Starter",2023,224.8,0.0035364768683274
"2581",11251,"Thyrick Pitts","WR","2024-01-22","SFA",795000,1,2023,362,2,"111+","Off Roster",2023,224.8,0.0035364768683274
"2582",11300,"Kenneth Odumegwu","DT","2024-01-22","SFA",795000,1,2023,263,2,"111+","Off Roster",2023,224.8,0.0035364768683274
"2583",11349,"Ali Gaye","EDGE","2024-01-22","SFA",877500,2,2023,225,2,"111+","Off Roster",2023,224.8,0.00390346975088968
"2584",11354,"Jared Wayne","WR","2024-01-22","SFA",877500,2,2023,317,2,"111+","Off Roster",2023,224.8,0.00390346975088968
"2585",11384,"Richard Gouraige","RT","2024-01-22","SFA",882000,2,2023,93,2,"81-110","Roster Fringe",2023,224.8,0.00392348754448399
"2586",11429,"Tanner McCalister","S","2024-01-22","SFA",925000,1,2023,161,2,"111+","Off Roster",2023,224.8,0.00411476868327402
"2587",11469,"Tyrell Shavers","WR","2024-01-22","SFA",882000,2,2023,315,2,"111+","Off Roster",2023,224.8,0.00392348754448399
"2588",11470,"Bryan Thompson","WR","2024-01-22","SFA",882000,2,2023,315,2,"111+","Off Roster",2023,224.8,0.00392348754448399
"2589",11539,"Ellis Merriweather","RB","2024-01-22","SFA",795000,1,2023,171,2,"111+","Off Roster",2023,224.8,0.0035364768683274
"2590",11556,"Jaylon Thomas","RT","2024-01-22","SFA",877500,2,2023,94,2,"81-110","Roster Fringe",2023,224.8,0.00390346975088968
"2591",8861,"Logan Stenberg","LG","2024-01-23","SFA",1055000,1,2020,55,2,"41-80","Depth",2023,224.8,0.00469306049822064
"2592",11020,"Jose Ramirez","EDGE","2024-01-23","SFA",877500,2,2023,225,2,"111+","Off Roster",2023,224.8,0.00390346975088968
"2593",11150,"David Perales","EDGE","2024-01-23","SFA",795000,1,2023,251,2,"111+","Off Roster",2023,224.8,0.0035364768683274
"2594",11154,"Cephus Johnson","WR","2024-01-23","SFA",877500,2,2023,319,2,"111+","Off Roster",2023,224.8,0.00390346975088968
"2595",11420,"Luke Haggard","LT","2024-01-23","SFA",877500,2,2023,85,2,"81-110","Roster Fringe",2023,224.8,0.00390346975088968
"2596",11447,"Chase Cota","WR","2024-01-23","SFA",795000,1,2023,366,2,"111+","Off Roster",2023,224.8,0.0035364768683274
"2597",11457,"Tanner Taula","TE","2024-01-23","SFA",877500,2,2023,159,2,"111+","Off Roster",2023,224.8,0.00390346975088968
"2598",11474,"Tyler Murray","LB","2024-01-23","SFA",795000,1,2023,250,2,"111+","Off Roster",2023,224.8,0.0035364768683274
"2599",11502,"Silas Dzansi","RG","2024-01-23","SFA",877500,2,2023,75,2,"41-80","Depth",2023,224.8,0.00390346975088968
"2600",11504,"Ryan Miller","WR","2024-01-23","SFA",877500,2,2023,319,2,"111+","Off Roster",2023,224.8,0.00390346975088968
"2601",8871,"Rashard Lawrence","DT","2024-01-24","SFA",1055000,1,2020,153,2,"111+","Off Roster",2023,224.8,0.00469306049822064
"2602",11117,"Jack Podlesny","K","2024-01-24","SFA",795000,1,2023,54,2,"41-80","Depth",2023,224.8,0.0035364768683274
"2603",8924,"Bravvion Roy","DT","2024-01-29","SFA",1055000,1,2020,153,2,"111+","Off Roster",2023,224.8,0.00469306049822064
"2604",9106,"Scotty Washington","TE","2024-01-29","SFA",795000,1,2020,183,2,"111+","Off Roster",2023,224.8,0.0035364768683274
"2605",10289,"Christian Matthew","CB","2024-01-29","SFA",985000,1,2022,201,2,"111+","Off Roster",2023,224.8,0.00438167259786477
"2606",10495,"Josh Ross","LB","2024-01-29","SFA",915000,1,2022,185,2,"111+","Off Roster",2023,224.8,0.0040702846975089
"2607",11267,"Tashawn Manning","RG","2024-01-29","SFA",795000,1,2023,81,2,"81-110","Roster Fringe",2023,224.8,0.0035364768683274
"2608",11275,"Tykeem Doss","LT","2024-01-29","SFA",795000,1,2023,98,2,"81-110","Roster Fringe",2023,224.8,0.0035364768683274
"2609",11279,"Sean Ryan","WR","2024-01-29","SFA",795000,1,2023,366,2,"111+","Off Roster",2023,224.8,0.0035364768683274
"2610",11281,"Owen Wright","RB","2024-01-29","SFA",795000,1,2023,173,2,"111+","Off Roster",2023,224.8,0.0035364768683274
"2611",8817,"Michael Ojemudia","CB","2024-01-30","SFA",1055000,1,2020,155,2,"111+","Off Roster",2023,224.8,0.00469306049822064
"2612",9182,"Carter O'Donnell","RG","2024-01-30","ERFA",915000,1,2020,61,2,"41-80","Depth",2023,224.8,0.0040702846975089
"2613",9702,"Matt Farniok","LG","2024-01-30","SFA",985000,1,2021,69,2,"41-80","Depth",2023,224.8,0.00438167259786477
"2614",11374,"Brandon Joseph","S","2024-01-30","SFA",795000,1,2023,218,2,"111+","Off Roster",2023,224.8,0.0035364768683274
"2615",11392,"Connor Galvin","LT","2024-01-30","SFA",795000,1,2023,98,2,"81-110","Roster Fringe",2023,224.8,0.0035364768683274
"2616",11415,"Mitchell Agude","EDGE","2024-01-30","SFA",795000,1,2023,252,2,"111+","Off Roster",2023,224.8,0.0035364768683274
"2617",11482,"Chris Smith","DT","2024-01-30","SFA",795000,1,2023,271,2,"111+","Off Roster",2023,224.8,0.0035364768683274
"2618",11501,"Evan Deckers","LS","2024-01-30","SFA",877500,2,2023,37,2,"26-40","Backup/Role-Player",2023,224.8,0.00390346975088968
"2619",11417,"Lance Boykin","CB","2024-02-01","SFA",795000,1,2023,325,2,"111+","Off Roster",2023,224.8,0.0035364768683274
"2620",8113,"Mathieu Betts","EDGE","2024-02-13","SFA",795000,1,2019,254,2,"111+","Off Roster",2023,224.8,0.0035364768683274
"2621",11219,"Spencer Waege","DT","2024-02-13","SFA",795000,1,2023,271,2,"111+","Off Roster",2023,224.8,0.0035364768683274
"2622",7908,"Austin Bryant","DT","2024-02-14","SFA",1125000,1,2019,136,2,"111+","Off Roster",2023,224.8,0.00500444839857651
"2623",8807,"Julian Okwara","EDGE","2024-02-14","SFA",1375000,1,2020,109,2,"81-110","Roster Fringe",2023,224.8,0.00611654804270463
"2624",9630,"Keith Taylor","CB","2024-02-14","SFA",985000,1,2021,203,2,"111+","Off Roster",2023,224.8,0.00438167259786477
"2625",10246,"Keaontay Ingram","RB","2024-02-14","SFA",985000,1,2022,116,2,"111+","Off Roster",2023,224.8,0.00438167259786477
"2626",11216,"Corey Luciano","RT","2024-02-14","SFA",795000,1,2023,108,2,"81-110","Roster Fringe",2023,224.8,0.0035364768683274
"2627",11259,"Trey Dean","S","2024-02-14","SFA",795000,1,2023,220,2,"111+","Off Roster",2023,224.8,0.0035364768683274
"2628",11313,"Deneric Prince","RB","2024-02-14","SFA",915000,1,2023,134,2,"111+","Off Roster",2023,224.8,0.0040702846975089
"2629",11318,"Truman Jones","EDGE","2024-02-14","SFA",795000,1,2023,256,2,"111+","Off Roster",2023,224.8,0.0035364768683274
"2630",11326,"Chukwuebuka Godrick","RT","2024-02-15","SFA",795000,1,2023,108,2,"81-110","Roster Fringe",2023,224.8,0.0035364768683274
"2631",11540,"Izaiah Gathings","WR","2024-02-15","SFA",795000,1,2023,372,2,"111+","Off Roster",2023,224.8,0.0035364768683274
"2632",11341,"Marcus Haynes","EDGE","2024-02-16","SFA",795000,1,2023,257,2,"111+","Off Roster",2023,224.8,0.0035364768683274
"2633",10138,"Tyrion Davis-Price","RB","2024-02-20","SFA",1100000,1,2022,77,2,"41-80","Depth",2023,224.8,0.0048932384341637
"2634",10190,"Darian Kinnard","RT","2024-02-20","SFA",1097500,2,2022,53,2,"41-80","Depth",2023,224.8,0.00488211743772242
"2635",8858,"Albert Okwuegbunam","TE","2024-02-22","UFA",1400000,1,2020,54,2,"41-80","Depth",2023,224.8,0.00622775800711744
"2636",10225,"Matt Araiza","P","2024-02-22","SFA",795000,1,2022,44,2,"41-80","Depth",2023,224.8,0.0035364768683274
"2637",11508,"Mason Brooks","RG","2024-02-22","SFA",795000,1,2023,84,2,"81-110","Roster Fringe",2023,224.8,0.0035364768683274
"2638",11515,"Kazmeir Allen","WR","2024-02-22","SFA",795000,1,2023,375,2,"111+","Off Roster",2023,224.8,0.0035364768683274
"2639",9926,"Ryan Neuzil","C","2024-03-01","ERFA",985000,1,2021,58,2,"41-80","Depth",2023,224.8,0.00438167259786477
"2640",8051,"Quinn Bailey","RG","2024-03-06","ERFA",1055000,1,2019,44,2,"41-80","Depth",2023,224.8,0.00469306049822064
"2641",8798,"Ezra Cleveland","LG","2024-03-07","UFA",8000000,3,2020,8,2,"4-8","Star",2023,224.8,0.0355871886120996
"2642",9520,"D'Wayne Eskridge","WR","2024-03-07","Other",1055000,1,2021,177,2,"111+","Off Roster",2023,224.8,0.00469306049822064
"2643",10305,"Zander Horvath","RB","2024-03-07","SFA",972500,2,2022,122,2,"111+","Off Roster",2023,224.8,0.00432606761565836
"2644",7820,"L.J. Collier","EDGE","2024-03-08","UFA",1292500,1,2019,117,2,"111+","Off Roster",2023,224.8,0.00574955516014235
"2645",8790,"Jaylon Johnson","CB","2024-03-08","Franchise",19000000,4,2020,7,2,"4-8","Star",2023,224.8,0.0845195729537366
"2646",8811,"Nnamdi Madubuike","DT","2024-03-08","Franchise",24500000,4,2020,2,2,"1-3","Superstar",2023,224.8,0.108985765124555
"2647",8875,"Kevin Dotson","RG","2024-03-08","UFA",16000000,3,2020,4,2,"4-8","Star",2023,224.8,0.0711743772241993
"2648",8897,"Daniel Thomas","S","2024-03-08","UFA",2000000,2,2020,65,2,"41-80","Depth",2023,224.8,0.00889679715302491
"2649",7804,"Christian Wilkins","DT","2024-03-11","UFA",27500000,4,2019,3,2,"1-3","Superstar",2023,224.8,0.122330960854093
"2650",7807,"Brian Burns","EDGE","2024-03-11","Franchise",28200000,5,2019,2,2,"1-3","Superstar",2023,224.8,0.125444839857651
"2651",7829,"Cody Ford","LG","2024-03-11","UFA",1350000,1,2019,39,2,"26-40","Backup/Role-Player",2023,224.8,0.00600533807829181
"2652",8007,"Nick Allegretti","LG","2024-03-11","UFA",5333333,3,2019,11,2,"9-15","Above-Average Starter",2023,224.8,0.0237247909252669
"2653",8775,"D'Andre Swift","RB","2024-03-11","UFA",8000000,3,2020,11,2,"9-15","Above-Average Starter",2023,224.8,0.0355871886120996
"2654",8779,"Robert Hunt","RG","2024-03-11","UFA",20000000,5,2020,2,2,"1-3","Superstar",2023,224.8,0.0889679715302491
"2655",8806,"Antonio Gibson","RB","2024-03-11","UFA",3750000,3,2020,23,2,"16-25","Starter",2023,224.8,0.0166814946619217
"2656",8810,"Brandon Jones","S","2024-03-11","UFA",6666667,3,2020,27,2,"26-40","Backup/Role-Player",2023,224.8,0.0296559919928826
"2657",8868,"Gabriel Davis","WR","2024-03-11","UFA",13000000,3,2020,20,2,"16-25","Starter",2023,224.8,0.0578291814946619
"2658",8926,"Alohi Gilman","S","2024-03-11","UFA",5062500,2,2020,35,2,"26-40","Backup/Role-Player",2023,224.8,0.0225200177935943
"2659",8754,"Javon Kinlaw","DT","2024-03-12","UFA",7250000,1,2020,40,2,"26-40","Backup/Role-Player",2023,224.8,0.0322508896797153
"2660",8768,"Patrick Queen","LB","2024-03-12","UFA",13666666,3,2020,7,2,"4-8","Star",2023,224.8,0.0607947775800712
"2661",8794,"A.J. Epenesa","EDGE","2024-03-12","UFA",6000000,2,2020,46,2,"41-80","Depth",2023,224.8,0.0266903914590747
"2662",8796,"Raekwon Davis","DT","2024-03-12","UFA",7000000,2,2020,42,2,"41-80","Depth",2023,224.8,0.0311387900355872
"2663",8800,"Joshua Uche","EDGE","2024-03-12","UFA",3000000,1,2020,73,2,"41-80","Depth",2023,224.8,0.0133451957295374
"2664",8804,"Jeremy Chinn","S","2024-03-12","UFA",4105000,1,2020,41,2,"41-80","Depth",2023,224.8,0.0182606761565836
"2665",8809,"Damien Lewis","LG","2024-03-12","UFA",13250000,4,2020,7,2,"4-8","Star",2023,224.8,0.05894128113879
"2666",8815,"Jonah Jackson","LG","2024-03-12","UFA",17000000,3,2020,2,2,"1-3","Superstar",2023,224.8,0.0756227758007117
"2667",8826,"Zack Moss","RB","2024-03-12","UFA",4000000,2,2020,23,2,"16-25","Starter",2023,224.8,0.0177935943060498
"2668",8847,"Akeem Davis-Gaither","LB","2024-03-12","UFA",2742500,1,2020,56,2,"41-80","Depth",2023,224.8,0.0121997330960854
"2669",8879,"Amik Robertson","CB","2024-03-12","UFA",4625000,2,2020,44,2,"41-80","Depth",2023,224.8,0.0205738434163701
"2670",8884,"DeeJay Dallas","RB","2024-03-12","UFA",2750000,3,2020,35,2,"26-40","Backup/Role-Player",2023,224.8,0.0122330960854093
"2671",8913,"Darnell Mooney","WR","2024-03-12","UFA",13000000,3,2020,20,2,"16-25","Starter",2023,224.8,0.0578291814946619
"2672",8922,"Michael Onwenu","RT","2024-03-12","UFA",19000000,3,2020,4,2,"4-8","Star",2023,224.8,0.0845195729537366
"2673",7811,"Noah Fant","TE","2024-03-13","UFA",10500000,2,2019,12,2,"9-15","Above-Average Starter",2024,255.4,0.0411119812059514
"2674",8776,"Xavier McKinney","S","2024-03-13","UFA",16750000,4,2020,4,2,"4-8","Star",2024,255.4,0.0655833985904464
"2675",8788,"Darrell Taylor","EDGE","2024-03-13","RFA",3136000,1,2020,74,2,"41-80","Depth",2024,255.4,0.0122787783868442
"2676",8886,"Tyler Biadasz","C","2024-03-13","UFA",10000000,3,2020,7,2,"4-8","Star",2024,255.4,0.0391542678151919
"2677",8930,"Charlie Woerner","TE","2024-03-13","UFA",4000000,3,2020,36,2,"26-40","Backup/Role-Player",2024,255.4,0.0156617071260767
"2678",9600,"Marco Wilson","CB","2024-03-13","Other",2200000,1,2021,86,2,"81-110","Roster Fringe",2024,255.4,0.00861393891934221
"2679",9738,"Robert Jones","RG","2024-03-13","Other",2000000,1,2021,26,2,"26-40","Backup/Role-Player",2024,255.4,0.00783085356303837
"2680",6911,"Calvin Ridley","WR","2024-03-14","UFA",23000000,4,2018,10,2,"9-15","Above-Average Starter",2024,255.4,0.0900548159749413
"2681",7812,"Darnell Savage Jr.","S","2024-03-14","UFA",7250000,3,2019,15,2,"9-15","Above-Average Starter",2024,255.4,0.0283868441660141
"2682",8763,"Kenneth Murray","LB","2024-03-14","UFA",7750000,2,2020,16,2,"16-25","Starter",2024,255.4,0.0303445575567737
"2683",8767,"Jordyn Brooks","LB","2024-03-14","UFA",8750000,3,2020,12,2,"9-15","Above-Average Starter",2024,255.4,0.0342599843382929
"2684",8774,"Michael Pittman, Jr.","WR","2024-03-14","Franchise",23333333,3,2020,8,2,"4-8","Star",2024,255.4,0.0913599569303054
"2685",8778,"Yetur Gross-Matos","EDGE","2024-03-14","UFA",9000000,2,2020,34,2,"26-40","Backup/Role-Player",2024,255.4,0.0352388410336727
"2686",8832,"Devin Duvernay","WR","2024-03-14","UFA",4250000,2,2020,40,2,"26-40","Backup/Role-Player",2024,255.4,0.0166405638214565
"2687",8854,"Leki Fotu","DT","2024-03-14","UFA",2500000,1,2020,60,2,"41-80","Depth",2024,255.4,0.00978856695379796
"2688",8958,"Carter Coughlin","LB","2024-03-14","UFA",1292500,1,2020,71,2,"41-80","Depth",2024,255.4,0.00506068911511355
"2689",7091,"Matt Pryor","RG","2024-03-15","UFA",1175000,1,2018,28,2,"26-40","Backup/Role-Player",2024,255.4,0.00460062646828504
"2690",7632,"Coleman Shelton","C","2024-03-15","UFA",3000000,1,2018,16,2,"16-25","Starter",2024,255.4,0.0117462803445576
"2691",7802,"Jonah Williams","RT","2024-03-15","UFA",15000000,2,2019,10,2,"9-15","Above-Average Starter",2024,255.4,0.0587314017227878
"2692",8213,"Demetrius Flannigan-Fowles","S","2024-03-15","UFA",1935000,1,2019,54,2,"41-80","Depth",2024,255.4,0.00757635082223962
"2693",8802,"A.J. Dillon","RB","2024-03-15","UFA",2742500,1,2020,28,2,"26-40","Backup/Role-Player",2024,255.4,0.0107380579483164
"2694",8818,"Matt Hennessy","C","2024-03-15","UFA",2000000,1,2020,21,2,"16-25","Starter",2024,255.4,0.00783085356303837
"2695",8823,"Lloyd Cushenberry","C","2024-03-15","UFA",12500000,4,2020,2,2,"1-3","Superstar",2024,255.4,0.0489428347689898
"2696",8827,"Anfernee Jennings","EDGE","2024-03-15","UFA",4000000,3,2020,58,2,"41-80","Depth",2024,255.4,0.0156617071260767
"2697",8830,"Jonathan Greenard","EDGE","2024-03-15","UFA",19000000,4,2020,14,2,"9-15","Above-Average Starter",2024,255.4,0.0743931088488645
"2698",8857,"D.J. Wonnum","EDGE","2024-03-15","UFA",6250000,2,2020,47,2,"41-80","Depth",2024,255.4,0.0244714173844949
"2699",8873,"Colby Parkinson","TE","2024-03-15","UFA",7500000,3,2020,17,2,"16-25","Starter",2024,255.4,0.0293657008613939
"2700",8920,"Hakeem Adeniji","LT","2024-03-15","UFA",1125000,1,2020,38,2,"26-40","Backup/Role-Player",2024,255.4,0.00440485512920908
"2701",9293,"Aaron Brewer","C","2024-03-15","UFA",7000000,3,2020,8,2,"4-8","Star",2024,255.4,0.0274079874706343
"2702",9857,"Jack Stoll","TE","2024-03-15","SFA",1105000,1,2021,70,2,"41-80","Depth",2024,255.4,0.0043265465935787
"2703",8939,"Jordan Fuller","S","2024-03-16","UFA",3250000,1,2020,37,2,"26-40","Backup/Role-Player",2024,255.4,0.0127251370399374
"2704",9501,"Landon Dickerson","LG","2024-03-16","Extension",21000000,4,2021,1,2,"1-3","Superstar",2024,255.4,0.0822239624119029
"2705",9824,"Amen Ogbongbemiga","LB","2024-03-16","SFA",2100000,1,2021,51,2,"41-80","Depth",2024,255.4,0.00822239624119029
"2706",7146,"Austin Schlottmann","C","2024-03-18","UFA",1397500,2,2018,28,2,"26-40","Backup/Role-Player",2024,255.4,0.00547180892717306
"2707",7816,"Marquise Brown","WR","2024-03-18","UFA",7000000,1,2019,31,2,"26-40","Backup/Role-Player",2024,255.4,0.0274079874706343
"2708",8755,"Jerry Jeudy","WR","2024-03-18","Extension",17500000,3,2020,16,2,"16-25","Starter",2024,255.4,0.0685199686765857
"2709",8760,"K'Lavon Chaisson","EDGE","2024-03-18","UFA",2500000,1,2020,75,2,"41-80","Depth",2024,255.4,0.00978856695379796
"2710",8797,"Van Jefferson","WR","2024-03-18","UFA",1292500,1,2020,94,2,"81-110","Roster Fringe",2024,255.4,0.00506068911511355
"2711",8803,"Willie Gay, Jr.","LB","2024-03-18","UFA",3000000,1,2020,45,2,"41-80","Depth",2024,255.4,0.0117462803445576
"2712",8872,"Troy Dye","LB","2024-03-18","UFA",1790000,1,2020,57,2,"41-80","Depth",2024,255.4,0.00700861393891934
"2713",8885,"Jack Driscoll","RT","2024-03-18","UFA",1790000,1,2020,33,2,"26-40","Backup/Role-Player",2024,255.4,0.00700861393891934
"2714",8956,"Kamren Curl","S","2024-03-18","UFA",4500000,2,2020,29,2,"26-40","Backup/Role-Player",2024,255.4,0.0176194205168363
"2715",7984,"Olisaemeka Udoh","LT","2024-03-19","UFA",2000000,1,2019,28,2,"26-40","Backup/Role-Player",2024,255.4,0.00783085356303837
"2716",8742,"Chase Young","EDGE","2024-03-19","UFA",13000000,1,2020,25,2,"16-25","Starter",2024,255.4,0.0509005481597494
"2717",8770,"Noah Igbinoghene","CB","2024-03-19","UFA",1292500,1,2020,91,2,"81-110","Roster Fringe",2024,255.4,0.00506068911511355
"2718",8866,"Charlie Heck","RT","2024-03-19","UFA",2050000,1,2020,31,2,"26-40","Backup/Role-Player",2024,255.4,0.00802662490211433
"2719",8883,"Ben Bredeson","LG","2024-03-19","UFA",3000000,1,2020,20,2,"16-25","Starter",2024,255.4,0.0117462803445576
"2720",8916,"K.J. Osborn","WR","2024-03-19","UFA",4000000,1,2020,43,2,"41-80","Depth",2024,255.4,0.0156617071260767
"2721",8927,"Donovan Peoples-Jones","WR","2024-03-19","UFA",1300000,1,2020,94,2,"81-110","Roster Fringe",2024,255.4,0.00509005481597494
"2722",8839,"Matt Peart","RT","2024-03-20","UFA",1292500,1,2020,42,2,"41-80","Depth",2024,255.4,0.00506068911511355
"2723",8867,"K'Von Wallace","S","2024-03-20","UFA",1500000,1,2020,65,2,"41-80","Depth",2024,255.4,0.00587314017227878
"2724",8889,"Danny Pinter","RG","2024-03-20","UFA",1222500,1,2020,26,2,"26-40","Backup/Role-Player",2024,255.4,0.0047866092404072
"2725",8973,"Casey Toohill","EDGE","2024-03-20","UFA",1155000,1,2020,118,2,"111+","Off Roster",2024,255.4,0.00452231793265466
"2726",8812,"Josh Jones","LT","2024-03-21","UFA",1790000,1,2020,32,2,"26-40","Backup/Role-Player",2024,255.4,0.00700861393891934
"2727",8918,"Justin Strnad","LB","2024-03-21","UFA",1305000,1,2020,80,2,"41-80","Depth",2024,255.4,0.00510963194988254
"2728",8749,"C.J. Henderson","CB","2024-03-22","UFA",2000000,1,2020,67,2,"41-80","Depth",2024,255.4,0.00783085356303837
"2729",7869,"Michael Deiter","LG","2024-03-25","UFA",1800000,1,2019,28,2,"26-40","Backup/Role-Player",2024,255.4,0.00704776820673453
"2730",8914,"Larrell Murchison","EDGE","2024-03-25","UFA",1175000,1,2020,113,2,"111+","Off Roster",2024,255.4,0.00460062646828504
"2731",9215,"Michael Hoecht","EDGE","2024-03-26","RFA",2985000,1,2020,72,2,"41-80","Depth",2024,255.4,0.0116875489428348
"2732",8801,"Kristian Fulton","CB","2024-03-28","UFA",3125000,1,2020,52,2,"41-80","Depth",2024,255.4,0.0122357086922475
"2733",8834,"Josiah Deguara","TE","2024-03-28","UFA",1292500,1,2020,60,2,"41-80","Depth",2024,255.4,0.00506068911511355
"2734",8878,"L'Jarius Sneed","CB","2024-04-01","Franchise",19100000,4,2020,7,2,"4-8","Star",2024,255.4,0.0747846515270165
"2735",8940,"Quez Watkins","WR","2024-04-01","UFA",1292500,1,2020,101,2,"81-110","Roster Fringe",2024,255.4,0.00506068911511355
"2736",10500,"Reed Blankenship","S","2024-04-02","Extension",2950000,1,2022,46,2,"41-80","Depth",2024,255.4,0.0115505090054816
"2737",8782,"Laviska Shenault","WR","2024-04-03","UFA",1292500,1,2020,102,2,"81-110","Roster Fringe",2024,255.4,0.00506068911511355
"2738",10045,"Haggai Chisom Ndubuisi","RG","2024-04-03","SFA",795000,1,2022,62,2,"41-80","Depth",2024,255.4,0.00311276429130775
"2739",8747,"Derrick Brown","DT","2024-04-05","Extension",24000000,4,2020,4,2,"4-8","Star",2024,255.4,0.0939702427564604
"2740",8748,"Isaiah Simmons","LB","2024-04-05","UFA",5000000,1,2020,30,2,"26-40","Backup/Role-Player",2024,255.4,0.0195771339075959
"2741",8772,"Clyde Edwards-Helaire","RB","2024-04-08","UFA",1700000,1,2020,38,2,"26-40","Backup/Role-Player",2024,255.4,0.00665622552858262
"2742",8777,"Kyle Dugger","S","2024-04-09","Transition",14500000,4,2020,5,2,"4-8","Star",2024,255.4,0.0567736883320282
"2743",8825,"Julian Blackmon","S","2024-04-09","UFA",3700000,1,2020,37,2,"26-40","Backup/Role-Player",2024,255.4,0.014487079091621
"2744",10688,"Mike Caliendo","LG","2024-04-09","ERFA",915000,1,2022,61,2,"41-80","Depth",2024,255.4,0.00358261550509005
"2745",8917,"Mike Danna","EDGE","2024-04-10","UFA",8000000,3,2020,42,2,"41-80","Depth",2024,255.4,0.0313234142521535
"2746",8969,"James Smith-Williams","EDGE","2024-04-10","UFA",1292500,1,2020,111,2,"111+","Off Roster",2024,255.4,0.00506068911511355
"2747",11297,"Gemon Green","CB","2024-04-10","SFA",795000,1,2023,227,2,"111+","Off Roster",2024,255.4,0.00311276429130775
"2748",7798,"Josh Hines-Allen","EDGE","2024-04-11","Franchise",28250000,5,2019,2,2,"1-3","Superstar",2024,255.4,0.110610806577917
"2749",7883,"Chuma Edoga","LT","2024-04-11","UFA",1292500,1,2019,39,2,"26-40","Backup/Role-Player",2024,255.4,0.00506068911511355
"2750",8808,"Ashtyn Davis","S","2024-04-11","UFA",2742500,1,2020,50,2,"41-80","Depth",2024,255.4,0.0107380579483164
"2751",8900,"Nick Harris","C","2024-04-11","UFA",2395000,1,2020,18,2,"16-25","Starter",2024,255.4,0.00937744714173845
"2752",9474,"DeVonta Smith","WR","2024-04-15","Extension",25000000,3,2021,4,2,"4-8","Star",2024,255.4,0.0978856695379796
"2753",9861,"Kayode Awosika","LG","2024-04-15","ERFA",985000,1,2021,57,2,"41-80","Depth",2024,255.4,0.0038566953797964
"2754",9957,"Alaric Jackson","LT","2024-04-15","RFA",4890000,1,2021,21,2,"16-25","Starter",2024,255.4,0.0191464369616288
"2755",11250,"Lorenz Metz","RG","2024-04-15","SFA",795000,1,2023,62,2,"41-80","Depth",2024,255.4,0.00311276429130775
"2756",11345,"Emanuel Wilson","RB","2024-04-15","ERFA",915000,1,2023,106,2,"81-110","Roster Fringe",2024,255.4,0.00358261550509005
"2757",8923,"Cam Brown","LB","2024-04-18","UFA",1292500,1,2020,88,2,"81-110","Roster Fringe",2024,255.4,0.00506068911511355
"2758",8795,"J.K. Dobbins","RB","2024-04-19","UFA",1610000,1,2020,39,2,"26-40","Backup/Role-Player",2024,255.4,0.00630383711824589
"2759",8837,"Jacob Phillips","LB","2024-04-23","UFA",1150000,1,2020,105,2,"81-110","Roster Fringe",2024,255.4,0.00450274079874706
"2760",9471,"Penei Sewell","RT","2024-04-24","Extension",28000000,4,2021,1,2,"1-3","Superstar",2024,255.4,0.109631949882537
"2761",9576,"Amon-Ra St. Brown","WR","2024-04-24","Extension",30002500,4,2021,1,2,"1-3","Superstar",2024,255.4,0.117472592012529
"2762",8751,"Mekhi Becton","RT","2024-04-29","UFA",2750000,1,2020,28,2,"26-40","Backup/Role-Player",2024,255.4,0.0107674236491778
"2763",9491,"Rashod Bateman","WR","2024-04-29","Extension",6435949,2,2021,37,2,"26-40","Backup/Role-Player",2024,255.4,0.0251994870790916
"2764",9502,"Christian Barmore","DT","2024-04-29","Extension",21000000,4,2021,11,2,"9-15","Above-Average Starter",2024,255.4,0.0822239624119029
"2765",8890,"Shane Lemieux","LG","2024-04-30","SFA",1055000,1,2020,48,2,"41-80","Depth",2024,255.4,0.00413077525450274
"2766",8935,"Justin Herron","RT","2024-04-30","SFA",1125000,1,2020,53,2,"41-80","Depth",2024,255.4,0.00440485512920908
"2767",10577,"Seth Vernon","P","2024-04-30","SFA",877500,2,2022,29,2,"26-40","Backup/Role-Player",2024,255.4,0.00343578700078309
"2768",8955,"Markus Bailey","LB","2024-05-08","SFA",1125000,1,2020,110,2,"81-110","Roster Fringe",2024,255.4,0.00440485512920908
"2769",10720,"Kehinde Oginni","TE","2024-05-09","SFA",795000,1,2022,144,2,"111+","Off Roster",2024,255.4,0.00311276429130775
"2770",8785,"Antoine Winfield, Jr.","S","2024-05-13","Franchise",21025000,4,2020,1,2,"1-3","Superstar",2024,255.4,0.0823218480814409
"2771",11535,"Dylan Drummond","WR","2024-05-13","SFA",795000,1,2023,318,2,"111+","Off Roster",2024,255.4,0.00311276429130775
"2772",11698,"Elijah Jones","CB","2024-05-13","Drafted",1421380,4,2024,91,2,"81-110","Roster Fringe",2024,255.4,0.00556530931871574
"2773",8870,"James Lynch","DT","2024-05-14","SFA",1055000,1,2020,141,2,"111+","Off Roster",2024,255.4,0.00413077525450274
"2774",11356,"Shakel Brown","DT","2024-05-14","SFA",795000,1,2023,244,2,"111+","Off Roster",2024,255.4,0.00311276429130775
"2775",10300,"Trenton Gill","P","2024-05-15","SFA",1042500,2,2022,25,2,"16-25","Starter",2024,255.4,0.00408183241973375
"2776",11521,"Junior Aho","EDGE","2024-05-20","SFA",795000,1,2023,244,2,"111+","Off Roster",2024,255.4,0.00311276429130775
"2777",11408,"Matt Landers","WR","2024-05-21","SFA",795000,1,2023,323,2,"111+","Off Roster",2024,255.4,0.00311276429130775
"2778",9481,"Alex Leatherwood","RG","2024-05-29","SFA",985000,1,2021,51,2,"41-80","Depth",2024,255.4,0.0038566953797964
"2779",9553,"Nico Collins","WR","2024-05-29","Extension",24250000,3,2021,7,2,"4-8","Star",2024,255.4,0.0949490994518403
"2780",9470,"Jaylen Waddle","WR","2024-05-30","Extension",28250000,3,2021,4,2,"4-8","Star",2024,255.4,0.110610806577917
"2781",9814,"Malik Herring","EDGE","2024-05-30","ERFA",985000,1,2021,161,2,"111+","Off Roster",2024,255.4,0.0038566953797964
"2782",8762,"Justin Jefferson","WR","2024-06-03","Extension",35000000,4,2020,1,2,"1-3","Superstar",2024,255.4,0.137039937353171
"2783",11175,"Jaray Jenkins","WR","2024-06-03","SFA",795000,1,2023,333,2,"111+","Off Roster",2024,255.4,0.00311276429130775
"2784",9465,"Trevor Lawrence","QB","2024-06-14","Extension",55000000,5,2021,1,2,"1-3","Superstar",2024,255.4,0.215348472983555
"2785",8773,"Tee Higgins","WR","2024-06-17","Franchise",21816000,1,2020,16,2,"16-25","Starter",2024,255.4,0.0854189506656226
"2786",11086,"Jalen Redmond","DT","2024-06-18","SFA",795000,1,2023,258,2,"111+","Off Roster",2024,255.4,0.00311276429130775
"2787",11581,"Jake Bates","K","2024-06-18","SFA",990000,2,2023,31,2,"26-40","Backup/Role-Player",2024,255.4,0.00387627251370399
"2788",9584,"Rhamondre Stevenson","RB","2024-06-27","Extension",9000000,4,2021,7,2,"4-8","Star",2024,255.4,0.0352388410336727
"2789",8906,"Quintez Cephus","WR","2024-07-17","SFA",1055000,1,2020,182,2,"111+","Off Roster",2024,255.4,0.00413077525450274
"2790",9606,"Royce Newman","LG","2024-07-19","Other",2250000,1,2021,28,2,"26-40","Backup/Role-Player",2024,255.4,0.00880971025841817
"2791",9562,"Quinn Meinerz","RG","2024-07-21","Extension",18000000,4,2021,4,2,"4-8","Star",2024,255.4,0.0704776820673453
"2792",8792,"Cam Akers","RB","2024-07-22","SFA",1175000,1,2020,68,2,"41-80","Depth",2024,255.4,0.00460062646828504
"2793",11405,"Jalen Wayne","WR","2024-07-22","SFA",795000,1,2023,353,2,"111+","Off Roster",2024,255.4,0.00311276429130775
"2794",8593,"Marcus Simms","WR","2024-07-24","SFA",795000,1,2019,357,2,"111+","Off Roster",2024,255.4,0.00311276429130775
"2795",9487,"Christian Darrisaw","LT","2024-07-24","Extension",26000000,4,2021,1,2,"1-3","Superstar",2024,255.4,0.101801096319499
"2796",9497,"Tyson Campbell","CB","2024-07-24","Extension",19125000,4,2021,7,2,"4-8","Star",2024,255.4,0.0748825371965544
"2797",11321,"Ty Scott","WR","2024-07-25","SFA",795000,1,2023,358,2,"111+","Off Roster",2024,255.4,0.00311276429130775
"2798",9915,"Feleipe Franks","QB","2024-07-26","SFA",985000,1,2021,96,2,"81-110","Roster Fringe",2024,255.4,0.0038566953797964
"2799",8745,"Tua Tagovailoa","QB","2024-07-27","Extension",53100000,4,2020,4,2,"4-8","Star",2024,255.4,0.207909162098669
"2800",9883,"Jerry Jacobs","CB","2024-07-27","SFA",1055000,1,2021,171,2,"111+","Off Roster",2024,255.4,0.00413077525450274
"2801",11480,"Adrian Martinez","QB","2024-07-27","SFA",877500,2,2023,120,2,"111+","Off Roster",2024,255.4,0.00343578700078309
"2802",9675,"Demetric Felton","RB","2024-07-28","SFA",985000,1,2021,115,2,"111+","Off Roster",2024,255.4,0.0038566953797964
"2803",11351,"Jesse Matthews","WR","2024-07-30","SFA",877500,2,2023,346,2,"111+","Off Roster",2024,255.4,0.00343578700078309
"2804",11530,"LJ Davis","CB","2024-07-30","SFA",795000,1,2023,328,2,"111+","Off Roster",2024,255.4,0.00311276429130775
"2805",9842,"Jake Burton","RG","2024-08-01","SFA",795000,1,2021,83,2,"81-110","Roster Fringe",2024,255.4,0.00311276429130775
"2806",8753,"Tristan Wirfs","RT","2024-08-02","Extension",28125000,5,2020,1,2,"1-3","Superstar",2024,255.4,0.110121378230227
"2807",9710,"Shaka Toney","EDGE","2024-08-02","SFA",1042500,2,2021,160,2,"111+","Off Roster",2024,255.4,0.00408183241973375
"2808",10355,"Samson Nacua","WR","2024-08-02","SFA",795000,1,2022,369,2,"111+","Off Roster",2024,255.4,0.00311276429130775
"2809",11524,"Isaiah Winstead","WR","2024-08-02","SFA",877500,2,2023,348,2,"111+","Off Roster",2024,255.4,0.00343578700078309
"2810",5722,"Sean Harlow","RG","2024-08-03","SFA",1125000,1,2017,38,2,"26-40","Backup/Role-Player",2024,255.4,0.00440485512920908
"2811",9660,"Gary Brightwell","RB","2024-08-04","SFA",1055000,1,2021,92,2,"81-110","Roster Fringe",2024,255.4,0.00413077525450274
"2812",9722,"Dax Milne","WR","2024-08-06","SFA",985000,1,2021,237,2,"111+","Off Roster",2024,255.4,0.0038566953797964
"2813",11462,"Zach Morton","EDGE","2024-08-07","SFA",795000,1,2023,262,2,"111+","Off Roster",2024,255.4,0.00311276429130775
"2814",6931,"Breeland Speaks","EDGE","2024-08-08","SFA",915000,1,2018,227,2,"111+","Off Roster",2024,255.4,0.00358261550509005
"2815",9524,"Pete Werner","LB","2024-08-08","Extension",7500000,3,2021,17,2,"16-25","Starter",2024,255.4,0.0293657008613939
"2816",8982,"Jonathan Garvin","EDGE","2024-08-09","SFA",1055000,1,2020,158,2,"111+","Off Roster",2024,255.4,0.00413077525450274
"2817",9718,"Pressley Harvin","P","2024-08-09","SFA",1055000,1,2021,25,2,"16-25","Starter",2024,255.4,0.00413077525450274
"2818",9616,"Caden Sterns","S","2024-08-11","SFA",1055000,1,2021,129,2,"111+","Off Roster",2024,255.4,0.00413077525450274
"2819",6935,"Connor Williams","C","2024-08-12","SFA",4000000,1,2018,15,2,"9-15","Above-Average Starter",2024,255.4,0.0156617071260767
"2820",11311,"William Hooper","CB","2024-08-12","SFA",795000,1,2023,332,2,"111+","Off Roster",2024,255.4,0.00311276429130775
"2821",8880,"Shaquille Quarterman","LB","2024-08-13","SFA",1125000,1,2020,121,2,"111+","Off Roster",2024,255.4,0.00440485512920908
"2822",9516,"Jeremiah Owusu-Koramoah","LB","2024-08-14","Extension",12500000,3,2021,6,2,"4-8","Star",2024,255.4,0.0489428347689898
"2823",11414,"Robert Cooper","DT","2024-08-14","SFA",795000,1,2023,268,2,"111+","Off Roster",2024,255.4,0.00311276429130775
"2824",8852,"Joshua Kelley","RB","2024-08-15","SFA",1125000,1,2020,74,2,"41-80","Depth",2024,255.4,0.00440485512920908
"2825",10139,"Matt Corral","QB","2024-08-16","SFA",795000,1,2022,128,2,"111+","Off Roster",2024,255.4,0.00311276429130775
"2826",9613,"Evan McPherson","K","2024-08-18","Extension",5500000,3,2021,5,2,"4-8","Star",2024,255.4,0.0215348472983555
"2827",10339,"Justin Hall","WR","2024-08-19","SFA",795000,1,2022,376,2,"111+","Off Roster",2024,255.4,0.00311276429130775
"2828",11113,"Michael Ezeike","TE","2024-08-19","SFA",795000,1,2023,192,2,"111+","Off Roster",2024,255.4,0.00311276429130775
"2829",11287,"Chim Okorafor","RT","2024-08-19","SFA",795000,1,2023,108,2,"81-110","Roster Fringe",2024,255.4,0.00311276429130775
"2830",11095,"Mikel Jones","LB","2024-08-20","SFA",877500,2,2023,247,2,"111+","Off Roster",2024,255.4,0.00343578700078309
"2831",11590,"Nehemiah Shelton","CB","2024-08-20","SFA",877500,2,2023,320,2,"111+","Off Roster",2024,255.4,0.00343578700078309
"2832",7909,"Hjalte Froholdt","C","2024-08-21","Extension",6000000,2,2019,10,2,"9-15","Above-Average Starter",2024,255.4,0.0234925606891151
"2833",11593,"DaShaun White","LB","2024-08-21","SFA",795000,1,2023,262,2,"111+","Off Roster",2024,255.4,0.00311276429130775
"2834",8756,"A.J. Terrell","CB","2024-08-22","Extension",20250000,4,2020,2,2,"1-3","Superstar",2024,255.4,0.0792873923257635
"2835",11098,"SaRodorick Thompson","RB","2024-08-22","SFA",795000,1,2023,191,2,"111+","Off Roster",2024,255.4,0.00311276429130775
"2836",11188,"Chuck Filiaga","RG","2024-08-22","SFA",795000,1,2023,87,2,"81-110","Roster Fringe",2024,255.4,0.00311276429130775
"2837",11377,"Mohamed Ibrahim","RB","2024-08-22","SFA",795000,1,2023,191,2,"111+","Off Roster",2024,255.4,0.00311276429130775
"2838",11476,"Jacob Saylors","RB","2024-08-22","SFA",795000,1,2023,191,2,"111+","Off Roster",2024,255.4,0.00311276429130775
"2839",9527,"Creed Humphrey","C","2024-08-26","Extension",18000000,4,2021,1,2,"1-3","Superstar",2024,255.4,0.0704776820673453
"2840",8757,"CeeDee Lamb","WR","2024-08-27","Extension",34000000,4,2020,2,2,"1-3","Superstar",2024,255.4,0.133124510571652
"2841",8050,"Jakob Johnson","RB","2024-08-29","SFA",1125000,1,2019,73,2,"41-80","Depth",2024,255.4,0.00440485512920908
"2842",8765,"Brandon Aiyuk","WR","2024-08-30","Extension",30000000,4,2020,5,2,"4-8","Star",2024,255.4,0.117462803445576
"2843",9653,"Marlon Tuipulotu","DT","2024-09-03","SFA",1055000,1,2021,140,2,"111+","Off Roster",2024,255.4,0.00413077525450274
"2844",9473,"Patrick Surtain II","CB","2024-09-04","Extension",24000000,4,2021,1,2,"1-3","Superstar",2024,255.4,0.0939702427564604
"2845",9515,"Samuel Cosmi","RG","2024-09-04","Extension",18500000,4,2021,3,2,"1-3","Superstar",2024,255.4,0.0724353954581049
"2846",9531,"Davis Mills","QB","2024-09-04","Other",4058000,2,2021,44,2,"41-80","Depth",2024,255.4,0.0158888018794049
"2847",9618,"Michael Carter II","CB","2024-09-04","Extension",10250000,3,2021,20,2,"16-25","Starter",2024,255.4,0.0401331245105717
"2848",9626,"Noah Gray","TE","2024-09-04","Extension",6000000,3,2021,22,2,"16-25","Starter",2024,255.4,0.0234925606891151
"2849",12123,"Messiah Swinson","TE","2024-09-04","SFA",877500,2,2024,135,2,"111+","Off Roster",2024,255.4,0.00343578700078309
"2850",9519,"Pat Freiermuth","TE","2024-09-06","Extension",12100000,4,2021,10,2,"9-15","Above-Average Starter",2024,255.4,0.0473766640563821
"2851",9557,"Spencer Brown","RT","2024-09-07","Extension",18000000,4,2021,8,2,"4-8","Star",2024,255.4,0.0704776820673453
"2852",12180,"Sam Hartman","QB","2024-09-07","SFA",795000,1,2024,103,2,"81-110","Roster Fringe",2024,255.4,0.00311276429130775
"2853",7845,"Lonnie Johnson Jr.","S","2024-09-10","SFA",1125000,1,2019,104,2,"81-110","Roster Fringe",2024,255.4,0.00440485512920908
"2854",10144,"David Bell","WR","2024-09-11","SFA",1253285,2,2022,134,2,"111+","Off Roster",2024,255.4,0.00490714565387627
"2855",11798,"Dylan McMahon","C","2024-09-11","SFA",795000,1,2024,70,2,"41-80","Depth",2024,255.4,0.00311276429130775
"2856",11917,"Cam Lampkin","CB","2024-09-14","SFA",795000,1,2024,253,2,"111+","Off Roster",2024,255.4,0.00311276429130775
"2857",12234,"Winston Reid","LB","2024-09-14","SFA",795000,1,2024,208,2,"111+","Off Roster",2024,255.4,0.00311276429130775
"2858",9713,"Bennett Skowronek","WR","2024-09-17","SFA",1055000,1,2021,168,2,"111+","Off Roster",2024,255.4,0.00413077525450274
"2859",11433,"Christopher Brooks","RB","2024-09-17","SFA",972500,2,2023,113,2,"111+","Off Roster",2024,255.4,0.00380775254502741
"2860",12037,"Jamree Kromah","EDGE","2024-09-18","SFA",0,2,2024,278,2,"111+","Off Roster",2024,255.4,0
"2861",12078,"Justin Dedich","C","2024-09-18","SFA",877500,2,2024,69,2,"41-80","Depth",2024,255.4,0.00343578700078309
"2862",12311,"Dondrea Tillman","EDGE","2024-09-18","SFA",795000,1,2024,216,2,"111+","Off Roster",2024,255.4,0.00311276429130775
"2863",10298,"Russ Yeast","S","2024-09-24","SFA",985000,1,2022,135,2,"111+","Off Roster",2024,255.4,0.0038566953797964
"2864",11962,"Demani Richardson","S","2024-09-24","SFA",877500,2,2024,172,2,"111+","Off Roster",2024,255.4,0.00343578700078309
"2865",12030,"Jalen Coker","WR","2024-09-24","SFA",877500,2,2024,244,2,"111+","Off Roster",2024,255.4,0.00343578700078309
"2866",11069,"Isaiah Bolden","CB","2024-09-28","SFA",877500,2,2023,238,2,"111+","Off Roster",2024,255.4,0.00343578700078309
"2867",10961,"K.J. Henry","EDGE","2024-10-01","SFA",972500,2,2023,170,2,"111+","Off Roster",2024,255.4,0.00380775254502741
"2868",11079,"Jalen Graham","LB","2024-10-01","SFA",915000,1,2023,181,2,"111+","Off Roster",2024,255.4,0.00358261550509005
"2869",11805,"Zion Logue","DT","2024-10-01","SFA",877500,2,2024,190,2,"111+","Off Roster",2024,255.4,0.00343578700078309
"2870",11886,"Antonio Grier","LB","2024-10-01","SFA",795000,1,2024,207,2,"111+","Off Roster",2024,255.4,0.00311276429130775
"2871",11814,"Nathaniel Watson","LB","2024-10-02","SFA",1005000,4,2024,141,2,"111+","Off Roster",2024,255.4,0.00393500391542678
"2872",10965,"Jaquelin Roy","DT","2024-10-05","SFA",972500,2,2023,170,2,"111+","Off Roster",2024,255.4,0.00380775254502741
"2873",12095,"Kyle Hergel","LG","2024-10-07","SFA",877500,2,2024,81,2,"81-110","Roster Fringe",2024,255.4,0.00343578700078309
"2874",10244,"Cade Mays","LG","2024-10-08","SFA",985000,1,2022,69,2,"41-80","Depth",2024,255.4,0.0038566953797964
"2875",11331,"Thomas Incoom","EDGE","2024-10-08","SFA",972500,2,2023,170,2,"111+","Off Roster",2024,255.4,0.00380775254502741
"2876",12104,"Levelle Bailey","LB","2024-10-08","SFA",943333,3,2024,169,2,"111+","Off Roster",2024,255.4,0.00369355129209084
"2877",10215,"Teagan Quitoriano","TE","2024-10-09","SFA",985000,1,2022,105,2,"81-110","Roster Fringe",2024,255.4,0.0038566953797964
"2878",11071,"Brayden Willis","TE","2024-10-09","SFA",915000,1,2023,126,2,"111+","Off Roster",2024,255.4,0.00358261550509005
"2879",10258,"John FitzPatrick","TE","2024-10-11","SFA",985000,1,2022,102,2,"81-110","Roster Fringe",2024,255.4,0.0038566953797964
"2880",10611,"Brenden Schooler","S","2024-10-11","Extension",3000000,3,2022,46,2,"41-80","Depth",2024,255.4,0.0117462803445576
"2881",9646,"Adetokunbo Ogundeji","EDGE","2024-10-12","SFA",1055000,1,2021,153,2,"111+","Off Roster",2024,255.4,0.00413077525450274
"2882",11000,"Evan Hull","RB","2024-10-12","SFA",795000,1,2023,141,2,"111+","Off Roster",2024,255.4,0.00311276429130775
"2883",9536,"Alim McNeill","DT","2024-10-15","Extension",24250000,4,2021,4,2,"4-8","Star",2024,255.4,0.0949490994518403
"2884",10582,"Tre Avery","CB","2024-10-15","SFA",1042500,2,2022,167,2,"111+","Off Roster",2024,255.4,0.00408183241973375
"2885",10936,"Chad Ryland","K","2024-10-15","SFA",972500,2,2023,39,2,"26-40","Backup/Role-Player",2024,255.4,0.00380775254502741
"2886",12025,"Jacoby Windmon","LB","2024-10-15","SFA",877500,2,2024,193,2,"111+","Off Roster",2024,255.4,0.00343578700078309
"2887",12055,"Jermaine Jackson","WR","2024-10-17","SFA",877500,2,2024,233,2,"111+","Off Roster",2024,255.4,0.00343578700078309
"2888",9624,"Shaun Wade","CB","2024-10-21","SFA",1055000,1,2021,158,2,"111+","Off Roster",2024,255.4,0.00413077525450274
"2889",10140,"Zachary Carter","DT","2024-10-21","SFA",985000,1,2022,162,2,"111+","Off Roster",2024,255.4,0.0038566953797964
"2890",12251,"Chris Collier","RB","2024-10-21","SFA",795000,1,2024,139,2,"111+","Off Roster",2024,255.4,0.00311276429130775
"2891",10119,"Desmond Ridder","QB","2024-10-22","SFA",985000,1,2022,88,2,"81-110","Roster Fringe",2024,255.4,0.0038566953797964
"2892",11898,"Bo Richter","EDGE","2024-10-22","SFA",877500,2,2024,207,2,"111+","Off Roster",2024,255.4,0.00343578700078309
"2893",7796,"Devin White","LB","2024-10-23","SFA",1125000,1,2019,111,2,"111+","Off Roster",2024,255.4,0.00440485512920908
"2894",11991,"Evan Anderson","DT","2024-10-23","SFA",795000,1,2024,199,2,"111+","Off Roster",2024,255.4,0.00311276429130775
"2895",11996,"Gabe Jeudy-Lally","CB","2024-10-26","SFA",877500,2,2024,239,2,"111+","Off Roster",2024,255.4,0.00343578700078309
"2896",11013,"Ochaun Mathis","EDGE","2024-10-29","SFA",972500,2,2023,170,2,"111+","Off Roster",2024,255.4,0.00380775254502741
"2897",9703,"Jonathon Cooper","EDGE","2024-11-02","Extension",13500000,4,2021,22,2,"16-25","Starter",2024,255.4,0.052858261550509
"2898",10436,"Peyton Hendershot","TE","2024-11-02","SFA",985000,1,2022,103,2,"81-110","Roster Fringe",2024,255.4,0.0038566953797964
"2899",10974,"Justin Shorter","WR","2024-11-02","SFA",877500,2,2023,226,2,"111+","Off Roster",2024,255.4,0.00343578700078309
"2900",11910,"Bryce Oliver","WR","2024-11-02","SFA",877500,2,2024,226,2,"111+","Off Roster",2024,255.4,0.00343578700078309
"2901",12088,"Kendall Milton","RB","2024-11-02","SFA",795000,1,2024,139,2,"111+","Off Roster",2024,255.4,0.00311276429130775
"2902",12131,"Millard Bradford","S","2024-11-02","SFA",795000,1,2024,176,2,"111+","Off Roster",2024,255.4,0.00311276429130775
"2903",12160,"Ramel Keyton","WR","2024-11-02","SFA",877500,2,2024,226,2,"111+","Off Roster",2024,255.4,0.00343578700078309
"2904",9590,"Chuba Hubbard","RB","2024-11-06","Extension",8300000,4,2021,9,2,"9-15","Above-Average Starter",2024,255.4,0.0324980422866092
"2905",11038,"Ameer Speed","CB","2024-11-06","SFA",915000,1,2023,225,2,"111+","Off Roster",2024,255.4,0.00358261550509005
"2906",10317,"Jalen Virgil","WR","2024-11-08","SFA",972500,2,2022,201,2,"111+","Off Roster",2024,255.4,0.00380775254502741
"2907",10171,"Neil Farrell Jr.","DT","2024-11-11","SFA",985000,1,2022,161,2,"111+","Off Roster",2024,255.4,0.0038566953797964
"2908",10312,"Josh Jobe","CB","2024-11-11","SFA",985000,1,2022,183,2,"111+","Off Roster",2024,255.4,0.0038566953797964
"2909",9636,"Deommodore Lenoir","CB","2024-11-13","Extension",17960000,5,2021,13,2,"9-15","Above-Average Starter",2024,255.4,0.0703210649960846
"2910",11928,"Chigozie Anusiem","CB","2024-11-13","SFA",877500,2,2024,234,2,"111+","Off Roster",2024,255.4,0.00343578700078309
"2911",11915,"Cam Grandy","TE","2024-11-15","SFA",795000,1,2024,136,2,"111+","Off Roster",2024,255.4,0.00311276429130775
"2912",12190,"Spencer Shrader","K","2024-11-15","SFA",795000,1,2024,45,2,"41-80","Depth",2024,255.4,0.00311276429130775
"2913",9486,"Caleb Farley","CB","2024-11-18","SFA",985000,1,2021,185,2,"111+","Off Roster",2024,255.4,0.0038566953797964
"2914",11031,"Anders Carlson","K","2024-11-18","SFA",972500,2,2023,39,2,"26-40","Backup/Role-Player",2024,255.4,0.00380775254502741
"2915",11035,"Titus Leo","EDGE","2024-11-19","SFA",877500,2,2023,201,2,"111+","Off Roster",2024,255.4,0.00343578700078309
"2916",9483,"Jamin Davis","LB","2024-11-26","SFA",1055000,1,2021,130,2,"111+","Off Roster",2024,255.4,0.00413077525450274
"2917",11017,"Chris Rodriguez Jr.","RB","2024-11-26","SFA",915000,1,2023,120,2,"111+","Off Roster",2024,255.4,0.00358261550509005
"2918",9523,"Terrace Marshall Jr.","WR","2024-11-28","SFA",1055000,1,2021,161,2,"111+","Off Roster",2024,255.4,0.00413077525450274
"2919",10968,"Atonio Mafi","LG","2024-11-30","SFA",972500,2,2023,67,2,"41-80","Depth",2024,255.4,0.00380775254502741
"2920",9509,"Walker Little","LT","2024-12-02","Extension",13500000,3,2021,13,2,"9-15","Above-Average Starter",2024,255.4,0.052858261550509
"2921",9583,"Kene Nwangwu","RB","2024-12-02","SFA",1055000,1,2021,87,2,"81-110","Roster Fringe",2024,255.4,0.00413077525450274
"2922",11851,"Jowon Briggs","DT","2024-12-02","SFA",877500,2,2024,192,2,"111+","Off Roster",2024,255.4,0.00343578700078309
"2923",11387,"Kaevon Merriweather","S","2024-12-03","SFA",915000,1,2023,155,2,"111+","Off Roster",2024,255.4,0.00358261550509005
"2924",9510,"Jackson Carman","LT","2024-12-04","SFA",1055000,1,2021,61,2,"41-80","Depth",2024,255.4,0.00413077525450274
"2925",9611,"Brevin Jordan","TE","2024-12-04","Extension",2100000,1,2021,46,2,"41-80","Depth",2024,255.4,0.00822239624119029
"2926",9484,"Kadarius Toney","WR","2024-12-07","SFA",1055000,1,2021,161,2,"111+","Off Roster",2024,255.4,0.00413077525450274
"2927",10247,"Michael Woods","WR","2024-12-07","SFA",972500,2,2022,200,2,"111+","Off Roster",2024,255.4,0.00380775254502741
"2928",11319,"Nikko Remigio","WR","2024-12-07","SFA",877500,2,2023,227,2,"111+","Off Roster",2024,255.4,0.00343578700078309
"2929",11923,"Casey Rogers","DT","2024-12-07","SFA",795000,1,2024,195,2,"111+","Off Roster",2024,255.4,0.00311276429130775
"2930",10116,"Velus Jones Jr.","WR","2024-12-10","SFA",985000,1,2022,195,2,"111+","Off Roster",2024,255.4,0.0038566953797964
"2931",10245,"Sam Roberts","DT","2024-12-10","SFA",1042500,2,2022,150,2,"111+","Off Roster",2024,255.4,0.00408183241973375
"2932",11921,"Carter Bradley","QB","2024-12-10","SFA",877500,2,2024,99,2,"81-110","Roster Fringe",2024,255.4,0.00343578700078309
"2933",11772,"Jaylin Simpson","S","2024-12-11","SFA",877500,2,2024,163,2,"111+","Off Roster",2024,255.4,0.00343578700078309
"2934",11084,"Andre Carter II","EDGE","2024-12-18","SFA",972500,2,2023,167,2,"111+","Off Roster",2024,255.4,0.00380775254502741
"2935",11904,"Brenden Bates","TE","2024-12-18","SFA",877500,2,2024,126,2,"111+","Off Roster",2024,255.4,0.00343578700078309
"2936",11852,"Justin Rogers","DT","2024-12-19","SFA",943333,3,2024,183,2,"111+","Off Roster",2024,255.4,0.00369355129209084
"2937",12268,"Brayden Narveson","K","2024-12-20","SFA",795000,1,2024,45,2,"41-80","Depth",2024,255.4,0.00311276429130775
"2938",10087,"Andrew Booth Jr.","CB","2024-12-21","SFA",1042500,2,2022,165,2,"111+","Off Roster",2024,255.4,0.00408183241973375
"2939",10981,"Kyu Blu Kelly","CB","2024-12-21","SFA",972500,2,2023,194,2,"111+","Off Roster",2024,255.4,0.00380775254502741
"2940",10988,"Jaren Hall","QB","2024-12-21","SFA",972500,2,2023,89,2,"81-110","Roster Fringe",2024,255.4,0.00380775254502741
"2941",12285,"Terrell Jennings","RB","2024-12-21","SFA",877500,2,2024,127,2,"111+","Off Roster",2024,255.4,0.00343578700078309
"2942",11897,"Blake Watson","RB","2024-12-24","SFA",943333,3,2024,113,2,"111+","Off Roster",2024,255.4,0.00369355129209084
"2943",12040,"Jarius Monroe","CB","2024-12-24","SFA",943333,3,2024,218,2,"111+","Off Roster",2024,255.4,0.00369355129209084
"2944",12000,"George Holani","RB","2024-12-26","SFA",877500,2,2024,128,2,"111+","Off Roster",2024,255.4,0.00343578700078309
"2945",10170,"Erik Ezukanma","WR","2024-12-28","SFA",1042500,2,2022,171,2,"111+","Off Roster",2024,255.4,0.00408183241973375
"2946",12012,"Isaiah Stalbird","S","2024-12-28","SFA",877500,2,2024,164,2,"111+","Off Roster",2024,255.4,0.00343578700078309
"2947",12018,"Jack Plummer","QB","2024-12-28","SFA",877500,2,2024,96,2,"81-110","Roster Fringe",2024,255.4,0.00343578700078309
"2948",12132,"Morice Norris","CB","2024-12-28","SFA",795000,1,2024,248,2,"111+","Off Roster",2024,255.4,0.00311276429130775
"2949",12271,"Jack Browning","P","2024-12-28","SFA",877500,2,2024,35,2,"26-40","Backup/Role-Player",2024,255.4,0.00343578700078309
"2950",9602,"Josh Ball","LT","2024-12-31","SFA",937500,2,2021,79,2,"41-80","Depth",2024,255.4,0.00367071260767424
"2951",9571,"Michael Carter","RB","2025-01-01","SFA",1187500,2,2021,63,2,"41-80","Depth",2024,255.4,0.00464956930305403
"2952",10942,"Braeden Daniels","LT","2025-01-01","SFA",877500,2,2023,83,2,"81-110","Roster Fringe",2024,255.4,0.00343578700078309
"2953",11929,"Chris Edmonds","S","2025-01-03","SFA",817500,2,2024,174,2,"111+","Off Roster",2024,255.4,0.00320086139389193
"2954",12063,"John Rhys Plumlee","QB","2025-01-03","SFA",817500,2,2024,102,2,"81-110","Roster Fringe",2024,255.4,0.00320086139389193
"2955",9556,"Monty Rice","LB","2025-01-04","SFA",1125000,2,2021,108,2,"81-110","Roster Fringe",2024,255.4,0.00440485512920908
"2956",11607,"Dante Miller","RB","2025-01-04","SFA",877500,2,2024,130,2,"111+","Off Roster",2024,255.4,0.00343578700078309
"2957",12019,"Jack Westover","TE","2025-01-04","SFA",877500,2,2024,127,2,"111+","Off Roster",2024,255.4,0.00343578700078309
"2958",12092,"Khalid Duke","EDGE","2025-01-04","SFA",880000,3,2024,193,2,"111+","Off Roster",2024,255.4,0.00344557556773688
"2959",12130,"Miles Battle","CB","2025-01-04","SFA",817500,2,2024,248,2,"111+","Off Roster",2024,255.4,0.00320086139389193
"2960",9587,"Zech McPhearson","CB","2025-01-06","SFA",1030000,1,2021,177,2,"111+","Off Roster",2024,255.4,0.00403288958496476
"2961",10168,"Isaiah Spiller","RB","2025-01-06","SFA",1030000,1,2022,98,2,"81-110","Roster Fringe",2024,255.4,0.00403288958496476
"2962",10271,"Ja'Tyre Carter","LG","2025-01-06","SFA",1030000,1,2022,62,2,"41-80","Depth",2024,255.4,0.00403288958496476
"2963",10303,"Samori Toure","WR","2025-01-06","SFA",1030000,1,2022,185,2,"111+","Off Roster",2024,255.4,0.00403288958496476
"2964",10553,"Josh Sills","LG","2025-01-06","SFA",1030000,1,2022,62,2,"41-80","Depth",2024,255.4,0.00403288958496476
"2965",10921,"Ricky Stromberg","C","2025-01-06","SFA",960000,1,2023,58,2,"41-80","Depth",2024,255.4,0.00375880971025842
"2966",11026,"Christian Braswell","CB","2025-01-06","SFA",1030000,1,2023,177,2,"111+","Off Roster",2024,255.4,0.00403288958496476
"2967",11039,"Zach Evans","RB","2025-01-06","SFA",1017500,2,2023,101,2,"81-110","Roster Fringe",2024,255.4,0.00398394675019577
"2968",11049,"Jovaughn Gwyn","LG","2025-01-06","SFA",1030000,1,2023,62,2,"41-80","Depth",2024,255.4,0.00403288958496476
"2969",11078,"Gervarrius Owens","S","2025-01-06","SFA",1017500,2,2023,127,2,"111+","Off Roster",2024,255.4,0.00398394675019577
"2970",11240,"Andre Szmyt","K","2025-01-06","SFA",840000,1,2023,46,2,"41-80","Depth",2024,255.4,0.00328895849647612
"2971",11402,"Dalton Wagner","RT","2025-01-06","SFA",840000,1,2023,85,2,"81-110","Roster Fringe",2024,255.4,0.00328895849647612
"2972",11600,"Durell Nchami","EDGE","2025-01-06","SFA",840000,1,2023,210,2,"111+","Off Roster",2024,255.4,0.00328895849647612
"2973",11605,"Charlie Smyth","K","2025-01-06","SFA",922500,2,2024,43,2,"41-80","Depth",2024,255.4,0.00361198120595145
"2974",11799,"Tejhaun Palmer","WR","2025-01-06","SFA",840000,1,2024,252,2,"111+","Off Roster",2024,255.4,0.00328895849647612
"2975",11800,"D.J. James","CB","2025-01-06","SFA",840000,1,2024,258,2,"111+","Off Roster",2024,255.4,0.00328895849647612
"2976",11834,"Jaden Davis","CB","2025-01-06","SFA",840000,1,2024,258,2,"111+","Off Roster",2024,255.4,0.00328895849647612
"2977",11837,"M.J. Devonshire","CB","2025-01-06","SFA",840000,1,2024,258,2,"111+","Off Roster",2024,255.4,0.00328895849647612
"2978",11847,"Josiah Ezirim","LT","2025-01-06","SFA",922500,2,2024,83,2,"81-110","Roster Fringe",2024,255.4,0.00361198120595145
"2979",11855,"Marcus Harris","DT","2025-01-06","SFA",840000,1,2024,201,2,"111+","Off Roster",2024,255.4,0.00328895849647612
"2980",11875,"Alex Johnson","CB","2025-01-06","SFA",840000,1,2024,258,2,"111+","Off Roster",2024,255.4,0.00328895849647612
"2981",11881,"Andrew Parker Jr.","LB","2025-01-06","SFA",840000,1,2024,210,2,"111+","Off Roster",2024,255.4,0.00328895849647612
"2982",11883,"Andrew Raym","C","2025-01-06","SFA",960000,1,2024,58,2,"41-80","Depth",2024,255.4,0.00375880971025842
"2983",11889,"Austin Reed","QB","2025-01-06","SFA",840000,1,2024,104,2,"81-110","Roster Fringe",2024,255.4,0.00328895849647612
"2984",11909,"Brock Mogensen","LB","2025-01-06","SFA",922500,2,2024,187,2,"111+","Off Roster",2024,255.4,0.00361198120595145
"2985",11918,"Carl Jones Jr.","EDGE","2025-01-06","SFA",840000,1,2024,210,2,"111+","Off Roster",2024,255.4,0.00328895849647612
"2986",11963,"Denzel Daxon","DT","2025-01-06","SFA",922500,2,2024,194,2,"111+","Off Roster",2024,255.4,0.00361198120595145
"2987",11976,"Drake Nugent","C","2025-01-06","SFA",840000,1,2024,71,2,"41-80","Depth",2024,255.4,0.00328895849647612
"2988",11985,"Emani Bailey","RB","2025-01-06","SFA",840000,1,2024,148,2,"111+","Off Roster",2024,255.4,0.00328895849647612
"2989",11987,"Emory Jones","QB","2025-01-06","SFA",840000,1,2024,104,2,"81-110","Roster Fringe",2024,255.4,0.00328895849647612
"2990",12001,"Gottlieb Ayedze","LG","2025-01-06","SFA",840000,1,2024,86,2,"81-110","Roster Fringe",2024,255.4,0.00328895849647612
"2991",12017,"Jabari Small","RB","2025-01-06","SFA",922500,2,2024,125,2,"111+","Off Roster",2024,255.4,0.00361198120595145
"2992",12021,"Jackson Sirmon","LB","2025-01-06","SFA",922500,2,2024,187,2,"111+","Off Roster",2024,255.4,0.00361198120595145
"2993",12042,"Jason Bean","QB","2025-01-06","SFA",840000,1,2024,104,2,"81-110","Roster Fringe",2024,255.4,0.00328895849647612
"2994",12044,"Javion Cohen","LG","2025-01-06","SFA",960000,1,2024,76,2,"41-80","Depth",2024,255.4,0.00375880971025842
"2995",12048,"Jaylen Mahoney","S","2025-01-06","SFA",960000,1,2024,141,2,"111+","Off Roster",2024,255.4,0.00375880971025842
"2996",12060,"John Jiles","WR","2025-01-06","SFA",840000,1,2024,252,2,"111+","Off Roster",2024,255.4,0.00328895849647612
"2997",12071,"Josh Cephus","WR","2025-01-06","SFA",840000,1,2024,252,2,"111+","Off Roster",2024,255.4,0.00328895849647612
"2998",12074,"Julian Pearl","LT","2025-01-06","SFA",840000,1,2024,90,2,"81-110","Roster Fringe",2024,255.4,0.00328895849647612
"2999",12090,"Kenny Dyson Jr.","EDGE","2025-01-06","SFA",840000,1,2024,210,2,"111+","Off Roster",2024,255.4,0.00328895849647612
"3000",12109,"Lorenzo Thompson","LT","2025-01-06","SFA",840000,1,2024,90,2,"81-110","Roster Fringe",2024,255.4,0.00328895849647612
"3001",12116,"Mark Perry","S","2025-01-06","SFA",840000,1,2024,178,2,"111+","Off Roster",2024,255.4,0.00328895849647612
"3002",12117,"Mason Pline","TE","2025-01-06","SFA",840000,1,2024,142,2,"111+","Off Roster",2024,255.4,0.00328895849647612
"3003",12119,"Matt Jones","LG","2025-01-06","SFA",840000,1,2024,86,2,"81-110","Roster Fringe",2024,255.4,0.00328895849647612
"3004",12149,"Ovie Oghoufo","EDGE","2025-01-06","SFA",840000,1,2024,210,2,"111+","Off Roster",2024,255.4,0.00328895849647612
"3005",12155,"Pheldarius Payne","DT","2025-01-06","SFA",840000,1,2024,201,2,"111+","Off Roster",2024,255.4,0.00328895849647612
"3006",12186,"Shawn Bowman","TE","2025-01-06","SFA",840000,1,2024,142,2,"111+","Off Roster",2024,255.4,0.00328895849647612
"3007",12199,"Tanner Mordecai","QB","2025-01-06","SFA",840000,1,2024,104,2,"81-110","Roster Fringe",2024,255.4,0.00328895849647612
"3008",12203,"Terique Owens","WR","2025-01-06","SFA",840000,1,2024,252,2,"111+","Off Roster",2024,255.4,0.00328895849647612
"3009",12217,"Treyton Welch","TE","2025-01-06","SFA",922500,2,2024,123,2,"111+","Off Roster",2024,255.4,0.00361198120595145
"3010",12230,"Will Putnam","C","2025-01-06","SFA",840000,1,2024,71,2,"41-80","Depth",2024,255.4,0.00328895849647612
"3011",12252,"Theo Benedet","RT","2025-01-06","SFA",840000,1,2024,85,2,"81-110","Roster Fringe",2024,255.4,0.00328895849647612
"3012",12254,"Bryan Hudson","C","2025-01-06","SFA",840000,1,2024,71,2,"41-80","Depth",2024,255.4,0.00328895849647612
"3013",12275,"Jude McAtamney","K","2025-01-06","SFA",840000,1,2024,46,2,"41-80","Depth",2024,255.4,0.00328895849647612
"3014",12279,"John Jackson","WR","2025-01-06","SFA",840000,1,2024,252,2,"111+","Off Roster",2024,255.4,0.00328895849647612
"3015",12312,"Kohl Levao","RG","2025-01-06","SFA",922500,2,2024,63,2,"41-80","Depth",2024,255.4,0.00361198120595145
"3016",10178,"Jake Camarda","P","2025-01-07","SFA",1100000,1,2022,24,2,"16-25","Starter",2024,255.4,0.0043069694596711
"3017",10186,"Damarion Williams","CB","2025-01-07","SFA",1030000,1,2022,178,2,"111+","Off Roster",2024,255.4,0.00403288958496476
"3018",11809,"Micah Abraham","CB","2025-01-07","SFA",840000,1,2024,264,2,"111+","Off Roster",2024,255.4,0.00328895849647612
"3019",11865,"Jaylen Key","S","2025-01-07","SFA",840000,1,2024,179,2,"111+","Off Roster",2024,255.4,0.00328895849647612
"3020",11879,"Andrew Coker","LT","2025-01-07","SFA",840000,1,2024,92,2,"81-110","Roster Fringe",2024,255.4,0.00328895849647612
"3021",11885,"Anthony Goodlow","EDGE","2025-01-07","SFA",840000,1,2024,213,2,"111+","Off Roster",2024,255.4,0.00328895849647612
"3022",11938,"Cole Burgess","WR","2025-01-07","SFA",840000,1,2024,258,2,"111+","Off Roster",2024,255.4,0.00328895849647612
"3023",11943,"Craig Young","S","2025-01-07","SFA",840000,1,2024,179,2,"111+","Off Roster",2024,255.4,0.00328895849647612
"3024",11964,"Derrick Mclendon II","EDGE","2025-01-07","SFA",922500,2,2024,190,2,"111+","Off Roster",2024,255.4,0.00361198120595145
"3025",12006,"Hayden Rucci","TE","2025-01-07","SFA",922500,2,2024,123,2,"111+","Off Roster",2024,255.4,0.00361198120595145
"3026",12065,"Jordan Colbert","S","2025-01-07","SFA",922500,2,2024,158,2,"111+","Off Roster",2024,255.4,0.00361198120595145
"3027",12124,"Michael Dowell","S","2025-01-07","SFA",840000,1,2024,179,2,"111+","Off Roster",2024,255.4,0.00328895849647612
"3028",12128,"Mike Novitsky","C","2025-01-07","SFA",840000,1,2024,71,2,"41-80","Depth",2024,255.4,0.00328895849647612
"3029",12157,"P.J. Jules","S","2025-01-07","SFA",840000,1,2024,179,2,"111+","Off Roster",2024,255.4,0.00328895849647612
"3030",12178,"Ryan Cooper","CB","2025-01-07","SFA",840000,1,2024,264,2,"111+","Off Roster",2024,255.4,0.00328895849647612
"3031",12222,"Tyler Manoa","DT","2025-01-07","SFA",840000,1,2024,205,2,"111+","Off Roster",2024,255.4,0.00328895849647612
"3032",12274,"Bayron Matos","LT","2025-01-07","SFA",922500,2,2024,84,2,"81-110","Roster Fringe",2024,255.4,0.00361198120595145
"3033",12300,"Jason Maitre","CB","2025-01-07","SFA",922500,2,2024,239,2,"111+","Off Roster",2024,255.4,0.00361198120595145
"3034",12331,"Jamie Sheriff","LB","2025-01-07","SFA",840000,1,2024,212,2,"111+","Off Roster",2024,255.4,0.00328895849647612
"3035",10077,"Lewis Cine","S","2025-01-08","SFA",1007500,2,2022,130,2,"111+","Off Roster",2024,255.4,0.00394479248238058
"3036",11884,"Anim Dankwah","LT","2025-01-08","SFA",840000,1,2024,92,2,"81-110","Roster Fringe",2024,255.4,0.00328895849647612
"3037",12188,"Sincere Haynesworth","C","2025-01-08","SFA",840000,1,2024,71,2,"41-80","Depth",2024,255.4,0.00328895849647612
"3038",8936,"Shaun Bradley","LB","2025-01-09","SFA",1100000,1,2020,127,2,"111+","Off Roster",2024,255.4,0.0043069694596711
"3039",11058,"Jason Taylor II","S","2025-01-09","SFA",960000,1,2023,142,2,"111+","Off Roster",2024,255.4,0.00375880971025842
"3040",11285,"Trevor Reid","LT","2025-01-09","SFA",840000,1,2023,92,2,"81-110","Roster Fringe",2024,255.4,0.00328895849647612
"3041",10973,"Sean Clifford","QB","2025-01-11","SFA",937500,2,2023,95,2,"81-110","Roster Fringe",2024,255.4,0.00367071260767424
"3042",10251,"Matt Henningsen","DT","2025-01-13","SFA",1100000,1,2022,139,2,"111+","Off Roster",2024,255.4,0.0043069694596711
"3043",11019,"A.T. Perry","WR","2025-01-13","SFA",1030000,1,2023,188,2,"111+","Off Roster",2024,255.4,0.00403288958496476
"3044",11364,"Caleb Murphy","EDGE","2025-01-13","SFA",1030000,1,2023,162,2,"111+","Off Roster",2024,255.4,0.00403288958496476
"3045",11819,"Kamal Hadden","CB","2025-01-13","SFA",840000,1,2024,266,2,"111+","Off Roster",2024,255.4,0.00328895849647612
"3046",11861,"Cornelius Johnson","WR","2025-01-13","SFA",840000,1,2024,260,2,"111+","Off Roster",2024,255.4,0.00328895849647612
"3047",11863,"Kalen King","CB","2025-01-13","SFA",840000,1,2024,266,2,"111+","Off Roster",2024,255.4,0.00328895849647612
"3048",11864,"Nick Gargiulo","RG","2025-01-13","SFA",1046500,2,2024,47,2,"41-80","Depth",2024,255.4,0.00409749412685983
"3049",11973,"Donovan Jennings","RT","2025-01-13","SFA",840000,1,2024,86,2,"81-110","Roster Fringe",2024,255.4,0.00328895849647612
"3050",12020,"Jackson Mitchell","LB","2025-01-13","SFA",840000,1,2024,214,2,"111+","Off Roster",2024,255.4,0.00328895849647612
"3051",12047,"Jaylen Johnson","WR","2025-01-13","SFA",840000,1,2024,260,2,"111+","Off Roster",2024,255.4,0.00328895849647612
"3052",12053,"Jeremiah Jean-Baptiste","LB","2025-01-13","SFA",840000,1,2024,214,2,"111+","Off Roster",2024,255.4,0.00328895849647612
"3053",12066,"Jordan Miller","DT","2025-01-13","SFA",840000,1,2024,206,2,"111+","Off Roster",2024,255.4,0.00328895849647612
"3054",12073,"Julian Hicks","WR","2025-01-13","SFA",840000,1,2024,260,2,"111+","Off Roster",2024,255.4,0.00328895849647612
"3055",12079,"K.J. Cloyd","LB","2025-01-13","SFA",840000,1,2024,214,2,"111+","Off Roster",2024,255.4,0.00328895849647612
"3056",12083,"Karsen Barnhart","LG","2025-01-13","SFA",840000,1,2024,87,2,"81-110","Roster Fringe",2024,255.4,0.00328895849647612
"3057",12121,"McCallan Castles","TE","2025-01-13","SFA",840000,1,2024,144,2,"111+","Off Roster",2024,255.4,0.00328895849647612
"3058",12147,"Omar Brown","S","2025-01-13","SFA",960000,1,2024,143,2,"111+","Off Roster",2024,255.4,0.00375880971025842
"3059",12205,"Thomas Yassmin","TE","2025-01-13","SFA",840000,1,2024,144,2,"111+","Off Roster",2024,255.4,0.00328895849647612
"3060",12213,"Tre'Mon Morris-Brash","EDGE","2025-01-13","SFA",840000,1,2024,216,2,"111+","Off Roster",2024,255.4,0.00328895849647612
"3061",12284,"Quinton Newsome","CB","2025-01-13","SFA",840000,1,2024,266,2,"111+","Off Roster",2024,255.4,0.00328895849647612
"3062",12333,"Alex Hale","K","2025-01-13","SFA",840000,1,2024,46,2,"41-80","Depth",2024,255.4,0.00328895849647612
"3063",9654,"Trey Hill","C","2025-01-14","SFA",1100000,1,2021,43,2,"41-80","Depth",2024,255.4,0.0043069694596711
"3064",10238,"Devin Harper","LB","2025-01-14","SFA",1030000,1,2022,148,2,"111+","Off Roster",2024,255.4,0.00403288958496476
"3065",10292,"Skylar Thompson","QB","2025-01-14","SFA",1100000,1,2022,79,2,"41-80","Depth",2024,255.4,0.0043069694596711
"3066",10573,"Dallis Flowers","CB","2025-01-14","SFA",1100000,1,2022,144,2,"111+","Off Roster",2024,255.4,0.0043069694596711
"3067",11214,"D'Shawn Jamison","CB","2025-01-14","SFA",960000,1,2023,215,2,"111+","Off Roster",2024,255.4,0.00375880971025842
"3068",11373,"Johnny Lumpkin","TE","2025-01-14","SFA",840000,1,2023,146,2,"111+","Off Roster",2024,255.4,0.00328895849647612
"3069",11853,"Michael Pratt","QB","2025-01-14","SFA",1142500,2,2024,73,2,"41-80","Depth",2024,255.4,0.00447337509788567
"3070",11899,"Brady Latham","LG","2025-01-14","SFA",840000,1,2024,87,2,"81-110","Roster Fringe",2024,255.4,0.00328895849647612
"3071",11949,"Daniel Grzesiak","EDGE","2025-01-14","SFA",922500,2,2024,194,2,"111+","Off Roster",2024,255.4,0.00361198120595145
"3072",11972,"D.J. Williams","RB","2025-01-14","SFA",922500,2,2024,131,2,"111+","Off Roster",2024,255.4,0.00361198120595145
"3073",11975,"Doug Nester","LT","2025-01-14","SFA",840000,1,2024,97,2,"81-110","Roster Fringe",2024,255.4,0.00328895849647612
"3074",11986,"Emany Johnson","S","2025-01-14","SFA",840000,1,2024,187,2,"111+","Off Roster",2024,255.4,0.00328895849647612
"3075",11998,"Garret Greenfield","LT","2025-01-14","SFA",922500,2,2024,87,2,"81-110","Roster Fringe",2024,255.4,0.00361198120595145
"3076",12075,"Julius Welschof","EDGE","2025-01-14","SFA",840000,1,2024,218,2,"111+","Off Roster",2024,255.4,0.00328895849647612
"3077",12087,"Keith Randolph","DT","2025-01-14","SFA",840000,1,2024,209,2,"111+","Off Roster",2024,255.4,0.00328895849647612
"3078",12120,"Matt Cindric","C","2025-01-14","SFA",840000,1,2024,72,2,"41-80","Depth",2024,255.4,0.00328895849647612
"3079",12138,"Neal Johnson","TE","2025-01-14","SFA",922500,2,2024,124,2,"111+","Off Roster",2024,255.4,0.00361198120595145
"3080",12162,"Rashad Wisdom","S","2025-01-14","SFA",922500,2,2024,164,2,"111+","Off Roster",2024,255.4,0.00361198120595145
"3081",12198,"Tanner Knue","WR","2025-01-14","SFA",922500,2,2024,239,2,"111+","Off Roster",2024,255.4,0.00361198120595145
"3082",12219,"Tulu Griffin","WR","2025-01-14","SFA",840000,1,2024,266,2,"111+","Off Roster",2024,255.4,0.00328895849647612
"3083",12276,"Marcus Banks","S","2025-01-14","SFA",922500,2,2024,164,2,"111+","Off Roster",2024,255.4,0.00361198120595145
"3084",10254,"Luke Tenuta","LT","2025-01-15","SFA",960000,1,2022,78,2,"41-80","Depth",2024,255.4,0.00375880971025842
"3085",11316,"Kahlef Hailassie","CB","2025-01-15","SFA",1030000,1,2023,179,2,"111+","Off Roster",2024,255.4,0.00403288958496476
"3086",11960,"Deion Jennings","LB","2025-01-15","SFA",922500,2,2024,192,2,"111+","Off Roster",2024,255.4,0.00361198120595145
"3087",11997,"Gabriel Murphy","EDGE","2025-01-15","SFA",840000,1,2024,218,2,"111+","Off Roster",2024,255.4,0.00328895849647612
"3088",12102,"Leonard Payne","DT","2025-01-15","SFA",840000,1,2024,211,2,"111+","Off Roster",2024,255.4,0.00328895849647612
"3089",12113,"Marcellus Johnson","LT","2025-01-15","SFA",840000,1,2024,98,2,"81-110","Roster Fringe",2024,255.4,0.00328895849647612
"3090",12165,"Reddy Steward","CB","2025-01-15","SFA",840000,1,2024,270,2,"111+","Off Roster",2024,255.4,0.00328895849647612
"3091",12270,"Max Tooley","LB","2025-01-15","SFA",840000,1,2024,217,2,"111+","Off Roster",2024,255.4,0.00328895849647612
"3092",9566,"Ambry Thomas","CB","2025-01-16","SFA",1100000,1,2021,144,2,"111+","Off Roster",2024,255.4,0.0043069694596711
"3093",11123,"Pokey Wilson","WR","2025-01-16","SFA",922500,2,2023,243,2,"111+","Off Roster",2024,255.4,0.00361198120595145
"3094",9563,"Nahshon Wright","CB","2025-01-17","SFA",1100000,1,2021,144,2,"111+","Off Roster",2024,255.4,0.0043069694596711
"3095",10124,"J.T. Woods","S","2025-01-17","SFA",1030000,1,2022,125,2,"111+","Off Roster",2024,255.4,0.00403288958496476
"3096",10708,"Armani Rogers","TE","2025-01-17","SFA",960000,1,2022,112,2,"111+","Off Roster",2024,255.4,0.00375880971025842
"3097",12056,"Jeshaun Jones","WR","2025-01-17","SFA",840000,1,2024,273,2,"111+","Off Roster",2024,255.4,0.00328895849647612
"3098",11951,"DaRon Gilbert","LB","2025-01-20","SFA",840000,1,2024,218,2,"111+","Off Roster",2024,255.4,0.00328895849647612
"3099",12009,"Isaac Ukwu","EDGE","2025-01-20","SFA",840000,1,2024,218,2,"111+","Off Roster",2024,255.4,0.00328895849647612
"3100",12093,"Kingsley Eguakun","C","2025-01-20","SFA",840000,1,2024,72,2,"41-80","Depth",2024,255.4,0.00328895849647612
"3101",12107,"Loren Strickland","S","2025-01-20","SFA",960000,1,2024,144,2,"111+","Off Roster",2024,255.4,0.00375880971025842
"3102",8990,"Tremayne Anchrum","LT","2025-01-21","SFA",1100000,1,2020,62,2,"41-80","Depth",2024,255.4,0.0043069694596711
"3103",9525,"Carlos Basham Jr.","EDGE","2025-01-21","SFA",1170000,1,2021,129,2,"111+","Off Roster",2024,255.4,0.00458104933437745
"3104",9617,"Tony Fields II","LB","2025-01-21","SFA",1157500,2,2021,108,2,"81-110","Roster Fringe",2024,255.4,0.00453210649960846
"3105",10222,"James Mitchell","TE","2025-01-21","SFA",1030000,1,2022,100,2,"81-110","Roster Fringe",2024,255.4,0.00403288958496476
"3106",10387,"Jake Julien","P","2025-01-21","SFA",942000,2,2022,35,2,"26-40","Backup/Role-Player",2024,255.4,0.00368833202819107
"3107",10742,"Adedayo Odeleye","EDGE","2025-01-21","SFA",840000,1,2022,220,2,"111+","Off Roster",2024,255.4,0.00328895849647612
"3108",10925,"Cameron Latu","TE","2025-01-21","SFA",922500,2,2023,127,2,"111+","Off Roster",2024,255.4,0.00361198120595145
"3109",11077,"Ronnie Bell","WR","2025-01-21","SFA",1030000,1,2023,198,2,"111+","Off Roster",2024,255.4,0.00403288958496476
"3110",11100,"Quindell Johnson","S","2025-01-21","SFA",960000,1,2023,145,2,"111+","Off Roster",2024,255.4,0.00375880971025842
"3111",11826,"Devin Leary","QB","2025-01-21","SFA",840000,1,2024,108,2,"81-110","Roster Fringe",2024,255.4,0.00328895849647612
"3112",11846,"Solomon Byrd","EDGE","2025-01-21","SFA",840000,1,2024,220,2,"111+","Off Roster",2024,255.4,0.00328895849647612
"3113",11925,"Charles Woods","CB","2025-01-21","SFA",1017500,2,2024,196,2,"111+","Off Roster",2024,255.4,0.00398394675019577
"3114",11933,"C.J. Ravenell","EDGE","2025-01-21","SFA",840000,1,2024,220,2,"111+","Off Roster",2024,255.4,0.00328895849647612
"3115",11941,"Corey Bullock","C","2025-01-21","SFA",840000,1,2024,72,2,"41-80","Depth",2024,255.4,0.00328895849647612
"3116",11953,"Darrian Dalcourt","RG","2025-01-21","SFA",840000,1,2024,74,2,"41-80","Depth",2024,255.4,0.00328895849647612
"3117",11958,"Dayton Wade","WR","2025-01-21","SFA",840000,1,2024,279,2,"111+","Off Roster",2024,255.4,0.00328895849647612
"3118",11977,"Drake Stoops","WR","2025-01-21","SFA",922500,2,2024,249,2,"111+","Off Roster",2024,255.4,0.00361198120595145
"3119",11983,"Eli Neal","LB","2025-01-21","SFA",1017500,2,2024,154,2,"111+","Off Roster",2024,255.4,0.00398394675019577
"3120",12086,"Kedon Slovis","QB","2025-01-21","SFA",840000,1,2024,108,2,"81-110","Roster Fringe",2024,255.4,0.00328895849647612
"3121",12237,"Xavier Johnson","WR","2025-01-21","SFA",840000,1,2024,279,2,"111+","Off Roster",2024,255.4,0.00328895849647612
"3122",12257,"David Olajiga","DT","2025-01-21","SFA",922500,2,2024,210,2,"111+","Off Roster",2024,255.4,0.00361198120595145
"3123",11526,"Kearis Jackson","WR","2025-01-24","SFA",840000,1,2023,281,2,"111+","Off Roster",2024,255.4,0.00328895849647612
"3124",11813,"Jawhar Jordan","RB","2025-01-25","SFA",860000,1,2024,155,2,"111+","Off Roster",2024,255.4,0.0033672670321065
"3125",10640,"Ryan Van Demark","RT","2025-01-27","ERFA",1030000,1,2022,68,2,"41-80","Depth",2024,255.4,0.00403288958496476
"3126",11827,"Daequan Hardy","CB","2025-01-27","SFA",926750,2,2024,255,2,"111+","Off Roster",2024,255.4,0.0036286217697729
"3127",11994,"Frank Gore Jr.","RB","2025-01-27","SFA",926500,2,2024,133,2,"111+","Off Roster",2024,255.4,0.00362764291307753
"3128",12127,"Mike Edwards","RT","2025-01-27","SFA",926750,2,2024,86,2,"81-110","Roster Fringe",2024,255.4,0.0036286217697729
"3129",12202,"Te'Cory Couch","CB","2025-01-27","SFA",926750,2,2024,255,2,"111+","Off Roster",2024,255.4,0.0036286217697729
"3130",10194,"Cole Turner","TE","2025-01-28","SFA",1030000,1,2022,101,2,"81-110","Roster Fringe",2024,255.4,0.00403288958496476
"3131",10364,"Troy Hairston II","FB","2025-01-28","SFA",960000,1,2022,9,2,"9-15","Above-Average Starter",2024,255.4,0.00375880971025842
"3132",10953,"Viliami Fehoko","EDGE","2025-01-28","SFA",960000,1,2023,181,2,"111+","Off Roster",2024,255.4,0.00375880971025842
"3133",11057,"Andre Jones Jr.","EDGE","2025-01-28","SFA",960000,1,2023,181,2,"111+","Off Roster",2024,255.4,0.00375880971025842
"3134",11896,"Ben Nikkel","S","2025-01-28","SFA",840000,1,2024,193,2,"111+","Off Roster",2024,255.4,0.00328895849647612
"3135",11903,"Branson Deen","DT","2025-01-30","SFA",840000,1,2024,219,2,"111+","Off Roster",2024,255.4,0.00328895849647612
"3136",11023,"Sala Aumavae-Laulu","LG","2025-02-03","SFA",1030000,1,2023,62,2,"41-80","Depth",2024,255.4,0.00403288958496476
"3137",11507,"Mitchell Tinsley","WR","2025-02-04","SFA",960000,1,2023,238,2,"111+","Off Roster",2024,255.4,0.00375880971025842
"3138",12125,"Michael Wiley","RB","2025-02-06","SFA",840000,1,2024,159,2,"111+","Off Roster",2024,255.4,0.00328895849647612
"3139",10095,"Tyquan Thornton","WR","2025-02-11","SFA",1100000,1,2022,163,2,"111+","Off Roster",2024,255.4,0.0043069694596711
"3140",10370,"Justyn Ross","WR","2025-02-11","SFA",960000,1,2022,239,2,"111+","Off Roster",2024,255.4,0.00375880971025842
"3141",10922,"Siaki Ika","DT","2025-02-11","SFA",960000,1,2023,189,2,"111+","Off Roster",2024,255.4,0.00375880971025842
"3142",11002,"Eric Scott","CB","2025-02-11","SFA",960000,1,2023,227,2,"111+","Off Roster",2024,255.4,0.00375880971025842
"3143",11252,"Jason Brownlee","WR","2025-02-11","SFA",960000,1,2023,239,2,"111+","Off Roster",2024,255.4,0.00375880971025842
"3144",11893,"Baylor Cupp","TE","2025-02-11","SFA",840000,1,2024,156,2,"111+","Off Roster",2024,255.4,0.00328895849647612
"3145",11992,"Fabien Lovett","DT","2025-02-11","SFA",840000,1,2024,221,2,"111+","Off Roster",2024,255.4,0.00328895849647612
"3146",10637,"Alec Anderson","RT","2025-02-12","ERFA",1030000,1,2022,69,2,"41-80","Depth",2024,255.4,0.00403288958496476
"3147",11355,"Kilian Zierer","RT","2025-02-12","SFA",840000,1,2023,94,2,"81-110","Roster Fringe",2024,255.4,0.00328895849647612
"3148",12038,"JaQuae Jackson","WR","2025-02-13","ERFA",840000,1,2024,291,2,"111+","Off Roster",2024,255.4,0.00328895849647612
"3149",10150,"Danny Gray","WR","2025-02-14","SFA",1017500,2,2022,218,2,"111+","Off Roster",2024,255.4,0.00398394675019577
"3150",11074,"Nic Jones","CB","2025-02-14","SFA",960000,1,2023,229,2,"111+","Off Roster",2024,255.4,0.00375880971025842
"3151",11176,"Elijah Cooks","WR","2025-02-14","SFA",1022500,2,2023,215,2,"111+","Off Roster",2024,255.4,0.00400352388410337
"3152",11870,"A.J. Woods","CB","2025-02-14","SFA",922500,2,2024,263,2,"111+","Off Roster",2024,255.4,0.00361198120595145
"3153",11878,"Andre' Sam","S","2025-02-14","SFA",922500,2,2024,171,2,"111+","Off Roster",2024,255.4,0.00361198120595145
"3154",11946,"Dallas Gant","LB","2025-02-14","SFA",922500,2,2024,197,2,"111+","Off Roster",2024,255.4,0.00361198120595145
"3155",11995,"Gabe Hall","DT","2025-02-14","SFA",922500,2,2024,213,2,"111+","Off Roster",2024,255.4,0.00361198120595145
"3156",12196,"Swayze Bozeman","LB","2025-02-14","SFA",960000,1,2024,176,2,"111+","Off Roster",2024,255.4,0.00375880971025842
"3157",12265,"Laekin Vakalahi","LT","2025-02-14","SFA",922500,2,2024,91,2,"81-110","Roster Fringe",2024,255.4,0.00361198120595145
"3158",12266,"Ryan Rehkow","P","2025-02-18","ERFA",1017500,2,2024,28,2,"26-40","Backup/Role-Player",2024,255.4,0.00398394675019577
"3159",10208,"Kyle Philips","WR","2025-02-19","SFA",1030000,1,2022,203,2,"111+","Off Roster",2024,255.4,0.00403288958496476
"3160",9564,"Elijah Molden","S","2025-02-21","UFA",6250000,3,2021,27,2,"26-40","Backup/Role-Player",2024,255.4,0.0244714173844949
"3161",8856,"Ben Bartch","LT","2025-02-24","UFA",1337500,1,2020,47,2,"41-80","Depth",2024,255.4,0.00523688332028191
"3162",11361,"Anthony Kendall","CB","2025-02-24","SFA",960000,1,2023,229,2,"111+","Off Roster",2024,255.4,0.00375880971025842
"3163",9684,"Isaiah McDuffie","LB","2025-03-03","UFA",4000000,2,2021,39,2,"26-40","Backup/Role-Player",2024,255.4,0.0156617071260767
"3164",10193,"Khalil Shakir","WR","2025-03-03","Extension",13250000,4,2022,28,2,"26-40","Backup/Role-Player",2024,255.4,0.0518794048551292
"3165",9539,"Osa Odighizuwa","DT","2025-03-04","UFA",20000000,4,2021,15,2,"9-15","Above-Average Starter",2024,255.4,0.0783085356303837
"3166",10672,"Brock Hoffman","RG","2025-03-04","ERFA",1100000,1,2022,42,2,"41-80","Depth",2024,255.4,0.0043069694596711
"3167",10541,"Kurt Hinish","DT","2025-03-06","Other",1800000,1,2022,97,2,"81-110","Roster Fringe",2024,255.4,0.00704776820673453
"3168",9521,"Tutu Atwell","WR","2025-03-08","UFA",10000000,1,2021,35,2,"26-40","Backup/Role-Player",2024,255.4,0.0391542678151919
"3169",9543,"Malcolm Koonce","EDGE","2025-03-08","UFA",11040000,1,2021,31,2,"26-40","Backup/Role-Player",2024,255.4,0.0432263116679718
"3170",9588,"John Bates","TE","2025-03-08","UFA",7000000,3,2021,19,2,"16-25","Starter",2024,255.4,0.0274079874706343
"3171",9592,"Dan Moore Jr.","LT","2025-03-08","UFA",20500000,4,2021,6,2,"4-8","Star",2024,255.4,0.0802662490211433
"3172",7829,"Cody Ford","RG","2025-03-09","UFA",3000000,2,2019,22,2,"16-25","Starter",2024,255.4,0.0117462803445576
"3173",9547,"Tommy Tremble","TE","2025-03-09","UFA",5250000,2,2021,28,2,"26-40","Backup/Role-Player",2024,255.4,0.0205559906029757
"3174",9494,"Gregory Rousseau","EDGE","2025-03-10","Extension",20000000,4,2021,12,2,"9-15","Above-Average Starter",2024,255.4,0.0783085356303837
"3175",9567,"Ernest Jones","LB","2025-03-10","UFA",9500000,3,2021,11,2,"9-15","Above-Average Starter",2024,255.4,0.0371965544244323
"3176",9569,"Baron Browning","EDGE","2025-03-10","UFA",7500000,2,2021,49,2,"41-80","Depth",2024,255.4,0.0293657008613939
"3177",9577,"Derrick Barnes","LB","2025-03-10","UFA",8000000,3,2021,19,2,"16-25","Starter",2024,255.4,0.0313234142521535
"3178",9610,"Jamien Sherwood","LB","2025-03-10","UFA",15000000,3,2021,4,2,"4-8","Star",2024,255.4,0.0587314017227878
"3179",10737,"Markquese Bell","S","2025-03-10","UFA",3000000,3,2022,47,2,"41-80","Depth",2024,255.4,0.0117462803445576
"3180",9472,"Jaycee Horn","CB","2025-03-11","Extension",25000000,4,2021,1,2,"1-3","Superstar",2024,255.4,0.0978856695379796
"3181",10110,"Luke Fortner","C","2025-03-11","Other",1500000,1,2022,28,2,"26-40","Backup/Role-Player",2024,255.4,0.00587314017227878
"3182",10748,"Ryan Wright","P","2025-03-11","UFA",1750000,1,2022,22,2,"16-25","Starter",2024,255.4,0.00685199686765857
"3183",10803,"Kavontae Turpin","WR","2025-03-11","RFA",4500000,3,2022,57,2,"41-80","Depth",2024,255.4,0.0176194205168363
"3184",7359,"Evan Brown","LG","2025-03-12","UFA",5750000,2,2018,14,2,"9-15","Above-Average Starter",2025,279.2,0.0205945558739255
"3185",9534,"Brady Christensen","LG","2025-03-12","UFA",2787500,1,2021,25,2,"16-25","Starter",2025,279.2,0.00998388252148997
"3186",10134,"Terrel Bernard","LB","2025-03-12","Extension",10500000,4,2022,8,2,"4-8","Star",2025,279.2,0.0376074498567335
"3187",10428,"Jake Hansen","LB","2025-03-12","RFA",1700000,1,2022,70,2,"41-80","Depth",2025,279.2,0.00608882521489971
"3188",10689,"Wesley French","LG","2025-03-12","Other",1050000,1,2022,62,2,"41-80","Depth",2025,279.2,0.00376074498567335
"3189",9493,"Eric Stokes","CB","2025-03-13","UFA",3500000,1,2021,40,2,"26-40","Backup/Role-Player",2025,279.2,0.0125358166189112
"3190",9496,"Joe Tryon-Shoyinka","EDGE","2025-03-13","SFA",4750000,1,2021,49,2,"41-80","Depth",2025,279.2,0.017012893982808
"3191",9500,"Jevon Holland","S","2025-03-13","UFA",15100000,3,2021,7,2,"4-8","Star",2025,279.2,0.0540830945558739
"3192",9518,"Dayo Odeyingbo","EDGE","2025-03-13","UFA",16000000,3,2021,18,2,"16-25","Starter",2025,279.2,0.0573065902578797
"3193",9526,"Josh Myers","C","2025-03-13","UFA",2000000,1,2021,18,2,"16-25","Starter",2025,279.2,0.00716332378223496
"3194",9537,"Milton Williams","DT","2025-03-13","UFA",26000000,4,2021,3,2,"1-3","Superstar",2025,279.2,0.0931232091690544
"3195",9540,"Paulson Adebo","CB","2025-03-13","UFA",18000000,3,2021,12,2,"9-15","Above-Average Starter",2025,279.2,0.0644699140401146
"3196",9541,"Josh Palmer","WR","2025-03-13","UFA",10000000,3,2021,28,2,"26-40","Backup/Role-Player",2025,279.2,0.0358166189111748
"3197",9545,"Hunter Long","TE","2025-03-13","UFA",2500000,2,2021,37,2,"26-40","Backup/Role-Player",2025,279.2,0.0089541547277937
"3198",9546,"Dyami Brown","WR","2025-03-13","UFA",10000000,1,2021,28,2,"26-40","Backup/Role-Player",2025,279.2,0.0358166189111748
"3199",9548,"Chauncey Golston","EDGE","2025-03-13","UFA",6000000,3,2021,45,2,"41-80","Depth",2025,279.2,0.0214899713467049
"3200",9554,"Patrick Jones II","EDGE","2025-03-13","UFA",7500000,2,2021,39,2,"26-40","Backup/Role-Player",2025,279.2,0.0268624641833811
"3201",9559,"Robert Hainsey","C","2025-03-13","UFA",7000000,3,2021,8,2,"4-8","Star",2025,279.2,0.0250716332378224
"3202",9565,"Ifeatu Melifonwu","CB","2025-03-13","UFA",3000000,1,2021,45,2,"41-80","Depth",2025,279.2,0.0107449856733524
"3203",9568,"Brandon Stephens","CB","2025-03-13","UFA",12000000,3,2021,18,2,"16-25","Starter",2025,279.2,0.0429799426934097
"3204",9574,"James Hudson","RT","2025-03-13","UFA",6000000,2,2021,25,2,"16-25","Starter",2025,279.2,0.0214899713467049
"3205",9575,"Cameron Sample","EDGE","2025-03-13","UFA",1267500,1,2021,97,2,"81-110","Roster Fringe",2025,279.2,0.0045397564469914
"3206",9578,"Drew Dalman","C","2025-03-13","UFA",14000000,3,2021,2,2,"1-3","Superstar",2025,279.2,0.0501432664756447
"3207",9619,"Jaylon Moore","LT","2025-03-13","UFA",15000000,2,2021,15,2,"9-15","Above-Average Starter",2025,279.2,0.0537249283667622
"3208",9627,"Darrick Forrest","S","2025-03-13","UFA",1337500,1,2021,67,2,"41-80","Depth",2025,279.2,0.00479047277936963
"3209",9637,"Tedarrell Slaton","DT","2025-03-13","UFA",7050000,2,2021,37,2,"26-40","Backup/Role-Player",2025,279.2,0.0252507163323782
"3210",9644,"Talanoa Hufanga","S","2025-03-13","UFA",13000000,3,2021,10,2,"9-15","Above-Average Starter",2025,279.2,0.0465616045845272
"3211",9658,"Elijah Mitchell","RB","2025-03-13","UFA",2500000,1,2021,24,2,"16-25","Starter",2025,279.2,0.0089541547277937
"3212",9676,"Damar Hamlin","S","2025-03-13","UFA",2000000,1,2021,50,2,"41-80","Depth",2025,279.2,0.00716332378223496
"3213",9723,"Grant Stuard","LB","2025-03-13","UFA",1700000,1,2021,58,2,"41-80","Depth",2025,279.2,0.00608882521489971
"3214",10773,"Jake Hummel","LB","2025-03-13","SFA",1200000,1,2022,82,2,"81-110","Roster Fringe",2025,279.2,0.00429799426934097
"3215",8838,"Malik Harrison","LB","2025-03-14","UFA",5000000,2,2020,37,2,"26-40","Backup/Role-Player",2025,279.2,0.0179083094555874
"3216",9475,"Justin Fields","QB","2025-03-14","Other",11000000,1,2021,22,2,"16-25","Starter",2025,279.2,0.0393982808022923
"3217",9479,"Mac Jones","QB","2025-03-14","UFA",3500000,2,2021,40,2,"26-40","Backup/Role-Player",2025,279.2,0.0125358166189112
"3218",9488,"Najee Harris","RB","2025-03-14","UFA",5250000,1,2021,17,2,"16-25","Starter",2025,279.2,0.0188037249283668
"3219",9492,"Payton Turner","EDGE","2025-03-14","UFA",2500000,1,2021,77,2,"41-80","Depth",2025,279.2,0.0089541547277937
"3220",9499,"Javonte Williams","RB","2025-03-14","UFA",3000000,1,2021,23,2,"16-25","Starter",2025,279.2,0.0107449856733524
"3221",9504,"Richie Grant","S","2025-03-14","UFA",1500000,1,2021,67,2,"41-80","Depth",2025,279.2,0.00537249283667622
"3222",9505,"Levi Onwuzurike","DT","2025-03-14","UFA",4000000,1,2021,58,2,"41-80","Depth",2025,279.2,0.0143266475644699
"3223",9506,"Liam Eichenberg","C","2025-03-14","UFA",2225000,1,2021,16,2,"16-25","Starter",2025,279.2,0.00796919770773639
"3224",9507,"Trevon Moehrig","S","2025-03-14","UFA",17000000,3,2021,5,2,"4-8","Star",2025,279.2,0.0608882521489971
"3225",9522,"Nick Bolton","LB","2025-03-14","UFA",15000000,3,2021,4,2,"4-8","Star",2025,279.2,0.0537249283667622
"3226",9528,"Kyle Trask","QB","2025-03-14","UFA",2787500,1,2021,43,2,"41-80","Depth",2025,279.2,0.00998388252148997
"3227",9529,"Andre Cisco","S","2025-03-14","UFA",8500000,1,2021,19,2,"16-25","Starter",2025,279.2,0.0304441260744986
"3228",9533,"Joseph Ossai","EDGE","2025-03-14","UFA",6500000,1,2021,45,2,"41-80","Depth",2025,279.2,0.0232808022922636
"3229",9544,"Divine Deablo","LB","2025-03-14","UFA",7000000,2,2021,25,2,"16-25","Starter",2025,279.2,0.0250716332378224
"3230",9581,"Bobby Brown III","DT","2025-03-14","UFA",7000000,3,2021,43,2,"41-80","Depth",2025,279.2,0.0250716332378224
"3231",9609,"Luke Farrell","TE","2025-03-14","UFA",5250000,3,2021,25,2,"16-25","Starter",2025,279.2,0.0188037249283668
"3232",9614,"Kenneth Gainwell","RB","2025-03-14","UFA",1790000,1,2021,34,2,"26-40","Backup/Role-Player",2025,279.2,0.00641117478510029
"3233",9631,"Nate Hobbs","CB","2025-03-14","UFA",12000000,4,2021,19,2,"16-25","Starter",2025,279.2,0.0429799426934097
"3234",9639,"Jason Pinnock","S","2025-03-14","UFA",2200000,1,2021,52,2,"41-80","Depth",2025,279.2,0.00787965616045845
"3235",9664,"Brandin Echols","CB","2025-03-14","UFA",3000000,2,2021,51,2,"41-80","Depth",2025,279.2,0.0107449856733524
"3236",9681,"Khalil Herbert","RB","2025-03-14","UFA",1337500,1,2021,45,2,"41-80","Depth",2025,279.2,0.00479047277936963
"3237",9691,"Israel Mukuamu","S","2025-03-14","UFA",1750000,1,2021,63,2,"41-80","Depth",2025,279.2,0.00626790830945559
"3238",9712,"Will Fries","RG","2025-03-14","UFA",17544000,5,2021,5,2,"4-8","Star",2025,279.2,0.062836676217765
"3239",10692,"Jack Sanborn","LB","2025-03-14","SFA",1500000,1,2022,68,2,"41-80","Depth",2025,279.2,0.00537249283667622
"3240",11888,"Austin McNamara","P","2025-03-14","SFA",922500,2,2024,29,2,"26-40","Backup/Role-Player",2025,279.2,0.00330408309455587
"3241",9558,"Ben Cleveland","RG","2025-03-15","UFA",1170000,1,2021,31,2,"26-40","Backup/Role-Player",2025,279.2,0.00419054441260745
"3242",9466,"Zach Wilson","QB","2025-03-17","UFA",6000000,1,2021,31,2,"26-40","Backup/Role-Player",2025,279.2,0.0214899713467049
"3243",9538,"Benjamin St-Juste","CB","2025-03-17","UFA",2500000,1,2021,56,2,"41-80","Depth",2025,279.2,0.0089541547277937
"3244",9570,"Jay Tufele","DT","2025-03-17","UFA",1170000,1,2021,115,2,"111+","Off Roster",2025,279.2,0.00419054441260745
"3245",9589,"Cam Bynum","S","2025-03-17","UFA",15000000,4,2021,9,2,"9-15","Above-Average Starter",2025,279.2,0.0537249283667622
"3246",9595,"Tylan Wallace","WR","2025-03-17","UFA",2100000,1,2021,78,2,"41-80","Depth",2025,279.2,0.0075214899713467
"3247",9599,"Rashad Weaver","EDGE","2025-03-17","SFA",1170000,1,2021,113,2,"111+","Off Roster",2025,279.2,0.00419054441260745
"3248",9612,"Ta'Quon Graham","DT","2025-03-17","UFA",2787500,1,2021,75,2,"41-80","Depth",2025,279.2,0.00998388252148997
"3249",9640,"K.J. Britt","LB","2025-03-17","UFA",1337500,1,2021,84,2,"81-110","Roster Fringe",2025,279.2,0.00479047277936963
"3250",10379,"Ryan Stonehouse","P","2025-03-17","SFA",1725000,1,2022,16,2,"16-25","Starter",2025,279.2,0.00617836676217765
"3251",10559,"Stone Smartt","TE","2025-03-17","SFA",1350000,1,2022,57,2,"41-80","Depth",2025,279.2,0.0048352435530086
"3252",9512,"Aaron Banks","LG","2025-03-18","UFA",19250000,4,2021,3,2,"1-3","Superstar",2025,279.2,0.0689469914040115
"3253",9670,"Landon Young","RT","2025-03-18","UFA",2327500,1,2021,34,2,"26-40","Backup/Role-Player",2025,279.2,0.00833631805157593
"3254",10048,"Derek Stingley Jr.","CB","2025-03-18","Extension",30000000,3,2022,1,2,"1-3","Superstar",2025,279.2,0.107449856733524
"3255",10413,"Jordan Mason","RB","2025-03-18","RFA",5250000,2,2022,17,2,"16-25","Starter",2025,279.2,0.0188037249283668
"3256",8814,"Zack Baun","LB","2025-03-19","UFA",17000000,3,2020,4,2,"4-8","Star",2025,279.2,0.0608882521489971
"3257",9514,"Azeez Ojulari","EDGE","2025-03-19","UFA",3000000,1,2021,73,2,"41-80","Depth",2025,279.2,0.0107449856733524
"3258",10210,"Esezi Otomewo","EDGE","2025-03-19","SFA",1030000,1,2022,146,2,"111+","Off Roster",2025,279.2,0.003689111747851
"3259",10284,"Rodney Thomas","CB","2025-03-19","Other",1100000,1,2022,115,2,"111+","Off Roster",2025,279.2,0.00393982808022923
"3260",9469,"Ja'Marr Chase","WR","2025-03-20","Extension",40250000,4,2021,1,2,"1-3","Superstar",2025,279.2,0.144161891117479
"3261",9591,"Kylen Granson","TE","2025-03-20","UFA",1750000,1,2021,49,2,"41-80","Depth",2025,279.2,0.00626790830945559
"3262",9647,"Avery Williams","RB","2025-03-20","UFA",1225000,1,2021,59,2,"41-80","Depth",2025,279.2,0.00438753581661891
"3263",9698,"Patrick Johnson","EDGE","2025-03-20","UFA",1275000,1,2021,115,2,"111+","Off Roster",2025,279.2,0.00456661891117478
"3264",5751,"Jamal Agnew","WR","2025-03-21","SFA",2500000,1,2017,71,2,"41-80","Depth",2025,279.2,0.0089541547277937
"3265",9674,"Victor Dimukeje","EDGE","2025-03-21","UFA",1337500,1,2021,113,2,"111+","Off Roster",2025,279.2,0.00479047277936963
"3266",9962,"Jordan Meredith","C","2025-03-24","ERFA",1030000,1,2021,46,2,"41-80","Depth",2025,279.2,0.003689111747851
"3267",10680,"D'Anthony Bell","S","2025-03-24","SFA",1370000,1,2022,76,2,"41-80","Depth",2025,279.2,0.00490687679083095
"3268",9513,"Rondale Moore","WR","2025-03-25","UFA",2000000,1,2021,84,2,"81-110","Roster Fringe",2025,279.2,0.00716332378223496
"3269",9517,"Dillon Radunz","RT","2025-03-28","UFA",2250000,1,2021,36,2,"26-40","Backup/Role-Player",2025,279.2,0.00805873925501433
"3270",11041,"Brad Robbins","P","2025-03-31","SFA",960000,1,2023,29,2,"26-40","Backup/Role-Player",2025,279.2,0.00343839541547278
"3271",9682,"Sam Ehlinger","QB","2025-04-02","UFA",1337500,1,2021,57,2,"41-80","Depth",2025,279.2,0.00479047277936963
"3272",10230,"Christian Benford","CB","2025-04-02","Extension",17250000,4,2022,18,2,"16-25","Starter",2025,279.2,0.0617836676217765
"3273",10100,"Trey McBride","TE","2025-04-04","Extension",19000000,4,2022,1,2,"1-3","Superstar",2025,279.2,0.0680515759312321
"3274",10433,"Tony Adams","S","2025-04-04","RFA",3263000,1,2022,41,2,"41-80","Depth",2025,279.2,0.0116869627507163
"3275",10033,"Dee Alford","CB","2025-04-07","SFA",1500000,1,2022,89,2,"81-110","Roster Fringe",2025,279.2,0.00537249283667622
"3276",9467,"Trey Lance","QB","2025-04-08","UFA",2000000,1,2021,56,2,"41-80","Depth",2025,279.2,0.00716332378223496
"3277",10697,"Kader Kohou","CB","2025-04-11","RFA",3263000,1,2022,51,2,"41-80","Depth",2025,279.2,0.0116869627507163
"3278",8848,"Saahdiq Charles","LT","2025-04-15","SFA",1170000,1,2020,47,2,"41-80","Depth",2025,279.2,0.00419054441260745
"3279",10084,"Kyler Gordon","CB","2025-04-15","Extension",13333333,3,2022,20,2,"16-25","Starter",2025,279.2,0.0477554906876791
"3280",9623,"Brenden Jaimes","C","2025-04-17","UFA",1170000,1,2021,35,2,"26-40","Backup/Role-Player",2025,279.2,0.00419054441260745
"3281",9678,"Cole Van Lanen","LT","2025-04-21","RFA",3406000,1,2021,29,2,"26-40","Backup/Role-Player",2025,279.2,0.0121991404011461
"3282",10552,"Jaylen Warren","RB","2025-04-22","RFA",5346000,1,2022,17,2,"16-25","Starter",2025,279.2,0.019147564469914
"3283",12301,"Qadir Ismail","WR","2025-04-24","SFA",840000,1,2024,256,2,"111+","Off Roster",2025,279.2,0.00300859598853868
"3284",10096,"Cam Jurgens","C","2025-04-25","Extension",17000000,4,2022,2,2,"1-3","Superstar",2025,279.2,0.0608882521489971
"3285",10142,"Kerby Joseph","S","2025-04-25","Extension",21250000,4,2022,1,2,"1-3","Superstar",2025,279.2,0.0761103151862464
"3286",9582,"Chris Rumph II","EDGE","2025-04-28","UFA",1100000,1,2021,136,2,"111+","Off Roster",2025,279.2,0.00393982808022923
"3287",10201,"Jerome Ford","RB","2025-04-30","Other",1750000,1,2022,37,2,"26-40","Backup/Role-Player",2025,279.2,0.00626790830945559
"3288",9498,"Elijah Moore","WR","2025-05-05","UFA",2500000,1,2021,73,2,"41-80","Depth",2025,279.2,0.0089541547277937
"3289",10114,"Nicholas Petit-Frere","RT","2025-05-09","SFA",1100000,1,2022,64,2,"41-80","Depth",2025,279.2,0.00393982808022923
"3290",12429,"Kyle Williams","WR","2025-05-09","Drafted",1675893,4,2025,99,2,"81-110","Roster Fringe",2025,279.2,0.00600248209169054
"3291",12684,"CJ Dippre","TE","2025-05-09","UDFA",998333,3,2025,126,2,"111+","Off Roster",2025,279.2,0.00357569126074499
"3292",12759,"J.J. Jones","WR","2025-05-09","UDFA",990000,3,2025,267,2,"111+","Off Roster",2025,279.2,0.0035458452722063
"3293",12011,"Isaiah Iton","EDGE","2025-05-12","SFA",840000,1,2024,244,2,"111+","Off Roster",2025,279.2,0.00300859598853868
"3294",10181,"Cordell Volson","LG","2025-05-14","Other",2600000,1,2022,27,2,"26-40","Backup/Role-Player",2025,279.2,0.00931232091690544
"3295",12027,"Jadon Janke","WR","2025-05-14","SFA",840000,1,2024,360,2,"111+","Off Roster",2025,279.2,0.00300859598853868
"3296",10307,"Brock Purdy","QB","2025-05-20","Extension",53000000,5,2022,7,2,"4-8","Star",2025,279.2,0.189828080229226
"3297",11054,"Nick Broeker","LG","2025-05-21","SFA",1030000,1,2023,61,2,"41-80","Depth",2025,279.2,0.003689111747851
"3298",11848,"Michael Barrett","LB","2025-05-21","SFA",840000,1,2024,249,2,"111+","Off Roster",2025,279.2,0.00300859598853868
"3299",12028,"Jaelen Gill","WR","2025-06-04","SFA",840000,1,2024,366,2,"111+","Off Roster",2025,279.2,0.00300859598853868
"3300",10947,"Cameron Young","DT","2025-06-10","SFA",1030000,1,2023,178,2,"111+","Off Roster",2025,279.2,0.003689111747851
"3301",10257,"Derion Kendrick","CB","2025-06-17","SFA",1030000,1,2022,189,2,"111+","Off Roster",2025,279.2,0.003689111747851
"3302",12253,"Harrison Mevis","K","2025-06-18","SFA",840000,1,2024,49,2,"41-80","Depth",2025,279.2,0.00300859598853868
"3303",10153,"Perrion Winfrey","DT","2025-06-20","SFA",1017500,2,2022,187,2,"111+","Off Roster",2025,279.2,0.00364434097421203
"3304",12046,"Jayden Price","CB","2025-06-20","SFA",840000,1,2024,315,2,"111+","Off Roster",2025,279.2,0.00300859598853868
"3305",12323,"Geor'Quarius Spivey","TE","2025-06-23","SFA",840000,1,2024,189,2,"111+","Off Roster",2025,279.2,0.00300859598853868
"3306",9690,"Trey Smith","RG","2025-07-15","Franchise",23500000,4,2021,1,2,"1-3","Superstar",2025,279.2,0.0841690544412607
"3307",10049,"Ahmad Gardner","CB","2025-07-16","Extension",30100000,4,2022,1,2,"1-3","Superstar",2025,279.2,0.107808022922636
"3308",10055,"Garrett Wilson","WR","2025-07-17","Extension",32500000,4,2022,5,2,"4-8","Star",2025,279.2,0.116404011461318
"3309",12332,"Kyon Barrs","DT","2025-07-19","SFA",840000,1,2024,271,2,"111+","Off Roster",2025,279.2,0.00300859598853868
"3310",10075,"George Karlaftis","EDGE","2025-07-21","Extension",22000000,4,2022,11,2,"9-15","Above-Average Starter",2025,279.2,0.0787965616045845
"3311",10179,"Spencer Burford","RG","2025-07-22","Other",2275000,1,2022,28,2,"26-40","Backup/Role-Player",2025,279.2,0.00814828080229226
"3312",11466,"Jacob Sykes","DT","2025-07-22","SFA",840000,1,2023,274,2,"111+","Off Roster",2025,279.2,0.00300859598853868
"3313",11957,"David White Jr.","WR","2025-07-22","SFA",840000,1,2024,370,2,"111+","Off Roster",2025,279.2,0.00300859598853868
"3314",13108,"Will Sheppard","WR","2025-07-22","UDFA",988333,3,2025,307,2,"111+","Off Roster",2025,279.2,0.00353987464183381
"3315",10185,"Zach Tom","RT","2025-07-23","Extension",22000000,4,2022,4,2,"4-8","Star",2025,279.2,0.0787965616045845
"3316",11179,"Samuel Jackson","RT","2025-07-23","SFA",840000,1,2023,113,2,"111+","Off Roster",2025,279.2,0.00300859598853868
"3317",12223,"Tyler Mclellan","RT","2025-07-24","SFA",840000,1,2024,112,2,"111+","Off Roster",2025,279.2,0.00300859598853868
"3318",10158,"Percy Butler","S","2025-07-25","Extension",2150000,1,2022,60,2,"41-80","Depth",2025,279.2,0.00770057306590258
"3319",10166,"Jack Jones","CB","2025-07-26","SFA",1100000,1,2022,162,2,"111+","Off Roster",2025,279.2,0.00393982808022923
"3320",9477,"Rashawn Slater","LT","2025-07-27","Extension",28500000,4,2021,1,2,"1-3","Superstar",2025,279.2,0.102077363896848
"3321",10174,"Jake Ferguson","TE","2025-07-27","Extension",12500000,4,2022,7,2,"4-8","Star",2025,279.2,0.0447707736389685
"3322",11403,"Steven Gilmore","CB","2025-07-27","SFA",960000,1,2023,285,2,"111+","Off Roster",2025,279.2,0.00343839541547278
"3323",10122,"Bernhard Raimann","LT","2025-07-29","Extension",25000000,4,2022,4,2,"4-8","Star",2025,279.2,0.089541547277937
"3324",12050,"Jaylon Allen","EDGE","2025-07-29","SFA",840000,1,2024,255,2,"111+","Off Roster",2025,279.2,0.00300859598853868
"3325",12310,"Liam Fornadel","LG","2025-07-29","SFA",840000,1,2024,91,2,"81-110","Roster Fringe",2025,279.2,0.00300859598853868
"3326",8836,"Lucas Niang","RT","2025-07-30","SFA",1100000,1,2020,68,2,"41-80","Depth",2025,279.2,0.00393982808022923
"3327",11911,"Bucky Williams","C","2025-07-30","SFA",840000,1,2024,85,2,"81-110","Roster Fringe",2025,279.2,0.00300859598853868
"3328",11419,"Garrett Nelson","EDGE","2025-07-31","SFA",840000,1,2023,255,2,"111+","Off Roster",2025,279.2,0.00300859598853868
"3329",11146,"Ricky Lee","LT","2025-08-01","SFA",960000,1,2023,105,2,"81-110","Roster Fringe",2025,279.2,0.00343839541547278
"3330",12096,"Kyler Baugh","DT","2025-08-01","SFA",840000,1,2024,278,2,"111+","Off Roster",2025,279.2,0.00300859598853868
"3331",11971,"D.J. Miller","CB","2025-08-04","SFA",840000,1,2024,333,2,"111+","Off Roster",2025,279.2,0.00300859598853868
"3332",10209,"Kyren Williams","RB","2025-08-06","Extension",11000000,3,2022,7,2,"4-8","Star",2025,279.2,0.0393982808022923
"3333",12057,"Jimmy Ciarlo","LB","2025-08-06","SFA",840000,1,2024,252,2,"111+","Off Roster",2025,279.2,0.00300859598853868
"3334",10108,"James Cook","RB","2025-08-07","Extension",11500000,4,2022,7,2,"4-8","Star",2025,279.2,0.041189111747851
"3335",12193,"Steven Stilianos","TE","2025-08-07","SFA",840000,1,2024,194,2,"111+","Off Roster",2025,279.2,0.00300859598853868
"3336",12004,"Gunner Britton","LG","2025-08-10","SFA",840000,1,2024,94,2,"81-110","Roster Fringe",2025,279.2,0.00300859598853868
"3337",10285,"Christian Holmes","CB","2025-08-11","SFA",1030000,1,2022,209,2,"111+","Off Roster",2025,279.2,0.003689111747851
"3338",10295,"Brittain Brown","RB","2025-08-11","SFA",960000,1,2022,174,2,"111+","Off Roster",2025,279.2,0.00343839541547278
"3339",12129,"Mikey Victor","CB","2025-08-11","SFA",840000,1,2024,338,2,"111+","Off Roster",2025,279.2,0.00300859598853868
"3340",12272,"Kevin Foelsch","TE","2025-08-11","SFA",840000,1,2024,195,2,"111+","Off Roster",2025,279.2,0.00300859598853868
"3341",11794,"Jase McClellan","RB","2025-08-12","SFA",960000,1,2024,176,2,"111+","Off Roster",2025,279.2,0.00343839541547278
"3342",12089,"Keni-H Lovely","CB","2025-08-13","SFA",840000,1,2024,341,2,"111+","Off Roster",2025,279.2,0.00300859598853868
"3343",12139,"Nelson Ceaser","EDGE","2025-08-14","SFA",840000,1,2024,260,2,"111+","Off Roster",2025,279.2,0.00300859598853868
"3344",12041,"Jarveon Howard","RB","2025-08-19","SFA",840000,1,2024,206,2,"111+","Off Roster",2025,279.2,0.00300859598853868
"3345",10324,"Dohnovan West","C","2025-08-20","SFA",840000,1,2022,86,2,"81-110","Roster Fringe",2025,279.2,0.00300859598853868
"3346",11102,"Malik Knowles","WR","2025-08-20","SFA",840000,1,2023,372,2,"111+","Off Roster",2025,279.2,0.00300859598853868
"3347",11238,"Tyson Bagent","QB","2025-08-20","Extension",5000000,2,2023,39,2,"26-40","Backup/Role-Player",2025,279.2,0.0179083094555874
"3348",12342,"Marvin Moody","LB","2025-08-21","SFA",840000,1,2024,258,2,"111+","Off Roster",2025,279.2,0.00300859598853868
"3349",9649,"Nick Niemann","LB","2025-08-27","SFA",1170000,1,2021,119,2,"111+","Off Roster",2025,279.2,0.00419054441260745
"3350",9672,"Stone Forsythe","LT","2025-08-28","SFA",1170000,1,2021,62,2,"41-80","Depth",2025,279.2,0.00419054441260745
"3351",9476,"Micah Parsons","EDGE","2025-08-29","Extension",46500000,4,2021,1,2,"1-3","Superstar",2025,279.2,0.166547277936963
"3352",10059,"Kyle Hamilton","S","2025-08-29","Extension",25100000,4,2022,1,2,"1-3","Superstar",2025,279.2,0.0898997134670487
"3353",10118,"Jelani Woods","TE","2025-08-29","Other",960000,1,2022,132,2,"111+","Off Roster",2025,279.2,0.00343839541547278
"3354",10212,"DaRon Bland","CB","2025-08-31","Extension",22500000,4,2022,6,2,"4-8","Star",2025,279.2,0.0805873925501433
"3355",10160,"Damarri Mathis","CB","2025-09-01","Other",1100000,1,2022,155,2,"111+","Off Roster",2025,279.2,0.00393982808022923
"3356",10951,"Jake Haener","QB","2025-09-02","SFA",1030000,1,2023,88,2,"81-110","Roster Fringe",2025,279.2,0.003689111747851
"3357",11379,"Hunter Luepke","RB","2025-09-03","Extension",3500000,2,2023,27,2,"26-40","Backup/Role-Player",2025,279.2,0.0125358166189112
"3358",10102,"Luke Goedeke","LG","2025-09-04","Extension",22500000,4,2022,1,2,"1-3","Superstar",2025,279.2,0.0805873925501433
"3359",10109,"Nik Bonitto","EDGE","2025-09-05","Extension",26500000,4,2022,10,2,"9-15","Above-Average Starter",2025,279.2,0.0949140401146132
"3360",10117,"Abraham Lucas","RT","2025-09-05","Extension",15333333,3,2022,12,2,"9-15","Above-Average Starter",2025,279.2,0.054918814469914
"3361",10057,"Jameson Williams","WR","2025-09-06","Extension",26666667,3,2022,13,2,"9-15","Above-Average Starter",2025,279.2,0.0955109849570201
"3362",10202,"Zyon McCollum","CB","2025-09-06","Extension",16000000,3,2022,21,2,"16-25","Starter",2025,279.2,0.0573065902578797
"3363",11808,"Jaden Crumedy","DT","2025-09-06","SFA",960000,1,2024,196,2,"111+","Off Roster",2025,279.2,0.00343839541547278
"3364",12614,"Fadil Diggs","EDGE","2025-09-06","SFA",840000,1,2025,214,2,"111+","Off Roster",2025,279.2,0.00300859598853868
"3365",10074,"Cole Strange","LG","2025-09-09","SFA",1100000,1,2022,51,2,"41-80","Depth",2025,279.2,0.00393982808022923
"3366",10079,"Christian Watson","WR","2025-09-10","Extension",11000000,1,2022,32,2,"26-40","Backup/Role-Player",2025,279.2,0.0393982808022923
"3367",12014,"Isaiah Williams","WR","2025-09-10","SFA",1017500,2,2024,192,2,"111+","Off Roster",2025,279.2,0.00364434097421203
"3368",11824,"Ryan Flournoy","WR","2025-09-13","SFA",1017500,2,2024,192,2,"111+","Off Roster",2025,279.2,0.00364434097421203
"3369",10069,"Tyler Smith","LG","2025-09-15","Extension",24000000,4,2022,1,2,"1-3","Superstar",2025,279.2,0.0859598853868195
"3370",9601,"Tre Brown","CB","2025-09-16","SFA",1170000,1,2021,137,2,"111+","Off Roster",2025,279.2,0.00419054441260745
"3371",11836,"Nick Samac","C","2025-09-16","SFA",1017500,2,2024,55,2,"41-80","Depth",2025,279.2,0.00364434097421203
"3372",12112,"Maema Njongmeta","LB","2025-09-16","SFA",1017500,2,2024,157,2,"111+","Off Roster",2025,279.2,0.00364434097421203
"3373",10060,"Kenyon Green","LG","2025-09-17","SFA",1030000,1,2022,56,2,"41-80","Depth",2025,279.2,0.003689111747851
"3374",10129,"DeMarvin Leal","DT","2025-09-17","SFA",1100000,1,2022,153,2,"111+","Off Roster",2025,279.2,0.00393982808022923
"3375",12855,"Elijah Simmons","DT","2025-09-17","SFA",922500,2,2025,205,2,"111+","Off Roster",2025,279.2,0.00330408309455587
"3376",11022,"Jerrick Reed","S","2025-09-20","SFA",1030000,1,2023,133,2,"111+","Off Roster",2025,279.2,0.003689111747851
"3377",10270,"Mark Robinson","LB","2025-09-23","SFA",1100000,1,2022,129,2,"111+","Off Roster",2025,279.2,0.00393982808022923
"3378",13001,"Brant Banks","LT","2025-09-23","SFA",922500,2,2025,95,2,"81-110","Roster Fringe",2025,279.2,0.00330408309455587
"3379",10283,"Thayer Munford","RT","2025-09-24","SFA",1100000,1,2022,65,2,"41-80","Depth",2025,279.2,0.00393982808022923
"3380",10997,"Robert Beal Jr.","EDGE","2025-09-24","SFA",1030000,1,2023,176,2,"111+","Off Roster",2025,279.2,0.003689111747851
"3381",12658,"Zion Childress","S","2025-09-24","SFA",840000,1,2025,175,2,"111+","Off Roster",2025,279.2,0.00300859598853868
"3382",12675,"Brandon Crenshaw-Dickson","RT","2025-09-26","SFA",922500,2,2025,92,2,"81-110","Roster Fringe",2025,279.2,0.00330408309455587
"3383",11673,"Malachi Corley","WR","2025-09-30","SFA",960000,1,2024,222,2,"111+","Off Roster",2025,279.2,0.00343839541547278
"3384",11823,"Jarrett Kingston","LG","2025-09-30","SFA",960000,1,2024,63,2,"41-80","Depth",2025,279.2,0.00343839541547278
"3385",12655,"Sebastian Castro","S","2025-09-30","SFA",922500,2,2025,163,2,"111+","Off Roster",2025,279.2,0.00330408309455587
"3386",12779,"Gage Larvadain","WR","2025-09-30","SFA",922500,2,2025,233,2,"111+","Off Roster",2025,279.2,0.00330408309455587
"3387",12919,"Trevian Thomas","S","2025-10-01","SFA",840000,1,2025,175,2,"111+","Off Roster",2025,279.2,0.00300859598853868
"3388",13051,"Carter Runyon","TE","2025-10-01","SFA",922500,2,2025,141,2,"111+","Off Roster",2025,279.2,0.00330408309455587
"3389",12884,"Trey Washington","S","2025-10-02","SFA",840000,1,2025,175,2,"111+","Off Roster",2025,279.2,0.00300859598853868
"3390",12662,"Alijah Clark","S","2025-10-04","SFA",922500,2,2025,164,2,"111+","Off Roster",2025,279.2,0.00330408309455587
"3391",13099,"Vershon Lee","RG","2025-10-04","SFA",922500,2,2025,63,2,"41-80","Depth",2025,279.2,0.00330408309455587
"3392",11789,"Kimani Vidal","RB","2025-10-08","SFA",960000,1,2024,131,2,"111+","Off Roster",2025,279.2,0.00343839541547278
"3393",11936,"Cody Schrader","RB","2025-10-08","SFA",1017500,2,2024,117,2,"111+","Off Roster",2025,279.2,0.00364434097421203
"3394",12913,"Dom Jones","CB","2025-10-08","SFA",922500,2,2025,233,2,"111+","Off Roster",2025,279.2,0.00330408309455587
"3395",12968,"Ke'Shawn Williams","WR","2025-10-11","SFA",922500,2,2025,230,2,"111+","Off Roster",2025,279.2,0.00330408309455587
"3396",10106,"Drake Jackson","EDGE","2025-10-15","SFA",1100000,1,2022,161,2,"111+","Off Roster",2025,279.2,0.00393982808022923
"3397",10969,"Jammie Robinson","S","2025-10-16","SFA",1030000,1,2023,135,2,"111+","Off Roster",2025,279.2,0.003689111747851
"3398",12606,"Korie Black","CB","2025-10-21","SFA",922500,2,2025,227,2,"111+","Off Roster",2025,279.2,0.00330408309455587
"3399",12770,"Kevin Knowles II","CB","2025-10-21","SFA",922500,2,2025,227,2,"111+","Off Roster",2025,279.2,0.00330408309455587
"3400",10125,"Greg Dulcich","TE","2025-10-22","SFA",1030000,1,2022,106,2,"81-110","Roster Fringe",2025,279.2,0.003689111747851
"3401",10130,"Marcus Jones","CB","2025-10-28","Extension",12000000,3,2022,25,2,"16-25","Starter",2025,279.2,0.0429799426934097
"3402",12597,"Micah Robinson","CB","2025-10-28","SFA",922500,2,2025,228,2,"111+","Off Roster",2025,279.2,0.00330408309455587
"3403",10047,"Aidan Hutchinson","EDGE","2025-10-30","Extension",45000000,4,2022,2,2,"1-3","Superstar",2025,279.2,0.161174785100287
"3404",13053,"John Saunders","S","2025-10-30","SFA",922500,2,2025,163,2,"111+","Off Roster",2025,279.2,0.00330408309455587
"3405",10966,"Cameron Mitchell","CB","2025-11-01","SFA",1030000,1,2023,176,2,"111+","Off Roster",2025,279.2,0.003689111747851
"3406",10971,"Josh Whyle","TE","2025-11-04","SFA",1030000,1,2023,105,2,"81-110","Roster Fringe",2025,279.2,0.003689111747851
"3407",12749,"Keondre Jackson","S","2025-11-04","SFA",922500,2,2025,164,2,"111+","Off Roster",2025,279.2,0.00330408309455587
"3408",10063,"Treylon Burks","WR","2025-11-05","SFA",1100000,1,2022,153,2,"111+","Off Roster",2025,279.2,0.00393982808022923
"3409",10092,"Phidarian Mathis","DT","2025-11-05","SFA",1100000,1,2022,155,2,"111+","Off Roster",2025,279.2,0.00393982808022923
"3410",11755,"Audric Estime","RB","2025-11-05","SFA",1017500,2,2024,115,2,"111+","Off Roster",2025,279.2,0.00364434097421203
"3411",12661,"Dean Clark","S","2025-11-05","SFA",922500,2,2025,164,2,"111+","Off Roster",2025,279.2,0.00330408309455587
"3412",10920,"Brodric Martin","DT","2025-11-06","SFA",1087500,2,2023,162,2,"111+","Off Roster",2025,279.2,0.00389505730659026
"3413",11008,"Zaire Barnes","LB","2025-11-08","SFA",1030000,1,2023,148,2,"111+","Off Roster",2025,279.2,0.003689111747851
"3414",12718,"Jared Harrison-Hunte","DT","2025-11-08","SFA",922500,2,2025,204,2,"111+","Off Roster",2025,279.2,0.00330408309455587
"3415",10111,"Brian Asamoah","LB","2025-11-10","SFA",1100000,1,2022,129,2,"111+","Off Roster",2025,279.2,0.00393982808022923
"3416",13072,"Jacoby Jones","WR","2025-11-11","SFA",840000,1,2025,233,2,"111+","Off Roster",2025,279.2,0.00300859598853868
"3417",12972,"Branson Combs","LB","2025-11-13","SFA",922500,2,2025,187,2,"111+","Off Roster",2025,279.2,0.00330408309455587
"3418",12506,"Bradyn Swinson","EDGE","2025-11-15","SFA",1050000,4,2025,170,2,"111+","Off Roster",2025,279.2,0.00376074498567335
"3419",13012,"Jared Bartlett","LB","2025-11-15","SFA",922500,2,2025,187,2,"111+","Off Roster",2025,279.2,0.00330408309455587
"3420",10923,"Jake Moody","K","2025-11-18","SFA",1030000,1,2023,33,2,"26-40","Backup/Role-Player",2025,279.2,0.003689111747851
"3421",13118,"Ajani Carter","CB","2025-11-20","SFA",925000,2,2025,219,2,"111+","Off Roster",2025,279.2,0.00331303724928367
"3422",10123,"Alex Wright","EDGE","2025-11-21","Extension",11000000,3,2022,33,2,"26-40","Backup/Role-Player",2025,279.2,0.0393982808022923
"3423",10864,"Isaiah Foskey","EDGE","2025-11-21","SFA",1030000,1,2023,176,2,"111+","Off Roster",2025,279.2,0.003689111747851
"3424",12648,"Cobee Bryant","CB","2025-11-22","SFA",988333,3,2025,197,2,"111+","Off Roster",2025,279.2,0.00353987464183381
"3425",10068,"Kaiir Elam","CB","2025-11-26","SFA",1100000,1,2022,151,2,"111+","Off Roster",2025,279.2,0.00393982808022923
"3426",10216,"Luke Wattenberg","C","2025-11-26","Extension",12000000,4,2022,5,2,"4-8","Star",2025,279.2,0.0429799426934097
"3427",12630,"Connor Bazelak","QB","2025-11-29","SFA",840000,1,2025,91,2,"81-110","Roster Fringe",2025,279.2,0.00300859598853868
"3428",12769,"Corey Kiner","RB","2025-12-02","SFA",922500,2,2025,139,2,"111+","Off Roster",2025,279.2,0.00330408309455587
"3429",12878,"Greedy Vance Jr.","CB","2025-12-02","SFA",922500,2,2025,222,2,"111+","Off Roster",2025,279.2,0.00330408309455587
"3430",9511,"Asante Samuel Jr.","CB","2025-12-03","SFA",1170000,1,2021,133,2,"111+","Off Roster",2025,279.2,0.00419054441260745
"3431",11067,"Jordon Riley","DT","2025-12-03","SFA",1087500,2,2023,161,2,"111+","Off Roster",2025,279.2,0.00389505730659026
"3432",12824,"Esa Pole","LT","2025-12-03","SFA",922500,2,2025,91,2,"81-110","Roster Fringe",2025,279.2,0.00330408309455587
"3433",10147,"Channing Tindall","LB","2025-12-06","SFA",1100000,1,2022,129,2,"111+","Off Roster",2025,279.2,0.00393982808022923
"3434",10980,"Jordan McFadden","LG","2025-12-06","SFA",1030000,1,2023,51,2,"41-80","Depth",2025,279.2,0.003689111747851
"3435",12669,"Brady Cook","QB","2025-12-06","SFA",922500,2,2025,91,2,"81-110","Roster Fringe",2025,279.2,0.00330408309455587
"3436",12941,"Jordan Clark","CB","2025-12-06","SFA",922500,2,2025,224,2,"111+","Off Roster",2025,279.2,0.00330408309455587
"3437",12746,"Nick Jackson","LB","2025-12-09","SFA",922500,2,2025,185,2,"111+","Off Roster",2025,279.2,0.00330408309455587
"3438",11140,"Blake Grupe","K","2025-12-10","SFA",1030000,1,2023,31,2,"26-40","Backup/Role-Player",2025,279.2,0.003689111747851
"3439",11989,"Eric Watts","EDGE","2025-12-10","SFA",1017500,2,2024,181,2,"111+","Off Roster",2025,279.2,0.00364434097421203
"3440",12651,"Jeremiah Byers","RT","2025-12-10","SFA",922500,2,2025,85,2,"81-110","Roster Fringe",2025,279.2,0.00330408309455587
"3441",10121,"Travis Jones","DT","2025-12-11","Extension",13500000,3,2022,25,2,"16-25","Starter",2025,279.2,0.048352435530086
"3442",11856,"C.J. Hanson","RG","2025-12-13","SFA",1017500,2,2024,55,2,"41-80","Depth",2025,279.2,0.00364434097421203
"3443",12603,"Garrett Dellinger","LG","2025-12-13","SFA",840000,1,2025,62,2,"41-80","Depth",2025,279.2,0.00300859598853868
"3444",13061,"Dalen Cambre","WR","2025-12-13","SFA",922500,2,2025,214,2,"111+","Off Roster",2025,279.2,0.00330408309455587
"3445",13077,"Jordan Turner","LB","2025-12-13","SFA",988333,3,2025,175,2,"111+","Off Roster",2025,279.2,0.00353987464183381
"3446",10115,"Chad Muma","LB","2025-12-16","SFA",1170000,2,2022,109,2,"81-110","Roster Fringe",2025,279.2,0.00419054441260745
"3447",11068,"Jalen Brooks","WR","2025-12-16","SFA",1087500,2,2023,164,2,"111+","Off Roster",2025,279.2,0.00389505730659026
"3448",11764,"Jamari Thrash","WR","2025-12-16","SFA",960000,1,2024,210,2,"111+","Off Roster",2025,279.2,0.00343839541547278
"3449",11858,"Sanoussi Kane","S","2025-12-16","SFA",1017500,2,2024,137,2,"111+","Off Roster",2025,279.2,0.00364434097421203
"3450",10146,"Jeremy Ruckert","TE","2025-12-17","Extension",5000000,2,2022,32,2,"26-40","Backup/Role-Player",2025,279.2,0.0179083094555874
"3451",10888,"Zacch Pickens","DT","2025-12-17","SFA",1087500,2,2023,159,2,"111+","Off Roster",2025,279.2,0.00389505730659026
"3452",12720,"Jahfari Harvey","EDGE","2025-12-17","SFA",922500,2,2025,197,2,"111+","Off Roster",2025,279.2,0.00330408309455587
"3453",12904,"Jackson Woodard","LB","2025-12-17","SFA",922500,2,2025,186,2,"111+","Off Roster",2025,279.2,0.00330408309455587
"3454",12817,"Payton Page","DT","2025-12-18","SFA",988333,3,2025,187,2,"111+","Off Roster",2025,279.2,0.00353987464183381
"3455",10152,"Dameon Pierce","RB","2025-12-20","SFA",1100000,1,2022,97,2,"81-110","Roster Fringe",2025,279.2,0.00393982808022923
"3456",11980,"Dwight McGlothern","CB","2025-12-20","SFA",1017500,2,2024,191,2,"111+","Off Roster",2025,279.2,0.00364434097421203
"3457",12732,"Cam Horsley","DT","2025-12-20","SFA",922500,2,2025,200,2,"111+","Off Roster",2025,279.2,0.00330408309455587
"3458",12841,"Ethan Robinson","CB","2025-12-20","SFA",922500,2,2025,229,2,"111+","Off Roster",2025,279.2,0.00330408309455587
"3459",11817,"Joshua Karty","K","2025-12-23","SFA",960000,1,2024,38,2,"26-40","Backup/Role-Player",2025,279.2,0.00343839541547278
"3460",9551,"Kendrick Green","RG","2025-12-24","SFA",1192500,2,2021,40,2,"26-40","Backup/Role-Player",2025,279.2,0.00427113180515759
"3461",12688,"Ethan Downs","EDGE","2025-12-24","SFA",922500,2,2025,196,2,"111+","Off Roster",2025,279.2,0.00330408309455587
"3462",13003,"Melvin Smith","CB","2025-12-24","SFA",922500,2,2025,230,2,"111+","Off Roster",2025,279.2,0.00330408309455587
"3463",12742,"Alijah Huzzie","CB","2025-12-25","SFA",947500,2,2025,226,2,"111+","Off Roster",2025,279.2,0.00339362464183381
"3464",12608,"Moliki Matavao","TE","2025-12-26","SFA",922500,2,2025,133,2,"111+","Off Roster",2025,279.2,0.00330408309455587
"3465",12289,"Elijah Chatman","DT","2025-12-27","SFA",1017500,2,2024,176,2,"111+","Off Roster",2025,279.2,0.00364434097421203
"3466",12780,"Keleki Latu","TE","2025-12-27","SFA",988333,3,2025,124,2,"111+","Off Roster",2025,279.2,0.00353987464183381
"3467",12850,"Ben Sauls","K","2025-12-27","SFA",922500,2,2025,39,2,"26-40","Backup/Role-Player",2025,279.2,0.00330408309455587
"3468",12890,"Theo Wease Jr.","WR","2025-12-27","SFA",922500,2,2025,219,2,"111+","Off Roster",2025,279.2,0.00330408309455587
"3469",12938,"Quentin Skinner","WR","2025-12-27","SFA",988333,3,2025,205,2,"111+","Off Roster",2025,279.2,0.00353987464183381
"3470",12962,"Zemaiah Vaughn","CB","2025-12-29","SFA",922500,2,2025,234,2,"111+","Off Roster",2025,279.2,0.00330408309455587
"3471",12187,"Shemar Bartholomew","CB","2025-12-30","SFA",1017500,2,2024,195,2,"111+","Off Roster",2025,279.2,0.00364434097421203
"3472",12696,"Rivaldo Fairweather","TE","2025-12-30","SFA",922500,2,2025,134,2,"111+","Off Roster",2025,279.2,0.00330408309455587
"3473",12995,"Amari Kight","RT","2025-12-30","SFA",922500,2,2025,83,2,"81-110","Roster Fringe",2025,279.2,0.00330408309455587
"3474",10963,"Clayton Tune","QB","2025-12-31","SFA",1087500,2,2023,82,2,"81-110","Roster Fringe",2025,279.2,0.00389505730659026
"3475",10256,"Quentin Lake","S","2026-01-01","Extension",12750000,3,2022,14,2,"9-15","Above-Average Starter",2025,279.2,0.0456661891117478
"3476",12575,"Cam Miller","QB","2026-01-01","SFA",922500,2,2025,96,2,"81-110","Roster Fringe",2025,279.2,0.00330408309455587
"3477",12617,"Kobee Minor","CB","2026-01-01","SFA",922500,2,2025,234,2,"111+","Off Roster",2025,279.2,0.00330408309455587
"3478",12246,"Taki Taimani","DT","2026-01-02","SFA",1017500,2,2024,176,2,"111+","Off Roster",2025,279.2,0.00364434097421203
"3479",12691,"Donovan Edwards","RB","2026-01-02","SFA",988333,3,2025,129,2,"111+","Off Roster",2025,279.2,0.00353987464183381
"3480",10892,"Hendon Hooker","QB","2026-01-03","SFA",1030000,1,2023,88,2,"81-110","Roster Fringe",2025,279.2,0.003689111747851
"3481",11028,"Jarrick Bernard-Converse","CB","2026-01-03","SFA",1087500,2,2023,178,2,"111+","Off Roster",2025,279.2,0.00389505730659026
"3482",11255,"Xavier Gipson","WR","2026-01-03","SFA",1087500,2,2023,161,2,"111+","Off Roster",2025,279.2,0.00389505730659026
"3483",11768,"Edefuan Ulofoshio","LB","2026-01-03","SFA",1017500,2,2024,161,2,"111+","Off Roster",2025,279.2,0.00364434097421203
"3484",12990,"Justin Barron","LB","2026-01-03","SFA",988333,3,2025,179,2,"111+","Off Roster",2025,279.2,0.00353987464183381
"3485",13021,"Jakobie Keeney-James","WR","2026-01-03","SFA",922500,2,2025,220,2,"111+","Off Roster",2025,279.2,0.00330408309455587
"3486",10200,"Matt Waletzko","RT","2026-01-05","SFA",1075000,1,2022,69,2,"41-80","Depth",2025,279.2,0.00385028653295129
"3487",10217,"Samuel Womack","CB","2026-01-05","SFA",1215000,1,2022,131,2,"111+","Off Roster",2025,279.2,0.00435171919770774
"3488",10904,"D.J. Johnson","EDGE","2026-01-05","SFA",1145000,1,2023,151,2,"111+","Off Roster",2025,279.2,0.00410100286532951
"3489",11033,"Tre Hawkins","CB","2026-01-05","SFA",1075000,1,2023,185,2,"111+","Off Roster",2025,279.2,0.00385028653295129
"3490",11711,"Layden Robinson","LG","2026-01-05","SFA",1005000,1,2024,61,2,"41-80","Depth",2025,279.2,0.00359957020057307
"3491",11722,"Javon Foster","LT","2026-01-05","SFA",1005000,1,2024,86,2,"81-110","Roster Fringe",2025,279.2,0.00359957020057307
"3492",11806,"Patrick McMorris","S","2026-01-05","SFA",1005000,1,2024,150,2,"111+","Off Roster",2025,279.2,0.00359957020057307
"3493",11857,"LaDarius Henderson","LG","2026-01-05","SFA",885000,1,2024,70,2,"41-80","Depth",2025,279.2,0.00316977077363897
"3494",11894,"Beanie Bishop","CB","2026-01-05","SFA",1005000,1,2024,209,2,"111+","Off Roster",2025,279.2,0.00359957020057307
"3495",12136,"Nate Lynn","EDGE","2026-01-05","SFA",967500,2,2024,203,2,"111+","Off Roster",2025,279.2,0.00346525787965616
"3496",12277,"Brenden Rice","WR","2026-01-05","SFA",1005000,1,2024,200,2,"111+","Off Roster",2025,279.2,0.00359957020057307
"3497",12353,"Elliott Brown","EDGE","2026-01-05","SFA",885000,1,2025,214,2,"111+","Off Roster",2025,279.2,0.00316977077363897
"3498",12359,"TJ Maguranyanga","TE","2026-01-05","SFA",885000,1,2025,146,2,"111+","Off Roster",2025,279.2,0.00316977077363897
"3499",12550,"Tim Smith","DT","2026-01-05","SFA",885000,1,2025,214,2,"111+","Off Roster",2025,279.2,0.00316977077363897
"3500",12556,"Ahmed Hassanein","EDGE","2026-01-05","SFA",985000,1,2025,200,2,"111+","Off Roster",2025,279.2,0.00352793696275072
"3501",12569,"Antwaun Powell-Ryland","EDGE","2026-01-05","SFA",885000,1,2025,214,2,"111+","Off Roster",2025,279.2,0.00316977077363897
"3502",12619,"Laki Tasi","DT","2026-01-05","SFA",885000,1,2025,214,2,"111+","Off Roster",2025,279.2,0.00316977077363897
"3503",12624,"Kam Arnold","LB","2026-01-05","SFA",885000,1,2025,203,2,"111+","Off Roster",2025,279.2,0.00316977077363897
"3504",12631,"Ulysses Bentley IV","RB","2026-01-05","SFA",885000,1,2025,153,2,"111+","Off Roster",2025,279.2,0.00316977077363897
"3505",12644,"Ja'Corey Brooks","WR","2026-01-05","SFA",885000,1,2025,242,2,"111+","Off Roster",2025,279.2,0.00316977077363897
"3506",12660,"Gerad Christian-Lichtenhan","LT","2026-01-05","SFA",885000,1,2025,100,2,"81-110","Roster Fringe",2025,279.2,0.00316977077363897
"3507",12667,"Jack Conley","RG","2026-01-05","SFA",885000,1,2025,68,2,"41-80","Depth",2025,279.2,0.00316977077363897
"3508",12676,"Howard Cross III","DT","2026-01-05","SFA",1005000,1,2025,183,2,"111+","Off Roster",2025,279.2,0.00359957020057307
"3509",12680,"Elliott Davison","S","2026-01-05","SFA",967500,2,2025,160,2,"111+","Off Roster",2025,279.2,0.00346525787965616
"3510",12699,"Dontae Fleming","WR","2026-01-05","SFA",885000,1,2025,242,2,"111+","Off Roster",2025,279.2,0.00316977077363897
"3511",12700,"Luke Floriea","WR","2026-01-05","SFA",885000,1,2025,242,2,"111+","Off Roster",2025,279.2,0.00316977077363897
"3512",12701,"Trace Ford","EDGE","2026-01-05","SFA",885000,1,2025,214,2,"111+","Off Roster",2025,279.2,0.00316977077363897
"3513",12713,"Bryson Green","WR","2026-01-05","SFA",885000,1,2025,242,2,"111+","Off Roster",2025,279.2,0.00316977077363897
"3514",12722,"Seth Henigan","QB","2026-01-05","SFA",885000,1,2025,104,2,"81-110","Roster Fringe",2025,279.2,0.00316977077363897
"3515",12730,"Reid Holskey","RT","2026-01-05","SFA",885000,1,2025,91,2,"81-110","Roster Fringe",2025,279.2,0.00316977077363897
"3516",12741,"Nash Hutmacher","DT","2026-01-05","SFA",967500,2,2025,200,2,"111+","Off Roster",2025,279.2,0.00346525787965616
"3517",12744,"Coziah Izzard","DT","2026-01-05","SFA",967500,2,2025,200,2,"111+","Off Roster",2025,279.2,0.00346525787965616
"3518",12754,"Tysheem Johnson","S","2026-01-05","SFA",885000,1,2025,183,2,"111+","Off Roster",2025,279.2,0.00316977077363897
"3519",12757,"Jayson Jones","DT","2026-01-05","SFA",967500,2,2025,200,2,"111+","Off Roster",2025,279.2,0.00346525787965616
"3520",12768,"Jalen Kimber","CB","2026-01-05","SFA",885000,1,2025,265,2,"111+","Off Roster",2025,279.2,0.00316977077363897
"3521",12798,"Jackson Meeks","WR","2026-01-05","SFA",885000,1,2025,242,2,"111+","Off Roster",2025,279.2,0.00316977077363897
"3522",12801,"Mason Miller","RT","2026-01-05","SFA",885000,1,2025,91,2,"81-110","Roster Fringe",2025,279.2,0.00316977077363897
"3523",12802,"Jordan Moore","WR","2026-01-05","SFA",885000,1,2025,242,2,"111+","Off Roster",2025,279.2,0.00316977077363897
"3524",12808,"Bryson Nesbit","TE","2026-01-05","SFA",885000,1,2025,146,2,"111+","Off Roster",2025,279.2,0.00316977077363897
"3525",12819,"Eli Pancol","WR","2026-01-05","SFA",885000,1,2025,242,2,"111+","Off Roster",2025,279.2,0.00316977077363897
"3526",12821,"Jared Penning","LT","2026-01-05","SFA",885000,1,2025,100,2,"81-110","Roster Fringe",2025,279.2,0.00316977077363897
"3527",12829,"Caden Prieskorn","TE","2026-01-05","SFA",885000,1,2025,146,2,"111+","Off Roster",2025,279.2,0.00316977077363897
"3528",12830,"Isaiah Raikes","DT","2026-01-05","SFA",967500,2,2025,200,2,"111+","Off Roster",2025,279.2,0.00346525787965616
"3529",12836,"Xavier Restrepo","WR","2026-01-05","SFA",967500,2,2025,219,2,"111+","Off Roster",2025,279.2,0.00346525787965616
"3530",12837,"Cam Riley","LB","2026-01-05","SFA",967500,2,2025,190,2,"111+","Off Roster",2025,279.2,0.00346525787965616
"3531",12842,"Marquise Robinson","CB","2026-01-05","SFA",885000,1,2025,265,2,"111+","Off Roster",2025,279.2,0.00316977077363897
"3532",12847,"Kaimon Rucker","EDGE","2026-01-05","SFA",885000,1,2025,214,2,"111+","Off Roster",2025,279.2,0.00316977077363897
"3533",12851,"Lucas Scott","RT","2026-01-05","SFA",885000,1,2025,91,2,"81-110","Roster Fringe",2025,279.2,0.00316977077363897
"3534",12891,"Clay Webb","LG","2026-01-05","SFA",967500,2,2025,64,2,"41-80","Depth",2025,279.2,0.00346525787965616
"3535",12903,"Josh Williams","RB","2026-01-05","SFA",1062500,2,2025,110,2,"81-110","Roster Fringe",2025,279.2,0.00380551575931232
"3536",12917,"Caleb Etienne","RT","2026-01-05","SFA",885000,1,2025,91,2,"81-110","Roster Fringe",2025,279.2,0.00316977077363897
"3537",12931,"Myles Purchase","CB","2026-01-05","SFA",885000,1,2025,265,2,"111+","Off Roster",2025,279.2,0.00316977077363897
"3538",12948,"Tim McKay","RG","2026-01-05","SFA",885000,1,2025,68,2,"41-80","Depth",2025,279.2,0.00316977077363897
"3539",12949,"Ricky Barber","DT","2026-01-05","SFA",885000,1,2025,214,2,"111+","Off Roster",2025,279.2,0.00316977077363897
"3540",12950,"Car'lin Vigers","CB","2026-01-05","SFA",885000,1,2025,265,2,"111+","Off Roster",2025,279.2,0.00316977077363897
"3541",12980,"Dalys Beanum","CB","2026-01-05","SFA",967500,2,2025,232,2,"111+","Off Roster",2025,279.2,0.00346525787965616
"3542",12982,"Easton Kilty","LT","2026-01-05","SFA",967500,2,2025,91,2,"81-110","Roster Fringe",2025,279.2,0.00346525787965616
"3543",12985,"Jimmy Holiday","WR","2026-01-05","SFA",885000,1,2025,242,2,"111+","Off Roster",2025,279.2,0.00316977077363897
"3544",13009,"Jamaal Pritchett","WR","2026-01-05","SFA",967500,2,2025,219,2,"111+","Off Roster",2025,279.2,0.00346525787965616
"3545",13015,"Coleman Owen","WR","2026-01-05","SFA",885000,1,2025,242,2,"111+","Off Roster",2025,279.2,0.00316977077363897
"3546",13020,"Zach Horton","TE","2026-01-05","SFA",885000,1,2025,146,2,"111+","Off Roster",2025,279.2,0.00316977077363897
"3547",13028,"Jacob Bayer","C","2026-01-05","SFA",885000,1,2025,67,2,"41-80","Depth",2025,279.2,0.00316977077363897
"3548",13030,"Hal Presley","WR","2026-01-05","SFA",967500,2,2025,219,2,"111+","Off Roster",2025,279.2,0.00346525787965616
"3549",13036,"Bralyn Lux","CB","2026-01-05","SFA",1005000,1,2025,209,2,"111+","Off Roster",2025,279.2,0.00359957020057307
"3550",13039,"Ahmani Marshall","RB","2026-01-05","SFA",885000,1,2025,153,2,"111+","Off Roster",2025,279.2,0.00316977077363897
"3551",13044,"Joaquin Davis","WR","2026-01-05","SFA",885000,1,2025,242,2,"111+","Off Roster",2025,279.2,0.00316977077363897
"3552",13050,"Treven Ma'ae","DT","2026-01-05","SFA",885000,1,2025,214,2,"111+","Off Roster",2025,279.2,0.00316977077363897
"3553",13068,"Ben Scott","C","2026-01-05","SFA",967500,2,2025,60,2,"41-80","Depth",2025,279.2,0.00346525787965616
"3554",13073,"Robert McDaniel","S","2026-01-05","SFA",885000,1,2025,183,2,"111+","Off Roster",2025,279.2,0.00316977077363897
"3555",13090,"Keydrain Calligan","CB","2026-01-05","SFA",967500,2,2025,232,2,"111+","Off Roster",2025,279.2,0.00346525787965616
"3556",10967,"Israel Abanikanda","RB","2026-01-06","SFA",1132500,2,2023,92,2,"81-110","Roster Fringe",2025,279.2,0.00405623209169054
"3557",11386,"Isaiah Land","LB","2026-01-06","SFA",1132500,2,2023,130,2,"111+","Off Roster",2025,279.2,0.00405623209169054
"3558",11766,"Mohamed Kamara","EDGE","2026-01-06","SFA",1132500,2,2024,157,2,"111+","Off Roster",2025,279.2,0.00405623209169054
"3559",12076,"Julius Wood","S","2026-01-06","SFA",1062500,2,2024,137,2,"111+","Off Roster",2025,279.2,0.00380551575931232
"3560",12623,"Andrew Armstrong","WR","2026-01-06","SFA",885000,1,2025,244,2,"111+","Off Roster",2025,279.2,0.00316977077363897
"3561",12670,"Tyler Cooper","LG","2026-01-06","SFA",885000,1,2025,72,2,"41-80","Depth",2025,279.2,0.00316977077363897
"3562",12723,"A.J. Henning","WR","2026-01-06","SFA",967500,2,2025,219,2,"111+","Off Roster",2025,279.2,0.00346525787965616
"3563",12727,"Traeshon Holden","WR","2026-01-06","SFA",967500,2,2025,219,2,"111+","Off Roster",2025,279.2,0.00346525787965616
"3564",12738,"Alex Huntley","DT","2026-01-06","SFA",967500,2,2025,200,2,"111+","Off Roster",2025,279.2,0.00346525787965616
"3565",12796,"Seth McLaughlin","C","2026-01-06","SFA",885000,1,2025,67,2,"41-80","Depth",2025,279.2,0.00316977077363897
"3566",12807,"Nick Nash","WR","2026-01-06","SFA",885000,1,2025,244,2,"111+","Off Roster",2025,279.2,0.00316977077363897
"3567",12826,"ShunDerrick Powell","RB","2026-01-06","SFA",885000,1,2025,155,2,"111+","Off Roster",2025,279.2,0.00316977077363897
"3568",12828,"Josh Priebe","LG","2026-01-06","SFA",967500,2,2025,65,2,"41-80","Depth",2025,279.2,0.00346525787965616
"3569",12989,"K.C. Ossai","LB","2026-01-06","SFA",967500,2,2025,192,2,"111+","Off Roster",2025,279.2,0.00346525787965616
"3570",13018,"Maddux Trujillo","K","2026-01-06","SFA",967500,2,2025,38,2,"26-40","Backup/Role-Player",2025,279.2,0.00346525787965616
"3571",13064,"Garrett Greene","QB","2026-01-06","SFA",985000,2,2025,99,2,"81-110","Roster Fringe",2025,279.2,0.00352793696275072
"3572",13132,"Joseph Vaughn","LB","2026-01-06","SFA",885000,1,2025,206,2,"111+","Off Roster",2025,279.2,0.00316977077363897
"3573",10054,"Charles Cross","LT","2026-01-07","Extension",26100000,4,2022,3,2,"1-3","Superstar",2025,279.2,0.0934813753581662
"3574",12029,"Jake Kubas","RG","2026-01-07","SFA",1005000,1,2024,55,2,"41-80","Depth",2025,279.2,0.00359957020057307
"3575",12335,"Jaylon Hutchings","DT","2026-01-07","SFA",885000,1,2024,214,2,"111+","Off Roster",2025,279.2,0.00316977077363897
"3576",13013,"Marshall Foerner","LT","2026-01-08","SFA",967500,2,2025,90,2,"81-110","Roster Fringe",2025,279.2,0.00346525787965616
"3577",10944,"Carter Warren","RT","2026-01-09","SFA",1075000,1,2023,70,2,"41-80","Depth",2025,279.2,0.00385028653295129
"3578",12015,"Isaiah Wooden","WR","2026-01-09","SFA",885000,1,2024,245,2,"111+","Off Roster",2025,279.2,0.00316977077363897
"3579",12141,"Nik Constantinou","P","2026-01-09","SFA",885000,1,2024,34,2,"26-40","Backup/Role-Player",2025,279.2,0.00316977077363897
"3580",12925,"Keith Cooper","DT","2026-01-09","SFA",967500,2,2025,199,2,"111+","Off Roster",2025,279.2,0.00346525787965616
"3581",10172,"Pierre Strong Jr.","RB","2026-01-12","SFA",1215000,1,2022,72,2,"41-80","Depth",2025,279.2,0.00435171919770774
"3582",11760,"Ainias Smith","WR","2026-01-12","SFA",1005000,1,2024,207,2,"111+","Off Roster",2025,279.2,0.00359957020057307
"3583",12227,"Tyrek Funderburk","CB","2026-01-12","SFA",1005000,1,2024,211,2,"111+","Off Roster",2025,279.2,0.00359957020057307
"3584",12357,"Lenny Krieg","K","2026-01-12","SFA",967500,2,2025,38,2,"26-40","Backup/Role-Player",2025,279.2,0.00346525787965616
"3585",12583,"Damien Martinez","RB","2026-01-12","SFA",885000,1,2025,156,2,"111+","Off Roster",2025,279.2,0.00316977077363897
"3586",12618,"Mapalo Mwansa","EDGE","2026-01-12","SFA",885000,1,2025,218,2,"111+","Off Roster",2025,279.2,0.00316977077363897
"3587",12679,"Mac Dalena","WR","2026-01-12","SFA",967500,2,2025,226,2,"111+","Off Roster",2025,279.2,0.00346525787965616
"3588",12689,"Jamon Johnson","LB","2026-01-12","SFA",1005000,1,2025,173,2,"111+","Off Roster",2025,279.2,0.00359957020057307
"3589",12712,"Joshua Gray","LG","2026-01-12","SFA",885000,1,2025,73,2,"41-80","Depth",2025,279.2,0.00316977077363897
"3590",12724,"Patrick Herbert","TE","2026-01-12","SFA",918667,1,2025,144,2,"111+","Off Roster",2025,279.2,0.00329035458452722
"3591",12745,"Ja'Quinden Jackson","RB","2026-01-12","SFA",885000,1,2025,156,2,"111+","Off Roster",2025,279.2,0.00316977077363897
"3592",12751,"Brandon Johnson","CB","2026-01-12","SFA",1062500,2,2025,191,2,"111+","Off Roster",2025,279.2,0.00380551575931232
"3593",12755,"Montrell Johnson Jr.","RB","2026-01-12","SFA",885000,1,2025,156,2,"111+","Off Roster",2025,279.2,0.00316977077363897
"3594",12787,"Jake Majors","C","2026-01-12","SFA",967500,2,2025,60,2,"41-80","Depth",2025,279.2,0.00346525787965616
"3595",12804,"Jamil Muhammad","EDGE","2026-01-12","SFA",885000,1,2025,218,2,"111+","Off Roster",2025,279.2,0.00316977077363897
"3596",12805,"Jabbar Muhammad","CB","2026-01-12","SFA",885000,1,2025,268,2,"111+","Off Roster",2025,279.2,0.00316977077363897
"3597",12823,"Hollin Pierce","LT","2026-01-12","SFA",967500,2,2025,93,2,"81-110","Roster Fringe",2025,279.2,0.00346525787965616
"3598",12845,"Keivie Rose","DT","2026-01-12","SFA",885000,1,2025,216,2,"111+","Off Roster",2025,279.2,0.00316977077363897
"3599",12887,"Tre Watson","TE","2026-01-12","SFA",885000,1,2025,148,2,"111+","Off Roster",2025,279.2,0.00316977077363897
"3600",12905,"Sal Wormley","RG","2026-01-12","SFA",885000,1,2025,68,2,"41-80","Depth",2025,279.2,0.00316977077363897
"3601",12914,"Jaseem Reed","WR","2026-01-12","SFA",885000,1,2025,252,2,"111+","Off Roster",2025,279.2,0.00316977077363897
"3602",12928,"Dalton Cooper","LT","2026-01-12","SFA",885000,1,2025,106,2,"81-110","Roster Fringe",2025,279.2,0.00316977077363897
"3603",12969,"Chandler Brayboy","WR","2026-01-12","SFA",885000,1,2025,252,2,"111+","Off Roster",2025,279.2,0.00316977077363897
"3604",12974,"Cam'Ron Silmon-Craig","S","2026-01-12","SFA",1005000,1,2025,152,2,"111+","Off Roster",2025,279.2,0.00359957020057307
"3605",12991,"Drake Dabney","TE","2026-01-12","SFA",885000,1,2025,148,2,"111+","Off Roster",2025,279.2,0.00316977077363897
"3606",13002,"Tyron Herring","CB","2026-01-12","SFA",885000,1,2025,268,2,"111+","Off Roster",2025,279.2,0.00316977077363897
"3607",13023,"Anthony Tyus III","RB","2026-01-12","SFA",885000,1,2025,156,2,"111+","Off Roster",2025,279.2,0.00316977077363897
"3608",13027,"Bryce Pierre","TE","2026-01-12","SFA",885000,1,2025,148,2,"111+","Off Roster",2025,279.2,0.00316977077363897
"3609",13034,"Dante Barnett","DT","2026-01-12","SFA",885000,1,2025,216,2,"111+","Off Roster",2025,279.2,0.00316977077363897
"3610",13095,"Anthony Campbell","DT","2026-01-12","SFA",885000,1,2025,216,2,"111+","Off Roster",2025,279.2,0.00316977077363897
"3611",10985,"Nick Hampton","EDGE","2026-01-13","SFA",1030000,1,2023,178,2,"111+","Off Roster",2025,279.2,0.003689111747851
"3612",11802,"Tanner McLachlan","TE","2026-01-13","SFA",1005000,1,2024,123,2,"111+","Off Roster",2025,279.2,0.00359957020057307
"3613",11920,"Carson Steele","RB","2026-01-13","SFA",1062500,2,2024,112,2,"111+","Off Roster",2025,279.2,0.00380551575931232
"3614",12152,"Peter Bowden","LS","2026-01-13","SFA",1005000,1,2024,28,2,"26-40","Backup/Role-Player",2025,279.2,0.00359957020057307
"3615",12559,"Branson Taylor","LT","2026-01-13","SFA",885000,1,2025,106,2,"81-110","Roster Fringe",2025,279.2,0.00316977077363897
"3616",12652,"Dalevon Campbell","WR","2026-01-13","SFA",885000,1,2025,252,2,"111+","Off Roster",2025,279.2,0.00316977077363897
"3617",12692,"TeRah Edwards","DT","2026-01-13","SFA",885000,1,2025,217,2,"111+","Off Roster",2025,279.2,0.00316977077363897
"3618",12753,"Amar Johnson","RB","2026-01-13","SFA",885000,1,2025,157,2,"111+","Off Roster",2025,279.2,0.00316977077363897
"3619",12764,"Josh Kaltenberger","C","2026-01-13","SFA",885000,1,2025,68,2,"41-80","Depth",2025,279.2,0.00316977077363897
"3620",12875,"DJ Uiagalelei","QB","2026-01-13","SFA",885000,1,2025,106,2,"81-110","Roster Fringe",2025,279.2,0.00316977077363897
"3621",12889,"Isas Waxter","CB","2026-01-13","SFA",885000,1,2025,269,2,"111+","Off Roster",2025,279.2,0.00316977077363897
"3622",12930,"Luke Grimm","WR","2026-01-13","SFA",885000,1,2025,252,2,"111+","Off Roster",2025,279.2,0.00316977077363897
"3623",12964,"Isaiah Neyor","WR","2026-01-13","SFA",885000,1,2025,252,2,"111+","Off Roster",2025,279.2,0.00316977077363897
"3624",12978,"Garmon Randolph","EDGE","2026-01-13","SFA",885000,1,2025,219,2,"111+","Off Roster",2025,279.2,0.00316977077363897
"3625",11052,"Colton Dowell","WR","2026-01-14","SFA",1075000,1,2023,178,2,"111+","Off Roster",2025,279.2,0.00385028653295129
"3626",11844,"Myles Cole","EDGE","2026-01-14","SFA",1005000,1,2024,195,2,"111+","Off Roster",2025,279.2,0.00359957020057307
"3627",12192,"Steven Jones","LG","2026-01-14","SFA",885000,1,2024,74,2,"41-80","Depth",2025,279.2,0.00316977077363897
"3628",12721,"Jack Henderson","S","2026-01-14","SFA",885000,1,2025,188,2,"111+","Off Roster",2025,279.2,0.00316977077363897
"3629",12739,"Max Hurleman","S","2026-01-14","SFA",885000,1,2025,188,2,"111+","Off Roster",2025,279.2,0.00316977077363897
"3630",12967,"Aiden Williams","RG","2026-01-14","SFA",885000,1,2025,69,2,"41-80","Depth",2025,279.2,0.00316977077363897
"3631",12639,"Wyatt Bowles","LG","2026-01-15","SFA",967500,2,2025,67,2,"41-80","Depth",2025,279.2,0.00346525787965616
"3632",12899,"Mario Williams","WR","2026-01-15","SFA",967500,2,2025,228,2,"111+","Off Roster",2025,279.2,0.00346525787965616
"3633",12771,"Kai Kroeger","P","2026-01-16","ERFA",1062500,2,2025,27,2,"26-40","Backup/Role-Player",2025,279.2,0.00380551575931232
"3634",11787,"Sataoa Laumea","RT","2026-01-19","SFA",1005000,1,2024,79,2,"41-80","Depth",2025,279.2,0.00359957020057307
"3635",11829,"Travis Clayton","RG","2026-01-19","SFA",971750,2,2024,64,2,"41-80","Depth",2025,279.2,0.00348047994269341
"3636",12607,"Tommy Akingbesote","DT","2026-01-19","SFA",970000,2,2025,201,2,"111+","Off Roster",2025,279.2,0.00347421203438395
"3637",12711,"Stephen Gosnell","WR","2026-01-19","SFA",971750,2,2025,229,2,"111+","Off Roster",2025,279.2,0.00348047994269341
"3638",12834,"Mike Reid","CB","2026-01-19","SFA",885000,1,2025,274,2,"111+","Off Roster",2025,279.2,0.00316977077363897
"3639",12910,"Keonta Jenkins","LB","2026-01-19","SFA",1065500,2,2025,154,2,"111+","Off Roster",2025,279.2,0.00381626074498567
"3640",13029,"Daryl Porter","CB","2026-01-19","SFA",967500,2,2025,240,2,"111+","Off Roster",2025,279.2,0.00346525787965616
"3641",10941,"Sidy Sow","RG","2026-01-20","SFA",1075000,1,2023,51,2,"41-80","Depth",2025,279.2,0.00385028653295129
"3642",11769,"Dominique Hampton","S","2026-01-20","SFA",1005000,1,2024,157,2,"111+","Off Roster",2025,279.2,0.00359957020057307
"3643",12541,"Kyle McCord","QB","2026-01-20","SFA",885000,1,2025,106,2,"81-110","Roster Fringe",2025,279.2,0.00316977077363897
"3644",12612,"Junior Bergen","WR","2026-01-20","SFA",885000,1,2025,260,2,"111+","Off Roster",2025,279.2,0.00316977077363897
"3645",12615,"Luke Lachey","TE","2026-01-20","SFA",885000,1,2025,155,2,"111+","Off Roster",2025,279.2,0.00316977077363897
"3646",12674,"Eli Cox","C","2026-01-20","SFA",885000,1,2025,68,2,"41-80","Depth",2025,279.2,0.00316977077363897
"3647",12766,"Josh Kelly","WR","2026-01-20","SFA",885000,1,2025,260,2,"111+","Off Roster",2025,279.2,0.00316977077363897
"3648",12789,"Dontae Manning","CB","2026-01-20","SFA",885000,1,2025,277,2,"111+","Off Roster",2025,279.2,0.00316977077363897
"3649",12858,"Doneiko Slaughter","CB","2026-01-20","SFA",885000,1,2025,277,2,"111+","Off Roster",2025,279.2,0.00316977077363897
"3650",12864,"Junior Tafuna","DT","2026-01-20","SFA",885000,1,2025,222,2,"111+","Off Roster",2025,279.2,0.00316977077363897
"3651",12877,"Sebastian Valdez","DT","2026-01-20","SFA",1005000,1,2025,185,2,"111+","Off Roster",2025,279.2,0.00359957020057307
"3652",12912,"Luke Elkin","LS","2026-01-20","SFA",885000,1,2025,35,2,"26-40","Backup/Role-Player",2025,279.2,0.00316977077363897
"3653",13032,"J.P. Richardson","WR","2026-01-20","SFA",885000,1,2025,260,2,"111+","Off Roster",2025,279.2,0.00316977077363897
"3654",13087,"Derrick Canteen","CB","2026-01-20","SFA",885000,1,2025,277,2,"111+","Off Roster",2025,279.2,0.00316977077363897
"3655",11110,"Alex Ward","LS","2026-01-21","SFA",1145000,1,2023,27,2,"26-40","Backup/Role-Player",2025,279.2,0.00410100286532951
"3656",11839,"Jaheim Bell","TE","2026-01-21","SFA",1062500,2,2024,110,2,"81-110","Roster Fringe",2025,279.2,0.00380551575931232
"3657",12665,"Seth Coleman","EDGE","2026-01-21","SFA",967500,2,2025,214,2,"111+","Off Roster",2025,279.2,0.00346525787965616
"3658",12856,"Joshua Simon","TE","2026-01-21","SFA",885000,1,2025,157,2,"111+","Off Roster",2025,279.2,0.00316977077363897
"3659",12876,"Nate Valcarcel","S","2026-01-21","SFA",967500,2,2025,170,2,"111+","Off Roster",2025,279.2,0.00346525787965616
"3660",12838,"Jahvaree Ritzie","DT","2026-01-22","SFA",885000,1,2025,223,2,"111+","Off Roster",2025,279.2,0.00316977077363897
"3661",12706,"J.J. Galbreath","TE","2026-01-23","SFA",885000,1,2025,158,2,"111+","Off Roster",2025,279.2,0.00316977077363897
"3662",10957,"Tyler Scott","WR","2026-01-26","SFA",1132500,2,2023,162,2,"111+","Off Roster",2025,279.2,0.00405623209169054
"3663",11036,"Deuce Vaughn","RB","2026-01-26","SFA",1075000,1,2023,110,2,"81-110","Roster Fringe",2025,279.2,0.00385028653295129
"3664",12601,"Caleb Lohner","TE","2026-01-26","SFA",967500,2,2025,140,2,"111+","Off Roster",2025,279.2,0.00346525787965616
"3665",12813,"Bill Norton","DT","2026-01-26","SFA",967500,2,2025,206,2,"111+","Off Roster",2025,279.2,0.00346525787965616
"3666",12831,"Mark Redman","TE","2026-01-26","SFA",967500,2,2025,140,2,"111+","Off Roster",2025,279.2,0.00346525787965616
"3667",12902,"Kristian Williams","DT","2026-01-26","SFA",885000,1,2025,224,2,"111+","Off Roster",2025,279.2,0.00316977077363897
"3668",12954,"Tru Edwards","WR","2026-01-26","SFA",967500,2,2025,235,2,"111+","Off Roster",2025,279.2,0.00346525787965616
"3669",12956,"Brennan Presley","WR","2026-01-26","SFA",967500,2,2025,235,2,"111+","Off Roster",2025,279.2,0.00346525787965616
"3670",12673,"Marques Cox","LT","2026-01-29","SFA",885000,1,2025,106,2,"81-110","Roster Fringe",2025,279.2,0.00316977077363897
"3671",12758,"Nash Jones","LG","2026-01-29","SFA",885000,1,2025,76,2,"41-80","Depth",2025,279.2,0.00316977077363897
"3672",13121,"Thomas Gordon","TE","2026-01-29","SFA",885000,1,2025,160,2,"111+","Off Roster",2025,279.2,0.00316977077363897
"3673",12843,"Jaden Robinson","CB","2026-01-30","SFA",885000,1,2025,277,2,"111+","Off Roster",2025,279.2,0.00316977077363897
"3674",11901,"Brandon Codrington","CB","2026-02-05","SFA",1100000,1,2024,163,2,"111+","Off Roster",2025,279.2,0.00393982808022923
"3675",12957,"Jordan Waters","RB","2026-02-05","SFA",967500,2,2025,146,2,"111+","Off Roster",2025,279.2,0.00346525787965616
"3676",11876,"Amari Gainer","EDGE","2026-02-10","SFA",1005000,1,2024,197,2,"111+","Off Roster",2025,279.2,0.00359957020057307
"3677",12103,"Leonard Taylor","DT","2026-02-10","SFA",1075000,1,2024,170,2,"111+","Off Roster",2025,279.2,0.00385028653295129
"3678",12777,"Marshall Lang","TE","2026-02-10","SFA",885000,1,2025,161,2,"111+","Off Roster",2025,279.2,0.00316977077363897
"3679",13058,"Jeremiah Webb","WR","2026-02-10","SFA",885000,1,2025,267,2,"111+","Off Roster",2025,279.2,0.00316977077363897
"3680",13082,"Mehki Butler","RG","2026-02-10","SFA",885000,1,2025,73,2,"41-80","Depth",2025,279.2,0.00316977077363897
"3681",10116,"Velus Jones Jr.","RB","2026-02-12","SFA",1215000,1,2022,72,2,"41-80","Depth",2025,279.2,0.00435171919770774
"3682",12598,"Ricky White","WR","2026-02-12","SFA",885000,1,2025,267,2,"111+","Off Roster",2025,279.2,0.00316977077363897
"3683",12643,"Tyrone Broden","WR","2026-02-12","SFA",885000,1,2025,267,2,"111+","Off Roster",2025,279.2,0.00316977077363897
"3684",12647,"Logan Brown","RT","2026-02-12","SFA",885000,1,2025,99,2,"81-110","Roster Fringe",2025,279.2,0.00316977077363897
"3685",12731,"Maxen Hook","S","2026-02-12","SFA",885000,1,2025,198,2,"111+","Off Roster",2025,279.2,0.00316977077363897
"3686",12894,"Ja'Markis Weston","EDGE","2026-02-12","SFA",1005000,1,2025,197,2,"111+","Off Roster",2025,279.2,0.00359957020057307
"3687",12944,"Federico Maranges","C","2026-02-12","SFA",885000,1,2025,71,2,"41-80","Depth",2025,279.2,0.00316977077363897
"3688",12945,"Jacardia Wright","RB","2026-02-12","SFA",885000,1,2025,164,2,"111+","Off Roster",2025,279.2,0.00316977077363897
"3689",12997,"J.R. Singleton","DT","2026-02-12","SFA",885000,1,2025,228,2,"111+","Off Roster",2025,279.2,0.00316977077363897
"3690",12998,"Bubba Thomas","DT","2026-02-12","SFA",885000,1,2025,228,2,"111+","Off Roster",2025,279.2,0.00316977077363897
"3691",13085,"Montorie Foster","WR","2026-02-12","SFA",885000,1,2025,267,2,"111+","Off Roster",2025,279.2,0.00316977077363897
"3692",12705,"Jalan Gaines","EDGE","2026-02-13","SFA",885000,1,2025,231,2,"111+","Off Roster",2025,279.2,0.00316977077363897
"3693",12924,"Courtney Jackson","WR","2026-02-13","SFA",885000,1,2025,267,2,"111+","Off Roster",2025,279.2,0.00316977077363897
"3694",10232,"Nick Zakelj","LG","2026-02-16","SFA",1215000,1,2022,38,2,"26-40","Backup/Role-Player",2025,279.2,0.00435171919770774
"3695",13055,"Brandon Crossley","CB","2026-02-17","SFA",885000,1,2025,282,2,"111+","Off Roster",2025,279.2,0.00316977077363897
"3696",11334,"Alex Palczewski","LT","2026-03-08","RFA",4750000,2,2023,29,2,"26-40","Backup/Role-Player",2025,279.2,0.017012893982808
"3697",9345,"Terence Steele","RT","2026-03-09","Other",11000000,3,2020,17,2,"16-25","Starter",2025,279.2,0.0393982808022923
"3698",10101,"Sam Williams","EDGE","2026-03-09","UFA",2500000,1,2022,90,2,"81-110","Roster Fringe",2025,279.2,0.0089541547277937
"3699",10103,"Troy Andersen","LB","2026-03-09","Other",1215000,1,2022,109,2,"81-110","Roster Fringe",2025,279.2,0.00435171919770774
"3700",10137,"Sean Rhyan","C","2026-03-09","UFA",11000000,3,2022,6,2,"4-8","Star",2025,279.2,0.0393982808022923
"3701",10206,"D'Marco Jackson","LB","2026-03-09","UFA",3750000,2,2022,41,2,"41-80","Depth",2025,279.2,0.0134312320916905
"3702",10267,"Montaric Brown","CB","2026-03-09","UFA",10600000,3,2022,26,2,"26-40","Backup/Role-Player",2025,279.2,0.0379656160458453
"3703",10863,"Jonathan Mingo","WR","2026-03-09","Other",1145000,1,2023,159,2,"111+","Off Roster",2025,279.2,0.00410100286532951
"3704",7881,"Connor McGovern","C","2026-03-10","UFA",13100000,4,2019,3,2,"1-3","Superstar",2025,279.2,0.046919770773639
"3705",9503,"Teven Jenkins","RG","2026-03-10","UFA",4000000,1,2021,16,2,"16-25","Starter",2025,279.2,0.0143266475644699
"3706",10058,"Jordan Davis","DT","2026-03-10","Extension",26000000,3,2022,2,2,"1-3","Superstar",2025,279.2,0.0931232091690544
"3707",10104,"Ed Ingram","RG","2026-03-10","UFA",12500000,3,2022,10,2,"9-15","Above-Average Starter",2025,279.2,0.0447707736389685
"3708",11182,"Brenton Cox Jr.","EDGE","2026-03-10","Other",1695000,1,2023,113,2,"111+","Off Roster",2025,279.2,0.00607091690544413
"3709",11337,"Nate Adkins","TE","2026-03-10","UFA",1635000,1,2023,67,2,"41-80","Depth",2025,279.2,0.00585601719197708
"3710",9482,"Jaelan Phillips","EDGE","2026-03-11","UFA",30000000,4,2021,8,2,"4-8","Star",2026,301.2,0.099601593625498
"3711",10098,"Alec Pierce","WR","2026-03-11","UFA",28500000,4,2022,11,2,"9-15","Above-Average Starter",2026,301.2,0.0946215139442231
"3712",10163,"Akayleb Evans","CB","2026-03-11","UFA",1402500,1,2022,113,2,"111+","Off Roster",2026,301.2,0.00465637450199203
"3713",10191,"Micah McFadden","LB","2026-03-11","UFA",3750000,1,2022,44,2,"41-80","Depth",2026,301.2,0.0124501992031873
"3714",10281,"Deane Leonard","CB","2026-03-11","UFA",2000000,1,2022,79,2,"41-80","Depth",2026,301.2,0.00664010624169987
"3715",10299,"Elijah Hicks","S","2026-03-11","UFA",2600000,1,2022,52,2,"41-80","Depth",2026,301.2,0.00863213811420983
"3716",7835,"Elgton Jenkins","LG","2026-03-12","SFA",12000000,2,2019,10,2,"9-15","Above-Average Starter",2026,301.2,0.0398406374501992
"3717",8750,"Jedrick Wills","LT","2026-03-12","SFA",1215000,1,2020,50,2,"41-80","Depth",2026,301.2,0.00403386454183267
"3718",9478,"Alijah Vera-Tucker","RG","2026-03-12","UFA",14000000,3,2021,9,2,"9-15","Above-Average Starter",2026,301.2,0.0464807436918991
"3719",9485,"Kwity Paye","EDGE","2026-03-12","UFA",16000000,3,2021,26,2,"26-40","Backup/Role-Player",2026,301.2,0.0531208499335989
"3720",9615,"Larry Borom","RT","2026-03-12","UFA",5000000,1,2021,21,2,"16-25","Starter",2026,301.2,0.0166002656042497
"3721",10061,"Jahan Dotson","WR","2026-03-12","UFA",7500000,2,2022,38,2,"26-40","Backup/Role-Player",2026,301.2,0.0249003984063745
"3722",10065,"Kenny Pickett","QB","2026-03-12","UFA",4000000,1,2022,38,2,"26-40","Backup/Role-Player",2026,301.2,0.0132802124833997
"3723",10067,"Quay Walker","LB","2026-03-12","UFA",13500000,3,2022,8,2,"4-8","Star",2026,301.2,0.0448207171314741
"3724",10070,"Tyler Linderbaum","C","2026-03-12","UFA",27000000,3,2022,1,2,"1-3","Superstar",2026,301.2,0.0896414342629482
"3725",10072,"Devin Lloyd","LB","2026-03-12","UFA",15000000,3,2022,4,2,"4-8","Star",2026,301.2,0.049800796812749
"3726",10085,"Boye Mafe","EDGE","2026-03-12","UFA",20000000,3,2022,18,2,"16-25","Starter",2026,301.2,0.0664010624169987
"3727",10086,"Kenneth Walker III","RB","2026-03-12","UFA",14350000,3,2022,4,2,"4-8","Star",2026,301.2,0.0476427622841965
"3728",10088,"Wan'Dale Robinson","WR","2026-03-12","UFA",17500000,4,2022,23,2,"16-25","Starter",2026,301.2,0.0581009296148738
"3729",10094,"Alontae Taylor","CB","2026-03-12","UFA",19333333,3,2022,10,2,"9-15","Above-Average Starter",2026,301.2,0.064187692563081
"3730",10107,"Bryan Cook","S","2026-03-12","UFA",13416667,3,2022,13,2,"9-15","Above-Average Starter",2026,301.2,0.0445440471447543
"3731",10120,"Christian Harris","LB","2026-03-12","UFA",2750000,1,2022,47,2,"41-80","Depth",2026,301.2,0.00913014608233732
"3732",10126,"Cordale Flott","CB","2026-03-12","UFA",15000000,3,2022,23,2,"16-25","Starter",2026,301.2,0.049800796812749
"3733",10128,"Nakobe Dean","LB","2026-03-12","UFA",12010000,3,2022,10,2,"9-15","Above-Average Starter",2026,301.2,0.0398738379814077
"3734",10131,"Malik Willis","QB","2026-03-12","UFA",22500000,3,2022,16,2,"16-25","Starter",2026,301.2,0.0747011952191235
"3735",10132,"Cameron Thomas","EDGE","2026-03-12","UFA",3095000,1,2022,67,2,"41-80","Depth",2026,301.2,0.0102755644090305
"3736",10154,"Coby Bryant","S","2026-03-12","UFA",13333333,3,2022,14,2,"9-15","Above-Average Starter",2026,301.2,0.0442673738379814
"3737",10157,"Daniel Bellinger","TE","2026-03-12","UFA",7000000,3,2022,17,2,"16-25","Starter",2026,301.2,0.0232403718459495
"3738",10162,"Micheal Clemons","EDGE","2026-03-12","UFA",5666667,3,2022,53,2,"41-80","Depth",2026,301.2,0.0188136354581673
"3739",10177,"Romeo Doubs","WR","2026-03-12","UFA",17000000,4,2022,25,2,"16-25","Starter",2026,301.2,0.0564409030544489
"3740",10180,"Joshua Williams","CB","2026-03-12","UFA",3375000,2,2022,60,2,"41-80","Depth",2026,301.2,0.0112051792828685
"3741",10188,"Chigoziem Okonkwo","TE","2026-03-12","UFA",9000000,3,2022,12,2,"9-15","Above-Average Starter",2026,301.2,0.0298804780876494
"3742",10189,"Sam Howell","QB","2026-03-12","UFA",2500000,1,2022,48,2,"41-80","Depth",2026,301.2,0.00830013280212483
"3743",10196,"Tyler Allgeier","RB","2026-03-12","UFA",6125000,2,2022,19,2,"16-25","Starter",2026,301.2,0.0203353253652058
"3744",10198,"Tariq Woolen","CB","2026-03-12","UFA",12000000,1,2022,26,2,"26-40","Backup/Role-Player",2026,301.2,0.0398406374501992
"3745",10224,"Kingsley Enagbare","EDGE","2026-03-12","UFA",9000000,1,2022,43,2,"41-80","Depth",2026,301.2,0.0298804780876494
"3746",10236,"Jalen Nailor","WR","2026-03-12","UFA",11676667,3,2022,33,2,"26-40","Backup/Role-Player",2026,301.2,0.0387671547144754
"3747",10244,"Cade Mays","C","2026-03-12","UFA",8333333,3,2022,9,2,"9-15","Above-Average Starter",2026,301.2,0.0276671082337317
"3748",10288,"Jaylen Watson","CB","2026-03-12","UFA",17000000,3,2022,20,2,"16-25","Starter",2026,301.2,0.0564409030544489
"3749",11488,"Julian Hill","TE","2026-03-12","SFA",5000000,3,2023,28,2,"26-40","Backup/Role-Player",2026,301.2,0.0166002656042497
"3750",9489,"Travis Etienne","RB","2026-03-13","UFA",12000000,4,2021,7,2,"4-8","Star",2026,301.2,0.0398406374501992
"3751",9490,"Greg Newsome II","CB","2026-03-13","UFA",8000000,1,2021,36,2,"26-40","Backup/Role-Player",2026,301.2,0.0265604249667995
"3752",10062,"Zion Johnson","LG","2026-03-13","UFA",16500000,3,2022,7,2,"4-8","Star",2026,301.2,0.0547808764940239
"3753",10066,"Trent McDuffie","CB","2026-03-13","Extension",31000000,4,2022,1,2,"1-3","Superstar",2026,301.2,0.102921646746348
"3754",10078,"Logan Hall","DT","2026-03-13","UFA",6875000,2,2022,45,2,"41-80","Depth",2026,301.2,0.0228253652058433
"3755",10099,"Skyy Moore","WR","2026-03-13","UFA",2500000,1,2022,65,2,"41-80","Depth",2026,301.2,0.00830013280212483
"3756",10135,"Dylan Parham","LG","2026-03-13","UFA",8000000,2,2022,15,2,"9-15","Above-Average Starter",2026,301.2,0.0265604249667995
"3757",10136,"Rachaad White","RB","2026-03-13","UFA",2000000,1,2022,38,2,"26-40","Backup/Role-Player",2026,301.2,0.00664010624169987
"3758",10141,"Nick Cross","S","2026-03-13","UFA",6500000,2,2022,29,2,"26-40","Backup/Role-Player",2026,301.2,0.0215803452855246
"3759",10148,"Leo Chenal","LB","2026-03-13","UFA",8250000,3,2022,24,2,"16-25","Starter",2026,301.2,0.027390438247012
"3760",10151,"Cade Otton","TE","2026-03-13","UFA",10000000,3,2022,12,2,"9-15","Above-Average Starter",2026,301.2,0.0332005312084993
"3761",10156,"Max Mitchell","LG","2026-03-13","UFA",2000000,1,2022,28,2,"26-40","Backup/Role-Player",2026,301.2,0.00664010624169987
"3762",10159,"Dane Belton","S","2026-03-13","UFA",4000000,1,2022,37,2,"26-40","Backup/Role-Player",2026,301.2,0.0132802124833997
"3763",10173,"Charlie Kolar","TE","2026-03-13","UFA",8100000,3,2022,17,2,"16-25","Starter",2026,301.2,0.0268924302788845
"3764",10175,"Jordan Stout","P","2026-03-13","UFA",4100000,3,2022,1,2,"1-3","Superstar",2026,301.2,0.0136122177954847
"3765",10184,"Isaiah Likely","TE","2026-03-13","UFA",13333333,3,2022,3,2,"1-3","Superstar",2026,301.2,0.0442673738379814
"3766",10187,"Cobie Durant","CB","2026-03-13","UFA",4000000,1,2022,52,2,"41-80","Depth",2026,301.2,0.0132802124833997
"3767",10205,"Otito Ogbonnia","DT","2026-03-13","UFA",2750000,1,2022,68,2,"41-80","Depth",2026,301.2,0.00913014608233732
"3768",10213,"Braxton Jones","LT","2026-03-13","UFA",5000000,1,2022,27,2,"26-40","Backup/Role-Player",2026,301.2,0.0166002656042497
"3769",10219,"Dominique Robinson","EDGE","2026-03-13","UFA",3000000,1,2022,70,2,"41-80","Depth",2026,301.2,0.0099601593625498
"3770",10229,"Vederian Lowe","LT","2026-03-13","UFA",4625000,2,2022,29,2,"26-40","Backup/Role-Player",2026,301.2,0.0153552456839309
"3771",10237,"Andrew Ogletree","TE","2026-03-13","UFA",2250000,1,2022,52,2,"41-80","Depth",2026,301.2,0.00747011952191235
"3772",10240,"Jamaree Salyer","RG","2026-03-13","UFA",1487500,1,2022,21,2,"16-25","Starter",2026,301.2,0.00493857901726428
"3773",10243,"Grant Calcaterra","TE","2026-03-13","UFA",2000000,1,2022,55,2,"41-80","Depth",2026,301.2,0.00664010624169987
"3774",10278,"Dareke Young","WR","2026-03-13","UFA",1802000,1,2022,74,2,"41-80","Depth",2026,301.2,0.00598273572377158
"3775",10296,"Isiah Pacheco","RB","2026-03-13","UFA",1810000,1,2022,40,2,"26-40","Backup/Role-Player",2026,301.2,0.00600929614873838
"3776",11258,"Claudin Cherelus","LB","2026-03-13","SFA",1295000,1,2023,84,2,"81-110","Roster Fringe",2026,301.2,0.00429946879150066
"3777",11264,"Keaton Mitchell","RB","2026-03-13","RFA",4625000,2,2023,26,2,"26-40","Backup/Role-Player",2026,301.2,0.0153552456839309
"3778",11344,"Jaleel McLaughlin","RB","2026-03-13","RFA",1430000,1,2023,47,2,"41-80","Depth",2026,301.2,0.00474767596281541
"3779",11399,"Drake Thomas","LB","2026-03-13","UFA",4000000,2,2023,40,2,"26-40","Backup/Role-Player",2026,301.2,0.0132802124833997
"3780",11413,"Starling Thomas V","CB","2026-03-13","SFA",1475000,1,2023,103,2,"81-110","Roster Fringe",2026,301.2,0.00489707835325365
"3781",11418,"Christian Izien","S","2026-03-13","SFA",2000000,1,2023,55,2,"41-80","Depth",2026,301.2,0.00664010624169987
"3782",9495,"Odafe Oweh","EDGE","2026-03-14","UFA",24000000,4,2021,14,2,"9-15","Above-Average Starter",2026,301.2,0.0796812749003984
"3783",10183,"Calvin Austin III","WR","2026-03-14","UFA",1500000,1,2022,86,2,"81-110","Roster Fringe",2026,301.2,0.0049800796812749
"3784",10253,"Connor Heyward","TE","2026-03-14","UFA",2250000,2,2022,52,2,"41-80","Depth",2026,301.2,0.00747011952191235
"3785",10294,"Rasheed Walker","LT","2026-03-14","UFA",4000000,1,2022,33,2,"26-40","Backup/Role-Player",2026,301.2,0.0132802124833997
"3786",10064,"Trevor Penning","LT","2026-03-16","UFA",3500000,1,2022,38,2,"26-40","Backup/Role-Player",2026,301.2,0.0116201859229748
"3787",10080,"Roger McCreary","CB","2026-03-16","UFA",1402500,1,2022,106,2,"81-110","Roster Fringe",2026,301.2,0.00465637450199203
"3788",10083,"Arnold Ebiketie","EDGE","2026-03-16","UFA",4300000,1,2022,59,2,"41-80","Depth",2026,301.2,0.0142762284196547
"3789",10089,"John Metchie III","WR","2026-03-16","UFA",1900000,1,2022,72,2,"41-80","Depth",2026,301.2,0.00630810092961487
"3790",10090,"David Ojabo","EDGE","2026-03-16","UFA",1402500,1,2022,105,2,"81-110","Roster Fringe",2026,301.2,0.00465637450199203
"3791",10093,"Jaquan Brisker","S","2026-03-16","UFA",5500000,1,2022,33,2,"26-40","Backup/Role-Player",2026,301.2,0.0182602921646746
"3792",10133,"Jalen Tolbert","WR","2026-03-16","UFA",1402500,1,2022,94,2,"81-110","Roster Fringe",2026,301.2,0.00465637450199203
"3793",10233,"Malcolm Rodriguez","LB","2026-03-16","UFA",2750000,1,2022,53,2,"41-80","Depth",2026,301.2,0.00913014608233732
"3794",10263,"Ko Kieft","TE","2026-03-16","UFA",1650000,1,2022,65,2,"41-80","Depth",2026,301.2,0.00547808764940239
"3795",11202,"Emari Demercado","RB","2026-03-16","SFA",1250000,1,2023,62,2,"41-80","Depth",2026,301.2,0.00415006640106242
"3796",10214,"Ty Chandler","RB","2026-03-17","UFA",1215000,1,2022,64,2,"41-80","Depth",2026,301.2,0.00403386454183267
"3797",10223,"John Ridgeway","DT","2026-03-17","UFA",2857500,2,2022,70,2,"41-80","Depth",2026,301.2,0.00948705179282869
"3798",11108,"Ben Sims","TE","2026-03-17","RFA",1332500,1,2023,80,2,"41-80","Depth",2026,301.2,0.00442397078353254
"3799",11401,"T.J. Bass","RG","2026-03-17","RFA",5767000,1,2023,14,2,"9-15","Above-Average Starter",2026,301.2,0.0191467463479416
"3800",10105,"Cam Taylor-Britt","CB","2026-03-18","UFA",1402500,1,2022,108,2,"81-110","Roster Fringe",2026,301.2,0.00465637450199203
"3801",10221,"Damone Clark","LB","2026-03-18","UFA",1402500,1,2022,76,2,"41-80","Depth",2026,301.2,0.00465637450199203
"3802",10265,"Kalia Davis","DT","2026-03-18","SFA",2000000,1,2022,83,2,"81-110","Roster Fringe",2026,301.2,0.00664010624169987
"3803",10275,"Chris Paul","LG","2026-03-19","UFA",3000000,1,2022,27,2,"26-40","Backup/Role-Player",2026,301.2,0.0099601593625498
"3804",10211,"Tycen Anderson","S","2026-03-20","UFA",1500000,1,2022,73,2,"41-80","Depth",2026,301.2,0.0049800796812749
"3805",10844,"Jaxon Smith-Njigba","WR","2026-03-23","Extension",42150000,4,2023,1,2,"1-3","Superstar",2026,301.2,0.139940239043825
"3806",11381,"Mohamoud Diabate","LB","2026-03-23","RFA",1363000,1,2023,84,2,"81-110","Roster Fringe",2026,301.2,0.00452523240371846
"3807",11497,"Chris Stoll","LS","2026-03-23","SFA",1452500,2,2023,17,2,"16-25","Starter",2026,301.2,0.00482237715803453
"3808",9915,"Feleipe Franks","TE","2026-03-24","UFA",1265000,1,2021,85,2,"81-110","Roster Fringe",2026,301.2,0.00419986719787517
"3809",11314,"Cam Jones","LB","2026-03-25","SFA",1145000,1,2023,115,2,"111+","Off Roster",2026,301.2,0.00380146082337317
"3810",11395,"Jake Bobo","WR","2026-03-25","RFA",2750000,2,2023,67,2,"41-80","Depth",2026,301.2,0.00913014608233732
"3811",10143,"Brian Robinson Jr.","RB","2026-03-26","UFA",2500000,1,2022,35,2,"26-40","Backup/Role-Player",2026,301.2,0.00830013280212483
"3812",10192,"D.J. Davidson","DT","2026-03-31","UFA",1325000,1,2022,109,2,"81-110","Roster Fringe",2026,301.2,0.00439907038512616
"3813",12790,"Chandler Martin","LB","2026-03-31","SFA",1062500,2,2025,139,2,"111+","Off Roster",2026,301.2,0.00352755644090305
"3814",10127,"DeAngelo Malone","EDGE","2026-04-01","UFA",1500000,1,2022,103,2,"81-110","Roster Fringe",2026,301.2,0.0049800796812749
"3815",10259,"Ja'Sir Taylor","CB","2026-04-02","UFA",1215000,1,2022,132,2,"111+","Off Roster",2026,301.2,0.00403386454183267
"3816",10046,"Travon Walker","EDGE","2026-04-06","Extension",27500000,4,2022,12,2,"9-15","Above-Average Starter",2026,301.2,0.0913014608233732
"3817",10045,"Haggai Chisom Ndubuisi","DT","2026-04-10","SFA",885000,1,2022,198,2,"111+","Off Roster",2026,301.2,0.00293824701195219
"3818",7851,"Nasir Adderley","S","2026-04-14","UFA",1215000,1,2019,103,2,"81-110","Roster Fringe",2026,301.2,0.00403386454183267
"3819",10983,"Dontayvion Wicks","WR","2026-04-14","Extension",12500000,1,2023,31,2,"26-40","Backup/Role-Player",2026,301.2,0.0415006640106242
"3820",11085,"Ivan Pace Jr.","LB","2026-04-20","RFA",3520000,1,2023,49,2,"41-80","Depth",2026,301.2,0.0116865869853918
"3821",13006,"Xavier Guillory","WR","2026-04-20","SFA",885000,1,2025,242,2,"111+","Off Roster",2026,301.2,0.00293824701195219
"3822",11542,"Sean Tucker","RB","2026-04-21","RFA",3520000,1,2023,30,2,"26-40","Backup/Role-Player",2026,301.2,0.0116865869853918
"3823",10827,"Will Anderson Jr.","EDGE","2026-04-22","Extension",50000000,3,2023,1,2,"1-3","Superstar",2026,301.2,0.166002656042497
