"","consensus","Player Name","Position","College","draft_year","gsis_id","round","pick","max_pick","below_consensus"
"1",1,"Myles Garrett","EDGE","Texas A&M",2017,"00-0033868",1,"1",253,"0"
"2",2,"Solomon Thomas","DL","Stanford",2017,"00-0033870",1,"3",253,"-1"
"3",3,"Jamal Adams","S","LSU",2017,"00-0033872",1,"6",253,"-3"
"4",4,"Leonard Fournette","RB","LSU",2017,"00-0033856",1,"4",253,"0"
"5",5,"Marshon Lattimore","CB","Ohio State",2017,"00-0033874",1,"11",253,"-6"
"6",6,"Malik Hooker","S","Ohio State",2017,"00-0033877",1,"15",253,"-9"
"7",7,"Jonathan Allen","DL","Alabama",2017,"00-0033523",1,"17",253,"-10"
"8",8,"Mitchell Trubisky","QB","North Carolina",2017,"00-0033869",1,"2",253,"6"
"9",9,"OJ Howard","TE","Alabama",2017,"00-0033879",1,"19",253,"-10"
"10",10,"Christian McCaffrey","RB","Stanford",2017,"00-0033280",1,"8",253,"2"
"11",11,"Deshaun Watson","QB","Clemson",2017,"00-0033537",1,"12",253,"-1"
"12",12,"Reuben Foster","LB","Alabama",2017,"00-0033887",1,"31",253,"-19"
"13",13,"Mike Williams","WR","Clemson",2017,"00-0033536",1,"7",253,"6"
"14",14,"Derek Barnett","EDGE","Tennessee",2017,"00-0033876",1,"14",253,"0"
"15",15,"Corey Davis","WR","Western Michigan",2017,"00-0033871",1,"5",253,"10"
"16",16,"Haason Reddick","LB","Temple",2017,"00-0033875",1,"13",253,"3"
"17",17,"John Ross","WR","Washington",2017,"00-0033460",1,"9",253,"8"
"18",18,"Marlon Humphrey","CB","Alabama",2017,"00-0033281",1,"16",253,"2"
"19",19,"Patrick Mahomes","QB","Texas Tech",2017,"00-0033873",1,"10",253,"9"
"20",20,"Dalvin Cook","RB","Florida State",2017,"00-0033893",2,"41",253,"-21"
"21",21,"Forrest Lamp","IOL","Western Kentucky",2017,"00-0033542",2,"38",253,"-17"
"22",22,"Ryan Ramczyk","OT","Wisconsin",2017,"00-0033888",1,"32",253,"-10"
"23",23,"Taco Charlton","DL","Michigan",2017,"00-0033541",1,"28",253,"-5"
"24",24,"Garett Bolles","OT","Utah",2017,"00-0033538",1,"20",253,"4"
"25",25,"Cam Robinson","OT","Alabama",2017,"00-0033889",2,"34",253,"-9"
"26",26,"Charles Harris","DL","Missouri",2017,"00-0033880",1,"22",253,"4"
"27",27,"Takkarist McKinley","EDGE","UCLA",2017,"00-0033540",1,"26",253,"1"
"28",28,"David Njoku","TE","Miami (FL)",2017,"00-0033885",1,"29",253,"-1"
"29",29,"Gareon Conley","CB","Ohio State",2017,"00-0033882",1,"24",253,"5"
"30",30,"Jarrad Davis","LB","Florida",2017,"00-0033539",1,"21",253,"9"
"31",31,"TreDavious White","CB","LSU",2017,"00-0033884",1,"27",253,"4"
"32",32,"Jabrill Peppers","S","Michigan",2017,"00-0033883",1,"25",253,"7"
"33",33,"Malik McDowell","DL","Michigan State",2017,"00-0034019",2,"35",253,"-2"
"34",34,"Kevin King","CB","Washington",2017,"00-0033524",2,"33",253,"1"
"35",35,"TJ Watt","EDGE","Wisconsin",2017,"00-0033886",1,"30",253,"5"
"36",36,"Adoree Jackson","CB","USC",2017,"00-0033878",1,"18",253,"18"
"37",37,"Zach Cunningham","LB","Vanderbilt",2017,"00-0033547",2,"57",253,"-20"
"38",38,"DeShone Kizer","QB","Notre Dame",2017,"00-0033899",2,"52",253,"-14"
"39",39,"Obi Melifonwu","S","UConn",2017,"00-0033900",2,"56",253,"-17"
"40",40,"Quincy Wilson","CB","Florida",2017,"00-0033544",2,"46",253,"-6"
"41",41,"Chidobe Awuzie","CB","Colorado",2017,"00-0033548",2,"60",253,"-19"
"42",42,"Joe Mixon","RB","Oklahoma",2017,"00-0033897",2,"48",253,"-6"
"43",43,"Jordan Willis","DL","Kansas State",2017,"00-0033912",3,"73",253,"-30"
"44",44,"Carl Lawson","EDGE","Auburn",2017,"00-0033463",4,"116",253,"-72"
"45",45,"Budda Baker","S","Washington",2017,"00-0033890",2,"36",253,"9"
"46",46,"Evan Engram","TE","Mississippi",2017,"00-0033881",1,"23",253,"23"
"47",47,"Tim Williams","EDGE","Alabama",2017,"00-0033915",3,"78",253,"-31"
"48",48,"Tyus Bowser","LB","Houston",2017,"00-0033283",2,"47",253,"1"
"49",49,"Fabian Moreau","CB","UCLA",2017,"00-0033918",3,"81",253,"-32"
"50",50,"Dan Feeney","IOL","Indiana",2017,"00-0033910",3,"71",253,"-21"
"51",51,"Davis Webb","QB","California",2017,"00-0033550",3,"87",253,"-36"
"52",52,"Caleb Brantley","DL","Florida",2017,"00-0033962",6,"185",253,"-133"
"53",53,"Zay Jones","WR","East Carolina",2017,"00-0033891",2,"37",253,"16"
"54",54,"Sidney Jones","CB","Washington",2017,"00-0033543",2,"43",253,"11"
"55",55,"Derek Rivers","EDGE","Youngstown State",2017,"00-0033920",3,"83",253,"-28"
"56",56,"Alvin Kamara","RB","Tennessee",2017,"00-0033906",3,"67",253,"-11"
"57",57,"Teez Tabor","CB","Florida",2017,"00-0033545",2,"53",253,"4"
"58",58,"Chris Wormley","DL","Michigan",2017,"00-0033913",3,"74",253,"-16"
"59",59,"Cordrea Tankersley","CB","Clemson",2017,"00-0033462",3,"97",253,"-38"
"60",60,"Marcus Williams","S","Utah",2017,"00-0033894",2,"42",253,"18"
"61",61,"Dion Dawkins","IOL","Temple",2017,"00-0033904",2,"63",253,"-2"
"62",62,"JuJu Smith-Schuster","WR","USC",2017,"00-0033857",2,"62",253,"0"
"63",63,"Raekwon McMillan","LB","Ohio State",2017,"00-0033461",2,"54",253,"9"
"64",64,"Ryan Anderson","EDGE","Alabama",2017,"00-0033525",2,"49",253,"15"
"65",65,"Taylor Moton","OT","Western Michigan",2017,"00-0033284",2,"64",253,"1"
"66",66,"DeMarcus Walker","DL","Florida State",2017,"00-0033782",2,"51",253,"15"
"67",67,"Cooper Kupp","WR","Eastern Washington",2017,"00-0033908",3,"69",253,"-2"
"68",68,"Curtis Samuel","WR","Ohio State",2017,"00-0033282",2,"40",253,"28"
"69",69,"Pat Elflein","IOL","Ohio State",2017,"00-0033909",3,"70",253,"-1"
"70",70,"Montravius Adams","DL","Auburn",2017,"00-0033929",3,"93",253,"-23"
"71",71,"Dorian Johnson","IOL","Pittsburgh",2017,"00-0033942",4,"115",253,"-44"
"72",72,"Josh Jones","S","NC State",2017,"00-0033903",2,"61",253,"11"
"73",73,"Marcus Maye","S","Florida",2017,"00-0033892",2,"39",253,"34"
"74",74,"Desmond King","CB","Iowa",2017,"00-0033566",5,"151",253,"-77"
"75",75,"Ethan Pocic","IOL","LSU",2017,"00-0033901",2,"58",253,"17"
"76",76,"Adam Shaheen","TE","Ashland",2017,"00-0033896",2,"45",253,"31"
"77",77,"Antonio Garcia","OT","Troy",2017,"00-0033922",3,"85",253,"-8"
"78",78,"Ahkello Witherspoon","CB","Colorado",2017,"00-0033783",3,"66",253,"12"
"79",79,"Chris Godwin","WR","Penn State",2017,"00-0033921",3,"84",253,"-5"
"80",80,"Justin Evans","S","Texas A&M",2017,"00-0033898",2,"50",253,"30"
"81",81,"Dalvin Tomlinson","DL","Alabama",2017,"00-0033546",2,"55",253,"26"
"82",82,"Tarell Basham","EDGE","Ohio",2017,"00-0033917",3,"80",253,"2"
"83",83,"Gerald Everett","TE","South Alabama",2017,"00-0033895",2,"44",253,"39"
"84",84,"Jourdan Lewis","CB","Michigan",2017,"00-0033928",3,"92",253,"-8"
"85",85,"Roderick Johnson","OT","Florida State",2017,"00-0033569",5,"160",253,"-75"
"86",86,"Nathan Peterman","QB","Pittsburgh",2017,"00-0033958",5,"171",253,"-85"
"87",87,"Dawuane Smoot","EDGE","Illinois",2017,"00-0033907",3,"68",253,"19"
"88",88,"Carlos Henderson","WR","Louisiana Tech",2017,"00-0033919",3,"82",253,"6"
"89",89,"Larry Ogunjobi","DL","Charlotte",2017,"00-0033905",3,"65",253,"24"
"90",90,"Cameron Sutton","CB","Tennessee",2017,"00-0033930",3,"94",253,"-4"
"91",91,"Kareem Hunt","RB","Toledo",2017,"00-0033923",3,"86",253,"5"
"92",92,"Jaleel Johnson","DL","Iowa",2017,"00-0033940",4,"109",253,"-17"
"93",93,"ArDarius Stewart","WR","Alabama",2017,"00-0033916",3,"79",253,"14"
"94",94,"Carlos Watkins","DL","Clemson",2017,"00-0033563",4,"142",253,"-48"
"95",95,"DOnta Foreman","RB","Texas",2017,"00-0033925",3,"89",253,"6"
"96",96,"Dede Westbrook","WR","Oklahoma",2017,"00-0033839",4,"110",253,"-14"
"97",97,"Alex Anzalone","LB","Florida",2017,"00-0033914",3,"76",253,"21"
"98",98,"Duke Riley","LB","LSU",2017,"00-0033549",3,"75",253,"23"
"99",99,"Samaje Perine","RB","Oklahoma",2017,"00-0033526",4,"114",253,"-15"
"100",100,"Jake Butt","TE","Michigan",2017,"00-0033564",5,"145",253,"-45"
"101",101,"Bucky Hodges","TE","Virginia Tech",2017,"00-0033966",6,"201",253,"-100"
"102",102,"Tanoh Kpassagnon","DL","Villanova",2017,"00-0033902",2,"59",253,"43"
"103",103,"Taywan Taylor","WR","Western Kentucky",2017,"00-0033911",3,"72",253,"31"
"104",104,"Nazair Jones","DL","North Carolina",2017,"00-0033934",3,"102",253,"2"
"105",105,"Eddie Jackson","S","Alabama",2017,"00-0033784",4,"112",253,"-7"
"106",106,"Corn Elder","CB","Miami (FL)",2017,"00-0033289",5,"152",253,"-46"
"107",107,"Brad Kaaya","QB","Miami (FL)",2017,"00-0033585",6,"215",253,"-108"
"108",108,"Chad Hansen","WR","California",2017,"00-0033840",4,"141",253,"-33"
"109",109,"Rasul Douglas","CB","West Virginia",2017,"00-0033551",3,"99",253,"10"
"110",110,"Anthony Walker","LB","Northwestern",2017,"00-0033570",5,"161",253,"-51"
"111",111,"Isaac Asiata","IOL","Utah",2017,"00-0033465",5,"164",253,"-53"
"112",112,"Marlon Mack","RB","South Florida",2017,"00-0033951",4,"143",253,"-31"
"113",113,"Kendell Beckwith","LB","LSU",2017,"00-0033938",3,"107",253,"6"
"114",114,"Isaiah Ford","WR","Virginia Tech",2017,"00-0033471",7,"237",253,"-123"
"115",115,"Elijah Qualls","DL","Washington",2017,"00-0033584",6,"214",253,"-99"
"116",116,"George Kittle","TE","Iowa",2017,"00-0033288",5,"146",253,"-30"
"117",117,"Daeshon Hall","DL","Texas A&M",2017,"00-0033285",3,"77",253,"40"
"118",118,"Jamaal Williams","RB","BYU",2017,"00-0033948",4,"134",253,"-16"
"119",119,"Nico Siragusa","IOL","San Diego State",2017,"00-0033287",4,"122",253,"-3"
"120",120,"Jordan Leggett","TE","Clemson",2017,"00-0033953",5,"150",253,"-30"
"121",121,"Amara Darboh","WR","Michigan",2017,"00-0033937",3,"106",253,"15"
"122",122,"Josh Reynolds","WR","Texas A&M",2017,"00-0033943",4,"117",253,"5"
"123",123,"Jeremy Sprinkle","TE","Arkansas",2017,"00-0033528",5,"154",253,"-31"
"124",124,"Tedric Thompson","S","Colorado",2017,"00-0033554",4,"111",253,"13"
"125",125,"Vincent Taylor","DL","Oklahoma State",2017,"00-0033469",6,"194",253,"-69"
"126",126,"Vince Biegel","EDGE","Wisconsin",2017,"00-0033939",4,"108",253,"18"
"127",127,"Zach Banner","OT","USC",2017,"00-0033785",4,"137",253,"-10"
"128",128,"Michael Roberts","TE","Toledo",2017,"00-0033559",4,"127",253,"1"
"129",129,"Joshua Dobbs","QB","Tennessee",2017,"00-0033949",4,"135",253,"-6"
"130",130,"Damontae Kazee","CB","San Diego State",2017,"00-0033512",5,"149",253,"-19"
"131",131,"Howard Wilson","CB","Houston",2017,"00-0033558",4,"126",253,"5"
"132",132,"Trey Hendrickson","EDGE","Florida Atlantic",2017,"00-0033935",3,"103",253,"29"
"133",133,"Jeremy McNichols","RB","Boise State",2017,"00-0033955",5,"162",253,"-29"
"134",134,"Jalen Myrick","CB","Minnesota",2017,"00-0033587",7,"222",253,"-88"
"135",135,"Shaquill Griffin","CB","UCF",2017,"00-0033926",3,"90",253,"45"
"136",136,"Danny Isidora","IOL","Miami (FL)",2017,"00-0033960",5,"180",253,"-44"
"137",137,"Jermaine Eluemunor","OT","Texas A&M",2017,"00-0033290",5,"159",253,"-22"
"138",138,"KD Cannon","WR","Baylor",2017,NA,NA,"undrafted",253,"undrafted - proj drafted"
"139",139,"Josh Malone","WR","Tennessee",2017,"00-0033859",4,"128",253,"11"
"140",140,"Davon Godchaux","DL","LSU",2017,"00-0033860",5,"178",253,"-38"
"141",141,"Julien Davenport","OT","Bucknell",2017,"00-0033560",4,"130",253,"11"
"142",142,"Wayne Gallman","RB","Clemson",2017,"00-0033950",4,"140",253,"2"
"143",143,"James Conner","RB","Pittsburgh",2017,"00-0033553",3,"105",253,"38"
"144",144,"Jonnu Smith","TE","Florida International",2017,"00-0033858",3,"100",253,"44"
"145",145,"Malachi Dupre","WR","LSU",2017,"00-0033305",7,"247",253,"-102"
"146",146,"Eddie Vanderdoes","DL","UCLA",2017,"00-0033924",3,"88",253,"58"
"147",147,"Carroll Phillips","EDGE","Illinois",2017,NA,NA,"undrafted",253,"undrafted - proj drafted"
"148",148,"Xavier Woods","S","Louisiana Tech",2017,"00-0033579",6,"191",253,"-43"
"149",149,"Blair Brown","LB","Ohio",2017,"00-0033841",5,"148",253,"1"
"150",150,"John Johnson","S","Boston College",2017,"00-0033927",3,"91",253,"59"
"151",151,"Joe Mathis","EDGE","Washington",2017,NA,NA,"undrafted",253,"undrafted - proj drafted"
"152",152,"Tyler Orlosky","IOL","West Virginia",2017,NA,NA,"undrafted",253,"undrafted - proj drafted"
"153",153,"Brian Hill","RB","Wyoming",2017,"00-0033567",5,"156",253,"-3"
"154",154,"Shelton Gibson","WR","West Virginia",2017,"00-0033573",5,"166",253,"-12"
"155",155,"Jarron Jones","DL","Notre Dame",2017,NA,NA,"undrafted",253,"undrafted - proj drafted"
"156",156,"Cole Hikutini","TE","Louisville",2017,NA,NA,"undrafted",253,"undrafted - proj drafted"
"157",157,"Josh Harvey-Clemons","S","Louisville",2017,"00-0033532",7,"230",253,"-73"
"158",158,"Ejuan Price","EDGE","Pittsburgh",2017,"00-0033974",7,"234",253,"-76"
"159",159,"Chase Roullier","IOL","Wyoming",2017,"00-0033529",6,"199",253,"-40"
"160",160,"Deatrich Wise","DL","Arkansas",2017,"00-0033947",4,"131",253,"29"
"161",161,"Ryan Switzer","WR","North Carolina",2017,"00-0033562",4,"133",253,"28"
"162",162,"Mack Hollins","WR","North Carolina",2017,"00-0033555",4,"118",253,"44"
"163",163,"Ryan Glasgow","DL","Michigan",2017,"00-0033786",4,"138",253,"25"
"164",164,"Tanzel Smart","DL","Tulane",2017,"00-0033963",6,"189",253,"-25"
"165",165,"TJ Logan","RB","North Carolina",2017,"00-0033789",5,"179",253,"-14"
"166",166,"Matthew Dayes","RB","NC State",2017,"00-0033596",7,"252",253,"-86"
"167",167,"Jalen Robinette","WR","Air Force",2017,NA,NA,"undrafted",253,"undrafted - proj drafted"
"168",168,"Ishmael Zamora","WR","Baylor",2017,NA,NA,"undrafted",253,"undrafted - proj drafted"
"169",169,"Jayon Brown","LB","UCLA",2017,"00-0033954",5,"155",253,"14"
"170",170,"Nate Gerry","S","Nebraska",2017,"00-0033577",5,"184",253,"-14"
"171",171,"Jon Toth","IOL","Kentucky",2017,NA,NA,"undrafted",253,"undrafted - proj drafted"
"172",172,"Zane Gonzalez","K","Arizona State",2017,"00-0033862",7,"224",253,"-52"
"173",173,"Tarik Cohen","RB","North Carolina A&T",2017,"00-0033556",4,"119",253,"54"
"174",174,"Jalen Reeves-Maybin","LB","Tennessee",2017,"00-0033557",4,"124",253,"50"
"175",175,"Elijah Lee","LB","Kansas State",2017,"00-0033973",7,"232",253,"-57"
"176",176,"Brendan Langley","CB","Lamar",2017,"00-0033552",3,"101",253,"75"
"177",177,"Stacy Coley","WR","Miami (FL)",2017,"00-0033968",7,"219",253,"-42"
"178",178,"Conor McDermott","OT","UCLA",2017,"00-0033300",6,"211",253,"-33"
"179",179,"Noah Brown","WR","Ohio State",2017,"00-0033591",7,"239",253,"-60"
"180",180,"Will Holden","OT","Vanderbilt",2017,"00-0033788",5,"157",253,"23"
"181",181,"Ben Boulware","LB","Clemson",2017,NA,NA,"undrafted",253,"undrafted - proj drafted"
"182",182,"Charles Walker","DL","Oklahoma",2017,NA,NA,"undrafted",253,"undrafted - proj drafted"
"183",183,"Kenny Golladay","WR","Northern Illinois",2017,"00-0033932",3,"96",253,"87"
"184",184,"Jeremy Cutrer","CB","Middle Tennessee State",2017,NA,NA,"undrafted",253,"undrafted - proj drafted"
"185",185,"Jehu Chesson","WR","Michigan",2017,"00-0033464",4,"139",253,"46"
"186",186,"Ifeadi Odenigbo","DL","Northwestern",2017,"00-0033969",7,"220",253,"-34"
"187",187,"Eric Wilson","LB","Cincinnati",2017,NA,NA,"undrafted",253,"undrafted - proj drafted"
"188",188,"Marquel Lee","LB","Wake Forest",2017,"00-0033956",5,"168",253,"20"
"189",189,"Donnel Pumphrey","RB","San Diego State",2017,"00-0033561",4,"132",253,"57"
"190",190,"Channing Stribling","CB","Michigan",2017,NA,NA,"undrafted",253,"undrafted - proj drafted"
"191",191,"Jordan Evans","LB","Oklahoma",2017,"00-0033790",6,"193",253,"-2"
"192",192,"Damoreea Stringfellow","WR","Mississippi",2017,NA,NA,"undrafted",253,"undrafted - proj drafted"
"193",193,"Aaron Jones","RB","UTEP",2017,"00-0033293",5,"182",253,"11"
"194",194,"Dylan Cole","LB","Missouri State",2017,NA,NA,"undrafted",253,"undrafted - proj drafted"
"195",195,"Lano Hill","S","Michigan",2017,"00-0033931",3,"95",253,"100"
"196",196,"Adam Bisnowaty","OT","Pittsburgh",2017,"00-0033965",6,"200",253,"-4"
"197",197,"Lorenzo Jerome","S","Saint Francis",2017,NA,NA,"undrafted",253,"undrafted - proj drafted"
"198",198,"Keionta Davis","DL","Chattanooga",2017,NA,NA,"undrafted",253,"undrafted - proj drafted"
"199",199,"Connor Harris","LB","Lindenwood",2017,NA,NA,"undrafted",253,"undrafted - proj drafted"
"200",200,"Marquez White","CB","Florida State",2017,"00-0033586",6,"216",253,"-16"
"201",201,"Harvey Langi","LB","BYU",2017,NA,NA,"undrafted",253,"undrafted - proj drafted"
"202",202,"Andreas Knappe","OT","UConn",2017,NA,NA,"undrafted",253,"undrafted - proj drafted"
"203",203,"Cooper Rush","QB","Central Michigan",2017,NA,NA,"undrafted",253,"undrafted - proj drafted"
"204",204,"Darius English","EDGE","South Carolina",2017,NA,NA,"undrafted",253,"undrafted - proj drafted"
"205",205,"Freddie Stevenson","RB","Florida State",2017,NA,NA,"undrafted",253,"undrafted - proj drafted"
"206",206,"Justin Senior","OT","Mississippi State",2017,"00-0033583",6,"210",253,"-4"
"207",207,"Trent Taylor","WR","Louisiana Tech",2017,"00-0033292",5,"177",253,"30"
"208",208,"Devonte Fields","EDGE","Louisville",2017,NA,NA,"undrafted",253,"undrafted - proj drafted"
"209",209,"Corey Clement","RB","Wisconsin",2017,NA,NA,"undrafted",253,"undrafted - proj drafted"
"210",210,"David Sharpe","OT","Florida",2017,"00-0033946",4,"129",253,"81"
"211",211,"JJ Dielman","OT","Utah",2017,"00-0033959",5,"176",253,"35"
"212",212,"DeAngelo Brown","DL","Louisville",2017,NA,NA,"undrafted",253,"undrafted - proj drafted"
"213",213,"Kenneth Olugbode","LB","Colorado",2017,NA,NA,"undrafted",253,"undrafted - proj drafted"
"214",214,"Grover Stewart","DL","Albany State",2017,"00-0033952",4,"144",253,"70"
"215",215,"Robert Leff","OT","Auburn",2017,NA,NA,"undrafted",253,"undrafted - proj drafted"
"216",216,"Kyle Fuller","IOL","Baylor",2017,"00-0033592",7,"243",253,"-27"
"217",217,"Jacob Hollister","TE","Wyoming",2017,NA,NA,"undrafted",253,"undrafted - proj drafted"
"218",218,"Austin Carr","WR","Northwestern",2017,NA,NA,"undrafted",253,"undrafted - proj drafted"
"219",219,"Nate Hairston","CB","Temple",2017,"00-0033568",5,"158",253,"61"
"220",220,"Samson Ebukam","EDGE","Eastern Washington",2017,"00-0033945",4,"125",253,"95"
"221",221,"Hunter Dimick","EDGE","Utah",2017,NA,NA,"undrafted",253,"undrafted - proj drafted"
"222",222,"DJ Jones","DL","Mississippi",2017,"00-0033297",6,"198",253,"24"
"223",223,"Brandon Wilson","CB","Houston",2017,"00-0033791",6,"207",253,"16"
"224",224,"Jonathan Ford","S","Auburn",2017,NA,NA,"undrafted",253,"undrafted - proj drafted"
"225",225,"Jordan Morgan","IOL","Kutztown",2017,"00-0033565",5,"147",253,"78"
"226",226,"Tanner Vallejo","LB","Boise State",2017,"00-0033580",6,"195",253,"31"
"227",227,"Patrick Towles","QB","Boston College",2017,NA,NA,"undrafted",253,"undrafted - proj drafted"
"228",228,"Brian Allen","CB","Utah",2017,"00-0033467",5,"173",253,"55"
"229",229,"Dan Skipper","OT","Arkansas",2017,NA,NA,"undrafted",253,"undrafted - proj drafted"
"230",230,"Jerry Ugokwe","OT","William & Mary",2017,NA,NA,"undrafted",253,"undrafted - proj drafted"
"231",231,"Robert Davis","WR","Georgia State",2017,"00-0033530",6,"209",253,"22"
"232",232,"Javancy Jones","EDGE","Jackson State",2017,NA,NA,"undrafted",253,"undrafted - proj drafted"
"233",233,"Matt Milano","LB","Boston College",2017,"00-0033571",5,"163",253,"70"
"234",234,"Josh Carraway","EDGE","TCU",2017,"00-0033794",7,"227",253,"7"
"235",235,"Isaiah McKenzie","WR","Georgia",2017,"00-0033466",5,"172",253,"63"
"236",236,"Chad Wheeler","OT","USC",2017,NA,NA,"undrafted",253,"undrafted - proj drafted"
"237",237,"Storm Norton","OT","Toledo",2017,NA,NA,"undrafted",253,"undrafted - proj drafted"
"238",238,"Sean Harlow","IOL","Oregon State",2017,"00-0033511",4,"136",253,"102"
"239",239,"Bryan Cox","DL","Florida",2017,NA,NA,"undrafted",253,"undrafted - proj drafted"
"240",240,"CJ Beathard","QB","Iowa",2017,"00-0033936",3,"104",253,"136"
"241",241,"Greg Pyke","IOL","Georgia",2017,NA,NA,"undrafted",253,"undrafted - proj drafted"
"242",242,"Keion Adams","DL","Western Michigan",2017,"00-0033521",7,"248",253,"-6"
"243",243,"Al-Quadin Muhammad","DL","Miami (FL)",2017,"00-0033964",6,"196",253,"47"
"244",244,"Treston Decoud","CB","Oregon State",2017,"00-0033575",5,"169",253,"75"
"245",245,"Eric Saubert","TE","Drake",2017,"00-0033576",5,"174",253,"71"
"246",246,"Fred Ross","WR","Mississippi State",2017,NA,NA,"undrafted",253,"undrafted - proj drafted"
"247",247,"Kyle Kalis","IOL","Michigan",2017,NA,NA,"undrafted",253,"undrafted - proj drafted"
"248",248,"Cam Johnston","P","Ohio State",2017,NA,NA,"undrafted",253,"undrafted - proj drafted"
"249",249,"Josh Thornton","CB","Southern Utah",2017,NA,NA,"undrafted",253,"undrafted - proj drafted"
"250",250,"Tony Conner","S","Mississippi",2017,NA,NA,"undrafted",253,"undrafted - proj drafted"
"251",251,"Kermit Whitfield","WR","Florida State",2017,NA,NA,"undrafted",253,"undrafted - proj drafted"
"252",252,"Darrell Daniels","TE","Washington",2017,NA,NA,"undrafted",253,"undrafted - proj drafted"
"253",253,"Amba Etta-Tawo","WR","Syracuse",2017,NA,NA,"undrafted",253,"undrafted - proj drafted"
"254",254,"Josh Tupou","DL","Colorado State",2017,NA,NA,"undrafted",253,"undrafted - proj undrafted"
"255",255,"Dare Ogunbowale","RB","Wisconsin",2017,NA,NA,"undrafted",253,"undrafted - proj undrafted"
"256",256,"Shalom Luani","S","Washington State",2017,"00-0033970",7,"221",253,"35"
"257",257,"Jon Heck","OT","North Carolina",2017,NA,NA,"undrafted",253,"undrafted - proj undrafted"
"258",258,"Cameron Tom","IOL","Southern Miss",2017,NA,NA,"undrafted",253,"undrafted - proj undrafted"
"259",259,"Avery Moss","DL","Youngstown State",2017,"00-0033574",5,"167",253,"92"
"260",260,"Ashton Lampkin","CB","Oklahoma State",2017,NA,NA,"undrafted",253,"undrafted - proj undrafted"
"261",261,"Stevie Tuikolovatu","DL","USC",2017,"00-0033971",7,"223",253,"38"
"262",262,"Chad Kelly","QB","Mississippi",2017,"00-0033597",7,"253",253,"9"
"263",263,"Erik Magnuson","OT","Michigan",2017,NA,NA,"undrafted",253,"undrafted - proj undrafted"
"264",264,"DeVeon Smith","RB","Michigan",2017,NA,NA,"undrafted",253,"undrafted - proj undrafted"
"265",265,"Jadar Johnson","S","Clemson",2017,NA,NA,"undrafted",253,"undrafted - proj undrafted"
"266",266,"Brandon Bell","LB","Penn State",2017,NA,NA,"undrafted",253,"undrafted - proj undrafted"
"267",267,"Fish Smithson","S","Kansas",2017,NA,NA,"undrafted",253,"undrafted - proj undrafted"
"268",268,"Scott Orndoff","TE","Pittsburgh",2017,NA,NA,"undrafted",253,"undrafted - proj undrafted"
"269",269,"Cole Mazza","LS","Alabama",2017,NA,NA,"undrafted",253,"undrafted - proj undrafted"
"270",270,"Jerod Evans","QB","Virginia Tech",2017,NA,NA,"undrafted",253,"undrafted - proj undrafted"
"271",271,"Sam Tevi","OT","Utah",2017,"00-0033578",6,"190",253,"81"
"272",272,"Jerome Lane","WR","Akron",2017,NA,NA,"undrafted",253,"undrafted - proj undrafted"
"273",273,"Ben Gedeon","LB","Michigan",2017,"00-0033944",4,"120",253,"153"
"274",274,"Jamal Carter","S","Miami (FL)",2017,NA,NA,"undrafted",253,"undrafted - proj undrafted"
"275",275,"Tashawn Bower","EDGE","LSU",2017,NA,NA,"undrafted",253,"undrafted - proj undrafted"
"276",276,"Victor Salako","OT","Oklahoma State",2017,NA,NA,"undrafted",253,"undrafted - proj undrafted"
"277",277,"Des Lawrence","CB","North Carolina",2017,NA,NA,"undrafted",253,"undrafted - proj undrafted"
"278",278,"Damien Mama","IOL","USC",2017,NA,NA,"undrafted",253,"undrafted - proj undrafted"
"279",279,"Jessamen Dunker","IOL","Tennessee State",2017,NA,NA,"undrafted",253,"undrafted - proj undrafted"
"280",280,"Hardy Nickerson","LB","Illinois",2017,NA,NA,"undrafted",253,"undrafted - proj undrafted"
"281",281,"Isaac Rochell","DL","Notre Dame",2017,"00-0033588",7,"225",253,"56"
"282",282,"Elijah McGuire","RB","Louisiana-Lafayette",2017,"00-0033295",6,"188",253,"94"
"283",283,"Travis Rudolph","WR","Florida State",2017,NA,NA,"undrafted",253,"undrafted - proj undrafted"
"284",284,"Avery Gennesy","IOL","Texas A&M",2017,NA,NA,"undrafted",253,"undrafted - proj undrafted"
"285",285,"Montae Nicholson","S","Michigan State",2017,"00-0033527",4,"123",253,"162"
"286",286,"Artavis Scott","WR","Clemson",2017,NA,NA,"undrafted",253,"undrafted - proj undrafted"
"287",287,"Garrett Sickels","EDGE","Penn State",2017,NA,NA,"undrafted",253,"undrafted - proj undrafted"
"288",288,"Elijah Hood","RB","North Carolina",2017,"00-0033975",7,"242",253,"46"
"289",289,"Treyvon Hester","DL","Toledo",2017,"00-0033976",7,"244",253,"45"
"290",290,"Speedy Noil","WR","Texas A&M",2017,NA,NA,"undrafted",253,"undrafted - proj undrafted"
"291",291,"Jordan Sterns","S","Oklahoma State",2017,NA,NA,"undrafted",253,"undrafted - proj undrafted"
"292",292,"Gabe Marks","WR","Washington State",2017,NA,NA,"undrafted",253,"undrafted - proj undrafted"
"293",293,"Jay Guillermo","IOL","Clemson",2017,NA,NA,"undrafted",253,"undrafted - proj undrafted"
"294",294,"Josiah Price","TE","Michigan State",2017,NA,NA,"undrafted",253,"undrafted - proj undrafted"
"295",295,"Rayshawn Jenkins","S","Miami (FL)",2017,"00-0033941",4,"113",253,"182"
"296",296,"Darreus Rogers","WR","USC",2017,NA,NA,"undrafted",253,"undrafted - proj undrafted"
"297",297,"Steven Taylor","EDGE","Houston",2017,NA,NA,"undrafted",253,"undrafted - proj undrafted"
"298",298,"Johnny Caspers","IOL","Stanford",2017,NA,NA,"undrafted",253,"undrafted - proj undrafted"
"299",299,"Riley Bullough","LB","Michigan State",2017,NA,NA,"undrafted",253,"undrafted - proj undrafted"
"300",300,"Calvin Munson","LB","San Diego State",2017,NA,NA,"undrafted",253,"undrafted - proj undrafted"
"301",301,"Noble Nwachukwu","EDGE","West Virginia",2017,NA,NA,"undrafted",253,"undrafted - proj undrafted"
"302",302,"Mason Schreck","TE","Buffalo",2017,"00-0033798",7,"251",253,"51"
"303",303,"Pat OConnor","DL","Eastern Michigan",2017,"00-0033595",7,"250",253,"53"
"304",304,"Chris Carson","RB","Oklahoma State",2017,"00-0033594",7,"249",253,"55"
"305",305,"Jordan Carrell","DL","Colorado",2017,NA,7,"246",253,"59"
"306",306,"Jack Tocho","CB","NC State",2017,"00-0033977",7,"245",253,"61"
"307",307,"Khalfani Muhammad","RB","California",2017,"00-0033797",7,"241",253,"66"
"308",308,"Marquez Williams","RB","Miami (FL)",2017,"00-0033796",7,"240",253,"68"
"309",309,"Devante Mays","RB","Utah State",2017,"00-0033304",7,"238",253,"71"
"310",310,"Brad Seaton","OT","Villanova",2017,"00-0033795",7,"236",253,"74"
"311",311,"Joshua Holsey","CB","Auburn",2017,"00-0033533",7,"235",253,"76"
"312",312,"Harrison Butker","K","Georgia Tech",2017,"00-0033303",7,"233",253,"79"
"313",313,"Jylan Ware","OT","Alabama State",2017,"00-0033972",7,"231",253,"82"
"314",314,"Adrian Colbert","CB","Miami (FL)",2017,"00-0033302",7,"229",253,"85"
"315",315,"Joey Ivie","DL","Florida",2017,"00-0033590",7,"228",253,"87"
"316",316,"David Moore","WR","East Central",2017,"00-0033589",7,"226",253,"90"
"317",317,"Leon McQuay","S","USC",2017,"00-0033470",6,"218",253,"99"
"318",318,"Corey Levin","IOL","Chattanooga",2017,"00-0033793",6,"217",253,"101"
"319",319,"Colin Holba","LS","Louisville",2017,"00-0033531",6,"213",253,"106"
"320",320,"Kofi Amichia","OT","South Florida",2017,"00-0033301",6,"212",253,"108"
"321",321,"Sam Rogers","RB","Virginia Tech",2017,"00-0033967",6,"206",253,"115"
"322",322,"Jeremiah Ledbetter","DL","Arkansas",2017,"00-0033582",6,"205",253,"117"
"323",323,"Derrick Jones","CB","Mississippi",2017,"00-0033299",6,"204",253,"119"
"324",324,"DeAngelo Henderson","RB","Coastal Carolina",2017,"00-0033581",6,"203",253,"121"
"325",325,"Pita Taumoepenu","DL","Utah",2017,"00-0033298",6,"202",253,"123"
"326",326,"Jeremy Clark","CB","Michigan",2017,"00-0033520",6,"197",253,"129"
"327",327,"Alex Armah","RB","West Georgia",2017,"00-0033296",6,"192",253,"135"
"328",328,"Mike Tyson","S","Cincinnati",2017,NA,NA,"undrafted",253,"undrafted - proj undrafted"
"329",329,"Chuck Clark","S","Virginia Tech",2017,"00-0033294",6,"186",253,"143"
"330",330,"Ukeme Eligwe","LB","Georgia Southern",2017,"00-0033468",5,"183",253,"147"
"331",331,"Dylan Donahue","DL","West Georgia",2017,"00-0033961",5,"181",253,"150"
"332",332,"DeAngelo Yancey","WR","Purdue",2017,"00-0033291",5,"175",253,"157"
"333",333,"Rodney Adams","WR","South Florida",2017,"00-0033957",5,"170",253,"163"
"334",334,"Jamal Agnew","CB","San Diego",2017,"00-0033572",5,"165",253,"169"
"335",335,"Jake Elliott","K","Memphis",2017,"00-0033787",5,"153",253,"182"
"336",336,"Joe Williams","RB","Utah",2017,"00-0033286",4,"121",253,"215"
"337",337,"Chad Williams","WR","Grambling State",2017,"00-0033933",3,"98",253,"239"
"338",338,"Victor Bolden","WR","Oregon State",2017,NA,NA,"undrafted",253,"undrafted - proj undrafted"
"339",339,"Erik Austell","IOL","Charleston Southern",2017,NA,NA,"undrafted",253,"undrafted - proj undrafted"
"340",340,"Randall Goforth","S","UCLA",2017,NA,NA,"undrafted",253,"undrafted - proj undrafted"
"341",341,"Aviante Collins","IOL","TCU",2017,NA,NA,"undrafted",253,"undrafted - proj undrafted"
"342",342,"Bradley Northnagel","LS","California",2017,NA,NA,"undrafted",253,"undrafted - proj undrafted"
"343",343,"Eric Smith","IOL","Virginia",2017,NA,NA,"undrafted",253,"undrafted - proj undrafted"
"344",344,"Arthur Maulet","CB","Memphis",2017,NA,NA,"undrafted",253,"undrafted - proj undrafted"
"345",345,"Paul Magloire","LB","Arizona",2017,NA,NA,"undrafted",253,"undrafted - proj undrafted"
"346",346,"Nate Theaker","IOL","Wayne State",2017,NA,NA,"undrafted",253,"undrafted - proj undrafted"
"347",347,"Davon Gaudchaux","DL","LSU",2017,NA,NA,"undrafted",253,"undrafted - proj undrafted"
"348",348,"Lewis Neal","EDGE","LSU",2017,NA,NA,"undrafted",253,"undrafted - proj undrafted"
"349",349,"PJ Walker","QB","Temple",2017,NA,NA,"undrafted",253,"undrafted - proj undrafted"
"350",350,"Zach Terrell","QB","Western Michigan",2017,NA,NA,"undrafted",253,"undrafted - proj undrafted"
"351",351,"Hayden Plinke","TE","UTEP",2017,NA,NA,"undrafted",253,"undrafted - proj undrafted"
"352",352,"Zach Pascal","WR","Old Dominion",2017,NA,NA,"undrafted",253,"undrafted - proj undrafted"
"353",353,"Ethan Cooper","IOL","IUP",2017,NA,NA,"undrafted",253,"undrafted - proj undrafted"
"354",354,"Chunky Clements","DL","Illinois",2017,NA,NA,"undrafted",253,"undrafted - proj undrafted"
"355",355,"Michael Rector","WR","Stanford",2017,NA,NA,"undrafted",253,"undrafted - proj undrafted"
"356",356,"Kevin Davis","LB","Colorado State",2017,NA,NA,"undrafted",253,"undrafted - proj undrafted"
"357",357,"Conrad Ukropina","K","Stanford",2017,NA,NA,"undrafted",253,"undrafted - proj undrafted"
"358",358,"Blake Jarwin","TE","Oklahoma State",2017,NA,NA,"undrafted",253,"undrafted - proj undrafted"
"359",359,"Travin Dural","WR","LSU",2017,NA,NA,"undrafted",253,"undrafted - proj undrafted"
"360",360,"Fadol Brown","DL","Mississippi",2017,NA,NA,"undrafted",253,"undrafted - proj undrafted"
"361",361,"Justin Vogel","P","Miami (FL)",2017,NA,NA,"undrafted",253,"undrafted - proj undrafted"
"362",362,"Stanley Williams","RB","Kentucky",2017,NA,NA,"undrafted",253,"undrafted - proj undrafted"
"363",363,"Keon Hatcher","WR","Arkansas",2017,NA,NA,"undrafted",253,"undrafted - proj undrafted"
"364",364,"Mitch Leidner","QB","Minnesota",2017,NA,NA,"undrafted",253,"undrafted - proj undrafted"
"365",365,"Noel Thomas","WR","UConn",2017,NA,NA,"undrafted",253,"undrafted - proj undrafted"
"366",366,"Ezra Robinson","S","Tennessee State",2017,NA,NA,"undrafted",253,"undrafted - proj undrafted"
"367",367,"Javarius Leamon","OT","South Carolina State",2017,NA,NA,"undrafted",253,"undrafted - proj undrafted"
"368",368,"William Likely","CB","Maryland",2017,NA,NA,"undrafted",253,"undrafted - proj undrafted"
"369",369,"Taylor McNamara","TE","USC",2017,NA,NA,"undrafted",253,"undrafted - proj undrafted"
"370",370,"Toby Baker","P","Arkansas",2017,NA,NA,"undrafted",253,"undrafted - proj undrafted"
"371",371,"Damarius Travis","S","Minnesota",2017,NA,NA,"undrafted",253,"undrafted - proj undrafted"
"372",372,"Drew Morgan","WR","Arkansas",2017,NA,NA,"undrafted",253,"undrafted - proj undrafted"
"373",373,"Austin Rehkow","P","Idaho",2017,NA,NA,"undrafted",253,"undrafted - proj undrafted"
"374",374,"Billy Brown","WR","Shepherd",2017,NA,NA,"undrafted",253,"undrafted - proj undrafted"
"375",375,"Antonio Pipkin","QB","Tiffin",2017,NA,NA,"undrafted",253,"undrafted - proj undrafted"
"376",376,"Pharaoh Brown","TE","Oregon",2017,NA,NA,"undrafted",253,"undrafted - proj undrafted"
"377",377,"Jonathan McLaughlin","OT","Virginia Tech",2017,NA,NA,"undrafted",253,"undrafted - proj undrafted"
"378",378,"Torrodney Prevot","DL","Oregon",2017,NA,NA,"undrafted",253,"undrafted - proj undrafted"
"379",379,"Ken Ekanem","DL","Virginia Tech",2017,NA,NA,"undrafted",253,"undrafted - proj undrafted"
"380",380,"Darius Hamilton","DL","Rutgers",2017,NA,NA,"undrafted",253,"undrafted - proj undrafted"
"381",381,"Ben Braden","IOL","Michigan",2017,NA,NA,"undrafted",253,"undrafted - proj undrafted"
"382",382,"Trevor Knight","QB","Texas A&M",2017,NA,NA,"undrafted",253,"undrafted - proj undrafted"
"383",383,"Aarion Penton","S","Missouri",2017,NA,NA,"undrafted",253,"undrafted - proj undrafted"
"384",384,"Ricky Seals-Jones","TE","Texas A&M",2017,NA,NA,"undrafted",253,"undrafted - proj undrafted"
"385",385,"Phazahn Odom","TE","Fordham",2017,NA,NA,"undrafted",253,"undrafted - proj undrafted"
"386",386,"Evan Schwan","DL","Penn State",2017,NA,NA,"undrafted",253,"undrafted - proj undrafted"
"387",387,"Daniel Brunskill","OT","San Diego State",2017,NA,NA,"undrafted",253,"undrafted - proj undrafted"
"388",388,"Rushel Shell","RB","West Virginia",2017,NA,NA,"undrafted",253,"undrafted - proj undrafted"
"389",389,"Jordan Herdman-Reed","LB","Simon Fraser",2017,NA,NA,"undrafted",253,"undrafted - proj undrafted"
"390",390,"Taysom Hill","QB","BYU",2017,NA,NA,"undrafted",253,"undrafted - proj undrafted"
"391",391,"Seth Russell","QB","Baylor",2017,NA,NA,"undrafted",253,"undrafted - proj undrafted"
"392",392,"Keith Kelsey","LB","Louisville",2017,NA,NA,"undrafted",253,"undrafted - proj undrafted"
"393",393,"Kendrick Bourne","WR","Eastern Washington",2017,NA,NA,"undrafted",253,"undrafted - proj undrafted"
"394",394,"BJ Singleton","DL","Houston",2017,NA,NA,"undrafted",253,"undrafted - proj undrafted"
"395",395,"Deyshawn Bond","IOL","Cincinnati",2017,NA,NA,"undrafted",253,"undrafted - proj undrafted"
"396",396,"Hayden Hunt","P","Colorado State",2017,NA,NA,"undrafted",253,"undrafted - proj undrafted"
"397",397,"Cameron Lee","IOL","Illinois State",2017,NA,NA,"undrafted",253,"undrafted - proj undrafted"
"398",398,"Justin Thomas","S","Georgia Tech",2017,NA,NA,"undrafted",253,"undrafted - proj undrafted"
"399",399,"Devine Redding","RB","Indiana",2017,NA,NA,"undrafted",253,"undrafted - proj undrafted"
"400",400,"Greg Ward","WR","Houston",2017,NA,NA,"undrafted",253,"undrafted - proj undrafted"
"401",401,"Justin Davis","RB","USC",2017,NA,NA,"undrafted",253,"undrafted - proj undrafted"
"402",402,"Brooks Ellis","EDGE","Arkansas",2017,NA,NA,"undrafted",253,"undrafted - proj undrafted"
"403",403,"James Quick","WR","Louisville",2017,NA,NA,"undrafted",253,"undrafted - proj undrafted"
"404",404,"Jahad Thomas","RB","Temple",2017,NA,NA,"undrafted",253,"undrafted - proj undrafted"
"405",405,"Sojourn Shelton","CB","Wisconsin",2017,NA,NA,"undrafted",253,"undrafted - proj undrafted"
"406",406,"Cethan Carter","TE","Nebraska",2017,NA,NA,"undrafted",253,"undrafted - proj undrafted"
"407",407,"Bug Howard","WR","North Carolina",2017,NA,NA,"undrafted",253,"undrafted - proj undrafted"
"408",408,"Jesus Wilson","WR","Florida State",2017,NA,NA,"undrafted",253,"undrafted - proj undrafted"
"409",409,"Collin Buchanan","OT","Miami (OH)",2017,NA,NA,"undrafted",253,"undrafted - proj undrafted"
"410",410,"Jamari Staples","WR","Louisville",2017,NA,NA,"undrafted",253,"undrafted - proj undrafted"
"411",411,"Sefo Liufau","QB","Colorado",2017,NA,NA,"undrafted",253,"undrafted - proj undrafted"
"412",412,"Quincy Adeboyejo","WR","Mississippi",2017,NA,NA,"undrafted",253,"undrafted - proj undrafted"
"413",413,"Keevan Lucas","WR","Tulsa",2017,NA,NA,"undrafted",253,"undrafted - proj undrafted"
"414",414,"Jimmie Gilbert","EDGE","Colorado",2017,NA,NA,"undrafted",253,"undrafted - proj undrafted"
"415",415,"Lucas Crowley","IOL","Arizona",2017,NA,NA,"undrafted",253,"undrafted - proj undrafted"
"416",416,"Alek Torgersen","QB","Penn",2017,NA,NA,"undrafted",253,"undrafted - proj undrafted"
"417",417,"ITavius Mathers","RB","Middle Tennessee State",2017,NA,NA,"undrafted",253,"undrafted - proj undrafted"
"418",1,"Sam Darnold","QB","USC",2018,"00-0034869",1,"3",256,"-2"
"419",2,"Saquon Barkley","RB","Penn State",2018,"00-0034844",1,"2",256,"0"
"420",3,"Josh Allen","QB","Wyoming",2018,"00-0034857",1,"7",256,"-4"
"421",4,"Baker Mayfield","QB","Oklahoma",2018,"00-0034855",1,"1",256,"3"
"422",5,"Bradley Chubb","DL","NC State",2018,"00-0034832",1,"5",256,"0"
"423",6,"Josh Rosen","QB","UCLA",2018,"00-0034343",1,"10",256,"-4"
"424",7,"Quenton Nelson","IOL","Notre Dame",2018,"00-0034342",1,"6",256,"1"
"425",8,"Derwin James","S","Florida State",2018,"00-0034790",1,"17",256,"-9"
"426",9,"Roquan Smith","LB","Georgia",2018,"00-0034874",1,"8",256,"1"
"427",10,"Denzel Ward","CB","Ohio State",2018,"00-0034856",1,"4",256,"6"
"428",11,"Minkah Fitzpatrick","S","Alabama",2018,"00-0034789",1,"11",256,"0"
"429",12,"Tremaine Edmunds","LB","Virginia Tech",2018,"00-0034673",1,"16",256,"-4"
"430",13,"Vita Vea","DL","Washington",2018,"00-0034773",1,"12",256,"1"
"431",14,"Mike McGlinchey","OT","Notre Dame",2018,"00-0034847",1,"9",256,"5"
"432",15,"Lamar Jackson","QB","Louisville",2018,"00-0034796",1,"32",256,"-17"
"433",16,"Calvin Ridley","WR","Alabama",2018,"00-0034837",1,"26",256,"-10"
"434",17,"Marcus Davenport","DL","UTSA",2018,"00-0034344",1,"14",256,"3"
"435",18,"Harold Landry","EDGE","Boston College",2018,"00-0034828",2,"41",256,"-23"
"436",19,"DaRon Payne","DL","Alabama",2018,"00-0034333",1,"13",256,"6"
"437",20,"Josh Jackson","CB","Iowa",2018,"00-0034751",2,"45",256,"-25"
"438",21,"Rashaan Evans","LB","Alabama",2018,"00-0034743",1,"22",256,"-1"
"439",22,"Leighton Vander Esch","LB","Boise State",2018,"00-0034674",1,"19",256,"3"
"440",23,"DJ Moore","WR","Maryland",2018,"00-0034827",1,"24",256,"-1"
"441",24,"Jaire Alexander","CB","Louisville",2018,"00-0034728",1,"18",256,"6"
"442",25,"Will Hernandez","IOL","UTEP",2018,"00-0034346",2,"34",256,"-9"
"443",26,"Taven Bryan","DL","Florida",2018,"00-0034842",1,"29",256,"-3"
"444",27,"Kolton Miller","OT","UCLA",2018,"00-0034759",1,"15",256,"12"
"445",28,"Derrius Guice","RB","LSU",2018,"00-0034358",2,"59",256,"-31"
"446",29,"Isaiah Wynn","IOL","Georgia",2018,"00-0034833",1,"23",256,"6"
"447",30,"Courtland Sutton","WR","SMU",2018,"00-0034348",2,"40",256,"-10"
"448",31,"Connor Williams","OT","Texas",2018,"00-0034352",2,"50",256,"-19"
"449",32,"James Daniels","IOL","Iowa",2018,"00-0034347",2,"39",256,"-7"
"450",33,"Mike Hughes","CB","UCF",2018,"00-0034843",1,"30",256,"3"
"451",34,"Maurice Hurst","DL","Michigan",2018,"00-0034746",5,"140",256,"-106"
"452",35,"Hayden Hurst","TE","South Carolina",2018,"00-0034830",1,"25",256,"10"
"453",36,"Frank Ragnow","IOL","Arkansas",2018,"00-0034345",1,"20",256,"16"
"454",37,"Dallas Goedert","TE","South Dakota State",2018,"00-0034351",2,"49",256,"-12"
"455",38,"Mason Rudolph","QB","Oklahoma State",2018,"00-0034771",3,"76",256,"-38"
"456",39,"Isaiah Oliver","CB","Colorado",2018,"00-0034357",2,"58",256,"-19"
"457",40,"Mike Gesicki","TE","Penn State",2018,"00-0034829",2,"42",256,"-2"
"458",41,"Billy Price","IOL","Ohio State",2018,"00-0034762",1,"21",256,"20"
"459",42,"Christian Kirk","WR","Texas A&M",2018,"00-0034775",2,"47",256,"-5"
"460",43,"Sony Michel","RB","Georgia",2018,"00-0034845",1,"31",256,"12"
"461",44,"Sam Hubbard","EDGE","Ohio State",2018,"00-0034834",3,"77",256,"-33"
"462",45,"Justin Reid","S","Stanford",2018,"00-0034361",3,"68",256,"-23"
"463",46,"Ronnie Harrison","S","Alabama",2018,"00-0034779",3,"93",256,"-47"
"464",47,"Orlando Brown","OT","Oklahoma",2018,"00-0034752",3,"83",256,"-36"
"465",48,"Ronald Jones","RB","USC",2018,"00-0034816",2,"38",256,"10"
"466",49,"Donte Jackson","CB","LSU",2018,"00-0034356",2,"55",256,"-6"
"467",50,"Lorenzo Carter","EDGE","Georgia",2018,"00-0034360",3,"66",256,"-16"
"468",51,"Josh Sweat","DL","Florida State",2018,"00-0034381",4,"130",256,"-79"
"469",52,"Harrison Phillips","DL","Stanford",2018,"00-0034782",3,"96",256,"-44"
"470",53,"Arden Key","EDGE","LSU",2018,"00-0034825",3,"87",256,"-34"
"471",54,"Carlton Davis","CB","Auburn",2018,"00-0034778",2,"63",256,"-9"
"472",55,"James Washington","WR","Oklahoma State",2018,"00-0034676",2,"60",256,"-5"
"473",56,"Anthony Miller","WR","Memphis",2018,"00-0034353",2,"51",256,"5"
"474",57,"Jessie Bates","S","Wake Forest",2018,"00-0034675",2,"54",256,"3"
"475",58,"Nick Chubb","RB","Georgia",2018,"00-0034791",2,"35",256,"23"
"476",59,"Austin Corbett","IOL","Nevada",2018,"00-0034261",2,"33",256,"26"
"477",60,"Tyrell Crosby","OT","Oregon",2018,"00-0034390",5,"153",256,"-93"
"478",61,"Rashaad Penny","RB","San Diego State",2018,"00-0034750",1,"27",256,"34"
"479",62,"DJ Chark","WR","LSU",2018,"00-0034777",2,"61",256,"1"
"480",63,"Mark Andrews","TE","Oklahoma",2018,"00-0034753",3,"86",256,"-23"
"481",64,"Braden Smith","IOL","Auburn",2018,"00-0034836",2,"37",256,"27"
"482",65,"Rasheem Green","DL","USC",2018,"00-0034831",3,"79",256,"-14"
"483",66,"Brian ONeill","OT","Pittsburgh",2018,"00-0034158",2,"62",256,"4"
"484",67,"Malik Jefferson","LB","Texas",2018,"00-0034835",3,"78",256,"-11"
"485",68,"Ogbo Okoronkwo","EDGE","Oklahoma",2018,NA,NA,"undrafted",256,"undrafted - proj drafted"
"486",69,"Uchenna Nwosu","EDGE","USC",2018,"00-0034350",2,"48",256,"21"
"487",70,"Kyle Lauletta","QB","Richmond",2018,"00-0034369",4,"108",256,"-38"
"488",71,"Jamarco Jones","OT","Ohio State",2018,"00-0034729",5,"168",256,"-97"
"489",72,"Nathan Shepherd","DL","Fort Hays State",2018,"00-0034760",3,"72",256,"0"
"490",73,"Dorance Armstrong","EDGE","Kansas",2018,"00-0034373",4,"116",256,"-43"
"491",74,"Kerryon Johnson","RB","Auburn",2018,"00-0034349",2,"43",256,"31"
"492",75,"Equanimeous St Brown","WR","Notre Dame",2018,"00-0034279",6,"207",256,"-132"
"493",76,"Dante Pettis","WR","Washington",2018,"00-0034860",2,"44",256,"32"
"494",77,"DeShon Elliott","S","Texas",2018,"00-0034277",6,"190",256,"-113"
"495",78,"Duke Dawson","CB","Florida",2018,"00-0034744",2,"56",256,"22"
"496",79,"Tim Settle","DL","Virginia Tech",2018,"00-0034397",5,"163",256,"-84"
"497",80,"Martinas Rankin","OT","Mississippi State",2018,"00-0034824",3,"80",256,"0"
"498",81,"BJ Hill","DL","NC State",2018,"00-0034800",3,"69",256,"12"
"499",82,"Shaquille Leonard","LB","South Carolina State",2018,"00-0034846",2,"36",256,"46"
"500",83,"Chukwuma Okorafor","OT","Western Michigan",2018,"00-0034768",3,"92",256,"-9"
"501",84,"Duke Ejiofor","EDGE","Wake Forest",2018,"00-0034402",6,"177",256,"-93"
"502",85,"RJ McIntosh","DL","Miami (FL)",2018,"00-0034848",5,"139",256,"-54"
"503",86,"Kemoko Turay","EDGE","Rutgers",2018,"00-0034354",2,"52",256,"34"
"504",87,"Royce Freeman","RB","Oregon",2018,"00-0034838",3,"71",256,"16"
"505",88,"Josey Jewell","LB","Iowa",2018,"00-0034368",4,"106",256,"-18"
"506",89,"Dorian ODaniel","LB","Clemson",2018,"00-0034781",3,"100",256,"-11"
"507",90,"Jerome Baker","LB","Ohio State",2018,"00-0034797",3,"73",256,"17"
"508",91,"DaShawn Hand","DL","Alabama",2018,"00-0034371",4,"114",256,"-23"
"509",92,"Derrick Nnadi","DL","Florida State",2018,"00-0034818",3,"75",256,"17"
"510",93,"Quenton Meeks","CB","Stanford",2018,NA,NA,"undrafted",256,"undrafted - proj drafted"
"511",94,"Anthony Averett","CB","Alabama",2018,"00-0034265",4,"118",256,"-24"
"512",95,"Michael Gallup","WR","Colorado State",2018,"00-0034764",3,"81",256,"14"
"513",96,"Wyatt Teller","IOL","Virginia Tech",2018,"00-0034399",5,"166",256,"-70"
"514",97,"Nyheim Hines","RB","NC State",2018,"00-0034367",4,"104",256,"-7"
"515",98,"Deon Cain","WR","Clemson",2018,"00-0034406",6,"185",256,"-87"
"516",99,"DaeSean Hamilton","WR","Penn State",2018,"00-0034370",4,"113",256,"-14"
"517",100,"JC Jackson","CB","Maryland",2018,NA,NA,"undrafted",256,"undrafted - proj drafted"
"518",101,"Nick Nelson","CB","Wisconsin",2018,"00-0034767",4,"110",256,"-9"
"519",102,"Shaquem Griffin","LB","UCF",2018,"00-0034755",5,"141",256,"-39"
"520",103,"Geron Christian","OT","Louisville",2018,"00-0034817",3,"74",256,"29"
"521",104,"Luke Falk","QB","Washington State",2018,"00-0034412",6,"199",256,"-95"
"522",105,"Tarvarius Moore","S","Southern Miss",2018,"00-0034263",3,"95",256,"10"
"523",106,"Breeland Speaks","DL","Mississippi",2018,"00-0034774",2,"46",256,"60"
"524",107,"Ian Thomas","TE","Indiana",2018,"00-0034365",4,"101",256,"6"
"525",108,"MJ Stewart","CB","North Carolina",2018,"00-0034355",2,"53",256,"55"
"526",109,"Fred Warner","LB","BYU",2018,"00-0034815",3,"70",256,"39"
"527",110,"Mark Walton","RB","Miami (FL)",2018,"00-0034679",4,"112",256,"-2"
"528",111,"Jeff Holland","EDGE","Auburn",2018,NA,NA,"undrafted",256,"undrafted - proj drafted"
"529",112,"Kalen Ballage","RB","Arizona State",2018,"00-0034799",4,"131",256,"-19"
"530",113,"Kyzir White","S","West Virginia",2018,"00-0034375",4,"119",256,"-6"
"531",114,"Isaac Yiadom","CB","Boston College",2018,"00-0034780",3,"99",256,"15"
"532",115,"Terrell Edmunds","S","Virginia Tech",2018,"00-0034858",1,"28",256,"87"
"533",116,"Mason Cole","IOL","Michigan",2018,"00-0034785",3,"97",256,"19"
"534",117,"Auden Tate","WR","Florida State",2018,"00-0034686",7,"253",256,"-136"
"535",118,"Rashaan Gaulden","CB","Tennessee",2018,"00-0034362",3,"85",256,"33"
"536",119,"Kameron Kelly","CB","San Diego State",2018,NA,NA,"undrafted",256,"undrafted - proj drafted"
"537",120,"Bo Scarbrough","RB","Alabama",2018,"00-0034432",7,"236",256,"-116"
"538",121,"Dalton Schultz","TE","Stanford",2018,"00-0034383",4,"137",256,"-16"
"539",122,"Jaylen Samuels","TE","NC State",2018,"00-0034331",5,"165",256,"-43"
"540",123,"Desmond Harrison","OT","West Georgia",2018,NA,NA,"undrafted",256,"undrafted - proj drafted"
"541",124,"TreQuan Smith","WR","UCF",2018,"00-0034765",3,"91",256,"33"
"542",125,"Tyquan Lewis","EDGE","Ohio State",2018,"00-0034359",2,"64",256,"61"
"543",126,"Oren Burks","LB","Vanderbilt",2018,"00-0034754",3,"88",256,"38"
"544",127,"Tarvarus McFadden","CB","Florida State",2018,NA,NA,"undrafted",256,"undrafted - proj drafted"
"545",128,"Genard Avery","LB","Memphis",2018,"00-0034682",5,"150",256,"-22"
"546",129,"John Kelly","RB","Tennessee",2018,"00-0034808",6,"176",256,"-47"
"547",130,"Hercules Mataafa","DL","Washington State",2018,NA,NA,"undrafted",256,"undrafted - proj drafted"
"548",131,"Mike White","QB","Western Kentucky",2018,"00-0034401",5,"171",256,"-40"
"549",132,"Armani Watts","S","Texas A&M",2018,"00-0034680",4,"124",256,"8"
"550",133,"Chad Thomas","DL","Miami (FL)",2018,"00-0034770",3,"67",256,"66"
"551",134,"Christian Campbell","CB","Penn State",2018,"00-0034685",6,"182",256,"-48"
"552",135,"Simmie Cobbs","WR","Indiana",2018,NA,NA,"undrafted",256,"undrafted - proj drafted"
"553",136,"Allen Lazard","WR","Iowa State",2018,NA,NA,"undrafted",256,"undrafted - proj drafted"
"554",137,"Trenton Thompson","DL","Georgia",2018,NA,NA,"undrafted",256,"undrafted - proj drafted"
"555",138,"Andrew Brown","DL","Virginia",2018,"00-0034394",5,"158",256,"-20"
"556",139,"Will Richardson","OT","NC State",2018,"00-0034380",4,"129",256,"10"
"557",140,"Deadrin Senat","DL","South Florida",2018,"00-0034363",3,"90",256,"50"
"558",141,"Scott Quessenberry","IOL","UCLA",2018,"00-0034392",5,"155",256,"-14"
"559",142,"PJ Hall","DL","Sam Houston State",2018,"00-0034262",2,"57",256,"85"
"560",143,"Marcus Allen","S","Penn State",2018,"00-0034335",5,"148",256,"-5"
"561",144,"Josh Adams","RB","Notre Dame",2018,NA,NA,"undrafted",256,"undrafted - proj drafted"
"562",145,"Holton Hill","CB","Texas",2018,NA,NA,"undrafted",256,"undrafted - proj drafted"
"563",146,"Kentavius Street","DL","NC State",2018,"00-0034320",4,"128",256,"18"
"564",147,"Marcell Ateman","WR","Oklahoma State",2018,"00-0034747",7,"228",256,"-81"
"565",148,"Brandon Parker","OT","North Carolina A&T",2018,"00-0034763",3,"65",256,"83"
"566",149,"Micah Kiser","LB","Virginia",2018,"00-0034806",5,"147",256,"2"
"567",150,"DJ Reed","CB","Kansas State",2018,"00-0034384",5,"142",256,"8"
"568",151,"Folorunso Fatukasi","DL","UConn",2018,"00-0034275",6,"180",256,"-29"
"569",152,"Kevin Toliver","CB","LSU",2018,NA,NA,"undrafted",256,"undrafted - proj drafted"
"570",153,"Matthew Thomas","LB","Florida State",2018,NA,NA,"undrafted",256,"undrafted - proj drafted"
"571",154,"Antonio Callaway","WR","Florida",2018,"00-0034772",4,"105",256,"49"
"572",155,"Troy Fumagalli","TE","Wisconsin",2018,"00-0034393",5,"156",256,"-1"
"573",156,"Jordan Whitehead","S","Pittsburgh",2018,"00-0034374",4,"117",256,"39"
"574",157,"Chris Herndon","TE","Miami (FL)",2018,"00-0034766",4,"107",256,"50"
"575",158,"Javon Wims","WR","Georgia",2018,"00-0034426",7,"224",256,"-66"
"576",159,"Will Clapp","IOL","LSU",2018,"00-0034436",7,"245",256,"-86"
"577",160,"Dane Cruikshank","S","Arizona",2018,"00-0034389",5,"152",256,"8"
"578",161,"Jalyn Holmes","DL","Ohio State",2018,"00-0034264",4,"102",256,"59"
"579",162,"Akrum Wadley","RB","Iowa",2018,NA,NA,"undrafted",256,"undrafted - proj drafted"
"580",163,"Darius Phillips","CB","Western Michigan",2018,"00-0034683",5,"170",256,"-7"
"581",164,"Tyler Conklin","TE","Central Michigan",2018,"00-0034270",5,"157",256,"7"
"582",165,"Tony Adams","IOL","NC State",2018,NA,NA,"undrafted",256,"undrafted - proj drafted"
"583",166,"Greg Senat","OT","Wagner",2018,"00-0034280",6,"212",256,"-46"
"584",167,"Alex Cappa","OT","Humboldt State",2018,"00-0034678",3,"94",256,"73"
"585",168,"Daniel Carlson","K","Auburn",2018,"00-0034161",5,"167",256,"1"
"586",169,"Daurice Fountain","WR","Northern Iowa",2018,"00-0034395",5,"159",256,"10"
"587",170,"Parry Nickerson","CB","Tulane",2018,"00-0034274",6,"179",256,"-9"
"588",171,"Timon Parris","IOL","Stony Brook",2018,NA,NA,"undrafted",256,"undrafted - proj drafted"
"589",172,"Skai Moore","LB","South Carolina",2018,NA,NA,"undrafted",256,"undrafted - proj drafted"
"590",173,"Cole Madison","IOL","Washington State",2018,"00-0034269",5,"138",256,"35"
"591",174,"Levi Wallace","CB","Alabama",2018,NA,NA,"undrafted",256,"undrafted - proj drafted"
"592",175,"Brian Allen","IOL","Utah",2018,"00-0034804",4,"111",256,"64"
"593",176,"Keke Coutee","WR","Texas Tech",2018,"00-0034366",4,"103",256,"73"
"594",177,"Marquis Haynes","EDGE","Mississippi",2018,"00-0034382",4,"136",256,"41"
"595",178,"JMon Moore","WR","Missouri",2018,"00-0034268",4,"133",256,"45"
"596",179,"Kylie Fitts","EDGE","Utah",2018,"00-0034404",6,"181",256,"-2"
"597",180,"Justin Jackson","RB","Northwestern",2018,"00-0034440",7,"251",256,"-71"
"598",181,"Siran Neal","CB","Jacksonville State",2018,"00-0034391",5,"154",256,"27"
"599",182,"Jordan Lasley","WR","UCLA",2018,"00-0034271",5,"162",256,"20"
"600",183,"Joseph Noteboom","OT","TCU",2018,"00-0034803",3,"89",256,"94"
"601",184,"Colby Gossett","IOL","Appalachian State",2018,"00-0034165",6,"213",256,"-29"
"602",185,"Kendrick Norton","DL","Miami (FL)",2018,"00-0034434",7,"242",256,"-57"
"603",186,"Cedrick Wilson","WR","Boise State",2018,"00-0034418",6,"208",256,"-22"
"604",187,"Kurt Benkert","QB","Virginia",2018,NA,NA,"undrafted",256,"undrafted - proj drafted"
"605",188,"Grant Haley","CB","Penn State",2018,NA,NA,"undrafted",256,"undrafted - proj drafted"
"606",189,"Joe Ostman","EDGE","Central Michigan",2018,NA,NA,"undrafted",256,"undrafted - proj drafted"
"607",190,"Poona Ford","DL","Texas",2018,NA,NA,"undrafted",256,"undrafted - proj drafted"
"608",191,"Quin Blanding","S","Virginia",2018,NA,NA,"undrafted",256,"undrafted - proj drafted"
"609",192,"Riley Ferguson","QB","Memphis",2018,NA,NA,"undrafted",256,"undrafted - proj drafted"
"610",193,"Toby Weathersby","IOL","LSU",2018,NA,NA,"undrafted",256,"undrafted - proj drafted"
"611",194,"Sean Welsh","IOL","Iowa",2018,NA,NA,"undrafted",256,"undrafted - proj drafted"
"612",195,"Ade Aruna","EDGE","Tulane",2018,"00-0034166",6,"218",256,"-23"
"613",196,"Bradley Bozeman","IOL","Alabama",2018,"00-0034281",6,"215",256,"-19"
"614",197,"James Looney","DL","California",2018,"00-0034284",7,"232",256,"-35"
"615",198,"Skyler Phillips","IOL","Idaho State",2018,NA,NA,"undrafted",256,"undrafted - proj drafted"
"616",199,"Deontay Burnett","WR","USC",2018,NA,NA,"undrafted",256,"undrafted - proj drafted"
"617",200,"Jack Cichy","LB","Wisconsin",2018,"00-0034415",6,"202",256,"-2"
"618",201,"Trey Quinn","WR","SMU",2018,"00-0034339",7,"256",256,"-55"
"619",202,"Will Dissly","TE","Washington",2018,"00-0034159",4,"120",256,"82"
"620",203,"Justin Jones","DL","NC State",2018,"00-0034677",3,"84",256,"119"
"621",204,"Darren Carrington","WR","Utah",2018,NA,NA,"undrafted",256,"undrafted - proj drafted"
"622",205,"Jason Cabinda","LB","Penn State",2018,NA,NA,"undrafted",256,"undrafted - proj drafted"
"623",206,"Sam Jones","OT","Arizona State",2018,"00-0034405",6,"183",256,"23"
"624",207,"Jeremy Reaves","S","South Alabama",2018,NA,NA,"undrafted",256,"undrafted - proj drafted"
"625",208,"Godwin Igwebuike","S","Northwestern",2018,NA,NA,"undrafted",256,"undrafted - proj drafted"
"626",209,"Peter Kalambayi","EDGE","Stanford",2018,"00-0034421",6,"214",256,"-5"
"627",210,"Taron Johnson","CB","Weber State",2018,"00-0034376",4,"121",256,"89"
"628",211,"Roc Thomas","RB","Jacksonville State",2018,NA,NA,"undrafted",256,"undrafted - proj drafted"
"629",212,"Tony Brown","CB","Alabama",2018,NA,NA,"undrafted",256,"undrafted - proj drafted"
"630",213,"Chase Litton","QB","Marshall",2018,NA,NA,"undrafted",256,"undrafted - proj drafted"
"631",214,"Chandon Sullivan","CB","Georgia State",2018,NA,NA,"undrafted",256,"undrafted - proj drafted"
"632",215,"Tegray Scales","LB","Indiana",2018,NA,NA,"undrafted",256,"undrafted - proj drafted"
"633",216,"Matt Pryor","OT","TCU",2018,"00-0034417",6,"206",256,"10"
"634",217,"Ryan Anderson","P","Alabama",2018,NA,NA,"undrafted",256,"undrafted - proj drafted"
"635",218,"Ethan Wolf","TE","Tennessee",2018,NA,NA,"undrafted",256,"undrafted - proj drafted"
"636",219,"Russell Gage","WR","LSU",2018,"00-0034411",6,"194",256,"25"
"637",220,"Kyle Hicks","RB","TCU",2018,NA,NA,"undrafted",256,"undrafted - proj drafted"
"638",221,"Davin Bellamy","LB","Georgia",2018,NA,NA,"undrafted",256,"undrafted - proj drafted"
"639",222,"Thomas Owens","WR","Florida International",2018,NA,NA,"undrafted",256,"undrafted - proj drafted"
"640",223,"Dominick Sanders","S","Georgia",2018,NA,NA,"undrafted",256,"undrafted - proj drafted"
"641",224,"Rod Taylor","IOL","Mississippi",2018,"00-0034441",7,"252",256,"-28"
"642",225,"Christian Sam","LB","Arizona State",2018,"00-0034403",6,"178",256,"47"
"643",226,"Kyle Allen","QB","Houston",2018,NA,NA,"undrafted",256,"undrafted - proj drafted"
"644",227,"Tracy Walker","S","Louisiana-Lafayette",2018,"00-0034745",3,"82",256,"145"
"645",228,"Leon Jacobs","EDGE","Wisconsin",2018,"00-0034428",7,"230",256,"-2"
"646",229,"Michael Joseph","CB","Dubuque",2018,NA,NA,"undrafted",256,"undrafted - proj drafted"
"647",230,"Avonte Maddox","CB","Pittsburgh",2018,"00-0034377",4,"125",256,"105"
"648",231,"Tray Matthews","S","Auburn",2018,NA,NA,"undrafted",256,"undrafted - proj drafted"
"649",232,"John Franklin-Myers","DL","Stephen F. Austin",2018,"00-0034805",4,"135",256,"97"
"650",233,"Chris Worley","LB","Ohio State",2018,NA,NA,"undrafted",256,"undrafted - proj drafted"
"651",234,"Shaun Dion Hamilton","LB","Alabama",2018,"00-0034336",6,"197",256,"37"
"652",235,"JT Barrett","QB","Ohio State",2018,NA,NA,"undrafted",256,"undrafted - proj drafted"
"653",236,"Chase Edmonds","RB","Fordham",2018,"00-0034681",4,"134",256,"102"
"654",237,"Bilal Nichols","DL","Delaware",2018,"00-0034387",5,"145",256,"92"
"655",238,"Damon Webb","S","Ohio State",2018,NA,NA,"undrafted",256,"undrafted - proj drafted"
"656",239,"Andre Smith","LB","North Carolina",2018,"00-0034430",7,"234",256,"5"
"657",240,"Troy Apke","S","Penn State",2018,"00-0034334",4,"109",256,"131"
"658",241,"Jaleel Scott","WR","New Mexico State",2018,"00-0034267",4,"132",256,"109"
"659",242,"Zachary Crabtree","OT","Oklahoma State",2018,NA,NA,"undrafted",256,"undrafted - proj drafted"
"660",243,"Nick Gates","OT","Nebraska",2018,NA,NA,"undrafted",256,"undrafted - proj drafted"
"661",244,"Lavon Coleman","RB","Washington",2018,NA,NA,"undrafted",256,"undrafted - proj drafted"
"662",245,"Davontae Harris","CB","Illinois State",2018,"00-0034388",5,"151",256,"94"
"663",246,"Brandon Facyson","CB","Virginia Tech",2018,NA,NA,"undrafted",256,"undrafted - proj drafted"
"664",247,"Quadree Henderson","WR","Pittsburgh",2018,NA,NA,"undrafted",256,"undrafted - proj drafted"
"665",248,"Taylor Hearn","IOL","Clemson",2018,NA,NA,"undrafted",256,"undrafted - proj drafted"
"666",249,"Durham Smythe","TE","Notre Dame",2018,"00-0034798",4,"123",256,"126"
"667",250,"Ola Adeniyi","EDGE","Toledo",2018,NA,NA,"undrafted",256,"undrafted - proj drafted"
"668",251,"Brett Toth","OT","Army",2018,NA,NA,"undrafted",256,"undrafted - proj drafted"
"669",252,"Jordan Thomas","CB","Mississippi State",2018,"00-0034420",6,"211",256,"41"
"670",253,"Ryan Izzo","TE","Florida State",2018,"00-0034439",7,"250",256,"3"
"671",254,"Ryan Nall","RB","Oregon State",2018,NA,NA,"undrafted",256,"undrafted - proj drafted"
"672",255,"Marcell Frazier","EDGE","Missouri",2018,NA,NA,"undrafted",256,"undrafted - proj drafted"
"673",256,"Kahlil McKenzie","DL","Tennessee",2018,"00-0034731",6,"198",256,"58"
"674",257,"KC McDermott","OT","Miami (FL)",2018,NA,NA,"undrafted",256,"undrafted - proj undrafted"
"675",258,"Jamil Demby","IOL","Maine",2018,"00-0034809",6,"192",256,"66"
"676",259,"Dimitri Flowers","RB","Oklahoma",2018,NA,NA,"undrafted",256,"undrafted - proj undrafted"
"677",260,"James Hearns","EDGE","Louisville",2018,NA,NA,"undrafted",256,"undrafted - proj undrafted"
"678",261,"Jaryd Jones-Smith","OT","Pittsburgh",2018,NA,NA,"undrafted",256,"undrafted - proj undrafted"
"679",262,"Danny Johnson","CB","Southern",2018,NA,NA,"undrafted",256,"undrafted - proj undrafted"
"680",263,"Brendan Mahon","IOL","Penn State",2018,NA,NA,"undrafted",256,"undrafted - proj undrafted"
"681",264,"Michael Dickson","P","Texas",2018,"00-0034160",5,"149",256,"115"
"682",265,"Byron Pringle","WR","Kansas State",2018,NA,NA,"undrafted",256,"undrafted - proj undrafted"
"683",266,"Stephen Roberts","S","Auburn",2018,NA,NA,"undrafted",256,"undrafted - proj undrafted"
"684",267,"Phillip Lindsay","RB","Colorado",2018,NA,NA,"undrafted",256,"undrafted - proj undrafted"
"685",268,"Justin Watson","WR","Penn",2018,"00-0034386",5,"144",256,"124"
"686",269,"Trevon Young","DL","Louisville",2018,"00-0034811",6,"205",256,"64"
"687",270,"Darrel Williams","RB","LSU",2018,NA,NA,"undrafted",256,"undrafted - proj undrafted"
"688",271,"DeAndre Goolsby","TE","Florida",2018,NA,NA,"undrafted",256,"undrafted - proj undrafted"
"689",272,"Taylor Stallworth","DL","South Carolina",2018,NA,NA,"undrafted",256,"undrafted - proj undrafted"
"690",273,"Mike McCray","LB","Michigan",2018,NA,NA,"undrafted",256,"undrafted - proj undrafted"
"691",274,"Tanner Lee","QB","Nebraska",2018,"00-0034416",6,"203",256,"71"
"692",275,"Richie James","WR","Middle Tennessee State",2018,"00-0034286",7,"240",256,"35"
"693",276,"Jordan Wilkins","RB","Mississippi",2018,"00-0034400",5,"169",256,"107"
"694",277,"Dylan Cantrell","WR","Texas Tech",2018,"00-0034409",6,"191",256,"86"
"695",278,"Simeon Thomas","S","Louisiana-Lafayette",2018,"00-0034276",6,"188",256,"90"
"696",279,"Azeem Victor","LB","Washington",2018,"00-0034282",6,"216",256,"63"
"697",280,"Greg Stroman","CB","Virginia Tech",2018,"00-0034337",7,"241",256,"39"
"698",281,"Ray-Ray McCloud","WR","Clemson",2018,"00-0034407",6,"187",256,"94"
"699",282,"Coleman Shelton","IOL","Washington",2018,NA,NA,"undrafted",256,"undrafted - proj undrafted"
"700",283,"Dee Delaney","CB","Miami (FL)",2018,NA,NA,"undrafted",256,"undrafted - proj undrafted"
"701",284,"Zaycoven Henderson","DL","Texas A&M",2018,NA,NA,"undrafted",256,"undrafted - proj undrafted"
"702",285,"Kenny Young","LB","UCLA",2018,"00-0034266",4,"122",256,"163"
"703",286,"Austin Proehl","WR","North Carolina",2018,"00-0034442",7,"255",256,"31"
"704",287,"Jamar Summers","CB","UConn",2018,NA,NA,"undrafted",256,"undrafted - proj undrafted"
"705",288,"Malik Williams","RB","Louisville",2018,NA,NA,"undrafted",256,"undrafted - proj undrafted"
"706",289,"Afolabi Laguda","S","Colorado",2018,NA,NA,"undrafted",256,"undrafted - proj undrafted"
"707",290,"Amari Coleman","CB","Central Michigan",2018,NA,NA,"undrafted",256,"undrafted - proj undrafted"
"708",291,"Javon Rolland-Jones","EDGE","Arkansas State",2018,NA,NA,"undrafted",256,"undrafted - proj undrafted"
"709",292,"Garret Dooley","EDGE","Wisconsin",2018,NA,NA,"undrafted",256,"undrafted - proj undrafted"
"710",293,"Ike Boettger","OT","Iowa",2018,NA,NA,"undrafted",256,"undrafted - proj undrafted"
"711",294,"Darius Jackson","EDGE","Jacksonville State",2018,NA,NA,"undrafted",256,"undrafted - proj undrafted"
"712",295,"Justin Lawler","EDGE","SMU",2018,"00-0034813",7,"244",256,"51"
"713",296,"Logan Woodside","QB","Toledo",2018,"00-0034438",7,"249",256,"47"
"714",297,"Matt DeLuca","LB","North Dakota State",2018,NA,NA,"undrafted",256,"undrafted - proj undrafted"
"715",298,"Jacob Pugh","LB","Florida State",2018,NA,NA,"undrafted",256,"undrafted - proj undrafted"
"716",299,"Maea Teuhema","IOL","Southeastern Louisiana",2018,NA,NA,"undrafted",256,"undrafted - proj undrafted"
"717",300,"Braxton Berrios","WR","Miami (FL)",2018,"00-0034419",6,"210",256,"90"
"718",301,"Adam Breneman","TE","UMass",2018,NA,NA,"undrafted",256,"undrafted - proj undrafted"
"719",302,"JK Scott","P","Alabama",2018,"00-0034162",5,"172",256,"130"
"720",303,"Joel Iyiegbuniwe","LB","Western Kentucky",2018,"00-0034372",4,"115",256,"188"
"721",304,"David Bright","OT","Stanford",2018,NA,NA,"undrafted",256,"undrafted - proj undrafted"
"722",305,"Tre Flowers","S","Oklahoma State",2018,"00-0034756",5,"146",256,"159"
"723",306,"Sean Chandler","S","Temple",2018,NA,NA,"undrafted",256,"undrafted - proj undrafted"
"724",307,"Robert Foster","WR","Alabama",2018,NA,NA,"undrafted",256,"undrafted - proj undrafted"
"725",308,"Damion Ratley","WR","Texas A&M",2018,"00-0034273",6,"175",256,"133"
"726",309,"John Atkins","DL","Georgia",2018,NA,NA,"undrafted",256,"undrafted - proj undrafted"
"727",310,"Korey Robertson","WR","Southern Miss",2018,NA,NA,"undrafted",256,"undrafted - proj undrafted"
"728",311,"Jarvion Franklin","RB","Western Michigan",2018,NA,NA,"undrafted",256,"undrafted - proj undrafted"
"729",312,"Cam Phillips","WR","Virginia Tech",2018,NA,NA,"undrafted",256,"undrafted - proj undrafted"
"730",313,"Jester Weah","WR","Pittsburgh",2018,NA,NA,"undrafted",256,"undrafted - proj undrafted"
"731",314,"KJ Malone","OT","LSU",2018,NA,NA,"undrafted",256,"undrafted - proj undrafted"
"732",315,"Tyrone Crowder","IOL","Clemson",2018,NA,NA,"undrafted",256,"undrafted - proj undrafted"
"733",316,"Matt Dickerson","DL","UCLA",2018,NA,NA,"undrafted",256,"undrafted - proj undrafted"
"734",317,"Anthony Winbush","EDGE","Ball State",2018,NA,NA,"undrafted",256,"undrafted - proj undrafted"
"735",318,"Charvarius Ward","CB","Middle Tennessee State",2018,NA,NA,"undrafted",256,"undrafted - proj undrafted"
"736",319,"Keishawn Bierria","LB","Washington",2018,"00-0034422",6,"217",256,"102"
"737",320,"Quinton Flowers","RB","South Florida",2018,NA,NA,"undrafted",256,"undrafted - proj undrafted"
"738",321,"Kamryn Pettway","RB","Auburn",2018,NA,NA,"undrafted",256,"undrafted - proj undrafted"
"739",322,"Jordan Akins","TE","UCF",2018,"00-0034364",3,"98",256,"224"
"740",323,"Nick DeLuca","EDGE","North Dakota State",2018,NA,NA,"undrafted",256,"undrafted - proj undrafted"
"741",324,"Joshua Kalu","S","Nebraska",2018,NA,NA,"undrafted",256,"undrafted - proj undrafted"
"742",325,"Martez Carter","RB","Grambling State",2018,NA,NA,"undrafted",256,"undrafted - proj undrafted"
"743",326,"Trayvon Henderson","S","Hawaii",2018,NA,NA,"undrafted",256,"undrafted - proj undrafted"
"744",327,"Jamarcus King","CB","South Carolina",2018,NA,NA,"undrafted",256,"undrafted - proj undrafted"
"745",328,"Marcus Baugh","TE","Ohio State",2018,NA,NA,"undrafted",256,"undrafted - proj undrafted"
"746",329,"Andre Chachere","CB","San Jose State",2018,NA,NA,"undrafted",256,"undrafted - proj undrafted"
"747",330,"JoJo Wicker","DL","Arizona State",2018,NA,NA,"undrafted",256,"undrafted - proj undrafted"
"748",331,"DMontre Wade","CB","Murray State",2018,NA,NA,"undrafted",256,"undrafted - proj undrafted"
"749",332,"Steve Ishmael","WR","Syracuse",2018,NA,NA,"undrafted",256,"undrafted - proj undrafted"
"750",333,"Nic Shimonek","QB","Texas Tech",2018,NA,NA,"undrafted",256,"undrafted - proj undrafted"
"751",334,"Garrett Johnson","WR","Kentucky",2018,NA,NA,"undrafted",256,"undrafted - proj undrafted"
"752",335,"Jake Wieneke","WR","South Dakota State",2018,NA,NA,"undrafted",256,"undrafted - proj undrafted"
"753",336,"Dejon Allen","IOL","Hawaii",2018,NA,NA,"undrafted",256,"undrafted - proj undrafted"
"754",337,"Lowell Lotulelei","DL","Utah",2018,NA,NA,"undrafted",256,"undrafted - proj undrafted"
"755",338,"Reginald McKenzie","DL","Tennessee",2018,NA,NA,"undrafted",256,"undrafted - proj undrafted"
"756",339,"Christian LaCouture","DL","LSU",2018,NA,NA,"undrafted",256,"undrafted - proj undrafted"
"757",340,"KaRaun White","WR","West Virginia",2018,NA,NA,"undrafted",256,"undrafted - proj undrafted"
"758",341,"Omari Williams","CB","Samford",2018,NA,NA,"undrafted",256,"undrafted - proj undrafted"
"759",342,"Dewey Jarvis","LB","Brown",2018,NA,NA,"undrafted",256,"undrafted - proj undrafted"
"760",343,"Marquez Valdes-Scantling","WR","South Florida",2018,"00-0034272",5,"174",256,"169"
"761",344,"Arrion Springs","CB","Oregon",2018,NA,NA,"undrafted",256,"undrafted - proj undrafted"
"762",345,"Kamrin Moore","CB","Boston College",2018,"00-0034408",6,"189",256,"156"
"763",346,"Tanner Carew","LS","Oregon",2018,NA,NA,"undrafted",256,"undrafted - proj undrafted"
"764",347,"Drew Bailey","DL","Louisville",2018,NA,NA,"undrafted",256,"undrafted - proj undrafted"
"765",348,"Cody OConnell","IOL","Washington State",2018,NA,NA,"undrafted",256,"undrafted - proj undrafted"
"766",349,"Heath Harding","S","Miami (FL)",2018,NA,NA,"undrafted",256,"undrafted - proj undrafted"
"767",350,"Ito Smith","RB","Southern Miss",2018,"00-0034378",4,"126",256,"224"
"768",351,"Korey Cunningham","OT","Cincinnati",2018,"00-0034687",7,"254",256,"97"
"769",352,"Kendall Donnerson","LB","Southeast Missouri State",2018,"00-0034287",7,"248",256,"104"
"770",353,"Logan Cooke","P","Mississippi State",2018,"00-0034437",7,"247",256,"106"
"771",354,"Joshua Frazier","DL","Alabama",2018,"00-0034338",7,"246",256,"108"
"772",355,"Keion Crossen","CB","Western Carolina",2018,"00-0034435",7,"243",256,"112"
"773",356,"Hunter Bradley","LS","Mississippi State",2018,"00-0034168",7,"239",256,"117"
"774",357,"Zach Sieler","DL","Ferris State",2018,"00-0034285",7,"238",256,"119"
"775",358,"Nick Bawden","RB","San Diego State",2018,"00-0034433",7,"237",256,"121"
"776",359,"Zaire Franklin","LB","Syracuse",2018,"00-0034431",7,"235",256,"124"
"777",360,"Jordan Mailata","OT","South Sydney",2018,"00-0034429",7,"233",256,"127"
"778",361,"Travin Howard","LB","TCU",2018,"00-0034812",7,"231",256,"130"
"779",362,"Jason Sanders","K","New Mexico",2018,"00-0034794",7,"229",256,"133"
"780",363,"Quentin Poling","LB","Ohio",2018,"00-0034793",7,"227",256,"136"
"781",364,"David Williams","RB","Arkansas",2018,"00-0034427",7,"226",256,"138"
"782",365,"Devante Downs","LB","California",2018,"00-0034167",7,"225",256,"140"
"783",366,"Jullian Taylor","DL","Temple",2018,"00-0034283",7,"223",256,"143"
"784",367,"Jermaine Kelly","CB","San Jose State",2018,"00-0034425",7,"222",256,"145"
"785",368,"Matthew Adams","LB","Houston",2018,"00-0034424",7,"221",256,"147"
"786",369,"Alex McGough","QB","Florida International",2018,"00-0034732",7,"220",256,"149"
"787",370,"Danny Etling","QB","LSU",2018,"00-0034423",7,"219",256,"151"
"788",371,"Cornell Armstrong","CB","Southern Miss",2018,"00-0034792",6,"209",256,"162"
"789",372,"Trenton Cannon","RB","Virginia State",2018,"00-0034164",6,"204",256,"168"
"790",373,"Boston Scott","RB","Louisiana Tech",2018,"00-0034414",6,"201",256,"172"
"791",374,"Foyesade Oluokun","S","Yale",2018,"00-0034413",6,"200",256,"174"
"792",375,"Tremon Smith","CB","Central Arkansas",2018,"00-0034278",6,"196",256,"179"
"793",376,"Sebastian Joseph-Day","DL","Rutgers",2018,"00-0034810",6,"195",256,"181"
"794",377,"Chris Covington","LB","Indiana",2018,"00-0034410",6,"193",256,"184"
"795",378,"Jacob Martin","LB","Temple",2018,"00-0034163",6,"186",256,"192"
"796",379,"Marcell Harris","S","Florida",2018,"00-0034730",6,"184",256,"195"
"797",380,"Johnny Townsend","P","Florida",2018,"00-0034684",5,"173",256,"207"
"798",381,"Natrell Jamerson","S","Wisconsin",2018,"00-0034398",5,"164",256,"217"
"799",382,"Jermaine Carter","LB","Maryland",2018,"00-0034396",5,"161",256,"221"
"800",383,"JaWhaun Bentley","LB","Purdue",2018,"00-0034385",5,"143",256,"240"
"801",384,"Rick Leonard","OT","Florida State",2018,"00-0034379",4,"127",256,"257"
"802",385,"Sione Teuhema","EDGE","Southeastern Louisiana",2018,NA,NA,"undrafted",256,"undrafted - proj undrafted"
"803",386,"Deon Yelder","TE","Western Kentucky",2018,NA,NA,"undrafted",256,"undrafted - proj undrafted"
"804",387,"Van Smith","S","Clemson",2018,NA,NA,"undrafted",256,"undrafted - proj undrafted"
"805",388,"Brandon Silvers","QB","Troy",2018,NA,NA,"undrafted",256,"undrafted - proj undrafted"
"806",389,"Tavares Martin","WR","Washington State",2018,NA,NA,"undrafted",256,"undrafted - proj undrafted"
"807",390,"Eddy Pineiro","K","Florida",2018,NA,NA,"undrafted",256,"undrafted - proj undrafted"
"808",391,"Walter Brady","EDGE","Middle Tennessee State",2018,NA,NA,"undrafted",256,"undrafted - proj undrafted"
"809",392,"Rashard Fant","CB","Indiana",2018,NA,NA,"undrafted",256,"undrafted - proj undrafted"
"810",393,"Austin Golson","IOL","Auburn",2018,NA,NA,"undrafted",256,"undrafted - proj undrafted"
"811",394,"Andrew Nelson","IOL","Penn State",2018,NA,NA,"undrafted",256,"undrafted - proj undrafted"
"812",395,"Myles Pierce","LB","The Citadel",2018,NA,NA,"undrafted",256,"undrafted - proj undrafted"
"813",396,"Adonis Alexander","CB","Virginia Tech",2018,NA,NA,"undrafted",256,"undrafted - proj undrafted"
"814",397,"Chris Jones","CB","Nebraska",2018,NA,NA,"undrafted",256,"undrafted - proj undrafted"
"815",398,"Nate Andrews","S","Florida State",2018,NA,NA,"undrafted",256,"undrafted - proj undrafted"
"816",399,"Austin Allen","QB","Arkansas",2018,NA,NA,"undrafted",256,"undrafted - proj undrafted"
"817",400,"Joseph Davidson","P","Bowling Green",2018,NA,NA,"undrafted",256,"undrafted - proj undrafted"
"818",401,"Donnie Ernsberger","RB","Western Michigan",2018,NA,NA,"undrafted",256,"undrafted - proj undrafted"
"819",402,"Michael Badgley","K","Miami (FL)",2018,NA,NA,"undrafted",256,"undrafted - proj undrafted"
"820",403,"Trevor Daniel","P","Tennessee",2018,NA,NA,"undrafted",256,"undrafted - proj undrafted"
"821",404,"Steven Mitchell","WR","USC",2018,NA,NA,"undrafted",256,"undrafted - proj undrafted"
"822",405,"Trey Walker","S","Louisiana-Lafayette",2018,NA,NA,"undrafted",256,"undrafted - proj undrafted"
"823",406,"Chris Warren","RB","Texas",2018,NA,NA,"undrafted",256,"undrafted - proj undrafted"
"824",407,"Justin Crawford","RB","West Virginia",2018,NA,NA,"undrafted",256,"undrafted - proj undrafted"
"825",408,"Eddy Wilson","DL","Purdue",2018,NA,NA,"undrafted",256,"undrafted - proj undrafted"
"826",409,"Tre Williams","LB","Auburn",2018,NA,NA,"undrafted",256,"undrafted - proj undrafted"
"827",410,"Chris Lacy","WR","Oklahoma State",2018,NA,NA,"undrafted",256,"undrafted - proj undrafted"
"828",411,"Demario Richard","RB","Arizona State",2018,NA,NA,"undrafted",256,"undrafted - proj undrafted"
"829",412,"Henre Toliver","CB","Arkansas",2018,NA,NA,"undrafted",256,"undrafted - proj undrafted"
"830",413,"Drew Brown","K","Nebraska",2018,NA,NA,"undrafted",256,"undrafted - proj undrafted"
"831",414,"Jeff Wilson","RB","North Texas",2018,NA,NA,"undrafted",256,"undrafted - proj undrafted"
"832",415,"Secdrick Cooper","S","Louisiana Tech",2018,NA,NA,"undrafted",256,"undrafted - proj undrafted"
"833",416,"Ike Powell","LS","Auburn",2018,NA,NA,"undrafted",256,"undrafted - proj undrafted"
"834",417,"Salesi Uhatafe","IOL","Utah",2018,NA,NA,"undrafted",256,"undrafted - proj undrafted"
"835",418,"David Wells","TE","San Diego State",2018,NA,NA,"undrafted",256,"undrafted - proj undrafted"
"836",419,"Shane Tripucka","P","Texas A&M",2018,NA,NA,"undrafted",256,"undrafted - proj undrafted"
"837",420,"Max Redfield","S","IUP",2018,NA,NA,"undrafted",256,"undrafted - proj undrafted"
"838",421,"Ryan Winslow","P","Pittsburgh",2018,NA,NA,"undrafted",256,"undrafted - proj undrafted"
"839",422,"Bunmi Rotimi","DL","Old Dominion",2018,NA,NA,"undrafted",256,"undrafted - proj undrafted"
"840",423,"Donnie Miles","S","North Carolina",2018,NA,NA,"undrafted",256,"undrafted - proj undrafted"
"841",424,"Davon Grayson","WR","East Carolina",2018,NA,NA,"undrafted",256,"undrafted - proj undrafted"
"842",1,"Kyler Murray","QB","Oklahoma",2019,"00-0035228",1,"1",254,"0"
"843",2,"Nick Bosa","EDGE","Ohio State",2019,"00-0035717",1,"2",254,"0"
"844",3,"Quinnen Williams","DL","Alabama",2019,"00-0035718",1,"3",254,"0"
"845",4,"Josh Allen","EDGE","Kentucky",2019,NA,NA,"undrafted",254,"undrafted - proj drafted"
"846",5,"Ed Oliver","DL","Houston",2019,"00-0035230",1,"9",254,"-4"
"847",6,"Devin White","LB","LSU",2019,"00-0035707",1,"5",254,"1"
"848",7,"Dwayne Haskins","QB","Ohio State",2019,"00-0035232",1,"15",254,"-8"
"849",8,"Jawaan Taylor","OT","Florida",2019,"00-0035237",2,"35",254,"-27"
"850",9,"Jonah Williams","OT","Alabama",2019,"00-0035944",1,"11",254,"-2"
"851",10,"TJ Hockenson","TE","Iowa",2019,"00-0035229",1,"8",254,"2"
"852",11,"Montez Sweat","EDGE","Mississippi State",2019,"00-0035647",1,"26",254,"-15"
"853",12,"Drew Lock","QB","Missouri",2019,"00-0035704",2,"42",254,"-30"
"854",13,"Rashan Gary","DL","Michigan",2019,"00-0034967",1,"12",254,"1"
"855",14,"Devin Bush","LB","Michigan",2019,"00-0035525",1,"10",254,"4"
"856",15,"Brian Burns","EDGE","Florida State",2019,"00-0035713",1,"16",254,"-1"
"857",16,"Andre Dillard","OT","Washington State",2019,"00-0035233",1,"22",254,"-6"
"858",17,"Christian Wilkins","DL","Clemson",2019,"00-0035231",1,"13",254,"4"
"859",18,"Daniel Jones","QB","Duke",2019,"00-0035710",1,"6",254,"12"
"860",19,"Clelin Ferrell","EDGE","Clemson",2019,"00-0035692",1,"4",254,"15"
"861",20,"Cody Ford","IOL","Oklahoma",2019,"00-0035238",2,"38",254,"-18"
"862",21,"DK Metcalf","WR","Mississippi",2019,"00-0035640",2,"64",254,"-43"
"863",22,"Greedy Williams","CB","LSU",2019,"00-0035638",2,"46",254,"-24"
"864",23,"Noah Fant","TE","Iowa",2019,"00-0035644",1,"20",254,"3"
"865",24,"Byron Murphy","CB","Washington",2019,"00-0035236",2,"33",254,"-9"
"866",25,"Garrett Bradbury","IOL","NC State",2019,"00-0035588",1,"18",254,"7"
"867",26,"Marquise Brown","WR","Oklahoma",2019,"00-0035662",1,"25",254,"1"
"868",27,"Dexter Lawrence","DL","Clemson",2019,"00-0035683",1,"17",254,"10"
"869",28,"Jeffery Simmons","DL","Mississippi State",2019,"00-0035643",1,"19",254,"9"
"870",29,"Josh Jacobs","RB","Alabama",2019,"00-0035700",1,"24",254,"5"
"871",30,"Deandre Baker","CB","Georgia",2019,"00-0035684",1,"30",254,"0"
"872",31,"Chris Lindstrom","IOL","Boston College",2019,"00-0035630",1,"14",254,"17"
"873",32,"Jerry Tillery","DL","Notre Dame",2019,"00-0035674",1,"28",254,"4"
"874",33,"Dalton Risner","OT","Kansas State",2019,"00-0035702",2,"41",254,"-8"
"875",34,"Rock Ya-Sin","CB","Temple",2019,"00-0035637",2,"34",254,"0"
"876",35,"AJ Brown","WR","Mississippi",2019,"00-0035676",2,"51",254,"-16"
"877",36,"Johnathan Abram","S","Mississippi State",2019,"00-0035693",1,"27",254,"9"
"878",37,"NKeal Harry","WR","Arizona State",2019,"00-0035624",1,"32",254,"5"
"879",38,"Erik McCoy","IOL","Texas A&M",2019,"00-0035242",2,"48",254,"-10"
"880",39,"Irv Smith","TE","Alabama",2019,"00-0034970",2,"50",254,"-11"
"881",40,"Nasir Adderley","S","Delaware",2019,"00-0035677",2,"60",254,"-20"
"882",41,"CJ Gardner-Johnson","S","Florida",2019,"00-0035253",4,"105",254,"-64"
"883",42,"Greg Little","OT","Mississippi",2019,"00-0035694",2,"37",254,"5"
"884",43,"Hakeem Butler","WR","Iowa State",2019,"00-0035529",4,"103",254,"-60"
"885",44,"Darnell Savage","S","Maryland",2019,"00-0034968",1,"21",254,"23"
"886",45,"Parris Campbell","WR","Ohio State",2019,"00-0035639",2,"59",254,"-14"
"887",46,"Jaylon Ferguson","EDGE","Louisiana Tech",2019,"00-0035651",3,"85",254,"-39"
"888",47,"Chase Winovich","EDGE","Michigan",2019,"00-0035654",3,"77",254,"-30"
"889",48,"Kaleb McGary","OT","Washington",2019,"00-0035235",1,"31",254,"17"
"890",49,"Juan Thornhill","S","Virginia",2019,"00-0035625",2,"63",254,"-14"
"891",50,"Taylor Rapp","S","Washington",2019,"00-0035663",2,"61",254,"-11"
"892",51,"Deionte Thompson","S","Alabama",2019,"00-0035532",5,"139",254,"-88"
"893",52,"Justin Layne","CB","Michigan State",2019,"00-0035650",3,"83",254,"-31"
"894",53,"Elgton Jenkins","IOL","Mississippi State",2019,"00-0035526",2,"44",254,"9"
"895",54,"Jachai Polite","EDGE","Miami (FL)",2019,"00-0035528",3,"68",254,"-14"
"896",55,"Deebo Samuel","WR","South Carolina",2019,"00-0035719",2,"36",254,"19"
"897",56,"Julian Love","CB","Notre Dame",2019,"00-0034974",4,"108",254,"-52"
"898",57,"DreMont Jones","DL","Ohio State",2019,"00-0035678",3,"71",254,"-14"
"899",58,"Mack Wilson","LB","Alabama",2019,"00-0035144",5,"155",254,"-97"
"900",59,"Lonnie Johnson","CB","Kentucky",2019,"00-0035244",2,"54",254,"5"
"901",60,"Will Grier","QB","West Virginia",2019,"00-0035251",3,"100",254,"-40"
"902",61,"Amani Oruwariye","CB","Penn State",2019,"00-0035270",5,"146",254,"-85"
"903",62,"Zach Allen","DL","Boston College",2019,"00-0035248",3,"65",254,"-3"
"904",63,"JJ Arcega-Whiteside","WR","Stanford",2019,"00-0035246",2,"57",254,"6"
"905",64,"Tytus Howard","OT","Alabama State",2019,"00-0035234",1,"23",254,"41"
"906",65,"Joejuan Williams","CB","Vanderbilt",2019,"00-0035241",2,"45",254,"20"
"907",66,"Trayvon Mullen","CB","Clemson",2019,"00-0035695",2,"40",254,"26"
"908",67,"Yodny Cajuste","OT","West Virginia",2019,"00-0035252",3,"101",254,"-34"
"909",68,"LJ Collier","DL","TCU",2019,"00-0035636",1,"29",254,"39"
"910",69,"Amani Hooker","S","Iowa",2019,"00-0035632",4,"116",254,"-47"
"911",70,"Kelvin Harmon","WR","NC State",2019,"00-0035297",6,"206",254,"-136"
"912",71,"Riley Ridley","WR","Georgia",2019,"00-0035590",4,"126",254,"-55"
"913",72,"Jace Sternberger","TE","Texas A&M",2019,"00-0035671",3,"75",254,"-3"
"914",73,"David Montgomery","RB","Iowa State",2019,"00-0035685",3,"73",254,"0"
"915",74,"Miles Sanders","RB","Penn State",2019,"00-0035243",2,"53",254,"21"
"916",75,"Charles Omenihu","DL","Texas",2019,"00-0035279",5,"161",254,"-86"
"917",76,"Emanuel Hall","WR","Missouri",2019,NA,NA,"undrafted",254,"undrafted - proj drafted"
"918",77,"Connor McGovern","IOL","Penn State",2019,"00-0035679",3,"90",254,"-13"
"919",78,"Darrell Henderson","RB","Memphis",2019,"00-0035664",3,"70",254,"8"
"920",79,"Damien Harris","RB","Alabama",2019,"00-0035657",3,"87",254,"-8"
"921",80,"Michael Deiter","IOL","Wisconsin",2019,"00-0035686",3,"78",254,"2"
"922",81,"Dawson Knox","TE","Mississippi",2019,"00-0035689",3,"96",254,"-15"
"923",82,"Sean Murphy-Bunting","CB","Central Michigan",2019,"00-0035239",2,"39",254,"43"
"924",83,"Andy Isabella","WR","UMass",2019,"00-0035527",2,"62",254,"21"
"925",84,"Terry McLaurin","WR","Ohio State",2019,"00-0035659",3,"76",254,"8"
"926",85,"David Long","CB","West Virginia",2019,"00-0035665",3,"79",254,"6"
"927",85,"David Long","CB","West Virginia",2019,"00-0035292",6,"188",254,"-103"
"928",86,"Anthony Nelson","EDGE","Iowa",2019,"00-0035254",4,"107",254,"-21"
"929",87,"Khalen Saunders","DL","Western Illinois",2019,"00-0035656",3,"84",254,"3"
"930",88,"Kahale Warring","TE","San Diego State",2019,"00-0035660",3,"86",254,"2"
"931",89,"Dru Samia","IOL","Oklahoma",2019,"00-0034976",4,"114",254,"-25"
"932",90,"Oshane Ximines","EDGE","Old Dominion",2019,"00-0035708",3,"95",254,"-5"
"933",91,"Miles Boykin","WR","Notre Dame",2019,"00-0035703",3,"93",254,"-2"
"934",92,"Christian Miller","EDGE","Alabama",2019,"00-0035257",4,"115",254,"-23"
"935",93,"DAndre Walker","EDGE","Georgia",2019,"00-0035284",5,"168",254,"-75"
"936",94,"Renell Wren","DL","Arizona State",2019,"00-0035260",4,"125",254,"-31"
"937",95,"Germaine Pratt","LB","NC State",2019,"00-0035697",3,"72",254,"23"
"938",96,"Mecole Hardman","WR","Georgia",2019,"00-0035140",2,"56",254,"40"
"939",97,"David Edwards","OT","Wisconsin",2019,"00-0035668",5,"169",254,"-72"
"940",98,"Blake Cashman","LB","Minnesota",2019,"00-0035276",5,"157",254,"-59"
"941",99,"Ben Banogu","EDGE","TCU",2019,"00-0034969",2,"49",254,"50"
"942",100,"Isaiah Johnson","CB","Houston",2019,"00-0034980",4,"129",254,"-29"
"943",101,"Max Scharping","OT","Northern Illinois",2019,"00-0035245",2,"55",254,"46"
"944",102,"Jamel Dean","CB","Auburn",2019,"00-0035699",3,"94",254,"8"
"945",103,"Chuma Edoga","OT","USC",2019,"00-0035698",3,"92",254,"11"
"946",104,"Trysten Hill","DL","UCF",2019,"00-0035247",2,"58",254,"46"
"947",105,"Nate Davis","IOL","Charlotte",2019,"00-0035649",3,"82",254,"23"
"948",106,"Vosean Joseph","LB","Florida",2019,"00-0035271",5,"147",254,"-41"
"949",107,"Devin Singletary","RB","Florida Atlantic",2019,"00-0035250",3,"74",254,"33"
"950",108,"Gerald Willis","DL","Miami (FL)",2019,NA,NA,"undrafted",254,"undrafted - proj drafted"
"951",109,"Maxx Crosby","EDGE","Eastern Michigan",2019,"00-0034973",4,"106",254,"3"
"952",110,"Bobby Okereke","LB","Stanford",2019,"00-0035687",3,"89",254,"21"
"953",111,"Justice Hill","RB","Oklahoma State",2019,"00-0034975",4,"113",254,"-2"
"954",112,"Josh Oliver","TE","San Jose State",2019,"00-0035249",3,"69",254,"43"
"955",113,"Ryan Finley","QB","NC State",2019,"00-0035652",4,"104",254,"9"
"956",114,"Marquise Blair","S","Utah",2019,"00-0035139",2,"47",254,"67"
"957",115,"Michael Jordan","IOL","Ohio State",2019,"00-0035266",4,"136",254,"-21"
"958",116,"Tyree Jackson","QB","Buffalo",2019,NA,NA,"undrafted",254,"undrafted - proj drafted"
"959",117,"Stanley Morgan","WR","Nebraska",2019,NA,NA,"undrafted",254,"undrafted - proj drafted"
"960",118,"Jaquan Johnson","S","Miami (FL)",2019,"00-0035290",6,"181",254,"-63"
"961",119,"Drue Tranquill","LB","Notre Dame",2019,"00-0035262",4,"130",254,"-11"
"962",120,"Jarrett Stidham","QB","Auburn",2019,"00-0035264",4,"133",254,"-13"
"963",121,"Daylon Mack","DL","Texas A&M",2019,"00-0034985",5,"160",254,"-39"
"964",122,"Will Harris","S","Boston College",2019,"00-0035655",3,"81",254,"41"
"965",123,"Dillon Mitchell","WR","Oregon",2019,"00-0035002",7,"239",254,"-116"
"966",124,"DaMarkus Lodge","WR","Mississippi",2019,NA,NA,"undrafted",254,"undrafted - proj drafted"
"967",125,"Joe Jackson","EDGE","Miami (FL)",2019,"00-0035281",5,"165",254,"-40"
"968",126,"Daniel Wise","DL","Kansas",2019,NA,NA,"undrafted",254,"undrafted - proj drafted"
"969",127,"Austin Bryant","EDGE","Clemson",2019,"00-0035531",4,"117",254,"10"
"970",128,"Michael Jackson","CB","Miami (FL)",2019,"00-0035277",5,"158",254,"-30"
"971",129,"Jahlani Tavai","LB","Hawaii",2019,"00-0035240",2,"43",254,"86"
"972",130,"Hjalte Froholdt","IOL","Arkansas",2019,"00-0035258",4,"118",254,"12"
"973",131,"Devine Ozigbo","RB","Nebraska",2019,NA,NA,"undrafted",254,"undrafted - proj drafted"
"974",132,"Bryce Love","RB","Stanford",2019,"00-0035256",4,"112",254,"20"
"975",133,"Jalen Hurd","WR","Baylor",2019,"00-0034971",3,"67",254,"66"
"976",134,"Isaiah Buggs","DL","Alabama",2019,"00-0035219",6,"192",254,"-58"
"977",135,"Ben Powers","IOL","Oklahoma",2019,"00-0034978",4,"123",254,"12"
"978",136,"Rodney Anderson","RB","Oklahoma",2019,"00-0035299",6,"211",254,"-75"
"979",137,"Dax Raymond","TE","Utah State",2019,NA,NA,"undrafted",254,"undrafted - proj drafted"
"980",138,"Trayveon Williams","RB","Texas A&M",2019,"00-0035291",6,"182",254,"-44"
"981",139,"Lamont Gaillard","IOL","Georgia",2019,"00-0035536",6,"179",254,"-40"
"982",140,"Antoine Wesley","WR","Texas Tech",2019,NA,NA,"undrafted",254,"undrafted - proj drafted"
"983",141,"Justin Hollins","EDGE","Oregon",2019,"00-0035591",5,"156",254,"-15"
"984",142,"Ben Burr-Kirven","LB","Washington",2019,"00-0035143",5,"142",254,"0"
"985",143,"Kris Boyd","CB","Texas",2019,"00-0035150",7,"217",254,"-74"
"986",144,"Brett Rypien","QB","Boise State",2019,NA,NA,"undrafted",254,"undrafted - proj drafted"
"987",145,"Sione Takitaki","LB","BYU",2019,"00-0035646",3,"80",254,"65"
"988",146,"Kingsley Keke","DL","Texas A&M",2019,"00-0034984",5,"150",254,"-4"
"989",147,"Bobby Evans","OT","Oklahoma",2019,"00-0035666",3,"97",254,"50"
"990",148,"Sheldrick Redwine","S","Miami (FL)",2019,"00-0034977",4,"119",254,"29"
"991",149,"Kaden Smith","TE","Stanford",2019,"00-0034988",6,"176",254,"-27"
"992",150,"Foster Moreau","TE","LSU",2019,"00-0034981",4,"137",254,"13"
"993",151,"Beau Benzschawel","IOL","Wisconsin",2019,NA,NA,"undrafted",254,"undrafted - proj drafted"
"994",152,"Mike Edwards","S","Kentucky",2019,"00-0035681",3,"99",254,"53"
"995",153,"TeVon Coney","LB","Notre Dame",2019,NA,NA,"undrafted",254,"undrafted - proj drafted"
"996",154,"Hunter Renfrow","WR","Clemson",2019,"00-0034983",5,"149",254,"5"
"997",155,"Jimmy Moreland","CB","James Madison",2019,"00-0035307",7,"227",254,"-72"
"998",156,"Dennis Daley","OT","South Carolina",2019,"00-0035300",6,"212",254,"-56"
"999",157,"Saivion Smith","CB","Alabama",2019,NA,NA,"undrafted",254,"undrafted - proj drafted"
"1000",158,"Alex Bars","IOL","Notre Dame",2019,NA,NA,"undrafted",254,"undrafted - proj drafted"
"1001",159,"Khari Willis","S","Michigan State",2019,"00-0035530",4,"109",254,"50"
"1002",160,"KeeSean Johnson","WR","Fresno State",2019,"00-0035287",6,"174",254,"-14"
"1003",161,"Isaiah Prince","OT","Ohio State",2019,"00-0035295",6,"202",254,"-41"
"1004",162,"David Sills","WR","West Virginia",2019,NA,NA,"undrafted",254,"undrafted - proj drafted"
"1005",163,"Benny Snell","RB","Kentucky",2019,"00-0035217",4,"122",254,"41"
"1006",164,"Ugo Amadi","S","Oregon",2019,"00-0035142",4,"132",254,"32"
"1007",165,"Terrill Hanks","LB","New Mexico State",2019,NA,NA,"undrafted",254,"undrafted - proj drafted"
"1008",166,"Anthony Ratliff-Williams","WR","North Carolina",2019,NA,NA,"undrafted",254,"undrafted - proj drafted"
"1009",167,"Anthony Johnson","WR","Buffalo",2019,NA,NA,"undrafted",254,"undrafted - proj drafted"
"1010",168,"Clayton Thorson","QB","Northwestern",2019,"00-0035283",5,"167",254,"1"
"1011",169,"Oli Udoh","OT","Elon",2019,"00-0034994",6,"193",254,"-24"
"1012",170,"Gary Jennings","WR","West Virginia",2019,"00-0035589",4,"120",254,"50"
"1013",171,"Marvell Tell","S","USC",2019,"00-0035534",5,"144",254,"27"
"1014",172,"Drew Sample","TE","Washington",2019,"00-0035631",2,"52",254,"120"
"1015",173,"Elijah Holyfield","RB","Georgia",2019,NA,NA,"undrafted",254,"undrafted - proj drafted"
"1016",174,"Wyatt Ray","EDGE","Boston College",2019,NA,NA,"undrafted",254,"undrafted - proj drafted"
"1017",175,"Ross Pierschbacher","IOL","Alabama",2019,"00-0035274",5,"153",254,"22"
"1018",176,"Joe Giles-Harris","LB","Duke",2019,NA,NA,"undrafted",254,"undrafted - proj drafted"
"1019",177,"Mark Fields","CB","Clemson",2019,NA,NA,"undrafted",254,"undrafted - proj drafted"
"1020",178,"Darius Slayton","WR","Auburn",2019,"00-0035535",5,"171",254,"7"
"1021",179,"Alexander Mattison","RB","Boise State",2019,"00-0034972",3,"102",254,"77"
"1022",180,"James Williams","RB","Washington State",2019,NA,NA,"undrafted",254,"undrafted - proj drafted"
"1023",181,"Jakobi Meyers","WR","NC State",2019,NA,NA,"undrafted",254,"undrafted - proj drafted"
"1024",182,"Kendall Sheffield","CB","Ohio State",2019,"00-0035255",4,"111",254,"71"
"1025",183,"Dexter Williams","RB","Notre Dame",2019,"00-0034995",6,"194",254,"-11"
"1026",184,"Myles Gaskin","RB","Washington",2019,"00-0035311",7,"234",254,"-50"
"1027",185,"Malik Gant","S","Marshall",2019,NA,NA,"undrafted",254,"undrafted - proj drafted"
"1028",186,"Armon Watts","DL","Arkansas",2019,"00-0034992",6,"190",254,"-4"
"1029",187,"Jalen Jelks","EDGE","Oregon",2019,"00-0035314",7,"241",254,"-54"
"1030",188,"TJ Edwards","LB","Wisconsin",2019,NA,NA,"undrafted",254,"undrafted - proj drafted"
"1031",189,"Isaac Nauta","TE","Georgia",2019,"00-0035539",7,"224",254,"-35"
"1032",190,"Mike Weber","RB","Ohio State",2019,"00-0035303",7,"218",254,"-28"
"1033",191,"Gardner Minshew","QB","Washington State",2019,"00-0035289",6,"178",254,"13"
"1034",192,"Evan Worthington","S","Colorado",2019,NA,NA,"undrafted",254,"undrafted - proj drafted"
"1035",193,"Diontae Johnson","WR","Toledo",2019,"00-0035216",3,"66",254,"127"
"1036",194,"Martez Ivey","IOL","Florida",2019,NA,NA,"undrafted",254,"undrafted - proj drafted"
"1037",195,"Preston Williams","WR","Colorado State",2019,NA,NA,"undrafted",254,"undrafted - proj drafted"
"1038",196,"Karan Higdon","RB","Michigan",2019,NA,NA,"undrafted",254,"undrafted - proj drafted"
"1039",197,"Shareef Miller","EDGE","Penn State",2019,"00-0035267",4,"138",254,"59"
"1040",198,"Caleb Wilson","TE","UCLA",2019,"00-0035320",7,"254",254,"-56"
"1041",199,"Terry Beckner","DL","Missouri",2019,"00-0035302",7,"215",254,"-16"
"1042",200,"Tim Harris","CB","Virginia",2019,"00-0034996",6,"198",254,"2"
"1043",201,"Emeke Egbule","LB","Houston",2019,"00-0035538",6,"200",254,"1"
"1044",202,"Alize Mack","TE","Notre Dame",2019,"00-0035309",7,"231",254,"-29"
"1045",203,"Ryquell Armstead","RB","Temple",2019,"00-0035268",5,"140",254,"63"
"1046",204,"Michael Dogbe","DL","Temple",2019,"00-0035541",7,"249",254,"-45"
"1047",205,"Penny Hart","WR","Georgia State",2019,NA,NA,"undrafted",254,"undrafted - proj drafted"
"1048",206,"Phil Haynes","IOL","Wake Forest",2019,"00-0035141",4,"124",254,"82"
"1049",207,"Carl Granderson","EDGE","Wyoming",2019,NA,NA,"undrafted",254,"undrafted - proj drafted"
"1050",208,"Iman Marshall","CB","USC",2019,"00-0034979",4,"127",254,"81"
"1051",209,"Dontavius Russell","DL","Auburn",2019,"00-0035312",7,"235",254,"-26"
"1052",210,"Cameron Smith","LB","USC",2019,"00-0034986",5,"162",254,"48"
"1053",211,"Corey Ballentine","CB","Washburn",2019,"00-0035633",6,"180",254,"31"
"1054",212,"Mike Bell","S","Fresno State",2019,NA,NA,"undrafted",254,"undrafted - proj drafted"
"1055",213,"Jordan Taamu","QB","Mississippi",2019,NA,NA,"undrafted",254,"undrafted - proj drafted"
"1056",214,"Sutton Smith","EDGE","Northern Illinois",2019,"00-0035218",6,"175",254,"39"
"1057",215,"Greg Gaines","DL","Washington",2019,"00-0035667",4,"134",254,"81"
"1058",216,"Hamp Cheevers","CB","Boston College",2019,NA,NA,"undrafted",254,"undrafted - proj drafted"
"1059",217,"Darwin Thompson","RB","Utah State",2019,"00-0035148",6,"214",254,"3"
"1060",218,"Jordan Scarlett","RB","Florida",2019,"00-0035275",5,"154",254,"64"
"1061",219,"Cody Barton","LB","Utah",2019,"00-0035672",3,"88",254,"131"
"1062",220,"Tyler Roemer","OT","San Diego State",2019,NA,NA,"undrafted",254,"undrafted - proj drafted"
"1063",221,"Chris Slayton","DL","Syracuse",2019,"00-0035004",7,"245",254,"-24"
"1064",222,"Travis Fulgham","WR","Old Dominion",2019,"00-0035592",6,"184",254,"38"
"1065",223,"Trevon Wesco","TE","West Virginia",2019,"00-0035259",4,"121",254,"102"
"1066",224,"John Cominsky","DL","Charleston",2019,"00-0035265",4,"135",254,"89"
"1067",225,"Bruce Anderson","RB","North Dakota State",2019,NA,NA,"undrafted",254,"undrafted - proj drafted"
"1068",226,"Terronne Prescod","IOL","NC State",2019,NA,NA,"undrafted",254,"undrafted - proj drafted"
"1069",227,"Mitch Hyatt","OT","Clemson",2019,NA,NA,"undrafted",254,"undrafted - proj drafted"
"1070",228,"Tony Pollard","RB","Memphis",2019,"00-0035261",4,"128",254,"100"
"1071",229,"Jordan Brailford","EDGE","Oklahoma State",2019,"00-0035319",7,"253",254,"-24"
"1072",230,"Tre Watson","LB","Maryland",2019,NA,NA,"undrafted",254,"undrafted - proj drafted"
"1073",231,"Demarcus Christmas","DL","Florida State",2019,"00-0035595",6,"209",254,"22"
"1074",232,"Lukas Denis","S","Boston College",2019,NA,NA,"undrafted",254,"undrafted - proj drafted"
"1075",233,"Cortez Broughton","DL","Cincinnati",2019,"00-0035315",7,"242",254,"-9"
"1076",234,"Derrick Baity","CB","Kentucky",2019,NA,NA,"undrafted",254,"undrafted - proj drafted"
"1077",235,"Ryan Bates","IOL","Penn State",2019,NA,NA,"undrafted",254,"undrafted - proj drafted"
"1078",236,"Saquan Hampton","S","Rutgers",2019,"00-0035288",6,"177",254,"59"
"1079",237,"Ulysees Gilbert","LB","Akron",2019,"00-0035223",6,"207",254,"30"
"1080",238,"Chase Hansen","LB","Utah",2019,NA,NA,"undrafted",254,"undrafted - proj drafted"
"1081",239,"Malik Reed","EDGE","Nevada",2019,NA,NA,"undrafted",254,"undrafted - proj drafted"
"1082",240,"Montre Hartage","CB","Northwestern",2019,NA,NA,"undrafted",254,"undrafted - proj drafted"
"1083",241,"Cody Thompson","WR","Toledo",2019,NA,NA,"undrafted",254,"undrafted - proj drafted"
"1084",242,"Zedrick Woods","S","Mississippi",2019,NA,NA,"undrafted",254,"undrafted - proj drafted"
"1085",243,"LilJordan Humphrey","WR","Texas",2019,NA,NA,"undrafted",254,"undrafted - proj drafted"
"1086",244,"Dre Greenlaw","LB","Arkansas",2019,"00-0034982",5,"148",254,"96"
"1087",245,"Terry Godwin","WR","Georgia",2019,"00-0035313",7,"237",254,"8"
"1088",246,"Gary Johnson","LB","Texas",2019,NA,NA,"undrafted",254,"undrafted - proj drafted"
"1089",247,"Greg Dortch","WR","Wake Forest",2019,NA,NA,"undrafted",254,"undrafted - proj drafted"
"1090",248,"Delvon Randall","S","Temple",2019,NA,NA,"undrafted",254,"undrafted - proj drafted"
"1091",249,"Alex Barnes","RB","Kansas State",2019,NA,NA,"undrafted",254,"undrafted - proj drafted"
"1092",250,"Jazz Ferguson","WR","Northwestern State",2019,NA,NA,"undrafted",254,"undrafted - proj drafted"
"1093",251,"Tommy Sweeney","TE","Boston College",2019,"00-0035308",7,"228",254,"23"
"1094",252,"Jordan Brown","CB","South Dakota State",2019,"00-0035305",7,"223",254,"29"
"1095",253,"Shaq Calhoun","IOL","Mississippi State",2019,NA,NA,"undrafted",254,"undrafted - proj drafted"
"1096",254,"Darius West","S","Kentucky",2019,NA,NA,"undrafted",254,"undrafted - proj drafted"
"1097",255,"Blace Brown","CB","Troy",2019,NA,NA,"undrafted",254,"undrafted - proj undrafted"
"1098",256,"Jonathan Ledbetter","DL","Georgia",2019,NA,NA,"undrafted",254,"undrafted - proj undrafted"
"1099",257,"Travis Homer","RB","Miami (FL)",2019,"00-0035594",6,"204",254,"53"
"1100",258,"Andrew Wingard","S","Wyoming",2019,NA,NA,"undrafted",254,"undrafted - proj undrafted"
"1101",259,"Malik Carney","EDGE","North Carolina",2019,NA,NA,"undrafted",254,"undrafted - proj undrafted"
"1102",260,"Zach Gentry","TE","Michigan",2019,"00-0035222",5,"141",254,"119"
"1103",261,"Keelan Doss","WR","UC Davis",2019,NA,NA,"undrafted",254,"undrafted - proj undrafted"
"1104",262,"Easton Stick","QB","North Dakota State",2019,"00-0035282",5,"166",254,"96"
"1105",263,"Trey Pipkins","OT","Sioux Falls",2019,"00-0035688",3,"91",254,"172"
"1106",264,"Nate Herbig","IOL","Stanford",2019,NA,NA,"undrafted",254,"undrafted - proj undrafted"
"1107",265,"Josiah Tauaefa","LB","UTSA",2019,NA,NA,"undrafted",254,"undrafted - proj undrafted"
"1108",266,"Deshaun Davis","LB","Auburn",2019,"00-0035626",6,"210",254,"56"
"1109",267,"Donnie Lewis","CB","Tulane",2019,"00-0034998",7,"221",254,"46"
"1110",268,"Albert Huggins","DL","Clemson",2019,NA,NA,"undrafted",254,"undrafted - proj undrafted"
"1111",269,"Derwin Gray","OT","Maryland",2019,"00-0035220",7,"219",254,"50"
"1112",270,"Cole Holcomb","LB","North Carolina",2019,"00-0035286",5,"173",254,"97"
"1113",271,"Tyre Brady","WR","Marshall",2019,NA,NA,"undrafted",254,"undrafted - proj undrafted"
"1114",272,"Paul Adams","IOL","Missouri",2019,NA,NA,"undrafted",254,"undrafted - proj undrafted"
"1115",273,"Trace McSorley","QB","Penn State",2019,"00-0035146",6,"197",254,"76"
"1116",274,"Jamal Davis","EDGE","Akron",2019,NA,NA,"undrafted",254,"undrafted - proj undrafted"
"1117",275,"Kendall Joseph","LB","Clemson",2019,NA,NA,"undrafted",254,"undrafted - proj undrafted"
"1118",276,"Xavier Crawford","CB","Central Michigan",2019,"00-0035293",6,"195",254,"81"
"1119",277,"Jamal Custis","WR","Syracuse",2019,NA,NA,"undrafted",254,"undrafted - proj undrafted"
"1120",278,"Porter Gustin","EDGE","USC",2019,NA,NA,"undrafted",254,"undrafted - proj undrafted"
"1121",279,"Derrek Thomas","CB","Baylor",2019,NA,NA,"undrafted",254,"undrafted - proj undrafted"
"1122",280,"Duke Shelley","CB","Kansas State",2019,"00-0035696",6,"205",254,"75"
"1123",281,"Jamal Peters","CB","Mississippi State",2019,NA,NA,"undrafted",254,"undrafted - proj undrafted"
"1124",282,"Byron Cowart","DL","Maryland",2019,"00-0035278",5,"159",254,"123"
"1125",283,"Dakota Allen","LB","Texas Tech",2019,"00-0035670",7,"251",254,"32"
"1126",284,"Trevon Tate","IOL","Memphis",2019,NA,NA,"undrafted",254,"undrafted - proj undrafted"
"1127",285,"Ricky Walker","DL","Virginia Tech",2019,NA,NA,"undrafted",254,"undrafted - proj undrafted"
"1128",286,"Qadree Ollison","RB","Pittsburgh",2019,"00-0035273",5,"152",254,"134"
"1129",287,"Bunchy Stallings","IOL","Kentucky",2019,NA,NA,"undrafted",254,"undrafted - proj undrafted"
"1130",288,"Tyler Jones","IOL","NC State",2019,NA,NA,"undrafted",254,"undrafted - proj undrafted"
"1131",289,"Jalin Moore","RB","Appalachian State",2019,NA,NA,"undrafted",254,"undrafted - proj undrafted"
"1132",290,"Ashton Dulin","WR","Malone",2019,NA,NA,"undrafted",254,"undrafted - proj undrafted"
"1133",291,"Ronheen Bingham","EDGE","Arkansas State",2019,NA,NA,"undrafted",254,"undrafted - proj undrafted"
"1134",292,"Ken Webster","CB","Mississippi",2019,"00-0035318",7,"252",254,"40"
"1135",293,"Johnnie Dixon","WR","Ohio State",2019,NA,NA,"undrafted",254,"undrafted - proj undrafted"
"1136",294,"BJ Autry","IOL","Jacksonville State",2019,NA,NA,"undrafted",254,"undrafted - proj undrafted"
"1137",295,"CJ Conrad","TE","Kentucky",2019,NA,NA,"undrafted",254,"undrafted - proj undrafted"
"1138",296,"Ty Summers","LB","TCU",2019,"00-0034999",7,"226",254,"70"
"1139",297,"Olamide Zaccheaus","WR","Virginia",2019,NA,NA,"undrafted",254,"undrafted - proj undrafted"
"1140",298,"Tyrel Dodson","LB","Texas A&M",2019,NA,NA,"undrafted",254,"undrafted - proj undrafted"
"1141",299,"Javon Patterson","IOL","Mississippi",2019,"00-0035005",7,"246",254,"53"
"1142",300,"Donald Parham","TE","Stetson",2019,NA,NA,"undrafted",254,"undrafted - proj undrafted"
"1143",301,"Khalil Hodge","LB","Buffalo",2019,NA,NA,"undrafted",254,"undrafted - proj undrafted"
"1144",302,"Kevin Givens","DL","Penn State",2019,NA,NA,"undrafted",254,"undrafted - proj undrafted"
"1145",303,"Kadar Hollman","CB","Toledo",2019,"00-0034990",6,"185",254,"118"
"1146",304,"Yosuah Nijman","OT","Virginia Tech",2019,NA,NA,"undrafted",254,"undrafted - proj undrafted"
"1147",305,"Donnell Greene","OT","Minnesota",2019,NA,NA,"undrafted",254,"undrafted - proj undrafted"
"1148",306,"Alec Ingold","RB","Wisconsin",2019,NA,NA,"undrafted",254,"undrafted - proj undrafted"
"1149",307,"Tyree St Louis","OT","Miami (FL)",2019,NA,NA,"undrafted",254,"undrafted - proj undrafted"
"1150",308,"William Sweet","OT","North Carolina",2019,NA,NA,"undrafted",254,"undrafted - proj undrafted"
"1151",309,"Ryan Davis","WR","Auburn",2019,NA,NA,"undrafted",254,"undrafted - proj undrafted"
"1152",310,"Keenan Brown","TE","Texas State",2019,NA,NA,"undrafted",254,"undrafted - proj undrafted"
"1153",311,"Kyle Shurmur","QB","Vanderbilt",2019,NA,NA,"undrafted",254,"undrafted - proj undrafted"
"1154",312,"Andrew Beck","TE","Texas",2019,NA,NA,"undrafted",254,"undrafted - proj undrafted"
"1155",313,"Jordan Miller","CB","Washington",2019,"00-0035285",5,"172",254,"141"
"1156",314,"JoJo McIntosh","S","Washington",2019,NA,NA,"undrafted",254,"undrafted - proj undrafted"
"1157",315,"Andrew Van Ginkel","EDGE","Wisconsin",2019,"00-0035272",5,"151",254,"164"
"1158",316,"Kevin Wilkins","DL","Rutgers",2019,NA,NA,"undrafted",254,"undrafted - proj undrafted"
"1159",317,"Drew Forbes","IOL","Southeast Missouri State",2019,"00-0034991",6,"189",254,"128"
"1160",318,"Drew Lewis","LB","Colorado",2019,NA,NA,"undrafted",254,"undrafted - proj undrafted"
"1161",319,"Fred Johnson","IOL","Florida",2019,NA,NA,"undrafted",254,"undrafted - proj undrafted"
"1162",320,"Kerrith Whyte","RB","Florida Atlantic",2019,"00-0035596",7,"222",254,"98"
"1163",321,"Matt Gay","K","Utah",2019,"00-0035269",5,"145",254,"176"
"1164",322,"LJ Scott","RB","Michigan State",2019,NA,NA,"undrafted",254,"undrafted - proj undrafted"
"1165",323,"JonVea Johnson","WR","Toledo",2019,NA,NA,"undrafted",254,"undrafted - proj undrafted"
"1166",324,"Keaton Sutherland","IOL","Texas A&M",2019,NA,NA,"undrafted",254,"undrafted - proj undrafted"
"1167",325,"Nick Easley","WR","Iowa",2019,NA,NA,"undrafted",254,"undrafted - proj undrafted"
"1168",326,"Otaro Alaka","LB","Texas A&M",2019,NA,NA,"undrafted",254,"undrafted - proj undrafted"
"1169",327,"Darryl Johnson","DL","North Carolina A&T",2019,"00-0035306",7,"225",254,"102"
"1170",328,"Reggie White","WR","Monmouth",2019,NA,NA,"undrafted",254,"undrafted - proj undrafted"
"1171",329,"Jamell Garcia-Williams","EDGE","UAB",2019,NA,NA,"undrafted",254,"undrafted - proj undrafted"
"1172",330,"Jordan Thompson","DL","Northwestern",2019,NA,NA,"undrafted",254,"undrafted - proj undrafted"
"1173",331,"Brian Peavy","CB","Iowa State",2019,NA,NA,"undrafted",254,"undrafted - proj undrafted"
"1174",332,"Ed Alexander","DL","LSU",2019,NA,NA,"undrafted",254,"undrafted - proj undrafted"
"1175",333,"Jordan Wyatt","CB","SMU",2019,NA,NA,"undrafted",254,"undrafted - proj undrafted"
"1176",334,"Ryan Pulley","CB","Arkansas",2019,NA,NA,"undrafted",254,"undrafted - proj undrafted"
"1177",335,"Felton Davis","WR","Michigan State",2019,NA,NA,"undrafted",254,"undrafted - proj undrafted"
"1178",336,"Mitch Wishnowsky","P","Utah",2019,"00-0034941",4,"110",254,"226"
"1179",337,"Clifton Duck","S","Appalachian State",2019,NA,NA,"undrafted",254,"undrafted - proj undrafted"
"1180",338,"BJ Blunt","EDGE","McNeese State",2019,NA,NA,"undrafted",254,"undrafted - proj undrafted"
"1181",339,"Jack Fox","P","Rice",2019,NA,NA,"undrafted",254,"undrafted - proj undrafted"
"1182",340,"Garrett Brumfield","IOL","LSU",2019,NA,NA,"undrafted",254,"undrafted - proj undrafted"
"1183",341,"Ryan Connelly","LB","Wisconsin",2019,"00-0035533",5,"143",254,"198"
"1184",342,"Isaiah Mack","DL","Chattanooga",2019,NA,NA,"undrafted",254,"undrafted - proj undrafted"
"1185",343,"Joe Dineen","LB","Kansas",2019,NA,NA,"undrafted",254,"undrafted - proj undrafted"
"1186",344,"Ty Johnson","RB","Maryland",2019,"00-0035537",6,"186",254,"158"
"1187",345,"Jackson Barton","OT","Utah",2019,"00-0035003",7,"240",254,"105"
"1188",346,"Stephen Denmark","CB","Valdosta State",2019,"00-0035598",7,"238",254,"108"
"1189",347,"Aaron Monteiro","OT","Boston College",2019,NA,NA,"undrafted",254,"undrafted - proj undrafted"
"1190",348,"Joe Lowery","IOL","Ohio",2019,NA,NA,"undrafted",254,"undrafted - proj undrafted"
"1191",349,"Davante Davis","CB","Texas",2019,NA,NA,"undrafted",254,"undrafted - proj undrafted"
"1192",350,"Blessuan Austin","CB","Rutgers",2019,"00-0035294",6,"196",254,"154"
"1193",351,"Devon Johnson","OT","Ferris State",2019,NA,NA,"undrafted",254,"undrafted - proj undrafted"
"1194",352,"Tyre McCants","TE","South Florida",2019,NA,NA,"undrafted",254,"undrafted - proj undrafted"
"1195",353,"JahShawn Johnson","S","Texas Tech",2019,NA,NA,"undrafted",254,"undrafted - proj undrafted"
"1196",354,"Wes Hills","RB","Slippery Rock",2019,NA,NA,"undrafted",254,"undrafted - proj undrafted"
"1197",355,"Markus Jones","DL","Angelo State",2019,NA,NA,"undrafted",254,"undrafted - proj undrafted"
"1198",356,"Jaylen Brown","WR","Louisville",2019,NA,NA,"undrafted",254,"undrafted - proj undrafted"
"1199",357,"Justin Skule","OT","Vanderbilt",2019,"00-0034989",6,"183",254,"174"
"1200",358,"Darrin Hall","RB","Pittsburgh",2019,NA,NA,"undrafted",254,"undrafted - proj undrafted"
"1201",359,"Kaden Elliss","LB","Idaho",2019,"00-0035316",7,"244",254,"115"
"1202",360,"Jalen Dalton","DL","North Carolina",2019,NA,NA,"undrafted",254,"undrafted - proj undrafted"
"1203",361,"Iosua Opeta","IOL","Weber State",2019,NA,NA,"undrafted",254,"undrafted - proj undrafted"
"1204",362,"Sam Mustipher","IOL","Notre Dame",2019,NA,NA,"undrafted",254,"undrafted - proj undrafted"
"1205",363,"Nik Needham","CB","UTEP",2019,NA,NA,"undrafted",254,"undrafted - proj undrafted"
"1206",364,"Jacob Huff","S","Minnesota",2019,NA,NA,"undrafted",254,"undrafted - proj undrafted"
"1207",365,"Kyle Phillips","DL","Tennessee",2019,NA,NA,"undrafted",254,"undrafted - proj undrafted"
"1208",366,"Nick Fitzgerald","QB","Mississippi State",2019,NA,NA,"undrafted",254,"undrafted - proj undrafted"
"1209",367,"Jonathan Crawford","S","Indiana",2019,NA,NA,"undrafted",254,"undrafted - proj undrafted"
"1210",368,"Jake Browning","QB","Washington",2019,NA,NA,"undrafted",254,"undrafted - proj undrafted"
"1211",369,"Jesse Aniebonam","EDGE","Maryland",2019,NA,NA,"undrafted",254,"undrafted - proj undrafted"
"1212",370,"Nsimba Webster","WR","Eastern Washington",2019,NA,NA,"undrafted",254,"undrafted - proj undrafted"
"1213",371,"James OHagan","IOL","Buffalo",2019,NA,NA,"undrafted",254,"undrafted - proj undrafted"
"1214",372,"Alexander Myres","CB","Houston",2019,NA,NA,"undrafted",254,"undrafted - proj undrafted"
"1215",373,"DCota Dixon","S","Wisconsin",2019,NA,NA,"undrafted",254,"undrafted - proj undrafted"
"1216",374,"Corbin Kaufusi","DL","BYU",2019,NA,NA,"undrafted",254,"undrafted - proj undrafted"
"1217",375,"Nate Brooks","CB","North Texas",2019,NA,NA,"undrafted",254,"undrafted - proj undrafted"
"1218",376,"Patrick Mekari","IOL","California",2019,NA,NA,"undrafted",254,"undrafted - proj undrafted"
"1219",377,"Jake Bailey","P","Stanford",2019,"00-0035280",5,"163",254,"214"
"1220",378,"Boogie Roberts","DL","San Jose State",2019,NA,NA,"undrafted",254,"undrafted - proj undrafted"
"1221",379,"Taylor Cornelius","QB","Oklahoma State",2019,NA,NA,"undrafted",254,"undrafted - proj undrafted"
"1222",380,"EJ Ejiya","LB","North Texas",2019,NA,NA,"undrafted",254,"undrafted - proj undrafted"
"1223",381,"Ray Smith","DL","Boston College",2019,NA,NA,"undrafted",254,"undrafted - proj undrafted"
"1224",382,"Taryn Christion","QB","South Dakota State",2019,NA,NA,"undrafted",254,"undrafted - proj undrafted"
"1225",383,"Donovan Wilson","S","Texas A&M",2019,"00-0035301",6,"213",254,"170"
"1226",384,"Rashad Fenton","CB","South Carolina",2019,"00-0035147",6,"201",254,"183"
"1227",385,"Nick Brossette","RB","LSU",2019,NA,NA,"undrafted",254,"undrafted - proj undrafted"
"1228",386,"Tevis Bartlett","EDGE","Washington",2019,NA,NA,"undrafted",254,"undrafted - proj undrafted"
"1229",387,"Isaiah Wharton","CB","Rutgers",2019,NA,NA,"undrafted",254,"undrafted - proj undrafted"
"1230",388,"John Keenoy","IOL","Western Michigan",2019,NA,NA,"undrafted",254,"undrafted - proj undrafted"
"1231",389,"Chandler Cox","RB","Auburn",2019,"00-0035310",7,"233",254,"156"
"1232",390,"Calvin Anderson","OT","Texas",2019,NA,NA,"undrafted",254,"undrafted - proj undrafted"
"1233",391,"Daniel Helm","TE","Duke",2019,NA,NA,"undrafted",254,"undrafted - proj undrafted"
"1234",392,"Ben Humphreys","LB","Duke",2019,NA,NA,"undrafted",254,"undrafted - proj undrafted"
"1235",393,"Ryan Pope","OT","San Diego State",2019,NA,NA,"undrafted",254,"undrafted - proj undrafted"
"1236",394,"Cole Tracy","K","LSU",2019,NA,NA,"undrafted",254,"undrafted - proj undrafted"
"1237",395,"Jerome Washington","TE","Rutgers",2019,NA,NA,"undrafted",254,"undrafted - proj undrafted"
"1238",396,"Gerri Green","DL","Mississippi State",2019,"00-0034997",6,"199",254,"197"
"1239",397,"Youhanna Ghaifan","DL","Wyoming",2019,NA,NA,"undrafted",254,"undrafted - proj undrafted"
"1240",398,"Derick Roberson","EDGE","Sam Houston State",2019,NA,NA,"undrafted",254,"undrafted - proj undrafted"
"1241",399,"Luke Gifford","EDGE","Nebraska",2019,NA,NA,"undrafted",254,"undrafted - proj undrafted"
"1242",400,"Lester Cotton","IOL","Alabama",2019,NA,NA,"undrafted",254,"undrafted - proj undrafted"
"1243",401,"Cameron Glenn","S","Wake Forest",2019,NA,NA,"undrafted",254,"undrafted - proj undrafted"
"1244",402,"Austin Seibert","K","Oklahoma",2019,"00-0035145",5,"170",254,"232"
"1245",403,"Tariq Cole","OT","Rutgers",2019,NA,NA,"undrafted",254,"undrafted - proj undrafted"
"1246",404,"Landis Durham","EDGE","Texas A&M",2019,NA,NA,"undrafted",254,"undrafted - proj undrafted"
"1247",405,"Wyatt Miller","OT","UCF",2019,NA,NA,"undrafted",254,"undrafted - proj undrafted"
"1248",406,"Alijah Holder","CB","Stanford",2019,NA,NA,"undrafted",254,"undrafted - proj undrafted"
"1249",407,"Charles Wright","EDGE","Vanderbilt",2019,NA,NA,"undrafted",254,"undrafted - proj undrafted"
"1250",408,"John Baron","K","San Diego State",2019,NA,NA,"undrafted",254,"undrafted - proj undrafted"
"1251",409,"Koa Farmer","LB","Penn State",2019,NA,NA,"undrafted",254,"undrafted - proj undrafted"
"1252",410,"David Blough","QB","Purdue",2019,NA,NA,"undrafted",254,"undrafted - proj undrafted"
"1253",411,"Jordan Sims","IOL","Mississippi",2019,NA,NA,"undrafted",254,"undrafted - proj undrafted"
"1254",412,"Nyqwan Murray","WR","Florida State",2019,NA,NA,"undrafted",254,"undrafted - proj undrafted"
"1255",413,"Justice Hansen","QB","Arkansas State",2019,NA,NA,"undrafted",254,"undrafted - proj undrafted"
"1256",414,"Tyler Petite","TE","USC",2019,NA,NA,"undrafted",254,"undrafted - proj undrafted"
"1257",415,"Alex Wesley","WR","Northern Colorado",2019,NA,NA,"undrafted",254,"undrafted - proj undrafted"
"1258",416,"CeCe Jefferson","EDGE","Florida",2019,NA,NA,"undrafted",254,"undrafted - proj undrafted"
"1259",417,"James Gardner","WR","Miami (OH)",2019,NA,NA,"undrafted",254,"undrafted - proj undrafted"
"1260",418,"Marquise Copeland","DL","Cincinnati",2019,NA,NA,"undrafted",254,"undrafted - proj undrafted"
"1261",419,"Jalen Young","S","Florida Atlantic",2019,NA,NA,"undrafted",254,"undrafted - proj undrafted"
"1262",420,"Olive Sagapolu","DL","Wisconsin",2019,NA,NA,"undrafted",254,"undrafted - proj undrafted"
"1263",421,"Jovon Durante","WR","Florida Atlantic",2019,NA,NA,"undrafted",254,"undrafted - proj undrafted"
"1264",422,"Austin Cutting","LS","Air Force",2019,"00-0035709",7,"250",254,"172"
"1265",423,"Joshua Miles","OT","Morgan State",2019,"00-0035317",7,"248",254,"175"
"1266",424,"Bisi Johnson","WR","Colorado State",2019,NA,NA,"undrafted",254,"undrafted - proj undrafted"
"1267",425,"Nick Scott","S","Penn State",2019,"00-0035669",7,"243",254,"182"
"1268",426,"John Ursua","WR","Hawaii",2019,"00-0035597",7,"236",254,"190"
"1269",427,"George Asafo-Adjei","OT","Kentucky",2019,"00-0035001",7,"232",254,"195"
"1270",428,"Quinton Bell","DL","Prairie View A&M",2019,"00-0035000",7,"230",254,"198"
"1271",429,"PJ Johnson","DL","Arizona",2019,"00-0035540",7,"229",254,"200"
"1272",430,"Cullen Gillaspia","RB","Texas A&M",2019,"00-0035304",7,"220",254,"210"
"1273",431,"Nick Allegretti","IOL","Illinois",2019,"00-0035149",7,"216",254,"215"
"1274",432,"Scott Miller","WR","Bowling Green",2019,"00-0035298",6,"208",254,"224"
"1275",433,"Marcus Green","WR","Louisiana-Monroe",2019,"00-0035296",6,"203",254,"230"
"1276",434,"Marcus Epps","S","Wyoming",2019,"00-0034993",6,"191",254,"243"
"1277",435,"Juwann Winfree","WR","Colorado",2019,"00-0035593",6,"187",254,"248"
"1278",436,"EJ Speed","LB","Tarleton State",2019,"00-0034987",5,"164",254,"272"
"1279",437,"Wes Martin","IOL","Indiana",2019,"00-0035263",4,"131",254,"306"
"1280",438,"Quincy Williams","LB","Murray State",2019,"00-0035680",3,"98",254,"340"
"1281",439,"Jordan Jones","LB","Kentucky",2019,NA,NA,"undrafted",254,"undrafted - proj undrafted"
"1282",440,"TJ Rahming","WR","Duke",2019,NA,NA,"undrafted",254,"undrafted - proj undrafted"
"1283",441,"Nick Moore","LS","Georgia",2019,NA,NA,"undrafted",254,"undrafted - proj undrafted"
"1284",442,"Jeff Allison","LB","Fresno State",2019,NA,NA,"undrafted",254,"undrafted - proj undrafted"
"1285",443,"Dan Godsil","LS","Indiana",2019,NA,NA,"undrafted",254,"undrafted - proj undrafted"
"1286",444,"Sean Rawlings","IOL","Mississippi",2019,NA,NA,"undrafted",254,"undrafted - proj undrafted"
"1287",445,"Bryson Allen-Williams","LB","South Carolina",2019,NA,NA,"undrafted",254,"undrafted - proj undrafted"
"1288",446,"Ethan Greenidge","IOL","Villanova",2019,NA,NA,"undrafted",254,"undrafted - proj undrafted"
"1289",447,"Terez Hall","LB","Missouri",2019,NA,NA,"undrafted",254,"undrafted - proj undrafted"
"1290",448,"Azeez Al-Shaair","LB","Florida Atlantic",2019,NA,NA,"undrafted",254,"undrafted - proj undrafted"
"1291",449,"Nate Hall","LB","Northwestern",2019,NA,NA,"undrafted",254,"undrafted - proj undrafted"
"1292",450,"Ahmmon Richards","WR","Miami (FL)",2019,NA,NA,"undrafted",254,"undrafted - proj undrafted"
"1293",451,"Devin Studstill","S","Notre Dame",2019,NA,NA,"undrafted",254,"undrafted - proj undrafted"
"1294",452,"Kendall Baker","IOL","Georgia",2019,NA,NA,"undrafted",254,"undrafted - proj undrafted"
"1295",453,"Jamarius Way","WR","South Alabama",2019,NA,NA,"undrafted",254,"undrafted - proj undrafted"
"1296",454,"Andre James","OT","UCLA",2019,NA,NA,"undrafted",254,"undrafted - proj undrafted"
"1297",455,"Zack Bailey","IOL","South Carolina",2019,NA,NA,"undrafted",254,"undrafted - proj undrafted"
"1298",456,"Mook Reynolds","CB","Virginia Tech",2019,NA,NA,"undrafted",254,"undrafted - proj undrafted"
"1299",457,"Jaylen Smith","WR","Louisville",2019,NA,NA,"undrafted",254,"undrafted - proj undrafted"
"1300",458,"Brandon Knight","OT","Indiana",2019,NA,NA,"undrafted",254,"undrafted - proj undrafted"
"1301",459,"Marcus Norman","OT","South Florida",2019,NA,NA,"undrafted",254,"undrafted - proj undrafted"
"1302",460,"Mark McLaurin","S","Mississippi State",2019,NA,NA,"undrafted",254,"undrafted - proj undrafted"
"1303",461,"John Lovett","QB","Princeton",2019,NA,NA,"undrafted",254,"undrafted - proj undrafted"
"1304",462,"Kendall Blanton","TE","Missouri",2019,NA,NA,"undrafted",254,"undrafted - proj undrafted"
"1305",463,"John Battle","S","LSU",2019,NA,NA,"undrafted",254,"undrafted - proj undrafted"
"1306",464,"Malik Fountain","LB","Central Michigan",2019,NA,NA,"undrafted",254,"undrafted - proj undrafted"
"1307",465,"Emmanuel Butler","WR","Northern Arizona",2019,NA,NA,"undrafted",254,"undrafted - proj undrafted"
"1308",466,"Kyle Kempt","QB","Iowa State",2019,NA,NA,"undrafted",254,"undrafted - proj undrafted"
"1309",1,"Joe Burrow","QB","LSU",2020,"00-0036442",1,"1",255,"0"
"1310",2,"Chase Young","EDGE","Ohio State",2020,"00-0036321",1,"2",255,"0"
"1311",3,"Jeffrey Okudah","CB","Ohio State",2020,NA,NA,"undrafted",255,"undrafted - proj drafted"
"1312",4,"Tua Tagovailoa","QB","Alabama",2020,"00-0036212",1,"5",255,"-1"
"1313",5,"Isaiah Simmons","LB","Clemson",2020,"00-0036356",1,"8",255,"-3"
"1314",6,"Justin Herbert","QB","Oregon",2020,"00-0036355",1,"6",255,"0"
"1315",7,"Tristan Wirfs","OT","Iowa",2020,"00-0036406",1,"13",255,"-6"
"1316",8,"Derrick Brown","DL","Auburn",2020,"00-0036220",1,"7",255,"1"
"1317",9,"Jedrick Wills","OT","Alabama",2020,"00-0036267",1,"10",255,"-1"
"1318",10,"Andrew Thomas","OT","Georgia",2020,"00-0036386",1,"4",255,"6"
"1319",11,"Mekhi Becton","OT","Louisville",2020,"00-0036284",1,"11",255,"0"
"1320",12,"Jerry Jeudy","WR","Alabama",2020,"00-0036407",1,"15",255,"-3"
"1321",13,"CeeDee Lamb","WR","Oklahoma",2020,"00-0036358",1,"17",255,"-4"
"1322",14,"CJ Henderson","CB","Florida",2020,"00-0036281",1,"9",255,"5"
"1323",15,"Henry Ruggs","WR","Alabama",2020,"00-0036357",1,"12",255,"3"
"1324",16,"Javon Kinlaw","DL","South Carolina",2020,"00-0036260",1,"14",255,"2"
"1325",17,"KLavon Chaisson","EDGE","LSU",2020,"00-0036286",1,"20",255,"-3"
"1326",18,"Justin Jefferson","WR","LSU",2020,"00-0036322",1,"22",255,"-4"
"1327",19,"Kenneth Murray","LB","Oklahoma",2020,"00-0036441",1,"23",255,"-4"
"1328",20,"Josh Jones","OT","Houston",2020,"00-0036363",3,"72",255,"-52"
"1329",21,"Patrick Queen","LB","LSU",2020,"00-0036323",1,"28",255,"-7"
"1330",22,"Xavier McKinney","S","Alabama",2020,"00-0036388",2,"36",255,"-14"
"1331",23,"Jordan Love","QB","Utah State",2020,"00-0036264",1,"26",255,"-3"
"1332",24,"Kristian Fulton","CB","LSU",2020,"00-0036416",2,"61",255,"-37"
"1333",25,"AJ Terrell","CB","Clemson",2020,"00-0036285",1,"16",255,"9"
"1334",26,"Yetur Gross-Matos","EDGE","Penn State",2020,"00-0036288",2,"38",255,"-12"
"1335",27,"AJ Epenesa","EDGE","Iowa",2020,"00-0036192",2,"54",255,"-27"
"1336",28,"Austin Jackson","OT","USC",2020,"00-0036248",1,"18",255,"10"
"1337",29,"Denzel Mims","WR","Baylor",2020,"00-0036255",2,"59",255,"-30"
"1338",30,"Trevon Diggs","CB","Alabama",2020,"00-0036361",2,"51",255,"-21"
"1339",31,"Cesar Ruiz","IOL","Michigan",2020,"00-0036408",1,"24",255,"7"
"1340",32,"Jeff Gladney","CB","TCU",2020,"00-0036324",1,"31",255,"1"
"1341",33,"Jaylon Johnson","CB","Utah",2020,"00-0036292",2,"50",255,"-17"
"1342",34,"Brandon Aiyuk","WR","Arizona State",2020,"00-0036261",1,"25",255,"9"
"1343",35,"DAndre Swift","RB","Georgia",2020,"00-0036275",2,"35",255,"0"
"1344",36,"Ezra Cleveland","OT","Boise State",2020,"00-0036327",2,"58",255,"-22"
"1345",37,"Tee Higgins","WR","Clemson",2020,"00-0036410",2,"33",255,"4"
"1346",38,"Zack Baun","LB","Wisconsin",2020,"00-0036418",3,"74",255,"-36"
"1347",39,"Jalen Reagor","WR","TCU",2020,"00-0036387",1,"21",255,"18"
"1348",40,"Isaiah Wilson","OT","Georgia",2020,"00-0036445",1,"29",255,"11"
"1349",41,"Ross Blacklock","DL","TCU",2020,"00-0036289",2,"40",255,"1"
"1350",42,"Grant Delpit","S","LSU",2020,"00-0036282",2,"44",255,"-2"
"1351",43,"Antoine Winfield","S","Minnesota",2020,"00-0036411",2,"45",255,"-2"
"1352",44,"Jonathan Taylor","RB","Wisconsin",2020,"00-0036223",2,"41",255,"3"
"1353",45,"Laviska Shenault","WR","Colorado",2020,"00-0036268",2,"42",255,"3"
"1354",46,"Marlon Davidson","DL","Auburn",2020,"00-0036291",2,"47",255,"-1"
"1355",47,"Jeremy Chinn","S","Southern Illinois",2020,"00-0036293",2,"64",255,"-17"
"1356",48,"Noah Igbinoghene","CB","Auburn",2020,"00-0036287",1,"30",255,"18"
"1357",49,"JK Dobbins","RB","Ohio State",2020,"00-0036158",2,"55",255,"-6"
"1358",50,"Neville Gallimore","DL","Oklahoma",2020,"00-0036366",3,"82",255,"-32"
"1359",51,"Justin Madubuike","DL","Texas A&M",2020,NA,NA,"undrafted",255,"undrafted - proj drafted"
"1360",52,"Terrell Lewis","EDGE","Alabama",2020,"00-0036419",3,"84",255,"-32"
"1361",53,"Clyde Edwards-Helaire","RB","LSU",2020,"00-0036360",1,"32",255,"21"
"1362",54,"Cole Kmet","TE","Notre Dame",2020,"00-0036290",2,"43",255,"11"
"1363",55,"Michael Pittman","WR","USC",2020,"00-0036252",2,"34",255,"21"
"1364",56,"Jordyn Brooks","LB","Texas Tech",2020,"00-0036409",1,"27",255,"29"
"1365",57,"Lloyd Cushenberry","IOL","LSU",2020,"00-0036391",3,"83",255,"-26"
"1366",58,"Damon Arnette","CB","Ohio State",2020,"00-0036359",1,"19",255,"39"
"1367",59,"Josh Uche","EDGE","Michigan",2020,"00-0036159",2,"60",255,"-1"
"1368",60,"Curtis Weaver","EDGE","Boise State",2020,"00-0036216",5,"164",255,"-104"
"1369",61,"KJ Hamler","WR","Penn State",2020,"00-0036412",2,"46",255,"15"
"1370",62,"Robert Hunt","IOL","Louisiana-Lafayette",2020,"00-0036325",2,"39",255,"23"
"1371",63,"Cameron Dantzler","CB","Mississippi State",2020,"00-0036330",3,"89",255,"-26"
"1372",64,"Julian Okwara","EDGE","Notre Dame",2020,"00-0036249",3,"67",255,"-3"
"1373",65,"Jacob Eason","QB","Washington",2020,"00-0036226",4,"122",255,"-57"
"1374",66,"Chase Claypool","WR","Notre Dame",2020,"00-0036326",2,"49",255,"17"
"1375",67,"Lucas Niang","OT","TCU",2020,"00-0036367",3,"96",255,"-29"
"1376",68,"Ashtyn Davis","S","California",2020,"00-0036329",3,"68",255,"0"
"1377",69,"Matt Hennessy","IOL","Temple",2020,"00-0036295",3,"78",255,"-9"
"1378",70,"Raekwon Davis","DL","Alabama",2020,"00-0036213",2,"56",255,"14"
"1379",71,"Cam Akers","RB","Florida State",2020,"00-0036414",2,"52",255,"19"
"1380",72,"Kyle Dugger","S","Lenoir-Rhyne",2020,"00-0036231",2,"37",255,"35"
"1381",73,"Jalen Hurts","QB","Oklahoma",2020,"00-0036389",2,"53",255,"20"
"1382",74,"Malik Harrison","LB","Ohio State",2020,"00-0036280",3,"98",255,"-24"
"1383",75,"Bryce Hall","CB","Virginia",2020,"00-0036241",5,"158",255,"-83"
"1384",76,"Willie Gay","LB","Mississippi State",2020,"00-0036362",2,"63",255,"13"
"1385",77,"Tyler Biadasz","IOL","Wisconsin",2020,"00-0036376",4,"146",255,"-69"
"1386",78,"Netane Muti","IOL","Fresno State",2020,"00-0036399",6,"181",255,"-103"
"1387",79,"Matt Peart","OT","UConn",2020,"00-0036392",3,"99",255,"-20"
"1388",80,"Prince Tega Wanogho","OT","Auburn",2020,"00-0036230",6,"210",255,"-130"
"1389",81,"Darrell Taylor","EDGE","Tennessee",2020,"00-0036413",2,"48",255,"33"
"1390",82,"Jonah Jackson","IOL","Ohio State",2020,"00-0036258",3,"75",255,"7"
"1391",83,"Adam Trautman","TE","Dayton",2020,"00-0036422",3,"105",255,"-22"
"1392",84,"Jordan Elliott","DL","Missouri",2020,"00-0036266",3,"88",255,"-4"
"1393",85,"Akeem Davis-Gaither","LB","Appalachian State",2020,"00-0036298",4,"107",255,"-22"
"1394",86,"Bradlee Anae","EDGE","Utah",2020,"00-0036379",5,"179",255,"-93"
"1395",87,"Jonathan Greenard","EDGE","Florida",2020,"00-0036224",3,"90",255,"-3"
"1396",88,"Terrell Burgess","S","Utah",2020,"00-0036421",3,"104",255,"-16"
"1397",89,"Donovan Peoples-Jones","WR","Michigan",2020,"00-0036233",6,"187",255,"-98"
"1398",90,"Bryan Edwards","WR","South Carolina",2020,"00-0036365",3,"81",255,"9"
"1399",91,"Zack Moss","RB","Utah",2020,"00-0036251",3,"86",255,"5"
"1400",92,"Nick Harris","IOL","Washington",2020,"00-0036236",5,"160",255,"-68"
"1401",93,"Brycen Hopkins","TE","Purdue",2020,"00-0036424",4,"136",255,"-43"
"1402",94,"Van Jefferson","WR","Florida",2020,"00-0036415",2,"57",255,"37"
"1403",95,"Damien Lewis","IOL","LSU",2020,"00-0036417",3,"69",255,"26"
"1404",96,"Jabari Zuniga","EDGE","Florida",2020,"00-0036296",3,"79",255,"17"
"1405",97,"Logan Wilson","LB","Wyoming",2020,"00-0036294",3,"65",255,"32"
"1406",98,"Troy Pride","CB","Notre Dame",2020,"00-0036299",4,"113",255,"-15"
"1407",99,"Jake Fromm","QB","Georgia",2020,"00-0036197",5,"167",255,"-68"
"1408",100,"Ben Bartch","OT","Saint John's (MN)",2020,"00-0036272",4,"116",255,"-16"
"1409",101,"Amik Robertson","CB","Louisiana Tech",2020,"00-0036375",4,"139",255,"-38"
"1410",102,"Hunter Bryant","TE","Washington",2020,NA,NA,"undrafted",255,"undrafted - proj drafted"
"1411",103,"Saahdiq Charles","OT","LSU",2020,"00-0036334",4,"108",255,"-5"
"1412",104,"Troy Dye","LB","Oregon",2020,"00-0036338",4,"132",255,"-28"
"1413",105,"Tyler Johnson","WR","Minnesota",2020,"00-0036427",5,"161",255,"-56"
"1414",106,"Harrison Bryant","TE","Florida Atlantic",2020,"00-0036232",4,"115",255,"-9"
"1415",107,"Davon Hamilton","DL","Ohio State",2020,"00-0036262",3,"73",255,"34"
"1416",108,"Lynn Bowden","WR","Kentucky",2020,"00-0036364",3,"80",255,"28"
"1417",109,"Antonio Gibson","RB","Memphis",2020,"00-0036328",3,"66",255,"43"
"1418",110,"Darrynton Evans","RB","Appalachian State",2020,"00-0036297",3,"93",255,"17"
"1419",111,"Darnay Holmes","CB","UCLA",2020,"00-0036394",4,"110",255,"1"
"1420",112,"Alton Robinson","EDGE","Syracuse",2020,"00-0036426",5,"148",255,"-36"
"1421",113,"KVon Wallace","S","Clemson",2020,"00-0036395",4,"127",255,"-14"
"1422",114,"Khalid Kareem","EDGE","Notre Dame",2020,"00-0036341",5,"147",255,"-33"
"1423",115,"KJ Hill","WR","Ohio State",2020,"00-0036382",7,"220",255,"-105"
"1424",116,"James Lynch","DL","Baylor",2020,"00-0036337",4,"130",255,"-14"
"1425",117,"Michael Ojemudia","CB","Iowa",2020,"00-0036390",3,"77",255,"40"
"1426",118,"Devin Duvernay","WR","Texas",2020,"00-0036331",3,"92",255,"26"
"1427",119,"Brandon Jones","S","Texas",2020,"00-0036221",3,"70",255,"49"
"1428",120,"Eno Benjamin","RB","Arizona State",2020,"00-0036383",7,"222",255,"-102"
"1429",121,"John Simpson","IOL","Clemson",2020,"00-0036369",4,"109",255,"12"
"1430",122,"Ben Bredeson","IOL","Michigan",2020,"00-0036132",4,"143",255,"-21"
"1431",123,"Rashard Lawrence","DL","LSU",2020,"00-0036373",4,"131",255,"-8"
"1432",124,"Shane Lemieux","IOL","Oregon",2020,"00-0036397",5,"150",255,"-26"
"1433",125,"Solomon Kindley","IOL","Georgia",2020,"00-0036131",4,"111",255,"14"
"1434",126,"Alex Highsmith","EDGE","Charlotte",2020,"00-0036333",3,"102",255,"24"
"1435",127,"Jack Driscoll","OT","Auburn",2020,"00-0036396",4,"145",255,"-18"
"1436",128,"Anfernee Jennings","EDGE","Alabama",2020,"00-0036193",3,"87",255,"41"
"1437",129,"Reggie Robinson","CB","Tulsa",2020,"00-0036372",4,"123",255,"6"
"1438",130,"Larrell Murchison","DL","NC State",2020,"00-0036237",5,"174",255,"-44"
"1439",131,"Antonio Gandy-Golden","WR","Liberty",2020,"00-0036340",4,"142",255,"-11"
"1440",132,"Jason Strowbridge","DL","North Carolina",2020,"00-0036160",5,"154",255,"-22"
"1441",133,"Albert Okwuegbunam","TE","Missouri",2020,"00-0036423",4,"118",255,"15"
"1442",134,"Charlie Heck","OT","North Carolina",2020,"00-0036195",4,"126",255,"8"
"1443",135,"Leki Fotu","DL","Utah",2020,"00-0036371",4,"114",255,"21"
"1444",136,"Davion Taylor","LB","Colorado",2020,"00-0036393",3,"103",255,"33"
"1445",137,"Hakeem Adeniji","OT","Kansas",2020,"00-0036310",6,"180",255,"-43"
"1446",138,"Devin Asiasi","TE","UCLA",2020,"00-0036194",3,"91",255,"47"
"1447",139,"John Hightower","WR","Boise State",2020,"00-0036398",5,"168",255,"-29"
"1448",140,"AJ Dillon","RB","Boston College",2020,"00-0036265",2,"62",255,"78"
"1449",141,"McTelvin Agim","DL","Arkansas",2020,"00-0036420",3,"95",255,"46"
"1450",142,"Thaddeus Moss","TE","LSU",2020,NA,NA,"undrafted",255,"undrafted - proj drafted"
"1451",143,"Gabriel Davis","WR","UCF",2020,"00-0036196",4,"128",255,"15"
"1452",144,"James Morgan","QB","Florida International",2020,"00-0036301",4,"125",255,"19"
"1453",145,"Evan Weaver","LB","California",2020,"00-0036381",6,"202",255,"-57"
"1454",146,"Ke'Shawn Vaughn","RB","Vanderbilt",2020,NA,NA,"undrafted",255,"undrafted - proj drafted"
"1455",147,"Logan Stenberg","IOL","Kentucky",2020,"00-0036234",4,"121",255,"26"
"1456",148,"Markus Bailey","LB","Purdue",2020,"00-0036314",7,"215",255,"-67"
"1457",149,"Julian Blackmon","S","Utah",2020,"00-0036253",3,"85",255,"64"
"1458",150,"Kenny Willekes","EDGE","Michigan State",2020,"00-0036350",7,"225",255,"-75"
"1459",151,"Quartney Davis","WR","Texas A&M",2020,NA,NA,"undrafted",255,"undrafted - proj drafted"
"1460",152,"Alohi Gilman","S","Notre Dame",2020,"00-0036380",6,"186",255,"-34"
"1461",153,"Isaiah Hodgins","WR","Oregon State",2020,"00-0036165",6,"207",255,"-54"
"1462",154,"Trevis Gipson","EDGE","Tulsa",2020,"00-0036305",5,"155",255,"-1"
"1463",155,"Kenny Robinson","S","West Virginia",2020,"00-0036283",5,"152",255,"3"
"1464",156,"Joe Bachie","LB","Michigan State",2020,NA,NA,"undrafted",255,"undrafted - proj drafted"
"1465",157,"Lamar Jackson","CB","Nebraska",2020,NA,NA,"undrafted",255,"undrafted - proj drafted"
"1466",158,"Justin Strnad","LB","Wake Forest",2020,"00-0036428",5,"178",255,"-20"
"1467",159,"Collin Johnson","WR","Texas",2020,"00-0036254",5,"165",255,"-6"
"1468",160,"Anthony Gordon","QB","Washington State",2020,NA,NA,"undrafted",255,"undrafted - proj drafted"
"1469",161,"Geno Stone","S","Iowa",2020,"00-0036199",7,"219",255,"-58"
"1470",162,"Jacob Phillips","LB","LSU",2020,"00-0036276",3,"97",255,"65"
"1471",163,"James Proche","WR","SMU",2020,"00-0036133",6,"201",255,"-38"
"1472",164,"Anthony McFarland","RB","Maryland",2020,"00-0036336",4,"124",255,"40"
"1473",165,"Jauan Jennings","WR","Tennessee",2020,"00-0036259",7,"217",255,"-52"
"1474",166,"LaMical Perine","RB","Florida",2020,"00-0036269",4,"120",255,"46"
"1475",167,"Quintez Cephus","WR","Wisconsin",2020,"00-0036277",5,"166",255,"1"
"1476",168,"Michael Onwenu","IOL","Michigan",2020,"00-0036198",6,"182",255,"-14"
"1477",169,"Isaiah Coulter","WR","Rhode Island",2020,"00-0036308",5,"171",255,"-2"
"1478",170,"Josiah Scott","CB","Michigan State",2020,"00-0036303",4,"137",255,"33"
"1479",171,"Antoine Brooks","S","Maryland",2020,"00-0036346",6,"198",255,"-27"
"1480",172,"Cameron Clark","IOL","Charlotte",2020,"00-0036263",4,"129",255,"43"
"1481",173,"Colby Parkinson","TE","Stanford",2020,"00-0036244",4,"133",255,"40"
"1482",174,"Josiah Deguara","TE","Cincinnati",2020,"00-0036332",3,"94",255,"80"
"1483",175,"Joshua Kelley","RB","UCLA",2020,"00-0036370",4,"112",255,"63"
"1484",176,"Trey Adams","OT","Washington",2020,NA,NA,"undrafted",255,"undrafted - proj drafted"
"1485",177,"Dane Jackson","CB","Pittsburgh",2020,"00-0036166",7,"239",255,"-62"
"1486",178,"Kevin Dotson","IOL","Louisiana-Lafayette",2020,"00-0036339",4,"135",255,"43"
"1487",179,"Alex Taylor","OT","South Carolina State",2020,NA,NA,"undrafted",255,"undrafted - proj drafted"
"1488",180,"David Woodward","LB","Utah State",2020,NA,NA,"undrafted",255,"undrafted - proj drafted"
"1489",181,"JR Reed","S","Georgia",2020,NA,NA,"undrafted",255,"undrafted - proj drafted"
"1490",182,"Cole McDonald","QB","Hawaii",2020,NA,7,"224",255,"-42"
"1491",183,"Khalil Davis","DL","Nebraska",2020,"00-0036430",6,"194",255,"-11"
"1492",184,"Tanner Muse","S","Clemson",2020,"00-0036368",3,"100",255,"84"
"1493",185,"Harrison Hand","CB","Temple",2020,"00-0036344",5,"169",255,"16"
"1494",186,"John Reid","CB","Penn State",2020,"00-0036304",4,"141",255,"45"
"1495",187,"Cheyenne OGrady","TE","Arkansas",2020,NA,NA,"undrafted",255,"undrafted - proj drafted"
"1496",188,"Shaquille Quarterman","LB","Miami (FL)",2020,"00-0036235",4,"140",255,"48"
"1497",189,"Darryl Williams","IOL","Mississippi State",2020,NA,NA,"undrafted",255,"undrafted - proj drafted"
"1498",190,"AJ Green","CB","Oklahoma State",2020,NA,NA,"undrafted",255,"undrafted - proj drafted"
"1499",191,"Jonathan Garvin","EDGE","Miami (FL)",2020,"00-0036239",7,"242",255,"-51"
"1500",192,"Javaris Davis","CB","Auburn",2020,NA,NA,"undrafted",255,"undrafted - proj drafted"
"1501",193,"Jared Pinkney","TE","Vanderbilt",2020,NA,NA,"undrafted",255,"undrafted - proj drafted"
"1502",194,"Derrek Tuszka","EDGE","North Dakota State",2020,"00-0036440",7,"254",255,"-60"
"1503",195,"Dalton Keene","TE","Virginia Tech",2020,"00-0036225",3,"101",255,"94"
"1504",196,"Bravvion Roy","DL","Baylor",2020,"00-0036311",6,"184",255,"12"
"1505",197,"Raequan Williams","DL","Michigan State",2020,NA,NA,"undrafted",255,"undrafted - proj drafted"
"1506",198,"Calvin Throckmorton","IOL","Oregon",2020,NA,NA,"undrafted",255,"undrafted - proj drafted"
"1507",199,"Benito Jones","DL","Mississippi",2020,NA,NA,"undrafted",255,"undrafted - proj drafted"
"1508",200,"Essang Bassey","CB","Wake Forest",2020,NA,NA,"undrafted",255,"undrafted - proj drafted"
"1509",201,"Keith Ismael","IOL","San Diego State",2020,"00-0036342",5,"156",255,"45"
"1510",202,"LJarius Sneed","CB","Louisiana Tech",2020,"00-0036374",4,"138",255,"64"
"1511",203,"Javelin Guidry","CB","Utah",2020,NA,NA,"undrafted",255,"undrafted - proj drafted"
"1512",204,"Terence Steele","OT","Texas Tech",2020,NA,NA,"undrafted",255,"undrafted - proj drafted"
"1513",205,"Stephen Sullivan","TE","LSU",2020,"00-0036438",7,"251",255,"-46"
"1514",206,"Yasir Durant","OT","Missouri",2020,NA,NA,"undrafted",255,"undrafted - proj drafted"
"1515",207,"Trajan Bandy","CB","Miami (FL)",2020,NA,NA,"undrafted",255,"undrafted - proj drafted"
"1516",208,"Kyle Murphy","IOL","Rhode Island",2020,NA,NA,"undrafted",255,"undrafted - proj drafted"
"1517",209,"Tyre Phillips","IOL","Mississippi State",2020,"00-0036214",3,"106",255,"103"
"1518",210,"Francis Bernard","LB","Utah",2020,NA,NA,"undrafted",255,"undrafted - proj drafted"
"1519",211,"Joe Reed","WR","Virginia",2020,"00-0036377",5,"151",255,"60"
"1520",212,"Justin Herron","OT","Wake Forest",2020,"00-0036163",6,"195",255,"17"
"1521",213,"Cameron Brown","LB","Penn State",2020,NA,NA,"undrafted",255,"undrafted - proj drafted"
"1522",214,"Khaleke Hudson","S","Michigan",2020,"00-0036343",5,"162",255,"52"
"1523",215,"Jake Luton","QB","Oregon State",2020,"00-0036312",6,"189",255,"26"
"1524",216,"Jon Runyan","OT","Michigan",2020,"00-0036246",6,"192",255,"24"
"1525",217,"Kindle Vildor","CB","Georgia Southern",2020,"00-0036307",5,"163",255,"54"
"1526",218,"Jalen Elliott","S","Notre Dame",2020,NA,NA,"undrafted",255,"undrafted - proj drafted"
"1527",219,"Nick Coe","DL","Auburn",2020,NA,NA,"undrafted",255,"undrafted - proj drafted"
"1528",220,"Darnell Mooney","WR","Tulane",2020,"00-0036309",5,"173",255,"47"
"1529",221,"Myles Bryant","CB","Washington",2020,NA,NA,"undrafted",255,"undrafted - proj drafted"
"1530",222,"Kamal Martin","LB","Minnesota",2020,"00-0036270",5,"175",255,"47"
"1531",223,"Colton McKivitz","OT","West Virginia",2020,"00-0036256",5,"153",255,"70"
"1532",224,"Jacob Breeland","TE","Oregon",2020,NA,NA,"undrafted",255,"undrafted - proj drafted"
"1533",225,"Danny Pinter","IOL","Ball State",2020,"00-0036215",5,"149",255,"76"
"1534",226,"Michael Warren","RB","Cincinnati",2020,NA,NA,"undrafted",255,"undrafted - proj drafted"
"1535",227,"DJ Wonnum","EDGE","South Carolina",2020,"00-0036335",4,"117",255,"110"
"1536",228,"Binjimen Victor","WR","Ohio State",2020,NA,NA,"undrafted",255,"undrafted - proj drafted"
"1537",229,"Carter Coughlin","EDGE","Minnesota",2020,"00-0036402",7,"218",255,"11"
"1538",230,"Jake Hanson","IOL","Oregon",2020,"00-0036273",6,"208",255,"22"
"1539",231,"Quez Watkins","WR","Southern Miss",2020,"00-0036271",6,"200",255,"31"
"1540",232,"James Robinson","RB","Illinois State",2020,NA,NA,"undrafted",255,"undrafted - proj drafted"
"1541",233,"Nate Stanley","QB","Iowa",2020,"00-0036279",7,"244",255,"-11"
"1542",234,"Shyheim Carter","S","Alabama",2020,NA,NA,"undrafted",255,"undrafted - proj drafted"
"1543",235,"Kamren Curl","S","Arkansas",2020,"00-0036349",7,"216",255,"19"
"1544",236,"Josh Metellus","S","Michigan",2020,"00-0036348",6,"205",255,"31"
"1545",237,"Darius Anderson","RB","TCU",2020,NA,NA,"undrafted",255,"undrafted - proj drafted"
"1546",238,"Mykal Walker","LB","Fresno State",2020,"00-0036300",4,"119",255,"119"
"1547",239,"Lavert Hill","CB","Michigan",2020,NA,NA,"undrafted",255,"undrafted - proj drafted"
"1548",240,"Steven Montez","QB","Colorado",2020,NA,NA,"undrafted",255,"undrafted - proj drafted"
"1549",241,"Oluwole Betiku","EDGE","Illinois",2020,NA,NA,"undrafted",255,"undrafted - proj drafted"
"1550",242,"Casey Toohill","LB","Stanford",2020,"00-0036403",7,"233",255,"9"
"1551",243,"Robert Windsor","DL","Penn State",2020,"00-0036227",6,"193",255,"50"
"1552",244,"Tremayne Anchrum","IOL","Clemson",2020,"00-0036437",7,"250",255,"-6"
"1553",245,"Azur Kamara","EDGE","Kansas",2020,NA,NA,"undrafted",255,"undrafted - proj drafted"
"1554",246,"Kalija Lipscomb","WR","Vanderbilt",2020,NA,NA,"undrafted",255,"undrafted - proj drafted"
"1555",247,"Mitchell Wilcox","TE","South Florida",2020,NA,NA,"undrafted",255,"undrafted - proj drafted"
"1556",248,"Tyler Clark","DL","Georgia",2020,NA,NA,"undrafted",255,"undrafted - proj drafted"
"1557",249,"Michael Divinity","LB","LSU",2020,NA,NA,"undrafted",255,"undrafted - proj drafted"
"1558",250,"James Smith-Williams","EDGE","NC State",2020,"00-0036351",7,"229",255,"21"
"1559",251,"Nevelle Clarke","CB","UCF",2020,NA,NA,"undrafted",255,"undrafted - proj drafted"
"1560",252,"Omar Bayless","WR","Arkansas State",2020,NA,NA,"undrafted",255,"undrafted - proj drafted"
"1561",253,"Cordel Iwuagwu","IOL","TCU",2020,NA,NA,"undrafted",255,"undrafted - proj drafted"
"1562",254,"Grayland Arnold","CB","Baylor",2020,NA,NA,"undrafted",255,"undrafted - proj drafted"
"1563",255,"Tyler Huntley","QB","Utah",2020,NA,NA,"undrafted",255,"undrafted - proj drafted"
"1564",256,"Charlie Taumoepeau","TE","Portland State",2020,NA,NA,"undrafted",255,"undrafted - proj undrafted"
"1565",257,"Broderick Washington","DL","Texas Tech",2020,"00-0036081",5,"170",255,"87"
"1566",258,"Chris Orr","LB","Wisconsin",2020,NA,NA,"undrafted",255,"undrafted - proj undrafted"
"1567",259,"Raymond Calais","RB","Louisiana-Lafayette",2020,"00-0036435",7,"245",255,"14"
"1568",260,"Shaun Bradley","LB","Temple",2020,"00-0036401",6,"196",255,"64"
"1569",261,"JaMycal Hasty","RB","Baylor",2020,NA,NA,"undrafted",255,"undrafted - proj undrafted"
"1570",262,"Tyrie Cleveland","WR","Florida",2020,"00-0036439",7,"252",255,"10"
"1571",263,"JJ Taylor","RB","Arizona",2020,NA,NA,"undrafted",255,"undrafted - proj undrafted"
"1572",264,"Jaylinn Hawkins","S","California",2020,"00-0036302",4,"134",255,"130"
"1573",265,"Rodrigo Blankenship","K","Georgia",2020,NA,NA,"undrafted",255,"undrafted - proj undrafted"
"1574",266,"Aaron Parker","WR","Rhode Island",2020,NA,NA,"undrafted",255,"undrafted - proj undrafted"
"1575",267,"Salvon Ahmed","RB","Washington",2020,NA,NA,"undrafted",255,"undrafted - proj undrafted"
"1576",268,"DeeJay Dallas","RB","Miami (FL)",2020,"00-0036425",4,"144",255,"124"
"1577",269,"Stanford Samuels","CB","Florida State",2020,NA,NA,"undrafted",255,"undrafted - proj undrafted"
"1578",270,"Dezmon Patmon","WR","Washington State",2020,"00-0036228",6,"212",255,"58"
"1579",271,"Jordan Fuller","S","Ohio State",2020,"00-0036431",6,"199",255,"72"
"1580",272,"Levonta Taylor","CB","Florida State",2020,NA,NA,"undrafted",255,"undrafted - proj undrafted"
"1581",273,"Parnell Motley","CB","Oklahoma",2020,NA,NA,"undrafted",255,"undrafted - proj undrafted"
"1582",274,"Braden Mann","P","Texas A&M",2020,"00-0036313",6,"191",255,"83"
"1583",275,"Myles Dorn","S","North Carolina",2020,NA,NA,"undrafted",255,"undrafted - proj undrafted"
"1584",276,"Patrick Taylor","RB","Memphis",2020,NA,NA,"undrafted",255,"undrafted - proj undrafted"
"1585",277,"Jared Hilbers","IOL","Washington",2020,NA,NA,"undrafted",255,"undrafted - proj undrafted"
"1586",278,"Scott Frantz","OT","Kansas State",2020,NA,NA,"undrafted",255,"undrafted - proj undrafted"
"1587",279,"Darrion Daniels","DL","Nebraska",2020,NA,NA,"undrafted",255,"undrafted - proj undrafted"
"1588",280,"Thakarius Keyes","CB","Tulane",2020,"00-0036385",7,"237",255,"43"
"1589",281,"Josiah Coatney","DL","Mississippi",2020,NA,NA,"undrafted",255,"undrafted - proj undrafted"
"1590",282,"Zach Shackelford","IOL","Texas",2020,NA,NA,"undrafted",255,"undrafted - proj undrafted"
"1591",283,"Brian Lewerke","QB","Michigan State",2020,NA,NA,"undrafted",255,"undrafted - proj undrafted"
"1592",284,"DeMarkus Acy","CB","Missouri",2020,NA,NA,"undrafted",255,"undrafted - proj undrafted"
"1593",285,"Jared Mayden","S","Alabama",2020,NA,NA,"undrafted",255,"undrafted - proj undrafted"
"1594",286,"Brian Cole","S","Mississippi State",2020,"00-0036353",7,"249",255,"37"
"1595",287,"Dante Olson","LB","Montana",2020,NA,NA,"undrafted",255,"undrafted - proj undrafted"
"1596",288,"Gage Cervenka","IOL","Clemson",2020,NA,NA,"undrafted",255,"undrafted - proj undrafted"
"1597",289,"Kendall Coleman","EDGE","Syracuse",2020,NA,NA,"undrafted",255,"undrafted - proj undrafted"
"1598",290,"Madre Harper","S","Southern Illinois",2020,NA,NA,"undrafted",255,"undrafted - proj undrafted"
"1599",291,"John Penisini","DL","Utah",2020,"00-0036238",6,"197",255,"94"
"1600",292,"Sewo Olonilua","RB","TCU",2020,NA,NA,"undrafted",255,"undrafted - proj undrafted"
"1601",293,"Trevon Hill","EDGE","Miami (FL)",2020,NA,NA,"undrafted",255,"undrafted - proj undrafted"
"1602",294,"Juwan Johnson","TE","Oregon",2020,NA,NA,"undrafted",255,"undrafted - proj undrafted"
"1603",295,"Stephen Guidry","WR","Mississippi State",2020,NA,NA,"undrafted",255,"undrafted - proj undrafted"
"1604",296,"Lawrence Cager","WR","Georgia",2020,NA,NA,"undrafted",255,"undrafted - proj undrafted"
"1605",297,"Daniel Bituli","LB","Tennessee",2020,NA,NA,"undrafted",255,"undrafted - proj undrafted"
"1606",298,"Jeff Thomas","WR","Miami (FL)",2020,NA,NA,"undrafted",255,"undrafted - proj undrafted"
"1607",299,"Austin Mack","WR","Ohio State",2020,NA,NA,"undrafted",255,"undrafted - proj undrafted"
"1608",300,"Bryce Perkins","QB","Virginia",2020,NA,NA,"undrafted",255,"undrafted - proj undrafted"
"1609",301,"Malcolm Roach","DL","Texas",2020,NA,NA,"undrafted",255,"undrafted - proj undrafted"
"1610",302,"Reggie Corbin","RB","Illinois",2020,NA,NA,"undrafted",255,"undrafted - proj undrafted"
"1611",303,"Javon Leake","RB","Maryland",2020,NA,NA,"undrafted",255,"undrafted - proj undrafted"
"1612",304,"Trystan Colon-Castillo","IOL","Missouri",2020,NA,NA,"undrafted",255,"undrafted - proj undrafted"
"1613",305,"DeJon Harris","LB","Arkansas",2020,NA,NA,"undrafted",255,"undrafted - proj undrafted"
"1614",306,"Jace Whittaker","CB","Arizona",2020,NA,NA,"undrafted",255,"undrafted - proj undrafted"
"1615",307,"Shea Patterson","QB","Michigan",2020,NA,NA,"undrafted",255,"undrafted - proj undrafted"
"1616",308,"Chris Williamson","CB","Minnesota",2020,"00-0036405",7,"247",255,"61"
"1617",309,"Aaron Fuller","WR","Washington",2020,NA,NA,"undrafted",255,"undrafted - proj undrafted"
"1618",310,"Cohl Cabral","IOL","Arizona State",2020,NA,NA,"undrafted",255,"undrafted - proj undrafted"
"1619",311,"Garrett Marino","DL","UAB",2020,NA,NA,"undrafted",255,"undrafted - proj undrafted"
"1620",312,"Mohamed Barry","LB","Nebraska",2020,NA,NA,"undrafted",255,"undrafted - proj undrafted"
"1621",313,"Kendrick Rogers","WR","Texas A&M",2020,NA,NA,"undrafted",255,"undrafted - proj undrafted"
"1622",314,"Benny LeMay","RB","Charlotte",2020,NA,NA,"undrafted",255,"undrafted - proj undrafted"
"1623",315,"JMar Smith","QB","Louisiana Tech",2020,NA,NA,"undrafted",255,"undrafted - proj undrafted"
"1624",316,"Carlos Davis","DL","Nebraska",2020,"00-0036352",7,"232",255,"84"
"1625",317,"Rico Dowdle","RB","South Carolina",2020,NA,NA,"undrafted",255,"undrafted - proj undrafted"
"1626",318,"Daniel Thomas","S","Auburn",2020,"00-0036306",5,"157",255,"161"
"1627",319,"David Dowell","S","Michigan State",2020,NA,NA,"undrafted",255,"undrafted - proj undrafted"
"1628",320,"Reggie Floyd","S","Virginia Tech",2020,NA,NA,"undrafted",255,"undrafted - proj undrafted"
"1629",321,"Chauncey Rivers","EDGE","Mississippi State",2020,NA,NA,"undrafted",255,"undrafted - proj undrafted"
"1630",322,"Tipa Galeai","EDGE","Utah State",2020,NA,NA,"undrafted",255,"undrafted - proj undrafted"
"1631",323,"Jonah Williams","EDGE","Alabama",2020,NA,NA,"undrafted",255,"undrafted - proj undrafted"
"1632",324,"Easop Winston","WR","Washington State",2020,NA,NA,"undrafted",255,"undrafted - proj undrafted"
"1633",325,"Tyler Bass","K","Georgia Southern",2020,"00-0036162",6,"188",255,"137"
"1634",326,"Charlie Woerner","TE","Georgia",2020,"00-0036429",6,"190",255,"136"
"1635",327,"Joey Magnifico","TE","Memphis",2020,NA,NA,"undrafted",255,"undrafted - proj undrafted"
"1636",328,"Sean Pollard","IOL","Clemson",2020,NA,NA,"undrafted",255,"undrafted - proj undrafted"
"1637",329,"Robert Landers","DL","Ohio State",2020,NA,NA,"undrafted",255,"undrafted - proj undrafted"
"1638",330,"Darrell Stewart","WR","Michigan State",2020,NA,NA,"undrafted",255,"undrafted - proj undrafted"
"1639",331,"Evan Foster","S","Syracuse",2020,NA,NA,"undrafted",255,"undrafted - proj undrafted"
"1640",332,"Bryce Huff","EDGE","Memphis",2020,NA,NA,"undrafted",255,"undrafted - proj undrafted"
"1641",333,"TJ Brunson","LB","South Carolina",2020,"00-0036404",7,"238",255,"95"
"1642",334,"Kyahva Tezino","LB","San Diego State",2020,NA,NA,"undrafted",255,"undrafted - proj undrafted"
"1643",335,"Isaiah Wright","WR","Temple",2020,NA,NA,"undrafted",255,"undrafted - proj undrafted"
"1644",336,"Javin White","S","UNLV",2020,NA,NA,"undrafted",255,"undrafted - proj undrafted"
"1645",337,"Trishton Jackson","WR","Syracuse",2020,NA,NA,"undrafted",255,"undrafted - proj undrafted"
"1646",338,"Sean McKeon","TE","Michigan",2020,NA,NA,"undrafted",255,"undrafted - proj undrafted"
"1647",339,"Jordan Mack","LB","Virginia",2020,NA,NA,"undrafted",255,"undrafted - proj undrafted"
"1648",340,"Sterling Hofrichter","P","Syracuse",2020,"00-0036319",7,"228",255,"112"
"1649",341,"Michael Danna","EDGE","Michigan",2020,"00-0036378",5,"177",255,"164"
"1650",342,"JaMarcus Bradley","WR","Louisiana-Lafayette",2020,NA,NA,"undrafted",255,"undrafted - proj undrafted"
"1651",343,"Sage Lewis","LB","Florida International",2020,NA,NA,"undrafted",255,"undrafted - proj undrafted"
"1652",344,"Dominik Eberle","K","Utah State",2020,NA,NA,"undrafted",255,"undrafted - proj undrafted"
"1653",345,"Rodney Clemons","S","SMU",2020,NA,NA,"undrafted",255,"undrafted - proj undrafted"
"1654",346,"Stantley Thomas-Oliver","CB","Florida International",2020,"00-0036315",7,"221",255,"125"
"1655",347,"Nigel Warrior","S","Tennessee",2020,NA,NA,"undrafted",255,"undrafted - proj undrafted"
"1656",348,"Ladarius Hamilton","DL","North Texas",2020,NA,NA,"undrafted",255,"undrafted - proj undrafted"
"1657",349,"TreVour Wallace-Simms","IOL","Missouri",2020,NA,NA,"undrafted",255,"undrafted - proj undrafted"
"1658",350,"Tony Brown","WR","Colorado",2020,NA,NA,"undrafted",255,"undrafted - proj undrafted"
"1659",351,"Cody White","WR","Michigan State",2020,NA,NA,"undrafted",255,"undrafted - proj undrafted"
"1660",352,"Freddie Swain","WR","Florida",2020,"00-0036247",6,"214",255,"138"
"1661",353,"Kevin Davidson","QB","Princeton",2020,NA,NA,"undrafted",255,"undrafted - proj undrafted"
"1662",354,"KJ Osborn","WR","Miami (FL)",2020,"00-0036345",5,"176",255,"178"
"1663",355,"Drew Richmond","OT","USC",2020,NA,NA,"undrafted",255,"undrafted - proj undrafted"
"1664",356,"Jonathan Ward","RB","Central Michigan",2020,NA,NA,"undrafted",255,"undrafted - proj undrafted"
"1665",357,"Brendon Hayes","DL","UCF",2020,NA,NA,"undrafted",255,"undrafted - proj undrafted"
"1666",358,"Jaron Bryant","CB","Fresno State",2020,NA,NA,"undrafted",255,"undrafted - proj undrafted"
"1667",359,"Chapelle Russell","LB","Temple",2020,"00-0036434",7,"241",255,"118"
"1668",360,"Maurice Ffrench","WR","Pittsburgh",2020,NA,NA,"undrafted",255,"undrafted - proj undrafted"
"1669",361,"Michael Pinckney","LB","Miami (FL)",2020,NA,NA,"undrafted",255,"undrafted - proj undrafted"
"1670",362,"John Molchon","IOL","Boise State",2020,NA,NA,"undrafted",255,"undrafted - proj undrafted"
"1671",363,"Dele Harding","LB","Illinois",2020,NA,NA,"undrafted",255,"undrafted - proj undrafted"
"1672",364,"Clay Johnston","LB","Baylor",2020,"00-0036432",7,"234",255,"130"
"1673",365,"Scottie Phillips","RB","Mississippi",2020,NA,NA,"undrafted",255,"undrafted - proj undrafted"
"1674",366,"Adrian Killins","RB","UCF",2020,NA,NA,"undrafted",255,"undrafted - proj undrafted"
"1675",367,"Kamaal Seymour","OT","Rutgers",2020,NA,NA,"undrafted",255,"undrafted - proj undrafted"
"1676",368,"Khalil Tate","QB","Arizona",2020,NA,NA,"undrafted",255,"undrafted - proj undrafted"
"1677",369,"Luther Kirk","S","Illinois State",2020,NA,NA,"undrafted",255,"undrafted - proj undrafted"
"1678",370,"Austin Hall","LB","Memphis",2020,NA,NA,"undrafted",255,"undrafted - proj undrafted"
"1679",371,"Marquez Callaway","WR","Tennessee",2020,NA,NA,"undrafted",255,"undrafted - proj undrafted"
"1680",372,"Kelly Bryant","QB","Clemson",2020,NA,NA,"undrafted",255,"undrafted - proj undrafted"
"1681",373,"Kyle Hinton","IOL","Washburn",2020,"00-0036354",7,"253",255,"120"
"1682",374,"Luq Barcoo","CB","San Diego State",2020,NA,NA,"undrafted",255,"undrafted - proj undrafted"
"1683",375,"Brian Herrien","RB","Georgia",2020,NA,NA,"undrafted",255,"undrafted - proj undrafted"
"1684",376,"Ahmad Wagner","TE","Kentucky",2020,NA,NA,"undrafted",255,"undrafted - proj undrafted"
"1685",377,"Malcolm Perry","RB","Navy",2020,"00-0036245",7,"246",255,"131"
"1686",378,"Michael Turk","P","Arizona State",2020,NA,NA,"undrafted",255,"undrafted - proj undrafted"
"1687",379,"Joseph Charlton","P","South Carolina",2020,NA,NA,"undrafted",255,"undrafted - proj undrafted"
"1688",380,"Adrian Magee","OT","LSU",2020,NA,NA,"undrafted",255,"undrafted - proj undrafted"
"1689",381,"Cale Garrett","LB","Missouri",2020,NA,NA,"undrafted",255,"undrafted - proj undrafted"
"1690",382,"John Daka","EDGE","James Madison",2020,NA,NA,"undrafted",255,"undrafted - proj undrafted"
"1691",383,"Josh Brown","OT","College of Idaho",2020,NA,NA,"undrafted",255,"undrafted - proj undrafted"
"1692",384,"James Pierre","S","Florida Atlantic",2020,NA,NA,"undrafted",255,"undrafted - proj undrafted"
"1693",385,"Simon Stepaniak","IOL","Indiana",2020,"00-0036242",6,"209",255,"176"
"1694",386,"Tony Jones","RB","Notre Dame",2020,NA,NA,"undrafted",255,"undrafted - proj undrafted"
"1695",387,"Eric Lee","S","Nebraska",2020,NA,NA,"undrafted",255,"undrafted - proj undrafted"
"1696",388,"Tyler Higby","IOL","Michigan State",2020,NA,NA,"undrafted",255,"undrafted - proj undrafted"
"1697",389,"Jake Brown","IOL","UCF",2020,NA,NA,"undrafted",255,"undrafted - proj undrafted"
"1698",390,"Steven Gonzalez","IOL","Penn State",2020,NA,NA,"undrafted",255,"undrafted - proj undrafted"
"1699",391,"Manasseh Bailey","WR","Morgan State",2020,NA,NA,"undrafted",255,"undrafted - proj undrafted"
"1700",392,"Chris Finke","WR","Notre Dame",2020,NA,NA,"undrafted",255,"undrafted - proj undrafted"
"1701",393,"Brady Ross","RB","Iowa",2020,NA,NA,"undrafted",255,"undrafted - proj undrafted"
"1702",394,"Case Cookus","QB","Northern Arizona",2020,NA,NA,"undrafted",255,"undrafted - proj undrafted"
"1703",395,"Korie Rogers","LB","West Georgia",2020,NA,NA,"undrafted",255,"undrafted - proj undrafted"
"1704",396,"Mike Panasiuk","DL","Michigan State",2020,NA,NA,"undrafted",255,"undrafted - proj undrafted"
"1705",397,"Christian Rector","EDGE","USC",2020,NA,NA,"undrafted",255,"undrafted - proj undrafted"
"1706",398,"Keisean Lucier-South","EDGE","UCLA",2020,NA,NA,"undrafted",255,"undrafted - proj undrafted"
"1707",399,"Kohl Levao","IOL","Hawaii",2020,NA,NA,"undrafted",255,"undrafted - proj undrafted"
"1708",400,"Steven Wirtel","LS","Iowa State",2020,NA,NA,"undrafted",255,"undrafted - proj undrafted"
"1709",401,"Jessie Lemonier","EDGE","Liberty",2020,NA,NA,"undrafted",255,"undrafted - proj undrafted"
"1710",402,"Branden Bowen","OT","Ohio State",2020,NA,NA,"undrafted",255,"undrafted - proj undrafted"
"1711",403,"Victor Johnson","OT","Appalachian State",2020,NA,NA,"undrafted",255,"undrafted - proj undrafted"
"1712",404,"Jeremiah Dinson","S","Auburn",2020,NA,NA,"undrafted",255,"undrafted - proj undrafted"
"1713",405,"TJ McCoy","IOL","Louisville",2020,NA,NA,"undrafted",255,"undrafted - proj undrafted"
"1714",406,"JD Spielman","WR","Nebraska",2020,NA,NA,"undrafted",255,"undrafted - proj undrafted"
"1715",407,"Elijah Riley","S","Army",2020,NA,NA,"undrafted",255,"undrafted - proj undrafted"
"1716",408,"Jake Benzinger","OT","Wake Forest",2020,NA,NA,"undrafted",255,"undrafted - proj undrafted"
"1717",409,"Jacob Knipp","QB","Northern Colorado",2020,NA,NA,"undrafted",255,"undrafted - proj undrafted"
"1718",410,"David Moa","DL","Boise State",2020,NA,NA,"undrafted",255,"undrafted - proj undrafted"
"1719",411,"Tommy Townsend","P","Florida",2020,NA,NA,"undrafted",255,"undrafted - proj undrafted"
"1720",412,"Ray Lima","DL","Iowa State",2020,NA,NA,"undrafted",255,"undrafted - proj undrafted"
"1721",413,"Kevin McGill","CB","Eastern Michigan",2020,NA,NA,"undrafted",255,"undrafted - proj undrafted"
"1722",414,"Nyles Pinckney","DL","Clemson",2020,NA,NA,"undrafted",255,"undrafted - proj undrafted"
"1723",415,"Tae Crowder","LB","Georgia",2020,"00-0036167",7,"255",255,"160"
"1724",416,"Sam Sloman","K","Miami (OH)",2020,"00-0036436",7,"248",255,"168"
"1725",417,"Chris Jackson","CB","Marshall",2020,"00-0036240",7,"243",255,"174"
"1726",418,"Tommy Stevens","QB","Mississippi State",2020,"00-0036433",7,"240",255,"178"
"1727",419,"Vernon Scott","S","TCU",2020,"00-0036243",7,"236",255,"183"
"1728",420,"Jashon Cornell","DL","Ohio State",2020,"00-0036444",7,"235",255,"185"
"1729",421,"Ben DiNucci","QB","James Madison",2020,"00-0036384",7,"231",255,"190"
"1730",422,"Dustin Woodard","IOL","Memphis",2020,NA,7,"230",255,"192"
"1731",423,"Lachavious Simmons","OT","Tennessee State",2020,"00-0036318",7,"227",255,"196"
"1732",424,"Arlington Hambright","IOL","Colorado",2020,"00-0036317",7,"226",255,"198"
"1733",425,"Chris Claybrooks","CB","Memphis",2020,"00-0036316",7,"223",255,"202"
"1734",426,"Jordan Glasgow","EDGE","Michigan",2020,"00-0036229",6,"213",255,"213"
"1735",427,"Isaiah Rodgers","CB","UMass",2020,"00-0036222",6,"211",255,"216"
"1736",428,"Tyler Davis","TE","Georgia Tech",2020,"00-0036250",6,"206",255,"222"
"1737",429,"Cassh Maluia","LB","Wyoming",2020,"00-0036164",6,"204",255,"225"
"1738",430,"Blake Brandel","OT","Oregon State",2020,"00-0036347",6,"203",255,"227"
"1739",431,"Blake Ferguson","LS","LSU",2020,"00-0036217",6,"185",255,"246"
"1740",432,"Jason Huntley","RB","New Mexico State",2020,"00-0036278",5,"172",255,"260"
"1741",433,"Justin Rohrwasser","K","Marshall",2020,"00-0036161",5,"159",255,"274"
"1742",434,"Keith Washington","CB","Appalachian State",2020,NA,NA,"undrafted",255,"undrafted - proj undrafted"
"1743",435,"Alex Pechin","P","Bucknell",2020,NA,NA,"undrafted",255,"undrafted - proj undrafted"
"1744",436,"Joe Gaziano","EDGE","Northwestern",2020,NA,NA,"undrafted",255,"undrafted - proj undrafted"
"1745",437,"Kendall Hinton","WR","Wake Forest",2020,NA,NA,"undrafted",255,"undrafted - proj undrafted"
"1746",438,"Rashod Berry","TE","Ohio State",2020,NA,NA,"undrafted",255,"undrafted - proj undrafted"
"1747",439,"Nick Buchanan","IOL","Florida",2020,NA,NA,"undrafted",255,"undrafted - proj undrafted"
"1748",440,"JJ Molson","K","UCLA",2020,NA,NA,"undrafted",255,"undrafted - proj undrafted"
"1749",441,"Levi Paulsen","IOL","Iowa",2020,NA,NA,"undrafted",255,"undrafted - proj undrafted"
"1750",442,"Reggie Walker","EDGE","Kansas State",2020,NA,NA,"undrafted",255,"undrafted - proj undrafted"
"1751",443,"Grant Calcaterra","TE","Oklahoma",2020,NA,NA,"undrafted",255,"undrafted - proj undrafted"
"1752",444,"Bobby Roundtree","LB","Illinois",2020,NA,NA,"undrafted",255,"undrafted - proj undrafted"
"1753",445,"Jaquarius Landrews","S","Mississippi State",2020,NA,NA,"undrafted",255,"undrafted - proj undrafted"
"1754",446,"GG Robinson","EDGE","Louisville",2020,NA,NA,"undrafted",255,"undrafted - proj undrafted"
"1755",447,"Dom Wood-Anderson","TE","Tennessee",2020,NA,NA,"undrafted",255,"undrafted - proj undrafted"
"1756",448,"Kelton Moore","RB","Nevada",2020,NA,NA,"undrafted",255,"undrafted - proj undrafted"
"1757",449,"LeVante Bellamy","RB","Western Michigan",2020,NA,NA,"undrafted",255,"undrafted - proj undrafted"
"1758",450,"Garrett Taylor","S","Penn State",2020,NA,NA,"undrafted",255,"undrafted - proj undrafted"
"1759",451,"Giovanni Ricci","TE","Western Michigan",2020,NA,NA,"undrafted",255,"undrafted - proj undrafted"
"1760",452,"JuJu Hughes","S","Fresno State",2020,NA,NA,"undrafted",255,"undrafted - proj undrafted"
"1761",453,"Jack Freudenthal","TE","Wake Forest",2020,NA,NA,"undrafted",255,"undrafted - proj undrafted"
"1762",454,"Arryn Siposs","P","Auburn",2020,NA,NA,"undrafted",255,"undrafted - proj undrafted"
"1763",455,"Dontavious Jackson","LB","Florida State",2020,NA,NA,"undrafted",255,"undrafted - proj undrafted"
"1764",456,"Devwah Whaley","RB","Arkansas",2020,NA,NA,"undrafted",255,"undrafted - proj undrafted"
"1765",457,"Tavien Feaster","RB","Clemson",2020,NA,NA,"undrafted",255,"undrafted - proj undrafted"
"1766",458,"Tre Lamar","LB","Clemson",2020,NA,NA,"undrafted",255,"undrafted - proj undrafted"
"1767",459,"Parker Braun","IOL","Georgia Tech",2020,NA,NA,"undrafted",255,"undrafted - proj undrafted"
"1768",460,"Chris Miller","S","Baylor",2020,NA,NA,"undrafted",255,"undrafted - proj undrafted"
"1769",461,"David Reese","LB","Florida",2020,NA,NA,"undrafted",255,"undrafted - proj undrafted"
"1770",462,"Kenny Cooper","IOL","Georgia Tech",2020,NA,NA,"undrafted",255,"undrafted - proj undrafted"
"1771",463,"Frederick Mauigoa","IOL","Washington State",2020,NA,NA,"undrafted",255,"undrafted - proj undrafted"
"1772",464,"Mason Fine","QB","North Texas",2020,NA,NA,"undrafted",255,"undrafted - proj undrafted"
"1773",465,"Ben Ellefson","TE","North Dakota State",2020,NA,NA,"undrafted",255,"undrafted - proj undrafted"
"1774",466,"Evin Ksiezarczyk","OT","Buffalo",2020,NA,NA,"undrafted",255,"undrafted - proj undrafted"
"1775",467,"Josh Love","QB","San Jose State",2020,NA,NA,"undrafted",255,"undrafted - proj undrafted"
"1776",468,"Leo Lewis","LB","Mississippi State",2020,NA,NA,"undrafted",255,"undrafted - proj undrafted"
"1777",469,"Jared Rice","TE","Fresno State",2020,NA,NA,"undrafted",255,"undrafted - proj undrafted"
"1778",470,"Qaadir Sheppard","EDGE","Mississippi",2020,NA,NA,"undrafted",255,"undrafted - proj undrafted"
"1779",471,"Kyle Markway","TE","South Carolina",2020,NA,NA,"undrafted",255,"undrafted - proj undrafted"
"1780",472,"Colton Jackson","OT","Arkansas",2020,NA,NA,"undrafted",255,"undrafted - proj undrafted"
"1781",473,"Matt Womack","OT","Alabama",2020,NA,NA,"undrafted",255,"undrafted - proj undrafted"
"1782",474,"Noah Togiai","TE","Oregon State",2020,NA,NA,"undrafted",255,"undrafted - proj undrafted"
"1783",1,"Trevor Lawrence","QB","Clemson",2021,"00-0036971",1,"1",259,"0"
"1784",2,"Zach Wilson","QB","BYU",2021,"00-0037013",1,"2",259,"0"
"1785",3,"Kyle Pitts","TE","Florida",2021,"00-0036970",1,"4",259,"-1"
"1786",4,"Mac Jones","QB","Alabama",2021,"00-0036972",1,"15",259,"-11"
"1787",5,"Justin Fields","QB","Ohio State",2021,"00-0036945",1,"11",259,"-6"
"1788",6,"JaMarr Chase","WR","LSU",2021,"00-0036900",1,"5",259,"1"
"1789",7,"Trey Lance","QB","North Dakota State",2021,"00-0037012",1,"3",259,"4"
"1790",8,"Penei Sewell","OT","Oregon",2021,"00-0036880",1,"7",259,"1"
"1791",9,"Jaylen Waddle","WR","Alabama",2021,"00-0036613",1,"6",259,"3"
"1792",10,"Rashawn Slater","OT","Northwestern",2021,"00-0037009",1,"13",259,"-3"
"1793",11,"Patrick Surtain","CB","Alabama",2021,"00-0036874",1,"9",259,"2"
"1794",12,"DeVonta Smith","WR","Alabama",2021,"00-0036912",1,"10",259,"2"
"1795",13,"Micah Parsons","EDGE","Penn State",2021,"00-0036932",1,"12",259,"1"
"1796",14,"Jaycee Horn","CB","South Carolina",2021,"00-0036944",1,"8",259,"6"
"1797",15,"Christian Darrisaw","OT","Virginia Tech",2021,"00-0036616",1,"23",259,"-8"
"1798",16,"Kwity Paye","EDGE","Michigan",2021,"00-0036479",1,"21",259,"-5"
"1799",17,"Alijah Vera-Tucker","IOL","USC",2021,"00-0036979",1,"14",259,"3"
"1800",18,"Jeremiah Owusu-Koramoah","LB","Notre Dame",2021,"00-0036915",2,"52",259,"-34"
"1801",19,"Caleb Farley","CB","Virginia Tech",2021,"00-0036615",1,"22",259,"-3"
"1802",20,"Jaelan Phillips","EDGE","Miami (FL)",2021,"00-0036934",1,"18",259,"2"
"1803",21,"Teven Jenkins","OT","Oklahoma State",2021,"00-0036953",2,"39",259,"-18"
"1804",22,"Greg Newsome","CB","Northwestern",2021,"00-0036996",1,"26",259,"-4"
"1805",23,"Azeez Ojulari","EDGE","Georgia",2021,"00-0036552",2,"50",259,"-27"
"1806",24,"Najee Harris","RB","Alabama",2021,"00-0036893",1,"24",259,"0"
"1807",25,"Zaven Collins","LB","Tulsa",2021,"00-0036933",1,"16",259,"9"
"1808",26,"Christian Barmore","DL","Alabama",2021,"00-0036981",2,"38",259,"-12"
"1809",27,"Rashod Bateman","WR","Minnesota",2021,"00-0036550",1,"27",259,"0"
"1810",28,"Trevon Moehrig-Woodard","S","TCU",2021,NA,NA,"undrafted",259,"undrafted - proj drafted"
"1811",29,"Odafe Oweh","EDGE","Penn State",2021,"00-0036940",1,"31",259,"-2"
"1812",30,"Gregory Rousseau","EDGE","Miami (FL)",2021,"00-0036914",1,"30",259,"0"
"1813",31,"Elijah Moore","WR","Mississippi",2021,"00-0036980",2,"34",259,"-3"
"1814",32,"Jamin Davis","LB","Kentucky",2021,"00-0036614",1,"19",259,"13"
"1815",33,"Travis Etienne","RB","Clemson",2021,"00-0036973",1,"25",259,"8"
"1816",34,"Kadarius Toney","WR","Florida",2021,"00-0036913",1,"20",259,"14"
"1817",35,"Samuel Cosmi","OT","Texas",2021,"00-0036618",2,"51",259,"-16"
"1818",36,"Terrace Marshall","WR","LSU",2021,"00-0036955",2,"59",259,"-23"
"1819",37,"Asante Samuel","CB","Florida State",2021,"00-0036617",2,"47",259,"-10"
"1820",38,"Alex Leatherwood","OT","Alabama",2021,"00-0036892",1,"17",259,"21"
"1821",39,"Joe Tryon-Shoyinka","EDGE","Washington",2021,"00-0036967",1,"32",259,"7"
"1822",40,"Liam Eichenberg","OT","Notre Dame",2021,"00-0037010",2,"42",259,"-2"
"1823",41,"Landon Dickerson","IOL","Alabama",2021,"00-0037002",2,"37",259,"4"
"1824",42,"Rondale Moore","WR","Purdue",2021,"00-0036936",2,"49",259,"-7"
"1825",43,"Jalen Mayfield","OT","Michigan",2021,"00-0036947",3,"68",259,"-25"
"1826",44,"Eric Stokes","CB","Georgia",2021,"00-0036901",1,"29",259,"15"
"1827",45,"Creed Humphrey","IOL","Oklahoma",2021,"00-0036623",2,"63",259,"-18"
"1828",46,"Joseph Ossai","EDGE","Texas",2021,"00-0036902",3,"69",259,"-23"
"1829",47,"Dillon Radunz","OT","North Dakota State",2021,"00-0036619",2,"53",259,"-6"
"1830",48,"Carlos Basham","EDGE","Wake Forest",2021,"00-0036553",2,"61",259,"-13"
"1831",49,"Levi Onwuzurike","DL","Washington",2021,"00-0036954",2,"41",259,"8"
"1832",50,"Javonte Williams","RB","North Carolina",2021,"00-0036997",2,"35",259,"15"
"1833",51,"Tyson Campbell","CB","Georgia",2021,"00-0036974",2,"33",259,"18"
"1834",52,"Nick Bolton","LB","Missouri",2021,"00-0036621",2,"58",259,"-6"
"1835",53,"Pat Freiermuth","TE","Penn State",2021,"00-0036894",2,"55",259,"-2"
"1836",54,"Wyatt Davis","IOL","Ohio State",2021,"00-0037006",3,"86",259,"-32"
"1837",55,"Ifeatu Melifonwu","CB","Syracuse",2021,"00-0036993",3,"101",259,"-46"
"1838",56,"Davis Mills","QB","Stanford",2021,"00-0036898",3,"67",259,"-11"
"1839",57,"Elijah Molden","CB","Washington",2021,"00-0036992",3,"100",259,"-43"
"1840",58,"Dyami Brown","WR","North Carolina",2021,"00-0036626",3,"82",259,"-24"
"1841",59,"Richie Grant","S","UCF",2021,"00-0036961",2,"40",259,"19"
"1842",60,"Jevon Holland","S","Oregon",2021,"00-0036998",2,"36",259,"24"
"1843",61,"Kelvin Joseph","CB","Kentucky",2021,"00-0036935",2,"44",259,"17"
"1844",62,"Jabril Cox","LB","LSU",2021,"00-0036882",4,"115",259,"-53"
"1845",63,"Quinn Meinerz","IOL","Wisconsin-Whitewater",2021,"00-0037001",3,"98",259,"-35"
"1846",64,"Ronnie Perkins","EDGE","Oklahoma",2021,"00-0036978",3,"96",259,"-32"
"1847",65,"Daviyon Nixon","DL","Iowa",2021,"00-0036558",5,"158",259,"-93"
"1848",66,"Baron Browning","LB","Ohio State",2021,"00-0036995",3,"105",259,"-39"
"1849",67,"Walker Little","OT","Stanford",2021,"00-0036975",2,"45",259,"22"
"1850",68,"Payton Turner","EDGE","Houston",2021,"00-0036926",1,"28",259,"40"
"1851",69,"Kellen Mond","QB","Texas A&M",2021,"00-0036946",3,"66",259,"3"
"1852",70,"Aaron Robinson","CB","UCF",2021,"00-0036899",3,"71",259,"-1"
"1853",71,"Kyle Trask","QB","Florida",2021,"00-0036928",2,"64",259,"7"
"1854",72,"Amon-Ra St Brown","WR","USC",2021,"00-0036963",4,"112",259,"-40"
"1855",73,"Brady Christensen","OT","BYU",2021,"00-0036968",3,"70",259,"3"
"1856",74,"Milton Williams","DL","Louisiana Tech",2021,"00-0036916",3,"73",259,"1"
"1857",75,"Trey Smith","IOL","Tennessee",2021,"00-0036660",6,"226",259,"-151"
"1858",76,"Jackson Carman","OT","Clemson",2021,"00-0036865",2,"46",259,"30"
"1859",77,"Amari Rodgers","WR","Clemson",2021,"00-0036991",3,"85",259,"-8"
"1860",78,"Tylan Wallace","WR","Oklahoma State",2021,"00-0036630",4,"131",259,"-53"
"1861",79,"Spencer Brown","OT","Northern Iowa",2021,"00-0036976",3,"93",259,"-14"
"1862",80,"Alim McNeill","DL","NC State",2021,"00-0036624",3,"72",259,"8"
"1863",81,"Paulson Adebo","CB","Stanford",2021,"00-0036937",3,"76",259,"5"
"1864",82,"Tommy Tremble","TE","Notre Dame",2021,"00-0037005",3,"83",259,"-1"
"1865",83,"Michael Carter","RB","North Carolina",2021,"00-0036924",4,"107",259,"-24"
"1866",83,"Michael Carter","RB","North Carolina",2021,"00-0036501",5,"154",259,"-71"
"1867",84,"Nico Collins","WR","Michigan",2021,"00-0036554",3,"89",259,"-5"
"1868",85,"Andre Cisco","S","Syracuse",2021,"00-0036941",3,"65",259,"20"
"1869",86,"Brevin Jordan","TE","Miami (FL)",2021,"00-0036556",5,"147",259,"-61"
"1870",87,"Jamar Johnson","S","Indiana",2021,"00-0036639",5,"164",259,"-77"
"1871",88,"Pete Werner","LB","Ohio State",2021,"00-0036927",2,"60",259,"28"
"1872",89,"DWayne Eskridge","WR","Western Michigan",2021,"00-0036620",2,"56",259,"33"
"1873",90,"Josh Myers","IOL","Ohio State",2021,"00-0036622",2,"62",259,"28"
"1874",91,"Chazz Surratt","LB","North Carolina",2021,"00-0037003",3,"78",259,"13"
"1875",92,"Hunter Long","TE","Boston College",2021,"00-0037004",3,"81",259,"11"
"1876",93,"Jay Tufele","DL","USC",2021,"00-0036881",4,"106",259,"-13"
"1877",94,"Hamsah Nasirildeen","S","Florida State",2021,"00-0036503",6,"186",259,"-92"
"1878",95,"Tommy Togiai","DL","Ohio State",2021,"00-0036883",4,"132",259,"-37"
"1879",96,"Rashad Weaver","EDGE","Pittsburgh",2021,"00-0036938",4,"135",259,"-39"
"1880",97,"James Hudson","OT","Cincinnati",2021,"00-0036866",4,"110",259,"-13"
"1881",98,"Kenneth Gainwell","RB","Memphis",2021,"00-0036919",5,"150",259,"-52"
"1882",99,"Dylan Moses","LB","Alabama",2021,NA,NA,"undrafted",259,"undrafted - proj drafted"
"1883",100,"Ben Cleveland","IOL","Georgia",2021,"00-0036977",3,"94",259,"6"
"1884",101,"ArDarius Washington","S","TCU",2021,NA,NA,"undrafted",259,"undrafted - proj drafted"
"1885",102,"Quincy Roche","EDGE","Miami (FL)",2021,"00-0036845",6,"216",259,"-114"
"1886",103,"Cameron McGrone","LB","Michigan",2021,"00-0036644",5,"177",259,"-74"
"1887",104,"Benjamin St-Juste","CB","Minnesota",2021,"00-0036625",3,"74",259,"30"
"1888",105,"Stone Forsythe","OT","Florida",2021,"00-0036653",6,"208",259,"-103"
"1889",106,"Aaron Banks","IOL","Notre Dame",2021,"00-0036551",2,"48",259,"58"
"1890",107,"Marvin Wilson","DL","Florida State",2021,NA,NA,"undrafted",259,"undrafted - proj drafted"
"1891",108,"Shaun Wade","CB","Ohio State",2021,"00-0036559",5,"160",259,"-52"
"1892",109,"Osa Odighizuwa","DL","UCLA",2021,"00-0036942",3,"75",259,"34"
"1893",110,"Tyler Shelvin","DL","LSU",2021,"00-0036851",4,"122",259,"-12"
"1894",111,"Dayo Odeyingbo","EDGE","Vanderbilt",2021,"00-0036480",2,"54",259,"57"
"1895",112,"Deonte Brown","IOL","Alabama",2021,"00-0036566",6,"193",259,"-81"
"1896",113,"Kendrick Green","IOL","Illinois",2021,"00-0036983",3,"87",259,"26"
"1897",114,"Patrick Jones","EDGE","Pittsburgh",2021,"00-0037007",3,"90",259,"24"
"1898",115,"Tutu Atwell","WR","Louisville",2021,"00-0036849",2,"57",259,"58"
"1899",116,"Marlon Tuipulotu","DL","USC",2021,"00-0036920",6,"189",259,"-73"
"1900",117,"Trey Sermon","RB","Oklahoma",2021,"00-0036984",3,"88",259,"29"
"1901",118,"Jaylen Twyman","DL","Pittsburgh",2021,"00-0036651",6,"199",259,"-81"
"1902",119,"Robert Rochell","CB","Central Arkansas",2021,"00-0036904",4,"130",259,"-11"
"1903",120,"Seth Williams","WR","Auburn",2021,"00-0036657",6,"219",259,"-99"
"1904",121,"Anthony Schwartz","WR","Auburn",2021,"00-0036999",3,"91",259,"30"
"1905",122,"Josh Palmer","WR","Tennessee",2021,"00-0036988",3,"77",259,"45"
"1906",123,"Divine Deablo","S","Virginia Tech",2021,"00-0036990",3,"80",259,"43"
"1907",124,"Jordan Smith","EDGE","UAB",2021,"00-0036868",4,"121",259,"3"
"1908",125,"Cade Johnson","WR","South Dakota State",2021,NA,NA,"undrafted",259,"undrafted - proj drafted"
"1909",126,"Trill Williams","CB","Syracuse",2021,NA,NA,"undrafted",259,"undrafted - proj drafted"
"1910",127,"Cameron Sample","EDGE","Tulane",2021,"00-0036850",4,"111",259,"16"
"1911",128,"Talanoa Hufanga","S","USC",2021,"00-0036564",5,"180",259,"-52"
"1912",129,"Hamilcar Rashed","EDGE","Oregon State",2021,NA,NA,"undrafted",259,"undrafted - proj drafted"
"1913",130,"Elerson Smith","EDGE","Northern Iowa",2021,"00-0036895",4,"116",259,"14"
"1914",131,"Ambry Thomas","CB","Michigan",2021,"00-0037008",3,"102",259,"29"
"1915",132,"Janarius Robinson","EDGE","Florida State",2021,"00-0036878",4,"134",259,"-2"
"1916",133,"Israel Mukuamu","CB","South Carolina",2021,"00-0036661",6,"227",259,"-94"
"1917",134,"Chris Rumph","EDGE","Duke",2021,"00-0036867",4,"118",259,"16"
"1918",135,"Tyree Gillespie","S","Missouri",2021,"00-0036853",4,"143",259,"-8"
"1919",136,"Shaka Toney","EDGE","Penn State",2021,"00-0036666",7,"246",259,"-110"
"1920",137,"Kary Vincent","CB","LSU",2021,"00-0036662",7,"237",259,"-100"
"1921",138,"Monty Rice","LB","Georgia",2021,"00-0037000",3,"92",259,"46"
"1922",139,"Jaelon Darden","WR","North Texas",2021,"00-0036877",4,"129",259,"10"
"1923",140,"James Wiggins","S","Cincinnati",2021,"00-0036889",7,"243",259,"-103"
"1924",141,"Robert Hainsey","IOL","Notre Dame",2021,"00-0036985",3,"95",259,"46"
"1925",142,"Thomas Graham","CB","Oregon",2021,"00-0036908",6,"228",259,"-86"
"1926",143,"Derrick Barnes","LB","Purdue",2021,"00-0036964",4,"113",259,"30"
"1927",144,"Dazz Newsome","WR","North Carolina",2021,"00-0036907",6,"221",259,"-77"
"1928",145,"Cornell Powell","WR","Clemson",2021,"00-0036647",5,"181",259,"-36"
"1929",146,"Rhamondre Stevenson","RB","Oklahoma",2021,"00-0036875",4,"120",259,"26"
"1930",147,"Tay Gowan","CB","UCF",2021,"00-0036897",6,"223",259,"-76"
"1931",148,"Ihmir Smith-Marsette","WR","Iowa",2021,"00-0036635",5,"157",259,"-9"
"1932",149,"Patrick Johnson","EDGE","Tulane",2021,"00-0036922",7,"234",259,"-85"
"1933",150,"Bobby Brown","DL","Texas A&M",2021,"00-0036903",4,"117",259,"33"
"1934",151,"David Moore","IOL","Central Michigan",2021,NA,NA,"undrafted",259,"undrafted - proj drafted"
"1935",152,"Simi Fehoko","WR","Stanford",2021,"00-0036646",5,"179",259,"-27"
"1936",153,"Shakur Brown","CB","Michigan State",2021,NA,NA,"undrafted",259,"undrafted - proj drafted"
"1937",154,"Chuba Hubbard","RB","Oklahoma State",2021,"00-0036555",4,"126",259,"28"
"1938",155,"Tamorrion Terry","WR","Florida State",2021,NA,NA,"undrafted",259,"undrafted - proj drafted"
"1939",156,"DAnte Smith","OT","East Carolina",2021,"00-0036852",4,"139",259,"17"
"1940",157,"Tre Brown","CB","Oklahoma",2021,"00-0036885",4,"137",259,"20"
"1941",158,"Khalil Herbert","RB","Virginia Tech",2021,"00-0036906",6,"217",259,"-59"
"1942",159,"Shi Smith","WR","South Carolina",2021,"00-0036572",6,"204",259,"-45"
"1943",160,"Keith Taylor","CB","Washington",2021,"00-0036561",5,"166",259,"-6"
"1944",161,"Malcolm Koonce","EDGE","Buffalo",2021,"00-0036989",3,"79",259,"82"
"1945",162,"Brenden Jaimes","OT","Nebraska",2021,"00-0036636",5,"159",259,"3"
"1946",163,"Kenny Yeboah","TE","Mississippi",2021,NA,NA,"undrafted",259,"undrafted - proj drafted"
"1947",164,"Demetric Felton","RB","UCLA",2021,"00-0036654",6,"211",259,"-47"
"1948",165,"Drew Dalman","IOL","Stanford",2021,"00-0036957",4,"114",259,"51"
"1949",166,"Sage Surratt","WR","Wake Forest",2021,NA,NA,"undrafted",259,"undrafted - proj drafted"
"1950",167,"Caden Sterns","S","Texas",2021,"00-0036633",5,"152",259,"15"
"1951",168,"Charles Snowden","LB","Virginia",2021,NA,NA,"undrafted",259,"undrafted - proj drafted"
"1952",169,"Jonathon Cooper","EDGE","Ohio State",2021,"00-0036952",7,"239",259,"-70"
"1953",170,"Richard LeCounte","S","Georgia",2021,"00-0036641",5,"169",259,"1"
"1954",171,"Jamie Newman","QB","Georgia",2021,NA,NA,"undrafted",259,"undrafted - proj drafted"
"1955",172,"Daelin Hayes","EDGE","Notre Dame",2021,"00-0036562",5,"171",259,"1"
"1956",173,"Victor Dimukeje","EDGE","Duke",2021,"00-0036896",6,"210",259,"-37"
"1957",174,"Olaijah Griffin","CB","USC",2021,NA,NA,"undrafted",259,"undrafted - proj drafted"
"1958",175,"Kylin Hill","RB","Mississippi State",2021,"00-0036669",7,"256",259,"-81"
"1959",176,"Rodarius Williams","CB","Oklahoma State",2021,"00-0036570",6,"201",259,"-25"
"1960",177,"Marco Wilson","CB","Florida",2021,"00-0036884",4,"136",259,"41"
"1961",178,"Joshua Kaindoh","EDGE","Florida State",2021,"00-0036632",4,"144",259,"34"
"1962",179,"Tre McKitty","TE","Georgia",2021,"00-0037011",3,"97",259,"82"
"1963",180,"Chauncey Golston","EDGE","Iowa",2021,"00-0036982",3,"84",259,"96"
"1964",181,"Justin Hilliard","LB","Ohio State",2021,NA,NA,"undrafted",259,"undrafted - proj drafted"
"1965",182,"Camryn Bynum","CB","California",2021,"00-0036629",4,"125",259,"57"
"1966",183,"Khyiris Tonga","DL","BYU",2021,"00-0036909",7,"250",259,"-67"
"1967",184,"Adetokunbo Ogundeji","EDGE","Notre Dame",2021,"00-0036949",5,"182",259,"2"
"1968",185,"JaCoby Stevens","S","LSU",2021,"00-0036925",6,"224",259,"-39"
"1969",186,"Tony Fields","LB","West Virginia",2021,"00-0036634",5,"153",259,"33"
"1970",187,"Jermar Jefferson","RB","Oregon State",2021,"00-0036670",7,"257",259,"-70"
"1971",188,"Paris Ford","S","Pittsburgh",2021,NA,NA,"undrafted",259,"undrafted - proj drafted"
"1972",189,"Drake Jackson","IOL","Kentucky",2021,NA,NA,"undrafted",259,"undrafted - proj drafted"
"1973",190,"Jamien Sherwood","S","Auburn",2021,"00-0036500",5,"146",259,"44"
"1974",191,"Trey Hill","IOL","Georgia",2021,"00-0036856",6,"190",259,"1"
"1975",192,"Marquez Stevenson","WR","Houston",2021,"00-0036571",6,"203",259,"-11"
"1976",193,"Sadarius Hutcherson","IOL","South Carolina",2021,NA,NA,"undrafted",259,"undrafted - proj drafted"
"1977",194,"Elijah Mitchell","RB","Louisiana-Lafayette",2021,"00-0036567",6,"194",259,"0"
"1978",195,"Chris Evans","RB","Michigan",2021,"00-0036857",6,"202",259,"-7"
"1979",196,"Jaylon Moore","OT","Western Michigan",2021,"00-0036557",5,"155",259,"41"
"1980",197,"Joshuah Bledsoe","S","Missouri",2021,"00-0036872",6,"188",259,"9"
"1981",198,"Damar Hamlin","S","Pittsburgh",2021,"00-0036888",6,"212",259,"-14"
"1982",199,"Frank Darby","WR","Arizona State",2021,"00-0036951",6,"187",259,"12"
"1983",200,"Josh Imatorbhebhe","WR","Illinois",2021,NA,NA,"undrafted",259,"undrafted - proj drafted"
"1984",201,"Tedarrell Slaton","DL","Florida",2021,"00-0036642",5,"173",259,"28"
"1985",202,"Tommy Doyle","OT","Miami (OH)",2021,"00-0036560",5,"161",259,"41"
"1986",203,"Javian Hawkins","RB","Louisville",2021,NA,NA,"undrafted",259,"undrafted - proj drafted"
"1987",204,"Kylen Granson","TE","SMU",2021,"00-0036876",4,"127",259,"77"
"1988",205,"Austin Watkins","WR","UAB",2021,NA,NA,"undrafted",259,"undrafted - proj drafted"
"1989",206,"Deommodore Lenoir","CB","Oregon",2021,"00-0036563",5,"172",259,"34"
"1990",207,"Dax Milne","WR","BYU",2021,"00-0036671",7,"258",259,"-51"
"1991",208,"Garret Wallow","LB","TCU",2021,"00-0036844",5,"170",259,"38"
"1992",209,"John Bates","TE","Boise State",2021,"00-0036628",4,"124",259,"85"
"1993",210,"Jaret Patterson","RB","Buffalo",2021,NA,NA,"undrafted",259,"undrafted - proj drafted"
"1994",211,"Jonathan Marshall","DL","Arkansas",2021,"00-0036505",6,"207",259,"4"
"1995",212,"Zech McPhearson","CB","Texas Tech",2021,"00-0036917",4,"123",259,"89"
"1996",213,"DJ Daniel","CB","Georgia",2021,NA,NA,"undrafted",259,"undrafted - proj drafted"
"1997",214,"Isaiah McDuffie","LB","Boston College",2021,"00-0036658",6,"220",259,"-6"
"1998",215,"Pooka Williams","RB","Kansas",2021,NA,NA,"undrafted",259,"undrafted - proj drafted"
"1999",216,"Trevon Grimes","WR","Florida",2021,NA,NA,"undrafted",259,"undrafted - proj drafted"
"2000",217,"Ernest Jones","LB","South Carolina",2021,"00-0036994",3,"103",259,"114"
"2001",218,"Robert Jones","IOL","Middle Tennessee State",2021,NA,NA,"undrafted",259,"undrafted - proj drafted"
"2002",219,"Darius Stills","DL","West Virginia",2021,NA,NA,"undrafted",259,"undrafted - proj drafted"
"2003",220,"Rachad Wildgoose","CB","Wisconsin",2021,"00-0036573",6,"213",259,"7"
"2004",221,"Alaric Jackson","OT","Iowa",2021,NA,NA,"undrafted",259,"undrafted - proj drafted"
"2005",222,"Jacob Harris","TE","UCF",2021,"00-0036918",4,"141",259,"81"
"2006",223,"Darrick Forrest","S","Cincinnati",2021,"00-0036638",5,"163",259,"60"
"2007",224,"Tommy Kraemer","IOL","Notre Dame",2021,NA,NA,"undrafted",259,"undrafted - proj drafted"
"2008",225,"Bryce Thompson","CB","Tennessee",2021,NA,NA,"undrafted",259,"undrafted - proj drafted"
"2009",226,"Avery Williams","CB","Boise State",2021,"00-0036950",5,"183",259,"43"
"2010",227,"Royce Newman","IOL","Mississippi",2021,"00-0036631",4,"142",259,"85"
"2011",228,"William Bradley-King","EDGE","Baylor",2021,"00-0036664",7,"240",259,"-12"
"2012",229,"Dan Moore","OT","Texas A&M",2021,"00-0036869",4,"128",259,"101"
"2013",230,"Christian Uphoff","S","Illinois State",2021,NA,NA,"undrafted",259,"undrafted - proj drafted"
"2014",231,"Michal Menet","IOL","Penn State",2021,"00-0036890",7,"247",259,"-16"
"2015",232,"Jack Anderson","IOL","Texas Tech",2021,"00-0036577",7,"236",259,"-4"
"2016",233,"Josh Ball","OT","Marshall",2021,"00-0036886",4,"138",259,"95"
"2017",234,"Tarron Jackson","EDGE","Coastal Carolina",2021,"00-0036921",6,"191",259,"43"
"2018",235,"TaQuon Graham","DL","Texas",2021,"00-0036948",5,"148",259,"87"
"2019",236,"Shawn Davis","S","Florida",2021,"00-0036481",5,"165",259,"71"
"2020",237,"Noah Gray","TE","Duke",2021,"00-0036637",5,"162",259,"75"
"2021",238,"Marlon Williams","WR","UCF",2021,NA,NA,"undrafted",259,"undrafted - proj drafted"
"2022",239,"Tony Poljan","TE","Virginia",2021,NA,NA,"undrafted",259,"undrafted - proj drafted"
"2023",240,"Sam Ehlinger","QB","Texas",2021,"00-0036879",6,"218",259,"22"
"2024",241,"Landon Young","OT","Kentucky",2021,"00-0036930",6,"206",259,"35"
"2025",242,"Shemar Jean-Charles","CB","Appalachian State",2021,"00-0036645",5,"178",259,"64"
"2026",243,"Buddy Johnson","LB","Texas A&M",2021,"00-0036870",4,"140",259,"103"
"2027",244,"Jonathan Adams","WR","Arkansas State",2021,NA,NA,"undrafted",259,"undrafted - proj drafted"
"2028",245,"Shane Buechele","QB","SMU",2021,NA,NA,"undrafted",259,"undrafted - proj drafted"
"2029",246,"Dez Fitzpatrick","WR","Louisville",2021,"00-0036627",4,"109",259,"137"
"2030",247,"Feleipe Franks","QB","Florida",2021,NA,NA,"undrafted",259,"undrafted - proj drafted"
"2031",248,"KJ Britt","LB","Auburn",2021,"00-0036643",5,"176",259,"72"
"2032",249,"Matt Bushman","TE","BYU",2021,NA,NA,"undrafted",259,"undrafted - proj drafted"
"2033",250,"Darren Hall","CB","San Diego State",2021,"00-0036956",4,"108",259,"142"
"2034",251,"Kene Nwangwu","RB","Iowa State",2021,"00-0036842",4,"119",259,"132"
"2035",252,"Tariq Thompson","S","San Diego State",2021,NA,NA,"undrafted",259,"undrafted - proj drafted"
"2036",253,"Tristen Hoge","IOL","BYU",2021,NA,NA,"undrafted",259,"undrafted - proj drafted"
"2037",254,"Wyatt Hubert","EDGE","Kansas State",2021,"00-0036861",7,"235",259,"19"
"2038",255,"Adrian Ealy","OT","Oklahoma",2021,NA,NA,"undrafted",259,"undrafted - proj drafted"
"2039",256,"Zach Davidson","TE","Central Missouri",2021,"00-0036640",5,"168",259,"88"
"2040",257,"Nick Niemann","LB","Iowa",2021,"00-0036648",6,"185",259,"72"
"2041",258,"Larry Borom","OT","Missouri",2021,"00-0036905",5,"151",259,"107"
"2042",259,"Ben Mason","RB","Michigan",2021,"00-0036565",5,"184",259,"75"
"2043",260,"Ian Book","QB","Notre Dame",2021,"00-0036929",4,"133",259,"127"
"2044",261,"Cole Van Lanen","OT","Wisconsin",2021,"00-0036655",6,"214",259,"47"
"2045",262,"Jason Pinnock","CB","Pittsburgh",2021,"00-0036502",5,"175",259,"87"
"2046",263,"Tre Norwood","CB","Oklahoma",2021,"00-0036846",7,"245",259,"18"
"2047",264,"Bryan Mills","CB","North Carolina Central",2021,NA,NA,"undrafted",259,"undrafted - proj undrafted"
"2048",265,"Larry Rountree","RB","Missouri",2021,"00-0036650",6,"198",259,"67"
"2049",266,"Nick Eubanks","TE","Michigan",2021,NA,NA,"undrafted",259,"undrafted - proj undrafted"
"2050",267,"Michael Strachan","WR","Charleston",2021,NA,NA,"undrafted",259,"undrafted - proj undrafted"
"2051",268,"Brady Breeze","S","Oregon",2021,"00-0036656",6,"215",259,"53"
"2052",269,"Briley Moore","TE","Kansas State",2021,NA,NA,"undrafted",259,"undrafted - proj undrafted"
"2053",270,"Mark Gilbert","CB","Duke",2021,NA,NA,"undrafted",259,"undrafted - proj undrafted"
"2054",271,"Evan McPherson","K","Florida",2021,"00-0036854",5,"149",259,"122"
"2055",272,"Quintin Morris","TE","Bowling Green",2021,NA,NA,"undrafted",259,"undrafted - proj undrafted"
"2056",273,"Antonio Nunn","WR","Buffalo",2021,NA,NA,"undrafted",259,"undrafted - proj undrafted"
"2057",274,"Whop Philyor","WR","Indiana",2021,NA,NA,"undrafted",259,"undrafted - proj undrafted"
"2058",275,"William Sherman","OT","Colorado",2021,"00-0036535",6,"197",259,"78"
"2059",276,"Shaun Beyer","TE","Iowa",2021,NA,NA,"undrafted",259,"undrafted - proj undrafted"
"2060",277,"Antonio Phillips","CB","Ball State",2021,NA,NA,"undrafted",259,"undrafted - proj undrafted"
"2061",278,"Carson Green","IOL","Texas A&M",2021,NA,NA,"undrafted",259,"undrafted - proj undrafted"
"2062",279,"Nate Hobbs","CB","Illinois",2021,"00-0036871",5,"167",259,"112"
"2063",280,"Chandon Herring","OT","BYU",2021,NA,NA,"undrafted",259,"undrafted - proj undrafted"
"2064",281,"Naquan Jones","DL","Michigan State",2021,NA,NA,"undrafted",259,"undrafted - proj undrafted"
"2065",282,"Jimmy Morrissey","IOL","Pittsburgh",2021,"00-0036859",7,"230",259,"52"
"2066",283,"Larnel Coleman","OT","UMass",2021,"00-0036575",7,"231",259,"52"
"2067",284,"Gary Brightwell","RB","Arizona",2021,"00-0036569",6,"196",259,"88"
"2068",285,"Pro Wells","TE","TCU",2021,NA,NA,"undrafted",259,"undrafted - proj undrafted"
"2069",286,"Damonte Coxie","WR","Memphis",2021,NA,NA,"undrafted",259,"undrafted - proj undrafted"
"2070",287,"Tuf Borland","LB","Ohio State",2021,NA,NA,"undrafted",259,"undrafted - proj undrafted"
"2071",288,"Mustafa Johnson","DL","Colorado",2021,NA,NA,"undrafted",259,"undrafted - proj undrafted"
"2072",289,"Aashari Crosswell","S","Arizona State",2021,NA,NA,"undrafted",259,"undrafted - proj undrafted"
"2073",290,"Paddy Fisher","LB","Northwestern",2021,NA,NA,"undrafted",259,"undrafted - proj undrafted"
"2074",291,"Luke Farrell","TE","Ohio State",2021,"00-0036887",5,"145",259,"146"
"2075",292,"Amen Ogbongbemiga","LB","Oklahoma State",2021,NA,NA,"undrafted",259,"undrafted - proj undrafted"
"2076",293,"Tyler Vaughns","WR","USC",2021,NA,NA,"undrafted",259,"undrafted - proj undrafted"
"2077",294,"Tre Walker","WR","San Jose State",2021,NA,NA,"undrafted",259,"undrafted - proj undrafted"
"2078",295,"OBryan Goodson","DL","Memphis",2021,NA,NA,"undrafted",259,"undrafted - proj undrafted"
"2079",296,"KJ Stepherson","WR","Notre Dame",2021,NA,NA,"undrafted",259,"undrafted - proj undrafted"
"2080",297,"Brandon Smith","WR","Iowa",2021,NA,NA,"undrafted",259,"undrafted - proj undrafted"
"2081",298,"Riley Cole","LB","South Alabama",2021,NA,NA,"undrafted",259,"undrafted - proj undrafted"
"2082",299,"Bryce Hargrove","IOL","Pittsburgh",2021,NA,NA,"undrafted",259,"undrafted - proj undrafted"
"2083",300,"Earnest Brown","EDGE","Northwestern",2021,"00-0036855",5,"174",259,"126"
"2084",301,"Quinton Bohanna","DL","Kentucky",2021,"00-0036649",6,"192",259,"109"
"2085",302,"Kayode Awosika","OT","Buffalo",2021,NA,NA,"undrafted",259,"undrafted - proj undrafted"
"2086",303,"Gerrid Doaks","RB","Cincinnati",2021,"00-0036578",7,"244",259,"59"
"2087",304,"Jose Borregales","K","Miami (FL)",2021,NA,NA,"undrafted",259,"undrafted - proj undrafted"
"2088",305,"Malik Herring","DL","Georgia",2021,NA,NA,"undrafted",259,"undrafted - proj undrafted"
"2089",306,"Anthony Hines","LB","Texas A&M",2021,NA,NA,"undrafted",259,"undrafted - proj undrafted"
"2090",307,"Max Duffy","P","Kentucky",2021,NA,NA,"undrafted",259,"undrafted - proj undrafted"
"2091",308,"Rakeem Boyd","RB","Arkansas",2021,NA,NA,"undrafted",259,"undrafted - proj undrafted"
"2092",309,"Carlo Kemp","DL","Michigan",2021,NA,NA,"undrafted",259,"undrafted - proj undrafted"
"2093",310,"Tim Jones","WR","Southern Miss",2021,NA,NA,"undrafted",259,"undrafted - proj undrafted"
"2094",311,"Chris Brown","S","Texas",2021,NA,NA,"undrafted",259,"undrafted - proj undrafted"
"2095",312,"Jordon Scott","DL","Oregon",2021,NA,NA,"undrafted",259,"undrafted - proj undrafted"
"2096",313,"Raymond Johnson","EDGE","Georgia Southern",2021,NA,NA,"undrafted",259,"undrafted - proj undrafted"
"2097",314,"Brandon Stephens","CB","SMU",2021,"00-0036987",3,"104",259,"210"
"2098",315,"KJ Costello","QB","Mississippi State",2021,NA,NA,"undrafted",259,"undrafted - proj undrafted"
"2099",316,"Drue Chrisman","P","Ohio State",2021,NA,NA,"undrafted",259,"undrafted - proj undrafted"
"2100",317,"Drew Himmelman","OT","Illinois State",2021,NA,NA,"undrafted",259,"undrafted - proj undrafted"
"2101",318,"Grant Stuard","LB","Houston",2021,"00-0036672",7,"259",259,"59"
"2102",319,"Jalen Camp","WR","Georgia Tech",2021,"00-0036858",6,"209",259,"110"
"2103",320,"Emmanuel Rugamba","CB","Miami (FL)",2021,NA,NA,"undrafted",259,"undrafted - proj undrafted"
"2104",321,"Erroll Thompson","LB","Mississippi State",2021,NA,NA,"undrafted",259,"undrafted - proj undrafted"
"2105",322,"Will Fries","OT","Penn State",2021,"00-0036483",7,"248",259,"74"
"2106",323,"Warren Jackson","WR","Colorado State",2021,NA,NA,"undrafted",259,"undrafted - proj undrafted"
"2107",324,"Cary Angeline","TE","NC State",2021,NA,NA,"undrafted",259,"undrafted - proj undrafted"
"2108",325,"Eric Burrell","S","Wisconsin",2021,NA,NA,"undrafted",259,"undrafted - proj undrafted"
"2109",326,"Brady White","QB","Memphis",2021,NA,NA,"undrafted",259,"undrafted - proj undrafted"
"2110",327,"TJ Vasher","WR","Texas Tech",2021,NA,NA,"undrafted",259,"undrafted - proj undrafted"
"2111",328,"Mark Webb","S","Georgia",2021,"00-0036665",7,"241",259,"87"
"2112",329,"Ben Skowronek","WR","Notre Dame",2021,"00-0036862",7,"249",259,"80"
"2113",330,"Marquiss Spencer","DL","Mississippi State",2021,"00-0036668",7,"253",259,"77"
"2114",331,"Michael Carter","CB","Duke",2021,"00-0036924",4,"107",259,"224"
"2115",331,"Michael Carter","CB","Duke",2021,"00-0036501",5,"154",259,"177"
"2116",332,"Peyton Ramsey","QB","Northwestern",2021,NA,NA,"undrafted",259,"undrafted - proj undrafted"
"2117",333,"Racey McMath","WR","LSU",2021,"00-0036652",6,"205",259,"128"
"2118",334,"Austin Faoliu","DL","Oregon",2021,NA,NA,"undrafted",259,"undrafted - proj undrafted"
"2119",335,"Jack Stoll","TE","Nebraska",2021,NA,NA,"undrafted",259,"undrafted - proj undrafted"
"2120",336,"Jared Hocker","IOL","Texas A&M",2021,NA,NA,"undrafted",259,"undrafted - proj undrafted"
"2121",337,"Dylan Soehner","TE","Iowa State",2021,NA,NA,"undrafted",259,"undrafted - proj undrafted"
"2122",338,"CJ Marable","RB","Coastal Carolina",2021,NA,NA,"undrafted",259,"undrafted - proj undrafted"
"2123",339,"Damon Hazelton","WR","Missouri",2021,NA,NA,"undrafted",259,"undrafted - proj undrafted"
"2124",340,"James Smith","P","Cincinnati",2021,NA,NA,"undrafted",259,"undrafted - proj undrafted"
"2125",341,"Miller Forristall","TE","Alabama",2021,NA,NA,"undrafted",259,"undrafted - proj undrafted"
"2126",342,"Tyler Coyle","S","Purdue",2021,NA,NA,"undrafted",259,"undrafted - proj undrafted"
"2127",343,"Darius Hodge","EDGE","Marshall",2021,NA,NA,"undrafted",259,"undrafted - proj undrafted"
"2128",344,"Deon Jackson","RB","Duke",2021,NA,NA,"undrafted",259,"undrafted - proj undrafted"
"2129",345,"Brandin Echols","CB","Kentucky",2021,"00-0036504",6,"200",259,"145"
"2130",346,"Pressley Harvin","P","Georgia Tech",2021,"00-0036847",7,"254",259,"92"
"2131",347,"Syrus Tuitele","OT","Fresno State",2021,NA,NA,"undrafted",259,"undrafted - proj undrafted"
"2132",348,"Nahshon Wright","CB","Oregon State",2021,"00-0036986",3,"99",259,"249"
"2133",349,"Rico Bussey","WR","North Texas",2021,NA,NA,"undrafted",259,"undrafted - proj undrafted"
"2134",350,"BJ Emmons","RB","Florida Atlantic",2021,NA,NA,"undrafted",259,"undrafted - proj undrafted"
"2135",351,"Caleb Huntley","RB","Ball State",2021,NA,NA,"undrafted",259,"undrafted - proj undrafted"
"2136",352,"Isaiahh Loudermilk","DL","Wisconsin",2021,"00-0036843",5,"156",259,"196"
"2137",353,"Eli Stove","WR","Auburn",2021,NA,NA,"undrafted",259,"undrafted - proj undrafted"
"2138",354,"Jerome Johnson","DL","Indiana",2021,NA,NA,"undrafted",259,"undrafted - proj undrafted"
"2139",355,"Harry Crider","IOL","Indiana",2021,NA,NA,"undrafted",259,"undrafted - proj undrafted"
"2140",356,"Lamont Wade","S","Penn State",2021,NA,NA,"undrafted",259,"undrafted - proj undrafted"
"2141",357,"Brett Heggie","IOL","Florida",2021,NA,NA,"undrafted",259,"undrafted - proj undrafted"
"2142",358,"Jake Curhan","IOL","California",2021,NA,NA,"undrafted",259,"undrafted - proj undrafted"
"2143",359,"Foster Sarell","OT","Stanford",2021,NA,NA,"undrafted",259,"undrafted - proj undrafted"
"2144",360,"Riley Patterson","K","Memphis",2021,NA,NA,"undrafted",259,"undrafted - proj undrafted"
"2145",361,"Brenden Knox","RB","Marshall",2021,NA,NA,"undrafted",259,"undrafted - proj undrafted"
"2146",362,"Brady Davis","QB","Memphis",2021,NA,NA,"undrafted",259,"undrafted - proj undrafted"
"2147",363,"Chris Wilcox","CB","BYU",2021,"00-0036667",7,"251",259,"112"
"2148",364,"Rayshard Ashby","LB","Virginia Tech",2021,NA,NA,"undrafted",259,"undrafted - proj undrafted"
"2149",365,"Ryan Neuzil","IOL","Appalachian State",2021,NA,NA,"undrafted",259,"undrafted - proj undrafted"
"2150",366,"Roy Lopez","DL","Arizona",2021,"00-0036568",6,"195",259,"171"
"2151",367,"Trey Ragas","RB","Louisiana-Lafayette",2021,NA,NA,"undrafted",259,"undrafted - proj undrafted"
"2152",368,"Justin Henderson","RB","Louisiana Tech",2021,NA,NA,"undrafted",259,"undrafted - proj undrafted"
"2153",369,"Donovan Stiner","S","Florida",2021,NA,NA,"undrafted",259,"undrafted - proj undrafted"
"2154",370,"DAngelo Amos","S","Virginia",2021,NA,NA,"undrafted",259,"undrafted - proj undrafted"
"2155",371,"Brennan Eagles","WR","Texas",2021,NA,NA,"undrafted",259,"undrafted - proj undrafted"
"2156",372,"Drew Wiley","DL","Kansas State",2021,NA,NA,"undrafted",259,"undrafted - proj undrafted"
"2157",373,"JaQuan Hardy","RB","Tiffin",2021,NA,NA,"undrafted",259,"undrafted - proj undrafted"
"2158",374,"JR Pace","S","Northwestern",2021,NA,NA,"undrafted",259,"undrafted - proj undrafted"
"2159",375,"Jon Rhattigan","LB","Army",2021,NA,NA,"undrafted",259,"undrafted - proj undrafted"
"2160",376,"Jaelin Fisher","IOL","Charlotte",2021,NA,NA,"undrafted",259,"undrafted - proj undrafted"
"2161",377,"Connor Wedington","WR","Stanford",2021,NA,NA,"undrafted",259,"undrafted - proj undrafted"
"2162",378,"Elijah Ponder","EDGE","Cincinnati",2021,NA,NA,"undrafted",259,"undrafted - proj undrafted"
"2163",379,"Isaiah Dunn","CB","Oregon State",2021,NA,NA,"undrafted",259,"undrafted - proj undrafted"
"2164",380,"Dillon Stoner","WR","Oklahoma State",2021,NA,NA,"undrafted",259,"undrafted - proj undrafted"
"2165",381,"Greg McCrae","RB","UCF",2021,NA,NA,"undrafted",259,"undrafted - proj undrafted"
"2166",382,"Justus Reed","EDGE","Virginia Tech",2021,NA,NA,"undrafted",259,"undrafted - proj undrafted"
"2167",383,"Myron Mitchell","WR","UAB",2021,NA,NA,"undrafted",259,"undrafted - proj undrafted"
"2168",384,"Tre Nixon","WR","UCF",2021,"00-0036536",7,"242",259,"142"
"2169",385,"Romeo McKnight","EDGE","Charlotte",2021,NA,NA,"undrafted",259,"undrafted - proj undrafted"
"2170",386,"Adrian Hardy","WR","Louisiana Tech",2021,NA,NA,"undrafted",259,"undrafted - proj undrafted"
"2171",387,"JaQuan Bailey","EDGE","Iowa State",2021,NA,NA,"undrafted",259,"undrafted - proj undrafted"
"2172",388,"Blake Proehl","WR","East Carolina",2021,NA,NA,"undrafted",259,"undrafted - proj undrafted"
"2173",389,"Otis Anderson","RB","UCF",2021,NA,NA,"undrafted",259,"undrafted - proj undrafted"
"2174",390,"Teton Saltes","OT","New Mexico",2021,NA,NA,"undrafted",259,"undrafted - proj undrafted"
"2175",391,"Zach Smith","QB","Tulsa",2021,NA,NA,"undrafted",259,"undrafted - proj undrafted"
"2176",392,"Jarrod Hewitt","DL","Virginia Tech",2021,NA,NA,"undrafted",259,"undrafted - proj undrafted"
"2177",393,"Alex Kessman","K","Pittsburgh",2021,NA,NA,"undrafted",259,"undrafted - proj undrafted"
"2178",394,"Jordyn Peters","S","Auburn",2021,NA,NA,"undrafted",259,"undrafted - proj undrafted"
"2179",395,"Mason Stokke","RB","Wisconsin",2021,NA,NA,"undrafted",259,"undrafted - proj undrafted"
"2180",396,"Isaiah McKoy","WR","Kent State",2021,NA,NA,"undrafted",259,"undrafted - proj undrafted"
"2181",397,"Nolan Laufenberg","IOL","Air Force",2021,NA,NA,"undrafted",259,"undrafted - proj undrafted"
"2182",398,"Garrett Groshek","RB","Wisconsin",2021,NA,NA,"undrafted",259,"undrafted - proj undrafted"
"2183",399,"Stevie Scott","RB","Indiana",2021,NA,NA,"undrafted",259,"undrafted - proj undrafted"
"2184",400,"Kion Smith","IOL","Fayetteville State",2021,NA,NA,"undrafted",259,"undrafted - proj undrafted"
"2185",401,"Lorenzo Burns","CB","Arizona",2021,NA,NA,"undrafted",259,"undrafted - proj undrafted"
"2186",402,"Javon McKinley","WR","Notre Dame",2021,NA,NA,"undrafted",259,"undrafted - proj undrafted"
"2187",403,"Antjuan Simmons","LB","Michigan State",2021,NA,NA,"undrafted",259,"undrafted - proj undrafted"
"2188",404,"Asim Rose","RB","Kentucky",2021,NA,NA,"undrafted",259,"undrafted - proj undrafted"
"2189",405,"Chris Garrett","EDGE","Concordia",2021,"00-0036863",7,"252",259,"153"
"2190",406,"Jake Funk","RB","Maryland",2021,"00-0036860",7,"233",259,"173"
"2191",407,"Jamar Watson","EDGE","Kentucky",2021,NA,NA,"undrafted",259,"undrafted - proj undrafted"
"2192",408,"Blake Haubeil","K","Ohio State",2021,NA,NA,"undrafted",259,"undrafted - proj undrafted"
"2193",409,"Tory Carter","RB","LSU",2021,NA,NA,"undrafted",259,"undrafted - proj undrafted"
"2194",410,"Darius Harper","OT","Cincinnati",2021,NA,NA,"undrafted",259,"undrafted - proj undrafted"
"2195",411,"David Curry","LB","Georgia Tech",2021,NA,NA,"undrafted",259,"undrafted - proj undrafted"
"2196",412,"Zac Thomas","QB","Appalachian State",2021,NA,NA,"undrafted",259,"undrafted - proj undrafted"
"2197",413,"Donavaughn Campbell","OT","Louisiana Tech",2021,NA,NA,"undrafted",259,"undrafted - proj undrafted"
"2198",414,"Calvin Ashley","OT","Florida A&M",2021,NA,NA,"undrafted",259,"undrafted - proj undrafted"
"2199",415,"Curtis Robinson","LB","Stanford",2021,NA,NA,"undrafted",259,"undrafted - proj undrafted"
"2200",416,"Ryan McCollum","IOL","Texas A&M",2021,NA,NA,"undrafted",259,"undrafted - proj undrafted"
"2201",417,"Forrest Merrill","DL","Arkansas State",2021,NA,NA,"undrafted",259,"undrafted - proj undrafted"
"2202",418,"Lorenzo Neal","DL","Purdue",2021,NA,NA,"undrafted",259,"undrafted - proj undrafted"
"2203",419,"Jared Goldwire","DL","Louisville",2021,NA,NA,"undrafted",259,"undrafted - proj undrafted"
"2204",420,"Jhamon Ausbon","WR","Texas A&M",2021,NA,NA,"undrafted",259,"undrafted - proj undrafted"
"2205",421,"Mike Hampton","S","South Florida",2021,NA,NA,"undrafted",259,"undrafted - proj undrafted"
"2206",422,"Dicaprio Bootle","CB","Nebraska",2021,NA,NA,"undrafted",259,"undrafted - proj undrafted"
"2207",423,"Giles Amos","TE","Arkansas State",2021,NA,NA,"undrafted",259,"undrafted - proj undrafted"
"2208",424,"Zayne Anderson","LB","BYU",2021,NA,NA,"undrafted",259,"undrafted - proj undrafted"
"2209",425,"Daniel Archibong","DL","Temple",2021,NA,NA,"undrafted",259,"undrafted - proj undrafted"
"2210",426,"Jaytlin Askew","S","Georgia Tech",2021,NA,NA,"undrafted",259,"undrafted - proj undrafted"
"2211",427,"Kawaan Baker","WR","South Alabama",2021,"00-0036939",7,"255",259,"172"
"2212",428,"Cole Banwart","IOL","Iowa",2021,NA,NA,"undrafted",259,"undrafted - proj undrafted"
"2213",429,"Adam Bay","LS","Wisconsin",2021,NA,NA,"undrafted",259,"undrafted - proj undrafted"
"2214",430,"Tavante Beckett","LB","Marshall",2021,NA,NA,"undrafted",259,"undrafted - proj undrafted"
"2215",431,"Chase Behrndt","IOL","West Virginia",2021,NA,NA,"undrafted",259,"undrafted - proj undrafted"
"2216",432,"Tarik Black","WR","Michigan",2021,NA,NA,"undrafted",259,"undrafted - proj undrafted"
"2217",433,"Josh Blancato","WR","Georgia Tech",2021,NA,NA,"undrafted",259,"undrafted - proj undrafted"
"2218",434,"Michael Boykin","DL","Louisville",2021,NA,NA,"undrafted",259,"undrafted - proj undrafted"
"2219",435,"Josiah Bronson","DL","Washington",2021,NA,NA,"undrafted",259,"undrafted - proj undrafted"
"2220",436,"Kimere Brown","CB","Temple",2021,NA,NA,"undrafted",259,"undrafted - proj undrafted"
"2221",437,"John Brunner","IOL","North Texas",2021,NA,NA,"undrafted",259,"undrafted - proj undrafted"
"2222",438,"Calvin Bundage","LB","Oklahoma State",2021,NA,NA,"undrafted",259,"undrafted - proj undrafted"
"2223",439,"Wesley Burris","LS","Kansas State",2021,NA,NA,"undrafted",259,"undrafted - proj undrafted"
"2224",440,"Jake Burton","IOL","Baylor",2021,NA,NA,"undrafted",259,"undrafted - proj undrafted"
"2225",441,"Kyree Campbell","DL","Florida",2021,NA,NA,"undrafted",259,"undrafted - proj undrafted"
"2226",442,"Joseph Carlson","K","Air Force",2021,NA,NA,"undrafted",259,"undrafted - proj undrafted"
"2227",443,"JC Chalk","TE","Clemson",2021,NA,NA,"undrafted",259,"undrafted - proj undrafted"
"2228",444,"Ramaud Chiaokhiao-Bowman","WR","Northwestern",2021,NA,NA,"undrafted",259,"undrafted - proj undrafted"
"2229",445,"Mallory Claybourne","CB","Coastal Carolina",2021,NA,NA,"undrafted",259,"undrafted - proj undrafted"
"2230",446,"Nolan Cooney","P","Syracuse",2021,NA,NA,"undrafted",259,"undrafted - proj undrafted"
"2231",447,"Seth Cottengim","S","Arkansas State",2021,NA,NA,"undrafted",259,"undrafted - proj undrafted"
"2232",448,"Jack Crane","K","Wake Forest",2021,NA,NA,"undrafted",259,"undrafted - proj undrafted"
"2233",449,"Daniel Crawford","TE","Northern Illinois",2021,NA,NA,"undrafted",259,"undrafted - proj undrafted"
"2234",450,"Shaun Crawford","S","Notre Dame",2021,NA,NA,"undrafted",259,"undrafted - proj undrafted"
"2235",451,"Corey Dauphine","RB","Tulane",2021,NA,NA,"undrafted",259,"undrafted - proj undrafted"
"2236",452,"Bryson Denley","RB","Bowling Green",2021,NA,NA,"undrafted",259,"undrafted - proj undrafted"
"2237",453,"Jon Dietzen","IOL","Wisconsin",2021,NA,NA,"undrafted",259,"undrafted - proj undrafted"
"2238",454,"Brett DioGuardi","LS","Florida",2021,NA,NA,"undrafted",259,"undrafted - proj undrafted"
"2239",455,"DeVontres Dukes","WR","South Florida",2021,NA,NA,"undrafted",259,"undrafted - proj undrafted"
"2240",456,"Keith Duncan","K","Iowa",2021,NA,NA,"undrafted",259,"undrafted - proj undrafted"
"2241",457,"Wes Dvorak","S","Iowa",2021,NA,NA,"undrafted",259,"undrafted - proj undrafted"
"2242",458,"Milo Eifler","LB","Illinois",2021,NA,NA,"undrafted",259,"undrafted - proj undrafted"
"2243",459,"Dorian Etheridge","LB","Louisville",2021,NA,NA,"undrafted",259,"undrafted - proj undrafted"
"2244",460,"Dillon Faamatau","DL","Oklahoma",2021,NA,NA,"undrafted",259,"undrafted - proj undrafted"
"2245",461,"Matt Farniok","IOL","Nebraska",2021,"00-0036663",7,"238",259,"223"
"2246",462,"Parker Ferguson","OT","Air Force",2021,NA,NA,"undrafted",259,"undrafted - proj undrafted"
"2247",463,"Thomas Fletcher","LS","Alabama",2021,"00-0036574",6,"222",259,"241"
"2248",464,"Bailey Gaither","WR","San Jose State",2021,NA,NA,"undrafted",259,"undrafted - proj undrafted"
"2249",465,"Blake Gallagher","LB","Northwestern",2021,NA,NA,"undrafted",259,"undrafted - proj undrafted"
"2250",466,"Noah Hannon","IOL","Appalachian State",2021,NA,NA,"undrafted",259,"undrafted - proj undrafted"
"2251",467,"Scooter Harrington","TE","Stanford",2021,NA,NA,"undrafted",259,"undrafted - proj undrafted"
"2252",468,"Jaylen Harris","WR","Ohio State",2021,NA,NA,"undrafted",259,"undrafted - proj undrafted"
"2253",469,"Jake Hausmann","TE","Ohio State",2021,NA,NA,"undrafted",259,"undrafted - proj undrafted"
"2254",470,"Jack Heflin","DL","Iowa",2021,NA,NA,"undrafted",259,"undrafted - proj undrafted"
"2255",471,"Grant Hermanns","IOL","Purdue",2021,NA,NA,"undrafted",259,"undrafted - proj undrafted"
"2256",472,"Phil Hoskins","DL","Kentucky",2021,"00-0036576",7,"232",259,"240"
"2257",473,"Justin Hughes","LB","Kansas State",2021,NA,NA,"undrafted",259,"undrafted - proj undrafted"
"2258",474,"Jerry Jacobs","S","Arkansas",2021,NA,NA,"undrafted",259,"undrafted - proj undrafted"
"2259",475,"Adam Jewell","IOL","Air Force",2021,NA,NA,"undrafted",259,"undrafted - proj undrafted"
"2260",476,"Sterling Johnson","DL","Coastal Carolina",2021,NA,NA,"undrafted",259,"undrafted - proj undrafted"
"2261",477,"Johnathon Johnson","WR","Missouri",2021,NA,NA,"undrafted",259,"undrafted - proj undrafted"
"2262",478,"Josh Johnson","RB","Louisiana-Monroe",2021,NA,NA,"undrafted",259,"undrafted - proj undrafted"
"2263",479,"Zeandae Johnson","DL","California",2021,NA,NA,"undrafted",259,"undrafted - proj undrafted"
"2264",480,"Jamal Jones","RB","Arkansas State",2021,NA,NA,"undrafted",259,"undrafted - proj undrafted"
"2265",481,"Hunter Kampmoyer","TE","Oregon",2021,NA,NA,"undrafted",259,"undrafted - proj undrafted"
"2266",482,"Xavier Kelly","DL","Arkansas",2021,NA,NA,"undrafted",259,"undrafted - proj undrafted"
"2267",483,"Devon Key","S","Western Kentucky",2021,NA,NA,"undrafted",259,"undrafted - proj undrafted"
"2268",484,"Cameron Kinley","CB","Navy",2021,NA,NA,"undrafted",259,"undrafted - proj undrafted"
"2269",485,"Logan Klusman","LS","Kansas",2021,NA,NA,"undrafted",259,"undrafted - proj undrafted"
"2270",486,"Ben Knutson","IOL","Tulane",2021,NA,NA,"undrafted",259,"undrafted - proj undrafted"
"2271",487,"Adam Krumholz","WR","Wisconsin",2021,NA,NA,"undrafted",259,"undrafted - proj undrafted"
"2272",488,"Bruno Labelle","TE","Cincinnati",2021,NA,NA,"undrafted",259,"undrafted - proj undrafted"
"2273",489,"Riley Lees","WR","Northwestern",2021,NA,NA,"undrafted",259,"undrafted - proj undrafted"
"2274",490,"Jeremiah Littles","DL","South Alabama",2021,NA,NA,"undrafted",259,"undrafted - proj undrafted"
"2275",491,"Blake Lynch","K","Kansas State",2021,NA,NA,"undrafted",259,"undrafted - proj undrafted"
"2276",492,"Artayvious Lynn","TE","TCU",2021,NA,NA,"undrafted",259,"undrafted - proj undrafted"
"2277",493,"Branden Mack","WR","Temple",2021,NA,NA,"undrafted",259,"undrafted - proj undrafted"
"2278",494,"Mac McCain","S","North Carolina A&T",2021,NA,NA,"undrafted",259,"undrafted - proj undrafted"
"2279",495,"Khalil McClain","WR","Troy",2021,NA,NA,"undrafted",259,"undrafted - proj undrafted"
"2280",496,"Jaylon McClain-Sapp","S","Marshall",2021,NA,NA,"undrafted",259,"undrafted - proj undrafted"
"2281",497,"Nick McCloud","CB","Notre Dame",2021,NA,NA,"undrafted",259,"undrafted - proj undrafted"
"2282",498,"Sandon McCoy","RB","Army",2021,NA,NA,"undrafted",259,"undrafted - proj undrafted"
"2283",499,"Joshua McMillon","LB","Alabama",2021,NA,NA,"undrafted",259,"undrafted - proj undrafted"
"2284",500,"Trae Meadows","S","Western Kentucky",2021,NA,NA,"undrafted",259,"undrafted - proj undrafted"
"2285",501,"Jordan Meredith","IOL","Western Kentucky",2021,NA,NA,"undrafted",259,"undrafted - proj undrafted"
"2286",502,"Scott Meyer","LS","Vanderbilt",2021,NA,NA,"undrafted",259,"undrafted - proj undrafted"
"2287",503,"Dedrick Mills","RB","Nebraska",2021,NA,NA,"undrafted",259,"undrafted - proj undrafted"
"2288",504,"Andre Mintze","LB","Vanderbilt",2021,NA,NA,"undrafted",259,"undrafted - proj undrafted"
"2289",505,"EJ Muhammad","S","Nevada",2021,NA,NA,"undrafted",259,"undrafted - proj undrafted"
"2290",506,"Jonathan Nance","WR","Missouri",2021,NA,NA,"undrafted",259,"undrafted - proj undrafted"
"2291",507,"Nick Oelrich","S","Florida",2021,NA,NA,"undrafted",259,"undrafted - proj undrafted"
"2292",508,"AJ Parker","S","Kansas State",2021,NA,NA,"undrafted",259,"undrafted - proj undrafted"
"2293",509,"Josh Pederson","TE","Louisiana-Monroe",2021,NA,NA,"undrafted",259,"undrafted - proj undrafted"
"2294",510,"Nick Pickett","S","Oregon",2021,NA,NA,"undrafted",259,"undrafted - proj undrafted"
"2295",511,"Kyle Poland","LS","West Virginia",2021,NA,NA,"undrafted",259,"undrafted - proj undrafted"
"2296",512,"John Raine","TE","Northwestern",2021,NA,NA,"undrafted",259,"undrafted - proj undrafted"
"2297",513,"Zach Von Rosenberg","P","LSU",2021,NA,NA,"undrafted",259,"undrafted - proj undrafted"
"2298",514,"Dionte Ruffin","S","Western Kentucky",2021,NA,NA,"undrafted",259,"undrafted - proj undrafted"
"2299",515,"KJ Sails","S","South Florida",2021,NA,NA,"undrafted",259,"undrafted - proj undrafted"
"2300",516,"Mekhi Sargent","RB","Iowa",2021,NA,NA,"undrafted",259,"undrafted - proj undrafted"
"2301",517,"Thomas Schaffer","DL","Stanford",2021,NA,NA,"undrafted",259,"undrafted - proj undrafted"
"2302",518,"Ry Schneider","IOL","Oklahoma State",2021,NA,NA,"undrafted",259,"undrafted - proj undrafted"
"2303",519,"Jacob Shoemaker","IOL","South Alabama",2021,NA,NA,"undrafted",259,"undrafted - proj undrafted"
"2304",520,"George Silvanic","DL","Air Force",2021,NA,NA,"undrafted",259,"undrafted - proj undrafted"
"2305",521,"Trystan Slinker","LB","Baylor",2021,NA,NA,"undrafted",259,"undrafted - proj undrafted"
"2306",522,"Shaq Smith","LB","Maryland",2021,NA,NA,"undrafted",259,"undrafted - proj undrafted"
"2307",523,"Brad Stewart","S","Florida",2021,NA,NA,"undrafted",259,"undrafted - proj undrafted"
"2308",524,"Corey Straughter","CB","Louisiana-Monroe",2021,NA,NA,"undrafted",259,"undrafted - proj undrafted"
"2309",525,"Elijah Sullivan","LB","Kansas State",2021,NA,NA,"undrafted",259,"undrafted - proj undrafted"
"2310",526,"Jovan Swann","DL","Indiana",2021,NA,NA,"undrafted",259,"undrafted - proj undrafted"
"2311",527,"Tim Tanner-Blair","IOL","Bowling Green",2021,NA,NA,"undrafted",259,"undrafted - proj undrafted"
"2312",528,"Kiondre Thomas","S","Kansas State",2021,NA,NA,"undrafted",259,"undrafted - proj undrafted"
"2313",529,"Tyree Thompson","LB","Buffalo",2021,NA,NA,"undrafted",259,"undrafted - proj undrafted"
"2314",530,"Kevin Thomson","QB","Washington",2021,NA,NA,"undrafted",259,"undrafted - proj undrafted"
"2315",531,"Jet Toner","K","Stanford",2021,NA,NA,"undrafted",259,"undrafted - proj undrafted"
"2316",532,"Harry Trotter","RB","Kansas State",2021,NA,NA,"undrafted",259,"undrafted - proj undrafted"
"2317",533,"Carl Tucker","TE","Alabama",2021,NA,NA,"undrafted",259,"undrafted - proj undrafted"
"2318",534,"Israel Tucker","RB","Louisiana Tech",2021,NA,NA,"undrafted",259,"undrafted - proj undrafted"
"2319",535,"Ethan Tucky","LB","Cincinnati",2021,NA,NA,"undrafted",259,"undrafted - proj undrafted"
"2320",536,"Evan Tyler","S","Boise State",2021,NA,NA,"undrafted",259,"undrafted - proj undrafted"
"2321",537,"Gunnar Vogel","IOL","Northwestern",2021,NA,NA,"undrafted",259,"undrafted - proj undrafted"
"2322",538,"Coby Weiss","K","South Florida",2021,NA,NA,"undrafted",259,"undrafted - proj undrafted"
"2323",539,"Devon Wharton","DL","Western Kentucky",2021,NA,NA,"undrafted",259,"undrafted - proj undrafted"
"2324",540,"Jarell White","LB","Cincinnati",2021,NA,NA,"undrafted",259,"undrafted - proj undrafted"
"2325",541,"Brendon White","S","Rutgers",2021,NA,NA,"undrafted",259,"undrafted - proj undrafted"
"2326",542,"Haydon Whitehead","P","Indiana",2021,NA,NA,"undrafted",259,"undrafted - proj undrafted"
"2327",543,"Adam Williams","P","Memphis",2021,NA,NA,"undrafted",259,"undrafted - proj undrafted"
"2328",544,"Carson Williams","IOL","Arkansas State",2021,NA,NA,"undrafted",259,"undrafted - proj undrafted"
"2329",545,"Brock Wright","TE","Notre Dame",2021,NA,NA,"undrafted",259,"undrafted - proj undrafted"
"2330",546,"Devonte Young","S","Iowa",2021,NA,NA,"undrafted",259,"undrafted - proj undrafted"
"2331",547,"Camaron Cheeseman","LS","Michigan",2021,"00-0036659",6,"225",259,"322"
"2332",548,"Shane Simpson","RB","Virginia",2021,NA,NA,"undrafted",259,"undrafted - proj undrafted"
"2333",549,"Osirus Mitchell","WR","Mississippi State",2021,NA,NA,"undrafted",259,"undrafted - proj undrafted"
"2334",550,"Terrell Jana","WR","Virginia",2021,NA,NA,"undrafted",259,"undrafted - proj undrafted"
"2335",551,"Coy Cronk","OT","Iowa",2021,NA,NA,"undrafted",259,"undrafted - proj undrafted"
"2336",552,"Ray Thomas-Ishman","IOL","Buffalo",2021,NA,NA,"undrafted",259,"undrafted - proj undrafted"
"2337",553,"Cameron Murray","DL","Oklahoma State",2021,NA,NA,"undrafted",259,"undrafted - proj undrafted"
"2338",554,"Leighton McCarthy","EDGE","Florida Atlantic",2021,NA,NA,"undrafted",259,"undrafted - proj undrafted"
"2339",555,"Rodjay Burns","EDGE","Louisville",2021,NA,NA,"undrafted",259,"undrafted - proj undrafted"
"2340",556,"Isaiah Kaufusi","LB","BYU",2021,NA,NA,"undrafted",259,"undrafted - proj undrafted"
"2341",557,"Zane Zandier","LB","Virginia",2021,NA,NA,"undrafted",259,"undrafted - proj undrafted"
"2342",558,"Max Richardson","LB","Boston College",2021,NA,NA,"undrafted",259,"undrafted - proj undrafted"
"2343",559,"Brontae Harris","CB","UAB",2021,NA,NA,"undrafted",259,"undrafted - proj undrafted"
"2344",560,"Dwayne Johnson","S","San Diego State",2021,NA,NA,"undrafted",259,"undrafted - proj undrafted"
"2345",561,"Troy Warner","S","BYU",2021,NA,NA,"undrafted",259,"undrafted - proj undrafted"
"2346",562,"Ben DeLuca","S","Charlotte",2021,NA,NA,"undrafted",259,"undrafted - proj undrafted"
"2347",563,"Brennan Thieneman","S","Purdue",2021,NA,NA,"undrafted",259,"undrafted - proj undrafted"
"2348",564,"Kyel Hemby","S","Southern Miss",2021,NA,NA,"undrafted",259,"undrafted - proj undrafted"
"2349",565,"Jamal Hines","EDGE","Toledo",2021,NA,NA,"undrafted",259,"undrafted - proj undrafted"
"2350",566,"Eli Howard","EDGE","Texas Tech",2021,NA,NA,"undrafted",259,"undrafted - proj undrafted"
"2351",567,"Marcus Murphy","S","Mississippi State",2021,NA,NA,"undrafted",259,"undrafted - proj undrafted"
"2352",568,"Antwan Davis","WR","Ball State",2021,NA,NA,"undrafted",259,"undrafted - proj undrafted"
"2353",569,"Denzel Okafor","OT","Texas",2021,NA,NA,"undrafted",259,"undrafted - proj undrafted"
"2354",570,"Micheal Clemons","EDGE","Texas A&M",2021,NA,NA,"undrafted",259,"undrafted - proj undrafted"
"2355",571,"Greg Eiland","IOL","Mississippi State",2021,NA,NA,"undrafted",259,"undrafted - proj undrafted"
"2356",572,"Brenton Nelson","CB","Virginia",2021,NA,NA,"undrafted",259,"undrafted - proj undrafted"
"2357",573,"Kenny Randall","DL","Charleston",2021,NA,NA,"undrafted",259,"undrafted - proj undrafted"
"2358",1,"Aidan Hutchinson","EDGE","Michigan",2022,"00-0037236",1,"2",262,"-1"
"2359",2,"Travon Walker","EDGE","Georgia",2022,"00-0037235",1,"1",262,"1"
"2360",3,"Kayvon Thibodeaux","EDGE","Oregon",2022,"00-0037611",1,"5",262,"-2"
"2361",4,"Evan Neal","OT","Alabama",2022,"00-0037612",1,"7",262,"-3"
"2362",5,"Ikem Ekwonu","OT","NC State",2022,"00-0037229",1,"6",262,"-1"
"2363",6,"Ahmad Gardner","CB","Cincinnati",2022,"00-0037190",1,"4",262,"2"
"2364",7,"Derek Stingley","CB","LSU",2022,"00-0037237",1,"3",262,"4"
"2365",8,"Charles Cross","OT","Mississippi State",2022,"00-0037821",1,"9",262,"-1"
"2366",9,"Kyle Hamilton","S","Notre Dame",2022,"00-0038038",1,"14",262,"-5"
"2367",10,"Malik Willis","QB","Liberty",2022,"00-0038128",3,"86",262,"-76"
"2368",11,"Jermaine Johnson","EDGE","Florida State",2022,"00-0037663",1,"26",262,"-15"
"2369",12,"Garrett Wilson","WR","Ohio State",2022,"00-0037740",1,"10",262,"2"
"2370",13,"Drake London","WR","USC",2022,"00-0037238",1,"8",262,"5"
"2371",14,"Jameson Williams","WR","Alabama",2022,"00-0037240",1,"12",262,"2"
"2372",15,"Kenny Pickett","QB","Pittsburgh",2022,"00-0038102",1,"20",262,"-5"
"2373",16,"Jordan Davis","DL","Georgia",2022,"00-0037073",1,"13",262,"3"
"2374",17,"Trevor Penning","OT","Northern Iowa",2022,"00-0037241",1,"19",262,"-2"
"2375",18,"Chris Olave","WR","Ohio State",2022,"00-0037239",1,"11",262,"7"
"2376",19,"Trent McDuffie","CB","Washington",2022,"00-0037191",1,"21",262,"-2"
"2377",20,"Devin Lloyd","LB","Utah",2022,"00-0037244",1,"27",262,"-7"
"2378",21,"George Karlaftis","EDGE","Purdue",2022,"00-0037192",1,"30",262,"-9"
"2379",22,"Treylon Burks","WR","Arkansas",2022,"00-0037742",1,"18",262,"4"
"2380",23,"Zion Johnson","IOL","Boston College",2022,"00-0037818",1,"17",262,"6"
"2381",24,"Kenyon Green","IOL","Texas A&M",2022,"00-0037613",1,"15",262,"9"
"2382",25,"Devonte Wyatt","DL","Georgia",2022,"00-0037075",1,"28",262,"-3"
"2383",26,"Andrew Booth","CB","Clemson",2022,"00-0038130",2,"42",262,"-16"
"2384",27,"Tyler Linderbaum","IOL","Iowa",2022,"00-0037825",1,"25",262,"2"
"2385",28,"Daxton Hill","S","Michigan",2022,"00-0037743",1,"31",262,"-3"
"2386",29,"Kaiir Elam","CB","Florida",2022,"00-0037242",1,"23",262,"6"
"2387",30,"Jahan Dotson","WR","Penn State",2022,"00-0037741",1,"16",262,"14"
"2388",31,"Desmond Ridder","QB","Cincinnati",2022,"00-0038122",3,"74",262,"-43"
"2389",32,"Nakobe Dean","LB","Georgia",2022,"00-0037615",3,"83",262,"-51"
"2390",33,"Boye Mafe","EDGE","Minnesota",2022,"00-0038133",2,"40",262,"-7"
"2391",34,"Lewis Cine","S","Georgia",2022,"00-0037245",1,"32",262,"2"
"2392",35,"Tyler Smith","OT","Tulsa",2022,"00-0037243",1,"24",262,"11"
"2393",36,"Matt Corral","QB","Mississippi",2022,"00-0038132",3,"94",262,"-58"
"2394",37,"Kyler Gordon","CB","Washington",2022,"00-0038111",2,"39",262,"-2"
"2395",38,"George Pickens","WR","Georgia",2022,"00-0037247",2,"52",262,"-14"
"2396",39,"Quay Walker","LB","Georgia",2022,"00-0037074",1,"22",262,"17"
"2397",40,"Arnold Ebiketie","EDGE","Penn State",2022,"00-0038116",2,"38",262,"2"
"2398",41,"Bernhard Raimann","OT","Central Michigan",2022,"00-0037757",3,"77",262,"-36"
"2399",42,"Christian Watson","WR","North Dakota State",2022,"00-0038124",2,"34",262,"8"
"2400",43,"Breece Hall","RB","Iowa State",2022,"00-0038120",2,"36",262,"7"
"2401",44,"David Ojabo","EDGE","Michigan",2022,"00-0038142",2,"45",262,"-1"
"2402",45,"Logan Hall","DL","Houston",2022,"00-0038127",2,"33",262,"12"
"2403",46,"Sam Howell","QB","North Carolina",2022,"00-0037077",5,"144",262,"-98"
"2404",47,"Skyy Moore","WR","Western Michigan",2022,"00-0038090",2,"54",262,"-7"
"2405",48,"Travis Jones","DL","UConn",2022,"00-0037756",3,"76",262,"-28"
"2406",49,"Jalen Pitre","S","Baylor",2022,"00-0037246",2,"37",262,"12"
"2407",50,"Perrion Winfrey","DL","Oklahoma",2022,"00-0038126",4,"108",262,"-58"
"2408",51,"Roger McCreary","CB","Auburn",2022,"00-0038125",2,"35",262,"16"
"2409",52,"Trey McBride","TE","Colorado State",2022,"00-0037744",2,"55",262,"-3"
"2410",53,"Jaquan Brisker","S","Penn State",2022,"00-0038135",2,"48",262,"5"
"2411",54,"DeMarvin Leal","DL","Texas A&M",2022,"00-0037759",3,"84",262,"-30"
"2412",55,"Drake Jackson","EDGE","USC",2022,"00-0037826",2,"61",262,"-6"
"2413",56,"Kenneth Walker","RB","Michigan State",2022,"00-0038134",2,"41",262,"15"
"2414",57,"John Metchie","WR","Alabama",2022,"00-0037614",2,"44",262,"13"
"2415",58,"Chad Muma","LB","Wyoming",2022,"00-0037811",3,"70",262,"-12"
"2416",59,"Christian Harris","LB","Alabama",2022,"00-0037823",3,"75",262,"-16"
"2417",60,"Tariq Woolen","CB","UTSA",2022,"00-0037079",5,"153",262,"-93"
"2418",61,"Cameron Thomas","EDGE","San Diego State",2022,"00-0037815",3,"87",262,"-26"
"2419",62,"Leo Chenal","LB","Wisconsin",2022,"00-0037819",3,"103",262,"-41"
"2420",63,"Daniel Faalele","OT","Minnesota",2022,"00-0038118",4,"110",262,"-47"
"2421",64,"Nik Bonitto","EDGE","Oklahoma",2022,"00-0037249",2,"64",262,"0"
"2422",65,"Abraham Lucas","OT","Washington State",2022,"00-0037812",3,"72",262,"-7"
"2423",66,"Darian Kinnard","OT","Kentucky",2022,"00-0037194",5,"145",262,"-79"
"2424",67,"Alec Pierce","WR","Cincinnati",2022,"00-0037664",2,"53",262,"14"
"2425",68,"Jalen Tolbert","WR","South Alabama",2022,"00-0037666",3,"88",262,"-20"
"2426",69,"Nicholas Petit-Frere","OT","Ohio State",2022,"00-0037754",3,"69",262,"0"
"2427",70,"Sean Rhyan","IOL","UCLA",2022,"00-0037076",3,"92",262,"-22"
"2428",71,"Dylan Parham","IOL","Memphis",2022,"00-0037255",3,"90",262,"-19"
"2429",72,"Isaiah Spiller","RB","Texas A&M",2022,"00-0038045",4,"123",262,"-51"
"2430",73,"Josh Paschal","EDGE","Kentucky",2022,"00-0038096",2,"46",262,"27"
"2431",74,"Troy Andersen","LB","Montana State",2022,"00-0037810",2,"58",262,"16"
"2432",75,"David Bell","WR","Purdue",2022,"00-0037257",3,"99",262,"-24"
"2433",76,"Phidarian Mathis","DL","Alabama",2022,"00-0038099",2,"47",262,"29"
"2434",77,"Jamaree Salyer","IOL","Georgia",2022,"00-0037295",6,"195",262,"-118"
"2435",78,"Carson Strong","QB","Nevada",2022,NA,NA,"undrafted",262,"undrafted - proj drafted"
"2436",79,"Cole Strange","IOL","Chattanooga",2022,"00-0038103",1,"29",262,"50"
"2437",80,"Nick Cross","S","Maryland",2022,"00-0037616",3,"96",262,"-16"
"2438",81,"Kingsley Enagbare","EDGE","South Carolina",2022,"00-0037083",5,"179",262,"-98"
"2439",82,"Calvin Austin","WR","Memphis",2022,"00-0037837",4,"138",262,"-56"
"2440",83,"Myjai Sanders","EDGE","Cincinnati",2022,"00-0037751",3,"100",262,"-17"
"2441",84,"Coby Bryant","CB","Cincinnati",2022,"00-0038136",4,"109",262,"-25"
"2442",85,"Channing Tindall","LB","Georgia",2022,"00-0037813",3,"102",262,"-17"
"2443",86,"Cam Taylor-Britt","CB","Nebraska",2022,"00-0037753",2,"60",262,"26"
"2444",87,"Greg Dulcich","TE","UCLA",2022,"00-0037252",3,"80",262,"7"
"2445",88,"Marcus Jones","CB","Houston",2022,"00-0037253",3,"85",262,"3"
"2446",89,"Sam Williams","EDGE","Mississippi",2022,"00-0037665",2,"56",262,"33"
"2447",90,"Jeremy Ruckert","TE","Ohio State",2022,"00-0037805",3,"101",262,"-11"
"2448",91,"Martin Emerson","CB","Mississippi State",2022,"00-0037250",3,"68",262,"23"
"2449",92,"Khalil Shakir","WR","Boise State",2022,"00-0037261",5,"148",262,"-56"
"2450",93,"WanDale Robinson","WR","Kentucky",2022,"00-0038117",2,"43",262,"50"
"2451",94,"Cameron Jurgens","IOL","Nebraska",2022,NA,NA,"undrafted",262,"undrafted - proj drafted"
"2452",95,"Brian Asamoah","LB","Oklahoma",2022,"00-0037822",3,"66",262,"29"
"2453",96,"James Cook","RB","Georgia",2022,"00-0037248",2,"63",262,"33"
"2454",97,"Bryan Cook","S","Cincinnati",2022,"00-0037193",2,"62",262,"35"
"2455",98,"Kerby Joseph","S","Illinois",2022,"00-0037667",3,"97",262,"1"
"2456",99,"Jelani Woods","TE","Virginia",2022,"00-0037755",3,"73",262,"26"
"2457",100,"Isaiah Likely","TE","Coastal Carolina",2022,"00-0037838",4,"139",262,"-39"
"2458",101,"Ed Ingram","IOL","LSU",2022,"00-0038131",2,"59",262,"42"
"2459",102,"Rasheed Walker","OT","Penn State",2022,"00-0037196",7,"249",262,"-147"
"2460",103,"Zyon McCollum","CB","Sam Houston State",2022,"00-0037268",5,"157",262,"-54"
"2461",104,"Brandon Smith","LB","Penn State",2022,"00-0038113",4,"120",262,"-16"
"2462",105,"Cade Otton","TE","Washington",2022,"00-0038129",4,"106",262,"-1"
"2463",106,"Alontae Taylor","CB","Tennessee",2022,"00-0038121",2,"49",262,"57"
"2464",107,"Luke Goedeke","IOL","Central Michigan",2022,"00-0037835",2,"57",262,"50"
"2465",108,"Darrian Beavers","LB","Cincinnati",2022,"00-0037285",6,"182",262,"-74"
"2466",109,"Charlie Kolar","TE","Iowa State",2022,"00-0038046",4,"128",262,"-19"
"2467",110,"Max Mitchell","OT","Louisiana-Lafayette",2022,"00-0038114",4,"111",262,"-1"
"2468",111,"Zach Tom","IOL","Wake Forest",2022,"00-0037817",4,"140",262,"-29"
"2469",112,"Jalyn Armour-Davis","CB","Alabama",2022,"00-0038119",4,"119",262,"-7"
"2470",113,"Brian Robinson","RB","Alabama",2022,"00-0037746",3,"98",262,"15"
"2471",114,"Dameon Pierce","RB","Florida",2022,"00-0037258",4,"107",262,"7"
"2472",115,"Joshua Williams","CB","Fayetteville State",2022,"00-0038043",4,"135",262,"-20"
"2473",116,"Luke Fortner","IOL","Kentucky",2022,"00-0037814",3,"65",262,"51"
"2474",117,"DeAngelo Malone","EDGE","Western Kentucky",2022,"00-0037808",3,"82",262,"35"
"2475",118,"Tyquan Thornton","WR","Baylor",2022,"00-0038104",2,"50",262,"68"
"2476",119,"Justyn Ross","WR","Clemson",2022,NA,NA,"undrafted",262,"undrafted - proj drafted"
"2477",120,"Danny Gray","WR","SMU",2022,"00-0037828",3,"105",262,"15"
"2478",121,"Rachaad White","RB","Arizona State",2022,"00-0037256",3,"91",262,"30"
"2479",122,"Damone Clark","LB","LSU",2022,"00-0037281",5,"176",262,"-54"
"2480",123,"Zachary Carter","DL","Florida",2022,"00-0037804",3,"95",262,"28"
"2481",124,"Verone McKinley","S","Oregon",2022,NA,NA,"undrafted",262,"undrafted - proj drafted"
"2482",125,"Kyle Philips","WR","UCLA",2022,"00-0037273",5,"163",262,"-38"
"2483",126,"Kellen Diesch","OT","Arizona State",2022,NA,NA,"undrafted",262,"undrafted - proj drafted"
"2484",127,"Derion Kendrick","CB","Georgia",2022,"00-0037842",6,"212",262,"-85"
"2485",128,"Zamir White","RB","Georgia",2022,"00-0038040",4,"122",262,"6"
"2486",129,"Alex Wright","EDGE","UAB",2022,"00-0037251",3,"78",262,"51"
"2487",130,"Braxton Jones","OT","Southern Utah",2022,"00-0037081",5,"168",262,"-38"
"2488",131,"Josh Jobe","CB","Alabama",2022,NA,NA,"undrafted",262,"undrafted - proj drafted"
"2489",132,"Matthew Butler","DL","Tennessee",2022,"00-0037280",5,"175",262,"-43"
"2490",133,"Amare Barno","EDGE","Virginia Tech",2022,"00-0037043",6,"189",262,"-56"
"2491",134,"Dominique Robinson","EDGE","Miami (OH)",2022,"00-0037082",5,"174",262,"-40"
"2492",135,"JT Woods","S","Baylor",2022,"00-0038091",3,"79",262,"56"
"2493",136,"Dohnovan West","IOL","Arizona State",2022,NA,NA,"undrafted",262,"undrafted - proj drafted"
"2494",137,"Romeo Doubs","WR","Nevada",2022,"00-0037816",4,"132",262,"5"
"2495",138,"John Ridgeway","DL","Arkansas",2022,"00-0037283",5,"178",262,"-40"
"2496",139,"JoJo Domann","LB","Nebraska",2022,NA,NA,"undrafted",262,"undrafted - proj drafted"
"2497",140,"Marquis Hayes","IOL","Oklahoma",2022,"00-0037748",7,"257",262,"-117"
"2498",141,"Damarri Mathis","CB","Pittsburgh",2022,"00-0038105",4,"115",262,"26"
"2499",142,"Pierre Strong","RB","South Dakota State",2022,"00-0038098",4,"127",262,"15"
"2500",143,"Joshua Ezeudu","IOL","North Carolina",2022,"00-0037807",3,"67",262,"76"
"2501",144,"Jake Ferguson","TE","Wisconsin",2022,"00-0038041",4,"129",262,"15"
"2502",145,"Isaiah Thomas","EDGE","Oklahoma",2022,"00-0037314",7,"223",262,"-78"
"2503",146,"Kyren Williams","RB","Notre Dame",2022,"00-0037840",5,"164",262,"-18"
"2504",147,"Bo Melton","WR","Rutgers",2022,"00-0037091",7,"229",262,"-82"
"2505",148,"Tariq Castro-Fields","CB","Penn State",2022,"00-0037833",6,"221",262,"-73"
"2506",149,"Tyreke Smith","EDGE","Ohio State",2022,"00-0037080",5,"158",262,"-9"
"2507",150,"Tycen Anderson","S","Toledo",2022,"00-0037752",5,"166",262,"-16"
"2508",151,"Mario Goodrich","CB","Clemson",2022,NA,NA,"undrafted",262,"undrafted - proj drafted"
"2509",152,"Thayer Munford","IOL","Ohio State",2022,"00-0037322",7,"238",262,"-86"
"2510",153,"Velus Jones","WR","Tennessee",2022,"00-0037745",3,"71",262,"82"
"2511",154,"Chigoziem Okonkwo","TE","Maryland",2022,"00-0037809",4,"143",262,"11"
"2512",155,"Terrel Bernard","LB","Baylor",2022,"00-0037254",3,"89",262,"66"
"2513",156,"Akayleb Evans","CB","Missouri",2022,"00-0038101",4,"118",262,"38"
"2514",157,"Matt Araiza","P","San Diego State",2022,"00-0037284",6,"180",262,"-23"
"2515",158,"Lecitus Smith","IOL","Virginia Tech",2022,"00-0037308",6,"215",262,"-57"
"2516",159,"Thomas Booker","DL","Stanford",2022,"00-0037262",5,"150",262,"9"
"2517",160,"Jerome Ford","RB","Cincinnati",2022,"00-0037267",5,"156",262,"4"
"2518",161,"Chris Paul","IOL","Tulsa",2022,"00-0037092",7,"230",262,"-69"
"2519",162,"Bailey Zappe","QB","Western Kentucky",2022,"00-0038108",4,"137",262,"25"
"2520",163,"Spencer Burford","OT","UTSA",2022,"00-0037829",4,"134",262,"29"
"2521",164,"Matt Waletzko","OT","North Dakota",2022,"00-0037266",5,"155",262,"9"
"2522",165,"Michael Clemons","EDGE","Texas A&M",2022,NA,NA,"undrafted",262,"undrafted - proj drafted"
"2523",166,"Tyler Allgeier","RB","BYU",2022,"00-0037263",5,"151",262,"15"
"2524",167,"Neil Farrell","DL","LSU",2022,"00-0038093",4,"126",262,"41"
"2525",168,"Haskell Garrett","DL","Ohio State",2022,NA,NA,"undrafted",262,"undrafted - proj drafted"
"2526",169,"Alec Lindstrom","IOL","Boston College",2022,NA,NA,"undrafted",262,"undrafted - proj drafted"
"2527",170,"Smoke Monday","S","Auburn",2022,NA,NA,"undrafted",262,"undrafted - proj drafted"
"2528",171,"Logan Bruss","IOL","Wisconsin",2022,"00-0037836",3,"104",262,"67"
"2529",172,"Otito Ogbonnia","DL","UCLA",2022,"00-0037270",5,"160",262,"12"
"2530",173,"DMarco Jackson","LB","Appalachian State",2022,"00-0037271",5,"161",262,"12"
"2531",174,"Jesse Luketa","LB","Penn State",2022,"00-0037330",7,"256",262,"-82"
"2532",175,"Erik Ezukanma","WR","Texas Tech",2022,"00-0038092",4,"125",262,"50"
"2533",176,"Cordale Flott","CB","LSU",2022,"00-0037758",3,"81",262,"95"
"2534",177,"Eyioma Uwazurike","DL","Iowa State",2022,"00-0038106",4,"116",262,"61"
"2535",178,"Dare Rosenthal","OT","Kentucky",2022,NA,NA,"undrafted",262,"undrafted - proj drafted"
"2536",179,"Tyler Badie","RB","Missouri",2022,"00-0037085",6,"196",262,"-17"
"2537",180,"Daniel Bellinger","TE","San Diego State",2022,"00-0038115",4,"112",262,"68"
"2538",181,"Cole Turner","TE","Nevada",2022,"00-0037078",5,"149",262,"32"
"2539",182,"Markquese Bell","S","Florida A&M",2022,NA,NA,"undrafted",262,"undrafted - proj drafted"
"2540",183,"Kalon Barnes","CB","Baylor",2022,"00-0037325",7,"242",262,"-59"
"2541",184,"Justin Shaffer","IOL","Georgia",2022,"00-0037290",6,"190",262,"-6"
"2542",185,"Eric Johnson","DL","Missouri State",2022,"00-0037269",5,"159",262,"26"
"2543",186,"Mykael Wright","CB","Oregon",2022,NA,NA,"undrafted",262,"undrafted - proj drafted"
"2544",187,"Dane Belton","S","Iowa",2022,"00-0038123",4,"114",262,"73"
"2545",188,"Obinna Eze","OT","TCU",2022,NA,NA,"undrafted",262,"undrafted - proj drafted"
"2546",189,"Malcolm Rodriguez","LB","Oklahoma State",2022,"00-0037289",6,"188",262,"1"
"2547",190,"Jaylen Watson","CB","Washington State",2022,"00-0037195",7,"243",262,"-53"
"2548",191,"Jalen Wydermyer","TE","Texas A&M",2022,NA,NA,"undrafted",262,"undrafted - proj drafted"
"2549",192,"Jeffrey Gunter","EDGE","Coastal Carolina",2022,NA,NA,"undrafted",262,"undrafted - proj drafted"
"2550",193,"Hassan Haskins","RB","Michigan",2022,"00-0037617",4,"131",262,"62"
"2551",194,"Kevin Austin","WR","Notre Dame",2022,NA,NA,"undrafted",262,"undrafted - proj drafted"
"2552",195,"Mike Rose","LB","Iowa State",2022,NA,NA,"undrafted",262,"undrafted - proj drafted"
"2553",196,"Cade Mays","IOL","Tennessee",2022,"00-0037297",6,"199",262,"-3"
"2554",197,"Cordell Volson","IOL","North Dakota State",2022,"00-0038095",4,"136",262,"61"
"2555",198,"Micah McFadden","LB","Indiana",2022,"00-0037259",5,"146",262,"52"
"2556",199,"Percy Butler","S","Louisiana-Lafayette",2022,"00-0038100",4,"113",262,"86"
"2557",200,"Ty Chandler","RB","North Carolina",2022,"00-0037276",5,"169",262,"31"
"2558",201,"Chase Lucas","CB","Arizona State",2022,"00-0037321",7,"237",262,"-36"
"2559",202,"Christopher Allen","EDGE","Alabama",2022,NA,NA,"undrafted",262,"undrafted - proj drafted"
"2560",203,"Grant Calcaterra","TE","SMU",2022,"00-0037086",6,"198",262,"5"
"2561",204,"Sterling Weatherford","S","Miami (OH)",2022,NA,NA,"undrafted",262,"undrafted - proj drafted"
"2562",205,"Kalia Davis","DL","UCF",2022,"00-0037832",6,"220",262,"-15"
"2563",206,"Charleston Rambo","WR","Miami (FL)",2022,NA,NA,"undrafted",262,"undrafted - proj drafted"
"2564",207,"Abram Smith","RB","Baylor",2022,NA,NA,"undrafted",262,"undrafted - proj drafted"
"2565",208,"Andrew Stueber","OT","Michigan",2022,"00-0037620",7,"245",262,"-37"
"2566",209,"Leon ONeal","S","Texas A&M",2022,NA,NA,"undrafted",262,"undrafted - proj drafted"
"2567",210,"Yusuf Corker","S","Kentucky",2022,NA,NA,"undrafted",262,"undrafted - proj drafted"
"2568",211,"Cobie Durant","CB","South Carolina State",2022,"00-0037839",4,"142",262,"69"
"2569",212,"Jalen Nailor","WR","Michigan State",2022,"00-0037291",6,"191",262,"21"
"2570",213,"Samori Toure","WR","Nebraska",2022,"00-0037098",7,"258",262,"-45"
"2571",214,"Christopher Hinton","DL","Michigan",2022,NA,NA,"undrafted",262,"undrafted - proj drafted"
"2572",215,"Jack Sanborn","LB","Wisconsin",2022,NA,NA,"undrafted",262,"undrafted - proj drafted"
"2573",216,"Jack Jones","CB","Arizona State",2022,"00-0038039",4,"121",262,"95"
"2574",217,"Noah Elliss","DL","Idaho",2022,NA,NA,"undrafted",262,"undrafted - proj drafted"
"2575",218,"David Anenih","DL","Houston",2022,NA,NA,"undrafted",262,"undrafted - proj drafted"
"2576",219,"Vederian Lowe","OT","Illinois",2022,"00-0037287",6,"184",262,"35"
"2577",220,"Jack Coan","QB","Notre Dame",2022,NA,NA,"undrafted",262,"undrafted - proj drafted"
"2578",221,"Kaleb Eleby","QB","Western Michigan",2022,NA,NA,"undrafted",262,"undrafted - proj drafted"
"2579",222,"Ryan Van Demark","OT","UConn",2022,NA,NA,"undrafted",262,"undrafted - proj drafted"
"2580",223,"Isaiah Weston","WR","Northern Iowa",2022,NA,NA,"undrafted",262,"undrafted - proj drafted"
"2581",224,"Dvonte Price","RB","Florida International",2022,NA,NA,"undrafted",262,"undrafted - proj drafted"
"2582",225,"EJ Perry","QB","Brown",2022,NA,NA,"undrafted",262,"undrafted - proj drafted"
"2583",226,"Zakoby McClain","LB","Auburn",2022,NA,NA,"undrafted",262,"undrafted - proj drafted"
"2584",227,"Tre Turner","WR","Virginia Tech",2022,NA,NA,"undrafted",262,"undrafted - proj drafted"
"2585",228,"Juanyeh Thomas","S","Georgia Tech",2022,NA,NA,"undrafted",262,"undrafted - proj drafted"
"2586",229,"Zachary Thomas","OT","San Diego State",2022,"00-0037618",6,"186",262,"43"
"2587",230,"Matt Henningsen","DL","Wisconsin",2022,"00-0037303",6,"206",262,"24"
"2588",231,"Chasen Hines","IOL","LSU",2022,"00-0037619",6,"210",262,"21"
"2589",232,"James Mitchell","TE","Virginia Tech",2022,"00-0037282",5,"177",262,"55"
"2590",233,"Reggie Roberson","WR","SMU",2022,NA,NA,"undrafted",262,"undrafted - proj drafted"
"2591",234,"Aaron Hansford","LB","Texas A&M",2022,NA,NA,"undrafted",262,"undrafted - proj drafted"
"2592",235,"Esezi Otomewo","EDGE","Minnesota",2022,"00-0037274",5,"165",262,"70"
"2593",236,"Montaric Brown","CB","Arkansas",2022,"00-0037313",7,"222",262,"14"
"2594",237,"Marquan McCall","DL","Kentucky",2022,NA,NA,"undrafted",262,"undrafted - proj drafted"
"2595",238,"Jayden Peevy","DL","Texas A&M",2022,NA,NA,"undrafted",262,"undrafted - proj drafted"
"2596",239,"Connor Heyward","TE","Michigan State",2022,"00-0037304",6,"208",262,"31"
"2597",240,"Josh Thompson","CB","Texas",2022,NA,NA,"undrafted",262,"undrafted - proj drafted"
"2598",241,"Jeremiah Gemmel","LB","North Carolina",2022,NA,NA,"undrafted",262,"undrafted - proj drafted"
"2599",242,"Sincere McCormick","RB","UTSA",2022,NA,NA,"undrafted",262,"undrafted - proj drafted"
"2600",243,"Kyron Johnson","LB","Kansas",2022,"00-0037084",6,"181",262,"62"
"2601",244,"Keaontay Ingram","RB","USC",2022,"00-0037299",6,"201",262,"43"
"2602",245,"Ty Fryfogle","WR","Indiana",2022,NA,NA,"undrafted",262,"undrafted - proj drafted"
"2603",246,"Jaivon Heiligh","WR","Coastal Carolina",2022,NA,NA,"undrafted",262,"undrafted - proj drafted"
"2604",247,"Bubba Bolden","S","Miami (FL)",2022,NA,NA,"undrafted",262,"undrafted - proj drafted"
"2605",248,"Jermaine Waller","CB","Virginia Tech",2022,NA,NA,"undrafted",262,"undrafted - proj drafted"
"2606",249,"Dontario Drummond","WR","Mississippi",2022,NA,NA,"undrafted",262,"undrafted - proj drafted"
"2607",250,"Cole Kelley","QB","Southeastern Louisiana",2022,NA,NA,"undrafted",262,"undrafted - proj drafted"
"2608",251,"Reed Blankenship","S","Middle Tennessee State",2022,NA,NA,"undrafted",262,"undrafted - proj drafted"
"2609",252,"Damarion Williams","CB","Houston",2022,"00-0037984",4,"141",262,"111"
"2610",253,"William Dunkle","IOL","San Diego State",2022,NA,NA,"undrafted",262,"undrafted - proj drafted"
"2611",254,"ZaQuandre White","RB","South Carolina",2022,NA,NA,"undrafted",262,"undrafted - proj drafted"
"2612",255,"Jean Delance","OT","Florida",2022,NA,NA,"undrafted",262,"undrafted - proj drafted"
"2613",256,"Tyler Goodson","RB","Iowa",2022,NA,NA,"undrafted",262,"undrafted - proj drafted"
"2614",257,"Nephi Sewell","LB","Utah",2022,NA,NA,"undrafted",262,"undrafted - proj drafted"
"2615",258,"Cade York","K","LSU",2022,"00-0038097",4,"124",262,"134"
"2616",259,"Lucas Krull","TE","Pittsburgh",2022,NA,NA,"undrafted",262,"undrafted - proj drafted"
"2617",260,"Derrick Deese","TE","San Jose State",2022,NA,NA,"undrafted",262,"undrafted - proj drafted"
"2618",261,"JaTyre Carter","IOL","Southern",2022,"00-0037089",7,"226",262,"35"
"2619",262,"Quentin Lake","S","UCLA",2022,"00-0037841",6,"211",262,"51"
"2620",263,"Austin Allen","TE","Nebraska",2022,NA,NA,"undrafted",262,"undrafted - proj undrafted"
"2621",264,"Gerrit Prince","TE","UAB",2022,NA,NA,"undrafted",262,"undrafted - proj undrafted"
"2622",265,"Makai Polk","WR","Mississippi State",2022,NA,NA,"undrafted",262,"undrafted - proj undrafted"
"2623",266,"Jordan Stout","P","Penn State",2022,"00-0038094",4,"130",262,"136"
"2624",267,"Dawson Deaton","IOL","Texas Tech",2022,"00-0037326",7,"246",262,"21"
"2625",268,"Isaac Taylor-Stuart","CB","USC",2022,NA,NA,"undrafted",262,"undrafted - proj undrafted"
"2626",269,"Josh Johnson","WR","Tulsa",2022,NA,NA,"undrafted",262,"undrafted - proj undrafted"
"2627",270,"Bamidele Olaseni","OT","Utah",2022,NA,NA,"undrafted",262,"undrafted - proj undrafted"
"2628",271,"Tyrion Davis-Price","RB","LSU",2022,"00-0037827",3,"93",262,"178"
"2629",272,"Curtis Brooks","DL","Cincinnati",2022,"00-0037309",6,"216",262,"56"
"2630",273,"Jeremiah Moon","EDGE","Florida",2022,NA,NA,"undrafted",262,"undrafted - proj undrafted"
"2631",274,"Jerreth Sterns","WR","Western Kentucky",2022,NA,NA,"undrafted",262,"undrafted - proj undrafted"
"2632",275,"Braylon Sanders","WR","Mississippi",2022,NA,NA,"undrafted",262,"undrafted - proj undrafted"
"2633",276,"Vincent Gray","CB","Michigan",2022,NA,NA,"undrafted",262,"undrafted - proj undrafted"
"2634",277,"Skylar Thompson","QB","Kansas State",2022,"00-0037327",7,"247",262,"30"
"2635",278,"Kennedy Brooks","RB","Oklahoma",2022,NA,NA,"undrafted",262,"undrafted - proj undrafted"
"2636",279,"DJ Davidson","DL","Arizona State",2022,"00-0037260",5,"147",262,"132"
"2637",280,"Tyree Johnson","EDGE","Texas A&M",2022,NA,NA,"undrafted",262,"undrafted - proj undrafted"
"2638",281,"Chance Campbell","LB","Mississippi",2022,"00-0037312",6,"219",262,"62"
"2639",282,"Jason Poe","IOL","Mercer",2022,NA,NA,"undrafted",262,"undrafted - proj undrafted"
"2640",283,"Kolby Harvell-Peel","S","Oklahoma State",2022,NA,NA,"undrafted",262,"undrafted - proj undrafted"
"2641",284,"Baylon Spector","LB","Clemson",2022,"00-0037318",7,"231",262,"53"
"2642",285,"Austin Deculus","OT","LSU",2022,"00-0037302",6,"205",262,"80"
"2643",286,"Myron Tagovailoa-Amosa","DL","Notre Dame",2022,NA,NA,"undrafted",262,"undrafted - proj undrafted"
"2644",287,"Tariq Carpenter","LB","Georgia Tech",2022,"00-0037090",7,"228",262,"59"
"2645",288,"Adam Anderson","EDGE","Georgia",2022,NA,NA,"undrafted",262,"undrafted - proj undrafted"
"2646",289,"Tyrese Robinson","IOL","Oklahoma",2022,NA,NA,"undrafted",262,"undrafted - proj undrafted"
"2647",290,"Zonovan Knight","RB","NC State",2022,NA,NA,"undrafted",262,"undrafted - proj undrafted"
"2648",291,"Luke Wattenberg","IOL","Washington",2022,"00-0037278",5,"171",262,"120"
"2649",292,"James Empey","IOL","BYU",2022,NA,NA,"undrafted",262,"undrafted - proj undrafted"
"2650",293,"DaiJean Dixon","WR","Nicholls",2022,NA,NA,"undrafted",262,"undrafted - proj undrafted"
"2651",294,"Ali Fayad","EDGE","Western Michigan",2022,NA,NA,"undrafted",262,"undrafted - proj undrafted"
"2652",295,"Dustin Crum","QB","Kent State",2022,NA,NA,"undrafted",262,"undrafted - proj undrafted"
"2653",296,"Jaquarii Roberson","WR","Wake Forest",2022,NA,NA,"undrafted",262,"undrafted - proj undrafted"
"2654",297,"Devin Cochran","OT","Georgia Tech",2022,NA,NA,"undrafted",262,"undrafted - proj undrafted"
"2655",298,"Ellis Brooks","LB","Penn State",2022,NA,NA,"undrafted",262,"undrafted - proj undrafted"
"2656",299,"Isaih Pacheco","RB","Rutgers",2022,NA,NA,"undrafted",262,"undrafted - proj undrafted"
"2657",300,"Josh Ross","LB","Michigan",2022,NA,NA,"undrafted",262,"undrafted - proj undrafted"
"2658",301,"Nick Zakelj","OT","Fordham",2022,"00-0037831",6,"187",262,"114"
"2659",302,"Jerrion Ealy","RB","Mississippi",2022,NA,NA,"undrafted",262,"undrafted - proj undrafted"
"2660",303,"Brock Purdy","QB","Iowa State",2022,"00-0037834",7,"262",262,"41"
"2661",304,"Aqeel Glass","QB","Alabama A&M",2022,NA,NA,"undrafted",262,"undrafted - proj undrafted"
"2662",305,"Tyler Vrabel","OT","Boston College",2022,NA,NA,"undrafted",262,"undrafted - proj undrafted"
"2663",306,"Luiji Vilain","DL","Wake Forest",2022,NA,NA,"undrafted",262,"undrafted - proj undrafted"
"2664",307,"Delarrin Turner-Yell","S","Oklahoma",2022,"00-0037264",5,"152",262,"155"
"2665",308,"Kevin Harris","RB","South Carolina",2022,"00-0037286",6,"183",262,"125"
"2666",309,"Brad Hawkins","S","Michigan",2022,NA,NA,"undrafted",262,"undrafted - proj undrafted"
"2667",310,"Myron Cunningham","OT","Arkansas",2022,NA,NA,"undrafted",262,"undrafted - proj undrafted"
"2668",311,"Jashaun Corbin","RB","Florida State",2022,NA,NA,"undrafted",262,"undrafted - proj undrafted"
"2669",312,"DaRon Bland","CB","Fresno State",2022,"00-0037275",5,"167",262,"145"
"2670",313,"Darien Butler","LB","Arizona State",2022,NA,NA,"undrafted",262,"undrafted - proj undrafted"
"2671",314,"Tre Sterling","S","Oklahoma State",2022,NA,NA,"undrafted",262,"undrafted - proj undrafted"
"2672",315,"Tre Williams","EDGE","Arkansas",2022,NA,NA,"undrafted",262,"undrafted - proj undrafted"
"2673",316,"Shaun Jolly","CB","Appalachian State",2022,NA,NA,"undrafted",262,"undrafted - proj undrafted"
"2674",317,"Luke Tenuta","OT","Virginia Tech",2022,"00-0037305",6,"209",262,"108"
"2675",318,"Cameron Dicker","K","Texas",2022,NA,NA,"undrafted",262,"undrafted - proj undrafted"
"2676",319,"Gregory Junior","CB","Ouachita Baptist",2022,"00-0037296",6,"197",262,"122"
"2677",320,"Tanner Conner","WR","Idaho State",2022,NA,NA,"undrafted",262,"undrafted - proj undrafted"
"2678",321,"Nate Landman","LB","Colorado",2022,NA,NA,"undrafted",262,"undrafted - proj undrafted"
"2679",322,"Sam Webb","CB","Missouri Western",2022,NA,NA,"undrafted",262,"undrafted - proj undrafted"
"2680",323,"James Houston","LB","Jackson State",2022,"00-0037310",6,"217",262,"106"
"2681",324,"Joey Blount","S","Virginia",2022,NA,NA,"undrafted",262,"undrafted - proj undrafted"
"2682",325,"Ben Brown","IOL","Mississippi",2022,NA,NA,"undrafted",262,"undrafted - proj undrafted"
"2683",326,"Dallis Flowers","CB","Pittsburg State",2022,NA,NA,"undrafted",262,"undrafted - proj undrafted"
"2684",327,"Kyler McMichael","CB","North Carolina",2022,NA,NA,"undrafted",262,"undrafted - proj undrafted"
"2685",328,"DEriq King","QB","Miami (FL)",2022,NA,NA,"undrafted",262,"undrafted - proj undrafted"
"2686",329,"Nick Grant","CB","Virginia",2022,NA,NA,"undrafted",262,"undrafted - proj undrafted"
"2687",330,"Carson Wells","EDGE","Colorado",2022,NA,NA,"undrafted",262,"undrafted - proj undrafted"
"2688",331,"Nick Ford","IOL","Utah",2022,NA,NA,"undrafted",262,"undrafted - proj undrafted"
"2689",332,"Deven Thompkins","WR","Utah State",2022,NA,NA,"undrafted",262,"undrafted - proj undrafted"
"2690",333,"JaQuan McMillian","CB","East Carolina",2022,NA,NA,"undrafted",262,"undrafted - proj undrafted"
"2691",334,"Brock Hoffman","IOL","Virginia Tech",2022,NA,NA,"undrafted",262,"undrafted - proj undrafted"
"2692",335,"Gabe Brkic","K","Oklahoma",2022,NA,NA,"undrafted",262,"undrafted - proj undrafted"
"2693",336,"Armani Rogers","TE","Ohio",2022,NA,NA,"undrafted",262,"undrafted - proj undrafted"
"2694",337,"Emeka Emezie","WR","NC State",2022,NA,NA,"undrafted",262,"undrafted - proj undrafted"
"2695",338,"Chris Steele","CB","USC",2022,NA,NA,"undrafted",262,"undrafted - proj undrafted"
"2696",339,"Tay Martin","WR","Oklahoma State",2022,NA,NA,"undrafted",262,"undrafted - proj undrafted"
"2697",340,"LaBryan Ray","DL","Alabama",2022,NA,NA,"undrafted",262,"undrafted - proj undrafted"
"2698",341,"Slade Bolden","WR","Alabama",2022,NA,NA,"undrafted",262,"undrafted - proj undrafted"
"2699",342,"Stanley Berryhill","WR","Arizona",2022,NA,NA,"undrafted",262,"undrafted - proj undrafted"
"2700",343,"Michael Woods","WR","Oklahoma",2022,"00-0037300",6,"202",262,"141"
"2701",344,"Devin Harper","LB","Oklahoma State",2022,"00-0037293",6,"193",262,"151"
"2702",345,"Isaiah Pola-Mao","S","USC",2022,NA,NA,"undrafted",262,"undrafted - proj undrafted"
"2703",346,"Dareke Young","WR","Lenoir-Rhyne",2022,"00-0037093",7,"233",262,"113"
"2704",347,"Peyton Hendershot","TE","Indiana",2022,NA,NA,"undrafted",262,"undrafted - proj undrafted"
"2705",348,"Arron Mosby","EDGE","Fresno State",2022,NA,NA,"undrafted",262,"undrafted - proj undrafted"
"2706",349,"Nolan Turner","S","Clemson",2022,NA,NA,"undrafted",262,"undrafted - proj undrafted"
"2707",350,"Max Borghi","RB","Washington State",2022,NA,NA,"undrafted",262,"undrafted - proj undrafted"
"2708",351,"Faion Hicks","CB","Wisconsin",2022,"00-0037319",7,"232",262,"119"
"2709",352,"Snoop Conner","RB","Mississippi",2022,"00-0037265",5,"154",262,"198"
"2710",353,"Jordan Jackson","DL","Air Force",2022,"00-0037294",6,"194",262,"159"
"2711",354,"Tayland Humphrey","DL","Louisiana-Lafayette",2022,NA,NA,"undrafted",262,"undrafted - proj undrafted"
"2712",355,"Demetrius Taylor","EDGE","Appalachian State",2022,NA,NA,"undrafted",262,"undrafted - proj undrafted"
"2713",356,"Trestan Ebner","RB","Baylor",2022,"00-0037087",6,"203",262,"153"
"2714",357,"JaSir Taylor","CB","Wake Forest",2022,"00-0037307",6,"214",262,"143"
"2715",358,"Zach VanValkenburg","DL","Iowa",2022,NA,NA,"undrafted",262,"undrafted - proj undrafted"
"2716",359,"Cal Adomitis","LS","Pittsburgh",2022,NA,NA,"undrafted",262,"undrafted - proj undrafted"
"2717",360,"Doug Kramer","IOL","Illinois",2022,"00-0037088",6,"207",262,"153"
"2718",361,"Mika Tafua","EDGE","Utah",2022,NA,NA,"undrafted",262,"undrafted - proj undrafted"
"2719",362,"Chris Oladokun","QB","South Dakota State",2022,"00-0037324",7,"241",262,"121"
"2720",363,"Andrew Rupcich","OT","Culver Stockton College",2022,NA,NA,"undrafted",262,"undrafted - proj undrafted"
"2721",364,"Darrell Baker","CB","Georgia Southern",2022,NA,NA,"undrafted",262,"undrafted - proj undrafted"
"2722",365,"Bryce Watts","CB","UMass",2022,NA,NA,"undrafted",262,"undrafted - proj undrafted"
"2723",366,"Nick Muse","TE","South Carolina",2022,"00-0037317",7,"227",262,"139"
"2724",367,"Isaiah Graham-Mobley","LB","Boston College",2022,NA,NA,"undrafted",262,"undrafted - proj undrafted"
"2725",368,"CJ Verdell","RB","Oregon",2022,NA,NA,"undrafted",262,"undrafted - proj undrafted"
"2726",369,"Andrew Ogletree","TE","Youngstown State",2022,"00-0037292",6,"192",262,"177"
"2727",370,"Jaylen Warren","RB","Oklahoma State",2022,NA,NA,"undrafted",262,"undrafted - proj undrafted"
"2728",371,"Blaise Andries","IOL","Minnesota",2022,NA,NA,"undrafted",262,"undrafted - proj undrafted"
"2729",372,"Joshua Onujiogu","EDGE","Framingham State",2022,NA,NA,"undrafted",262,"undrafted - proj undrafted"
"2730",373,"Josh Sills","IOL","Oklahoma State",2022,NA,NA,"undrafted",262,"undrafted - proj undrafted"
"2731",374,"DeShaan Dixon","DL","Norfolk State",2022,NA,NA,"undrafted",262,"undrafted - proj undrafted"
"2732",375,"Devon Williams","WR","Oregon",2022,NA,NA,"undrafted",262,"undrafted - proj undrafted"
"2733",376,"Cameron Goode","EDGE","California",2022,"00-0037315",7,"224",262,"152"
"2734",377,"Master Teague","RB","Ohio State",2022,NA,NA,"undrafted",262,"undrafted - proj undrafted"
"2735",378,"Jake Camarda","P","Georgia",2022,"00-0038042",4,"133",262,"245"
"2736",379,"Zander Horvath","RB","Purdue",2022,"00-0037331",7,"260",262,"119"
"2737",380,"Glen Logan","DL","LSU",2022,NA,NA,"undrafted",262,"undrafted - proj undrafted"
"2738",381,"Chase Allen","TE","Iowa State",2022,NA,NA,"undrafted",262,"undrafted - proj undrafted"
"2739",382,"Trae Barry","TE","Boston College",2022,NA,NA,"undrafted",262,"undrafted - proj undrafted"
"2740",383,"Marcel Dabo","CB","Stuttgart",2022,NA,NA,"undrafted",262,"undrafted - proj undrafted"
"2741",384,"Leddie Brown","RB","West Virginia",2022,NA,NA,"undrafted",262,"undrafted - proj undrafted"
"2742",385,"Tony Adams","S","Illinois",2022,NA,NA,"undrafted",262,"undrafted - proj undrafted"
"2743",386,"Calvin Turner","RB","Hawaii",2022,NA,NA,"undrafted",262,"undrafted - proj undrafted"
"2744",387,"Ryan Stonehouse","P","Colorado State",2022,NA,NA,"undrafted",262,"undrafted - proj undrafted"
"2745",388,"Teagan Quitoriano","TE","Oregon State",2022,"00-0037277",5,"170",262,"218"
"2746",389,"Corey Sutton","WR","Appalachian State",2022,NA,NA,"undrafted",262,"undrafted - proj undrafted"
"2747",390,"Josh Rivas","IOL","Kansas State",2022,NA,NA,"undrafted",262,"undrafted - proj undrafted"
"2748",391,"Julius Turner","DL","Rutgers",2022,NA,NA,"undrafted",262,"undrafted - proj undrafted"
"2749",392,"Kadofi Wright","LB","Buffalo",2022,NA,NA,"undrafted",262,"undrafted - proj undrafted"
"2750",393,"Jonathan Ford","DL","Miami (FL)",2022,"00-0037094",7,"234",262,"159"
"2751",394,"James Skalski","LB","Clemson",2022,NA,NA,"undrafted",262,"undrafted - proj undrafted"
"2752",395,"Matt Hankins","CB","Iowa",2022,NA,NA,"undrafted",262,"undrafted - proj undrafted"
"2753",396,"Chris Owens","IOL","Alabama",2022,NA,NA,"undrafted",262,"undrafted - proj undrafted"
"2754",397,"Michael Maietti","IOL","Missouri",2022,NA,NA,"undrafted",262,"undrafted - proj undrafted"
"2755",398,"John FitzPatrick","TE","Georgia",2022,"00-0037306",6,"213",262,"185"
"2756",399,"Christian Benford","CB","Villanova",2022,"00-0037288",6,"185",262,"214"
"2757",400,"Amari Carter","S","Miami (FL)",2022,NA,NA,"undrafted",262,"undrafted - proj undrafted"
"2758",401,"CamRon Harris","RB","Miami (FL)",2022,NA,NA,"undrafted",262,"undrafted - proj undrafted"
"2759",402,"Curtis Hodges","TE","Arizona State",2022,NA,NA,"undrafted",262,"undrafted - proj undrafted"
"2760",403,"Ko Kieft","TE","Minnesota",2022,"00-0037311",6,"218",262,"185"
"2761",404,"Mark Robinson","LB","Mississippi",2022,"00-0037316",7,"225",262,"179"
"2762",405,"Damarcus Fields","CB","Texas Tech",2022,NA,NA,"undrafted",262,"undrafted - proj undrafted"
"2763",406,"Brandon Sebastian","CB","Boston College",2022,NA,NA,"undrafted",262,"undrafted - proj undrafted"
"2764",407,"Devin Rockette","CB","South Alabama",2022,NA,NA,"undrafted",262,"undrafted - proj undrafted"
"2765",408,"Antonio Valentino","DL","Florida",2022,NA,NA,"undrafted",262,"undrafted - proj undrafted"
"2766",409,"Ronnie Rivers","RB","Fresno State",2022,NA,NA,"undrafted",262,"undrafted - proj undrafted"
"2767",410,"Anthony Brown","QB","Oregon",2022,NA,NA,"undrafted",262,"undrafted - proj undrafted"
"2768",411,"Marcus McKethan","IOL","North Carolina",2022,"00-0037279",5,"173",262,"238"
"2769",412,"Britain Covey","WR","Utah",2022,NA,NA,"undrafted",262,"undrafted - proj undrafted"
"2770",413,"Benjie Franklin","CB","Tarleton State",2022,NA,NA,"undrafted",262,"undrafted - proj undrafted"
"2771",414,"CJ Brewer","DL","Coastal Carolina",2022,NA,NA,"undrafted",262,"undrafted - proj undrafted"
"2772",415,"Chandler Wooten","LB","Auburn",2022,NA,NA,"undrafted",262,"undrafted - proj undrafted"
"2773",416,"Andrew Mevis","K","Iowa State",2022,NA,NA,"undrafted",262,"undrafted - proj undrafted"
"2774",417,"Mataeo Durant","RB","Duke",2022,NA,NA,"undrafted",262,"undrafted - proj undrafted"
"2775",418,"Daniel Hardy","EDGE","Montana State",2022,"00-0037843",7,"235",262,"183"
"2776",419,"Allie Green","CB","Missouri",2022,NA,NA,"undrafted",262,"undrafted - proj undrafted"
"2777",420,"TJ Pledger","RB","Utah",2022,NA,NA,"undrafted",262,"undrafted - proj undrafted"
"2778",421,"Trenton Thompson","S","San Diego State",2022,NA,NA,"undrafted",262,"undrafted - proj undrafted"
"2779",422,"Jack Cochrane","EDGE","South Dakota",2022,NA,NA,"undrafted",262,"undrafted - proj undrafted"
"2780",423,"Leonard Johnson","CB","Duke",2022,NA,NA,"undrafted",262,"undrafted - proj undrafted"
"2781",424,"Noah Burks","LB","Wisconsin",2022,NA,NA,"undrafted",262,"undrafted - proj undrafted"
"2782",425,"Jalen Virgil","WR","Appalachian State",2022,NA,NA,"undrafted",262,"undrafted - proj undrafted"
"2783",426,"Julius Faulk","CB","Delta State",2022,NA,NA,"undrafted",262,"undrafted - proj undrafted"
"2784",427,"Qwynterrio Cole","S","Louisville",2022,NA,NA,"undrafted",262,"undrafted - proj undrafted"
"2785",428,"Matt Allen","IOL","Michigan State",2022,NA,NA,"undrafted",262,"undrafted - proj undrafted"
"2786",429,"Savon Scarver","WR","Utah State",2022,NA,NA,"undrafted",262,"undrafted - proj undrafted"
"2787",430,"AJ Arcuri","OT","Michigan State",2022,"00-0037845",7,"261",262,"169"
"2788",431,"Taysir Mack","WR","Pittsburgh",2022,NA,NA,"undrafted",262,"undrafted - proj undrafted"
"2789",432,"Clint Ratkovich","RB","Northern Illinois",2022,NA,NA,"undrafted",262,"undrafted - proj undrafted"
"2790",433,"Prince Emili","DL","Penn",2022,NA,NA,"undrafted",262,"undrafted - proj undrafted"
"2791",434,"Hayden Howerton","IOL","SMU",2022,NA,NA,"undrafted",262,"undrafted - proj undrafted"
"2792",435,"Raleigh Texada","CB","Baylor",2022,NA,NA,"undrafted",262,"undrafted - proj undrafted"
"2793",436,"Brittain Brown","RB","UCLA",2022,"00-0037329",7,"250",262,"186"
"2794",437,"Jordan Williams","DL","Virginia Tech",2022,NA,NA,"undrafted",262,"undrafted - proj undrafted"
"2795",438,"Jared Bernhardt","QB","Ferris State",2022,NA,NA,"undrafted",262,"undrafted - proj undrafted"
"2796",439,"Elijah Garcia","DL","Rice",2022,NA,NA,"undrafted",262,"undrafted - proj undrafted"
"2797",440,"Scott Nelson","S","Wisconsin",2022,NA,NA,"undrafted",262,"undrafted - proj undrafted"
"2798",441,"Malachi Carter","WR","Georgia Tech",2022,NA,NA,"undrafted",262,"undrafted - proj undrafted"
"2799",442,"Ben Stille","DL","Nebraska",2022,NA,NA,"undrafted",262,"undrafted - proj undrafted"
"2800",443,"Xavier Newman-Johnson","IOL","Baylor",2022,NA,NA,"undrafted",262,"undrafted - proj undrafted"
"2801",444,"CJ Wright","DL","Georgia Southern",2022,NA,NA,"undrafted",262,"undrafted - proj undrafted"
"2802",445,"Erik Swenson","OT","Oklahoma",2022,NA,NA,"undrafted",262,"undrafted - proj undrafted"
"2803",446,"Johnny Johnson","WR","Oregon",2022,NA,NA,"undrafted",262,"undrafted - proj undrafted"
"2804",447,"Greg Bell","RB","San Diego State",2022,NA,NA,"undrafted",262,"undrafted - proj undrafted"
"2805",448,"Nazeeh Johnson","S","Marshall",2022,"00-0037198",7,"259",262,"189"
"2806",449,"Jake Hansen","LB","Illinois",2022,NA,NA,"undrafted",262,"undrafted - proj undrafted"
"2807",450,"Big Kat Bryant","EDGE","UCF",2022,NA,NA,"undrafted",262,"undrafted - proj undrafted"
"2808",451,"McKinley Williams","DL","Syracuse",2022,NA,NA,"undrafted",262,"undrafted - proj undrafted"
"2809",452,"Dion Novil","DL","North Texas",2022,NA,NA,"undrafted",262,"undrafted - proj undrafted"
"2810",453,"Justin Hall","WR","Ball State",2022,NA,NA,"undrafted",262,"undrafted - proj undrafted"
"2811",454,"Keegan Cryder","IOL","Wyoming",2022,NA,NA,"undrafted",262,"undrafted - proj undrafted"
"2812",455,"Kalil Pimpleton","WR","Central Michigan",2022,NA,NA,"undrafted",262,"undrafted - proj undrafted"
"2813",456,"Grant Morgan","LB","Arkansas",2022,NA,NA,"undrafted",262,"undrafted - proj undrafted"
"2814",457,"Mike Harley","WR","Miami (FL)",2022,NA,NA,"undrafted",262,"undrafted - proj undrafted"
"2815",458,"Bryant Koback","RB","Toledo",2022,NA,NA,"undrafted",262,"undrafted - proj undrafted"
"2816",459,"Jeremiah Hall","TE","Oklahoma",2022,NA,NA,"undrafted",262,"undrafted - proj undrafted"
"2817",460,"Brendan Radley-Hiles","S","Washington",2022,NA,NA,"undrafted",262,"undrafted - proj undrafted"
"2818",461,"Ryder Anderson","DL","Indiana",2022,NA,NA,"undrafted",262,"undrafted - proj undrafted"
"2819",462,"Jequez Ezzard","WR","Sam Houston State",2022,NA,NA,"undrafted",262,"undrafted - proj undrafted"
"2820",463,"Elijah Hicks","S","California",2022,"00-0037096",7,"254",262,"209"
"2821",464,"Chase Garbers","QB","California",2022,NA,NA,"undrafted",262,"undrafted - proj undrafted"
"2822",465,"Samuel Womack","CB","Toledo",2022,"00-0037830",5,"172",262,"293"
"2823",466,"Tayler Hawkins","CB","South Dakota State",2022,NA,NA,"undrafted",262,"undrafted - proj undrafted"
"2824",467,"Josh Babicz","TE","North Dakota State",2022,NA,NA,"undrafted",262,"undrafted - proj undrafted"
"2825",468,"George Moore","OT","Oregon",2022,NA,NA,"undrafted",262,"undrafted - proj undrafted"
"2826",469,"Charles Williams","RB","UNLV",2022,NA,NA,"undrafted",262,"undrafted - proj undrafted"
"2827",470,"Daniel Wright","S","Alabama",2022,NA,NA,"undrafted",262,"undrafted - proj undrafted"
"2828",471,"Malik Davis","RB","Florida",2022,NA,NA,"undrafted",262,"undrafted - proj undrafted"
"2829",472,"Zyon Gilbert","CB","Florida Atlantic",2022,NA,NA,"undrafted",262,"undrafted - proj undrafted"
"2830",473,"Scott Patchan","DL","Colorado State",2022,NA,NA,"undrafted",262,"undrafted - proj undrafted"
"2831",474,"Ben Petrula","IOL","Boston College",2022,NA,NA,"undrafted",262,"undrafted - proj undrafted"
"2832",475,"Sam Okuayinonu","EDGE","Maryland",2022,NA,NA,"undrafted",262,"undrafted - proj undrafted"
"2833",476,"Keyshawn James","DL","Fayetteville State",2022,NA,NA,"undrafted",262,"undrafted - proj undrafted"
"2834",477,"Russ Yeast","S","Kansas State",2022,"00-0037844",7,"253",262,"224"
"2835",478,"Andrew Vastardis","IOL","Michigan",2022,NA,NA,"undrafted",262,"undrafted - proj undrafted"
"2836",479,"Tyler Snead","WR","East Carolina",2022,NA,NA,"undrafted",262,"undrafted - proj undrafted"
"2837",480,"Raheem Blackshear","RB","Virginia Tech",2022,NA,NA,"undrafted",262,"undrafted - proj undrafted"
"2838",481,"Eric Barriere","QB","Eastern Washington",2022,NA,NA,"undrafted",262,"undrafted - proj undrafted"
"2839",482,"BJ Baylor","RB","Oregon State",2022,NA,NA,"undrafted",262,"undrafted - proj undrafted"
"2840",483,"Kaylon Geiger","WR","Texas Tech",2022,NA,NA,"undrafted",262,"undrafted - proj undrafted"
"2841",484,"Jack Snyder","IOL","San Jose State",2022,NA,NA,"undrafted",262,"undrafted - proj undrafted"
"2842",485,"Tyler Johnson","EDGE","Arizona State",2022,NA,NA,"undrafted",262,"undrafted - proj undrafted"
"2843",486,"Jack Koerner","S","Iowa",2022,NA,NA,"undrafted",262,"undrafted - proj undrafted"
"2844",487,"Tristin McCollum","S","Sam Houston State",2022,NA,NA,"undrafted",262,"undrafted - proj undrafted"
"2845",488,"Kekaula Kaniho","CB","Boise State",2022,NA,NA,"undrafted",262,"undrafted - proj undrafted"
"2846",489,"Antwan Collier","S","Florida A&M",2022,NA,NA,"undrafted",262,"undrafted - proj undrafted"
"2847",490,"Isaiah Chambers","DL","McNeese State",2022,NA,NA,"undrafted",262,"undrafted - proj undrafted"
"2848",491,"Derrick Tangelo","DL","Penn State",2022,NA,NA,"undrafted",262,"undrafted - proj undrafted"
"2849",492,"Tre Walker","LB","Idaho",2022,NA,NA,"undrafted",262,"undrafted - proj undrafted"
"2850",493,"DeMontre Tuggle","RB","Ohio",2022,NA,NA,"undrafted",262,"undrafted - proj undrafted"
"2851",494,"Cole Johnson","QB","James Madison",2022,NA,NA,"undrafted",262,"undrafted - proj undrafted"
"2852",495,"Tyrone Truesdell","DL","Florida",2022,NA,NA,"undrafted",262,"undrafted - proj undrafted"
"2853",496,"Olakunle Fatukasi","LB","Rutgers",2022,NA,NA,"undrafted",262,"undrafted - proj undrafted"
"2854",497,"Aaron Shampklin","RB","Harvard",2022,NA,NA,"undrafted",262,"undrafted - proj undrafted"
"2855",498,"Keir Thomas","DL","Florida State",2022,NA,NA,"undrafted",262,"undrafted - proj undrafted"
"2856",499,"John Chenal","RB","Wisconsin",2022,NA,NA,"undrafted",262,"undrafted - proj undrafted"
"2857",500,"Jake Hummel","LB","Iowa State",2022,NA,NA,"undrafted",262,"undrafted - proj undrafted"
"2858",501,"Jacub Panusiak","EDGE","Michigan State",2022,NA,NA,"undrafted",262,"undrafted - proj undrafted"
"2859",502,"Will Adams","S","Virginia",2022,NA,NA,"undrafted",262,"undrafted - proj undrafted"
"2860",503,"Parker White","K","South Carolina",2022,NA,NA,"undrafted",262,"undrafted - proj undrafted"
"2861",504,"Kurt Hinish","DL","Notre Dame",2022,NA,NA,"undrafted",262,"undrafted - proj undrafted"
"2862",505,"Jordan Tucker","OT","North Carolina",2022,NA,NA,"undrafted",262,"undrafted - proj undrafted"
"2863",506,"Quandre Mosely","CB","Kentucky",2022,NA,NA,"undrafted",262,"undrafted - proj undrafted"
"2864",507,"Cole Schneider","IOL","UCF",2022,NA,NA,"undrafted",262,"undrafted - proj undrafted"
"2865",508,"Coney Durr","CB","Minnesota",2022,NA,NA,"undrafted",262,"undrafted - proj undrafted"
"2866",509,"Diego Fagot","LB","Navy",2022,NA,NA,"undrafted",262,"undrafted - proj undrafted"
"2867",510,"Brayden Thomas","EDGE","North Dakota State",2022,NA,NA,"undrafted",262,"undrafted - proj undrafted"
"2868",511,"Jalen McKenzie","OT","USC",2022,NA,NA,"undrafted",262,"undrafted - proj undrafted"
"2869",512,"Justin Rice","LB","Utah State",2022,NA,NA,"undrafted",262,"undrafted - proj undrafted"
"2870",513,"Lioundre Gallimore","WR","Valdosta State",2022,NA,NA,"undrafted",262,"undrafted - proj undrafted"
"2871",514,"Kanai Mauga","LB","USC",2022,NA,NA,"undrafted",262,"undrafted - proj undrafted"
"2872",515,"Calvin Jackson","WR","Washington State",2022,NA,NA,"undrafted",262,"undrafted - proj undrafted"
"2873",516,"DAnthony Bell","S","West Florida",2022,NA,NA,"undrafted",262,"undrafted - proj undrafted"
"2874",517,"Qwuantrezz Knight","S","UCLA",2022,NA,NA,"undrafted",262,"undrafted - proj undrafted"
"2875",518,"Jaylan Alexander","LB","Purdue",2022,NA,NA,"undrafted",262,"undrafted - proj undrafted"
"2876",519,"Jahmir Johnson","OT","Texas A&M",2022,NA,NA,"undrafted",262,"undrafted - proj undrafted"
"2877",520,"Joel Dublanko","LB","Cincinnati",2022,NA,NA,"undrafted",262,"undrafted - proj undrafted"
"2878",521,"Alex Akingbulu","OT","Fresno State",2022,NA,NA,"undrafted",262,"undrafted - proj undrafted"
"2879",522,"Josh Seltzner","IOL","Wisconsin",2022,NA,NA,"undrafted",262,"undrafted - proj undrafted"
"2880",523,"Khalan Tolson","LB","Illinois",2022,NA,NA,"undrafted",262,"undrafted - proj undrafted"
"2881",524,"Deane Leonard","CB","Mississippi",2022,"00-0037320",7,"236",262,"288"
"2882",525,"Dylan Cook","OT","Montana",2022,NA,NA,"undrafted",262,"undrafted - proj undrafted"
"2883",526,"Vi Jones","EDGE","NC State",2022,NA,NA,"undrafted",262,"undrafted - proj undrafted"
"2884",527,"Greg Long","IOL","Purdue",2022,NA,NA,"undrafted",262,"undrafted - proj undrafted"
"2885",528,"TieNeal Martin","S","Tulsa",2022,NA,NA,"undrafted",262,"undrafted - proj undrafted"
"2886",529,"Davis Cheek","QB","Elon",2022,NA,NA,"undrafted",262,"undrafted - proj undrafted"
"2887",530,"Caleb Jones","OT","Indiana",2022,NA,NA,"undrafted",262,"undrafted - proj undrafted"
"2888",531,"Drew Hartlaub","S","Penn State",2022,NA,NA,"undrafted",262,"undrafted - proj undrafted"
"2889",532,"Jonathan Garibay","K","Texas Tech",2022,NA,NA,"undrafted",262,"undrafted - proj undrafted"
"2890",533,"Jaylan Foster","S","South Carolina",2022,NA,NA,"undrafted",262,"undrafted - proj undrafted"
"2891",534,"Dennis Houston","WR","Western Illinois",2022,NA,NA,"undrafted",262,"undrafted - proj undrafted"
"2892",535,"Benton Whitley","DL","Holy Cross",2022,NA,NA,"undrafted",262,"undrafted - proj undrafted"
"2893",536,"Noah Harvey","LB","Michigan State",2022,NA,NA,"undrafted",262,"undrafted - proj undrafted"
"2894",537,"Nick Sciba","K","Wake Forest",2022,NA,NA,"undrafted",262,"undrafted - proj undrafted"
"2895",538,"Marcelino Ball","S","Indiana",2022,NA,NA,"undrafted",262,"undrafted - proj undrafted"
"2896",539,"Zach McCloud","EDGE","Miami (FL)",2022,NA,NA,"undrafted",262,"undrafted - proj undrafted"
"2897",540,"Cory McCoy","S","Marshall",2022,NA,NA,"undrafted",262,"undrafted - proj undrafted"
"2898",541,"Robert Washington","RB","Valparaiso",2022,NA,NA,"undrafted",262,"undrafted - proj undrafted"
"2899",542,"Vavae Malepeai","RB","USC",2022,NA,NA,"undrafted",262,"undrafted - proj undrafted"
"2900",543,"Cyrus Habibi-Likio","RB","Boise State",2022,NA,NA,"undrafted",262,"undrafted - proj undrafted"
"2901",544,"Mike Brown","S","Miami (OH)",2022,NA,NA,"undrafted",262,"undrafted - proj undrafted"
"2902",545,"Jah-Maine Martin","RB","North Carolina A&T",2022,NA,NA,"undrafted",262,"undrafted - proj undrafted"
"2903",546,"Ikenna Onwuasoanya","DL","CSU Pueblo",2022,NA,NA,"undrafted",262,"undrafted - proj undrafted"
"2904",547,"Kevin Jarvis","IOL","Michigan State",2022,NA,NA,"undrafted",262,"undrafted - proj undrafted"
"2905",548,"Shabari Davis","CB","Southeast Missouri State",2022,NA,NA,"undrafted",262,"undrafted - proj undrafted"
"2906",549,"Stephen Carr","RB","Indiana",2022,NA,NA,"undrafted",262,"undrafted - proj undrafted"
"2907",550,"McKenzie Milton","QB","Florida State",2022,NA,NA,"undrafted",262,"undrafted - proj undrafted"
"2908",551,"Tyshaun James","WR","Central Connecticut",2022,NA,NA,"undrafted",262,"undrafted - proj undrafted"
"2909",552,"DeAndre Johnson","QB","Texas Southern",2022,NA,NA,"undrafted",262,"undrafted - proj undrafted"
"2910",553,"Jordan Silver","LS","Arkansas",2022,NA,NA,"undrafted",262,"undrafted - proj undrafted"
"2911",554,"Clarence Hicks","EDGE","UTSA",2022,NA,NA,"undrafted",262,"undrafted - proj undrafted"
"2912",555,"Greg Eisworth","S","Iowa State",2022,NA,NA,"undrafted",262,"undrafted - proj undrafted"
"2913",556,"Brandon Peters","QB","Illinois",2022,NA,NA,"undrafted",262,"undrafted - proj undrafted"
"2914",557,"Corey Bethley","DL","TCU",2022,NA,NA,"undrafted",262,"undrafted - proj undrafted"
"2915",558,"Tyreek Maddox-Williams","LB","Rutgers",2022,NA,NA,"undrafted",262,"undrafted - proj undrafted"
"2916",559,"Kevin Atkins","DL","Fresno State",2022,NA,NA,"undrafted",262,"undrafted - proj undrafted"
"2917",560,"Mandy Alonso","DL","Virginia",2022,NA,NA,"undrafted",262,"undrafted - proj undrafted"
"2918",561,"Jarrid Williams","OT","Miami (FL)",2022,NA,NA,"undrafted",262,"undrafted - proj undrafted"
"2919",562,"Blake Hayes","P","Illinois",2022,NA,NA,"undrafted",262,"undrafted - proj undrafted"
"2920",563,"Avery Roberts","LB","Oregon State",2022,NA,NA,"undrafted",262,"undrafted - proj undrafted"
"2921",564,"William Kwenkeu","LB","Temple",2022,NA,NA,"undrafted",262,"undrafted - proj undrafted"
"2922",565,"Tre Swilling","CB","Georgia Tech",2022,NA,NA,"undrafted",262,"undrafted - proj undrafted"
"2923",566,"Jack Gibbens","LB","Minnesota",2022,NA,NA,"undrafted",262,"undrafted - proj undrafted"
"2924",567,"Akial Byers","DL","Missouri",2022,NA,NA,"undrafted",262,"undrafted - proj undrafted"
"2925",568,"Luke Masterson","LB","Wake Forest",2022,NA,NA,"undrafted",262,"undrafted - proj undrafted"
"2926",569,"Silas Kelly","LB","Coastal Carolina",2022,NA,NA,"undrafted",262,"undrafted - proj undrafted"
"2927",570,"Jack Wohlabaugh","IOL","Duke",2022,NA,NA,"undrafted",262,"undrafted - proj undrafted"
"2928",571,"Sam Roberts","DL","Northwest Missouri State",2022,"00-0037298",6,"200",262,"371"
"2929",572,"Kordell Jackson","CB","Austin Peay",2022,NA,NA,"undrafted",262,"undrafted - proj undrafted"
"2930",573,"Danny Godlevske","IOL","Oklahoma State",2022,NA,NA,"undrafted",262,"undrafted - proj undrafted"
"2931",574,"Dee Anderson","WR","Alabama A&M",2022,NA,NA,"undrafted",262,"undrafted - proj undrafted"
"2932",575,"Avery Atkins","P","LSU",2022,NA,NA,"undrafted",262,"undrafted - proj undrafted"
"2933",576,"Tristan Nichols","DL","Nevada",2022,NA,NA,"undrafted",262,"undrafted - proj undrafted"
"2934",577,"Owen Carney","EDGE","Illinois",2022,NA,NA,"undrafted",262,"undrafted - proj undrafted"
"2935",578,"Liam Shanahan","IOL","LSU",2022,NA,NA,"undrafted",262,"undrafted - proj undrafted"
"2936",579,"Aron Johnson","OT","South Dakota State",2022,NA,NA,"undrafted",262,"undrafted - proj undrafted"
"2937",580,"Colby Ragland","OT","UAB",2022,NA,NA,"undrafted",262,"undrafted - proj undrafted"
"2938",581,"Damion Daniels","DL","Nebraska",2022,NA,NA,"undrafted",262,"undrafted - proj undrafted"
"2939",582,"Tomon Fox","LB","North Carolina",2022,NA,NA,"undrafted",262,"undrafted - proj undrafted"
"2940",583,"Montrell Washington","WR","Samford",2022,"00-0037272",5,"162",262,"421"
"2941",584,"Michael Griffin","S","South Dakota State",2022,NA,NA,"undrafted",262,"undrafted - proj undrafted"
"2942",585,"Raheem Layne","S","Indiana",2022,NA,NA,"undrafted",262,"undrafted - proj undrafted"
"2943",586,"Trenton Gill","P","NC State",2022,"00-0037097",7,"255",262,"331"
"2944",587,"Christian Holmes","CB","Oklahoma State",2022,"00-0037095",7,"240",262,"347"
"2945",588,"Zerrick Cooper","QB","Jacksonville State",2022,NA,NA,"undrafted",262,"undrafted - proj undrafted"
"2946",589,"Nate Needham","K","Bowling Green",2022,NA,NA,"undrafted",262,"undrafted - proj undrafted"
"2947",590,"Kobie Whiteside","DL","Missouri",2022,NA,NA,"undrafted",262,"undrafted - proj undrafted"
"2948",591,"Drew Seers","LB","Lindenwood",2022,NA,NA,"undrafted",262,"undrafted - proj undrafted"
"2949",592,"Cain Madden","IOL","Marshall",2022,NA,NA,"undrafted",262,"undrafted - proj undrafted"
"2950",593,"Nyles Pinckney","DL","Minnesota",2022,NA,NA,"undrafted",262,"undrafted - proj undrafted"
"2951",594,"Cole Bentley","IOL","Louisville",2022,NA,NA,"undrafted",262,"undrafted - proj undrafted"
"2952",595,"Roderick Perry","DL","Illinois",2022,NA,NA,"undrafted",262,"undrafted - proj undrafted"
"2953",596,"Lakia Henry","LB","Mississippi",2022,NA,NA,"undrafted",262,"undrafted - proj undrafted"
"2954",597,"Riko Jeffers","LB","Texas Tech",2022,NA,NA,"undrafted",262,"undrafted - proj undrafted"
"2955",598,"Travell Harris","WR","Washington State",2022,NA,NA,"undrafted",262,"undrafted - proj undrafted"
"2956",599,"Ricky Person","RB","NC State",2022,NA,NA,"undrafted",262,"undrafted - proj undrafted"
"2957",600,"Mike Greene","DL","James Madison",2022,NA,NA,"undrafted",262,"undrafted - proj undrafted"
"2958",601,"JaVonta Payton","WR","Tennessee",2022,NA,NA,"undrafted",262,"undrafted - proj undrafted"
"2959",602,"Obi Eboh","CB","UCLA",2022,NA,NA,"undrafted",262,"undrafted - proj undrafted"
"2960",603,"Conner Olson","IOL","Minnesota",2022,NA,NA,"undrafted",262,"undrafted - proj undrafted"
"2961",604,"Demetris Robinson","WR","Auburn",2022,NA,NA,"undrafted",262,"undrafted - proj undrafted"
"2962",605,"Mike Palmer","S","Boston College",2022,NA,NA,"undrafted",262,"undrafted - proj undrafted"
"2963",606,"Paul Grattan","IOL","UCLA",2022,NA,NA,"undrafted",262,"undrafted - proj undrafted"
"2964",607,"Andre Anthony","DL","LSU",2022,"00-0037328",7,"248",262,"359"
"2965",608,"Christian Matthew","IOL","Valdosta State",2022,"00-0037747",7,"244",262,"364"
"2966",609,"Rodney Thomas","S","Yale",2022,"00-0037323",7,"239",262,"370"
"2967",610,"Theo Jackson","S","Tennessee",2022,"00-0037301",6,"204",262,"406"
"2968",611,"Zaire Mitchell","TE","Notre Dame",2022,NA,NA,"undrafted",262,"undrafted - proj undrafted"
"2969",612,"Deionte Knight","DL","Western Ontario",2022,NA,NA,"undrafted",262,"undrafted - proj undrafted"
"2970",613,"Josh Watts","P","Colorado",2022,NA,NA,"undrafted",262,"undrafted - proj undrafted"
"2971",614,"Kuony Deng","LB","California",2022,NA,NA,"undrafted",262,"undrafted - proj undrafted"
"2972",615,"Trevor Harmanson","LB","UTSA",2022,NA,NA,"undrafted",262,"undrafted - proj undrafted"
"2973",616,"Dishon McNary","CB","Central Michigan",2022,NA,NA,"undrafted",262,"undrafted - proj undrafted"
"2974",617,"Ben Griffiths","P","USC",2022,NA,NA,"undrafted",262,"undrafted - proj undrafted"
"2975",618,"Ryan Wright","P","Tulane",2022,NA,NA,"undrafted",262,"undrafted - proj undrafted"
"2976",619,"Alec Anderson","OT","UCLA",2022,NA,NA,"undrafted",262,"undrafted - proj undrafted"
"2977",620,"Mo Diallo","DL","Arizona State",2022,NA,NA,"undrafted",262,"undrafted - proj undrafted"
"2978",621,"Braden Galloway","TE","Clemson",2022,NA,NA,"undrafted",262,"undrafted - proj undrafted"
"2979",622,"Thomas Odukoya","TE","Eastern Michigan",2022,NA,NA,"undrafted",262,"undrafted - proj undrafted"
"2980",623,"Aubrey Solomon","DL","Tennessee",2022,NA,NA,"undrafted",262,"undrafted - proj undrafted"
"2981",624,"Donovan Jeter","DL","Michigan",2022,NA,NA,"undrafted",262,"undrafted - proj undrafted"
"2982",625,"KD Nixon","WR","USC",2022,NA,NA,"undrafted",262,"undrafted - proj undrafted"
"2983",626,"Drew White","LB","Notre Dame",2022,NA,NA,"undrafted",262,"undrafted - proj undrafted"
"2984",627,"Derek Kerstetter","IOL","Texas",2022,NA,NA,"undrafted",262,"undrafted - proj undrafted"
"2985",628,"Nykeim Johnson","WR","Syracuse",2022,NA,NA,"undrafted",262,"undrafted - proj undrafted"
"2986",629,"Colin Schooler","LB","Texas Tech",2022,NA,NA,"undrafted",262,"undrafted - proj undrafted"
"2987",630,"Chris Turner","EDGE","Missouri",2022,NA,NA,"undrafted",262,"undrafted - proj undrafted"
"2988",631,"Josh Blackwell","CB","Duke",2022,NA,NA,"undrafted",262,"undrafted - proj undrafted"
"2989",632,"TJ Carter","CB","Memphis",2022,NA,NA,"undrafted",262,"undrafted - proj undrafted"
"2990",633,"Colin Newell","IOL","Iowa State",2022,NA,NA,"undrafted",262,"undrafted - proj undrafted"
"2991",634,"Ryan Nelson","OT","Virginia",2022,NA,NA,"undrafted",262,"undrafted - proj undrafted"
"2992",635,"Roger Cray","CB","Western Kentucky",2022,NA,NA,"undrafted",262,"undrafted - proj undrafted"
"2993",636,"Melvin Rouse","WR","Yale",2022,NA,NA,"undrafted",262,"undrafted - proj undrafted"
"2994",637,"Charles Wiley","EDGE","UTSA",2022,NA,NA,"undrafted",262,"undrafted - proj undrafted"
"2995",638,"Cole Fotheringham","TE","Utah",2022,NA,NA,"undrafted",262,"undrafted - proj undrafted"
"2996",639,"CJ Morgan","S","Mississippi State",2022,NA,NA,"undrafted",262,"undrafted - proj undrafted"
"2997",640,"Taylor Riggins","EDGE","Buffalo",2022,NA,NA,"undrafted",262,"undrafted - proj undrafted"
"2998",641,"Tariqious Tisdale","DL","Mississippi",2022,NA,NA,"undrafted",262,"undrafted - proj undrafted"
"2999",642,"Brenden Schooler","S","Texas",2022,NA,NA,"undrafted",262,"undrafted - proj undrafted"
"3000",643,"Stewart Reese","IOL","Florida",2022,NA,NA,"undrafted",262,"undrafted - proj undrafted"
"3001",644,"Shamarious Gilmore","IOL","Georgia State",2022,NA,NA,"undrafted",262,"undrafted - proj undrafted"
"3002",645,"Sean Dykes","TE","Memphis",2022,NA,NA,"undrafted",262,"undrafted - proj undrafted"
"3003",646,"Brandon Martin","LB","Ball State",2022,NA,NA,"undrafted",262,"undrafted - proj undrafted"
"3004",647,"Changa Hodge","WR","Virginia Tech",2022,NA,NA,"undrafted",262,"undrafted - proj undrafted"
"3005",648,"Devin Taylor","CB","Bowling Green",2022,NA,NA,"undrafted",262,"undrafted - proj undrafted"
"3006",1,"Bryce Young","QB","Alabama",2023,"00-0039150",1,"1",259,"0"
"3007",2,"Will Anderson","EDGE","Alabama",2023,"00-0039108",1,"3",259,"-1"
"3008",3,"CJ Stroud","QB","Ohio State",2023,"00-0039163",1,"2",259,"1"
"3009",4,"Tyree Wilson","EDGE","Texas Tech",2023,"00-0038541",1,"7",259,"-3"
"3010",5,"Anthony Richardson","QB","Florida",2023,"00-0039164",1,"4",259,"1"
"3011",6,"Will Levis","QB","Kentucky",2023,"00-0039152",2,"33",259,"-27"
"3012",7,"Jalen Carter","DL","Georgia",2023,"00-0038386",1,"9",259,"-2"
"3013",8,"Devon Witherspoon","CB","Illinois",2023,"00-0039169",1,"5",259,"3"
"3014",9,"Paris Johnson","OT","Ohio State",2023,"00-0038540",1,"6",259,"3"
"3015",10,"Christian Gonzalez","CB","Oregon",2023,"00-0039147",1,"17",259,"-7"
"3016",11,"Peter Skoronski","OT","Northwestern",2023,"00-0039034",1,"11",259,"0"
"3017",12,"Bijan Robinson","RB","Texas",2023,"00-0038542",1,"8",259,"4"
"3018",13,"Jaxon Smith-Njigba","WR","Ohio State",2023,"00-0038543",1,"20",259,"-7"
"3019",14,"Nolan Smith","EDGE","Georgia",2023,"00-0039013",1,"30",259,"-16"
"3020",15,"Broderick Jones","OT","Georgia",2023,"00-0039109",1,"14",259,"1"
"3021",16,"Lukas Van Ness","EDGE","Iowa",2023,"00-0039112",1,"13",259,"3"
"3022",17,"Darnell Wright","OT","Tennessee",2023,"00-0038932",1,"10",259,"7"
"3023",18,"Joey Porter","CB","Penn State",2023,"00-0039167",2,"32",259,"-14"
"3024",19,"Myles Murphy","EDGE","Clemson",2023,"00-0038546",1,"28",259,"-9"
"3025",20,"Deonte Banks","CB","Maryland",2023,"00-0039000",1,"24",259,"-4"
"3026",21,"Zay Flowers","WR","Boston College",2023,"00-0039064",1,"22",259,"-1"
"3027",22,"Michael Mayer","TE","Notre Dame",2023,"00-0039066",2,"35",259,"-13"
"3028",23,"Dalton Kincaid","TE","Utah",2023,"00-0038933",1,"25",259,"-2"
"3029",24,"Jordan Addison","WR","USC",2023,"00-0038994",1,"23",259,"1"
"3030",25,"Brian Branch","S","Alabama",2023,"00-0039141",2,"45",259,"-20"
"3031",26,"Quentin Johnston","WR","TCU",2023,"00-0038544",1,"21",259,"5"
"3032",27,"Calijah Kancey","DL","Pittsburgh",2023,"00-0039063",1,"19",259,"8"
"3033",28,"Emmanuel Forbes","CB","Mississippi State",2023,"00-0039151",1,"16",259,"12"
"3034",29,"Anton Harrison","OT","Oklahoma",2023,"00-0038934",1,"27",259,"2"
"3035",30,"Bryan Bresee","DL","Clemson",2023,"00-0038995",1,"29",259,"1"
"3036",31,"Hendon Hooker","QB","Tennessee",2023,"00-0038550",3,"68",259,"-37"
"3037",32,"OCyrus Torrence","IOL","Florida",2023,"00-0038548",2,"59",259,"-27"
"3038",33,"Jahmyr Gibbs","RB","Alabama",2023,"00-0039139",1,"12",259,"21"
"3039",34,"Will McDonald","EDGE","Iowa State",2023,"00-0039142",1,"15",259,"19"
"3040",35,"Mazi Smith","DL","Michigan",2023,"00-0038545",1,"26",259,"9"
"3041",36,"John Michael Schmitz","IOL","Minnesota",2023,"00-0039019",2,"57",259,"-21"
"3042",37,"Cam Smith","CB","South Carolina",2023,"00-0039133",2,"51",259,"-14"
"3043",38,"Jalin Hyatt","WR","Tennessee",2023,"00-0038938",3,"73",259,"-35"
"3044",39,"Adetomiwa Adebawore","EDGE","Northwestern",2023,"00-0039031",4,"110",259,"-71"
"3045",40,"Darnell Washington","TE","Georgia",2023,"00-0038558",3,"93",259,"-53"
"3046",41,"Kelee Ringo","CB","Georgia",2023,"00-0039140",4,"105",259,"-64"
"3047",42,"Keion White","EDGE","Georgia Tech",2023,"00-0039148",2,"46",259,"-4"
"3048",43,"Drew Sanders","LB","Arkansas",2023,"00-0039003",3,"67",259,"-24"
"3049",44,"Dawand Jones","OT","Ohio State",2023,"00-0039014",4,"111",259,"-67"
"3050",45,"Jack Campbell","LB","Iowa",2023,"00-0039018",1,"18",259,"27"
"3051",46,"Felix Anudike-Uzomah","EDGE","Kansas State",2023,"00-0039006",1,"31",259,"15"
"3052",47,"Steve Avila","IOL","TCU",2023,"00-0039058",2,"36",259,"11"
"3053",48,"Luke Musgrave","TE","Oregon State",2023,"00-0039144",2,"42",259,"6"
"3054",49,"Josh Downs","WR","North Carolina",2023,"00-0038997",3,"79",259,"-30"
"3055",50,"Joe Tippmann","IOL","Wisconsin",2023,"00-0039145",2,"43",259,"7"
"3056",51,"Trenton Simpson","LB","Clemson",2023,"00-0038504",3,"86",259,"-35"
"3057",52,"BJ Ojulari","EDGE","LSU",2023,"00-0039155",2,"41",259,"11"
"3058",53,"Julius Brents","CB","Kansas State",2023,"00-0039156",2,"44",259,"9"
"3059",54,"Matthew Bergeron","OT","Syracuse",2023,"00-0039048",2,"38",259,"16"
"3060",55,"Sam LaPorta","TE","Iowa",2023,"00-0039065",2,"34",259,"21"
"3061",56,"DJ Turner","CB","Michigan",2023,"00-0038549",2,"60",259,"-4"
"3062",57,"Cody Mauch","IOL","North Dakota State",2023,"00-0039157",2,"48",259,"9"
"3063",58,"Isaiah Foskey","EDGE","Notre Dame",2023,"00-0039143",2,"40",259,"18"
"3064",59,"Tyrique Stevenson","CB","Miami (FL)",2023,"00-0039071",2,"56",259,"3"
"3065",60,"Keeanu Benton","DL","Wisconsin",2023,"00-0039110",2,"49",259,"11"
"3066",61,"Cedric Tillman","WR","Tennessee",2023,"00-0038979",3,"74",259,"-13"
"3067",62,"Antonio Johnson","S","Texas A&M",2023,"00-0038596",5,"160",259,"-98"
"3068",63,"Zach Charbonnet","RB","UCLA",2023,"00-0039165",2,"52",259,"11"
"3069",64,"Derick Hall","EDGE","Auburn",2023,"00-0039047",2,"37",259,"27"
"3070",65,"Clark Phillips","CB","Utah",2023,"00-0038568",4,"113",259,"-48"
"3071",66,"Tuli Tuipulotu","DL","USC",2023,"00-0039111",2,"54",259,"12"
"3072",67,"Siaki Ika","DL","Baylor",2023,"00-0038561",3,"98",259,"-31"
"3073",68,"Tucker Kraft","TE","South Dakota State",2023,"00-0038996",3,"78",259,"-10"
"3074",69,"Jonathan Mingo","WR","Mississippi",2023,"00-0039062",2,"39",259,"30"
"3075",70,"Marvin Mims","WR","Oklahoma",2023,"00-0038976",2,"63",259,"7"
"3076",71,"Gervon Dexter","DL","Florida",2023,"00-0039070",2,"53",259,"18"
"3077",72,"Daiyan Henley","LB","Washington State",2023,"00-0038553",3,"85",259,"-13"
"3078",73,"DeVon Achane","RB","Texas A&M",2023,"00-0039040",3,"84",259,"-11"
"3079",74,"Sydney Brown","S","Illinois",2023,"00-0039002",3,"66",259,"8"
"3080",75,"Luke Wypler","IOL","Ohio State",2023,"00-0038609",6,"190",259,"-115"
"3081",76,"Tyler Scott","WR","Cincinnati",2023,"00-0038941",4,"133",259,"-57"
"3082",77,"Darius Rush","CB","South Carolina",2023,"00-0038388",5,"138",259,"-61"
"3083",78,"Tank Dell","WR","Houston",2023,"00-0038977",3,"69",259,"9"
"3084",79,"Tyler Steen","OT","Alabama",2023,"00-0039001",3,"65",259,"14"
"3085",80,"Blake Freeland","OT","BYU",2023,"00-0039158",4,"106",259,"-26"
"3086",81,"Rashee Rice","WR","SMU",2023,"00-0039067",2,"55",259,"26"
"3087",82,"Tyjae Spears","RB","Tulane",2023,"00-0039032",3,"81",259,"1"
"3088",83,"Jaelyn Duncan","OT","Maryland",2023,"00-0038607",6,"186",259,"-103"
"3089",84,"Jartavius Martin","S","Illinois",2023,"00-0039149",2,"47",259,"37"
"3090",85,"Jordan Battle","S","Alabama",2023,"00-0038560",3,"95",259,"-10"
"3091",86,"Zach Harrison","EDGE","Ohio State",2023,"00-0038980",3,"75",259,"11"
"3092",87,"Zacch Pickens","DL","South Carolina",2023,"00-0038937",3,"64",259,"23"
"3093",88,"Jayden Reed","WR","Michigan State",2023,"00-0039146",2,"50",259,"38"
"3094",89,"Roschon Johnson","RB","Texas",2023,"00-0039021",4,"115",259,"-26"
"3095",90,"Byron Young (TN)","EDGE","Tennessee",2023,NA,NA,"undrafted",259,"undrafted - proj drafted"
"3096",91,"JL Skinner","S","Boise State",2023,"00-0038605",6,"183",259,"-92"
"3097",92,"Jammie Robinson","S","Florida State",2023,"00-0038587",5,"145",259,"-53"
"3098",93,"AT Perry","WR","Wake Forest",2023,"00-0038612",6,"195",259,"-102"
"3099",94,"Garrett Williams","CB","Syracuse",2023,"00-0039007",3,"72",259,"22"
"3100",95,"Tank Bigsby","RB","Auburn",2023,"00-0038555",3,"88",259,"7"
"3101",96,"Chandler Zavala","IOL","NC State",2023,"00-0038536",4,"114",259,"-18"
"3102",97,"JiAyir Brown","S","Penn State",2023,"00-0038554",3,"87",259,"10"
"3103",98,"Noah Sewell","LB","Oregon",2023,"00-0038390",5,"148",259,"-50"
"3104",99,"Henry Tootoo","LB","Alabama",2023,NA,NA,"undrafted",259,"undrafted - proj drafted"
"3105",100,"Luke Schoonmaker","TE","Michigan",2023,"00-0038547",2,"58",259,"42"
"3106",101,"Nick Herbig","LB","Wisconsin",2023,"00-0038577",4,"132",259,"-31"
"3107",102,"TreVius Hodges-Tomlinson","CB","TCU",2023,NA,NA,"undrafted",259,"undrafted - proj drafted"
"3108",103,"Andre Carter","EDGE","Army",2023,NA,NA,"undrafted",259,"undrafted - proj drafted"
"3109",104,"Kayshon Boutte","WR","LSU",2023,"00-0038608",6,"187",259,"-83"
"3110",105,"Kendre Miller","RB","TCU",2023,"00-0038551",3,"71",259,"34"
"3111",106,"Wanya Morris","OT","Oklahoma",2023,"00-0038981",3,"92",259,"14"
"3112",107,"DeMarvion Overshown","LB","Texas",2023,"00-0038556",3,"90",259,"17"
"3113",108,"Riley Moss","CB","Iowa",2023,"00-0038552",3,"83",259,"25"
"3114",109,"Israel Abanikanda","RB","Pittsburgh",2023,"00-0038389",5,"143",259,"-34"
"3115",110,"Emil Ekiyor","IOL","Alabama",2023,NA,NA,"undrafted",259,"undrafted - proj drafted"
"3116",111,"Dorian Williams","LB","Tulane",2023,"00-0038557",3,"91",259,"20"
"3117",112,"YaYa Diaby","EDGE","Louisville",2023,"00-0039068",3,"82",259,"30"
"3118",113,"Cory Trice","CB","Purdue",2023,"00-0038639",7,"241",259,"-128"
"3119",114,"Isaiah McGuire","EDGE","Missouri",2023,"00-0038574",4,"126",259,"-12"
"3120",115,"Karl Brooks","DL","Bowling Green",2023,"00-0038398",6,"179",259,"-64"
"3121",116,"Nick Saldiveri","OT","Old Dominion",2023,"00-0038566",4,"103",259,"13"
"3122",117,"Jaquelin Roy","DL","LSU",2023,"00-0038584",5,"141",259,"-24"
"3123",118,"Byron Young (AL)","DL","Alabama",2023,NA,NA,"undrafted",259,"undrafted - proj drafted"
"3124",119,"Braeden Daniels","IOL","Utah",2023,"00-0039010",4,"118",259,"1"
"3125",120,"Jakorian Bennett","CB","Maryland",2023,"00-0039072",4,"104",259,"16"
"3126",121,"Eli Ricks","CB","Alabama",2023,NA,NA,"undrafted",259,"undrafted - proj drafted"
"3127",122,"Chris Smith","S","Georgia",2023,"00-0038602",5,"170",259,"-48"
"3128",123,"Kyu Blu Kelly","CB","Stanford",2023,"00-0038381",5,"157",259,"-34"
"3129",124,"Tanner McKee","QB","Stanford",2023,"00-0038400",6,"188",259,"-64"
"3130",125,"Zack Kuntz","TE","Old Dominion",2023,"00-0038406",7,"220",259,"-95"
"3131",126,"Brenton Strange","TE","Penn State",2023,"00-0038935",2,"61",259,"65"
"3132",127,"Xavier Hutchinson","WR","Iowa State",2023,"00-0038618",6,"205",259,"-78"
"3133",128,"Jaylon Jones","CB","Texas A&M",2023,"00-0038407",7,"221",259,"-93"
"3134",129,"Zach Evans","RB","Mississippi",2023,"00-0039136",6,"215",259,"-86"
"3135",130,"Trey Palmer","WR","Nebraska",2023,"00-0039052",6,"191",259,"-61"
"3136",131,"Moro Ojomo","DL","Texas",2023,"00-0038412",7,"249",259,"-118"
"3137",132,"DeWayne McBride","RB","UAB",2023,"00-0039046",7,"222",259,"-90"
"3138",133,"Andrew Vorhees","IOL","USC",2023,"00-0038383",7,"229",259,"-96"
"3139",134,"Michael Wilson","WR","Stanford",2023,"00-0038559",3,"94",259,"40"
"3140",135,"Olusegun Oluwatimi","IOL","Michigan",2023,"00-0038593",5,"154",259,"-19"
"3141",136,"Juice Scruggs","IOL","Penn State",2023,"00-0038936",2,"62",259,"74"
"3142",137,"Jake Haener","QB","Fresno State",2023,"00-0038998",4,"127",259,"10"
"3143",138,"Owen Pappoe","LB","Auburn",2023,"00-0038600",5,"168",259,"-30"
"3144",139,"Parker Washington","WR","Penn State",2023,"00-0038606",6,"185",259,"-46"
"3145",140,"Dorian Thompson-Robinson","QB","UCLA",2023,"00-0038583",5,"140",259,"0"
"3146",141,"Chase Brown","RB","Illinois",2023,"00-0038597",5,"163",259,"-22"
"3147",142,"Colby Wooden","DL","Auburn",2023,"00-0038387",4,"116",259,"26"
"3148",143,"Warren McClendon","OT","Georgia",2023,"00-0039077",5,"174",259,"-31"
"3149",144,"Ivan Pace","LB","Cincinnati",2023,NA,NA,"undrafted",259,"undrafted - proj drafted"
"3150",145,"Ricky Stromberg","IOL","Arkansas",2023,"00-0039008",3,"97",259,"48"
"3151",146,"Carter Warren","OT","Pittsburgh",2023,"00-0039004",4,"120",259,"26"
"3152",147,"Kobie Turner","DL","Wake Forest",2023,"00-0039138",3,"89",259,"58"
"3153",148,"Brandon Joseph","S","Notre Dame",2023,NA,NA,"undrafted",259,"undrafted - proj drafted"
"3154",149,"Jarrett Patterson","IOL","Notre Dame",2023,"00-0038615",6,"201",259,"-52"
"3155",150,"KJ Henry","EDGE","Clemson",2023,"00-0038581",5,"137",259,"13"
"3156",151,"Sean Tucker","RB","Syracuse",2023,NA,NA,"undrafted",259,"undrafted - proj drafted"
"3157",152,"Anthony Bradford","IOL","LSU",2023,"00-0039020",4,"108",259,"44"
"3158",153,"Jalen Redmond","DL","Oklahoma",2023,NA,NA,"undrafted",259,"undrafted - proj drafted"
"3159",154,"Marte Mapu","LB","Sacramento State",2023,"00-0039054",3,"76",259,"78"
"3160",155,"KeiTrel Clark","CB","Louisville",2023,"00-0038984",6,"180",259,"-25"
"3161",156,"Daniel Scott","S","California",2023,"00-0038392",5,"158",259,"-2"
"3162",157,"Clayton Tune","QB","Houston",2023,"00-0038582",5,"139",259,"18"
"3163",158,"DJ Johnson","EDGE","Oregon",2023,"00-0038535",3,"80",259,"78"
"3164",159,"Eric Gray","RB","Oklahoma",2023,"00-0038396",5,"172",259,"-13"
"3165",160,"Bryce Ford-Wheaton","WR","West Virginia",2023,NA,NA,"undrafted",259,"undrafted - proj drafted"
"3166",161,"Dontayvion Wicks","WR","Virginia",2023,"00-0038393",5,"159",259,"2"
"3167",162,"Terell Smith","CB","Minnesota",2023,"00-0038395",5,"165",259,"-3"
"3168",163,"Charlie Jones","WR","Purdue",2023,"00-0038576",4,"131",259,"32"
"3169",164,"Kenny McIntosh","RB","Georgia",2023,"00-0038636",7,"237",259,"-73"
"3170",165,"Aidan OConnell","QB","Purdue",2023,"00-0038579",4,"135",259,"30"
"3171",166,"Mike Morris","DL","Michigan",2023,"00-0038591",5,"151",259,"15"
"3172",167,"Deuce Vaughn","RB","Kansas State",2023,"00-0038622",6,"212",259,"-45"
"3173",168,"Jaren Hall","QB","BYU",2023,"00-0038598",5,"164",259,"4"
"3174",169,"Andrei Iosivas","WR","Princeton",2023,"00-0038619",6,"206",259,"-37"
"3175",170,"Ronnie Hickman","S","Ohio State",2023,NA,NA,"undrafted",259,"undrafted - proj drafted"
"3176",171,"Payne Durham","TE","Purdue",2023,"00-0039050",5,"171",259,"0"
"3177",172,"Davis Allen","TE","Clemson",2023,"00-0039074",5,"175",259,"-3"
"3178",173,"Keondre Coburn","DL","Texas",2023,"00-0038985",6,"194",259,"-21"
"3179",174,"McClendon Curtis","IOL","Chattanooga",2023,NA,NA,"undrafted",259,"undrafted - proj drafted"
"3180",175,"Viliami Fehoko","EDGE","San Jose State",2023,"00-0038575",4,"129",259,"46"
"3181",176,"Josh Whyle","TE","Cincinnati",2023,"00-0038589",5,"147",259,"29"
"3182",177,"Cameron Latu","TE","Alabama",2023,"00-0038564",3,"101",259,"76"
"3183",178,"Sidy Sow","OT","Eastern Michigan",2023,"00-0038569",4,"117",259,"61"
"3184",179,"Nick Hampton","EDGE","Appalachian State",2023,"00-0039076",5,"161",259,"18"
"3185",180,"Jay Ward","S","LSU",2023,"00-0038578",4,"134",259,"46"
"3186",181,"Jon Gaines","IOL","UCLA",2023,"00-0038571",4,"122",259,"59"
"3187",182,"Keaton Mitchell","RB","East Carolina",2023,NA,NA,"undrafted",259,"undrafted - proj drafted"
"3188",183,"Dylan Horton","EDGE","TCU",2023,"00-0039009",4,"109",259,"74"
"3189",184,"Atonio Mafi","IOL","UCLA",2023,"00-0038586",5,"144",259,"40"
"3190",185,"Cameron Mitchell","CB","Northwestern",2023,"00-0038585",5,"142",259,"43"
"3191",186,"SirVocea Dennis","LB","Pittsburgh",2023,"00-0039049",5,"153",259,"33"
"3192",187,"Ronnie Bell","WR","Michigan",2023,"00-0038647",7,"253",259,"-66"
"3193",188,"Will Mallory","TE","Miami (FL)",2023,"00-0038394",5,"162",259,"26"
"3194",189,"Puka Nacua","WR","BYU",2023,"00-0039075",5,"177",259,"12"
"3195",190,"Nick Broeker","IOL","Mississippi",2023,"00-0038633",7,"230",259,"-40"
"3196",191,"Rakim Jarrett","WR","Maryland",2023,NA,NA,"undrafted",259,"undrafted - proj drafted"
"3197",192,"Jordan McFadden","IOL","Clemson",2023,"00-0038595",5,"156",259,"36"
"3198",193,"Yasir Abdullah","LB","Louisville",2023,"00-0038580",5,"136",259,"57"
"3199",194,"Brodric Martin","DL","Western Kentucky",2023,"00-0038939",3,"96",259,"98"
"3200",195,"Mekhi Garner","CB","LSU",2023,NA,NA,"undrafted",259,"undrafted - proj drafted"
"3201",196,"Darrell Luter","CB","South Alabama",2023,"00-0038594",5,"155",259,"41"
"3202",197,"Isaiah Land","LB","Florida A&M",2023,NA,NA,"undrafted",259,"undrafted - proj drafted"
"3203",198,"Starling Thomas","CB","UAB",2023,NA,NA,"undrafted",259,"undrafted - proj drafted"
"3204",199,"Jalen Cropper","WR","Fresno State",2023,NA,NA,"undrafted",259,"undrafted - proj drafted"
"3205",200,"Jerrod Clark","DL","Coastal Carolina",2023,NA,NA,"undrafted",259,"undrafted - proj drafted"
"3206",201,"Mekhi Blackmon","CB","USC",2023,"00-0038565",3,"102",259,"99"
"3207",202,"Mohamoud Diabate","LB","Utah",2023,NA,NA,"undrafted",259,"undrafted - proj drafted"
"3208",203,"Carrington Valentine","CB","Kentucky",2023,"00-0038408",7,"232",259,"-29"
"3209",204,"Evan Hull","RB","Northwestern",2023,"00-0038397",5,"176",259,"28"
"3210",205,"Ryan Hayes","OT","Michigan",2023,"00-0039042",7,"238",259,"-33"
"3211",206,"Lonnie Phelps","EDGE","Kansas",2023,NA,NA,"undrafted",259,"undrafted - proj drafted"
"3212",207,"Jason Taylor","S","Oklahoma State",2023,"00-0039060",7,"234",259,"-27"
"3213",208,"Mohamed Ibrahim","RB","Minnesota",2023,NA,NA,"undrafted",259,"undrafted - proj drafted"
"3214",209,"Jake Moody","K","Michigan",2023,"00-0038562",3,"99",259,"110"
"3215",210,"Dante Stills","DL","West Virginia",2023,"00-0038623",6,"213",259,"-3"
"3216",211,"Max Duggan","QB","TCU",2023,"00-0038637",7,"239",259,"-28"
"3217",212,"Jose Ramirez","EDGE","Eastern Michigan",2023,"00-0039053",6,"196",259,"16"
"3218",213,"John Ojukwu","OT","Boise State",2023,NA,NA,"undrafted",259,"undrafted - proj drafted"
"3219",214,"Jaxson Kirkland","OT","Washington",2023,NA,NA,"undrafted",259,"undrafted - proj drafted"
"3220",215,"Chamarri Conner","S","Virginia Tech",2023,"00-0038982",4,"119",259,"96"
"3221",216,"Asim Richards","IOL","North Carolina",2023,"00-0038601",5,"169",259,"47"
"3222",217,"Chris Rodriguez","RB","Kentucky",2023,"00-0038611",6,"193",259,"24"
"3223",218,"Ali Gaye","EDGE","LSU",2023,NA,NA,"undrafted",259,"undrafted - proj drafted"
"3224",219,"Stetson Bennett","QB","Georgia",2023,"00-0039107",4,"128",259,"91"
"3225",220,"Rejzohn Wright","CB","Oregon State",2023,NA,NA,"undrafted",259,"undrafted - proj drafted"
"3226",221,"Ventrell Miller","LB","Florida",2023,"00-0038570",4,"121",259,"100"
"3227",222,"Tavius Robinson","EDGE","Mississippi",2023,"00-0038505",4,"124",259,"98"
"3228",223,"Trey Dean","S","Florida",2023,NA,NA,"undrafted",259,"undrafted - proj drafted"
"3229",224,"Thomas Incoom","EDGE","Central Michigan",2023,NA,NA,"undrafted",259,"undrafted - proj drafted"
"3230",225,"Tre Tucker","WR","Cincinnati",2023,"00-0038563",3,"100",259,"125"
"3231",226,"Anthony Johnson","CB","Iowa State",2023,"00-0038411",7,"242",259,"-16"
"3232",227,"Jake Witt","OT","Northern Michigan",2023,"00-0038410",7,"236",259,"-9"
"3233",228,"BJ Thompson","EDGE","Stephen F. Austin",2023,"00-0038983",5,"166",259,"62"
"3234",229,"Cameron Young","DL","Mississippi State",2023,"00-0038572",4,"123",259,"106"
"3235",230,"Elijah Higgins","WR","Stanford",2023,"00-0039041",6,"197",259,"33"
"3236",231,"Anthony Johnson","CB","Virginia",2023,"00-0038411",7,"242",259,"-11"
"3237",232,"Earl Bostick","IOL","Kansas",2023,NA,NA,"undrafted",259,"undrafted - proj drafted"
"3238",233,"Habakkuk Baldonado","EDGE","Pittsburgh",2023,NA,NA,"undrafted",259,"undrafted - proj drafted"
"3239",234,"Cam Jones","LB","Indiana",2023,NA,NA,"undrafted",259,"undrafted - proj drafted"
"3240",235,"Brandon Hill","S","Pittsburgh",2023,"00-0038644",7,"248",259,"-13"
"3241",236,"Tyler Lacy","DL","Oklahoma State",2023,"00-0038940",4,"130",259,"106"
"3242",237,"Dee Winters","LB","TCU",2023,"00-0038625",6,"216",259,"21"
"3243",238,"Robert Beal","EDGE","Georgia",2023,"00-0038603",5,"173",259,"65"
"3244",239,"Gervarrius Owens","S","Houston",2023,"00-0038413",7,"254",259,"-15"
"3245",240,"Anfernee Orji","LB","Vanderbilt",2023,NA,NA,"undrafted",259,"undrafted - proj drafted"
"3246",241,"DeMarcco Hellams","S","Alabama",2023,"00-0038628",7,"224",259,"17"
"3247",242,"Matt Landers","WR","Arkansas",2023,NA,NA,"undrafted",259,"undrafted - proj drafted"
"3248",243,"Demario Douglas","WR","Liberty",2023,"00-0038621",6,"210",259,"33"
"3249",244,"Myles Brooks","CB","Louisiana Tech",2023,NA,NA,"undrafted",259,"undrafted - proj drafted"
"3250",245,"Deneric Prince","RB","Tulsa",2023,NA,NA,"undrafted",259,"undrafted - proj drafted"
"3251",246,"Jake Andrews","IOL","Troy",2023,"00-0039030",4,"107",259,"139"
"3252",247,"Alex Austin","CB","Oregon State",2023,"00-0038646",7,"252",259,"-5"
"3253",248,"Grant DuBose","WR","Charlotte",2023,"00-0038507",7,"256",259,"-8"
"3254",249,"Tyson Bagent","QB","Shepherd",2023,NA,NA,"undrafted",259,"undrafted - proj drafted"
"3255",250,"Trevor Reid","OT","Louisville",2023,NA,NA,"undrafted",259,"undrafted - proj drafted"
"3256",251,"Brenton Cox","EDGE","Florida",2023,NA,NA,"undrafted",259,"undrafted - proj drafted"
"3257",252,"Kaevon Merriweather","S","Iowa",2023,NA,NA,"undrafted",259,"undrafted - proj drafted"
"3258",253,"Chad Ryland","K","Maryland",2023,"00-0038567",4,"112",259,"141"
"3259",254,"Brayden Willis","TE","Oklahoma",2023,"00-0038643",7,"247",259,"7"
"3260",255,"Aubrey Miller","LB","Jackson State",2023,NA,NA,"undrafted",259,"undrafted - proj drafted"
"3261",256,"Rashad Torrence","S","Florida",2023,NA,NA,"undrafted",259,"undrafted - proj drafted"
"3262",257,"Hunter Luepke","RB","North Dakota State",2023,NA,NA,"undrafted",259,"undrafted - proj drafted"
"3263",258,"Nesta Jade Silvera","DL","Arizona State",2023,"00-0038634",7,"231",259,"27"
"3264",259,"Dontay Demus","WR","Maryland",2023,NA,NA,"undrafted",259,"undrafted - proj drafted"
"3265",260,"Justin Shorter","WR","Florida",2023,"00-0038590",5,"150",259,"110"
"3266",261,"Caleb Murphy","EDGE","Ferris State",2023,NA,NA,"undrafted",259,"undrafted - proj undrafted"
"3267",262,"Joey Fisher","OT","Shepherd",2023,NA,NA,"undrafted",259,"undrafted - proj undrafted"
"3268",263,"Richard Gouraige","OT","Florida",2023,NA,NA,"undrafted",259,"undrafted - proj undrafted"
"3269",264,"Derius Davis","WR","TCU",2023,"00-0038573",4,"125",259,"139"
"3270",265,"Alex Forsyth","IOL","Oregon",2023,"00-0038649",7,"257",259,"8"
"3271",266,"Bryce Baringer","P","Michigan State",2023,"00-0038610",6,"192",259,"74"
"3272",267,"Nic Jones","CB","Ball State",2023,"00-0038986",7,"250",259,"17"
"3273",268,"Cameron Brown","CB","Ohio State",2023,NA,NA,"undrafted",259,"undrafted - proj undrafted"
"3274",269,"Malik Cunningham","QB","Louisville",2023,NA,NA,"undrafted",259,"undrafted - proj undrafted"
"3275",270,"Isaiah Moore","LB","NC State",2023,NA,NA,"undrafted",259,"undrafted - proj undrafted"
"3276",271,"Antoine Green","WR","North Carolina",2023,"00-0038627",7,"219",259,"52"
"3277",272,"DJ Dale","DL","Alabama",2023,NA,NA,"undrafted",259,"undrafted - proj undrafted"
"3278",273,"Ochaun Mathis","EDGE","Nebraska",2023,"00-0039135",6,"189",259,"84"
"3279",274,"Quindell Johnson","S","Memphis",2023,NA,NA,"undrafted",259,"undrafted - proj undrafted"
"3280",275,"Scott Matlock","DL","Boise State",2023,"00-0038614",6,"200",259,"75"
"3281",276,"Jordan Howden","S","Minnesota",2023,"00-0038588",5,"146",259,"130"
"3282",277,"Xazavian Valladay","RB","Arizona State",2023,NA,NA,"undrafted",259,"undrafted - proj undrafted"
"3283",278,"Blake Whiteheart","TE","Wake Forest",2023,NA,NA,"undrafted",259,"undrafted - proj undrafted"
"3284",279,"Desjuan Johnson","DL","Toledo",2023,"00-0039061",7,"259",259,"20"
"3285",280,"Jeremy Banks","LB","Tennessee",2023,NA,NA,"undrafted",259,"undrafted - proj undrafted"
"3286",281,"Arquon Bush","CB","Cincinnati",2023,NA,NA,"undrafted",259,"undrafted - proj undrafted"
"3287",282,"CJ Johnson","WR","East Carolina",2023,NA,NA,"undrafted",259,"undrafted - proj undrafted"
"3288",283,"Eku Leota","EDGE","Auburn",2023,NA,NA,"undrafted",259,"undrafted - proj undrafted"
"3289",284,"Jason Brownlee","WR","Southern Miss",2023,NA,NA,"undrafted",259,"undrafted - proj undrafted"
"3290",285,"Ben VanSumeren","LB","Michigan State",2023,NA,NA,"undrafted",259,"undrafted - proj undrafted"
"3291",286,"Jarrick Bernard-Converse","CB","LSU",2023,"00-0038401",6,"204",259,"82"
"3292",287,"Charlie Thomas","LB","Georgia Tech",2023,NA,NA,"undrafted",259,"undrafted - proj undrafted"
"3293",288,"Jonah Tavai","DL","San Diego State",2023,NA,NA,"undrafted",259,"undrafted - proj undrafted"
"3294",289,"Travis Dye","RB","USC",2023,NA,NA,"undrafted",259,"undrafted - proj undrafted"
"3295",290,"Mark Evans","OT","Arkansas-Pine Bluff",2023,NA,NA,"undrafted",259,"undrafted - proj undrafted"
"3296",291,"Camerun Peoples","RB","Appalachian State",2023,NA,NA,"undrafted",259,"undrafted - proj undrafted"
"3297",292,"Michael Turk","P","Oklahoma",2023,NA,NA,"undrafted",259,"undrafted - proj undrafted"
"3298",293,"MJ Anderson","EDGE","Iowa State",2023,NA,NA,"undrafted",259,"undrafted - proj undrafted"
"3299",294,"TJ Bass","IOL","Oregon",2023,NA,NA,"undrafted",259,"undrafted - proj undrafted"
"3300",295,"Adam Korsak","P","Rutgers",2023,NA,NA,"undrafted",259,"undrafted - proj undrafted"
"3301",296,"PJ Mustipher","DL","Penn State",2023,NA,NA,"undrafted",259,"undrafted - proj undrafted"
"3302",297,"Jalen Wayne","WR","South Alabama",2023,NA,NA,"undrafted",259,"undrafted - proj undrafted"
"3303",298,"Jadon Haselwood","WR","Arkansas",2023,NA,NA,"undrafted",259,"undrafted - proj undrafted"
"3304",299,"Tyrus Wheat","LB","Mississippi State",2023,NA,NA,"undrafted",259,"undrafted - proj undrafted"
"3305",300,"Travis Vokolek","TE","Nebraska",2023,NA,NA,"undrafted",259,"undrafted - proj undrafted"
"3306",301,"Andre Jones","LB","Louisiana-Lafayette",2023,"00-0038635",7,"233",259,"68"
"3307",302,"Jake Bobo","WR","UCLA",2023,NA,NA,"undrafted",259,"undrafted - proj undrafted"
"3308",303,"Malaesala Aumavae-Laulu","OT","Oregon",2023,"00-0038382",6,"199",259,"104"
"3309",304,"Jerome Carvin","IOL","Tennessee",2023,NA,NA,"undrafted",259,"undrafted - proj undrafted"
"3310",305,"Brett Neilon","IOL","USC",2023,NA,NA,"undrafted",259,"undrafted - proj undrafted"
"3311",306,"Ikenna Enechukwu","EDGE","Rice",2023,NA,NA,"undrafted",259,"undrafted - proj undrafted"
"3312",307,"Jacob Copeland","WR","Maryland",2023,NA,NA,"undrafted",259,"undrafted - proj undrafted"
"3313",308,"Connor Galvin","OT","Baylor",2023,NA,NA,"undrafted",259,"undrafted - proj undrafted"
"3314",309,"Kadeem Telfort","OT","UAB",2023,NA,NA,"undrafted",259,"undrafted - proj undrafted"
"3315",310,"Cory Durden","DL","NC State",2023,NA,NA,"undrafted",259,"undrafted - proj undrafted"
"3316",311,"Alex Ward","LS","UCF",2023,NA,NA,"undrafted",259,"undrafted - proj undrafted"
"3317",312,"Drake Thomas","LB","NC State",2023,NA,NA,"undrafted",259,"undrafted - proj undrafted"
"3318",313,"Tiyon Evans","RB","Louisville",2023,NA,NA,"undrafted",259,"undrafted - proj undrafted"
"3319",314,"Mikel Jones","LB","Syracuse",2023,NA,NA,"undrafted",259,"undrafted - proj undrafted"
"3320",315,"Jovaughn Gwyn","IOL","South Carolina",2023,"00-0038629",7,"225",259,"90"
"3321",316,"Shaka Heyward","LB","Duke",2023,NA,NA,"undrafted",259,"undrafted - proj undrafted"
"3322",317,"Jacob Slade","DL","Michigan State",2023,NA,NA,"undrafted",259,"undrafted - proj undrafted"
"3323",318,"Kahlef Hailassie","CB","Western Kentucky",2023,NA,NA,"undrafted",259,"undrafted - proj undrafted"
"3324",319,"Noah Gindorff","TE","North Dakota State",2023,NA,NA,"undrafted",259,"undrafted - proj undrafted"
"3325",320,"Henry Bainivalu","IOL","Washington",2023,NA,NA,"undrafted",259,"undrafted - proj undrafted"
"3326",321,"Christian Izien","S","Rutgers",2023,NA,NA,"undrafted",259,"undrafted - proj undrafted"
"3327",322,"Devonnsha Maxwell","DL","Chattanooga",2023,NA,NA,"undrafted",259,"undrafted - proj undrafted"
"3328",323,"Derek Parish","EDGE","Houston",2023,"00-0038638",7,"240",259,"83"
"3329",324,"Isaiah Bolden","CB","Jackson State",2023,"00-0038641",7,"245",259,"79"
"3330",325,"Colby Sorsdal","IOL","William & Mary",2023,"00-0038592",5,"152",259,"173"
"3331",326,"Dalton Wagner","OT","Arkansas",2023,NA,NA,"undrafted",259,"undrafted - proj undrafted"
"3332",327,"Brandon Kipper","OT","Oregon State",2023,NA,NA,"undrafted",259,"undrafted - proj undrafted"
"3333",328,"Troy Brown","LB","Mississippi",2023,NA,NA,"undrafted",259,"undrafted - proj undrafted"
"3334",329,"Bumper Pool","LB","Arkansas",2023,NA,NA,"undrafted",259,"undrafted - proj undrafted"
"3335",330,"Michael Jefferson","WR","Louisiana-Lafayette",2023,NA,NA,"undrafted",259,"undrafted - proj undrafted"
"3336",331,"Keytaon Thompson","WR","Virginia",2023,NA,NA,"undrafted",259,"undrafted - proj undrafted"
"3337",332,"Spencer Anderson","OT","Maryland",2023,"00-0038645",7,"251",259,"81"
"3338",333,"Sean Clifford","QB","Penn State",2023,"00-0038391",5,"149",259,"184"
"3339",334,"Art Green","CB","Houston",2023,NA,NA,"undrafted",259,"undrafted - proj undrafted"
"3340",335,"Leonard Taylor","TE","Cincinnati",2023,NA,NA,"undrafted",259,"undrafted - proj undrafted"
"3341",336,"Alex Palczewski","OT","Illinois",2023,NA,NA,"undrafted",259,"undrafted - proj undrafted"
"3342",337,"Xavier Gipson","WR","Stephen F. Austin",2023,NA,NA,"undrafted",259,"undrafted - proj undrafted"
"3343",338,"Ben Sims","TE","Baylor",2023,NA,NA,"undrafted",259,"undrafted - proj undrafted"
"3344",339,"Tavion Thomas","RB","Utah",2023,NA,NA,"undrafted",259,"undrafted - proj undrafted"
"3345",340,"Raiqwon ONeal","OT","UCLA",2023,NA,NA,"undrafted",259,"undrafted - proj undrafted"
"3346",341,"TJ Luther","WR","Gardner-Webb",2023,NA,NA,"undrafted",259,"undrafted - proj undrafted"
"3347",342,"Kenderick Duncan","S","Louisville",2023,NA,NA,"undrafted",259,"undrafted - proj undrafted"
"3348",343,"Griffin Hebert","TE","Louisiana Tech",2023,NA,NA,"undrafted",259,"undrafted - proj undrafted"
"3349",344,"Ronnie Brown","RB","Shepherd",2023,NA,NA,"undrafted",259,"undrafted - proj undrafted"
"3350",345,"JaVon Hicks","S","Cincinnati",2023,NA,NA,"undrafted",259,"undrafted - proj undrafted"
"3351",346,"Tiawan Mullen","CB","Indiana",2023,NA,NA,"undrafted",259,"undrafted - proj undrafted"
"3352",347,"Eric Scott","CB","Southern Miss",2023,"00-0038604",6,"178",259,"169"
"3353",348,"Steven Gilmore","CB","Marshall",2023,NA,NA,"undrafted",259,"undrafted - proj undrafted"
"3354",349,"Kaleb Hayes","CB","BYU",2023,NA,NA,"undrafted",259,"undrafted - proj undrafted"
"3355",350,"Durell Nchami","LB","Maryland",2023,NA,NA,"undrafted",259,"undrafted - proj undrafted"
"3356",351,"Lance Boykin","CB","Coastal Carolina",2023,NA,NA,"undrafted",259,"undrafted - proj undrafted"
"3357",352,"Keidron Smith","CB","Kentucky",2023,NA,NA,"undrafted",259,"undrafted - proj undrafted"
"3358",353,"Taron Vincent","DL","Ohio State",2023,NA,NA,"undrafted",259,"undrafted - proj undrafted"
"3359",354,"Malik Knowles","WR","Kansas State",2023,NA,NA,"undrafted",259,"undrafted - proj undrafted"
"3360",355,"Bennett Williams","S","Oregon",2023,NA,NA,"undrafted",259,"undrafted - proj undrafted"
"3361",356,"Brevin Allen","DL","Campbell",2023,NA,NA,"undrafted",259,"undrafted - proj undrafted"
"3362",357,"Khalan Laborn","RB","Marshall",2023,NA,NA,"undrafted",259,"undrafted - proj undrafted"
"3363",358,"Lew Nichols","RB","Central Michigan",2023,"00-0038409",7,"235",259,"123"
"3364",359,"DShawn Jamison","CB","Texas",2023,NA,NA,"undrafted",259,"undrafted - proj undrafted"
"3365",360,"Jared Wayne","WR","Pittsburgh",2023,NA,NA,"undrafted",259,"undrafted - proj undrafted"
"3366",361,"Steven Jones","CB","Appalachian State",2023,NA,NA,"undrafted",259,"undrafted - proj undrafted"
"3367",362,"Micah Baskerville","LB","LSU",2023,NA,NA,"undrafted",259,"undrafted - proj undrafted"
"3368",363,"Luke Haggard","OT","Indiana",2023,NA,NA,"undrafted",259,"undrafted - proj undrafted"
"3369",364,"Christopher Dunn","K","NC State",2023,NA,NA,"undrafted",259,"undrafted - proj undrafted"
"3370",365,"Jaiden Woodbey","S","Boston College",2023,NA,NA,"undrafted",259,"undrafted - proj undrafted"
"3371",366,"Calvin Avery","DL","Illinois",2023,NA,NA,"undrafted",259,"undrafted - proj undrafted"
"3372",367,"Tim DeMorat","QB","Fordham",2023,NA,NA,"undrafted",259,"undrafted - proj undrafted"
"3373",368,"Jaxon Player","DL","Tulsa",2023,NA,NA,"undrafted",259,"undrafted - proj undrafted"
"3374",369,"Mitchell Tinsley","WR","Penn State",2023,NA,NA,"undrafted",259,"undrafted - proj undrafted"
"3375",370,"Durrell Johnson","EDGE","Liberty",2023,NA,NA,"undrafted",259,"undrafted - proj undrafted"
"3376",371,"Loic Ngassam Nya","IOL","Wake Forest",2023,NA,NA,"undrafted",259,"undrafted - proj undrafted"
"3377",372,"AJ Finley","S","Mississippi",2023,NA,NA,"undrafted",259,"undrafted - proj undrafted"
"3378",373,"Daniel Barker","TE","Michigan State",2023,NA,NA,"undrafted",259,"undrafted - proj undrafted"
"3379",374,"David Durden","WR","West Florida",2023,NA,NA,"undrafted",259,"undrafted - proj undrafted"
"3380",375,"Ty Okada","S","Montana State",2023,NA,NA,"undrafted",259,"undrafted - proj undrafted"
"3381",376,"Tommy DeVito","QB","Illinois",2023,NA,NA,"undrafted",259,"undrafted - proj undrafted"
"3382",377,"Emari Demercado","RB","TCU",2023,NA,NA,"undrafted",259,"undrafted - proj undrafted"
"3383",378,"Demontrey Jacobs","OT","South Florida",2023,NA,NA,"undrafted",259,"undrafted - proj undrafted"
"3384",379,"Michael Ezeike","TE","UCLA",2023,NA,NA,"undrafted",259,"undrafted - proj undrafted"
"3385",380,"Ethan Evans","P","Wingate",2023,"00-0039059",7,"223",259,"157"
"3386",381,"Jadakis Bonds","WR","Hampton",2023,NA,NA,"undrafted",259,"undrafted - proj undrafted"
"3387",382,"Chase Cota","WR","Oregon",2023,NA,NA,"undrafted",259,"undrafted - proj undrafted"
"3388",383,"Princeton Fant","TE","Tennessee",2023,NA,NA,"undrafted",259,"undrafted - proj undrafted"
"3389",384,"Martez Manuel","S","Missouri",2023,NA,NA,"undrafted",259,"undrafted - proj undrafted"
"3390",385,"Terry Hampton","DL","Arkansas",2023,NA,NA,"undrafted",259,"undrafted - proj undrafted"
"3391",386,"Truman Jones","DL","Harvard",2023,NA,NA,"undrafted",259,"undrafted - proj undrafted"
"3392",387,"Jalen Graham","S","Purdue",2023,"00-0038648",7,"255",259,"132"
"3393",388,"Tanner Ingle","S","NC State",2023,NA,NA,"undrafted",259,"undrafted - proj undrafted"
"3394",389,"Devon Matthews","S","Indiana",2023,NA,NA,"undrafted",259,"undrafted - proj undrafted"
"3395",390,"Patrick OConnell","LB","Montana",2023,NA,NA,"undrafted",259,"undrafted - proj undrafted"
"3396",391,"Zaire Barnes","LB","Western Michigan",2023,"00-0038399",6,"184",259,"207"
"3397",392,"Kyle Soelle","LB","Arizona State",2023,NA,NA,"undrafted",259,"undrafted - proj undrafted"
"3398",393,"Kyle Patterson","TE","Air Force",2023,NA,NA,"undrafted",259,"undrafted - proj undrafted"
"3399",394,"Tyreque Jones","S","Boise State",2023,NA,NA,"undrafted",259,"undrafted - proj undrafted"
"3400",395,"Tashawn Manning","IOL","Kentucky",2023,NA,NA,"undrafted",259,"undrafted - proj undrafted"
"3401",396,"Alan Ali","IOL","TCU",2023,NA,NA,"undrafted",259,"undrafted - proj undrafted"
"3402",397,"Brent Laing","IOL","Minnesota Duluth",2023,NA,NA,"undrafted",259,"undrafted - proj undrafted"
"3403",398,"Shakel Brown","DL","Troy",2023,NA,NA,"undrafted",259,"undrafted - proj undrafted"
"3404",399,"Mike Jones","LB","LSU",2023,NA,NA,"undrafted",259,"undrafted - proj undrafted"
"3405",400,"Kemari Averett","TE","Bethune-Cookman",2023,NA,NA,"undrafted",259,"undrafted - proj undrafted"
"3406",401,"Thayer Thomas","WR","NC State",2023,NA,NA,"undrafted",259,"undrafted - proj undrafted"
"3407",402,"Amari Burney","LB","Florida",2023,"00-0038617",6,"203",259,"199"
"3408",403,"Joel Honigford","TE","Michigan",2023,NA,NA,"undrafted",259,"undrafted - proj undrafted"
"3409",404,"Joseph Ngata","WR","Clemson",2023,NA,NA,"undrafted",259,"undrafted - proj undrafted"
"3410",405,"SaRodorick Thompson","RB","Texas Tech",2023,NA,NA,"undrafted",259,"undrafted - proj undrafted"
"3411",406,"Jeremiah Martin","EDGE","Washington",2023,NA,NA,"undrafted",259,"undrafted - proj undrafted"
"3412",407,"Christian Braswell","CB","Rutgers",2023,"00-0038616",6,"202",259,"205"
"3413",408,"David Perales","EDGE","Fresno State",2023,NA,NA,"undrafted",259,"undrafted - proj undrafted"
"3414",409,"Shaquan Davis","WR","South Carolina State",2023,NA,NA,"undrafted",259,"undrafted - proj undrafted"
"3415",410,"Christian Young","S","Arizona",2023,NA,NA,"undrafted",259,"undrafted - proj undrafted"
"3416",411,"Noah Taylor","LB","North Carolina",2023,NA,NA,"undrafted",259,"undrafted - proj undrafted"
"3417",412,"Caleb Chandler","OT","Louisville",2023,NA,NA,"undrafted",259,"undrafted - proj undrafted"
"3418",413,"BJ Wilson","OT","Quincy",2023,NA,NA,"undrafted",259,"undrafted - proj undrafted"
"3419",414,"Brad Robbins","P","Michigan",2023,"00-0038626",6,"217",259,"197"
"3420",415,"Latavious Brini","CB","Arkansas",2023,NA,NA,"undrafted",259,"undrafted - proj undrafted"
"3421",416,"Titus Leo","DL","Wagner",2023,"00-0038404",6,"211",259,"205"
"3422",417,"Kilian Zierer","OT","Auburn",2023,NA,NA,"undrafted",259,"undrafted - proj undrafted"
"3423",418,"Johnny Buchanan","LB","Delaware",2023,NA,NA,"undrafted",259,"undrafted - proj undrafted"
"3424",419,"Jack Podlesny","K","Georgia",2023,NA,NA,"undrafted",259,"undrafted - proj undrafted"
"3425",420,"Aidan Borguet","RB","Harvard",2023,NA,NA,"undrafted",259,"undrafted - proj undrafted"
"3426",421,"Kory Curtis","QB","Gannon",2023,NA,NA,"undrafted",259,"undrafted - proj undrafted"
"3427",422,"Ryan Greenhagen","LB","Fordham",2023,NA,NA,"undrafted",259,"undrafted - proj undrafted"
"3428",423,"Anders Carlson","K","Auburn",2023,"00-0038402",6,"207",259,"216"
"3429",424,"Deslin Alexandre","DL","Pittsburgh",2023,NA,NA,"undrafted",259,"undrafted - proj undrafted"
"3430",425,"Jack Colletto","LB","Oregon State",2023,NA,NA,"undrafted",259,"undrafted - proj undrafted"
"3431",426,"Nick Anderson","LB","Tulane",2023,NA,NA,"undrafted",259,"undrafted - proj undrafted"
"3432",427,"Marquis Waters","S","Texas Tech",2023,NA,NA,"undrafted",259,"undrafted - proj undrafted"
"3433",428,"Robert Cooper","DL","Florida State",2023,NA,NA,"undrafted",259,"undrafted - proj undrafted"
"3434",429,"Jerrick Reed","S","New Mexico",2023,"00-0038613",6,"198",259,"231"
"3435",430,"Mason Brooks","IOL","Mississippi",2023,NA,NA,"undrafted",259,"undrafted - proj undrafted"
"3436",431,"Anthony Kendall","CB","Baldwin Wallace",2023,NA,NA,"undrafted",259,"undrafted - proj undrafted"
"3437",432,"Carlton Martial","LB","Troy",2023,NA,NA,"undrafted",259,"undrafted - proj undrafted"
"3438",433,"Jayson Ademilola","DL","Notre Dame",2023,NA,NA,"undrafted",259,"undrafted - proj undrafted"
"3439",434,"Ryan Swoboda","OT","UCF",2023,NA,NA,"undrafted",259,"undrafted - proj undrafted"
"3440",435,"Kendall Smith","S","Illinois",2023,NA,NA,"undrafted",259,"undrafted - proj undrafted"
"3441",436,"Zeke Vandenburgh","EDGE","Illinois State",2023,NA,NA,"undrafted",259,"undrafted - proj undrafted"
"3442",437,"Cedrick Dort","CB","Wisconsin",2023,NA,NA,"undrafted",259,"undrafted - proj undrafted"
"3443",438,"DJordan Strong","CB","Coastal Carolina",2023,NA,NA,"undrafted",259,"undrafted - proj undrafted"
"3444",439,"Cephus Johnson","QB","Southeastern Louisiana",2023,NA,NA,"undrafted",259,"undrafted - proj undrafted"
"3445",440,"Kazmeir Allen","WR","UCLA",2023,NA,NA,"undrafted",259,"undrafted - proj undrafted"
"3446",441,"Nehemiah Shelton","CB","San Jose State",2023,NA,NA,"undrafted",259,"undrafted - proj undrafted"
"3447",442,"Avery Young","CB","Rutgers",2023,NA,NA,"undrafted",259,"undrafted - proj undrafted"
"3448",443,"Xavier Smith","WR","Florida A&M",2023,NA,NA,"undrafted",259,"undrafted - proj undrafted"
"3449",444,"Holton Ahlers","QB","East Carolina",2023,NA,NA,"undrafted",259,"undrafted - proj undrafted"
"3450",445,"Erick Hallett","S","Pittsburgh",2023,"00-0038620",6,"208",259,"237"
"3451",446,"George Tarlas","EDGE","Boise State",2023,NA,NA,"undrafted",259,"undrafted - proj undrafted"
"3452",447,"Dallas Daniels","WR","Jackson State",2023,NA,NA,"undrafted",259,"undrafted - proj undrafted"
"3453",448,"Henry Byrd","IOL","Princeton",2023,NA,NA,"undrafted",259,"undrafted - proj undrafted"
"3454",449,"Jordan Mims","RB","Fresno State",2023,NA,NA,"undrafted",259,"undrafted - proj undrafted"
"3455",450,"Keenan Isaac","CB","Alabama State",2023,NA,NA,"undrafted",259,"undrafted - proj undrafted"
"3456",451,"Lindsey Scott","QB","Incarnate Word",2023,NA,NA,"undrafted",259,"undrafted - proj undrafted"
"3457",452,"Corey Luciano","OT","Washington",2023,NA,NA,"undrafted",259,"undrafted - proj undrafted"
"3458",453,"Harris LaChance","OT","BYU",2023,NA,NA,"undrafted",259,"undrafted - proj undrafted"
"3459",454,"Benny Sapp","S","Northern Iowa",2023,NA,NA,"undrafted",259,"undrafted - proj undrafted"
"3460",455,"Christopher Brooks","RB","BYU",2023,NA,NA,"undrafted",259,"undrafted - proj undrafted"
"3461",456,"Jerron Cage","DL","Ohio State",2023,NA,NA,"undrafted",259,"undrafted - proj undrafted"
"3462",457,"DJ Scaife","IOL","Miami (FL)",2023,NA,NA,"undrafted",259,"undrafted - proj undrafted"
"3463",458,"John Torchio","S","Wisconsin",2023,NA,NA,"undrafted",259,"undrafted - proj undrafted"
"3464",459,"Quinton Barrow","OT","Grand Valley State",2023,NA,NA,"undrafted",259,"undrafted - proj undrafted"
"3465",460,"Chris Stoll","LS","Penn State",2023,NA,NA,"undrafted",259,"undrafted - proj undrafted"
"3466",461,"Trevor Downing","IOL","Iowa State",2023,NA,NA,"undrafted",259,"undrafted - proj undrafted"
"3467",462,"Josh Vann","WR","South Carolina",2023,NA,NA,"undrafted",259,"undrafted - proj undrafted"
"3468",463,"Malik Heath","WR","Mississippi",2023,NA,NA,"undrafted",259,"undrafted - proj undrafted"
"3469",464,"John Stephens","WR","Louisiana-Lafayette",2023,NA,NA,"undrafted",259,"undrafted - proj undrafted"
"3470",465,"Johnny Lumpkin","TE","Louisiana-Lafayette",2023,NA,NA,"undrafted",259,"undrafted - proj undrafted"
"3471",466,"Travis Bell","DL","Kennesaw State",2023,"00-0038405",7,"218",259,"248"
"3472",467,"Merlin Robertson","LB","Arizona State",2023,NA,NA,"undrafted",259,"undrafted - proj undrafted"
"3473",468,"Joshua Pryor","DL","Bowie State",2023,NA,NA,"undrafted",259,"undrafted - proj undrafted"
"3474",469,"Tanner McCalister","S","Ohio State",2023,NA,NA,"undrafted",259,"undrafted - proj undrafted"
"3475",470,"Andre Szmyt","K","Syracuse",2023,NA,NA,"undrafted",259,"undrafted - proj undrafted"
"3476",471,"Jahleel Billingsley","TE","Texas",2023,NA,NA,"undrafted",259,"undrafted - proj undrafted"
"3477",472,"Justin Ford","CB","Montana",2023,NA,NA,"undrafted",259,"undrafted - proj undrafted"
"3478",473,"Marshon Ford","TE","Louisville",2023,NA,NA,"undrafted",259,"undrafted - proj undrafted"
"3479",474,"London Harris","LB","Texas State",2023,NA,NA,"undrafted",259,"undrafted - proj undrafted"
"3480",475,"Kearis Jackson","WR","Georgia",2023,NA,NA,"undrafted",259,"undrafted - proj undrafted"
"3481",476,"Garrett Nelson","EDGE","Nebraska",2023,NA,NA,"undrafted",259,"undrafted - proj undrafted"
"3482",477,"Thomas Greaney","TE","Albany",2023,NA,NA,"undrafted",259,"undrafted - proj undrafted"
"3483",478,"Sam James","WR","West Virginia",2023,NA,NA,"undrafted",259,"undrafted - proj undrafted"
"3484",479,"Cooper Hodges","IOL","Appalachian State",2023,"00-0038630",7,"226",259,"253"
"3485",480,"Josh Lugg","IOL","Notre Dame",2023,NA,NA,"undrafted",259,"undrafted - proj undrafted"
"3486",481,"Alfred Edwards","OT","Utah State",2023,NA,NA,"undrafted",259,"undrafted - proj undrafted"
"3487",482,"DJ Ivey","CB","Miami (FL)",2023,"00-0038642",7,"246",259,"236"
"3488",483,"DJ Coleman","EDGE","Missouri",2023,NA,NA,"undrafted",259,"undrafted - proj undrafted"
"3489",484,"Ayinde Eley","LB","Georgia Tech",2023,NA,NA,"undrafted",259,"undrafted - proj undrafted"
"3490",485,"Warren Ericson","IOL","Georgia",2023,NA,NA,"undrafted",259,"undrafted - proj undrafted"
"3491",486,"Ameer Speed","CB","Michigan State",2023,"00-0038624",6,"214",259,"272"
"3492",487,"Nikko Remigio","WR","Fresno State",2023,NA,NA,"undrafted",259,"undrafted - proj undrafted"
"3493",488,"D'Anthony Jones","DL","Houston",2023,NA,NA,"undrafted",259,"undrafted - proj undrafted"
"3494",489,"Mitchell Agude","EDGE","Miami (FL)",2023,NA,NA,"undrafted",259,"undrafted - proj undrafted"
"3495",490,"Morgan Vest","S","Northern Arizona",2023,NA,NA,"undrafted",259,"undrafted - proj undrafted"
"3496",491,"Brock Martin","EDGE","Oklahoma State",2023,NA,NA,"undrafted",259,"undrafted - proj undrafted"
"3497",492,"Jaray Jenkins","WR","LSU",2023,NA,NA,"undrafted",259,"undrafted - proj undrafted"
"3498",493,"Duece Watts","WR","Tulane",2023,NA,NA,"undrafted",259,"undrafted - proj undrafted"
"3499",494,"Jacob Gall","IOL","Baylor",2023,NA,NA,"undrafted",259,"undrafted - proj undrafted"
"3500",495,"Jaylon Thomas","IOL","SMU",2023,NA,NA,"undrafted",259,"undrafted - proj undrafted"
"3501",496,"Malik Vann","DL","Cincinnati",2023,NA,NA,"undrafted",259,"undrafted - proj undrafted"
"3502",497,"Robert Soderholm","LS","VMI",2023,NA,NA,"undrafted",259,"undrafted - proj undrafted"
"3503",498,"Payton Wilgar","LB","BYU",2023,NA,NA,"undrafted",259,"undrafted - proj undrafted"
"3504",499,"Anthony Adams","CB","Portland State",2023,NA,NA,"undrafted",259,"undrafted - proj undrafted"
"3505",500,"Jacky Chen","OT","Pace",2023,NA,NA,"undrafted",259,"undrafted - proj undrafted"
"3506",501,"Celestin Haba","EDGE","Texas A&M-Commerce",2023,NA,NA,"undrafted",259,"undrafted - proj undrafted"
"3507",502,"Raymond Vohasek","DL","North Carolina",2023,NA,7,"227",259,"275"
"3508",503,"Nick Figueroa","EDGE","USC",2023,NA,NA,"undrafted",259,"undrafted - proj undrafted"
"3509",504,"Damon Miller","S","UAB",2023,NA,NA,"undrafted",259,"undrafted - proj undrafted"
"3510",505,"Keilahn Harris","WR","Oklahoma Baptist",2023,NA,NA,"undrafted",259,"undrafted - proj undrafted"
"3511",506,"Tyler Friday","DL","Ohio State",2023,NA,NA,"undrafted",259,"undrafted - proj undrafted"
"3512",507,"Otis Reese","S","Mississippi",2023,NA,NA,"undrafted",259,"undrafted - proj undrafted"
"3513",508,"Camren McDonald","TE","Florida State",2023,NA,NA,"undrafted",259,"undrafted - proj undrafted"
"3514",509,"Shaun Shivers","RB","Indiana",2023,NA,NA,"undrafted",259,"undrafted - proj undrafted"
"3515",510,"Nick Tarburton","EDGE","Penn State",2023,NA,NA,"undrafted",259,"undrafted - proj undrafted"
"3516",511,"Chris Murray","IOL","Oklahoma",2023,NA,NA,"undrafted",259,"undrafted - proj undrafted"
"3517",512,"Dylan Wonnum","OT","South Carolina",2023,NA,NA,"undrafted",259,"undrafted - proj undrafted"
"3518",513,"Stephan Blaylock","S","UCLA",2023,NA,NA,"undrafted",259,"undrafted - proj undrafted"
"3519",514,"Bo Bauer","LB","Notre Dame",2023,NA,NA,"undrafted",259,"undrafted - proj undrafted"
"3520",515,"Xavier Williams","WR","Utah State",2023,NA,NA,"undrafted",259,"undrafted - proj undrafted"
"3521",516,"Divaad Wilson","CB","UCF",2023,NA,NA,"undrafted",259,"undrafted - proj undrafted"
"3522",517,"DaShaun White","LB","Oklahoma",2023,NA,NA,"undrafted",259,"undrafted - proj undrafted"
"3523",518,"Jarek Broussard","RB","Michigan State",2023,NA,NA,"undrafted",259,"undrafted - proj undrafted"
"3524",519,"Keshawn Banks","EDGE","San Diego State",2023,NA,NA,"undrafted",259,"undrafted - proj undrafted"
"3525",520,"Teja Young","S","Florida Atlantic",2023,NA,NA,"undrafted",259,"undrafted - proj undrafted"
"3526",521,"Joe Foucha","S","LSU",2023,NA,NA,"undrafted",259,"undrafted - proj undrafted"
"3527",522,"Issac Power","P","Baylor",2023,NA,NA,"undrafted",259,"undrafted - proj undrafted"
"3528",523,"BeeJay Williamson","S","Louisiana Tech",2023,NA,NA,"undrafted",259,"undrafted - proj undrafted"
"3529",524,"Pat Fields","S","Stanford",2023,NA,NA,"undrafted",259,"undrafted - proj undrafted"
"3530",525,"Jeffery Johnson","DL","Oklahoma",2023,NA,NA,"undrafted",259,"undrafted - proj undrafted"
"3531",526,"Montrae Braswell","CB","Missouri State",2023,NA,NA,"undrafted",259,"undrafted - proj undrafted"
"3532",527,"Dillon Doyle","LB","Baylor",2023,NA,NA,"undrafted",259,"undrafted - proj undrafted"
"3533",528,"Kendall Williamson","S","Stanford",2023,"00-0038414",7,"258",259,"270"
"3534",529,"Christian Morgan","S","Baylor",2023,NA,NA,"undrafted",259,"undrafted - proj undrafted"
"3535",530,"BT Potter","K","Clemson",2023,NA,NA,"undrafted",259,"undrafted - proj undrafted"
"3536",531,"Adonis Boone","OT","Louisville",2023,NA,NA,"undrafted",259,"undrafted - proj undrafted"
"3537",532,"Jarrett Horst","OT","Michigan State",2023,NA,NA,"undrafted",259,"undrafted - proj undrafted"
"3538",533,"Randy Charlton","EDGE","Mississippi State",2023,NA,NA,"undrafted",259,"undrafted - proj undrafted"
"3539",534,"Jyaire Shorter","WR","North Texas",2023,NA,NA,"undrafted",259,"undrafted - proj undrafted"
"3540",535,"Ty Scott","WR","Missouri State",2023,NA,NA,"undrafted",259,"undrafted - proj undrafted"
"3541",536,"Hayes Maples","LB","Southern Miss",2023,NA,NA,"undrafted",259,"undrafted - proj undrafted"
"3542",537,"Cade Hall","EDGE","San Jose State",2023,NA,NA,"undrafted",259,"undrafted - proj undrafted"
"3543",538,"Joel Wilson","TE","Central Michigan",2023,NA,NA,"undrafted",259,"undrafted - proj undrafted"
"3544",539,"Eric Garror","CB","Louisiana-Lafayette",2023,NA,NA,"undrafted",259,"undrafted - proj undrafted"
"3545",540,"Austin Ajiake","LB","UNLV",2023,NA,NA,"undrafted",259,"undrafted - proj undrafted"
"3546",541,"Seth Benson","LB","Iowa",2023,NA,NA,"undrafted",259,"undrafted - proj undrafted"
"3547",542,"Jeremy Lucien","CB","Vanderbilt",2023,NA,NA,"undrafted",259,"undrafted - proj undrafted"
"3548",543,"Eric Sorensen","IOL","Northern Iowa",2023,NA,NA,"undrafted",259,"undrafted - proj undrafted"
"3549",544,"Jalen Brooks","WR","South Carolina",2023,"00-0038640",7,"244",259,"300"
"3550",545,"Tre Hawkins","CB","Old Dominion",2023,"00-0038403",6,"209",259,"336"
"3551",546,"Chris Jefferson","S","Purdue",2023,NA,NA,"undrafted",259,"undrafted - proj undrafted"
"3552",547,"Todd Harris","S","LSU",2023,NA,NA,"undrafted",259,"undrafted - proj undrafted"
"3553",548,"Isaac Slade-Matautia","LB","SMU",2023,NA,NA,"undrafted",259,"undrafted - proj undrafted"
"3554",549,"Cyrus Fagan","S","NC State",2023,NA,NA,"undrafted",259,"undrafted - proj undrafted"
"3555",550,"Kemore Gamble","TE","UCF",2023,NA,NA,"undrafted",259,"undrafted - proj undrafted"
"3556",551,"Gleson Sprewell","S","Houston",2023,NA,NA,"undrafted",259,"undrafted - proj undrafted"
"3557",552,"Trelon Smith","RB","UTSA",2023,NA,NA,"undrafted",259,"undrafted - proj undrafted"
"3558",553,"Tyler Beach","OT","Wisconsin",2023,NA,NA,"undrafted",259,"undrafted - proj undrafted"
"3559",554,"Terrance Lang","DL","Colorado",2023,NA,NA,"undrafted",259,"undrafted - proj undrafted"
"3560",555,"Keylon Stokes","WR","Tulsa",2023,NA,NA,"undrafted",259,"undrafted - proj undrafted"
"3561",556,"Tanner Morgan","QB","Minnesota",2023,NA,NA,"undrafted",259,"undrafted - proj undrafted"
"3562",557,"Jordon Riley","DL","Oregon",2023,"00-0038506",7,"243",259,"314"
"3563",558,"Eric Douglas","OT","South Carolina",2023,NA,NA,"undrafted",259,"undrafted - proj undrafted"
"3564",559,"Jordan Wright","EDGE","Kentucky",2023,NA,NA,"undrafted",259,"undrafted - proj undrafted"
"3565",560,"Caden McDonald","LB","San Diego State",2023,NA,NA,"undrafted",259,"undrafted - proj undrafted"
"3566",561,"Alec Jackson","OT","Auburn",2023,NA,NA,"undrafted",259,"undrafted - proj undrafted"
"3567",562,"Brandon Pili","DL","USC",2023,NA,NA,"undrafted",259,"undrafted - proj undrafted"
"3568",563,"Dom Peterson","DL","Nevada",2023,NA,NA,"undrafted",259,"undrafted - proj undrafted"
"3569",564,"Jay Shaw","CB","Wisconsin",2023,NA,NA,"undrafted",259,"undrafted - proj undrafted"
"3570",565,"Gabe Houy","IOL","Pittsburgh",2023,NA,NA,"undrafted",259,"undrafted - proj undrafted"
"3571",566,"Alex Cook","S","Washington",2023,NA,NA,"undrafted",259,"undrafted - proj undrafted"
"3572",567,"Jordan Ferguson","DL","Middle Tennessee State",2023,NA,NA,"undrafted",259,"undrafted - proj undrafted"
"3573",568,"Marcus Valdez","DL","Boston College",2023,NA,NA,"undrafted",259,"undrafted - proj undrafted"
"3574",569,"Elijah Cooks","WR","San Jose State",2023,NA,NA,"undrafted",259,"undrafted - proj undrafted"
"3575",570,"Dontae Bull","OT","Fresno State",2023,NA,NA,"undrafted",259,"undrafted - proj undrafted"
"3576",571,"Colton Dowell","WR","UT Martin",2023,"00-0038632",7,"228",259,"343"
"3577",572,"Kade Warner","WR","Kansas State",2023,NA,NA,"undrafted",259,"undrafted - proj undrafted"
"3578",573,"James Patterson","LB","Buffalo",2023,NA,NA,"undrafted",259,"undrafted - proj undrafted"
"3579",574,"Bralen Trahan","S","Louisiana-Lafayette",2023,NA,NA,"undrafted",259,"undrafted - proj undrafted"
"3580",575,"Noah Ruggles","K","Ohio State",2023,NA,NA,"undrafted",259,"undrafted - proj undrafted"
"3581",576,"Ifeanyi Maijeh","DL","Rutgers",2023,NA,NA,"undrafted",259,"undrafted - proj undrafted"
"3582",577,"Josh Hayes","CB","Kansas State",2023,"00-0039051",6,"181",259,"396"
"3583",578,"Kyler Schott","IOL","Iowa",2023,NA,NA,"undrafted",259,"undrafted - proj undrafted"
"3584",579,"Mykel Jones","WR","Tulane",2023,NA,NA,"undrafted",259,"undrafted - proj undrafted"
"3585",580,"Jaydon Grant","CB","Oregon State",2023,NA,NA,"undrafted",259,"undrafted - proj undrafted"
"3586",581,"Paxton Brooks","P","Tennessee",2023,NA,NA,"undrafted",259,"undrafted - proj undrafted"
"3587",1,"Caleb Williams","QB","USC",2024,"00-0039918",1,"1",257,"0"
"3588",2,"Jayden Daniels","QB","LSU",2024,"00-0039910",1,"2",257,"0"
"3589",3,"Drake Maye","QB","North Carolina",2024,"00-0039851",1,"3",257,"0"
"3590",4,"Marvin Harrison","WR","Ohio State",2024,"00-0039849",1,"4",257,"0"
"3591",5,"JJ McCarthy","QB","Michigan",2024,"00-0039923",1,"10",257,"-5"
"3592",6,"Malik Nabers","WR","LSU",2024,"00-0039337",1,"6",257,"0"
"3593",7,"Joe Alt","OT","Notre Dame",2024,"00-0039897",1,"5",257,"2"
"3594",8,"Rome Odunze","WR","Washington",2024,"00-0039919",1,"9",257,"-1"
"3595",9,"Dallas Turner","EDGE","Alabama",2024,"00-0039924",1,"17",257,"-8"
"3596",10,"Brock Bowers","TE","Georgia",2024,"00-0039338",1,"13",257,"-3"
"3597",11,"Olumuyiwa Fashanu","OT","Penn State",2024,"00-0039790",1,"11",257,"0"
"3598",12,"JC Latham","OT","Alabama",2024,"00-0039731",1,"7",257,"5"
"3599",13,"Taliese Fuaga","OT","Oregon State",2024,"00-0039339",1,"14",257,"-1"
"3600",14,"Quinyon Mitchell","CB","Toledo",2024,"00-0039888",1,"22",257,"-8"
"3601",15,"Byron Murphy","DL","Texas",2024,"00-0039309",1,"16",257,"-1"
"3602",16,"Terrion Arnold","CB","Alabama",2024,"00-0039903",1,"24",257,"-8"
"3603",17,"Laiatu Latu","EDGE","UCLA",2024,"00-0039340",1,"15",257,"2"
"3604",18,"Troy Fautanu","OT","Washington",2024,"00-0039871",1,"20",257,"-2"
"3605",19,"Jared Verse","EDGE","Florida State",2024,"00-0039852",1,"19",257,"0"
"3606",20,"Brian Thomas","WR","LSU",2024,"00-0039893",1,"23",257,"-3"
"3607",21,"Amarius Mims","OT","Georgia",2024,"00-0039925",1,"18",257,"3"
"3608",22,"Cooper DeJean","CB","Iowa",2024,"00-0039841",2,"40",257,"-18"
"3609",23,"Graham Barton","IOL","Duke",2024,"00-0039905",1,"26",257,"-3"
"3610",24,"JerZhan Newton","DL","Illinois",2024,"00-0039906",2,"36",257,"-12"
"3611",25,"Michael Penix","QB","Washington",2024,"00-0039917",1,"8",257,"17"
"3612",26,"Nate Wiggins","CB","Clemson",2024,"00-0039232",1,"30",257,"-4"
"3613",27,"Demeioun Robinson","EDGE","Penn State",2024,NA,NA,"undrafted",257,"undrafted - proj drafted"
"3614",28,"Kool-Aid McKinstry","CB","Alabama",2024,"00-0039860",2,"41",257,"-13"
"3615",29,"Tyler Guyton","OT","Oklahoma",2024,"00-0039341",1,"29",257,"0"
"3616",30,"Adonai Mitchell","WR","Texas",2024,"00-0039890",2,"52",257,"-22"
"3617",31,"Jackson Powers-Johnson","IOL","Oregon",2024,"00-0039735",2,"44",257,"-13"
"3618",32,"Bo Nix","QB","Oregon",2024,"00-0039732",1,"12",257,"20"
"3619",33,"Xavier Worthy","WR","Texas",2024,"00-0039894",1,"28",257,"5"
"3620",34,"Darius Robinson","EDGE","Missouri",2024,"00-0039854",1,"27",257,"7"
"3621",35,"Jordan Morgan","OT","Arizona",2024,"00-0039904",1,"25",257,"10"
"3622",36,"Ladd McConkey","WR","Georgia",2024,"00-0039915",2,"34",257,"2"
"3623",37,"Kingsley Suamataia","OT","BYU",2024,"00-0039844",2,"63",257,"-26"
"3624",38,"Zach Frazier","IOL","West Virginia",2024,"00-0039896",2,"51",257,"-13"
"3625",39,"Keon Coleman","WR","Florida State",2024,"00-0039901",2,"33",257,"6"
"3626",40,"Xavier Legette","WR","South Carolina",2024,"00-0039342",1,"32",257,"8"
"3627",41,"Ennis Rakestraw","CB","Missouri",2024,"00-0039862",2,"61",257,"-20"
"3628",42,"Troy Franklin","WR","Oregon",2024,"00-0039868",4,"102",257,"-60"
"3629",43,"Mike Sainristil","CB","Michigan",2024,"00-0039898",2,"50",257,"-7"
"3630",44,"Patrick Paul","OT","Houston",2024,"00-0039899",2,"55",257,"-11"
"3631",45,"Payton Wilson","LB","NC State",2024,"00-0039741",3,"98",257,"-53"
"3632",46,"Braden Fiske","DL","Florida State",2024,"00-0039734",2,"39",257,"7"
"3633",47,"Marshawn Kneeland","EDGE","Western Michigan",2024,"00-0039900",2,"56",257,"-9"
"3634",48,"Edgerrin Cooper","LB","Texas A&M",2024,"00-0039850",2,"45",257,"3"
"3635",49,"TJ Tampa","CB","Iowa State",2024,"00-0039234",4,"130",257,"-81"
"3636",50,"Tyler Nubin","S","Minnesota",2024,"00-0039861",2,"47",257,"3"
"3637",51,"Kris Jenkins","DL","Michigan",2024,"00-0039908",2,"49",257,"2"
"3638",52,"Ricky Pearsall","WR","Florida",2024,"00-0039916",1,"31",257,"21"
"3639",53,"Kamari Lassiter","CB","Georgia",2024,"00-0039343",2,"42",257,"11"
"3640",54,"Chris Braswell","EDGE","Alabama",2024,"00-0039902",2,"57",257,"-3"
"3641",55,"Cooper Beebe","IOL","Kansas State",2024,"00-0039348",3,"73",257,"-18"
"3642",56,"Roman Wilson","WR","Michigan",2024,"00-0039739",3,"84",257,"-28"
"3643",57,"JaLynn Polk","WR","Washington",2024,"00-0039907",2,"37",257,"20"
"3644",58,"Christian Haynes","IOL","UConn",2024,"00-0039839",3,"81",257,"-23"
"3645",59,"Junior Colson","LB","Michigan",2024,"00-0039346",3,"69",257,"-10"
"3646",60,"Adisa Isaac","EDGE","Penn State",2024,"00-0039791",3,"93",257,"-33"
"3647",61,"Max Melton","CB","Rutgers",2024,"00-0039807",2,"43",257,"18"
"3648",62,"Jonathon Brooks","RB","Texas",2024,"00-0039344",2,"46",257,"16"
"3649",63,"JaTavion Sanders","TE","Texas",2024,"00-0039356",4,"101",257,"-38"
"3650",64,"Roger Rosengarten","OT","Washington",2024,"00-0039233",2,"62",257,"2"
"3651",65,"Javon Bullard","S","Georgia",2024,"00-0039867",2,"58",257,"7"
"3652",66,"Malachi Corley","WR","Western Kentucky",2024,"00-0039920",3,"65",257,"1"
"3653",67,"Michael Hall","DL","Ohio State",2024,"00-0039895",2,"54",257,"13"
"3654",68,"Ruke Orhorhoro","DL","Clemson",2024,"00-0039733",2,"35",257,"33"
"3655",69,"Bralen Trice","EDGE","Washington",2024,"00-0039837",3,"74",257,"-5"
"3656",70,"Trey Benson","RB","Florida State",2024,"00-0039921",3,"66",257,"4"
"3657",71,"Jaden Hicks","S","Washington State",2024,"00-0039825",4,"133",257,"-62"
"3658",72,"Brandon Dorlus","EDGE","Oregon",2024,"00-0039859",4,"109",257,"-37"
"3659",73,"Kiran Amegadjie","OT","Yale",2024,"00-0039822",3,"75",257,"-2"
"3660",74,"TVondre Sweat","DL","Texas",2024,"00-0039886",2,"38",257,"36"
"3661",75,"Blake Corum","RB","Michigan",2024,"00-0039738",3,"83",257,"-8"
"3662",76,"Spencer Rattler","QB","South Carolina",2024,"00-0039376",5,"150",257,"-74"
"3663",77,"Cole Bishop","S","Utah",2024,"00-0039872",2,"60",257,"17"
"3664",78,"Blake Fisher","OT","Notre Dame",2024,"00-0039857",2,"59",257,"19"
"3665",79,"Andru Phillips","CB","Kentucky",2024,"00-0039821",3,"70",257,"9"
"3666",80,"Ben Sinnott","TE","Kansas State",2024,"00-0039912",2,"53",257,"27"
"3667",81,"Jonah Elliss","EDGE","Utah",2024,"00-0039809",3,"76",257,"5"
"3668",82,"Dominick Puni","IOL","Kansas",2024,"00-0039351",3,"86",257,"-4"
"3669",83,"Jalen McMillan","WR","Washington",2024,"00-0039855",3,"92",257,"-9"
"3670",84,"Javon Baker","WR","UCF",2024,"00-0039853",4,"110",257,"-26"
"3671",85,"Devontez Walker","WR","North Carolina",2024,"00-0039792",4,"113",257,"-28"
"3672",86,"Jaylen Wright","RB","Tennessee",2024,"00-0039874",4,"120",257,"-34"
"3673",87,"Austin Booker","EDGE","Kansas",2024,"00-0039840",5,"144",257,"-57"
"3674",88,"Maason Smith","DL","LSU",2024,"00-0039889",2,"48",257,"40"
"3675",89,"Jermaine Burton","WR","Alabama",2024,"00-0039810",3,"80",257,"9"
"3676",90,"Theo Johnson","TE","Penn State",2024,"00-0039847",4,"107",257,"-17"
"3677",91,"Kamren Kinchens","S","Miami (FL)",2024,"00-0039834",3,"99",257,"-8"
"3678",92,"Calen Bullock","S","USC",2024,"00-0039838",3,"78",257,"14"
"3679",93,"Jeremiah Trotter","LB","Clemson",2024,"00-0039826",5,"155",257,"-62"
"3680",94,"Khyree Jackson","CB","Oregon",2024,NA,4,"108",257,"-14"
"3681",95,"Kris Abrams-Draine","CB","Missouri",2024,"00-0039371",5,"145",257,"-50"
"3682",96,"Christian Mahogany","IOL","Boston College",2024,"00-0039408",6,"210",257,"-114"
"3683",97,"Cam Hart","CB","Notre Dame",2024,"00-0039369",5,"140",257,"-43"
"3684",98,"Cedric Gray","LB","North Carolina",2024,"00-0039858",4,"106",257,"-8"
"3685",99,"MarShawn Lloyd","RB","USC",2024,"00-0039811",3,"88",257,"11"
"3686",100,"Brandon Coleman","IOL","TCU",2024,"00-0039913",3,"67",257,"33"
"3687",101,"Brenden Rice","WR","USC",2024,"00-0039415",7,"225",257,"-124"
"3688",102,"Braelon Allen","RB","Wisconsin",2024,"00-0039794",4,"134",257,"-32"
"3689",103,"Trevin Wallace","LB","Kentucky",2024,"00-0039347",3,"72",257,"31"
"3690",104,"Cade Stover","TE","Ohio State",2024,"00-0039359",4,"123",257,"-19"
"3691",105,"Mason McCormick","IOL","South Dakota State",2024,"00-0039358",4,"119",257,"-14"
"3692",106,"Sedrick Van Pran","IOL","Georgia",2024,NA,NA,"undrafted",257,"undrafted - proj drafted"
"3693",107,"Mohamed Kamara","EDGE","Colorado State",2024,"00-0039877",5,"158",257,"-51"
"3694",108,"Renardo Green","CB","Florida State",2024,"00-0039345",2,"64",257,"44"
"3695",109,"Mekhi Wingo","DL","LSU",2024,"00-0039396",6,"189",257,"-80"
"3696",110,"Dadrion Taylor-Demerson","S","Texas Tech",2024,"00-0039864",4,"104",257,"6"
"3697",111,"Malik Washington","WR","Virginia",2024,"00-0039880",6,"184",257,"-73"
"3698",112,"Johnny Wilson","WR","Florida State",2024,"00-0039236",6,"185",257,"-73"
"3699",113,"Caelen Carson","CB","Wake Forest",2024,"00-0039387",5,"174",257,"-61"
"3700",114,"Leonard Taylor","DL","Miami (FL)",2024,NA,NA,"undrafted",257,"undrafted - proj drafted"
"3701",115,"DJ James","CB","Auburn",2024,"00-0039800",6,"192",257,"-77"
"3702",116,"Christian Jones","OT","Texas",2024,"00-0039382",5,"162",257,"-46"
"3703",117,"Zak Zinter","IOL","Michigan",2024,"00-0039350",3,"85",257,"32"
"3704",118,"DeWayne Carter","DL","Duke",2024,"00-0039873",3,"95",257,"23"
"3705",119,"MarKeise Irving","RB","Oregon",2024,NA,NA,"undrafted",257,"undrafted - proj drafted"
"3706",120,"Michael Pratt","QB","Tulane",2024,"00-0039238",7,"245",257,"-125"
"3707",121,"Jarvis Brownlee","CB","Louisville",2024,"00-0039372",5,"146",257,"-25"
"3708",122,"Malik Mustapha","S","Wake Forest",2024,"00-0039360",4,"124",257,"-2"
"3709",123,"Audric Estime","RB","Notre Dame",2024,"00-0039373",5,"147",257,"-24"
"3710",124,"Jared Wiley","TE","TCU",2024,"00-0039824",4,"131",257,"-7"
"3711",125,"Matt Goncalves","OT","Pittsburgh",2024,"00-0039736",3,"79",257,"46"
"3712",126,"Jalyx Hunt","EDGE","Houston Baptist",2024,"00-0039740",3,"94",257,"32"
"3713",127,"Tanor Bortolini","IOL","Wisconsin",2024,"00-0039744",4,"117",257,"10"
"3714",128,"Gabriel Murphy","EDGE","UCLA",2024,NA,NA,"undrafted",257,"undrafted - proj drafted"
"3715",129,"Will Shipley","RB","Clemson",2024,"00-0039746",4,"127",257,"2"
"3716",130,"Ray Davis","RB","Kentucky",2024,"00-0039875",4,"128",257,"2"
"3717",131,"Jarrian Jones","CB","Florida State",2024,"00-0039353",3,"96",257,"35"
"3718",132,"Tykee Smith","S","Georgia",2024,"00-0039846",3,"89",257,"43"
"3719",133,"Beaux Limmer","IOL","Arkansas",2024,"00-0039753",6,"217",257,"-84"
"3720",134,"Jacob Cowing","WR","Arizona",2024,"00-0039365",4,"135",257,"-1"
"3721",135,"Xavier Thomas","EDGE","Clemson",2024,"00-0039367",5,"138",257,"-3"
"3722",136,"Luke McCaffrey","WR","Rice",2024,"00-0039355",3,"100",257,"36"
"3723",137,"Tommy Eichenberg","LB","Ohio State",2024,"00-0039374",5,"148",257,"-11"
"3724",138,"Javon Solomon","EDGE","Troy",2024,"00-0039879",5,"168",257,"-30"
"3725",139,"Ainias Smith","WR","Texas A&M",2024,"00-0039747",5,"152",257,"-13"
"3726",140,"Hunter Nourzad","IOL","Penn State",2024,"00-0039827",5,"159",257,"-19"
"3727",141,"Jamari Thrash","WR","Louisville",2024,"00-0039379",5,"156",257,"-15"
"3728",142,"Javon Foster","OT","Missouri",2024,"00-0039742",4,"114",257,"28"
"3729",143,"Isaiah Adams","IOL","Illinois",2024,"00-0039808",3,"71",257,"72"
"3730",144,"Khristian Boyd","DL","Northern Iowa",2024,"00-0039401",6,"199",257,"-55"
"3731",145,"Erick All","TE","Iowa",2024,"00-0039814",4,"115",257,"30"
"3732",146,"Decamerion Richardson","CB","Mississippi State",2024,"00-0039357",4,"112",257,"34"
"3733",147,"Kitan Oladapo","S","Oregon State",2024,"00-0039818",5,"169",257,"-22"
"3734",148,"Jordan Magee","LB","Temple",2024,"00-0039368",5,"139",257,"9"
"3735",149,"Nehemiah Pritchett","CB","Auburn",2024,"00-0039795",5,"136",257,"13"
"3736",150,"McKinnley Jackson","DL","Texas A&M",2024,"00-0039354",3,"97",257,"53"
"3737",151,"Jaheim Bell","TE","Florida State",2024,"00-0039420",7,"231",257,"-80"
"3738",152,"Caedan Wallace","OT","Penn State",2024,"00-0039863",3,"68",257,"84"
"3739",153,"Tyrone Tracy","RB","Purdue",2024,"00-0039384",5,"166",257,"-13"
"3740",154,"Elijah Jones","CB","Boston College",2024,"00-0039823",3,"90",257,"64"
"3741",155,"Josh Newton","CB","TCU",2024,"00-0039375",5,"149",257,"6"
"3742",156,"Jaylan Ford","LB","Texas",2024,"00-0039388",5,"175",257,"-19"
"3743",157,"Isaac Guerendo","RB","Louisville",2024,"00-0039363",4,"129",257,"28"
"3744",158,"Justin Eboigbe","DL","Alabama",2024,"00-0039835",4,"105",257,"53"
"3745",159,"Marist Liufau","LB","Notre Dame",2024,"00-0039352",3,"87",257,"72"
"3746",160,"Sione Vaki","S","Utah",2024,"00-0039364",4,"132",257,"28"
"3747",161,"Layden Robinson","IOL","Texas A&M",2024,"00-0039887",4,"103",257,"58"
"3748",162,"Tyler Davis","DL","Clemson",2024,"00-0039749",6,"196",257,"-34"
"3749",163,"Curtis Jacobs","LB","Penn State",2024,NA,NA,"undrafted",257,"undrafted - proj drafted"
"3750",164,"Delmar Glaze","IOL","Maryland",2024,"00-0039349",3,"77",257,"87"
"3751",165,"Kalen King","CB","Penn State",2024,"00-0039239",7,"255",257,"-90"
"3752",166,"Joe Milton","QB","Tennessee",2024,"00-0039398",6,"193",257,"-27"
"3753",167,"Beau Brade","S","Maryland",2024,NA,NA,"undrafted",257,"undrafted - proj drafted"
"3754",168,"Jaylin Simpson","CB","Auburn",2024,"00-0039383",5,"164",257,"4"
"3755",169,"Edefuan Ulofoshio","LB","Washington",2024,"00-0039878",5,"160",257,"9"
"3756",170,"Tip Reiman","TE","Illinois",2024,"00-0039737",3,"82",257,"88"
"3757",171,"Dylan Laube","RB","New Hampshire",2024,"00-0039407",6,"208",257,"-37"
"3758",172,"Sataoa Laumea","IOL","Utah",2024,"00-0039799",6,"179",257,"-7"
"3759",173,"Gabe Hall","DL","Baylor",2024,NA,NA,"undrafted",257,"undrafted - proj drafted"
"3760",174,"Walter Rouse","OT","Oklahoma",2024,"00-0039828",6,"177",257,"-3"
"3761",175,"Tahj Washington","WR","USC",2024,"00-0039884",7,"241",257,"-66"
"3762",176,"Cedric Johnson","EDGE","Mississippi",2024,"00-0039752",6,"214",257,"-38"
"3763",177,"Jordan Jefferson","DL","LSU",2024,"00-0039743",4,"116",257,"61"
"3764",178,"Tanner McLachlan","TE","Arizona",2024,"00-0039399",6,"194",257,"-16"
"3765",179,"Brennan Jackson","EDGE","Washington State",2024,"00-0039836",5,"154",257,"25"
"3766",180,"Jordan Travis","QB","Florida State",2024,"00-0039797",5,"171",257,"9"
"3767",181,"Cornelius Johnson","WR","Michigan",2024,"00-0039437",7,"253",257,"-72"
"3768",182,"Chau Smith-Wade","CB","Washington State",2024,"00-0039380",5,"157",257,"25"
"3769",183,"Dwight McGlothern","CB","Arkansas",2024,NA,NA,"undrafted",257,"undrafted - proj drafted"
"3770",184,"AJ Barner","TE","Michigan",2024,"00-0039793",4,"121",257,"63"
"3771",185,"Dallin Holker","TE","Colorado State",2024,NA,NA,"undrafted",257,"undrafted - proj drafted"
"3772",186,"Kimani Vidal","RB","Troy",2024,"00-0039391",6,"181",257,"5"
"3773",187,"MJ Devonshire","CB","Pittsburgh",2024,"00-0039418",7,"229",257,"-42"
"3774",188,"Myles Harden","CB","South Dakota",2024,"00-0039417",7,"227",257,"-39"
"3775",189,"Javion Cohen","IOL","Miami (FL)",2024,NA,NA,"undrafted",257,"undrafted - proj drafted"
"3776",190,"TyRon Hopper","LB","Missouri",2024,"00-0039812",3,"91",257,"99"
"3777",191,"James Williams","S","Miami (FL)",2024,"00-0039430",7,"242",257,"-51"
"3778",192,"Dominique Hampton","S","Washington",2024,"00-0039381",5,"161",257,"31"
"3779",193,"Trevor Keegan","IOL","Michigan",2024,"00-0039310",5,"172",257,"21"
"3780",194,"Blake Watson","RB","Memphis",2024,NA,NA,"undrafted",257,"undrafted - proj drafted"
"3781",195,"Anthony Gould","WR","Oregon State",2024,"00-0039816",5,"142",257,"53"
"3782",196,"Nelson Ceaser","EDGE","Houston",2024,NA,NA,"undrafted",257,"undrafted - proj drafted"
"3783",197,"Jaylen Harrell","EDGE","Michigan",2024,"00-0039436",7,"252",257,"-55"
"3784",198,"Braiden McGregor","EDGE","Michigan",2024,NA,NA,"undrafted",257,"undrafted - proj drafted"
"3785",199,"Isaiah Davis","RB","South Dakota State",2024,"00-0039798",5,"173",257,"26"
"3786",200,"Travis Glover","OT","Georgia State",2024,"00-0039819",6,"202",257,"-2"
"3787",201,"Tory Taylor","P","Iowa",2024,"00-0039745",4,"122",257,"79"
"3788",202,"JD Bertrand","LB","Notre Dame",2024,"00-0039370",5,"143",257,"59"
"3789",203,"Nathan Thomas","OT","Louisiana-Lafayette",2024,"00-0039422",7,"233",257,"-30"
"3790",204,"Myles Cole","EDGE","Texas Tech",2024,"00-0039425",7,"236",257,"-32"
"3791",205,"Rasheen Ali","RB","Marshall",2024,"00-0039796",5,"165",257,"40"
"3792",206,"Nathaniel Watson","LB","Mississippi State",2024,"00-0039406",6,"206",257,"0"
"3793",207,"Steele Chambers","LB","Ohio State",2024,NA,NA,"undrafted",257,"undrafted - proj drafted"
"3794",208,"Dylan McMahon","IOL","NC State",2024,"00-0039830",6,"190",257,"18"
"3795",209,"JhaQuan Jackson","WR","Tulane",2024,"00-0039392",6,"182",257,"27"
"3796",210,"Cody Schrader","RB","Missouri",2024,NA,NA,"undrafted",257,"undrafted - proj drafted"
"3797",211,"Jaden Crumedy","DL","Mississippi State",2024,"00-0039402",6,"200",257,"11"
"3798",212,"Tyrice Knight","LB","UTEP",2024,"00-0039815",4,"118",257,"94"
"3799",213,"Bub Means","WR","Pittsburgh",2024,"00-0039386",5,"170",257,"43"
"3800",214,"Fabien Lovett","DL","Florida State",2024,NA,NA,"undrafted",257,"undrafted - proj drafted"
"3801",215,"Kamal Hadden","CB","Tennessee",2024,"00-0039831",6,"211",257,"4"
"3802",216,"Trey Taylor","S","Air Force",2024,"00-0039413",7,"223",257,"-7"
"3803",217,"Jalen Coker","WR","Holy Cross",2024,NA,NA,"undrafted",257,"undrafted - proj drafted"
"3804",218,"Logan Lee","DL","Iowa",2024,"00-0039389",6,"178",257,"40"
"3805",219,"Josh Proctor","S","Ohio State",2024,NA,NA,"undrafted",257,"undrafted - proj drafted"
"3806",220,"Isaiah Williams","WR","Illinois",2024,NA,NA,"undrafted",257,"undrafted - proj drafted"
"3807",221,"Ryan Watts","CB","Texas",2024,"00-0039748",6,"195",257,"26"
"3808",222,"Ryan Flournoy","WR","Southeast Missouri State",2024,"00-0039410",6,"216",257,"6"
"3809",223,"Marcus Harris","DL","Auburn",2024,"00-0039433",7,"247",257,"-24"
"3810",224,"Keith Randolph","DL","Illinois",2024,NA,NA,"undrafted",257,"undrafted - proj drafted"
"3811",225,"Dillon Johnson","RB","Washington",2024,NA,NA,"undrafted",257,"undrafted - proj drafted"
"3812",226,"Ethan Driskell","OT","Marshall",2024,NA,NA,"undrafted",257,"undrafted - proj drafted"
"3813",227,"Will Reichard","K","Alabama",2024,"00-0039404",6,"203",257,"24"
"3814",228,"Myles Murphy","DL","North Carolina",2024,NA,NA,"undrafted",257,"undrafted - proj drafted"
"3815",229,"Eric Watts","EDGE","UConn",2024,NA,NA,"undrafted",257,"undrafted - proj drafted"
"3816",230,"Michael Barrett","LB","Michigan",2024,"00-0039429",7,"240",257,"-10"
"3817",231,"KT Leveston","OT","Kansas State",2024,"00-0039755",7,"254",257,"-23"
"3818",232,"Matt Lee","IOL","Miami (FL)",2024,"00-0039426",7,"237",257,"-5"
"3819",233,"Qwantez Stiggers","CB","Toronto",2024,"00-0039789",5,"176",257,"57"
"3820",234,"Drake Nugent","IOL","Michigan",2024,NA,NA,"undrafted",257,"undrafted - proj drafted"
"3821",235,"Evan Williams","S","Oregon",2024,"00-0039813",4,"111",257,"124"
"3822",236,"Jase McClellan","RB","Alabama",2024,"00-0039393",6,"186",257,"50"
"3823",237,"Darius Muasau","LB","UCLA",2024,"00-0039829",6,"183",257,"54"
"3824",238,"Tyler Owens","S","Texas Tech",2024,NA,NA,"undrafted",257,"undrafted - proj drafted"
"3825",239,"Daequan Hardy","CB","Penn State",2024,"00-0039883",6,"219",257,"20"
"3826",240,"Marcus Rosemy-Jacksaint","WR","Georgia",2024,NA,NA,"undrafted",257,"undrafted - proj drafted"
"3827",241,"Javontae Jean-Baptiste","EDGE","Notre Dame",2024,"00-0039412",7,"222",257,"19"
"3828",242,"Johnny Dixon","CB","Penn State",2024,NA,NA,"undrafted",257,"undrafted - proj drafted"
"3829",243,"Jordan Whittington","WR","Texas",2024,"00-0039751",6,"213",257,"30"
"3830",244,"Grayson Murphy","EDGE","UCLA",2024,NA,NA,"undrafted",257,"undrafted - proj drafted"
"3831",245,"Brevyn Spann-Ford","TE","Minnesota",2024,NA,NA,"undrafted",257,"undrafted - proj drafted"
"3832",246,"Devin Leary","QB","Kentucky",2024,"00-0039801",6,"218",257,"28"
"3833",247,"Frank Crum","OT","Wyoming",2024,NA,NA,"undrafted",257,"undrafted - proj drafted"
"3834",248,"Garret Greenfield","OT","South Dakota State",2024,NA,NA,"undrafted",257,"undrafted - proj drafted"
"3835",249,"Frank Gore","RB","Southern Miss",2024,NA,NA,"undrafted",257,"undrafted - proj drafted"
"3836",250,"Daijahn Anthony","S","Mississippi",2024,"00-0039414",7,"224",257,"26"
"3837",251,"Zion Tupuola-Fetui","EDGE","Washington",2024,NA,NA,"undrafted",257,"undrafted - proj drafted"
"3838",252,"Cameron Little","K","Arkansas",2024,NA,NA,"undrafted",257,"undrafted - proj drafted"
"3839",253,"Joshua Karty","K","Stanford",2024,"00-0039750",6,"209",257,"44"
"3840",254,"Tylan Grable","OT","UCF",2024,"00-0039882",6,"204",257,"50"
"3841",255,"Evan Anderson","DL","Florida Atlantic",2024,NA,NA,"undrafted",257,"undrafted - proj drafted"
"3842",256,"Jowon Briggs","DL","Cincinnati",2024,"00-0039431",7,"243",257,"13"
"3843",257,"Ladarius Henderson","IOL","Michigan",2024,NA,NA,"undrafted",257,"undrafted - proj drafted"
"3844",258,"Kingsley Eguakun","IOL","Florida",2024,NA,NA,"undrafted",257,"undrafted - proj undrafted"
"3845",259,"CJ Hanson","IOL","Holy Cross",2024,"00-0039833",7,"248",257,"11"
"3846",260,"Tarheeb Still","CB","Maryland",2024,"00-0039366",5,"137",257,"123"
"3847",261,"Willie Drew","CB","Virginia State",2024,NA,NA,"undrafted",257,"undrafted - proj undrafted"
"3848",262,"Sam Hartman","QB","Notre Dame",2024,NA,NA,"undrafted",257,"undrafted - proj undrafted"
"3849",263,"Joshua Cephus","WR","UTSA",2024,NA,NA,"undrafted",257,"undrafted - proj undrafted"
"3850",264,"Jalen Green","EDGE","James Madison",2024,NA,NA,"undrafted",257,"undrafted - proj undrafted"
"3851",265,"Julian Pearl","OT","Illinois",2024,NA,NA,"undrafted",257,"undrafted - proj undrafted"
"3852",266,"Austin Reed","QB","Western Kentucky",2024,NA,NA,"undrafted",257,"undrafted - proj undrafted"
"3853",267,"Lideatrick Griffin","WR","Mississippi State",2024,NA,NA,"undrafted",257,"undrafted - proj undrafted"
"3854",268,"Deantre Prince","CB","Mississippi",2024,"00-0039378",5,"153",257,"115"
"3855",269,"Jalen Sundell","IOL","North Dakota State",2024,NA,NA,"undrafted",257,"undrafted - proj undrafted"
"3856",270,"Jaylon Carlies","S","Missouri",2024,"00-0039377",5,"151",257,"119"
"3857",271,"Nick Gargiulo","IOL","South Carolina",2024,"00-0039438",7,"256",257,"15"
"3858",272,"Chigozie Anusiem","CB","Colorado State",2024,NA,NA,"undrafted",257,"undrafted - proj undrafted"
"3859",273,"Kendall Milton","RB","Georgia",2024,NA,NA,"undrafted",257,"undrafted - proj undrafted"
"3860",274,"Justin Rogers","DL","Auburn",2024,"00-0039432",7,"244",257,"30"
"3861",275,"Xavier Weaver","WR","Colorado",2024,NA,NA,"undrafted",257,"undrafted - proj undrafted"
"3862",276,"Mark Perry","S","TCU",2024,NA,NA,"undrafted",257,"undrafted - proj undrafted"
"3863",277,"Solomon Byrd","EDGE","USC",2024,"00-0039427",7,"238",257,"39"
"3864",278,"Beanie Bishop","CB","West Virginia",2024,NA,NA,"undrafted",257,"undrafted - proj undrafted"
"3865",279,"Jaden Shirden","RB","Monmouth",2024,NA,NA,"undrafted",257,"undrafted - proj undrafted"
"3866",280,"Aaron Casey","LB","Indiana",2024,NA,NA,"undrafted",257,"undrafted - proj undrafted"
"3867",281,"Emani Bailey","RB","TCU",2024,NA,NA,"undrafted",257,"undrafted - proj undrafted"
"3868",282,"Miyan Williams","RB","Ohio State",2024,NA,NA,"undrafted",257,"undrafted - proj undrafted"
"3869",283,"Jawhar Jordan","RB","Louisville",2024,"00-0039405",6,"205",257,"78"
"3870",284,"Gottlieb Ayedze","OT","Maryland",2024,NA,NA,"undrafted",257,"undrafted - proj undrafted"
"3871",285,"Casey Washington","WR","Illinois",2024,"00-0039394",6,"187",257,"98"
"3872",286,"Donovan Jennings","IOL","South Florida",2024,NA,NA,"undrafted",257,"undrafted - proj undrafted"
"3873",287,"Kedon Slovis","QB","BYU",2024,NA,NA,"undrafted",257,"undrafted - proj undrafted"
"3874",288,"Daijun Edwards","RB","Georgia",2024,NA,NA,"undrafted",257,"undrafted - proj undrafted"
"3875",289,"Devin Culp","TE","Washington",2024,"00-0039754",7,"246",257,"43"
"3876",290,"Andrew Raym","IOL","Oklahoma",2024,NA,NA,"undrafted",257,"undrafted - proj undrafted"
"3877",291,"Charles Turner","IOL","LSU",2024,NA,NA,"undrafted",257,"undrafted - proj undrafted"
"3878",292,"Omar Brown","CB","Nebraska",2024,NA,NA,"undrafted",257,"undrafted - proj undrafted"
"3879",293,"Marcellas Dial","CB","South Carolina",2024,"00-0039390",6,"180",257,"113"
"3880",294,"Trey Knox","TE","South Carolina",2024,NA,NA,"undrafted",257,"undrafted - proj undrafted"
"3881",295,"Zion Logue","DL","Georgia",2024,"00-0039400",6,"197",257,"98"
"3882",296,"Ryan Rehkow","P","BYU",2024,NA,NA,"undrafted",257,"undrafted - proj undrafted"
"3883",297,"Jacob Monk","IOL","Duke",2024,"00-0039817",5,"163",257,"134"
"3884",298,"Khalid Duke","EDGE","Kansas State",2024,NA,NA,"undrafted",257,"undrafted - proj undrafted"
"3885",299,"Eyabi Okie","EDGE","Charlotte",2024,NA,NA,"undrafted",257,"undrafted - proj undrafted"
"3886",300,"Carter Bradley","QB","South Alabama",2024,NA,NA,"undrafted",257,"undrafted - proj undrafted"
"3887",301,"Trente Jones","OT","Michigan",2024,NA,NA,"undrafted",257,"undrafted - proj undrafted"
"3888",302,"Taulia Tagovailoa","QB","Maryland",2024,NA,NA,"undrafted",257,"undrafted - proj undrafted"
"3889",303,"Jarius Monroe","CB","Tulane",2024,NA,NA,"undrafted",257,"undrafted - proj undrafted"
"3890",304,"Kenny Logan","S","Kansas",2024,NA,NA,"undrafted",257,"undrafted - proj undrafted"
"3891",305,"Jontrey Hunter","LB","Georgia State",2024,NA,NA,"undrafted",257,"undrafted - proj undrafted"
"3892",306,"Jack Westover","TE","Washington",2024,NA,NA,"undrafted",257,"undrafted - proj undrafted"
"3893",307,"Andrew Coker","OT","TCU",2024,NA,NA,"undrafted",257,"undrafted - proj undrafted"
"3894",308,"Carlton Johnson","CB","Fresno State",2024,NA,NA,"undrafted",257,"undrafted - proj undrafted"
"3895",309,"George Holani","RB","Boise State",2024,NA,NA,"undrafted",257,"undrafted - proj undrafted"
"3896",310,"Anim Dankwah","OT","Howard",2024,NA,NA,"undrafted",257,"undrafted - proj undrafted"
"3897",311,"Kalen DeLoach","LB","Florida State",2024,NA,NA,"undrafted",257,"undrafted - proj undrafted"
"3898",312,"Jackson Sirmon","LB","California",2024,NA,NA,"undrafted",257,"undrafted - proj undrafted"
"3899",313,"Harrison Mevis","K","Missouri",2024,NA,NA,"undrafted",257,"undrafted - proj undrafted"
"3900",314,"Carson Steele","RB","UCLA",2024,NA,NA,"undrafted",257,"undrafted - proj undrafted"
"3901",315,"Nick Samac","IOL","Michigan State",2024,"00-0039237",7,"228",257,"87"
"3902",316,"Dallas Gant","LB","Toledo",2024,NA,NA,"undrafted",257,"undrafted - proj undrafted"
"3903",317,"Karsen Barnhart","OT","Michigan",2024,NA,NA,"undrafted",257,"undrafted - proj undrafted"
"3904",318,"Hayden Hatten","WR","Idaho",2024,NA,NA,"undrafted",257,"undrafted - proj undrafted"
"3905",319,"Josiah Ezirim","OT","Eastern Kentucky",2024,"00-0039428",7,"239",257,"80"
"3906",320,"Jarrett Kingston","IOL","USC",2024,"00-0039832",6,"215",257,"105"
"3907",321,"Tayvion Robinson","WR","Kentucky",2024,NA,NA,"undrafted",257,"undrafted - proj undrafted"
"3908",322,"Trajan Jeffcoat","EDGE","Arkansas",2024,NA,NA,"undrafted",257,"undrafted - proj undrafted"
"3909",323,"Nook Bradford","S","TCU",2024,NA,NA,"undrafted",257,"undrafted - proj undrafted"
"3910",324,"Keaton Bills","IOL","Utah",2024,NA,NA,"undrafted",257,"undrafted - proj undrafted"
"3911",325,"Tatum Bethune","LB","Florida State",2024,"00-0039435",7,"251",257,"74"
"3912",326,"Demani Richardson","S","Texas A&M",2024,NA,NA,"undrafted",257,"undrafted - proj undrafted"
"3913",327,"Austin McNamara","P","Texas Tech",2024,NA,NA,"undrafted",257,"undrafted - proj undrafted"
"3914",328,"David Ugwoegbu","LB","Houston",2024,NA,NA,"undrafted",257,"undrafted - proj undrafted"
"3915",329,"Andre Sam","S","LSU",2024,NA,NA,"undrafted",257,"undrafted - proj undrafted"
"3916",330,"Sundiata Anderson","EDGE","Grambling State",2024,NA,NA,"undrafted",257,"undrafted - proj undrafted"
"3917",331,"Giovanni Manu","OT","British Columbia",2024,"00-0039362",4,"126",257,"205"
"3918",332,"Easton Gibbs","LB","Wyoming",2024,NA,NA,"undrafted",257,"undrafted - proj undrafted"
"3919",333,"Michael Hiers","QB","Samford",2024,NA,NA,"undrafted",257,"undrafted - proj undrafted"
"3920",334,"Bayron Matos","OT","South Florida",2024,NA,NA,"undrafted",257,"undrafted - proj undrafted"
"3921",335,"Ro Torrence","CB","Arizona State",2024,NA,NA,"undrafted",257,"undrafted - proj undrafted"
"3922",336,"Michael Wiley","RB","Arizona",2024,NA,NA,"undrafted",257,"undrafted - proj undrafted"
"3923",337,"Josh Wallace","CB","Michigan",2024,NA,NA,"undrafted",257,"undrafted - proj undrafted"
"3924",338,"Akeem Dent","S","Florida State",2024,NA,NA,"undrafted",257,"undrafted - proj undrafted"
"3925",339,"Jaylen Key","S","Alabama",2024,"00-0039802",7,"257",257,"82"
"3926",340,"Richard Jibunor","EDGE","Troy",2024,NA,NA,"undrafted",257,"undrafted - proj undrafted"
"3927",341,"Storm Duck","CB","Louisville",2024,NA,NA,"undrafted",257,"undrafted - proj undrafted"
"3928",342,"Devaughn Vele","WR","Utah",2024,"00-0039424",7,"235",257,"107"
"3929",343,"Mason Tipton","WR","Yale",2024,NA,NA,"undrafted",257,"undrafted - proj undrafted"
"3930",344,"Micah Abraham","CB","Marshall",2024,"00-0039403",6,"201",257,"143"
"3931",345,"David White","WR","Western Carolina",2024,NA,NA,"undrafted",257,"undrafted - proj undrafted"
"3932",346,"McCallan Castles","TE","Tennessee",2024,NA,NA,"undrafted",257,"undrafted - proj undrafted"
"3933",347,"Keilan Robinson","RB","Texas",2024,"00-0039385",5,"167",257,"180"
"3934",348,"Omar Speights","LB","LSU",2024,NA,NA,"undrafted",257,"undrafted - proj undrafted"
"3935",349,"Dayton Wade","WR","Mississippi",2024,NA,NA,"undrafted",257,"undrafted - proj undrafted"
"3936",350,"Steven Jones","IOL","Oregon",2024,NA,NA,"undrafted",257,"undrafted - proj undrafted"
"3937",351,"Jason Bean","QB","Kansas",2024,NA,NA,"undrafted",257,"undrafted - proj undrafted"
"3938",352,"Brady Latham","IOL","Arkansas",2024,NA,NA,"undrafted",257,"undrafted - proj undrafted"
"3939",353,"Willie Roberts","CB","Louisiana Tech",2024,NA,NA,"undrafted",257,"undrafted - proj undrafted"
"3940",354,"Tuli Letuligasenoa","DL","Washington",2024,NA,NA,"undrafted",257,"undrafted - proj undrafted"
"3941",355,"Drake Stoops","WR","Oklahoma",2024,NA,NA,"undrafted",257,"undrafted - proj undrafted"
"3942",356,"Casey Rogers","DL","Oregon",2024,NA,NA,"undrafted",257,"undrafted - proj undrafted"
"3943",357,"Jeremy Flax","OT","Kentucky",2024,NA,NA,"undrafted",257,"undrafted - proj undrafted"
"3944",358,"Isaiah Stalbird","S","South Dakota State",2024,NA,NA,"undrafted",257,"undrafted - proj undrafted"
"3945",359,"Elijah Klein","IOL","UTEP",2024,"00-0039411",6,"220",257,"139"
"3946",360,"Myles Sims","CB","Georgia Tech",2024,NA,NA,"undrafted",257,"undrafted - proj undrafted"
"3947",361,"Jamal Hill","S","Oregon",2024,"00-0039395",6,"188",257,"173"
"3948",362,"Christian Roland-Wallace","CB","USC",2024,NA,NA,"undrafted",257,"undrafted - proj undrafted"
"3949",363,"Cam Allen","S","Purdue",2024,NA,NA,"undrafted",257,"undrafted - proj undrafted"
"3950",364,"Jamree Kromah","EDGE","James Madison",2024,NA,NA,"undrafted",257,"undrafted - proj undrafted"
"3951",365,"Jack Plummer","QB","Louisville",2024,NA,NA,"undrafted",257,"undrafted - proj undrafted"
"3952",366,"AJ Woods","CB","Pittsburgh",2024,NA,NA,"undrafted",257,"undrafted - proj undrafted"
"3953",367,"Tejhaun Palmer","WR","UAB",2024,"00-0039397",6,"191",257,"176"
"3954",368,"Jabari Small","RB","Tennessee",2024,NA,NA,"undrafted",257,"undrafted - proj undrafted"
"3955",369,"John Rhys Plumlee","QB","UCF",2024,NA,NA,"undrafted",257,"undrafted - proj undrafted"
"3956",370,"Shon Stephens","CB","Ferris State",2024,NA,NA,"undrafted",257,"undrafted - proj undrafted"
"3957",371,"Levi Drake Rodriguez","DL","Texas A&M-Commerce",2024,"00-0039421",7,"232",257,"139"
"3958",372,"Ron Stone","EDGE","Washington State",2024,NA,NA,"undrafted",257,"undrafted - proj undrafted"
"3959",373,"Mike Edwards","OT","Campbell",2024,NA,NA,"undrafted",257,"undrafted - proj undrafted"
"3960",374,"Matthew Jones","IOL","Ohio State",2024,NA,NA,"undrafted",257,"undrafted - proj undrafted"
"3961",375,"Austin Jones","RB","USC",2024,NA,NA,"undrafted",257,"undrafted - proj undrafted"
"3962",376,"Jadon Janke","WR","South Dakota State",2024,NA,NA,"undrafted",257,"undrafted - proj undrafted"
"3963",377,"Matthew Hayball","P","Vanderbilt",2024,NA,NA,"undrafted",257,"undrafted - proj undrafted"
"3964",378,"Isaac Rex","TE","BYU",2024,NA,NA,"undrafted",257,"undrafted - proj undrafted"
"3965",379,"XZauvea Gadlin","IOL","Liberty",2024,NA,NA,"undrafted",257,"undrafted - proj undrafted"
"3966",380,"Kyle Hergel","IOL","Boston College",2024,NA,NA,"undrafted",257,"undrafted - proj undrafted"
"3967",381,"Prince Pines","IOL","Tulane",2024,NA,NA,"undrafted",257,"undrafted - proj undrafted"
"3968",382,"Zach Heins","TE","South Dakota State",2024,NA,NA,"undrafted",257,"undrafted - proj undrafted"
"3969",383,"Tanner Mordecai","QB","Wisconsin",2024,NA,NA,"undrafted",257,"undrafted - proj undrafted"
"3970",384,"Aaron Beasley","LB","Tennessee",2024,NA,NA,"undrafted",257,"undrafted - proj undrafted"
"3971",385,"Ryan Cooper","CB","Oregon State",2024,NA,NA,"undrafted",257,"undrafted - proj undrafted"
"3972",386,"Pheldarius Payne","EDGE","Virginia Tech",2024,NA,NA,"undrafted",257,"undrafted - proj undrafted"
"3973",387,"Jay Stanley","S","Southern Miss",2024,NA,NA,"undrafted",257,"undrafted - proj undrafted"
"3974",388,"Bucky Williams","IOL","Appalachian State",2024,NA,NA,"undrafted",257,"undrafted - proj undrafted"
"3975",389,"Winston Reid","LB","Weber State",2024,NA,NA,"undrafted",257,"undrafted - proj undrafted"
"3976",390,"JaQuan Sheppard","CB","Maryland",2024,NA,NA,"undrafted",257,"undrafted - proj undrafted"
"3977",391,"Willis Patrick","IOL","TCU",2024,NA,NA,"undrafted",257,"undrafted - proj undrafted"
"3978",392,"Theo Benedet","OT","British Columbia",2024,NA,NA,"undrafted",257,"undrafted - proj undrafted"
"3979",393,"Jackson Mitchell","LB","UConn",2024,NA,NA,"undrafted",257,"undrafted - proj undrafted"
"3980",394,"Tyler Harrell","WR","Miami (FL)",2024,NA,NA,"undrafted",257,"undrafted - proj undrafted"
"3981",395,"Jaxon Janke","WR","South Dakota State",2024,NA,NA,"undrafted",257,"undrafted - proj undrafted"
"3982",396,"Sanoussi Kane","S","Purdue",2024,"00-0039235",7,"250",257,"146"
"3983",397,"Bo Richter","EDGE","Air Force",2024,NA,NA,"undrafted",257,"undrafted - proj undrafted"
"3984",398,"PJ Jules","S","Southern Illinois",2024,NA,NA,"undrafted",257,"undrafted - proj undrafted"
"3985",399,"Emany Johnson","S","Nevada",2024,NA,NA,"undrafted",257,"undrafted - proj undrafted"
"3986",400,"Reddy Steward","CB","Troy",2024,NA,NA,"undrafted",257,"undrafted - proj undrafted"
"3987",401,"Peter Bowden","LS","Wisconsin",2024,NA,NA,"undrafted",257,"undrafted - proj undrafted"
"3988",402,"Davius Richard","QB","North Carolina Central",2024,NA,NA,"undrafted",257,"undrafted - proj undrafted"
"3989",403,"Cole Burgess","WR","Cortland",2024,NA,NA,"undrafted",257,"undrafted - proj undrafted"
"3990",404,"Ryan Sanborn","P","Texas",2024,NA,NA,"undrafted",257,"undrafted - proj undrafted"
"3991",405,"Jalon Calhoun","WR","Duke",2024,NA,NA,"undrafted",257,"undrafted - proj undrafted"
"3992",406,"Justin Blazek","DL","Wisconsin-Platteville",2024,NA,NA,"undrafted",257,"undrafted - proj undrafted"
"3993",407,"Maema Njongmeta","LB","Wisconsin",2024,NA,NA,"undrafted",257,"undrafted - proj undrafted"
"3994",408,"Lorenzo Thompson","OT","Rhode Island",2024,NA,NA,"undrafted",257,"undrafted - proj undrafted"
"3995",409,"Austin Stogner","TE","Oklahoma",2024,NA,NA,"undrafted",257,"undrafted - proj undrafted"
"3996",410,"Jett Johnson","LB","Mississippi State",2024,NA,NA,"undrafted",257,"undrafted - proj undrafted"
"3997",411,"Myles Jones","CB","Duke",2024,NA,NA,"undrafted",257,"undrafted - proj undrafted"
"3998",412,"Mason Fairchild","TE","Kansas",2024,NA,NA,"undrafted",257,"undrafted - proj undrafted"
"3999",413,"Andre Carter","EDGE","Indiana",2024,NA,NA,"undrafted",257,"undrafted - proj undrafted"
"4000",414,"McKade Mettauer","IOL","Oklahoma",2024,NA,NA,"undrafted",257,"undrafted - proj undrafted"
"4001",415,"Rashad Wisdom","S","UTSA",2024,NA,NA,"undrafted",257,"undrafted - proj undrafted"
"4002",416,"Miles Battle","CB","Utah",2024,NA,NA,"undrafted",257,"undrafted - proj undrafted"
"4003",417,"Aaron Frost","IOL","Arizona State",2024,NA,NA,"undrafted",257,"undrafted - proj undrafted"
"4004",418,"Gavin Hardison","QB","UTEP",2024,NA,NA,"undrafted",257,"undrafted - proj undrafted"
"4005",419,"Jordan Miller","DL","SMU",2024,NA,NA,"undrafted",257,"undrafted - proj undrafted"
"4006",420,"Taylor Upshaw","EDGE","Arizona",2024,NA,NA,"undrafted",257,"undrafted - proj undrafted"
"4007",421,"TreMon Morris-Brash","EDGE","UCF",2024,NA,NA,"undrafted",257,"undrafted - proj undrafted"
"4008",422,"Joe Andreessen","LB","Buffalo",2024,NA,NA,"undrafted",257,"undrafted - proj undrafted"
"4009",423,"Michael Vinson","LS","Notre Dame",2024,NA,NA,"undrafted",257,"undrafted - proj undrafted"
"4010",424,"William Mote","LS","Georgia",2024,NA,NA,"undrafted",257,"undrafted - proj undrafted"
"4011",425,"Odieu Hiliare","WR","Bowling Green",2024,NA,NA,"undrafted",257,"undrafted - proj undrafted"
"4012",426,"Ty James","WR","Mercer",2024,NA,NA,"undrafted",257,"undrafted - proj undrafted"
"4013",427,"Doug Nester","IOL","West Virginia",2024,NA,NA,"undrafted",257,"undrafted - proj undrafted"
"4014",428,"JeQuan Burton","WR","Florida Atlantic",2024,NA,NA,"undrafted",257,"undrafted - proj undrafted"
"4015",429,"Javan Morgan","CB","Florida A&M",2024,NA,NA,"undrafted",257,"undrafted - proj undrafted"
"4016",430,"Sincere Haynesworth","IOL","Tulane",2024,NA,NA,"undrafted",257,"undrafted - proj undrafted"
"4017",431,"Alex Johnson","S","UCLA",2024,NA,NA,"undrafted",257,"undrafted - proj undrafted"
"4018",432,"Bryan Hudson","IOL","Louisville",2024,NA,NA,"undrafted",257,"undrafted - proj undrafted"
"4019",433,"Jaxen Turner","S","UNLV",2024,NA,NA,"undrafted",257,"undrafted - proj undrafted"
"4020",434,"Spencer Rolland","OT","North Carolina",2024,NA,NA,"undrafted",257,"undrafted - proj undrafted"
"4021",435,"Ramel Keyton","WR","Tennessee",2024,NA,NA,"undrafted",257,"undrafted - proj undrafted"
"4022",436,"Thomas Harper","S","Notre Dame",2024,NA,NA,"undrafted",257,"undrafted - proj undrafted"
"4023",437,"Emory Jones","QB","Cincinnati",2024,NA,NA,"undrafted",257,"undrafted - proj undrafted"
"4024",438,"Kyle Sheets","WR","Slippery Rock",2024,NA,NA,"undrafted",257,"undrafted - proj undrafted"
"4025",439,"Nate Lynn","EDGE","William & Mary",2024,NA,NA,"undrafted",257,"undrafted - proj undrafted"
"4026",440,"Brian Dooley","OT","Eastern Michigan",2024,NA,NA,"undrafted",257,"undrafted - proj undrafted"
"4027",441,"Nyles Gaddy","EDGE","Missouri",2024,NA,NA,"undrafted",257,"undrafted - proj undrafted"
"4028",442,"Brenden Bates","TE","Kentucky",2024,NA,NA,"undrafted",257,"undrafted - proj undrafted"
"4029",443,"Shyheim Battle","CB","NC State",2024,NA,NA,"undrafted",257,"undrafted - proj undrafted"
"4030",444,"Praise Amaewhule","EDGE","UTEP",2024,NA,NA,"undrafted",257,"undrafted - proj undrafted"
"4031",445,"Levelle Bailey","LB","Fresno State",2024,NA,NA,"undrafted",257,"undrafted - proj undrafted"
"4032",446,"John Jiles","WR","West Florida",2024,NA,NA,"undrafted",257,"undrafted - proj undrafted"
"4033",447,"Devin Carter","WR","West Virginia",2024,NA,NA,"undrafted",257,"undrafted - proj undrafted"
"4034",448,"Jalyn Phillips","S","Clemson",2024,NA,NA,"undrafted",257,"undrafted - proj undrafted"
"4035",449,"Mason Pline","TE","Furman",2024,NA,NA,"undrafted",257,"undrafted - proj undrafted"
"4036",450,"Michael Jerrell","OT","Findlay",2024,"00-0039842",6,"207",257,"243"
"4037",451,"Nathan Pickering","DL","Mississippi State",2024,NA,NA,"undrafted",257,"undrafted - proj undrafted"
"4038",452,"Malik Langham","DL","Purdue",2024,NA,NA,"undrafted",257,"undrafted - proj undrafted"
"4039",453,"Gunner Britton","OT","Auburn",2024,NA,NA,"undrafted",257,"undrafted - proj undrafted"
"4040",454,"Jonah Laulu","DL","Oklahoma",2024,"00-0039423",7,"234",257,"220"
"4041",455,"Thomas Yassmin","TE","Utah",2024,NA,NA,"undrafted",257,"undrafted - proj undrafted"
"4042",456,"Amari Gainer","EDGE","North Carolina",2024,NA,NA,"undrafted",257,"undrafted - proj undrafted"
"4043",457,"Keni-H Lovely","CB","Western Michigan",2024,NA,NA,"undrafted",257,"undrafted - proj undrafted"
"4044",458,"Colson Yankoff","RB","UCLA",2024,NA,NA,"undrafted",257,"undrafted - proj undrafted"
"4045",459,"Mikey Victor","CB","Alabama State",2024,NA,NA,"undrafted",257,"undrafted - proj undrafted"
"4046",460,"Jeshaun Jones","WR","Maryland",2024,NA,NA,"undrafted",257,"undrafted - proj undrafted"
"4047",461,"Ovie Oghoufo","EDGE","LSU",2024,NA,NA,"undrafted",257,"undrafted - proj undrafted"
"4048",462,"Quinton Newsome","CB","Nebraska",2024,NA,NA,"undrafted",257,"undrafted - proj undrafted"
"4049",463,"Will Putnam","IOL","Clemson",2024,NA,NA,"undrafted",257,"undrafted - proj undrafted"
"4050",464,"Jacob Warren","TE","Tennessee",2024,NA,NA,"undrafted",257,"undrafted - proj undrafted"
"4051",465,"Terrell Allen","DL","Tennessee State",2024,NA,NA,"undrafted",257,"undrafted - proj undrafted"
"4052",466,"Antonio Alfano","DL","Lackawanna",2024,NA,NA,"undrafted",257,"undrafted - proj undrafted"
"4053",467,"Sheridan Jones","CB","Clemson",2024,NA,NA,"undrafted",257,"undrafted - proj undrafted"
"4054",468,"Daniel Green","LB","Kansas State",2024,NA,NA,"undrafted",257,"undrafted - proj undrafted"
"4055",469,"Michael Jurgens","IOL","Wake Forest",2024,"00-0039419",7,"230",257,"239"
"4056",470,"Anthony Goodlow","EDGE","Oklahoma State",2024,NA,NA,"undrafted",257,"undrafted - proj undrafted"
"4057",471,"DeShawn Gaddie","CB","Mississippi",2024,NA,NA,"undrafted",257,"undrafted - proj undrafted"
"4058",472,"Duke Clemens","IOL","UCLA",2024,NA,NA,"undrafted",257,"undrafted - proj undrafted"
"4059",473,"Clark Barrington","IOL","Baylor",2024,NA,NA,"undrafted",257,"undrafted - proj undrafted"
"4060",474,"Darrian Dalcourt","IOL","Alabama",2024,NA,NA,"undrafted",257,"undrafted - proj undrafted"
"4061",475,"Jordan Strachan","EDGE","South Carolina",2024,NA,NA,"undrafted",257,"undrafted - proj undrafted"
"4062",476,"Luke Reimer","LB","Nebraska",2024,NA,NA,"undrafted",257,"undrafted - proj undrafted"
"4063",477,"Jaylon Hutchings","DL","Texas Tech",2024,NA,NA,"undrafted",257,"undrafted - proj undrafted"
"4064",478,"Jaden Davis","CB","Miami (FL)",2024,"00-0039416",7,"226",257,"252"
"4065",479,"Cole Godbout","DL","Wyoming",2024,NA,NA,"undrafted",257,"undrafted - proj undrafted"
"4066",480,"Coen King","S","Virginia",2024,NA,NA,"undrafted",257,"undrafted - proj undrafted"
"4067",481,"DJ Stevens","TE","Jackson State",2024,NA,NA,"undrafted",257,"undrafted - proj undrafted"
"4068",482,"Jack Daly","DL","Florida International",2024,NA,NA,"undrafted",257,"undrafted - proj undrafted"
"4069",483,"Loobert Denelus","EDGE","Benedict College",2024,NA,NA,"undrafted",257,"undrafted - proj undrafted"
"4070",484,"Alex Larson","TE","Saint John's (MN)",2024,NA,NA,"undrafted",257,"undrafted - proj undrafted"
"4071",485,"Joe Moore","OT","Syracuse",2024,NA,NA,"undrafted",257,"undrafted - proj undrafted"
"4072",486,"Travis Clayton","OT","England",2024,"00-0039930",7,"221",257,"265"
"4073",487,"Wayne Ruby","WR","Mount Union",2024,NA,NA,"undrafted",257,"undrafted - proj undrafted"
"4074",488,"Sam Wiglusz","WR","Ohio",2024,NA,NA,"undrafted",257,"undrafted - proj undrafted"
"4075",489,"Keith Brown","LB","Louisville",2024,NA,NA,"undrafted",257,"undrafted - proj undrafted"
"4076",490,"Lorando Johnson","CB","Arkansas",2024,NA,NA,"undrafted",257,"undrafted - proj undrafted"
"4077",491,"Jordan Davis","EDGE","Mississippi State",2024,NA,NA,"undrafted",257,"undrafted - proj undrafted"
"4078",492,"Jordan Toles","S","Morgan State",2024,NA,NA,"undrafted",257,"undrafted - proj undrafted"
"4079",493,"Kody Epps","WR","BYU",2024,NA,NA,"undrafted",257,"undrafted - proj undrafted"
"4080",494,"Chu Ogbonna","CB","Akron",2024,NA,NA,"undrafted",257,"undrafted - proj undrafted"
"4081",495,"DeVere Levelston","DL","SMU",2024,NA,NA,"undrafted",257,"undrafted - proj undrafted"
"4082",496,"Reggie Brown","WR","James Madison",2024,NA,NA,"undrafted",257,"undrafted - proj undrafted"
"4083",497,"Jaden Walley","WR","Mississippi State",2024,NA,NA,"undrafted",257,"undrafted - proj undrafted"
"4084",498,"TreVez Johnson","S","Missouri",2024,NA,NA,"undrafted",257,"undrafted - proj undrafted"
"4085",499,"Jake Renfro","IOL","Wisconsin",2024,NA,NA,"undrafted",257,"undrafted - proj undrafted"
"4086",500,"Marcus Banks","CB","Mississippi State",2024,NA,NA,"undrafted",257,"undrafted - proj undrafted"
"4087",501,"Marcus Washington","WR","Nebraska",2024,NA,NA,"undrafted",257,"undrafted - proj undrafted"
"4088",502,"Shane Lee","LB","USC",2024,NA,NA,"undrafted",257,"undrafted - proj undrafted"
"4089",503,"Kristian Williams","DL","Missouri",2024,NA,NA,"undrafted",257,"undrafted - proj undrafted"
"4090",504,"Stephen Herron","EDGE","Louisville",2024,NA,NA,"undrafted",257,"undrafted - proj undrafted"
"4091",505,"Isaiah Hazel","CB","Charlotte",2024,NA,NA,"undrafted",257,"undrafted - proj undrafted"
"4092",506,"Baylor Cupp","TE","Texas Tech",2024,NA,NA,"undrafted",257,"undrafted - proj undrafted"
"4093",507,"CamRon Kelly","S","Louisville",2024,NA,NA,"undrafted",257,"undrafted - proj undrafted"
"4094",508,"Trezmen Marshall","LB","Alabama",2024,NA,NA,"undrafted",257,"undrafted - proj undrafted"
"4095",509,"Noah Cain","RB","LSU",2024,NA,NA,"undrafted",257,"undrafted - proj undrafted"
"4096",510,"Mase Funa","LB","Oregon",2024,NA,NA,"undrafted",257,"undrafted - proj undrafted"
"4097",511,"Jaylen McCollough","S","Tennessee",2024,NA,NA,"undrafted",257,"undrafted - proj undrafted"
"4098",512,"Andre White","LB","Georgia Tech",2024,NA,NA,"undrafted",257,"undrafted - proj undrafted"
"4099",513,"Corey Crooms","WR","Minnesota",2024,NA,NA,"undrafted",257,"undrafted - proj undrafted"
"4100",514,"Tremon Morris-Brash","EDGE","UCF",2024,NA,NA,"undrafted",257,"undrafted - proj undrafted"
"4101",515,"Bula Schmidt","IOL","UCF",2024,NA,NA,"undrafted",257,"undrafted - proj undrafted"
"4102",516,"Kyon Barrs","DL","USC",2024,NA,NA,"undrafted",257,"undrafted - proj undrafted"
"4103",517,"Geoffrey Cantin-Arku","LB","Memphis",2024,NA,NA,"undrafted",257,"undrafted - proj undrafted"
"4104",518,"Jake Hornibrook","IOL","Duke",2024,NA,NA,"undrafted",257,"undrafted - proj undrafted"
"4105",519,"Al Walcott","S","Arkansas",2024,NA,NA,"undrafted",257,"undrafted - proj undrafted"
"4106",520,"Dell Pettus","S","Troy",2024,NA,NA,"undrafted",257,"undrafted - proj undrafted"
"4107",521,"Lokahi Pauole","IOL","UCF",2024,NA,NA,"undrafted",257,"undrafted - proj undrafted"
"4108",522,"Sean Tyler","RB","Minnesota",2024,NA,NA,"undrafted",257,"undrafted - proj undrafted"
"4109",523,"Willie Tyler","OT","Rutgers",2024,NA,NA,"undrafted",257,"undrafted - proj undrafted"
"4110",524,"AJ Vongphachanh","LB","BYU",2024,NA,NA,"undrafted",257,"undrafted - proj undrafted"
"4111",525,"Jacoby Windmon","LB","Michigan State",2024,NA,NA,"undrafted",257,"undrafted - proj undrafted"
"4112",526,"Julian Hernandez","IOL","Vanderbilt",2024,NA,NA,"undrafted",257,"undrafted - proj undrafted"
"4113",527,"Josh DeBerry","CB","Texas A&M",2024,NA,NA,"undrafted",257,"undrafted - proj undrafted"
"4114",528,"Jaylen Mahoney","S","Vanderbilt",2024,NA,NA,"undrafted",257,"undrafted - proj undrafted"
"4115",529,"Jay Bramblett","P","LSU",2024,NA,NA,"undrafted",257,"undrafted - proj undrafted"
"4116",530,"Tra Fluellen","S","Middle Tennessee State",2024,NA,NA,"undrafted",257,"undrafted - proj undrafted"
"4117",531,"Bryce Gallagher","LB","Northwestern",2024,NA,NA,"undrafted",257,"undrafted - proj undrafted"
"4118",532,"JD Duplain","IOL","Michigan State",2024,NA,NA,"undrafted",257,"undrafted - proj undrafted"
"4119",533,"Tony Bradford","DL","Texas Tech",2024,NA,NA,"undrafted",257,"undrafted - proj undrafted"
"4120",534,"Ralen Goforth","LB","Washington",2024,NA,NA,"undrafted",257,"undrafted - proj undrafted"
"4121",535,"Kyle Ostendorp","P","Arizona",2024,NA,NA,"undrafted",257,"undrafted - proj undrafted"
"4122",536,"Jeremiah Jean-Baptiste","LB","Mississippi",2024,NA,NA,"undrafted",257,"undrafted - proj undrafted"
"4123",537,"Easton Dean","TE","Iowa State",2024,NA,NA,"undrafted",257,"undrafted - proj undrafted"
"4124",538,"Jett Bush","LB","Texas",2024,NA,NA,"undrafted",257,"undrafted - proj undrafted"
"4125",539,"Isaiah Major","LB","Florida A&M",2024,NA,NA,"undrafted",257,"undrafted - proj undrafted"
"4126",540,"Sidney Houston","EDGE","Ball State",2024,NA,NA,"undrafted",257,"undrafted - proj undrafted"
"4127",541,"Terrell Vaughn","WR","Utah State",2024,NA,NA,"undrafted",257,"undrafted - proj undrafted"
"4128",542,"Lorenzo Lingard","RB","Akron",2024,NA,NA,"undrafted",257,"undrafted - proj undrafted"
"4129",543,"Asa Martin","RB","Troy",2024,NA,NA,"undrafted",257,"undrafted - proj undrafted"
"4130",544,"Andrew Chatfield","EDGE","Oregon State",2024,NA,NA,"undrafted",257,"undrafted - proj undrafted"
"4131",545,"Mark Pope","WR","UMass",2024,NA,NA,"undrafted",257,"undrafted - proj undrafted"
"4132",546,"Phil Jurkovec","QB","Pittsburgh",2024,NA,NA,"undrafted",257,"undrafted - proj undrafted"
"4133",547,"Spencer Sanders","QB","Mississippi",2024,NA,NA,"undrafted",257,"undrafted - proj undrafted"
"4134",548,"Justin Dedich","IOL","USC",2024,NA,NA,"undrafted",257,"undrafted - proj undrafted"
"4135",549,"Teradja Mitchell","LB","Florida",2024,NA,NA,"undrafted",257,"undrafted - proj undrafted"
"4136",550,"Avery Jones","IOL","Auburn",2024,NA,NA,"undrafted",257,"undrafted - proj undrafted"
"4137",551,"Derrik Allen","S","North Carolina",2024,NA,NA,"undrafted",257,"undrafted - proj undrafted"
"4138",552,"Ayodele Adeoye","EDGE","Sacramento State",2024,NA,NA,"undrafted",257,"undrafted - proj undrafted"
"4139",553,"Warren Thompson","WR","TCU",2024,NA,NA,"undrafted",257,"undrafted - proj undrafted"
"4140",554,"Al Blades","CB","Duke",2024,NA,NA,"undrafted",257,"undrafted - proj undrafted"
"4141",555,"Tyler Manoa","DL","Arizona",2024,NA,NA,"undrafted",257,"undrafted - proj undrafted"
"4142",556,"Gilbert Frierson","S","Louisville",2024,NA,NA,"undrafted",257,"undrafted - proj undrafted"
"4143",557,"Jalen Mayden","QB","San Diego State",2024,NA,NA,"undrafted",257,"undrafted - proj undrafted"
"4144",558,"Aaron Brule","LB","Michigan State",2024,NA,NA,"undrafted",257,"undrafted - proj undrafted"
"4145",559,"John Morgan","EDGE","Arkansas",2024,NA,NA,"undrafted",257,"undrafted - proj undrafted"
"4146",560,"Davon Ferguson","CB","Bowling Green",2024,NA,NA,"undrafted",257,"undrafted - proj undrafted"
"4147",561,"Rayshad Williams","CB","Texas Tech",2024,NA,NA,"undrafted",257,"undrafted - proj undrafted"
"4148",562,"Kenneth Horsey","IOL","Kentucky",2024,NA,NA,"undrafted",257,"undrafted - proj undrafted"
"4149",563,"Rondell Bothroyd","DL","Oklahoma",2024,NA,NA,"undrafted",257,"undrafted - proj undrafted"
"4150",564,"Tyrese Chambers","WR","Maryland",2024,NA,NA,"undrafted",257,"undrafted - proj undrafted"
"4151",565,"Trent Pennix","TE","NC State",2024,NA,NA,"undrafted",257,"undrafted - proj undrafted"
"4152",566,"Jaylon Robinson","WR","TCU",2024,NA,NA,"undrafted",257,"undrafted - proj undrafted"
"4153",567,"AJ Hampton","CB","Tulane",2024,NA,NA,"undrafted",257,"undrafted - proj undrafted"
"4154",568,"Ben Bryant","QB","Northwestern",2024,NA,NA,"undrafted",257,"undrafted - proj undrafted"
"4155",569,"Davis Brin","QB","Georgia Southern",2024,NA,NA,"undrafted",257,"undrafted - proj undrafted"
"4156",570,"Christian Turner","RB","Indiana",2024,NA,NA,"undrafted",257,"undrafted - proj undrafted"
"4157",571,"Jordan Domineck","DL","Colorado",2024,NA,NA,"undrafted",257,"undrafted - proj undrafted"
"4158",572,"Judson Tallandier","S","Akron",2024,NA,NA,"undrafted",257,"undrafted - proj undrafted"
"4159",573,"LaDamian Webb","RB","South Alabama",2024,NA,NA,"undrafted",257,"undrafted - proj undrafted"
"4160",574,"Brennan Armstrong","QB","NC State",2024,NA,NA,"undrafted",257,"undrafted - proj undrafted"
"4161",575,"Grant Misch","TE","Virginia",2024,NA,NA,"undrafted",257,"undrafted - proj undrafted"
"4162",576,"Jaylon Allen","EDGE","Memphis",2024,NA,NA,"undrafted",257,"undrafted - proj undrafted"
"4163",577,"David Martin-Robinson","TE","Temple",2024,NA,NA,"undrafted",257,"undrafted - proj undrafted"
"4164",578,"Kameron Jones","OT","Mississippi State",2024,NA,NA,"undrafted",257,"undrafted - proj undrafted"
"4165",579,"Nakia Watson","RB","Washington State",2024,NA,NA,"undrafted",257,"undrafted - proj undrafted"
"4166",580,"Jack Sullivan","EDGE","USC",2024,NA,NA,"undrafted",257,"undrafted - proj undrafted"
"4167",581,"Kessawn Abraham","CB","Rutgers",2024,NA,NA,"undrafted",257,"undrafted - proj undrafted"
"4168",582,"Dee Wiggins","WR","Cincinnati",2024,NA,NA,"undrafted",257,"undrafted - proj undrafted"
"4169",583,"Jeremy Moussa","QB","Florida A&M",2024,NA,NA,"undrafted",257,"undrafted - proj undrafted"
"4170",584,"Jason Maitre","S","Wisconsin",2024,NA,NA,"undrafted",257,"undrafted - proj undrafted"
"4171",585,"Keaton Upshaw","TE","Georgia Southern",2024,NA,NA,"undrafted",257,"undrafted - proj undrafted"
"4172",586,"Jarrett Paul","S","Appalachian State",2024,NA,NA,"undrafted",257,"undrafted - proj undrafted"
"4173",587,"Reggie Pearson","S","Oklahoma",2024,NA,NA,"undrafted",257,"undrafted - proj undrafted"
"4174",588,"Chad Bailey","LB","Missouri",2024,NA,NA,"undrafted",257,"undrafted - proj undrafted"
"4175",589,"Caleb Okechukwu","EDGE","Syracuse",2024,NA,NA,"undrafted",257,"undrafted - proj undrafted"
"4176",590,"Nasir Peoples","S","Virginia Tech",2024,NA,NA,"undrafted",257,"undrafted - proj undrafted"
"4177",591,"Sean Shaw","WR","Texas State",2024,NA,NA,"undrafted",257,"undrafted - proj undrafted"
"4178",592,"Branson Deen","DL","Miami (FL)",2024,NA,NA,"undrafted",257,"undrafted - proj undrafted"
"4179",593,"John Paddock","QB","Illinois",2024,NA,NA,"undrafted",257,"undrafted - proj undrafted"
"4180",594,"Devin Hayes","OT","Middle Tennessee State",2024,NA,NA,"undrafted",257,"undrafted - proj undrafted"
"4181",595,"Brayden Narveson","K","NC State",2024,NA,NA,"undrafted",257,"undrafted - proj undrafted"
"4182",596,"Stefan Cobbs","WR","Boise State",2024,NA,NA,"undrafted",257,"undrafted - proj undrafted"
"4183",597,"Armani Chatman","CB","North Carolina",2024,NA,NA,"undrafted",257,"undrafted - proj undrafted"
"4184",598,"Malcolm Epps","TE","Pittsburgh",2024,NA,NA,"undrafted",257,"undrafted - proj undrafted"
"4185",599,"Kavosiey Smoke","RB","Colorado",2024,NA,NA,"undrafted",257,"undrafted - proj undrafted"
"4186",600,"Michael Furtney","IOL","Wisconsin",2024,NA,NA,"undrafted",257,"undrafted - proj undrafted"
"4187",601,"Charles Campbell","K","Tennessee",2024,NA,NA,"undrafted",257,"undrafted - proj undrafted"
"4188",602,"Kendarin Ray","S","Tulsa",2024,NA,NA,"undrafted",257,"undrafted - proj undrafted"
"4189",603,"Slater Zellers","LS","California",2024,NA,NA,"undrafted",257,"undrafted - proj undrafted"
"4190",604,"Layne Hatcher","QB","Ball State",2024,NA,NA,"undrafted",257,"undrafted - proj undrafted"
"4191",605,"Layton Jordan","LB","Temple",2024,NA,NA,"undrafted",257,"undrafted - proj undrafted"
"4192",606,"Elijah Clark","CB","Temple",2024,NA,NA,"undrafted",257,"undrafted - proj undrafted"
"4193",607,"Dontae Smith","RB","Georgia Tech",2024,NA,NA,"undrafted",257,"undrafted - proj undrafted"
"4194",608,"Freddie Roberson","WR","Mississippi State",2024,NA,NA,"undrafted",257,"undrafted - proj undrafted"
"4195",609,"Deshaun Fenwick","RB","Oregon State",2024,NA,NA,"undrafted",257,"undrafted - proj undrafted"
"4196",610,"Dylan McDuffie","RB","Kansas",2024,NA,NA,"undrafted",257,"undrafted - proj undrafted"
"4197",611,"Christopher Bleich","IOL","Syracuse",2024,NA,NA,"undrafted",257,"undrafted - proj undrafted"
"4198",612,"Isaiah Ifanse","RB","California",2024,NA,NA,"undrafted",257,"undrafted - proj undrafted"
"4199",613,"Victor Curne","OT","Mississippi",2024,NA,NA,"undrafted",257,"undrafted - proj undrafted"
"4200",614,"Braelen Oliver","LB","Georgia Tech",2024,NA,NA,"undrafted",257,"undrafted - proj undrafted"
"4201",615,"Jesus Gibbs","EDGE","Towson",2024,NA,NA,"undrafted",257,"undrafted - proj undrafted"
"4202",616,"Marcus Hooker","S","Youngstown State",2024,NA,NA,"undrafted",257,"undrafted - proj undrafted"
"4203",617,"Malik Dunlap","CB","Texas Tech",2024,NA,NA,"undrafted",257,"undrafted - proj undrafted"
"4204",618,"Cameron Wire","OT","Tulane",2024,NA,NA,"undrafted",257,"undrafted - proj undrafted"
"4205",619,"Drake Anderson","RB","Akron",2024,NA,NA,"undrafted",257,"undrafted - proj undrafted"
"4206",620,"Jake Heimlicher","EDGE","UCLA",2024,NA,NA,"undrafted",257,"undrafted - proj undrafted"
"4207",621,"Paul Akere","DL","Virginia",2024,NA,NA,"undrafted",257,"undrafted - proj undrafted"
"4208",622,"Nicario Harper","S","Illinois",2024,NA,NA,"undrafted",257,"undrafted - proj undrafted"
"4209",623,"Antonio Grier","LB","Arkansas",2024,NA,NA,"undrafted",257,"undrafted - proj undrafted"
"4210",624,"Mike Novitsky","IOL","Kansas",2024,NA,NA,"undrafted",257,"undrafted - proj undrafted"
"4211",625,"Nick Mardner","WR","Auburn",2024,NA,NA,"undrafted",257,"undrafted - proj undrafted"
"4212",626,"Charles Woods","CB","SMU",2024,NA,NA,"undrafted",257,"undrafted - proj undrafted"
"4213",627,"Alec Holler","TE","UCF",2024,NA,NA,"undrafted",257,"undrafted - proj undrafted"
"4214",628,"Phillip Brooks","WR","Kansas State",2024,NA,NA,"undrafted",257,"undrafted - proj undrafted"
"4215",629,"Foday Jalloh","EDGE","Lamar",2024,NA,NA,"undrafted",257,"undrafted - proj undrafted"
"4216",630,"Marco Ortiz","LS","Nebraska",2024,NA,NA,"undrafted",257,"undrafted - proj undrafted"
"4217",631,"Decorian Patterson","CB","UCF",2024,NA,NA,"undrafted",257,"undrafted - proj undrafted"
"4218",632,"Tyler Smith","OT","Western Carolina",2024,NA,NA,"undrafted",257,"undrafted - proj undrafted"
"4219",633,"Cam Grandy","TE","Illinois State",2024,NA,NA,"undrafted",257,"undrafted - proj undrafted"
"4220",634,"Erik Brooks","WR","Fresno State",2024,NA,NA,"undrafted",257,"undrafted - proj undrafted"
"4221",635,"Deron Irving-Bey","DL","Ferris State",2024,NA,NA,"undrafted",257,"undrafted - proj undrafted"
"4222",636,"Popo Aumavae","DL","Oregon",2024,NA,NA,"undrafted",257,"undrafted - proj undrafted"
"4223",637,"Hyrin White","OT","SMU",2024,NA,NA,"undrafted",257,"undrafted - proj undrafted"
"4224",638,"Corey Gaynor","IOL","North Carolina",2024,NA,NA,"undrafted",257,"undrafted - proj undrafted"
"4225",639,"Frank Harris","QB","UTSA",2024,NA,NA,"undrafted",257,"undrafted - proj undrafted"
"4226",640,"Chris Autman-Bell","WR","Minnesota",2024,NA,NA,"undrafted",257,"undrafted - proj undrafted"
"4227",641,"JB Brown","DL","UMass",2024,NA,NA,"undrafted",257,"undrafted - proj undrafted"
"4228",642,"Jaylon Monroe","CB","Tulane",2024,NA,NA,"undrafted",257,"undrafted - proj undrafted"
"4229",643,"Jason Brown","QB","Jackson State",2024,NA,NA,"undrafted",257,"undrafted - proj undrafted"
"4230",644,"Kaleb Ford-Dement","CB","Texas State",2024,NA,NA,"undrafted",257,"undrafted - proj undrafted"
"4231",645,"Rusty Staats","IOL","Texas Tech",2024,NA,NA,"undrafted",257,"undrafted - proj undrafted"
"4232",646,"Jerry Roberts","LB","UMass",2024,NA,NA,"undrafted",257,"undrafted - proj undrafted"
"4233",647,"Brian George","CB","UCF",2024,NA,NA,"undrafted",257,"undrafted - proj undrafted"
"4234",1,"Cameron Ward","QB","Miami (FL)",2025,NA,NA,"undrafted",257,"undrafted - proj drafted"
"4235",2,"Travis Hunter","CB","Colorado",2025,"00-0040718",1,"2",257,"0"
"4236",3,"Abdul Carter","EDGE","Penn State",2025,"00-0040677",1,"3",257,"0"
"4237",4,"Will Campbell","OT","LSU",2025,"00-0040699",1,"4",257,"0"
"4238",5,"Ashton Jeanty","RB","Boise State",2025,"00-0040122",1,"6",257,"-1"
"4239",6,"Mason Graham","DL","Michigan",2025,"00-0040685",1,"5",257,"1"
"4240",7,"Armand Membou","OT","Missouri",2025,"00-0040123",1,"7",257,"0"
"4241",8,"Tyler Warren","TE","Penn State",2025,"00-0040128",1,"14",257,"-6"
"4242",9,"Jalon Walker","EDGE","Georgia",2025,"00-0040577",1,"15",257,"-6"
"4243",10,"Tetairoa McMillan","WR","Arizona",2025,"00-0040124",1,"8",257,"2"
"4244",11,"Kelvin Banks","OT","Texas",2025,"00-0040125",1,"9",257,"2"
"4245",12,"Shedeur Sanders","QB","Colorado",2025,"00-0040668",5,"144",257,"-132"
"4246",13,"Will Johnson","CB","Michigan",2025,"00-0040751",2,"47",257,"-34"
"4247",14,"Mykel Williams","EDGE","Georgia",2025,"00-0040660",1,"11",257,"3"
"4248",15,"Colston Loveland","TE","Michigan",2025,"00-0040126",1,"10",257,"5"
"4249",16,"Jahdae Barron","CB","Texas",2025,"00-0040720",1,"20",257,"-4"
"4250",17,"Mike Green","EDGE","Marshall",2025,"00-0040722",2,"59",257,"-42"
"4251",18,"Matthew Golden","WR","Texas",2025,"00-0040667",1,"23",257,"-5"
"4252",19,"Shemar Stewart","EDGE","Texas A&M",2025,"00-0040756",1,"17",257,"2"
"4253",20,"Walter Nolen","DL","Mississippi",2025,"00-0040706",1,"16",257,"4"
"4254",21,"Jihaad Campbell","LB","Alabama",2025,"00-0040708",1,"31",257,"-10"
"4255",22,"Omarion Hampton","RB","North Carolina",2025,"00-0040666",1,"22",257,"0"
"4256",23,"Malaki Starks","S","Georgia",2025,"00-0040688",1,"27",257,"-4"
"4257",24,"Kenneth Grant","DL","Michigan",2025,"00-0040127",1,"13",257,"11"
"4258",25,"Grey Zabel","IOL","North Dakota State",2025,"00-0040639",1,"18",257,"7"
"4259",26,"Josh Simmons","OT","Ohio State",2025,"00-0040116",1,"32",257,"-6"
"4260",27,"Derrick Harmon","DL","Oregon",2025,"00-0040678",1,"21",257,"6"
"4261",28,"Tyler Booker","IOL","Alabama",2025,"00-0040007",1,"12",257,"16"
"4262",29,"Donovan Ezeiruaku","EDGE","Boston College",2025,"00-0040725",2,"44",257,"-15"
"4263",30,"Nick Emmanwori","S","South Carolina",2025,"00-0040733",2,"35",257,"-5"
"4264",31,"Emeka Egbuka","WR","Ohio State",2025,"00-0040129",1,"19",257,"12"
"4265",32,"James Pearce","EDGE","Tennessee",2025,"00-0040578",1,"26",257,"6"
"4266",33,"Jaxson Dart","QB","Mississippi",2025,"00-0040691",1,"25",257,"8"
"4267",34,"Maxwell Hairston","CB","Kentucky",2025,"00-0040709",1,"30",257,"4"
"4268",35,"Josh Conerly","OT","Oregon",2025,"00-0040686",1,"29",257,"6"
"4269",36,"Luther Burden","WR","Missouri",2025,"00-0040735",2,"39",257,"-3"
"4270",37,"TreVeyon Henderson","RB","Ohio State",2025,"00-0040734",2,"38",257,"-1"
"4271",38,"Trey Amos","CB","Mississippi",2025,"00-0040731",2,"61",257,"-23"
"4272",39,"Donovan Jackson","IOL","Ohio State",2025,"00-0040661",1,"24",257,"15"
"4273",40,"Jalen Milroe","QB","Alabama",2025,"00-0040673",3,"92",257,"-52"
"4274",41,"Nic Scourton","EDGE","Texas A&M",2025,"00-0040746",2,"51",257,"-10"
"4275",42,"Shavon Revel","CB","East Carolina",2025,"00-0040008",3,"76",257,"-34"
"4276",43,"Mason Taylor","TE","LSU",2025,"00-0040736",2,"42",257,"1"
"4277",44,"Tyleik Williams","DL","Ohio State",2025,"00-0040672",1,"28",257,"16"
"4278",45,"Aireontae Ersery","OT","Minnesota",2025,"00-0040745",2,"48",257,"-3"
"4279",46,"Carson Schwesinger","LB","UCLA",2025,"00-0040579",2,"33",257,"13"
"4280",47,"Jayden Higgins","WR","Iowa State",2025,"00-0040130",2,"34",257,"13"
"4281",48,"Benjamin Morrison","CB","Notre Dame",2025,"00-0040747",2,"53",257,"-5"
"4282",49,"Xavier Watts","S","Notre Dame",2025,"00-0040148",3,"96",257,"-47"
"4283",50,"JT Tuimoloau","EDGE","Ohio State",2025,"00-0040744",2,"45",257,"5"
"4284",51,"Darius Alexander","DL","Toledo",2025,"00-0040694",3,"65",257,"-14"
"4285",52,"Azareyeh Thomas","CB","Florida State",2025,"00-0040133",3,"73",257,"-21"
"4286",53,"Landon Jackson","EDGE","Arkansas",2025,"00-0040132",3,"72",257,"-19"
"4287",54,"Quinshon Judkins","RB","Ohio State",2025,"00-0040784",2,"36",257,"18"
"4288",55,"Jonah Savaiinaea","IOL","Arizona",2025,"00-0040742",2,"37",257,"18"
"4289",56,"Kaleb Johnson","RB","Iowa",2025,"00-0040142",3,"83",257,"-27"
"4290",57,"Oluwafemi Oladejo","EDGE","UCLA",2025,"00-0040752",2,"52",257,"5"
"4291",58,"Elijah Arroyo","TE","Miami (FL)",2025,"00-0040739",2,"50",257,"8"
"4292",59,"TJ Sanders","DL","South Carolina",2025,"00-0040724",2,"41",257,"18"
"4293",60,"Jaylin Noel","WR","Iowa State",2025,"00-0040138",3,"79",257,"-19"
"4294",61,"Tate Ratledge","IOL","Georgia",2025,"00-0040728",2,"57",257,"4"
"4295",62,"Princely Umanmielen","EDGE","Mississippi",2025,"00-0040136",3,"77",257,"-15"
"4296",63,"Tre Harris","WR","Mississippi",2025,"00-0040727",2,"55",257,"8"
"4297",64,"Alfred Collins","DL","Texas",2025,"00-0040721",2,"43",257,"21"
"4298",65,"Marcus Mbow","IOL","Purdue",2025,"00-0040181",5,"154",257,"-89"
"4299",66,"Jordan Burch","EDGE","Oregon",2025,"00-0040137",3,"78",257,"-12"
"4300",67,"Jack Sawyer","EDGE","Ohio State",2025,"00-0040160",4,"123",257,"-56"
"4301",68,"Darien Porter","CB","Iowa State",2025,"00-0040641",3,"68",257,"0"
"4302",69,"Kevin Winston","S","Penn State",2025,"00-0040141",3,"82",257,"-13"
"4303",70,"Tyler Shough","QB","Louisville",2025,"00-0040743",2,"40",257,"30"
"4304",71,"Bradyn Swinson","EDGE","LSU",2025,"00-0040176",5,"146",257,"-75"
"4305",72,"Jack Bech","WR","TCU",2025,"00-0040729",2,"58",257,"14"
"4306",73,"Elic Ayomanor","WR","Stanford",2025,"00-0040170",4,"136",257,"-63"
"4307",74,"Kyle Williams","WR","Washington State",2025,"00-0040131",3,"69",257,"5"
"4308",75,"Josaiah Stewart","EDGE","Michigan",2025,"00-0040580",3,"90",257,"-15"
"4309",76,"Jalen Royals","WR","Utah State",2025,"00-0040646",4,"133",257,"-57"
"4310",77,"Harold Fannin","TE","Bowling Green",2025,"00-0040663",3,"67",257,"10"
"4311",78,"Omarr Norman-Lott","DL","Tennessee",2025,"00-0040748",2,"63",257,"15"
"4312",79,"Andrew Mukuba","S","Texas",2025,"00-0040749",2,"64",257,"15"
"4313",80,"Jared Wilson","IOL","Georgia",2025,"00-0040147",3,"95",257,"-15"
"4314",81,"Wyatt Milum","OT","West Virginia",2025,"00-0040146",3,"89",257,"-8"
"4315",82,"Shemar Turner","DL","Texas A&M",2025,"00-0040741",2,"62",257,"20"
"4316",83,"Demetrius Knight","LB","South Carolina",2025,"00-0040738",2,"49",257,"34"
"4317",84,"Terrance Ferguson","TE","Oregon",2025,"00-0040737",2,"46",257,"38"
"4318",85,"Ozzy Trapilo","OT","Boston College",2025,"00-0040740",2,"56",257,"29"
"4319",86,"Joshua Farmer","DL","Florida State",2025,"00-0040171",4,"137",257,"-51"
"4320",87,"Charles Grant","IOL","William & Mary",2025,"00-0040151",3,"99",257,"-12"
"4321",88,"Jacob Parrish","CB","Kansas State",2025,"00-0040143",3,"84",257,"4"
"4322",89,"Kyle Kennard","EDGE","South Carolina",2025,"00-0040161",4,"125",257,"-36"
"4323",90,"Dylan Sampson","RB","Tennessee",2025,"00-0040162",4,"126",257,"-36"
"4324",91,"Cameron Skattebo","RB","Arizona State",2025,NA,NA,"undrafted",257,"undrafted - proj drafted"
"4325",92,"Ashton Gillotte","EDGE","Louisville",2025,"00-0040640",3,"66",257,"26"
"4326",93,"Ty Robinson","DL","Nebraska",2025,"00-0040662",4,"111",257,"-18"
"4327",94,"Emery Jones","OT","LSU",2025,"00-0040068",3,"91",257,"3"
"4328",95,"Deone Walker","DL","Kentucky",2025,"00-0040710",4,"109",257,"-14"
"4329",96,"Savion Williams","WR","TCU",2025,"00-0040009",3,"87",257,"9"
"4330",97,"Anthony Belton","OT","NC State",2025,"00-0040726",2,"54",257,"43"
"4331",98,"Nohl Williams","CB","California",2025,"00-0040670",3,"85",257,"13"
"4332",99,"Cameron Williams","OT","Texas",2025,"00-0040687",6,"207",257,"-108"
"4333",100,"Quincy Riley","CB","Louisville",2025,"00-0040166",4,"131",257,"-31"
"4334",101,"Damien Martinez","RB","Miami (FL)",2025,"00-0040651",7,"223",257,"-122"
"4335",102,"Will Howard","QB","Ohio State",2025,"00-0040203",6,"185",257,"-83"
"4336",103,"Tory Horton","WR","Colorado State",2025,"00-0040648",5,"166",257,"-63"
"4337",104,"Danny Stutsman","LB","Oklahoma",2025,"00-0040155",4,"112",257,"-8"
"4338",105,"CJ West","DL","Indiana",2025,"00-0040711",4,"113",257,"-8"
"4339",106,"Billy Bowman","S","Oklahoma",2025,"00-0040156",4,"118",257,"-12"
"4340",107,"DJ Giddens","RB","Kansas State",2025,"00-0040179",5,"151",257,"-44"
"4341",108,"Lathan Ransom","S","Ohio State",2025,"00-0040159",4,"122",257,"-14"
"4342",109,"Gunnar Helm","TE","Texas",2025,"00-0040584",4,"120",257,"-11"
"4343",110,"RJ Harvey","RB","UCF",2025,"00-0040730",2,"60",257,"50"
"4344",111,"Jamaree Caldwell","DL","Oregon",2025,"00-0040144",3,"86",257,"25"
"4345",112,"Jason Marshall","CB","Florida",2025,"00-0040178",5,"150",257,"-38"
"4346",113,"Tai Felton","WR","Maryland",2025,"00-0040154",3,"102",257,"11"
"4347",114,"Chris Paul","LB","Mississippi",2025,"00-0040588",5,"172",257,"-58"
"4348",115,"Jonas Sanker","S","Virginia",2025,"00-0040643",3,"93",257,"22"
"4349",116,"Miles Frazier","IOL","LSU",2025,"00-0040193",5,"171",257,"-55"
"4350",117,"Smael Mondon","LB","Georgia",2025,"00-0040013",5,"161",257,"-44"
"4351",118,"Dylan Fairchild","IOL","Georgia",2025,"00-0040140",3,"81",257,"37"
"4352",119,"Jaylen Reed","S","Penn State",2025,"00-0040204",6,"187",257,"-68"
"4353",120,"Bhayshul Tuten","RB","Virginia Tech",2025,"00-0040719",4,"104",257,"16"
"4354",121,"Denzel Burke","CB","Ohio State",2025,"00-0040195",5,"174",257,"-53"
"4355",122,"Dorian Strong","CB","Virginia Tech",2025,"00-0040197",6,"177",257,"-55"
"4356",123,"Quinn Ewers","QB","Texas",2025,"00-0040234",7,"231",257,"-108"
"4357",124,"Jordan James","RB","Oregon",2025,"00-0040177",5,"147",257,"-23"
"4358",125,"Jared Ivey","EDGE","Mississippi",2025,NA,NA,"undrafted",257,"undrafted - proj drafted"
"4359",126,"Devin Neal","RB","Kansas",2025,"00-0040202",6,"184",257,"-58"
"4360",127,"Jordan Phillips","DL","Maryland",2025,"00-0040175",5,"143",257,"-16"
"4361",128,"Tez Johnson","WR","Oregon",2025,"00-0040237",7,"235",257,"-107"
"4362",129,"Barrett Carter","LB","Clemson",2025,"00-0040157",4,"119",257,"10"
"4363",130,"Zah Frazier","CB","UTSA",2025,"00-0040191",5,"169",257,"-39"
"4364",131,"Isaiah Bond","WR","Texas",2025,NA,NA,"undrafted",257,"undrafted - proj drafted"
"4365",132,"Kyle McCord","QB","Syracuse",2025,"00-0040014",6,"181",257,"-49"
"4366",133,"Chase Lundt","OT","UConn",2025,"00-0040217",6,"206",257,"-73"
"4367",134,"Aeneas Peebles","DL","Virginia Tech",2025,"00-0040076",6,"210",257,"-76"
"4368",135,"David Walker","EDGE","Central Arkansas",2025,"00-0040158",4,"121",257,"14"
"4369",136,"Jeffrey Bassa","LB","Oregon",2025,"00-0040072",5,"156",257,"-20"
"4370",137,"Xavier Restrepo","WR","Miami (FL)",2025,NA,NA,"undrafted",257,"undrafted - proj drafted"
"4371",138,"Cody Simon","LB","Ohio State",2025,"00-0040645",4,"115",257,"23"
"4372",139,"Jaydon Blue","RB","Texas",2025,"00-0040586",5,"149",257,"-10"
"4373",140,"Trevor Etienne","RB","Georgia",2025,"00-0040644",4,"114",257,"26"
"4374",141,"Malachi Moore","S","Alabama",2025,"00-0040165",4,"130",257,"11"
"4375",142,"Saivion Jones","EDGE","LSU",2025,"00-0040153",3,"101",257,"41"
"4376",143,"Barryn Sorrell","EDGE","Texas",2025,"00-0040010",4,"124",257,"19"
"4377",144,"Ty Hamilton","DL","Ohio State",2025,"00-0040585",5,"148",257,"-4"
"4378",145,"Brashard Smith","RB","SMU",2025,"00-0040078",7,"228",257,"-83"
"4379",146,"Jalen Rivers","OT","Miami (FL)",2025,"00-0040180",5,"153",257,"-7"
"4380",147,"Seth McLaughlin","IOL","Ohio State",2025,NA,NA,"undrafted",257,"undrafted - proj drafted"
"4381",148,"Jalen Travis","OT","Iowa State",2025,"00-0040163",4,"127",257,"21"
"4382",149,"Cobee Bryant","CB","Kansas",2025,NA,NA,"undrafted",257,"undrafted - proj drafted"
"4383",150,"Caleb Ransaw","S","Tulane",2025,"00-0040145",3,"88",257,"62"
"4384",151,"Mitchell Evans","TE","Notre Dame",2025,"00-0040187",5,"163",257,"-12"
"4385",152,"Rylie Mills","DL","Notre Dame",2025,"00-0040647",5,"142",257,"10"
"4386",153,"Vernon Broughton","DL","Texas",2025,"00-0040642",3,"71",257,"82"
"4387",154,"Elijah Roberts","DL","SMU",2025,"00-0040183",5,"157",257,"-3"
"4388",155,"Antwaun Powell-Ryland","EDGE","Virginia Tech",2025,"00-0040018",6,"209",257,"-54"
"4389",156,"JJ Pegues","DL","Mississippi",2025,"00-0040199",6,"180",257,"-24"
"4390",157,"Zy Alexander","CB","LSU",2025,NA,NA,"undrafted",257,"undrafted - proj drafted"
"4391",158,"Ollie Gordon","RB","Oklahoma State",2025,"00-0040198",6,"179",257,"-21"
"4392",159,"Jack Kiser","LB","Notre Dame",2025,"00-0040723",4,"107",257,"52"
"4393",160,"Logan Brown","OT","Kansas",2025,NA,NA,"undrafted",257,"undrafted - proj drafted"
"4394",161,"Jackson Slater","IOL","Sacramento State",2025,"00-0040190",5,"167",257,"-6"
"4395",162,"Pat Bryant","WR","Illinois",2025,"00-0040134",3,"74",257,"88"
"4396",163,"RJ Mickens","S","Clemson",2025,"00-0040221",6,"214",257,"-51"
"4397",164,"Ajani Cornelius","OT","Oregon",2025,"00-0040017",6,"204",257,"-40"
"4398",165,"Jordan Hancock","CB","Ohio State",2025,"00-0040192",5,"170",257,"-5"
"4399",166,"Oronde Gadsden","TE","Syracuse",2025,"00-0040189",5,"165",257,"1"
"4400",167,"Teddye Buchanan","LB","California",2025,"00-0040069",4,"129",257,"38"
"4401",168,"Isaac TeSlaa","WR","Arkansas",2025,"00-0040669",3,"70",257,"98"
"4402",169,"Jaylin Lane","WR","Virginia Tech",2025,"00-0040164",4,"128",257,"41"
"4403",170,"Nick Martin","LB","Oklahoma State",2025,"00-0040135",3,"75",257,"95"
"4404",171,"Donte Thornton","WR","Tennessee",2025,"00-0040581",4,"108",257,"63"
"4405",172,"Tyrion Ingram-Dawkins","EDGE","Georgia",2025,"00-0040173",5,"139",257,"33"
"4406",173,"Kobe King","LB","Penn State",2025,"00-0040214",6,"201",257,"-28"
"4407",174,"Carson Vinson","IOL","Alabama A&M",2025,"00-0040070",5,"141",257,"33"
"4408",175,"Upton Stout","CB","Western Kentucky",2025,"00-0040152",3,"100",257,"75"
"4409",176,"Jarquez Hunter","RB","Auburn",2025,"00-0040692",4,"117",257,"59"
"4410",177,"Cam Jackson","DL","Florida",2025,"00-0040174",5,"140",257,"37"
"4411",178,"Dillon Gabriel","QB","Oregon",2025,"00-0040704",3,"94",257,"84"
"4412",179,"Tyler Baron","EDGE","Miami (FL)",2025,"00-0040196",5,"176",257,"3"
"4413",180,"Hollin Pierce","OT","Rutgers",2025,NA,NA,"undrafted",257,"undrafted - proj drafted"
"4414",181,"Luke Kandra","IOL","Cincinnati",2025,NA,NA,"undrafted",257,"undrafted - proj drafted"
"4415",182,"Caleb Rogers","IOL","Texas Tech",2025,"00-0040150",3,"98",257,"84"
"4416",183,"Sebastian Castro","S","Iowa",2025,NA,NA,"undrafted",257,"undrafted - proj drafted"
"4417",184,"Drew Kendall","IOL","Boston College",2025,"00-0040587",5,"168",257,"16"
"4418",185,"Fadil Diggs","EDGE","Syracuse",2025,"00-0040249",7,"254",257,"-69"
"4419",186,"Justin Walley","CB","Minnesota",2025,"00-0040139",3,"80",257,"106"
"4420",187,"Joshua Gray","IOL","Oregon State",2025,NA,NA,"undrafted",257,"undrafted - proj drafted"
"4421",188,"Craig Woodson","S","California",2025,"00-0040716",4,"106",257,"82"
"4422",189,"Que Robinson","EDGE","Alabama",2025,NA,NA,"undrafted",257,"undrafted - proj drafted"
"4423",190,"Jah Joyner","EDGE","Minnesota",2025,NA,NA,"undrafted",257,"undrafted - proj drafted"
"4424",191,"LeQuint Allen","RB","Syracuse",2025,"00-0040238",7,"236",257,"-45"
"4425",192,"Jake Majors","IOL","Texas",2025,NA,NA,"undrafted",257,"undrafted - proj drafted"
"4426",193,"Jackson Hawes","TE","Georgia Tech",2025,"00-0040194",5,"173",257,"20"
"4427",194,"Thomas Fidone","TE","Nebraska",2025,"00-0040225",7,"219",257,"-25"
"4428",195,"Bilhal Kone","CB","Western Michigan",2025,"00-0040073",6,"178",257,"17"
"4429",196,"Jack Nelson","OT","Wisconsin",2025,"00-0040224",7,"218",257,"-22"
"4430",197,"Riley Leonard","QB","Notre Dame",2025,"00-0040206",6,"189",257,"8"
"4431",198,"Hunter Wohler","S","Wisconsin",2025,"00-0040235",7,"232",257,"-34"
"4432",199,"Jalin Conyers","TE","Texas Tech",2025,NA,NA,"undrafted",257,"undrafted - proj drafted"
"4433",200,"Jake Briningstool","TE","Clemson",2025,NA,NA,"undrafted",257,"undrafted - proj drafted"
"4434",201,"Tommi Hill","CB","Nebraska",2025,NA,NA,"undrafted",257,"undrafted - proj drafted"
"4435",202,"JoQuavious Marks","RB","USC",2025,NA,NA,"undrafted",257,"undrafted - proj drafted"
"4436",203,"Kain Medrano","LB","UCLA",2025,"00-0040216",6,"205",257,"-2"
"4437",204,"Nick Nash","WR","San Jose State",2025,NA,NA,"undrafted",257,"undrafted - proj drafted"
"4438",205,"Mac McWilliams","S","UCF",2025,"00-0040071",5,"145",257,"60"
"4439",206,"Shemar James","LB","Florida",2025,"00-0040011",5,"152",257,"54"
"4440",207,"Willie Lampkin","IOL","North Carolina",2025,NA,NA,"undrafted",257,"undrafted - proj drafted"
"4441",208,"Collin Oliver","EDGE","Oklahoma State",2025,"00-0040012",5,"159",257,"49"
"4442",209,"Yahya Black","DL","Iowa",2025,"00-0040188",5,"164",257,"45"
"4443",210,"Kyle Monangai","RB","Rutgers",2025,"00-0040236",7,"233",257,"-23"
"4444",211,"Maxen Hook","S","Toledo",2025,NA,NA,"undrafted",257,"undrafted - proj drafted"
"4445",212,"Jabbar Muhammad","CB","Oregon",2025,NA,NA,"undrafted",257,"undrafted - proj drafted"
"4446",213,"Myles Hinton","OT","Michigan",2025,"00-0040015",6,"191",257,"22"
"4447",214,"Luke Lachey","TE","Iowa",2025,"00-0040250",7,"255",257,"-41"
"4448",215,"Korie Black","CB","Oklahoma State",2025,"00-0040243",7,"246",257,"-31"
"4449",216,"Tahj Brooks","RB","Texas Tech",2025,"00-0040208",6,"193",257,"23"
"4450",217,"Raheim Sanders","RB","South Carolina",2025,NA,NA,"undrafted",257,"undrafted - proj drafted"
"4451",218,"Keandre Lambert-Smith","WR","Auburn",2025,NA,NA,"undrafted",257,"undrafted - proj drafted"
"4452",219,"Bryce Cabeldue","IOL","Kansas",2025,"00-0040650",6,"192",257,"27"
"4453",220,"Jaylin Smith","CB","USC",2025,"00-0040149",3,"97",257,"123"
"4454",221,"Kitan Crawford","S","Nevada",2025,"00-0040230",7,"225",257,"-4"
"4455",222,"Tonka Hemingway","DL","South Carolina",2025,"00-0040169",4,"135",257,"87"
"4456",223,"Connor Colby","IOL","Iowa",2025,"00-0040245",7,"249",257,"-26"
"4457",224,"Chimere Dike","WR","Florida",2025,"00-0040705",4,"103",257,"121"
"4458",225,"Jay Higgins","LB","Iowa",2025,NA,NA,"undrafted",257,"undrafted - proj drafted"
"4459",226,"Andrew Armstrong","WR","Arkansas",2025,NA,NA,"undrafted",257,"undrafted - proj drafted"
"4460",227,"Mello Dotson","CB","Kansas",2025,NA,NA,"undrafted",257,"undrafted - proj drafted"
"4461",228,"Kaimon Rucker","EDGE","North Carolina",2025,NA,NA,"undrafted",257,"undrafted - proj drafted"
"4462",229,"Howard Cross","DL","Notre Dame",2025,NA,NA,"undrafted",257,"undrafted - proj drafted"
"4463",230,"Robert Longerbeam","CB","Rutgers",2025,"00-0040077",6,"212",257,"18"
"4464",231,"Kalel Mullings","RB","Michigan",2025,"00-0040205",6,"188",257,"43"
"4465",232,"Jay Toia","DL","UCLA",2025,"00-0040019",7,"217",257,"15"
"4466",233,"Donovan Edwards","RB","Michigan",2025,NA,NA,"undrafted",257,"undrafted - proj drafted"
"4467",234,"Elijhah Badger","WR","Florida",2025,NA,NA,"undrafted",257,"undrafted - proj drafted"
"4468",235,"Kobe Hudson","WR","UCF",2025,NA,NA,"undrafted",257,"undrafted - proj drafted"
"4469",236,"Alijah Huzzie","CB","North Carolina",2025,NA,NA,"undrafted",257,"undrafted - proj drafted"
"4470",237,"Tyler Batty","EDGE","BYU",2025,NA,NA,"undrafted",257,"undrafted - proj drafted"
"4471",238,"Jimmy Horn","WR","Colorado",2025,"00-0040218",6,"208",257,"30"
"4472",239,"Clay Webb","IOL","Jacksonville State",2025,NA,NA,"undrafted",257,"undrafted - proj drafted"
"4473",240,"Ricky White","WR","UNLV",2025,"00-0040653",7,"238",257,"2"
"4474",241,"Ahmed Hassanein","DL","Boise State",2025,"00-0040761",6,"196",257,"45"
"4475",242,"Garrett Dellinger","IOL","LSU",2025,"00-0040079",7,"243",257,"-1"
"4476",243,"Dante Trader","S","Maryland",2025,"00-0040182",5,"155",257,"88"
"4477",244,"Cam Horsley","DL","Boston College",2025,NA,NA,"undrafted",257,"undrafted - proj drafted"
"4478",245,"Jermari Harris","CB","Iowa",2025,NA,NA,"undrafted",257,"undrafted - proj drafted"
"4479",246,"Nazir Stackhouse","DL","Georgia",2025,NA,NA,"undrafted",257,"undrafted - proj drafted"
"4480",247,"Cody Lindenberg","LB","Minnesota",2025,"00-0040228",7,"222",257,"25"
"4481",248,"Brandon Crenshaw-Dickson","OT","Florida",2025,NA,NA,"undrafted",257,"undrafted - proj drafted"
"4482",249,"Dan Jackson","S","Georgia",2025,"00-0040233",7,"230",257,"19"
"4483",250,"Moliki Matavao","TE","UCLA",2025,"00-0040244",7,"248",257,"2"
"4484",251,"Tim Smith","DL","Alabama",2025,"00-0040207",6,"190",257,"61"
"4485",252,"Eli Cox","IOL","Kentucky",2025,NA,NA,"undrafted",257,"undrafted - proj drafted"
"4486",253,"Benjamin Yurosek","TE","Georgia",2025,NA,NA,"undrafted",257,"undrafted - proj drafted"
"4487",254,"Warren Brinson","DL","Georgia",2025,"00-0040016",6,"198",257,"56"
"4488",255,"Xavier Truss","OT","Georgia",2025,NA,NA,"undrafted",257,"undrafted - proj drafted"
"4489",256,"CJ Dippre","TE","Alabama",2025,NA,NA,"undrafted",257,"undrafted - proj drafted"
"4490",257,"Marcus Yarns","RB","Delaware",2025,NA,NA,"undrafted",257,"undrafted - proj drafted"
"4491",258,"Phil Mafah","RB","Clemson",2025,"00-0040021",7,"239",257,"19"
"4492",259,"Isaiah Neyor","WR","Nebraska",2025,NA,NA,"undrafted",257,"undrafted - proj undrafted"
"4493",260,"Ryan Fitzgerald","K","Florida State",2025,NA,NA,"undrafted",257,"undrafted - proj undrafted"
"4494",261,"Simeon Barrow","DL","Miami (FL)",2025,NA,NA,"undrafted",257,"undrafted - proj undrafted"
"4495",262,"Jared Harrison-Hunte","DL","SMU",2025,NA,NA,"undrafted",257,"undrafted - proj undrafted"
"4496",263,"Jamon Dumas-Johnson","LB","Kentucky",2025,NA,NA,"undrafted",257,"undrafted - proj undrafted"
"4497",264,"Joshua Simon","TE","South Carolina",2025,NA,NA,"undrafted",257,"undrafted - proj undrafted"
"4498",265,"Marques Sigle","S","Kansas State",2025,"00-0040185",5,"160",257,"105"
"4499",266,"Carson Bruener","LB","Washington",2025,"00-0040231",7,"226",257,"40"
"4500",267,"Kaden Prather","WR","Maryland",2025,NA,7,"240",257,"27"
"4501",268,"Eugene Asante","LB","Auburn",2025,NA,NA,"undrafted",257,"undrafted - proj undrafted"
"4502",269,"Max Brosmer","QB","Minnesota",2025,NA,NA,"undrafted",257,"undrafted - proj undrafted"
"4503",270,"Rayuan Lane","S","Navy",2025,"00-0040213",6,"200",257,"70"
"4504",271,"JaCorey Brooks","WR","Louisville",2025,NA,NA,"undrafted",257,"undrafted - proj undrafted"
"4505",272,"Junior Tafuna","DL","Utah",2025,NA,NA,"undrafted",257,"undrafted - proj undrafted"
"4506",273,"Jacory Croskey-Merritt","RB","Arizona",2025,"00-0040242",7,"245",257,"28"
"4507",274,"Arian Smith","WR","Georgia",2025,"00-0040582",4,"110",257,"164"
"4508",275,"Andres Borregales","K","Miami (FL)",2025,"00-0040200",6,"182",257,"93"
"4509",276,"Kurtis Rourke","QB","Indiana",2025,"00-0040589",7,"227",257,"49"
"4510",277,"Shaun Dolac","LB","Buffalo",2025,NA,NA,"undrafted",257,"undrafted - proj undrafted"
"4511",278,"Bru McCoy","WR","Tennessee",2025,NA,NA,"undrafted",257,"undrafted - proj undrafted"
"4512",279,"John Williams","OT","Cincinnati",2025,"00-0040023",7,"250",257,"29"
"4513",280,"Brandon Adams","CB","UCF",2025,NA,NA,"undrafted",257,"undrafted - proj undrafted"
"4514",281,"Corey Kiner","RB","Cincinnati",2025,NA,NA,"undrafted",257,"undrafted - proj undrafted"
"4515",282,"Efton Chism","WR","Eastern Washington",2025,NA,NA,"undrafted",257,"undrafted - proj undrafted"
"4516",283,"Joe Huber","IOL","Wisconsin",2025,NA,NA,"undrafted",257,"undrafted - proj undrafted"
"4517",284,"Jordan Watkins","WR","Mississippi",2025,"00-0040172",4,"138",257,"146"
"4518",285,"Will Sheppard","WR","Colorado",2025,NA,NA,"undrafted",257,"undrafted - proj undrafted"
"4519",286,"Konata Mumpfield","WR","Pittsburgh",2025,"00-0040590",7,"242",257,"44"
"4520",287,"Dean Clark","S","Fresno State",2025,NA,NA,"undrafted",257,"undrafted - proj undrafted"
"4521",288,"Samuel Brown","WR","Miami (FL)",2025,NA,NA,"undrafted",257,"undrafted - proj undrafted"
"4522",289,"LaJohntay Wester","WR","Colorado",2025,"00-0040075",6,"203",257,"86"
"4523",290,"Jackson Woodard","LB","UNLV",2025,NA,NA,"undrafted",257,"undrafted - proj undrafted"
"4524",291,"Brady Cook","QB","Missouri",2025,NA,NA,"undrafted",257,"undrafted - proj undrafted"
"4525",292,"Montrell Johnson","RB","Florida",2025,NA,NA,"undrafted",257,"undrafted - proj undrafted"
"4526",293,"Theo Wease","WR","Missouri",2025,NA,NA,"undrafted",257,"undrafted - proj undrafted"
"4527",294,"Zeek Biggers","DL","Georgia Tech",2025,"00-0040248",7,"253",257,"41"
"4528",295,"Elijah Ponder","EDGE","Cal Poly",2025,NA,NA,"undrafted",257,"undrafted - proj undrafted"
"4529",296,"RJ Oben","EDGE","Notre Dame",2025,NA,NA,"undrafted",257,"undrafted - proj undrafted"
"4530",297,"Hayden Conner","IOL","Texas",2025,"00-0040219",6,"211",257,"86"
"4531",298,"Seth Henigan","QB","Memphis",2025,NA,NA,"undrafted",257,"undrafted - proj undrafted"
"4532",299,"Thomas Perry","IOL","Middlebury",2025,NA,NA,"undrafted",257,"undrafted - proj undrafted"
"4533",300,"Dominic Lovett","WR","Georgia",2025,"00-0040241",7,"244",257,"56"
"4534",301,"DaQuan Felton","WR","Virginia Tech",2025,NA,NA,"undrafted",257,"undrafted - proj undrafted"
"4535",302,"Antwane Wells","WR","Mississippi",2025,NA,NA,"undrafted",257,"undrafted - proj undrafted"
"4536",303,"Gavin Bartholomew","TE","Pittsburgh",2025,"00-0040215",6,"202",257,"101"
"4537",304,"Gerad Christian-Lichtenhan","OT","Oregon State",2025,NA,NA,"undrafted",257,"undrafted - proj undrafted"
"4538",305,"Francisco Mauigoa","LB","Miami (FL)",2025,"00-0040186",5,"162",257,"143"
"4539",306,"Marcus Harris","CB","California",2025,"00-0040201",6,"183",257,"123"
"4540",307,"Lan Larison","RB","UC Davis",2025,NA,NA,"undrafted",257,"undrafted - proj undrafted"
"4541",308,"Malik Verdon","S","Iowa State",2025,NA,NA,"undrafted",257,"undrafted - proj undrafted"
"4542",309,"JaQuinden Jackson","RB","Arkansas",2025,NA,NA,"undrafted",257,"undrafted - proj undrafted"
"4543",310,"Jalen McLeod","LB","Auburn",2025,"00-0040209",6,"194",257,"116"
"4544",311,"Marcus Tate","IOL","Clemson",2025,NA,NA,"undrafted",257,"undrafted - proj undrafted"
"4545",312,"ODonnell Fortune","CB","South Carolina",2025,NA,NA,"undrafted",257,"undrafted - proj undrafted"
"4546",313,"Karene Reid","LB","Utah",2025,NA,NA,"undrafted",257,"undrafted - proj undrafted"
"4547",314,"Tyler Cooper","IOL","Minnesota",2025,NA,NA,"undrafted",257,"undrafted - proj undrafted"
"4548",315,"Branson Taylor","OT","Pittsburgh",2025,"00-0040212",6,"199",257,"116"
"4549",316,"Johnny Walker","EDGE","Missouri",2025,NA,NA,"undrafted",257,"undrafted - proj undrafted"
"4550",317,"Kyonte Hamilton","DL","Rutgers",2025,"00-0040229",7,"224",257,"93"
"4551",318,"Chandler Martin","LB","Memphis",2025,NA,NA,"undrafted",257,"undrafted - proj undrafted"
"4552",319,"Jacolby George","WR","Miami (FL)",2025,NA,NA,"undrafted",257,"undrafted - proj undrafted"
"4553",320,"Esa Pole","OT","Washington State",2025,NA,NA,"undrafted",257,"undrafted - proj undrafted"
"4554",321,"Elijah Simmons","DL","Tennessee",2025,NA,NA,"undrafted",257,"undrafted - proj undrafted"
"4555",322,"Jailin Walker","LB","Indiana",2025,NA,NA,"undrafted",257,"undrafted - proj undrafted"
"4556",323,"Marcus Wehr","IOL","Montana State",2025,NA,NA,"undrafted",257,"undrafted - proj undrafted"
"4557",324,"Fentrell Cypress","CB","Florida State",2025,NA,NA,"undrafted",257,"undrafted - proj undrafted"
"4558",325,"Daniel Jackson","WR","Minnesota",2025,NA,NA,"undrafted",257,"undrafted - proj undrafted"
"4559",326,"Trey Wedig","OT","Indiana",2025,NA,NA,"undrafted",257,"undrafted - proj undrafted"
"4560",327,"Thor Griffith","DL","Louisville",2025,NA,NA,"undrafted",257,"undrafted - proj undrafted"
"4561",328,"Traeshon Holden","WR","Oregon",2025,NA,NA,"undrafted",257,"undrafted - proj undrafted"
"4562",329,"Eric Gregory","DL","Arkansas",2025,NA,NA,"undrafted",257,"undrafted - proj undrafted"
"4563",330,"Jacob Bayer","IOL","Arkansas State",2025,NA,NA,"undrafted",257,"undrafted - proj undrafted"
"4564",331,"Ethan Downs","EDGE","Oklahoma",2025,NA,NA,"undrafted",257,"undrafted - proj undrafted"
"4565",332,"Melvin Smith","CB","Southern Arkansas",2025,NA,NA,"undrafted",257,"undrafted - proj undrafted"
"4566",333,"JJ Roberts","S","Marshall",2025,NA,NA,"undrafted",257,"undrafted - proj undrafted"
"4567",334,"Isas Waxter","CB","Villanova",2025,NA,NA,"undrafted",257,"undrafted - proj undrafted"
"4568",335,"Jackson Meeks","WR","Syracuse",2025,NA,NA,"undrafted",257,"undrafted - proj undrafted"
"4569",336,"Tyreem Powell","LB","Rutgers",2025,NA,NA,"undrafted",257,"undrafted - proj undrafted"
"4570",337,"Tommy Mellott","QB","Montana State",2025,"00-0040220",6,"213",257,"124"
"4571",338,"Nash Hutmacher","DL","Nebraska",2025,NA,NA,"undrafted",257,"undrafted - proj undrafted"
"4572",339,"Bam Martin-Scott","LB","South Carolina",2025,NA,NA,"undrafted",257,"undrafted - proj undrafted"
"4573",340,"Graham Mertz","QB","Florida",2025,"00-0040211",6,"197",257,"143"
"4574",341,"Jeremy Crawshaw","P","Florida",2025,"00-0040223",6,"216",257,"125"
"4575",342,"Payton Page","DL","Clemson",2025,NA,NA,"undrafted",257,"undrafted - proj undrafted"
"4576",343,"James Burnip","P","Alabama",2025,NA,NA,"undrafted",257,"undrafted - proj undrafted"
"4577",344,"Corey Thornton","CB","Louisville",2025,NA,NA,"undrafted",257,"undrafted - proj undrafted"
"4578",345,"Dalton Cooper","OT","Oklahoma State",2025,NA,NA,"undrafted",257,"undrafted - proj undrafted"
"4579",346,"Zakhari Franklin","WR","Illinois",2025,NA,NA,"undrafted",257,"undrafted - proj undrafted"
"4580",347,"Sean Martin","DL","West Virginia",2025,NA,NA,"undrafted",257,"undrafted - proj undrafted"
"4581",348,"DeAndre Jules","DL","South Carolina",2025,NA,NA,"undrafted",257,"undrafted - proj undrafted"
"4582",349,"Jamaal Pritchett","WR","South Alabama",2025,NA,NA,"undrafted",257,"undrafted - proj undrafted"
"4583",350,"Tommy Akingbesote","DL","Maryland",2025,"00-0040022",7,"247",257,"103"
"4584",351,"Beaux Collins","WR","Notre Dame",2025,NA,NA,"undrafted",257,"undrafted - proj undrafted"
"4585",352,"Caleb Etienne","OT","BYU",2025,NA,NA,"undrafted",257,"undrafted - proj undrafted"
"4586",353,"Kenny Gallop","S","Howard",2025,NA,NA,"undrafted",257,"undrafted - proj undrafted"
"4587",354,"Caden Prieskorn","TE","Mississippi",2025,NA,NA,"undrafted",257,"undrafted - proj undrafted"
"4588",355,"Luke Newman","IOL","Michigan State",2025,"00-0040210",6,"195",257,"160"
"4589",356,"Robbie Ouzts","TE","Alabama",2025,"00-0040649",5,"175",257,"181"
"4590",357,"BJ Green","DL","Colorado",2025,NA,NA,"undrafted",257,"undrafted - proj undrafted"
"4591",358,"Brant Kuithe","TE","Utah",2025,NA,NA,"undrafted",257,"undrafted - proj undrafted"
"4592",359,"Donovan McMillon","S","Pittsburgh",2025,NA,NA,"undrafted",257,"undrafted - proj undrafted"
"4593",360,"Makari Paige","S","Michigan",2025,NA,NA,"undrafted",257,"undrafted - proj undrafted"
"4594",362,"Bryson Nesbit","TE","North Carolina",2025,NA,NA,"undrafted",257,"undrafted - proj undrafted"
"4595",363,"Chaz Chambliss","EDGE","Georgia",2025,NA,NA,"undrafted",257,"undrafted - proj undrafted"
"4596",364,"Torricelli Simpkins","IOL","South Carolina",2025,NA,NA,"undrafted",257,"undrafted - proj undrafted"
"4597",365,"Justin Barron","LB","Syracuse",2025,NA,NA,"undrafted",257,"undrafted - proj undrafted"
"4598",366,"Alijah Clark","S","Syracuse",2025,NA,NA,"undrafted",257,"undrafted - proj undrafted"
"4599",367,"Mario Anderson","RB","Memphis",2025,NA,NA,"undrafted",257,"undrafted - proj undrafted"
"4600",368,"Weston Franklin","IOL","Georgia Tech",2025,NA,NA,"undrafted",257,"undrafted - proj undrafted"
"4601",369,"Garnett Hollis","CB","West Virginia",2025,NA,NA,"undrafted",257,"undrafted - proj undrafted"
"4602",370,"Shilo Sanders","S","Colorado",2025,NA,NA,"undrafted",257,"undrafted - proj undrafted"
"4603",371,"Roc Taylor","WR","Memphis",2025,NA,NA,"undrafted",257,"undrafted - proj undrafted"
"4604",372,"Javontez Spraggins","IOL","Tennessee",2025,NA,NA,"undrafted",257,"undrafted - proj undrafted"
"4605",373,"Taylor Morin","WR","Wake Forest",2025,NA,NA,"undrafted",257,"undrafted - proj undrafted"
"4606",374,"Timothy McKay","IOL","NC State",2025,NA,NA,"undrafted",257,"undrafted - proj undrafted"
"4607",375,"Steve Linton","EDGE","Baylor",2025,NA,NA,"undrafted",257,"undrafted - proj undrafted"
"4608",376,"Keondre Jackson","S","Illinois State",2025,NA,NA,"undrafted",257,"undrafted - proj undrafted"
"4609",377,"Tyler Loop","K","Arizona",2025,"00-0040074",6,"186",257,"191"
"4610",378,"Drew Moss","IOL","Colorado State",2025,NA,NA,"undrafted",257,"undrafted - proj undrafted"
"4611",379,"Phillip Webb","EDGE","Jackson State",2025,NA,NA,"undrafted",257,"undrafted - proj undrafted"
"4612",380,"Adin Huntington","DL","Tulane",2025,NA,NA,"undrafted",257,"undrafted - proj undrafted"
"4613",381,"Jahvaree Ritzie","DL","North Carolina",2025,NA,NA,"undrafted",257,"undrafted - proj undrafted"
"4614",382,"Nikko Reed","CB","Oregon",2025,NA,NA,"undrafted",257,"undrafted - proj undrafted"
"4615",383,"Jordan Oladokun","CB","Bowling Green",2025,NA,NA,"undrafted",257,"undrafted - proj undrafted"
"4616",384,"Rivaldo Fairweather","TE","Auburn",2025,NA,NA,"undrafted",257,"undrafted - proj undrafted"
"4617",385,"Josh Kelly","WR","Texas Tech",2025,NA,NA,"undrafted",257,"undrafted - proj undrafted"
"4618",386,"Joseph Evans","DL","UTSA",2025,NA,NA,"undrafted",257,"undrafted - proj undrafted"
"4619",387,"Desmond Watson","DL","Florida",2025,NA,NA,"undrafted",257,"undrafted - proj undrafted"
"4620",388,"Addison West","IOL","Western Michigan",2025,NA,NA,"undrafted",257,"undrafted - proj undrafted"
"4621",389,"Jordan Williams","OT","Georgia Tech",2025,NA,NA,"undrafted",257,"undrafted - proj undrafted"
"4622",390,"Power Echols","LB","North Carolina",2025,NA,NA,"undrafted",257,"undrafted - proj undrafted"
"4623",391,"Robert McDaniel","S","Jackson State",2025,NA,NA,"undrafted",257,"undrafted - proj undrafted"
"4624",392,"Omari Thomas","DL","Tennessee",2025,NA,NA,"undrafted",257,"undrafted - proj undrafted"
"4625",393,"Alex Mastromanno","P","Florida State",2025,NA,NA,"undrafted",257,"undrafted - proj undrafted"
"4626",394,"Xavier Carlton","EDGE","California",2025,NA,NA,"undrafted",257,"undrafted - proj undrafted"
"4627",395,"Paris Shand","DL","LSU",2025,NA,NA,"undrafted",257,"undrafted - proj undrafted"
"4628",396,"Silas Bolden","WR","Texas",2025,NA,NA,"undrafted",257,"undrafted - proj undrafted"
"4629",397,"Debo Williams","LB","South Carolina",2025,NA,NA,"undrafted",257,"undrafted - proj undrafted"
"4630",398,"Elijah Alston","EDGE","Miami (FL)",2025,NA,NA,"undrafted",257,"undrafted - proj undrafted"
"4631",399,"Octavious Oxendine","DL","Kentucky",2025,NA,NA,"undrafted",257,"undrafted - proj undrafted"
"4632",400,"Tysheem Johnson","S","Oregon",2025,NA,NA,"undrafted",257,"undrafted - proj undrafted"
"4633",401,"Brandon George","LB","Pittsburgh",2025,NA,NA,"undrafted",257,"undrafted - proj undrafted"
"4634",402,"JJ Weaver","EDGE","Kentucky",2025,NA,NA,"undrafted",257,"undrafted - proj undrafted"
"4635",403,"Nash Jones","IOL","Texas State",2025,NA,NA,"undrafted",257,"undrafted - proj undrafted"
"4636",404,"Gus Hartwig","IOL","Purdue",2025,NA,NA,"undrafted",257,"undrafted - proj undrafted"
"4637",405,"Kole Taylor","TE","West Virginia",2025,NA,NA,"undrafted",257,"undrafted - proj undrafted"
"4638",406,"Shamari Simmons","CB","Arizona State",2025,NA,NA,"undrafted",257,"undrafted - proj undrafted"
"4639",407,"Akili Arnold","S","USC",2025,NA,NA,"undrafted",257,"undrafted - proj undrafted"
"4640",408,"Jahdae Walker","WR","Texas A&M",2025,NA,NA,"undrafted",257,"undrafted - proj undrafted"
"4641",409,"Matt Jones","LB","Baylor",2025,NA,NA,"undrafted",257,"undrafted - proj undrafted"
"4642",410,"Taylor Elgersma","QB","Wilfrid Laurier",2025,NA,NA,"undrafted",257,"undrafted - proj undrafted"
"4643",411,"Ben Sauls","K","Pittsburgh",2025,NA,NA,"undrafted",257,"undrafted - proj undrafted"
"4644",412,"Nick Kubitz","LB","North Dakota State",2025,NA,NA,"undrafted",257,"undrafted - proj undrafted"
"4645",413,"Tamuarion Wilson","LB","Central Arkansas",2025,NA,NA,"undrafted",257,"undrafted - proj undrafted"
"4646",414,"Wande Owens","S","New Hampshire",2025,NA,NA,"undrafted",257,"undrafted - proj undrafted"
"4647",415,"Marcus Bryant","OT","Missouri",2025,"00-0040226",7,"220",257,"195"
"4648",416,"Michael Ford","IOL","Kansas",2025,NA,NA,"undrafted",257,"undrafted - proj undrafted"
"4649",417,"Amin Vanover","EDGE","Penn State",2025,NA,NA,"undrafted",257,"undrafted - proj undrafted"
"4650",418,"Quentin Skinner","WR","Kansas",2025,NA,NA,"undrafted",257,"undrafted - proj undrafted"
"4651",419,"Johnathan Edwards","CB","Tulane",2025,NA,NA,"undrafted",257,"undrafted - proj undrafted"
"4652",420,"Garmon Randolph","EDGE","Baylor",2025,NA,NA,"undrafted",257,"undrafted - proj undrafted"
"4653",421,"Zemaiah Vaughn","CB","Utah",2025,NA,NA,"undrafted",257,"undrafted - proj undrafted"
"4654",422,"Jordan Clark","S","Notre Dame",2025,NA,NA,"undrafted",257,"undrafted - proj undrafted"
"4655",423,"Andre Jefferson","DL","Lenoir-Rhyne",2025,NA,NA,"undrafted",257,"undrafted - proj undrafted"
"4656",424,"Chris Tyree","WR","Virginia",2025,NA,NA,"undrafted",257,"undrafted - proj undrafted"
"4657",425,"Kelly Akharaiyi","WR","Mississippi State",2025,NA,NA,"undrafted",257,"undrafted - proj undrafted"
"4658",426,"Jacob Gideon","IOL","Western Michigan",2025,NA,NA,"undrafted",257,"undrafted - proj undrafted"
"4659",427,"Kai Kroeger","P","South Carolina",2025,NA,NA,"undrafted",257,"undrafted - proj undrafted"
"4660",428,"Dvon J-Thomas","DL","Penn State",2025,NA,NA,"undrafted",257,"undrafted - proj undrafted"
"4661",429,"James Carpenter","DL","Indiana",2025,NA,NA,"undrafted",257,"undrafted - proj undrafted"
"4662",430,"Joey Hobert","WR","Texas State",2025,NA,NA,"undrafted",257,"undrafted - proj undrafted"
"4663",431,"JP Richardson","WR","TCU",2025,NA,NA,"undrafted",257,"undrafted - proj undrafted"
"4664",432,"Ulysses Bentley","RB","Mississippi",2025,NA,NA,"undrafted",257,"undrafted - proj undrafted"
"4665",433,"Donovan Smith","QB","Houston",2025,NA,NA,"undrafted",257,"undrafted - proj undrafted"
"4666",434,"Mason Richman","OT","Iowa",2025,"00-0040652",7,"234",257,"200"
"4667",435,"Greg Penn","LB","LSU",2025,NA,NA,"undrafted",257,"undrafted - proj undrafted"
"4668",436,"Maddux Trujillo","K","Temple",2025,NA,NA,"undrafted",257,"undrafted - proj undrafted"
"4669",437,"Donte Kent","CB","Central Michigan",2025,"00-0040232",7,"229",257,"208"
"4670",438,"Ricky Barber","DL","UCF",2025,NA,NA,"undrafted",257,"undrafted - proj undrafted"
"4671",439,"Aydan White","CB","NC State",2025,NA,NA,"undrafted",257,"undrafted - proj undrafted"
"4672",440,"DEryk Jackson","LB","Kentucky",2025,NA,NA,"undrafted",257,"undrafted - proj undrafted"
"4673",441,"Dymere Miller","WR","Rutgers",2025,NA,NA,"undrafted",257,"undrafted - proj undrafted"
"4674",442,"Jakob Robinson","S","BYU",2025,NA,NA,"undrafted",257,"undrafted - proj undrafted"
"4675",443,"Major Burns","S","LSU",2025,NA,NA,"undrafted",257,"undrafted - proj undrafted"
"4676",444,"Jasheen Davis","EDGE","Wake Forest",2025,NA,NA,"undrafted",257,"undrafted - proj undrafted"
"4677",445,"Mario Williams","WR","Tulane",2025,NA,NA,"undrafted",257,"undrafted - proj undrafted"
"4678",446,"ShunDerrick Powell","RB","Central Arkansas",2025,NA,NA,"undrafted",257,"undrafted - proj undrafted"
"4679",447,"Dalevon Campbell","WR","South Carolina",2025,NA,NA,"undrafted",257,"undrafted - proj undrafted"
"4680",448,"Kendall Bohler","CB","Florida A&M",2025,NA,NA,"undrafted",257,"undrafted - proj undrafted"
"4681",449,"Syrus Webster","EDGE","Washington State",2025,NA,NA,"undrafted",257,"undrafted - proj undrafted"
"4682",450,"Danny Striggow","EDGE","Minnesota",2025,NA,NA,"undrafted",257,"undrafted - proj undrafted"
"4683",451,"Dontae Manning","CB","Oregon",2025,NA,NA,"undrafted",257,"undrafted - proj undrafted"
"4684",452,"Carter Runyon","TE","Towson",2025,NA,NA,"undrafted",257,"undrafted - proj undrafted"
"4685",453,"Marlowe Wax","LB","Syracuse",2025,NA,NA,"undrafted",257,"undrafted - proj undrafted"
"4686",454,"Alex Huntley","DL","South Carolina",2025,NA,NA,"undrafted",257,"undrafted - proj undrafted"
"4687",455,"Bryan Addison","S","UCLA",2025,NA,NA,"undrafted",257,"undrafted - proj undrafted"
"4688",456,"Jack Conley","IOL","Boston College",2025,NA,NA,"undrafted",257,"undrafted - proj undrafted"
"4689",457,"Sal Wormley","IOL","Penn State",2025,NA,NA,"undrafted",257,"undrafted - proj undrafted"
"4690",458,"Deshawn Pace","S","UCF",2025,NA,NA,"undrafted",257,"undrafted - proj undrafted"
"4691",459,"RJ Moten","S","Florida",2025,NA,NA,"undrafted",257,"undrafted - proj undrafted"
"4692",460,"Dartanyan Tinsley","IOL","Cincinnati",2025,NA,NA,"undrafted",257,"undrafted - proj undrafted"
"4693",461,"Gareth Warren","IOL","Lindenwood",2025,NA,NA,"undrafted",257,"undrafted - proj undrafted"
"4694",462,"Jack Henderson","S","Minnesota",2025,NA,NA,"undrafted",257,"undrafted - proj undrafted"
"4695",463,"Nate Matlack","EDGE","Pittsburgh",2025,NA,NA,"undrafted",257,"undrafted - proj undrafted"
"4696",464,"Chico Bennett","LB","Virginia",2025,NA,NA,"undrafted",257,"undrafted - proj undrafted"
"4697",465,"Aiden Williams","IOL","Minnesota Duluth",2025,NA,NA,"undrafted",257,"undrafted - proj undrafted"
"4698",466,"Cooper Mays","IOL","Tennessee",2025,NA,NA,"undrafted",257,"undrafted - proj undrafted"
"4699",467,"Mark Redman","TE","Louisville",2025,NA,NA,"undrafted",257,"undrafted - proj undrafted"
"4700",468,"Zion Childress","S","Kentucky",2025,NA,NA,"undrafted",257,"undrafted - proj undrafted"
"4701",469,"Kristian Williams","DL","Missouri",2025,NA,NA,"undrafted",257,"undrafted - proj undrafted"
"4702",470,"Dennis Briggs","DL","Illinois",2025,NA,NA,"undrafted",257,"undrafted - proj undrafted"
"4703",471,"Seth Coleman","EDGE","Illinois",2025,NA,NA,"undrafted",257,"undrafted - proj undrafted"
"4704",472,"Marcus Harper","IOL","Oregon",2025,NA,NA,"undrafted",257,"undrafted - proj undrafted"
"4705",473,"Jahfari Harvey","EDGE","SMU",2025,NA,NA,"undrafted",257,"undrafted - proj undrafted"
"4706",474,"Jestin Jacobs","LB","Oregon",2025,NA,NA,"undrafted",257,"undrafted - proj undrafted"
"4707",475,"Davin Vann","DL","NC State",2025,NA,NA,"undrafted",257,"undrafted - proj undrafted"
"4708",476,"Collin Schlee","QB","Virginia Tech",2025,NA,NA,"undrafted",257,"undrafted - proj undrafted"
"4709",477,"CamRon Silmon Craig","S","Colorado",2025,NA,NA,"undrafted",257,"undrafted - proj undrafted"
"4710",478,"Micah Bernard","RB","Utah",2025,NA,NA,"undrafted",257,"undrafted - proj undrafted"
"4711",479,"Noah Martin","LB","Samford",2025,NA,NA,"undrafted",257,"undrafted - proj undrafted"
"4712",480,"Jahmal Banks","WR","Nebraska",2025,NA,NA,"undrafted",257,"undrafted - proj undrafted"
"4713",481,"Joe Michalski","IOL","Oklahoma State",2025,NA,NA,"undrafted",257,"undrafted - proj undrafted"
"4714",482,"Tre Stewart","RB","Jacksonville State",2025,NA,NA,"undrafted",257,"undrafted - proj undrafted"
"4715",483,"Xavier Guillory","WR","Arizona State",2025,NA,NA,"undrafted",257,"undrafted - proj undrafted"
"4716",484,"JR Singleton","DL","Iowa State",2025,NA,NA,"undrafted",257,"undrafted - proj undrafted"
"4717",485,"Xzavier Henderson","WR","Cincinnati",2025,NA,NA,"undrafted",257,"undrafted - proj undrafted"
"4718",486,"Anthony Landphere","TE","Memphis",2025,NA,NA,"undrafted",257,"undrafted - proj undrafted"
"4719",487,"Quinn Schulte","S","Iowa",2025,NA,NA,"undrafted",257,"undrafted - proj undrafted"
"4720",488,"Josh Williams","RB","LSU",2025,NA,NA,"undrafted",257,"undrafted - proj undrafted"
"4721",489,"Eddie Czaplicki","P","USC",2025,NA,NA,"undrafted",257,"undrafted - proj undrafted"
"4722",490,"Winston Wright","WR","East Carolina",2025,NA,NA,"undrafted",257,"undrafted - proj undrafted"
"4723",491,"Valentin Senn","OT","UConn",2025,NA,NA,"undrafted",257,"undrafted - proj undrafted"
"4724",492,"Kenneth Almendares","K","Louisiana-Lafayette",2025,NA,NA,"undrafted",257,"undrafted - proj undrafted"
"4725",493,"Gaethan Bernadel","LB","Stanford",2025,NA,NA,"undrafted",257,"undrafted - proj undrafted"
"4726",494,"Aaron Smith","LB","South Carolina State",2025,NA,NA,"undrafted",257,"undrafted - proj undrafted"
"4727",495,"Aubrey Burks","S","West Virginia",2025,NA,NA,"undrafted",257,"undrafted - proj undrafted"
"4728",496,"Mose Vavao","IOL","Fresno State",2025,NA,NA,"undrafted",257,"undrafted - proj undrafted"
"4729",497,"David Gbenda","LB","Texas",2025,NA,NA,"undrafted",257,"undrafted - proj undrafted"
"4730",498,"DeRickey Wright","S","Vanderbilt",2025,NA,NA,"undrafted",257,"undrafted - proj undrafted"
"4731",499,"Keenan Pili","LB","Tennessee",2025,NA,NA,"undrafted",257,"undrafted - proj undrafted"
"4732",500,"Jonah Monheim","IOL","USC",2025,"00-0040227",7,"221",257,"279"
"4733",501,"Monaray Baldwin","WR","Baylor",2025,NA,NA,"undrafted",257,"undrafted - proj undrafted"
"4734",502,"Glendon Miller","S","Maryland",2025,NA,NA,"undrafted",257,"undrafted - proj undrafted"
"4735",503,"Marques Cox","OT","Kentucky",2025,NA,NA,"undrafted",257,"undrafted - proj undrafted"
"4736",505,"Davonte Brown","CB","Florida State",2025,NA,NA,"undrafted",257,"undrafted - proj undrafted"
"4737",506,"Jerjuan Newton","WR","Toledo",2025,NA,NA,"undrafted",257,"undrafted - proj undrafted"
"4738",507,"Malcolm Ray","DL","Rutgers",2025,NA,NA,"undrafted",257,"undrafted - proj undrafted"
"4739",508,"Woodi Washington","CB","Oklahoma",2025,NA,NA,"undrafted",257,"undrafted - proj undrafted"
"4740",509,"Greedy Vance","CB","USC",2025,NA,NA,"undrafted",257,"undrafted - proj undrafted"
"4741",510,"Moose Muhammad","WR","Texas A&M",2025,NA,NA,"undrafted",257,"undrafted - proj undrafted"
"4742",511,"Payton Thorne","QB","Auburn",2025,NA,NA,"undrafted",257,"undrafted - proj undrafted"
"4743",512,"Jared Penning","OT","Northern Iowa",2025,NA,NA,"undrafted",257,"undrafted - proj undrafted"
"4744",513,"KJ Jefferson","QB","UCF",2025,NA,NA,"undrafted",257,"undrafted - proj undrafted"
"4745",514,"Brock Lampe","RB","Northern Illinois",2025,NA,NA,"undrafted",257,"undrafted - proj undrafted"
"4746",515,"Ethan Garbers","QB","UCLA",2025,NA,NA,"undrafted",257,"undrafted - proj undrafted"
"4747",516,"Anthony Watkins","RB","Tulsa",2025,NA,NA,"undrafted",257,"undrafted - proj undrafted"
"4748",517,"Brayden Keim","OT","BYU",2025,NA,NA,"undrafted",257,"undrafted - proj undrafted"
"4749",518,"Jacob Gardner","IOL","Colorado State",2025,NA,NA,"undrafted",257,"undrafted - proj undrafted"
"4750",519,"Amari Kight","OT","UCF",2025,NA,NA,"undrafted",257,"undrafted - proj undrafted"
"4751",520,"Nick Kallerup","TE","Minnesota",2025,NA,NA,"undrafted",257,"undrafted - proj undrafted"
"4752",521,"Ty Wise","LB","Miami (OH)",2025,NA,NA,"undrafted",257,"undrafted - proj undrafted"
"4753",522,"Austin Brinkman","LS","West Virginia",2025,NA,NA,"undrafted",257,"undrafted - proj undrafted"
"4754",523,"Elijah Williams","DL","Morgan State",2025,NA,NA,"undrafted",257,"undrafted - proj undrafted"
"4755",524,"Cameron Oliver","CB","UNLV",2025,NA,NA,"undrafted",257,"undrafted - proj undrafted"
"4756",525,"Brian Stevens","IOL","Virginia",2025,NA,NA,"undrafted",257,"undrafted - proj undrafted"
"4757",526,"Josh Priebe","IOL","Michigan",2025,NA,NA,"undrafted",257,"undrafted - proj undrafted"
"4758",527,"Brendan Mott","EDGE","Kansas State",2025,NA,NA,"undrafted",257,"undrafted - proj undrafted"
"4759",528,"Tyron Herring","CB","Delaware",2025,NA,NA,"undrafted",257,"undrafted - proj undrafted"
"4760",529,"Kam Alexander","CB","Oregon",2025,NA,NA,"undrafted",257,"undrafted - proj undrafted"
"4761",530,"Bryce Benhart","OT","Nebraska",2025,NA,NA,"undrafted",257,"undrafted - proj undrafted"
"4762",531,"Adam Bock","LB","South Dakota State",2025,NA,NA,"undrafted",257,"undrafted - proj undrafted"
"4763",532,"Cam Lockridge","CB","Fresno State",2025,NA,NA,"undrafted",257,"undrafted - proj undrafted"
"4764",533,"Quinton Cooley","RB","Liberty",2025,NA,NA,"undrafted",257,"undrafted - proj undrafted"
"4765",534,"Warren Burrell","CB","Georgia Tech",2025,NA,NA,"undrafted",257,"undrafted - proj undrafted"
"4766",535,"Nick Jackson","LB","Iowa",2025,NA,NA,"undrafted",257,"undrafted - proj undrafted"
"4767",536,"Nofoafia Tulafono","IOL","Wyoming",2025,NA,NA,"undrafted",257,"undrafted - proj undrafted"
"4768",537,"Jacquez Stuart","RB","Toledo",2025,NA,NA,"undrafted",257,"undrafted - proj undrafted"
"4769",538,"William Wagner","LS","Michigan",2025,NA,NA,"undrafted",257,"undrafted - proj undrafted"
"4770",539,"CJ Taylor","S","Vanderbilt",2025,NA,NA,"undrafted",257,"undrafted - proj undrafted"
"4771",540,"BJ Mayes","CB","Texas A&M",2025,NA,NA,"undrafted",257,"undrafted - proj undrafted"
"4772",541,"Garrett Greene","QB","West Virginia",2025,NA,NA,"undrafted",257,"undrafted - proj undrafted"
"4773",542,"Trey Rucker","S","Oklahoma State",2025,NA,NA,"undrafted",257,"undrafted - proj undrafted"
"4774",544,"Sulaiman Kpaka","DL","Mississippi State",2025,NA,NA,"undrafted",257,"undrafted - proj undrafted"
"4775",545,"Seyi Oladipo","S","Boise State",2025,NA,NA,"undrafted",257,"undrafted - proj undrafted"
"4776",546,"Shaquan Loyal","S","Rutgers",2025,NA,NA,"undrafted",257,"undrafted - proj undrafted"
"4777",547,"DeBraylon Carroll","DL","Texas Tech",2025,NA,NA,"undrafted",257,"undrafted - proj undrafted"
"4778",548,"Malik Dixon-Williams","S","UConn",2025,NA,NA,"undrafted",257,"undrafted - proj undrafted"
"4779",549,"Montorie Foster","WR","Michigan State",2025,NA,NA,"undrafted",257,"undrafted - proj undrafted"
"4780",550,"NayQuan Wright","RB","South Florida",2025,NA,NA,"undrafted",257,"undrafted - proj undrafted"
"4781",551,"Zeke Correll","IOL","NC State",2025,NA,NA,"undrafted",257,"undrafted - proj undrafted"
"4782",553,"Carlin Vigers","CB","Louisiana-Monroe",2025,NA,NA,"undrafted",257,"undrafted - proj undrafted"
"4783",554,"Joey Slackman","DL","Florida",2025,NA,NA,"undrafted",257,"undrafted - proj undrafted"
"4784",555,"DJ Uiagalelei","QB","Florida State",2025,NA,NA,"undrafted",257,"undrafted - proj undrafted"
"4785",557,"Connor OToole","EDGE","Utah",2025,NA,NA,"undrafted",257,"undrafted - proj undrafted"
"4786",558,"Easton Mascarenas-Arnold","LB","USC",2025,NA,NA,"undrafted",257,"undrafted - proj undrafted"
"4787",559,"Kenyatta Watson","S","Georgia State",2025,NA,NA,"undrafted",257,"undrafted - proj undrafted"
"4788",560,"DJ Lundy","LB","Florida State",2025,NA,NA,"undrafted",257,"undrafted - proj undrafted"
"4789",561,"Terrell Dawkins","EDGE","North Texas",2025,NA,NA,"undrafted",257,"undrafted - proj undrafted"
"4790",562,"Kamren Fabiculanan","S","Washington",2025,NA,NA,"undrafted",257,"undrafted - proj undrafted"
"4791",563,"Tahveon Nicholson","S","Louisville",2025,NA,NA,"undrafted",257,"undrafted - proj undrafted"
"4792",564,"Corey Dyches","TE","California",2025,NA,NA,"undrafted",257,"undrafted - proj undrafted"
"4793",565,"DeCorian Clark","WR","UTSA",2025,NA,NA,"undrafted",257,"undrafted - proj undrafted"
"4794",566,"Hudson Clark","S","Arkansas",2025,NA,NA,"undrafted",257,"undrafted - proj undrafted"
"4795",568,"John Pius","EDGE","Wisconsin",2025,NA,NA,"undrafted",257,"undrafted - proj undrafted"
"4796",571,"Kobe Savage","S","Oregon",2025,NA,NA,"undrafted",257,"undrafted - proj undrafted"
"4797",584,"Morice Blackwell","LB","Texas",2025,NA,NA,"undrafted",257,"undrafted - proj undrafted"
"4798",585,"Devin Kirkwood","CB","UCLA",2025,NA,NA,"undrafted",257,"undrafted - proj undrafted"
"4799",587,"Juan Davis","TE","Texas",2025,NA,NA,"undrafted",257,"undrafted - proj undrafted"
"4800",588,"Caiden Woullard","EDGE","Oklahoma",2025,NA,NA,"undrafted",257,"undrafted - proj undrafted"
"4801",589,"Dorian Singer","WR","Utah",2025,NA,NA,"undrafted",257,"undrafted - proj undrafted"
"4802",590,"Antario Brown","RB","Northern Illinois",2025,NA,NA,"undrafted",257,"undrafted - proj undrafted"
"4803",591,"Jack Howell","S","Colorado State",2025,NA,NA,"undrafted",257,"undrafted - proj undrafted"
"4804",592,"Sebastian Valdez","DL","Washington",2025,NA,NA,"undrafted",257,"undrafted - proj undrafted"
"4805",593,"Roderick Brown","DL","North Texas",2025,NA,NA,"undrafted",257,"undrafted - proj undrafted"
"4806",594,"Julian Fleming","WR","Penn State",2025,NA,NA,"undrafted",257,"undrafted - proj undrafted"
"4807",596,"Hudson Card","QB","Purdue",2025,NA,NA,"undrafted",257,"undrafted - proj undrafted"
"4808",597,"Jerrin Thompson","S","Auburn",2025,NA,NA,"undrafted",257,"undrafted - proj undrafted"
"4809",598,"Peny Boone","RB","UCF",2025,NA,NA,"undrafted",257,"undrafted - proj undrafted"
"4810",599,"Desmond Evans","EDGE","North Carolina",2025,NA,NA,"undrafted",257,"undrafted - proj undrafted"
"4811",600,"Gee Scott","TE","Ohio State",2025,NA,NA,"undrafted",257,"undrafted - proj undrafted"
"4812",601,"Jalen Kimber","CB","Penn State",2025,NA,NA,"undrafted",257,"undrafted - proj undrafted"
"4813",602,"Malik Hornsby","WR","Arkansas State",2025,NA,NA,"undrafted",257,"undrafted - proj undrafted"
"4814",603,"Ruben Hyppolite","LB","Maryland",2025,"00-0040167",4,"132",257,"471"
"4815",605,"Nate McCollum","WR","North Carolina",2025,NA,NA,"undrafted",257,"undrafted - proj undrafted"
"4816",606,"Ladarius Tennison","S","UCF",2025,NA,NA,"undrafted",257,"undrafted - proj undrafted"
"4817",607,"MJ Sherman","LB","Nebraska",2025,NA,NA,"undrafted",257,"undrafted - proj undrafted"
"4818",608,"Jayson Jones","DL","Auburn",2025,NA,NA,"undrafted",257,"undrafted - proj undrafted"
"4819",609,"Money Parks","WR","Utah",2025,NA,NA,"undrafted",257,"undrafted - proj undrafted"
"4820",610,"Khari Coleman","EDGE","Mississippi",2025,NA,NA,"undrafted",257,"undrafted - proj undrafted"
"4821",611,"Vershon Lee","IOL","South Carolina",2025,NA,NA,"undrafted",257,"undrafted - proj undrafted"
"4822",612,"Kaden Moore","IOL","Virginia Tech",2025,NA,NA,"undrafted",257,"undrafted - proj undrafted"
"4823",613,"Jaheim Thomas","LB","Wisconsin",2025,NA,NA,"undrafted",257,"undrafted - proj undrafted"
"4824",614,"Will Rogers","QB","Washington",2025,NA,NA,"undrafted",257,"undrafted - proj undrafted"
"4825",615,"Robert Scott","OT","Florida State",2025,NA,NA,"undrafted",257,"undrafted - proj undrafted"
"4826",616,"Ty French","EDGE","West Virginia",2025,NA,NA,"undrafted",257,"undrafted - proj undrafted"
"4827",617,"Kobe Pace","RB","Virginia",2025,NA,NA,"undrafted",257,"undrafted - proj undrafted"
"4828",619,"Jalen White","RB","Georgia Southern",2025,NA,NA,"undrafted",257,"undrafted - proj undrafted"
"4829",620,"Cal Haladay","LB","Michigan State",2025,NA,NA,"undrafted",257,"undrafted - proj undrafted"
"4830",621,"Brandon Thomas","RB","Memphis",2025,NA,NA,"undrafted",257,"undrafted - proj undrafted"
"4831",622,"Gerald Mincey","OT","Kentucky",2025,NA,NA,"undrafted",257,"undrafted - proj undrafted"
"4832",623,"Henry Blackburn","S","Colorado State",2025,NA,NA,"undrafted",257,"undrafted - proj undrafted"
"4833",624,"Aaron Lewis","EDGE","Rutgers",2025,NA,NA,"undrafted",257,"undrafted - proj undrafted"
"4834",625,"Mason Cobb","LB","USC",2025,NA,NA,"undrafted",257,"undrafted - proj undrafted"
"4835",626,"Lawrance Toafili","RB","Florida State",2025,NA,NA,"undrafted",257,"undrafted - proj undrafted"
"4836",627,"Deontae Craig","DL","Iowa",2025,NA,NA,"undrafted",257,"undrafted - proj undrafted"
"4837",628,"LaMiles Brooks","S","Georgia Tech",2025,NA,NA,"undrafted",257,"undrafted - proj undrafted"
"4838",629,"Lawrence Arnold","WR","Kansas",2025,NA,NA,"undrafted",257,"undrafted - proj undrafted"
"4839",630,"Nate Noel","RB","Missouri",2025,NA,NA,"undrafted",257,"undrafted - proj undrafted"
"4840",631,"Micah Mazzccua","IOL","Nebraska",2025,NA,NA,"undrafted",257,"undrafted - proj undrafted"
"4841",632,"Gavin Holmes","CB","Texas",2025,NA,NA,"undrafted",257,"undrafted - proj undrafted"
"4842",633,"Marcus Carroll","RB","Missouri",2025,NA,NA,"undrafted",257,"undrafted - proj undrafted"
"4843",634,"Josh Fryar","OT","Ohio State",2025,NA,NA,"undrafted",257,"undrafted - proj undrafted"
"4844",635,"Yam Banks","S","Mississippi",2025,NA,NA,"undrafted",257,"undrafted - proj undrafted"
"4845",636,"Kendy Charles","DL","Duke",2025,NA,NA,"undrafted",257,"undrafted - proj undrafted"
"4846",637,"Nathan Carter","RB","Michigan State",2025,NA,NA,"undrafted",257,"undrafted - proj undrafted"
"4847",638,"Jonah Dalmas","K","Boise State",2025,NA,NA,"undrafted",257,"undrafted - proj undrafted"
"4848",639,"Easton Kilty","OT","Kansas State",2025,NA,NA,"undrafted",257,"undrafted - proj undrafted"
"4849",640,"Anton Juncaj","DL","Arkansas",2025,NA,NA,"undrafted",257,"undrafted - proj undrafted"
"4850",641,"Owen Daffer","K","North Carolina A&T",2025,NA,NA,"undrafted",257,"undrafted - proj undrafted"
"4851",642,"Kyle Morlock","TE","Florida State",2025,NA,NA,"undrafted",257,"undrafted - proj undrafted"
"4852",643,"Trey Sanders","RB","TCU",2025,NA,NA,"undrafted",257,"undrafted - proj undrafted"
"4853",644,"Jacob Bandes","DL","Washington",2025,NA,NA,"undrafted",257,"undrafted - proj undrafted"
"4854",645,"Connor Bazelak","QB","Bowling Green",2025,NA,NA,"undrafted",257,"undrafted - proj undrafted"
"4855",646,"Patrick Herbert","TE","Oregon",2025,NA,NA,"undrafted",257,"undrafted - proj undrafted"
"4856",647,"Khris Bogle","EDGE","Michigan State",2025,NA,NA,"undrafted",257,"undrafted - proj undrafted"
"4857",648,"Frank Ladson","WR","UMass",2025,NA,NA,"undrafted",257,"undrafted - proj undrafted"
"4858",649,"Bill Norton","DL","Texas",2025,NA,NA,"undrafted",257,"undrafted - proj undrafted"
"4859",650,"Hank Bachmeier","QB","Wake Forest",2025,NA,NA,"undrafted",257,"undrafted - proj undrafted"
"4860",651,"David Spaulding","CB","South Carolina",2025,NA,NA,"undrafted",257,"undrafted - proj undrafted"
"4861",652,"Maurice Smith","IOL","Florida State",2025,NA,NA,"undrafted",257,"undrafted - proj undrafted"
"4862",653,"Luke Felix-Fualalo","OT","Hawaii",2025,NA,NA,"undrafted",257,"undrafted - proj undrafted"
"4863",654,"Justin Ball","TE","Mississippi State",2025,NA,NA,"undrafted",257,"undrafted - proj undrafted"
"4864",655,"Treshaun Ward","RB","Boston College",2025,NA,NA,"undrafted",257,"undrafted - proj undrafted"
"4865",656,"Darius Washington","IOL","Florida State",2025,NA,NA,"undrafted",257,"undrafted - proj undrafted"
"4866",657,"Jonathan Mendoza","OT","Louisville",2025,NA,NA,"undrafted",257,"undrafted - proj undrafted"
"4867",658,"Jeremiah Byers","IOL","Florida State",2025,NA,NA,"undrafted",257,"undrafted - proj undrafted"
"4868",659,"Brian Ugwu","EDGE","Miami (OH)",2025,NA,NA,"undrafted",257,"undrafted - proj undrafted"
"4869",660,"Trace Ford","EDGE","Oklahoma",2025,NA,NA,"undrafted",257,"undrafted - proj undrafted"
"4870",661,"Kris Mitchell","WR","Notre Dame",2025,NA,NA,"undrafted",257,"undrafted - proj undrafted"
"4871",662,"Chase Lane","WR","Georgia Tech",2025,NA,NA,"undrafted",257,"undrafted - proj undrafted"
"4872",663,"Brett Gabbert","QB","Miami (OH)",2025,NA,NA,"undrafted",257,"undrafted - proj undrafted"
"4873",664,"Tyrone Broden","WR","Arkansas",2025,NA,NA,"undrafted",257,"undrafted - proj undrafted"
"4874",665,"Dante Cephas","WR","Kansas State",2025,NA,NA,"undrafted",257,"undrafted - proj undrafted"
"4875",666,"Trikweze Bridges","S","Florida",2025,"00-0040251",7,"256",257,"410"
"4876",667,"Melquan Stovall","WR","Arizona State",2025,NA,NA,"undrafted",257,"undrafted - proj undrafted"
"4877",668,"Nate Clifton","DL","USC",2025,NA,NA,"undrafted",257,"undrafted - proj undrafted"
"4878",669,"Ali Jennings","WR","Virginia Tech",2025,NA,NA,"undrafted",257,"undrafted - proj undrafted"
"4879",670,"Jordan Waters","RB","NC State",2025,NA,NA,"undrafted",257,"undrafted - proj undrafted"
"4880",671,"Jacob Dobbs","LB","Holy Cross",2025,NA,NA,"undrafted",257,"undrafted - proj undrafted"
"4881",672,"Johnny Hodges","LB","TCU",2025,NA,NA,"undrafted",257,"undrafted - proj undrafted"
"4882",673,"Casey Thompson","QB","Oklahoma",2025,NA,NA,"undrafted",257,"undrafted - proj undrafted"
"4883",674,"Gerry Bohanon","QB","BYU",2025,NA,NA,"undrafted",257,"undrafted - proj undrafted"
"4884",675,"Jacob Mangum-Farrar","LB","Indiana",2025,NA,NA,"undrafted",257,"undrafted - proj undrafted"
"4885",676,"Spencer Petras","QB","Utah State",2025,NA,NA,"undrafted",257,"undrafted - proj undrafted"
"4886",677,"Jermayne Lole","DL","Texas",2025,NA,NA,"undrafted",257,"undrafted - proj undrafted"
"4887",678,"Kam Butler","EDGE","Virginia",2025,NA,NA,"undrafted",257,"undrafted - proj undrafted"
"4888",679,"John Campbell","OT","Tennessee",2025,NA,NA,"undrafted",257,"undrafted - proj undrafted"
"4889",680,"Campbell Barrington","OT","Baylor",2025,NA,NA,"undrafted",257,"undrafted - proj undrafted"
"4890",681,"Alan Bowman","QB","Oklahoma State",2025,NA,NA,"undrafted",257,"undrafted - proj undrafted"
"4891",682,"Connor Pay","IOL","BYU",2025,NA,NA,"undrafted",257,"undrafted - proj undrafted"
"4892",683,"Jordan McCloud","QB","Texas State",2025,NA,NA,"undrafted",257,"undrafted - proj undrafted"
"4893",684,"Abdul-Fatai Ibrahim","WR","Louisiana Tech",2025,NA,NA,"undrafted",257,"undrafted - proj undrafted"
"4894",685,"Justin Wright","LB","Oklahoma State",2025,NA,NA,"undrafted",257,"undrafted - proj undrafted"
"4895",686,"Nick Kidwell","IOL","Indiana",2025,NA,NA,"undrafted",257,"undrafted - proj undrafted"
"4896",687,"Ty Son Lawton","RB","Indiana",2025,NA,NA,"undrafted",257,"undrafted - proj undrafted"
"4897",688,"Chantz Williams","EDGE","Charlotte",2025,NA,NA,"undrafted",257,"undrafted - proj undrafted"
"4898",689,"Chidozie Nwankwo","DL","Colorado",2025,NA,NA,"undrafted",257,"undrafted - proj undrafted"
"4899",690,"Aamir Hall","CB","Michigan",2025,NA,NA,"undrafted",257,"undrafted - proj undrafted"
"4900",691,"Corey Rucker","WR","Arkansas State",2025,NA,NA,"undrafted",257,"undrafted - proj undrafted"
"4901",692,"Clarence Lewis","CB","Syracuse",2025,NA,NA,"undrafted",257,"undrafted - proj undrafted"
"4902",693,"Daylan Dotson","EDGE","UCF",2025,NA,NA,"undrafted",257,"undrafted - proj undrafted"
"4903",694,"Maliq Carr","TE","Houston",2025,NA,NA,"undrafted",257,"undrafted - proj undrafted"
"4904",696,"Daryl Porter","CB","Miami (FL)",2025,NA,NA,"undrafted",257,"undrafted - proj undrafted"
"4905",697,"Colin Ramos","LB","Navy",2025,NA,NA,"undrafted",257,"undrafted - proj undrafted"
"4906",698,"Jelani Stafford","DL","UConn",2025,NA,NA,"undrafted",257,"undrafted - proj undrafted"
"4907",699,"Caden Davis","K","Mississippi",2025,NA,NA,"undrafted",257,"undrafted - proj undrafted"
"4908",700,"Henry Parrish","RB","Mississippi",2025,NA,NA,"undrafted",257,"undrafted - proj undrafted"
"4909",701,"Brennan Presley","WR","Oklahoma State",2025,NA,NA,"undrafted",257,"undrafted - proj undrafted"
"4910",702,"Ryan Hanson","P","James Madison",2025,NA,NA,"undrafted",257,"undrafted - proj undrafted"
"4911",703,"Coziah Izzard","DL","Penn State",2025,NA,NA,"undrafted",257,"undrafted - proj undrafted"
"4912",704,"Keenan Garber","CB","Kansas State",2025,NA,NA,"undrafted",257,"undrafted - proj undrafted"
"4913",705,"Andrew Henry","RB","New Mexico",2025,NA,NA,"undrafted",257,"undrafted - proj undrafted"
"4914",706,"Luke Elzinga","P","Oklahoma",2025,NA,NA,"undrafted",257,"undrafted - proj undrafted"
"4915",708,"Blayne Taylor","WR","Abilene Christian",2025,NA,NA,"undrafted",257,"undrafted - proj undrafted"
"4916",709,"Mike Smith","S","Eastern Kentucky",2025,NA,NA,"undrafted",257,"undrafted - proj undrafted"
"4917",710,"Brent Matiscik","LS","TCU",2025,NA,NA,"undrafted",257,"undrafted - proj undrafted"
"4918",711,"Ethan Robinson","S","Minnesota",2025,NA,NA,"undrafted",257,"undrafted - proj undrafted"
"4919",712,"JJ Galbreath","TE","South Dakota",2025,NA,NA,"undrafted",257,"undrafted - proj undrafted"
"4920",715,"Junior Bergen","WR","Montana",2025,"00-0040247",7,"252",257,"463"
"4921",716,"Micah Robinson","CB","Tulane",2025,"00-0040020",7,"237",257,"479"
"4922",717,"Caleb Lohner","TE","Utah",2025,"00-0040240",7,"241",257,"476"
"4923",718,"Kobee Minor","S","Memphis",2025,"00-0040252",7,"257",257,"461"
"4924",719,"Julian Ashby","LS","Vanderbilt",2025,"00-0040246",7,"251",257,"468"
"4925",1,"Fernando Mendoza","QB","Indiana",2026,NA,NA,"undrafted",257,"undrafted - proj drafted"
"4926",2,"Arvell Reese","LB","Ohio State",2026,NA,NA,"undrafted",257,"undrafted - proj drafted"
"4927",3,"David Bailey","EDGE","Texas Tech",2026,NA,NA,"undrafted",257,"undrafted - proj drafted"
"4928",4,"Jeremiyah Love","RB","Notre Dame",2026,NA,NA,"undrafted",257,"undrafted - proj drafted"
"4929",5,"Francis Mauigoa","OT","Miami (FL)",2026,NA,NA,"undrafted",257,"undrafted - proj drafted"
"4930",6,"Sonny Styles","LB","Ohio State",2026,NA,NA,"undrafted",257,"undrafted - proj drafted"
"4931",7,"Rueben Bain","EDGE","Miami (FL)",2026,NA,NA,"undrafted",257,"undrafted - proj drafted"
"4932",8,"Carnell Tate","WR","Ohio State",2026,NA,NA,"undrafted",257,"undrafted - proj drafted"
"4933",9,"Caleb Downs","S","Ohio State",2026,NA,NA,"undrafted",257,"undrafted - proj drafted"
"4934",10,"Mansoor Delane","CB","LSU",2026,NA,NA,"undrafted",257,"undrafted - proj drafted"
"4935",11,"Monroe Freeling","OT","Georgia",2026,NA,NA,"undrafted",257,"undrafted - proj drafted"
"4936",12,"Spencer Fano","OT","Utah",2026,NA,NA,"undrafted",257,"undrafted - proj drafted"
"4937",13,"Makai Lemon","WR","USC",2026,NA,NA,"undrafted",257,"undrafted - proj drafted"
"4938",14,"Jermod McCoy","CB","Tennessee",2026,NA,NA,"undrafted",257,"undrafted - proj drafted"
"4939",15,"Jordyn Tyson","WR","Arizona State",2026,NA,NA,"undrafted",257,"undrafted - proj drafted"
"4940",16,"Olaivavega Ioane","IOL","Penn State",2026,NA,NA,"undrafted",257,"undrafted - proj drafted"
"4941",17,"Kenyon Sadiq","TE","Oregon",2026,NA,NA,"undrafted",257,"undrafted - proj drafted"
"4942",18,"Dillon Thieneman","S","Oregon",2026,NA,NA,"undrafted",257,"undrafted - proj drafted"
"4943",19,"Akheem Mesidor","EDGE","Miami (FL)",2026,NA,NA,"undrafted",257,"undrafted - proj drafted"
"4944",20,"Keldric Faulk","EDGE","Auburn",2026,NA,NA,"undrafted",257,"undrafted - proj drafted"
"4945",21,"Kadyn Proctor","OT","Alabama",2026,NA,NA,"undrafted",257,"undrafted - proj drafted"
"4946",22,"Omar Cooper","WR","Indiana",2026,NA,NA,"undrafted",257,"undrafted - proj drafted"
"4947",23,"Emmanuel McNeil-Warren","S","Toledo",2026,NA,NA,"undrafted",257,"undrafted - proj drafted"
"4948",24,"Avieon Terrell","CB","Clemson",2026,NA,NA,"undrafted",257,"undrafted - proj drafted"
"4949",25,"Caleb Lomu","OT","Utah",2026,NA,NA,"undrafted",257,"undrafted - proj drafted"
"4950",26,"TJ Parker","EDGE","Clemson",2026,NA,NA,"undrafted",257,"undrafted - proj drafted"
"4951",27,"Blake Miller","OT","Clemson",2026,NA,NA,"undrafted",257,"undrafted - proj drafted"
"4952",28,"Peter Woods","DL","Clemson",2026,NA,NA,"undrafted",257,"undrafted - proj drafted"
"4953",29,"Kevin Concepcion","WR","Texas A&M",2026,NA,NA,"undrafted",257,"undrafted - proj drafted"
"4954",30,"Ty Simpson","QB","Alabama",2026,NA,NA,"undrafted",257,"undrafted - proj drafted"
"4955",31,"Denzel Boston","WR","Washington",2026,NA,NA,"undrafted",257,"undrafted - proj drafted"
"4956",32,"Kayden McDonald","DL","Ohio State",2026,NA,NA,"undrafted",257,"undrafted - proj drafted"
"4957",33,"CJ Allen","LB","Georgia",2026,NA,NA,"undrafted",257,"undrafted - proj drafted"
"4958",34,"Cashius Howell","EDGE","Texas A&M",2026,NA,NA,"undrafted",257,"undrafted - proj drafted"
"4959",35,"Colton Hood","CB","Tennessee",2026,NA,NA,"undrafted",257,"undrafted - proj drafted"
"4960",36,"Max Iheanachor","OT","Arizona State",2026,NA,NA,"undrafted",257,"undrafted - proj drafted"
"4961",37,"Zion Young","EDGE","Missouri",2026,NA,NA,"undrafted",257,"undrafted - proj drafted"
"4962",38,"Caleb Banks","DL","Florida",2026,NA,NA,"undrafted",257,"undrafted - proj drafted"
"4963",39,"Brandon Cisse","CB","South Carolina",2026,NA,NA,"undrafted",257,"undrafted - proj drafted"
"4964",40,"Emmanuel Pregnon","IOL","Oregon",2026,NA,NA,"undrafted",257,"undrafted - proj drafted"
"4965",41,"Chris Johnson","CB","San Diego State",2026,NA,NA,"undrafted",257,"undrafted - proj drafted"
"4966",42,"Malachi Lawrence","EDGE","UCF",2026,NA,NA,"undrafted",257,"undrafted - proj drafted"
"4967",43,"Chase Bisontis","IOL","Texas A&M",2026,NA,NA,"undrafted",257,"undrafted - proj drafted"
"4968",44,"Jadarian Price","RB","Notre Dame",2026,NA,NA,"undrafted",257,"undrafted - proj drafted"
"4969",45,"Jacob Rodriguez","LB","Texas Tech",2026,NA,NA,"undrafted",257,"undrafted - proj drafted"
"4970",46,"R Mason Thomas","EDGE","Oklahoma",2026,NA,NA,"undrafted",257,"undrafted - proj drafted"
"4971",47,"Christen Miller","DL","Georgia",2026,NA,NA,"undrafted",257,"undrafted - proj drafted"
"4972",48,"Lee Hunter","DL","Texas Tech",2026,NA,NA,"undrafted",257,"undrafted - proj drafted"
"4973",49,"Anthony Hill","LB","Texas",2026,NA,NA,"undrafted",257,"undrafted - proj drafted"
"4974",50,"Gabe Jacas","EDGE","Illinois",2026,NA,NA,"undrafted",257,"undrafted - proj drafted"
"4975",51,"Jake Golday","LB","Cincinnati",2026,NA,NA,"undrafted",257,"undrafted - proj drafted"
"4976",52,"Chris Bell","WR","Louisville",2026,NA,NA,"undrafted",257,"undrafted - proj drafted"
"4977",53,"Eli Stowers","TE","Vanderbilt",2026,NA,NA,"undrafted",257,"undrafted - proj drafted"
"4978",54,"Chris Brazzell","WR","Tennessee",2026,NA,NA,"undrafted",257,"undrafted - proj drafted"
"4979",55,"Dangelo Ponds","CB","Indiana",2026,NA,NA,"undrafted",257,"undrafted - proj drafted"
"4980",56,"Germie Bernard","WR","Alabama",2026,NA,NA,"undrafted",257,"undrafted - proj drafted"
"4981",57,"AJ Haulcy","S","LSU",2026,NA,NA,"undrafted",257,"undrafted - proj drafted"
"4982",58,"Keylan Rutledge","IOL","Georgia Tech",2026,NA,NA,"undrafted",257,"undrafted - proj drafted"
"4983",59,"Derrick Moore","EDGE","Michigan",2026,NA,NA,"undrafted",257,"undrafted - proj drafted"
"4984",60,"Gennings Dunker","OT","Iowa",2026,NA,NA,"undrafted",257,"undrafted - proj drafted"
"4985",61,"Keionte Scott","CB","Miami (FL)",2026,NA,NA,"undrafted",257,"undrafted - proj drafted"
"4986",62,"Josiah Trotter","LB","Missouri",2026,NA,NA,"undrafted",257,"undrafted - proj drafted"
"4987",63,"Treydan Stukes","CB","Arizona",2026,NA,NA,"undrafted",257,"undrafted - proj drafted"
"4988",64,"Zachariah Branch","WR","Georgia",2026,NA,NA,"undrafted",257,"undrafted - proj drafted"
"4989",65,"Caleb Tiernan","OT","Northwestern",2026,NA,NA,"undrafted",257,"undrafted - proj drafted"
"4990",66,"Domonique Orange","DL","Iowa State",2026,NA,NA,"undrafted",257,"undrafted - proj drafted"
"4991",67,"Keith Abney","CB","Arizona State",2026,NA,NA,"undrafted",257,"undrafted - proj drafted"
"4992",68,"Dani Dennis-Sutton","EDGE","Penn State",2026,NA,NA,"undrafted",257,"undrafted - proj drafted"
"4993",69,"Mike Washington","RB","Arkansas",2026,NA,NA,"undrafted",257,"undrafted - proj drafted"
"4994",70,"Malachi Fields","WR","Notre Dame",2026,NA,NA,"undrafted",257,"undrafted - proj drafted"
"4995",71,"Antonio Williams","WR","Clemson",2026,NA,NA,"undrafted",257,"undrafted - proj drafted"
"4996",72,"Kyle Louis","LB","Pittsburgh",2026,NA,NA,"undrafted",257,"undrafted - proj drafted"
"4997",73,"Davison Igbinosun","CB","Ohio State",2026,NA,NA,"undrafted",257,"undrafted - proj drafted"
"4998",74,"Gracen Halton","DL","Oklahoma",2026,NA,NA,"undrafted",257,"undrafted - proj drafted"
"4999",75,"Max Klare","TE","Ohio State",2026,NA,NA,"undrafted",257,"undrafted - proj drafted"
"5000",76,"Connor Lew","IOL","Auburn",2026,NA,NA,"undrafted",257,"undrafted - proj drafted"
"5001",77,"Ted Hurst","WR","Georgia State",2026,NA,NA,"undrafted",257,"undrafted - proj drafted"
"5002",78,"Romello Height","EDGE","Texas Tech",2026,NA,NA,"undrafted",257,"undrafted - proj drafted"
"5003",79,"Elijah Sarratt","WR","Indiana",2026,NA,NA,"undrafted",257,"undrafted - proj drafted"
"5004",80,"Sam Hecht","IOL","Kansas State",2026,NA,NA,"undrafted",257,"undrafted - proj drafted"
"5005",81,"Skyler Bell","WR","UConn",2026,NA,NA,"undrafted",257,"undrafted - proj drafted"
"5006",82,"Joshua Josephs","EDGE","Tennessee",2026,NA,NA,"undrafted",257,"undrafted - proj drafted"
"5007",83,"Garrett Nussmeier","QB","LSU",2026,NA,NA,"undrafted",257,"undrafted - proj drafted"
"5008",84,"Kamari Ramsey","S","USC",2026,NA,NA,"undrafted",257,"undrafted - proj drafted"
"5009",85,"Jaishawn Barham","LB","Michigan",2026,NA,NA,"undrafted",257,"undrafted - proj drafted"
"5010",86,"Darrell Jackson","DL","Florida State",2026,NA,NA,"undrafted",257,"undrafted - proj drafted"
"5011",87,"Oscar Delp","TE","Georgia",2026,NA,NA,"undrafted",257,"undrafted - proj drafted"
"5012",88,"Zakee Wheatley","S","Penn State",2026,NA,NA,"undrafted",257,"undrafted - proj drafted"
"5013",89,"Bud Clark","S","TCU",2026,NA,NA,"undrafted",257,"undrafted - proj drafted"
"5014",90,"Bryce Lance","WR","North Dakota State",2026,NA,NA,"undrafted",257,"undrafted - proj drafted"
"5015",91,"Keyron Crawford","EDGE","Auburn",2026,NA,NA,"undrafted",257,"undrafted - proj drafted"
"5016",92,"Julian Neal","CB","Arkansas",2026,NA,NA,"undrafted",257,"undrafted - proj drafted"
"5017",93,"Malik Muhammad","CB","Texas",2026,NA,NA,"undrafted",257,"undrafted - proj drafted"
"5018",94,"Deion Burks","WR","Oklahoma",2026,NA,NA,"undrafted",257,"undrafted - proj drafted"
"5019",95,"Genesis Smith","S","Arizona",2026,NA,NA,"undrafted",257,"undrafted - proj drafted"
"5020",96,"Jalon Kilgore","S","South Carolina",2026,NA,NA,"undrafted",257,"undrafted - proj drafted"
"5021",97,"Jalen Farmer","IOL","Kentucky",2026,NA,NA,"undrafted",257,"undrafted - proj drafted"
"5022",98,"Devin Moore","CB","Florida",2026,NA,NA,"undrafted",257,"undrafted - proj drafted"
"5023",99,"Dametrious Crownover","OT","Texas A&M",2026,NA,NA,"undrafted",257,"undrafted - proj drafted"
"5024",100,"Logan Jones","IOL","Iowa",2026,NA,NA,"undrafted",257,"undrafted - proj drafted"
"5025",101,"Chandler Rivers","CB","Duke",2026,NA,NA,"undrafted",257,"undrafted - proj drafted"
"5026",102,"Jonah Coleman","RB","Washington",2026,NA,NA,"undrafted",257,"undrafted - proj drafted"
"5027",103,"Jake Slaughter","IOL","Florida",2026,NA,NA,"undrafted",257,"undrafted - proj drafted"
"5028",104,"Kaleb Proctor","DL","Southeastern Louisiana",2026,NA,NA,"undrafted",257,"undrafted - proj drafted"
"5029",105,"LT Overton","EDGE","Alabama",2026,NA,NA,"undrafted",257,"undrafted - proj drafted"
"5030",106,"Sam Roush","TE","Stanford",2026,NA,NA,"undrafted",257,"undrafted - proj drafted"
"5031",107,"Emmett Johnson","RB","Nebraska",2026,NA,NA,"undrafted",257,"undrafted - proj drafted"
"5032",108,"Chris McClellan","DL","Missouri",2026,NA,NA,"undrafted",257,"undrafted - proj drafted"
"5033",109,"JaKobi Lane","WR","USC",2026,NA,NA,"undrafted",257,"undrafted - proj drafted"
"5034",110,"Will Lee","CB","Texas A&M",2026,NA,NA,"undrafted",257,"undrafted - proj drafted"
"5035",111,"Deontae Lawson","LB","Alabama",2026,NA,NA,"undrafted",257,"undrafted - proj drafted"
"5036",112,"Daylen Everette","CB","Georgia",2026,NA,NA,"undrafted",257,"undrafted - proj drafted"
"5037",113,"Cole Payton","QB","North Dakota State",2026,NA,NA,"undrafted",257,"undrafted - proj drafted"
"5038",114,"Brian Parker","OT","Duke",2026,NA,NA,"undrafted",257,"undrafted - proj drafted"
"5039",115,"Brenen Thompson","WR","Mississippi State",2026,NA,NA,"undrafted",257,"undrafted - proj drafted"
"5040",116,"Justin Joly","TE","NC State",2026,NA,NA,"undrafted",257,"undrafted - proj drafted"
"5041",117,"Drew Allar","QB","Penn State",2026,NA,NA,"undrafted",257,"undrafted - proj drafted"
"5042",118,"Michael Trigg","TE","Baylor",2026,NA,NA,"undrafted",257,"undrafted - proj drafted"
"5043",119,"Markel Bell","OT","Miami (FL)",2026,NA,NA,"undrafted",257,"undrafted - proj drafted"
"5044",120,"Jude Bowry","OT","Boston College",2026,NA,NA,"undrafted",257,"undrafted - proj drafted"
"5045",121,"Dontay Corleone","DL","Cincinnati",2026,NA,NA,"undrafted",257,"undrafted - proj drafted"
"5046",122,"Zxavian Harris","DL","Mississippi",2026,NA,NA,"undrafted",257,"undrafted - proj drafted"
"5047",123,"DeZhaun Stribling","WR","Mississippi",2026,NA,NA,"undrafted",257,"undrafted - proj drafted"
"5048",124,"Keyshaun Elliott","LB","Arizona State",2026,NA,NA,"undrafted",257,"undrafted - proj drafted"
"5049",125,"Kage Casey","OT","Boise State",2026,NA,NA,"undrafted",257,"undrafted - proj drafted"
"5050",126,"Kaleb Elarms-Orr","LB","TCU",2026,NA,NA,"undrafted",257,"undrafted - proj drafted"
"5051",127,"Carson Beck","QB","Miami (FL)",2026,NA,NA,"undrafted",257,"undrafted - proj drafted"
"5052",128,"Austin Barber","OT","Florida",2026,NA,NA,"undrafted",257,"undrafted - proj drafted"
"5053",129,"VJ Payne","S","Kansas State",2026,NA,NA,"undrafted",257,"undrafted - proj drafted"
"5054",130,"Tacario Davis","CB","Washington",2026,NA,NA,"undrafted",257,"undrafted - proj drafted"
"5055",131,"Harold Perkins","LB","LSU",2026,NA,NA,"undrafted",257,"undrafted - proj drafted"
"5056",132,"Zane Durant","DL","Penn State",2026,NA,NA,"undrafted",257,"undrafted - proj drafted"
"5057",133,"DeMonte Capehart","DL","Clemson",2026,NA,NA,"undrafted",257,"undrafted - proj drafted"
"5058",134,"Rayshaun Benny","DL","Michigan",2026,NA,NA,"undrafted",257,"undrafted - proj drafted"
"5059",135,"Anthony Lucas","EDGE","USC",2026,NA,NA,"undrafted",257,"undrafted - proj drafted"
"5060",136,"Billy Schrauth","IOL","Notre Dame",2026,NA,NA,"undrafted",257,"undrafted - proj drafted"
"5061",137,"Nick Singleton","RB","Penn State",2026,NA,NA,"undrafted",257,"undrafted - proj drafted"
"5062",138,"Trey Zuhn","OT","Texas A&M",2026,NA,NA,"undrafted",257,"undrafted - proj drafted"
"5063",139,"Ephesians Prysock","CB","Washington",2026,NA,NA,"undrafted",257,"undrafted - proj drafted"
"5064",140,"Hezekiah Masses","CB","California",2026,NA,NA,"undrafted",257,"undrafted - proj drafted"
"5065",141,"Eli Raridon","TE","Notre Dame",2026,NA,NA,"undrafted",257,"undrafted - proj drafted"
"5066",142,"Tim Keenan","DL","Alabama",2026,NA,NA,"undrafted",257,"undrafted - proj drafted"
"5067",143,"Bryce Boettcher","LB","Oregon",2026,NA,NA,"undrafted",257,"undrafted - proj drafted"
"5068",144,"Isaiah World","OT","Oregon",2026,NA,NA,"undrafted",257,"undrafted - proj drafted"
"5069",145,"Matt Gulbin","IOL","Michigan State",2026,NA,NA,"undrafted",257,"undrafted - proj drafted"
"5070",146,"Taylen Green","QB","Arkansas",2026,NA,NA,"undrafted",257,"undrafted - proj drafted"
"5071",147,"Charles Demmings","CB","Stephen F. Austin",2026,NA,NA,"undrafted",257,"undrafted - proj drafted"
"5072",148,"Kaytron Allen","RB","Penn State",2026,NA,NA,"undrafted",257,"undrafted - proj drafted"
"5073",149,"Taurean York","LB","Texas A&M",2026,NA,NA,"undrafted",257,"undrafted - proj drafted"
"5074",150,"Jager Burton","IOL","Kentucky",2026,NA,NA,"undrafted",257,"undrafted - proj drafted"
"5075",151,"Jeff Caldwell","WR","Cincinnati",2026,NA,NA,"undrafted",257,"undrafted - proj drafted"
"5076",152,"Max Llewellyn","EDGE","Iowa",2026,NA,NA,"undrafted",257,"undrafted - proj drafted"
"5077",153,"Joe Royer","TE","Cincinnati",2026,NA,NA,"undrafted",257,"undrafted - proj drafted"
"5078",154,"Parker Brailsford","IOL","Alabama",2026,NA,NA,"undrafted",257,"undrafted - proj drafted"
"5079",155,"Tyler Onyedim","DL","Texas A&M",2026,NA,NA,"undrafted",257,"undrafted - proj drafted"
"5080",156,"Beau Stephens","IOL","Iowa",2026,NA,NA,"undrafted",257,"undrafted - proj drafted"
"5081",157,"Drew Shelton","OT","Penn State",2026,NA,NA,"undrafted",257,"undrafted - proj drafted"
"5082",158,"Jadon Canady","CB","Oregon",2026,NA,NA,"undrafted",257,"undrafted - proj drafted"
"5083",159,"Travis Burke","OT","Memphis",2026,NA,NA,"undrafted",257,"undrafted - proj drafted"
"5084",160,"TJ Hall","CB","Iowa",2026,NA,NA,"undrafted",257,"undrafted - proj drafted"
"5085",161,"Josh Cameron","WR","Baylor",2026,NA,NA,"undrafted",257,"undrafted - proj drafted"
"5086",162,"Keagen Trost","IOL","Missouri",2026,NA,NA,"undrafted",257,"undrafted - proj drafted"
"5087",163,"Caden Curry","EDGE","Ohio State",2026,NA,NA,"undrafted",257,"undrafted - proj drafted"
"5088",164,"Adam Randall","RB","Clemson",2026,NA,NA,"undrafted",257,"undrafted - proj drafted"
"5089",165,"Demond Claiborne","RB","Wake Forest",2026,NA,NA,"undrafted",257,"undrafted - proj drafted"
"5090",166,"Diego Pounds","OT","Mississippi",2026,NA,NA,"undrafted",257,"undrafted - proj drafted"
"5091",167,"Kevin Coleman","WR","Missouri",2026,NA,NA,"undrafted",257,"undrafted - proj drafted"
"5092",168,"Jack Endries","TE","Texas",2026,NA,NA,"undrafted",257,"undrafted - proj drafted"
"5093",169,"Jimmy Rolder","LB","Michigan",2026,NA,NA,"undrafted",257,"undrafted - proj drafted"
"5094",170,"Nadame Tucker","EDGE","Western Michigan",2026,NA,NA,"undrafted",257,"undrafted - proj drafted"
"5095",171,"Marlin Klein","TE","Michigan",2026,NA,NA,"undrafted",257,"undrafted - proj drafted"
"5096",172,"Nate Boerkircher","TE","Texas A&M",2026,NA,NA,"undrafted",257,"undrafted - proj drafted"
"5097",173,"Jack Kelly","LB","BYU",2026,NA,NA,"undrafted",257,"undrafted - proj drafted"
"5098",174,"Landon Robinson","DL","Navy",2026,NA,NA,"undrafted",257,"undrafted - proj drafted"
"5099",175,"Nick Barrett","DL","South Carolina",2026,NA,NA,"undrafted",257,"undrafted - proj drafted"
"5100",176,"Aiden Fisher","LB","Indiana",2026,NA,NA,"undrafted",257,"undrafted - proj drafted"
"5101",177,"Febechi Nwaiwu","IOL","Oklahoma",2026,NA,NA,"undrafted",257,"undrafted - proj drafted"
"5102",178,"Jaydn Ott","RB","Oklahoma",2026,NA,NA,"undrafted",257,"undrafted - proj drafted"
"5103",179,"Jeremiah Wright","IOL","Auburn",2026,NA,NA,"undrafted",257,"undrafted - proj drafted"
"5104",180,"JC Davis","OT","Illinois",2026,NA,NA,"undrafted",257,"undrafted - proj drafted"
"5105",181,"Kaelon Black","RB","Indiana",2026,NA,NA,"undrafted",257,"undrafted - proj drafted"
"5106",182,"Kendrick Law","WR","Kentucky",2026,NA,NA,"undrafted",257,"undrafted - proj drafted"
"5107",183,"Michael Taaffe","S","Texas",2026,NA,NA,"undrafted",257,"undrafted - proj drafted"
"5108",184,"Jakobe Thomas","S","Miami (FL)",2026,NA,NA,"undrafted",257,"undrafted - proj drafted"
"5109",185,"Dallen Bentley","TE","Utah",2026,NA,NA,"undrafted",257,"undrafted - proj drafted"
"5110",186,"George Gumbs","EDGE","Florida",2026,NA,NA,"undrafted",257,"undrafted - proj drafted"
"5111",187,"Seth McGowan","RB","Kentucky",2026,NA,NA,"undrafted",257,"undrafted - proj drafted"
"5112",188,"Will Kacmarek","TE","Ohio State",2026,NA,NA,"undrafted",257,"undrafted - proj drafted"
"5113",189,"Jalen Huskey","CB","Maryland",2026,NA,NA,"undrafted",257,"undrafted - proj drafted"
"5114",190,"Reggie Virgil","WR","Texas Tech",2026,NA,NA,"undrafted",257,"undrafted - proj drafted"
"5115",191,"Cade Klubnik","QB","Clemson",2026,NA,NA,"undrafted",257,"undrafted - proj drafted"
"5116",192,"Mikail Kamara","EDGE","Indiana",2026,NA,NA,"undrafted",257,"undrafted - proj drafted"
"5117",193,"Trey Moore","EDGE","Texas",2026,NA,NA,"undrafted",257,"undrafted - proj drafted"
"5118",194,"Pat Coogan","IOL","Indiana",2026,NA,NA,"undrafted",257,"undrafted - proj drafted"
"5119",195,"Albert Regis","DL","Texas A&M",2026,NA,NA,"undrafted",257,"undrafted - proj drafted"
"5120",196,"Roman Hemby","RB","Indiana",2026,NA,NA,"undrafted",257,"undrafted - proj drafted"
"5121",197,"Justin Jefferson","LB","Alabama",2026,NA,NA,"undrafted",257,"undrafted - proj drafted"
"5122",198,"Anez Cooper","IOL","Miami (FL)",2026,NA,NA,"undrafted",257,"undrafted - proj drafted"
"5123",199,"Armaj Reed-Adams","IOL","Texas A&M",2026,NA,NA,"undrafted",257,"undrafted - proj drafted"
"5124",200,"Tyreak Sapp","EDGE","Florida",2026,NA,NA,"undrafted",257,"undrafted - proj drafted"
"5125",201,"Domani Jackson","CB","Alabama",2026,NA,NA,"undrafted",257,"undrafted - proj drafted"
"5126",202,"Riley Nowakowski","TE","Indiana",2026,NA,NA,"undrafted",257,"undrafted - proj drafted"
"5127",203,"Logan Taylor","IOL","Boston College",2026,NA,NA,"undrafted",257,"undrafted - proj drafted"
"5128",204,"LeVeon Moss","RB","Texas A&M",2026,NA,NA,"undrafted",257,"undrafted - proj drafted"
"5129",205,"Cyrus Allen","WR","Cincinnati",2026,NA,NA,"undrafted",257,"undrafted - proj drafted"
"5130",206,"Thaddeus Dixon","CB","North Carolina",2026,NA,NA,"undrafted",257,"undrafted - proj drafted"
"5131",207,"Red Murdock","LB","Buffalo",2026,NA,NA,"undrafted",257,"undrafted - proj drafted"
"5132",208,"Cameron Ball","DL","Arkansas",2026,NA,NA,"undrafted",257,"undrafted - proj drafted"
"5133",209,"Bishop Fitzgerald","S","USC",2026,NA,NA,"undrafted",257,"undrafted - proj drafted"
"5134",210,"Mason Reiger","EDGE","Wisconsin",2026,NA,NA,"undrafted",257,"undrafted - proj drafted"
"5135",211,"Kaden Wetjen","WR","Iowa",2026,NA,NA,"undrafted",257,"undrafted - proj drafted"
"5136",212,"JMari Taylor","RB","Virginia",2026,NA,NA,"undrafted",257,"undrafted - proj drafted"
"5137",213,"Matthew Hibner","TE","SMU",2026,NA,NA,"undrafted",257,"undrafted - proj drafted"
"5138",214,"Lander Barton","LB","Utah",2026,NA,NA,"undrafted",257,"undrafted - proj drafted"
"5139",215,"Aamil Wagner","OT","Notre Dame",2026,NA,NA,"undrafted",257,"undrafted - proj drafted"
"5140",216,"Robert Spears-Jennings","S","Oklahoma",2026,NA,NA,"undrafted",257,"undrafted - proj drafted"
"5141",217,"John Michael Gyllenborg","TE","Wyoming",2026,NA,NA,"undrafted",257,"undrafted - proj drafted"
"5142",218,"CJ Daniels","WR","Miami (FL)",2026,NA,NA,"undrafted",257,"undrafted - proj drafted"
"5143",219,"Louis Moore","S","Indiana",2026,NA,NA,"undrafted",257,"undrafted - proj drafted"
"5144",220,"Tanner Koziol","TE","Houston",2026,NA,NA,"undrafted",257,"undrafted - proj drafted"
"5145",221,"Wesley Williams","DL","Duke",2026,NA,NA,"undrafted",257,"undrafted - proj drafted"
"5146",222,"Vincent Anthony","EDGE","Duke",2026,NA,NA,"undrafted",257,"undrafted - proj drafted"
"5147",223,"Eric Gentry","LB","USC",2026,NA,NA,"undrafted",257,"undrafted - proj drafted"
"5148",224,"Devon Marshall","CB","NC State",2026,NA,NA,"undrafted",257,"undrafted - proj drafted"
"5149",225,"Eric McAlister","WR","TCU",2026,NA,NA,"undrafted",257,"undrafted - proj drafted"
"5150",226,"Caleb Douglas","WR","Texas Tech",2026,NA,NA,"undrafted",257,"undrafted - proj drafted"
"5151",227,"JMichael Sturdivant","WR","Florida",2026,NA,NA,"undrafted",257,"undrafted - proj drafted"
"5152",228,"Carver Willis","OT","Washington",2026,NA,NA,"undrafted",257,"undrafted - proj drafted"
"5153",229,"Bryson Eason","DL","Tennessee",2026,NA,NA,"undrafted",257,"undrafted - proj drafted"
"5154",230,"Lorenzo Styles","CB","Ohio State",2026,NA,NA,"undrafted",257,"undrafted - proj drafted"
"5155",231,"Eli Heidenreich","WR","Navy",2026,NA,NA,"undrafted",257,"undrafted - proj drafted"
"5156",232,"Brandon Cleveland","DL","NC State",2026,NA,NA,"undrafted",257,"undrafted - proj drafted"
"5157",233,"Jeremiah Williams","EDGE","Texas A&M",2026,NA,NA,"undrafted",257,"undrafted - proj drafted"
"5158",234,"Tyren Montgomery","WR","John Carroll",2026,NA,NA,"undrafted",257,"undrafted - proj drafted"
"5159",235,"Sawyer Robertson","QB","Baylor",2026,NA,NA,"undrafted",257,"undrafted - proj drafted"
"5160",236,"Luke Altmyer","QB","Illinois",2026,NA,NA,"undrafted",257,"undrafted - proj drafted"
"5161",237,"Jamarion Miller","RB","Alabama",2026,NA,NA,"undrafted",257,"undrafted - proj drafted"
"5162",238,"Micah Morris","IOL","Georgia",2026,NA,NA,"undrafted",257,"undrafted - proj drafted"
"5163",239,"Cole Wisniewski","S","Texas Tech",2026,NA,NA,"undrafted",257,"undrafted - proj drafted"
"5164",240,"Josh Cuevas","TE","Alabama",2026,NA,NA,"undrafted",257,"undrafted - proj drafted"
"5165",241,"Faalili Faamoe","OT","Wake Forest",2026,NA,NA,"undrafted",257,"undrafted - proj drafted"
"5166",242,"DaeQuan Wright","TE","Mississippi",2026,NA,NA,"undrafted",257,"undrafted - proj drafted"
"5167",243,"Jordan van den Berg","DL","Georgia Tech",2026,NA,NA,"undrafted",257,"undrafted - proj drafted"
"5168",244,"Logan Fano","EDGE","Utah",2026,NA,NA,"undrafted",257,"undrafted - proj drafted"
"5169",245,"Fernando Carmona","IOL","Arkansas",2026,NA,NA,"undrafted",257,"undrafted - proj drafted"
"5170",246,"Alex Harkey","OT","Oregon",2026,NA,NA,"undrafted",257,"undrafted - proj drafted"
"5171",247,"Kendal Daniels","S","Oklahoma",2026,NA,NA,"undrafted",257,"undrafted - proj drafted"
"5172",248,"David Gusta","DL","Kentucky",2026,NA,NA,"undrafted",257,"undrafted - proj drafted"
"5173",249,"Collin Wright","CB","Stanford",2026,NA,NA,"undrafted",257,"undrafted - proj drafted"
"5174",250,"Deven Eastern","DL","Minnesota",2026,NA,NA,"undrafted",257,"undrafted - proj drafted"
"5175",251,"Malik Benson","WR","Oregon",2026,NA,NA,"undrafted",257,"undrafted - proj drafted"
"5176",252,"Toriano Pride","CB","Missouri",2026,NA,NA,"undrafted",257,"undrafted - proj drafted"
"5177",253,"Andre Fuller","CB","Toledo",2026,NA,NA,"undrafted",257,"undrafted - proj drafted"
"5178",254,"Quintayvious Hutchins","EDGE","Boston College",2026,NA,NA,"undrafted",257,"undrafted - proj drafted"
"5179",255,"Barion Brown","WR","LSU",2026,NA,NA,"undrafted",257,"undrafted - proj drafted"
"5180",256,"Jaeden Roberts","IOL","Alabama",2026,NA,NA,"undrafted",257,"undrafted - proj drafted"
"5181",257,"Chase Roberts","WR","BYU",2026,NA,NA,"undrafted",257,"undrafted - proj drafted"
"5182",258,"Owen Heinecke","LB","Oklahoma",2026,NA,NA,"undrafted",257,"undrafted - proj undrafted"
"5183",259,"DeShon Singleton","S","Nebraska",2026,NA,NA,"undrafted",257,"undrafted - proj undrafted"
"5184",260,"Desmond Reid","RB","Pittsburgh",2026,NA,NA,"undrafted",257,"undrafted - proj undrafted"
"5185",261,"Rene Konga","DL","Louisville",2026,NA,NA,"undrafted",257,"undrafted - proj undrafted"
"5186",262,"Xavian Sorey","LB","Arkansas",2026,NA,NA,"undrafted",257,"undrafted - proj undrafted"
"5187",263,"Caden Barnett","OT","Wyoming",2026,NA,NA,"undrafted",257,"undrafted - proj undrafted"
"5188",264,"Harrison Wallace","WR","Mississippi",2026,NA,NA,"undrafted",257,"undrafted - proj undrafted"
"5189",265,"Colbie Young","WR","Georgia",2026,NA,NA,"undrafted",257,"undrafted - proj undrafted"
"5190",266,"Avery Smith","CB","Toledo",2026,NA,NA,"undrafted",257,"undrafted - proj undrafted"
"5191",267,"Dalton Johnson","S","Arizona",2026,NA,NA,"undrafted",257,"undrafted - proj undrafted"
"5192",268,"Michael Heldman","EDGE","Central Michigan",2026,NA,NA,"undrafted",257,"undrafted - proj undrafted"
"5193",269,"DJ Campbell","IOL","Texas",2026,NA,NA,"undrafted",257,"undrafted - proj undrafted"
"5194",270,"Noah Whittington","RB","Oregon",2026,NA,NA,"undrafted",257,"undrafted - proj undrafted"
"5195",271,"Eric Rivers","WR","Georgia Tech",2026,NA,NA,"undrafted",257,"undrafted - proj undrafted"
"5196",272,"Nolan Rucci","OT","Penn State",2026,NA,NA,"undrafted",257,"undrafted - proj undrafted"
"5197",273,"Max Bredeson","RB","Michigan",2026,NA,NA,"undrafted",257,"undrafted - proj undrafted"
"5198",274,"Skyler Gill-Howard","DL","Texas Tech",2026,NA,NA,"undrafted",257,"undrafted - proj undrafted"
"5199",275,"Jack Pyburn","EDGE","LSU",2026,NA,NA,"undrafted",257,"undrafted - proj undrafted"
"5200",276,"Joe Fagnano","QB","UConn",2026,NA,NA,"undrafted",257,"undrafted - proj undrafted"
"5201",277,"Ethan Burke","EDGE","Texas",2026,NA,NA,"undrafted",257,"undrafted - proj undrafted"
"5202",278,"Chip Trayanum","RB","Toledo",2026,NA,NA,"undrafted",257,"undrafted - proj undrafted"
"5203",279,"Enrique Cruz","OT","Kansas",2026,NA,NA,"undrafted",257,"undrafted - proj undrafted"
"5204",280,"Dillon Bell","WR","Georgia",2026,NA,NA,"undrafted",257,"undrafted - proj undrafted"
"5205",281,"Ceyair Wright","CB","Nebraska",2026,NA,NA,"undrafted",257,"undrafted - proj undrafted"
"5206",282,"Zavion Thomas","WR","LSU",2026,NA,NA,"undrafted",257,"undrafted - proj undrafted"
"5207",283,"Latrell McCutchin","CB","Houston",2026,NA,NA,"undrafted",257,"undrafted - proj undrafted"
"5208",284,"Aaron Anderson","WR","LSU",2026,NA,NA,"undrafted",257,"undrafted - proj undrafted"
"5209",285,"Josh Moten","CB","Southern Miss",2026,NA,NA,"undrafted",257,"undrafted - proj undrafted"
"5210",286,"James Thompson","DL","Illinois",2026,NA,NA,"undrafted",257,"undrafted - proj undrafted"
"5211",287,"Trey Smack","K","Florida",2026,NA,NA,"undrafted",257,"undrafted - proj undrafted"
"5212",288,"Wydett Williams","S","Mississippi",2026,NA,NA,"undrafted",257,"undrafted - proj undrafted"
"5213",289,"Brett Thorson","P","Georgia",2026,NA,NA,"undrafted",257,"undrafted - proj undrafted"
"5214",290,"Garrett DiGiorgio","OT","UCLA",2026,NA,NA,"undrafted",257,"undrafted - proj undrafted"
"5215",291,"Evan Beerntsen","IOL","Northwestern",2026,NA,NA,"undrafted",257,"undrafted - proj undrafted"
"5216",292,"Jalon Daniels","QB","Kansas",2026,NA,NA,"undrafted",257,"undrafted - proj undrafted"
"5217",293,"Uar Bernard","DL","Nigeria",2026,NA,NA,"undrafted",257,"undrafted - proj undrafted"
"5218",294,"Behren Morton","QB","Texas Tech",2026,NA,NA,"undrafted",257,"undrafted - proj undrafted"
"5219",295,"Patrick Payton","EDGE","LSU",2026,NA,NA,"undrafted",257,"undrafted - proj undrafted"
"5220",296,"Marcus Allen","CB","North Carolina",2026,NA,NA,"undrafted",257,"undrafted - proj undrafted"
"5221",297,"Rahsul Faison","RB","South Carolina",2026,NA,NA,"undrafted",257,"undrafted - proj undrafted"
"5222",298,"RJ Maryland","TE","SMU",2026,NA,NA,"undrafted",257,"undrafted - proj undrafted"
"5223",299,"CJ Donaldson","RB","Ohio State",2026,NA,NA,"undrafted",257,"undrafted - proj undrafted"
"5224",300,"Lewis Bond","WR","Boston College",2026,NA,NA,"undrafted",257,"undrafted - proj undrafted"
"5225",301,"Aaron Graves","DL","Iowa",2026,NA,NA,"undrafted",257,"undrafted - proj undrafted"
"5226",302,"Carsen Ryan","TE","BYU",2026,NA,NA,"undrafted",257,"undrafted - proj undrafted"
"5227",303,"Haynes King","QB","Georgia Tech",2026,NA,NA,"undrafted",257,"undrafted - proj undrafted"
"5228",304,"Caullin Lacy","WR","Louisville",2026,NA,NA,"undrafted",257,"undrafted - proj undrafted"
"5229",305,"Bobby Jamison-Travis","DL","Auburn",2026,NA,NA,"undrafted",257,"undrafted - proj undrafted"
"5230",306,"Emmanuel Henderson","WR","Kansas",2026,NA,NA,"undrafted",257,"undrafted - proj undrafted"
"5231",307,"Ahmaad Moses","S","SMU",2026,NA,NA,"undrafted",257,"undrafted - proj undrafted"
"5232",308,"Karson Sharar","LB","Iowa",2026,NA,NA,"undrafted",257,"undrafted - proj undrafted"
"5233",309,"Keyshawn James-Newby","EDGE","New Mexico",2026,NA,NA,"undrafted",257,"undrafted - proj undrafted"
"5234",310,"Shadrach Banks","LB","UTSA",2026,NA,NA,"undrafted",257,"undrafted - proj undrafted"
"5235",311,"Joshua Braun","IOL","Kentucky",2026,NA,NA,"undrafted",257,"undrafted - proj undrafted"
"5236",312,"Xavier Nwankpa","S","Iowa",2026,NA,NA,"undrafted",257,"undrafted - proj undrafted"
"5237",313,"Kobe Baynes","IOL","Kansas",2026,NA,NA,"undrafted",257,"undrafted - proj undrafted"
"5238",314,"Nyjalik Kelly","EDGE","UCF",2026,NA,NA,"undrafted",257,"undrafted - proj undrafted"
"5239",315,"Dan Villari","TE","Syracuse",2026,NA,NA,"undrafted",257,"undrafted - proj undrafted"
"5240",316,"Marvin Jones","EDGE","Oklahoma",2026,NA,NA,"undrafted",257,"undrafted - proj undrafted"
"5241",317,"DJ Rogers","TE","TCU",2026,NA,NA,"undrafted",257,"undrafted - proj undrafted"
"5242",318,"Bryan Thomas","EDGE","South Carolina",2026,NA,NA,"undrafted",257,"undrafted - proj undrafted"
"5243",319,"Jackson Kuwatch","EDGE","Miami (OH)",2026,NA,NA,"undrafted",257,"undrafted - proj undrafted"
"5244",320,"Jordan Hudson","WR","SMU",2026,NA,NA,"undrafted",257,"undrafted - proj undrafted"
"5245",321,"Cole Brevard","DL","Texas",2026,NA,NA,"undrafted",257,"undrafted - proj undrafted"
"5246",322,"Jaylon Guilbeau","CB","Texas",2026,NA,NA,"undrafted",257,"undrafted - proj undrafted"
"5247",323,"Anterio Thompson","DL","Washington",2026,NA,NA,"undrafted",257,"undrafted - proj undrafted"
"5248",324,"Joey Aguilar","QB","Tennessee",2026,NA,NA,"undrafted",257,"undrafted - proj undrafted"
"5249",325,"Alan Herron","IOL","Maryland",2026,NA,NA,"undrafted",257,"undrafted - proj undrafted"
"5250",326,"Josh Gesky","IOL","Illinois",2026,NA,NA,"undrafted",257,"undrafted - proj undrafted"
"5251",327,"Jaren Kanak","TE","Oklahoma",2026,NA,NA,"undrafted",257,"undrafted - proj undrafted"
"5252",328,"James Brockermeyer","IOL","Miami (FL)",2026,NA,NA,"undrafted",257,"undrafted - proj undrafted"
"5253",329,"Jaden Dugger","LB","Louisiana-Lafayette",2026,NA,NA,"undrafted",257,"undrafted - proj undrafted"
"5254",330,"Riley Mahlman","OT","Wisconsin",2026,NA,NA,"undrafted",257,"undrafted - proj undrafted"
"5255",331,"Robert Henry","RB","UTSA",2026,NA,NA,"undrafted",257,"undrafted - proj undrafted"
"5256",332,"Lake McRee","TE","USC",2026,NA,NA,"undrafted",257,"undrafted - proj undrafted"
"5257",333,"Diego Pavia","QB","Vanderbilt",2026,NA,NA,"undrafted",257,"undrafted - proj undrafted"
"5258",334,"Athan Kaliakmanis","QB","Rutgers",2026,NA,NA,"undrafted",257,"undrafted - proj undrafted"
"5259",335,"Vinny Anthony","WR","Wisconsin",2026,NA,NA,"undrafted",257,"undrafted - proj undrafted"
"5260",336,"Micah Pettus","OT","Florida State",2026,NA,NA,"undrafted",257,"undrafted - proj undrafted"
"5261",337,"Bauer Sharp","TE","LSU",2026,NA,NA,"undrafted",257,"undrafted - proj undrafted"
"5262",338,"Wade Woodaz","LB","Clemson",2026,NA,NA,"undrafted",257,"undrafted - proj undrafted"
"5263",339,"Devan Boykin","S","Indiana",2026,NA,NA,"undrafted",257,"undrafted - proj undrafted"
"5264",340,"Dean Connors","RB","Houston",2026,NA,NA,"undrafted",257,"undrafted - proj undrafted"
"5265",341,"Khalil Dinkins","TE","Penn State",2026,NA,NA,"undrafted",257,"undrafted - proj undrafted"
"5266",342,"Lance Mason","TE","Wisconsin",2026,NA,NA,"undrafted",257,"undrafted - proj undrafted"
"5267",343,"Ethan Onianwa","OT","Ohio State",2026,NA,NA,"undrafted",257,"undrafted - proj undrafted"
"5268",344,"Terion Stewart","RB","Virginia Tech",2026,NA,NA,"undrafted",257,"undrafted - proj undrafted"
"5269",345,"Jalen Stroman","S","Notre Dame",2026,NA,NA,"undrafted",257,"undrafted - proj undrafted"
"5270",346,"Tomas Rimac","IOL","Virginia Tech",2026,NA,NA,"undrafted",257,"undrafted - proj undrafted"
"5271",347,"Luke Basso","LS","Oregon",2026,NA,NA,"undrafted",257,"undrafted - proj undrafted"
"5272",348,"Beau Gardner","LS","Georgia",2026,NA,NA,"undrafted",257,"undrafted - proj undrafted"
"5273",349,"Will Ferrin","K","BYU",2026,NA,NA,"undrafted",257,"undrafted - proj undrafted"
"5274",350,"Bryce Foster","IOL","Kansas",2026,NA,NA,"undrafted",257,"undrafted - proj undrafted"
"5275",351,"Aidan Hubbard","EDGE","Northwestern",2026,NA,NA,"undrafted",257,"undrafted - proj undrafted"
"5276",352,"Miles Scott","S","Illinois",2026,NA,NA,"undrafted",257,"undrafted - proj undrafted"
"5277",353,"Mark Gronowski","QB","Iowa",2026,NA,NA,"undrafted",257,"undrafted - proj undrafted"
"5278",354,"Drew Stevens","K","Iowa",2026,NA,NA,"undrafted",257,"undrafted - proj undrafted"
"5279",355,"Jeffrey Mba","DL","SMU",2026,NA,NA,"undrafted",257,"undrafted - proj undrafted"
"5280",356,"Trebor Pena","WR","Penn State",2026,NA,NA,"undrafted",257,"undrafted - proj undrafted"
"5281",357,"Jamal Haynes","RB","Georgia Tech",2026,NA,NA,"undrafted",257,"undrafted - proj undrafted"
"5282",358,"Wesley Bissainthe","LB","Miami (FL)",2026,NA,NA,"undrafted",257,"undrafted - proj undrafted"
"5283",359,"Dayon Hayes","EDGE","Texas A&M",2026,NA,NA,"undrafted",257,"undrafted - proj undrafted"
"5284",360,"Tanner Arkin","TE","Illinois",2026,NA,NA,"undrafted",257,"undrafted - proj undrafted"
"5285",361,"Dane Key","WR","Nebraska",2026,NA,NA,"undrafted",257,"undrafted - proj undrafted"
"5286",362,"Jacob Thomas","S","James Madison",2026,NA,NA,"undrafted",257,"undrafted - proj undrafted"
"5287",363,"Tristan Leigh","OT","Clemson",2026,NA,NA,"undrafted",257,"undrafted - proj undrafted"
"5288",364,"Skyler Thomas","S","Oregon State",2026,NA,NA,"undrafted",257,"undrafted - proj undrafted"
"5289",365,"Connor Tollison","IOL","Missouri",2026,NA,NA,"undrafted",257,"undrafted - proj undrafted"
"5290",366,"Miller Moss","QB","Louisville",2026,NA,NA,"undrafted",257,"undrafted - proj undrafted"
"5291",367,"Will Pauling","WR","Notre Dame",2026,NA,NA,"undrafted",257,"undrafted - proj undrafted"
"5292",368,"Delby Lemieux","IOL","Dartmouth",2026,NA,NA,"undrafted",257,"undrafted - proj undrafted"
"5293",369,"Max Tomzcak","WR","Youngstown State",2026,NA,NA,"undrafted",257,"undrafted - proj undrafted"
"5294",370,"Keelan Marion","WR","Miami (FL)",2026,NA,NA,"undrafted",257,"undrafted - proj undrafted"
"5295",371,"Miles Kitselman","TE","Tennessee",2026,NA,NA,"undrafted",257,"undrafted - proj undrafted"
"5296",372,"Donaven Mcculley","WR","Michigan",2026,NA,NA,"undrafted",257,"undrafted - proj undrafted"
"5297",373,"Tyre West","EDGE","Tennessee",2026,NA,NA,"undrafted",257,"undrafted - proj undrafted"
"5298",374,"Romello Brinson","WR","SMU",2026,NA,NA,"undrafted",257,"undrafted - proj undrafted"
"5299",375,"Rohan Jones","TE","Arkansas",2026,NA,NA,"undrafted",257,"undrafted - proj undrafted"
"5300",376,"Aaron Hall","DL","Duke",2026,NA,NA,"undrafted",257,"undrafted - proj undrafted"
"5301",377,"Ahmari Harvey","CB","Georgia Tech",2026,NA,NA,"undrafted",257,"undrafted - proj undrafted"
"5302",378,"Kam Dewberry","IOL","Alabama",2026,NA,NA,"undrafted",257,"undrafted - proj undrafted"
"5303",379,"Chris Hilton","WR","LSU",2026,NA,NA,"undrafted",257,"undrafted - proj undrafted"
"5304",380,"Austin Brown","S","Wisconsin",2026,NA,NA,"undrafted",257,"undrafted - proj undrafted"
"5305",381,"Giovanni El-Hadi","IOL","Michigan",2026,NA,NA,"undrafted",257,"undrafted - proj undrafted"
"5306",382,"Caden Fordham","LB","NC State",2026,NA,NA,"undrafted",257,"undrafted - proj undrafted"
"5307",383,"Tyler Duzansky","LS","Penn State",2026,NA,NA,"undrafted",257,"undrafted - proj undrafted"
"5308",384,"Declan Williams","LB","Incarnate Word",2026,NA,NA,"undrafted",257,"undrafted - proj undrafted"
"5309",385,"Kentrel Bullock","RB","South Alabama",2026,NA,NA,"undrafted",257,"undrafted - proj undrafted"
"5310",386,"Josh Thompson","IOL","LSU",2026,NA,NA,"undrafted",257,"undrafted - proj undrafted"
"5311",387,"Jack Velling","TE","Michigan State",2026,NA,NA,"undrafted",257,"undrafted - proj undrafted"
"5312",388,"Brent Austin","CB","California",2026,NA,NA,"undrafted",257,"undrafted - proj undrafted"
"5313",389,"DJ Harvey","CB","USC",2026,NA,NA,"undrafted",257,"undrafted - proj undrafted"
"5314",390,"Alex Wollschlaeger","OT","Kentucky",2026,NA,NA,"undrafted",257,"undrafted - proj undrafted"
"5315",391,"OMega Blake","WR","Arkansas",2026,NA,NA,"undrafted",257,"undrafted - proj undrafted"
"5316",392,"Zach Durfee","EDGE","Washington",2026,NA,NA,"undrafted",257,"undrafted - proj undrafted"
"5317",393,"Dominic Deluca","LB","Penn State",2026,NA,NA,"undrafted",257,"undrafted - proj undrafted"
"5318",394,"Kaidon Salter","QB","Colorado",2026,NA,NA,"undrafted",257,"undrafted - proj undrafted"
"5319",395,"Alzillion Hamilton","CB","Fresno State",2026,NA,NA,"undrafted",257,"undrafted - proj undrafted"
"5320",396,"Davion Carter","IOL","Texas Tech",2026,NA,NA,"undrafted",257,"undrafted - proj undrafted"
"5321",397,"Eric ONeill","EDGE","Rutgers",2026,NA,NA,"undrafted",257,"undrafted - proj undrafted"
"5322",398,"Namdi Obiazor","LB","TCU",2026,NA,NA,"undrafted",257,"undrafted - proj undrafted"
"5323",399,"Dillon Wade","IOL","Auburn",2026,NA,NA,"undrafted",257,"undrafted - proj undrafted"
"5324",400,"Kapena Gushiken","S","Mississippi",2026,NA,NA,"undrafted",257,"undrafted - proj undrafted"
"5325",401,"Cash Jones","RB","Georgia",2026,NA,NA,"undrafted",257,"undrafted - proj undrafted"
"5326",402,"Gavin Gerhardt","IOL","Cincinnati",2026,NA,NA,"undrafted",257,"undrafted - proj undrafted"
"5327",403,"DeVonta Smith","CB","Notre Dame",2026,NA,NA,"undrafted",257,"undrafted - proj undrafted"
"5328",404,"Hunter Zambrano","IOL","Texas Tech",2026,NA,NA,"undrafted",257,"undrafted - proj undrafted"
"5329",405,"Fred Davis","CB","Northwestern",2026,NA,NA,"undrafted",257,"undrafted - proj undrafted"
"5330",406,"AJ Pena","EDGE","Rhode Island",2026,NA,NA,"undrafted",257,"undrafted - proj undrafted"
"5331",407,"Trevonte Sylvester","OT","Louisville",2026,NA,NA,"undrafted",257,"undrafted - proj undrafted"
"5332",408,"Gabriel Rubio","DL","Notre Dame",2026,NA,NA,"undrafted",257,"undrafted - proj undrafted"
"5333",409,"Seydou Traore","TE","Mississippi State",2026,NA,NA,"undrafted",257,"undrafted - proj undrafted"
"5334",410,"Jack Stonehouse","P","Syracuse",2026,NA,NA,"undrafted",257,"undrafted - proj undrafted"
"5335",411,"Jacob De Jesus","WR","California",2026,NA,NA,"undrafted",257,"undrafted - proj undrafted"
"5336",412,"Nick Degennaro","WR","James Madison",2026,NA,NA,"undrafted",257,"undrafted - proj undrafted"
"5337",413,"Chris Adams","IOL","Memphis",2026,NA,NA,"undrafted",257,"undrafted - proj undrafted"
"5338",414,"Zaylin Wood","DL","Vanderbilt",2026,NA,NA,"undrafted",257,"undrafted - proj undrafted"
"5339",415,"Derek Simmons","OT","Oklahoma",2026,NA,NA,"undrafted",257,"undrafted - proj undrafted"
"5340",416,"Jackie Marshall","DL","Baylor",2026,NA,NA,"undrafted",257,"undrafted - proj undrafted"
"5341",417,"Cian Slone","EDGE","NC State",2026,NA,NA,"undrafted",257,"undrafted - proj undrafted"
"5342",418,"Michael Wortham","WR","Montana",2026,NA,NA,"undrafted",257,"undrafted - proj undrafted"
"5343",419,"Rasheed Miller","OT","Louisville",2026,NA,NA,"undrafted",257,"undrafted - proj undrafted"
"5344",420,"Darryl Peterson","EDGE","Wisconsin",2026,NA,NA,"undrafted",257,"undrafted - proj undrafted"
"5345",421,"TJ Guy","EDGE","Michigan",2026,NA,NA,"undrafted",257,"undrafted - proj undrafted"
"5346",422,"Jalen Catalon","S","Missouri",2026,NA,NA,"undrafted",257,"undrafted - proj undrafted"
"5347",423,"Rashad Battle","CB","Pittsburgh",2026,NA,NA,"undrafted",257,"undrafted - proj undrafted"
"5348",424,"Dominic Zvada","K","Michigan",2026,NA,NA,"undrafted",257,"undrafted - proj undrafted"
"5349",425,"Omari Evans","WR","Washington",2026,NA,NA,"undrafted",257,"undrafted - proj undrafted"
"5350",426,"Nyzier Fourqurean","CB","Wisconsin",2026,NA,NA,"undrafted",257,"undrafted - proj undrafted"
"5351",427,"Walker Parks","IOL","Clemson",2026,NA,NA,"undrafted",257,"undrafted - proj undrafted"
"5352",428,"Jalil Farooq","WR","Maryland",2026,NA,NA,"undrafted",257,"undrafted - proj undrafted"
"5353",429,"Tony Grimes","CB","Purdue",2026,NA,NA,"undrafted",257,"undrafted - proj undrafted"
"5354",430,"Noah Thomas","WR","Georgia",2026,NA,NA,"undrafted",257,"undrafted - proj undrafted"
"5355",431,"Austin Leausa","IOL","BYU",2026,NA,NA,"undrafted",257,"undrafted - proj undrafted"
"5356",432,"Jalen Jones","CB","William & Mary",2026,NA,NA,"undrafted",257,"undrafted - proj undrafted"
"5357",433,"Tyreek Chappell","CB","Texas A&M",2026,NA,NA,"undrafted",257,"undrafted - proj undrafted"
"5358",434,"Tommy Doman","P","Florida",2026,NA,NA,"undrafted",257,"undrafted - proj undrafted"
"5359",435,"Rocco Underwood","LS","Florida",2026,NA,NA,"undrafted",257,"undrafted - proj undrafted"
"5360",436,"Kevorian Barnes","RB","TCU",2026,NA,NA,"undrafted",257,"undrafted - proj undrafted"
"5361",437,"Jameson Geers","TE","Minnesota",2026,NA,NA,"undrafted",257,"undrafted - proj undrafted"
"5362",438,"DQ Smith","S","South Carolina",2026,NA,NA,"undrafted",257,"undrafted - proj undrafted"
"5363",439,"Gary Smith","DL","UCLA",2026,NA,NA,"undrafted",257,"undrafted - proj undrafted"
"5364",440,"Jaffer Murphy","K","UTSA",2026,NA,NA,"undrafted",257,"undrafted - proj undrafted"
"5365",441,"Joshua Weru","EDGE","Kenya",2026,NA,NA,"undrafted",257,"undrafted - proj undrafted"
"5366",442,"Kansei Matsuzawa","K","Hawaii",2026,NA,NA,"undrafted",257,"undrafted - proj undrafted"
"5367",443,"Eli Blakey","S","Miami (OH)",2026,NA,NA,"undrafted",257,"undrafted - proj undrafted"
"5368",444,"David Blay","DL","Miami (FL)",2026,NA,NA,"undrafted",257,"undrafted - proj undrafted"
"5369",445,"Kejon Owens","RB","Florida International",2026,NA,NA,"undrafted",257,"undrafted - proj undrafted"
"5370",446,"James Neal","IOL","Iowa State",2026,NA,NA,"undrafted",257,"undrafted - proj undrafted"
"5371",447,"Isaiah Jatta","OT","BYU",2026,NA,NA,"undrafted",257,"undrafted - proj undrafted"
"5372",448,"Bernard Gooden","DL","LSU",2026,NA,NA,"undrafted",257,"undrafted - proj undrafted"
"5373",449,"Preston Hodge","CB","Colorado",2026,NA,NA,"undrafted",257,"undrafted - proj undrafted"
"5374",450,"Rocco Spindler","IOL","Nebraska",2026,NA,NA,"undrafted",257,"undrafted - proj undrafted"
"5375",451,"Ethan Hurkett","EDGE","Iowa",2026,NA,NA,"undrafted",257,"undrafted - proj undrafted"
"5376",452,"Pete Nygra","IOL","Louisville",2026,NA,NA,"undrafted",257,"undrafted - proj undrafted"
"5377",453,"Ricardo Hallman","CB","Wisconsin",2026,NA,NA,"undrafted",257,"undrafted - proj undrafted"
"5378",454,"Jalen Logan-Redding","DL","Minnesota",2026,NA,NA,"undrafted",257,"undrafted - proj undrafted"
"5379",455,"Nick Andersen","S","Wake Forest",2026,NA,NA,"undrafted",257,"undrafted - proj undrafted"
"5380",456,"Jayden Williams","OT","Mississippi",2026,NA,NA,"undrafted",257,"undrafted - proj undrafted"
"5381",457,"Dariel Djabome","LB","Rutgers",2026,NA,NA,"undrafted",257,"undrafted - proj undrafted"
"5382",458,"Devin Voisin","WR","South Alabama",2026,NA,NA,"undrafted",257,"undrafted - proj undrafted"
"5383",459,"Karon Prunty","CB","Wake Forest",2026,NA,NA,"undrafted",257,"undrafted - proj undrafted"
"5384",460,"Keeshawn Silver","DL","USC",2026,NA,NA,"undrafted",257,"undrafted - proj undrafted"
"5385",461,"TJ Quinn","S","Louisville",2026,NA,NA,"undrafted",257,"undrafted - proj undrafted"
"5386",462,"Jake Retzlaff","QB","Tulane",2026,NA,NA,"undrafted",257,"undrafted - proj undrafted"
"5387",463,"Jarod Washington","CB","South Carolina State",2026,NA,NA,"undrafted",257,"undrafted - proj undrafted"
"5388",464,"Kolbey Taylor","CB","Vanderbilt",2026,NA,NA,"undrafted",257,"undrafted - proj undrafted"
"5389",465,"EJ Williams","WR","Indiana",2026,NA,NA,"undrafted",257,"undrafted - proj undrafted"
"5390",466,"Jaren Kump","IOL","Utah",2026,NA,NA,"undrafted",257,"undrafted - proj undrafted"
"5391",467,"Kyron Drones","QB","Virginia Tech",2026,NA,NA,"undrafted",257,"undrafted - proj undrafted"
"5392",468,"Christian Jones","OT","San Diego State",2026,NA,NA,"undrafted",257,"undrafted - proj undrafted"
"5393",469,"Jalen Walthall","WR","Incarnate Word",2026,NA,NA,"undrafted",257,"undrafted - proj undrafted"
"5394",470,"Jaden Keller","LB","Virginia Tech",2026,NA,NA,"undrafted",257,"undrafted - proj undrafted"
"5395",471,"Rara Thomas","WR","Troy",2026,NA,NA,"undrafted",257,"undrafted - proj undrafted"
"5396",472,"Thomas Castellanos","QB","Florida State",2026,NA,NA,"undrafted",257,"undrafted - proj undrafted"
"5397",473,"Joe Cooper","OT","Slippery Rock",2026,NA,NA,"undrafted",257,"undrafted - proj undrafted"
"5398",474,"Maverick McIvor","QB","Western Kentucky",2026,NA,NA,"undrafted",257,"undrafted - proj undrafted"
"5399",475,"Dequan Finn","QB","Miami (OH)",2026,NA,NA,"undrafted",257,"undrafted - proj undrafted"
"5400",476,"Garrison Grimes","LS","BYU",2026,NA,NA,"undrafted",257,"undrafted - proj undrafted"
"5401",477,"Isaiah Nwokobia","S","SMU",2026,NA,NA,"undrafted",257,"undrafted - proj undrafted"
"5402",478,"Byron Cardwell","RB","San Diego State",2026,NA,NA,"undrafted",257,"undrafted - proj undrafted"
"5403",479,"Jeadyn Lukus","CB","Clemson",2026,NA,NA,"undrafted",257,"undrafted - proj undrafted"
"5404",480,"Ryan Eckley","P","Michigan State",2026,NA,NA,"undrafted",257,"undrafted - proj undrafted"
"5405",481,"Hank Beatty","WR","Illinois",2026,NA,NA,"undrafted",257,"undrafted - proj undrafted"
"5406",482,"West Weeks","LB","LSU",2026,NA,NA,"undrafted",257,"undrafted - proj undrafted"
"5407",483,"Clay Patterson","DL","Stanford",2026,NA,NA,"undrafted",257,"undrafted - proj undrafted"
"5408",484,"Bakyne Coly","OT","Purdue",2026,NA,NA,"undrafted",257,"undrafted - proj undrafted"
"5409",485,"Jalen McMurray","CB","Tennessee",2026,NA,NA,"undrafted",257,"undrafted - proj undrafted"
"5410",486,"Myles Rowser","S","Arizona State",2026,NA,NA,"undrafted",257,"undrafted - proj undrafted"
"5411",487,"Dontae Balfour","CB","Texas Tech",2026,NA,NA,"undrafted",257,"undrafted - proj undrafted"
"5412",488,"Terry Webb","DL","SMU",2026,NA,NA,"undrafted",257,"undrafted - proj undrafted"
"5413",489,"Curtis Allen","RB","Virginia Union",2026,NA,NA,"undrafted",257,"undrafted - proj undrafted"
"5414",490,"Blake Cotton","CB","Utah",2026,NA,NA,"undrafted",257,"undrafted - proj undrafted"
"5415",491,"Kaena Decambra","IOL","Arizona",2026,NA,NA,"undrafted",257,"undrafted - proj undrafted"
"5416",492,"Reuben Unije","OT","UCLA",2026,NA,NA,"undrafted",257,"undrafted - proj undrafted"
"5417",493,"Kalil Alexander","EDGE","Texas State",2026,NA,NA,"undrafted",257,"undrafted - proj undrafted"
"5418",494,"Izavion Miller","OT","Auburn",2026,NA,NA,"undrafted",257,"undrafted - proj undrafted"
"5419",495,"PJ Williams","OT","SMU",2026,NA,NA,"undrafted",257,"undrafted - proj undrafted"
"5420",496,"Jakari Foster","S","Louisiana Tech",2026,NA,NA,"undrafted",257,"undrafted - proj undrafted"
"5421",497,"Bravion Rogers","CB","Texas A&M",2026,NA,NA,"undrafted",257,"undrafted - proj undrafted"
"5422",498,"Jameial Lyons","EDGE","Penn State",2026,NA,NA,"undrafted",257,"undrafted - proj undrafted"
"5423",499,"Jason Moore","DL","Ohio State",2026,NA,NA,"undrafted",257,"undrafted - proj undrafted"
"5424",500,"Markee Anderson","IOL","South Carolina",2026,NA,NA,"undrafted",257,"undrafted - proj undrafted"
"5425",501,"Samuel MPemba","EDGE","Texas A&M",2026,NA,NA,"undrafted",257,"undrafted - proj undrafted"
"5426",502,"Jaylon Braxton","CB","Mississippi",2026,NA,NA,"undrafted",257,"undrafted - proj undrafted"
"5427",503,"Bai Jobe","EDGE","Miami (OH)",2026,NA,NA,"undrafted",257,"undrafted - proj undrafted"
"5428",504,"Lewis Carter","LB","UCF",2026,NA,NA,"undrafted",257,"undrafted - proj undrafted"
"5429",505,"Joshua Padilla","IOL","Ohio State",2026,NA,NA,"undrafted",257,"undrafted - proj undrafted"
"5430",506,"Raymond Cottrell","WR","West Alabama",2026,NA,NA,"undrafted",257,"undrafted - proj undrafted"
"5431",507,"Ryan Niblett","WR","Texas",2026,NA,NA,"undrafted",257,"undrafted - proj undrafted"
"5432",508,"Jaiden Ausberry","LB","Notre Dame",2026,NA,NA,"undrafted",257,"undrafted - proj undrafted"
"5433",509,"Jaybron Harvey","EDGE","North Carolina",2026,NA,NA,"undrafted",257,"undrafted - proj undrafted"
"5434",510,"Shamurad Umarov","OT","Tennessee",2026,NA,NA,"undrafted",257,"undrafted - proj undrafted"
"5435",511,"Calvin Simpson-Hunt","CB","Baylor",2026,NA,NA,"undrafted",257,"undrafted - proj undrafted"
"5436",512,"Ayden Williams","WR","Mississippi State",2026,NA,NA,"undrafted",257,"undrafted - proj undrafted"
"5437",513,"Nathan Leacock","WR","North Carolina",2026,NA,NA,"undrafted",257,"undrafted - proj undrafted"
"5438",514,"Troy Bowles","LB","Michigan",2026,NA,NA,"undrafted",257,"undrafted - proj undrafted"
"5439",515,"Derion Gullette","EDGE","Mississippi State",2026,NA,NA,"undrafted",257,"undrafted - proj undrafted"
"5440",516,"Brenan Vernon","DL","Notre Dame",2026,NA,NA,"undrafted",257,"undrafted - proj undrafted"
"5441",517,"Makari Vickers","CB","Colorado",2026,NA,NA,"undrafted",257,"undrafted - proj undrafted"
"5442",518,"Braylon James","WR","TCU",2026,NA,NA,"undrafted",257,"undrafted - proj undrafted"
"5443",519,"Calvin Clements","OT","Kansas",2026,NA,NA,"undrafted",257,"undrafted - proj undrafted"
"5444",520,"Sedrick Alexander","RB","Vanderbilt",2026,NA,NA,"undrafted",257,"undrafted - proj undrafted"
"5445",521,"AMarion McCoy","CB","Boise State",2026,NA,NA,"undrafted",257,"undrafted - proj undrafted"
"5446",522,"James Durand","IOL","Western Illinois",2026,NA,NA,"undrafted",257,"undrafted - proj undrafted"
"5447",523,"Grayson Loftis","QB","Charlotte",2026,NA,NA,"undrafted",257,"undrafted - proj undrafted"
"5448",524,"Davin Stoffel","TE","Illinois",2026,NA,NA,"undrafted",257,"undrafted - proj undrafted"
"5449",525,"Denver Harris","CB","UNLV",2026,NA,NA,"undrafted",257,"undrafted - proj undrafted"
"5450",526,"Travis Shaw","DL","Texas",2026,NA,NA,"undrafted",257,"undrafted - proj undrafted"
"5451",527,"JQ Hardaway","CB","Kentucky",2026,NA,NA,"undrafted",257,"undrafted - proj undrafted"
"5452",528,"Dasan McCullough","EDGE","Nebraska",2026,NA,NA,"undrafted",257,"undrafted - proj undrafted"
"5453",529,"Jaylon Glover","RB","UNLV",2026,NA,NA,"undrafted",257,"undrafted - proj undrafted"
"5454",530,"Kobe Prentice","WR","Baylor",2026,NA,NA,"undrafted",257,"undrafted - proj undrafted"
"5455",531,"Shawn Murphy","LB","South Carolina",2026,NA,NA,"undrafted",257,"undrafted - proj undrafted"
"5456",532,"Dayne Shor","OT","Akron",2026,NA,NA,"undrafted",257,"undrafted - proj undrafted"
"5457",533,"Collin Sadler","OT","Clemson",2026,NA,NA,"undrafted",257,"undrafted - proj undrafted"
"5458",534,"Jamari Lyons","DL","Florida",2026,NA,NA,"undrafted",257,"undrafted - proj undrafted"
"5459",535,"TreVonte Citizen","RB","McNeese State",2026,NA,NA,"undrafted",257,"undrafted - proj undrafted"
"5460",536,"Kyion Grayes","WR","California",2026,NA,NA,"undrafted",257,"undrafted - proj undrafted"
"5461",537,"Justice Finkley","EDGE","Kansas",2026,NA,NA,"undrafted",257,"undrafted - proj undrafted"
"5462",538,"Cam Miller","CB","Rutgers",2026,NA,NA,"undrafted",257,"undrafted - proj undrafted"
"5463",539,"Khurtiss Perry","DL","Jacksonville State",2026,NA,NA,"undrafted",257,"undrafted - proj undrafted"
"5464",540,"Jayden Virgin-Morgan","EDGE","Boise State",2026,NA,NA,"undrafted",257,"undrafted - proj undrafted"
"5465",541,"Antonio Gates","WR","Delaware State",2026,NA,NA,"undrafted",257,"undrafted - proj undrafted"
"5466",542,"Holden Staes","TE","Indiana",2026,NA,NA,"undrafted",257,"undrafted - proj undrafted"
"5467",543,"Jacolby Spells","CB","West Virginia",2026,NA,NA,"undrafted",257,"undrafted - proj undrafted"
"5468",544,"Braylin Presley","WR","Tulsa",2026,NA,NA,"undrafted",257,"undrafted - proj undrafted"
"5469",545,"Zion Branch","S","Georgia",2026,NA,NA,"undrafted",257,"undrafted - proj undrafted"
"5470",546,"Kaleb Brown","WR","UAB",2026,NA,NA,"undrafted",257,"undrafted - proj undrafted"
"5471",547,"CJ Williams","WR","Stanford",2026,NA,NA,"undrafted",257,"undrafted - proj undrafted"
"5472",548,"Amari Niblack","TE","Texas A&M",2026,NA,NA,"undrafted",257,"undrafted - proj undrafted"
"5473",549,"Maalik Murphy","QB","Oregon State",2026,NA,NA,"undrafted",257,"undrafted - proj undrafted"
"5474",550,"Keaten Wade","EDGE","Colorado",2026,NA,NA,"undrafted",257,"undrafted - proj undrafted"
"5475",551,"Tobias Merriweather","WR","Utah",2026,NA,NA,"undrafted",257,"undrafted - proj undrafted"
"5476",552,"Malick Sylla","EDGE","Mississippi State",2026,NA,NA,"undrafted",257,"undrafted - proj undrafted"
"5477",553,"Cole Hutson","IOL","Texas",2026,NA,NA,"undrafted",257,"undrafted - proj undrafted"
"5478",554,"Julian Armella","IOL","UCLA",2026,NA,NA,"undrafted",257,"undrafted - proj undrafted"
"5479",555,"Popeye Williams","EDGE","Western Michigan",2026,NA,NA,"undrafted",257,"undrafted - proj undrafted"
"5480",556,"Pichon Wimbley","IOL","Georgia Southern",2026,NA,NA,"undrafted",257,"undrafted - proj undrafted"
"5481",557,"Squirrel White","WR","Florida State",2026,NA,NA,"undrafted",257,"undrafted - proj undrafted"
"5482",558,"Andrew Paul","RB","Jacksonville State",2026,NA,NA,"undrafted",257,"undrafted - proj undrafted"
"5483",559,"Deshaun Lee","CB","Iowa",2026,NA,NA,"undrafted",257,"undrafted - proj undrafted"
"5484",560,"Josh Kattus","TE","Kentucky",2026,NA,NA,"undrafted",257,"undrafted - proj undrafted"
"5485",561,"Tyler Perkins","P","Iowa State",2026,NA,NA,"undrafted",257,"undrafted - proj undrafted"
"5486",562,"Darren Agu","EDGE","New Mexico",2026,NA,NA,"undrafted",257,"undrafted - proj undrafted"
"5487",563,"Cade McConnell","IOL","Vanderbilt",2026,NA,NA,"undrafted",257,"undrafted - proj undrafted"
"5488",564,"Wendell Moe","IOL","Tennessee",2026,NA,NA,"undrafted",257,"undrafted - proj undrafted"
"5489",565,"Savion Red","RB","Sacramento State",2026,NA,NA,"undrafted",257,"undrafted - proj undrafted"
"5490",566,"Van Wells","IOL","Oregon State",2026,NA,NA,"undrafted",257,"undrafted - proj undrafted"
"5491",567,"Jahiem Lawson","EDGE","Clemson",2026,NA,NA,"undrafted",257,"undrafted - proj undrafted"
"5492",568,"Owen McCown","QB","UTSA",2026,NA,NA,"undrafted",257,"undrafted - proj undrafted"
"5493",569,"Jeremiah Earby","CB","Boise State",2026,NA,NA,"undrafted",257,"undrafted - proj undrafted"
"5494",570,"Malik Spencer","S","Michigan State",2026,NA,NA,"undrafted",257,"undrafted - proj undrafted"
"5495",571,"Jerry Wilson","CB","Florida State",2026,NA,NA,"undrafted",257,"undrafted - proj undrafted"
"5496",572,"Damonic Williams","DL","Oklahoma",2026,NA,NA,"undrafted",257,"undrafted - proj undrafted"
"5497",573,"Eddie Kelly","DL","West Virginia",2026,NA,NA,"undrafted",257,"undrafted - proj undrafted"
"5498",574,"Richard Reese","RB","Stephen F. Austin",2026,NA,NA,"undrafted",257,"undrafted - proj undrafted"
"5499",575,"Gavin Gibson","CB","North Carolina",2026,NA,NA,"undrafted",257,"undrafted - proj undrafted"
"5500",576,"Nate Johnson","QB","Utah",2026,NA,NA,"undrafted",257,"undrafted - proj undrafted"
"5501",577,"Justus Ross-Simmons","WR","Syracuse",2026,NA,NA,"undrafted",257,"undrafted - proj undrafted"
"5502",578,"Kam Olds","EDGE","Kentucky",2026,NA,NA,"undrafted",257,"undrafted - proj undrafted"
"5503",579,"John Bock","IOL","Tulane",2026,NA,NA,"undrafted",257,"undrafted - proj undrafted"
"5504",580,"Kyron Barnes","OT","Nicholls",2026,NA,NA,"undrafted",257,"undrafted - proj undrafted"
"5505",581,"Braxton Fely","DL","Boise State",2026,NA,NA,"undrafted",257,"undrafted - proj undrafted"
"5506",582,"Cameron Robertson","EDGE","SMU",2026,NA,NA,"undrafted",257,"undrafted - proj undrafted"
"5507",583,"Jordan Pollard","LB","San Jose State",2026,NA,NA,"undrafted",257,"undrafted - proj undrafted"
"5508",584,"Bryan McCoy","LB","Oklahoma State",2026,NA,NA,"undrafted",257,"undrafted - proj undrafted"
"5509",585,"Lance St Louis","LS","Texas",2026,NA,NA,"undrafted",257,"undrafted - proj undrafted"
"5510",586,"Jackson Lee","LS","Florida Atlantic",2026,NA,NA,"undrafted",257,"undrafted - proj undrafted"
"5511",587,"Desmeal Leigh","OT","Youngstown State",2026,NA,NA,"undrafted",257,"undrafted - proj undrafted"
"5512",588,"Liam Becher","IOL","North Dakota",2026,NA,NA,"undrafted",257,"undrafted - proj undrafted"
"5513",589,"Maurice Westmoreland","EDGE","Tulane",2026,NA,NA,"undrafted",257,"undrafted - proj undrafted"
"5514",590,"Omar Aigbedion","IOL","Baylor",2026,NA,NA,"undrafted",257,"undrafted - proj undrafted"
"5515",591,"Quinten Christensen","IOL","South Dakota State",2026,NA,NA,"undrafted",257,"undrafted - proj undrafted"
"5516",592,"Damon Payne","DL","Michigan",2026,NA,NA,"undrafted",257,"undrafted - proj undrafted"
"5517",593,"Sage Ryan","S","Mississippi",2026,NA,NA,"undrafted",257,"undrafted - proj undrafted"
"5518",594,"Korey Foreman","EDGE","Fresno State",2026,NA,NA,"undrafted",257,"undrafted - proj undrafted"
"5519",595,"Bryce Carter","DL","Texas State",2026,NA,NA,"undrafted",257,"undrafted - proj undrafted"
"5520",596,"Avante Dickerson","CB","Arkansas State",2026,NA,NA,"undrafted",257,"undrafted - proj undrafted"
"5521",597,"Nyland Green","CB","Arizona State",2026,NA,NA,"undrafted",257,"undrafted - proj undrafted"
"5522",598,"Raheem Anderson","IOL","Western Michigan",2026,NA,NA,"undrafted",257,"undrafted - proj undrafted"
"5523",599,"Teddy Prochazka","OT","Nebraska",2026,NA,NA,"undrafted",257,"undrafted - proj undrafted"
"5524",600,"Savion Byrd","IOL","SMU",2026,NA,NA,"undrafted",257,"undrafted - proj undrafted"
"5525",601,"Jonathan Jefferson","DL","SMU",2026,NA,NA,"undrafted",257,"undrafted - proj undrafted"
"5526",602,"Ty Thompson","TE","Tulane",2026,NA,NA,"undrafted",257,"undrafted - proj undrafted"
"5527",603,"Ethan Calvert","LB","Cal Poly",2026,NA,NA,"undrafted",257,"undrafted - proj undrafted"
"5528",604,"Tywone Malone","DL","Ohio State",2026,NA,NA,"undrafted",257,"undrafted - proj undrafted"
"5529",605,"Christian Leary","WR","Western Michigan",2026,NA,NA,"undrafted",257,"undrafted - proj undrafted"
"5530",606,"Deion Colzie","WR","Miami (OH)",2026,NA,NA,"undrafted",257,"undrafted - proj undrafted"
"5531",607,"Zen Michalski","OT","Indiana",2026,NA,NA,"undrafted",257,"undrafted - proj undrafted"
"5532",608,"JP Benzschawel","IOL","Wisconsin",2026,NA,NA,"undrafted",257,"undrafted - proj undrafted"
"5533",609,"Preston Stone","QB","Northwestern",2026,NA,NA,"undrafted",257,"undrafted - proj undrafted"
"5534",610,"Kelvin Gilliam","DL","Virginia Tech",2026,NA,NA,"undrafted",257,"undrafted - proj undrafted"
"5535",611,"Dacari Collins","WR","Louisville",2026,NA,NA,"undrafted",257,"undrafted - proj undrafted"
"5536",612,"Damarius McGhee","CB","Florida Atlantic",2026,NA,NA,"undrafted",257,"undrafted - proj undrafted"
"5537",613,"Raesjon Davis","LB","Oregon State",2026,NA,NA,"undrafted",257,"undrafted - proj undrafted"
"5538",614,"Bram Walden","IOL","Arizona State",2026,NA,NA,"undrafted",257,"undrafted - proj undrafted"
"5539",615,"JoJo Earle","WR","UNLV",2026,NA,NA,"undrafted",257,"undrafted - proj undrafted"
"5540",616,"Jayden Ballard","WR","Wisconsin",2026,NA,NA,"undrafted",257,"undrafted - proj undrafted"
"5541",617,"LJ Johnson","RB","California",2026,NA,NA,"undrafted",257,"undrafted - proj undrafted"
"5542",618,"Armoni Goodwin","RB","UT Martin",2026,NA,NA,"undrafted",257,"undrafted - proj undrafted"
"5543",619,"Keanu Koht","EDGE","Vanderbilt",2026,NA,NA,"undrafted",257,"undrafted - proj undrafted"
"5544",620,"Reuben Fatheree","OT","Texas A&M",2026,NA,NA,"undrafted",257,"undrafted - proj undrafted"
"5545",621,"Clayton Smith","EDGE","Arizona State",2026,NA,NA,"undrafted",257,"undrafted - proj undrafted"
"5546",622,"Trevion Cooley","RB","Troy",2026,NA,NA,"undrafted",257,"undrafted - proj undrafted"
"5547",623,"Elliot Donald","DL","Pittsburgh",2026,NA,NA,"undrafted",257,"undrafted - proj undrafted"
"5548",624,"Zaire Patterson","EDGE","Clemson",2026,NA,NA,"undrafted",257,"undrafted - proj undrafted"
"5549",625,"Terrence Ferguson","IOL","Syracuse",2026,NA,NA,"undrafted",257,"undrafted - proj undrafted"
"5550",626,"Jaylin Davies","CB","Oklahoma State",2026,NA,NA,"undrafted",257,"undrafted - proj undrafted"
"5551",627,"Kyron Ware-Hudson","WR","Penn State",2026,NA,NA,"undrafted",257,"undrafted - proj undrafted"
"5552",628,"Kadarius Calloway","RB","New Mexico State",2026,NA,NA,"undrafted",257,"undrafted - proj undrafted"
"5553",629,"Prince Kollie","LB","Vanderbilt",2026,NA,NA,"undrafted",257,"undrafted - proj undrafted"
"5554",630,"Reid Carrico","LB","West Virginia",2026,NA,NA,"undrafted",257,"undrafted - proj undrafted"
"5555",631,"David Daniel-Sisavanh","S","Troy",2026,NA,NA,"undrafted",257,"undrafted - proj undrafted"
"5556",632,"Cade Denhoff","EDGE","Clemson",2026,NA,NA,"undrafted",257,"undrafted - proj undrafted"
"5557",633,"Keli Lawson","LB","UCF",2026,NA,NA,"undrafted",257,"undrafted - proj undrafted"
"5558",634,"Marcus Burris","DL","Memphis",2026,NA,NA,"undrafted",257,"undrafted - proj undrafted"
"5559",635,"Malik McClain","WR","Arizona State",2026,NA,NA,"undrafted",257,"undrafted - proj undrafted"
"5560",636,"Daylan Carnell","S","Missouri",2026,NA,NA,"undrafted",257,"undrafted - proj undrafted"
"5561",637,"Alton McCaskill","RB","Sam Houston State",2026,NA,NA,"undrafted",257,"undrafted - proj undrafted"
"5562",638,"Sean Brown","LB","NC State",2026,NA,NA,"undrafted",257,"undrafted - proj undrafted"
"5563",639,"Jayden Thomas","WR","Virginia",2026,NA,NA,"undrafted",257,"undrafted - proj undrafted"
"5564",640,"Jared Brown","WR","South Carolina",2026,NA,NA,"undrafted",257,"undrafted - proj undrafted"
"5565",641,"Jason Henderson","LB","Old Dominion",2026,NA,NA,"undrafted",257,"undrafted - proj undrafted"
"5566",642,"Tiaoalii Savea","DL","Arizona",2026,NA,NA,"undrafted",257,"undrafted - proj undrafted"
"5567",643,"Khordae Sydnor","EDGE","Vanderbilt",2026,NA,NA,"undrafted",257,"undrafted - proj undrafted"
"5568",644,"Jerand Bradley","WR","Kansas State",2026,NA,NA,"undrafted",257,"undrafted - proj undrafted"
"5569",645,"Barika Kpeenu","RB","North Dakota State",2026,NA,NA,"undrafted",257,"undrafted - proj undrafted"
"5570",646,"Roy Williams","EDGE","Northern Illinois",2026,NA,NA,"undrafted",257,"undrafted - proj undrafted"
"5571",647,"Ryan Mosesso","OT","UMass",2026,NA,NA,"undrafted",257,"undrafted - proj undrafted"
"5572",648,"Dorion Strawn","OT","Texas State",2026,NA,NA,"undrafted",257,"undrafted - proj undrafted"
"5573",649,"Joseph Manjack","WR","TCU",2026,NA,NA,"undrafted",257,"undrafted - proj undrafted"
"5574",650,"Andrel Anthony","WR","Duke",2026,NA,NA,"undrafted",257,"undrafted - proj undrafted"
"5575",651,"Jordan Favors","S","Appalachian State",2026,NA,NA,"undrafted",257,"undrafted - proj undrafted"
"5576",652,"Mason Murphy","OT","Auburn",2026,NA,NA,"undrafted",257,"undrafted - proj undrafted"
"5577",653,"Dylan Rosiek","LB","Illinois",2026,NA,NA,"undrafted",257,"undrafted - proj undrafted"
"5578",654,"Chamon Metayer","TE","Arizona State",2026,NA,NA,"undrafted",257,"undrafted - proj undrafted"
"5579",655,"Darian Chestnut","CB","Syracuse",2026,NA,NA,"undrafted",257,"undrafted - proj undrafted"
"5580",656,"Shyheim Brown","S","Florida State",2026,NA,NA,"undrafted",257,"undrafted - proj undrafted"
"5581",657,"Logan Diggs","RB","Mississippi",2026,NA,NA,"undrafted",257,"undrafted - proj undrafted"
"5582",658,"Devean Deal","EDGE","TCU",2026,NA,NA,"undrafted",257,"undrafted - proj undrafted"
"5583",659,"Cade Zimmerly","IOL","Bowling Green",2026,NA,NA,"undrafted",257,"undrafted - proj undrafted"
"5584",660,"Bert Auburn","K","Miami (FL)",2026,NA,NA,"undrafted",257,"undrafted - proj undrafted"
"5585",661,"Ross James","P","Oregon",2026,NA,NA,"undrafted",257,"undrafted - proj undrafted"
"5586",662,"Kamryn Waites","IOL","Florida",2026,NA,NA,"undrafted",257,"undrafted - proj undrafted"
"5587",663,"Bruno Onwuazor","OT","Virginia State",2026,NA,NA,"undrafted",257,"undrafted - proj undrafted"
"5588",664,"Ashton Grable","IOL","Florida A&M",2026,NA,NA,"undrafted",257,"undrafted - proj undrafted"
"5589",665,"Key Lawrence","CB","UCLA",2026,NA,NA,"undrafted",257,"undrafted - proj undrafted"
"5590",666,"Demon Clowney","EDGE","South Carolina",2026,NA,NA,"undrafted",257,"undrafted - proj undrafted"
"5591",667,"Reggie Grimes","EDGE","Memphis",2026,NA,NA,"undrafted",257,"undrafted - proj undrafted"
"5592",668,"EJ Smith","RB","Texas A&M",2026,NA,NA,"undrafted",257,"undrafted - proj undrafted"
"5593",669,"Tyler Van Dyke","QB","SMU",2026,NA,NA,"undrafted",257,"undrafted - proj undrafted"
"5594",670,"Bangally Kamara","LB","Kansas",2026,NA,NA,"undrafted",257,"undrafted - proj undrafted"
"5595",671,"Chad Lindberg","IOL","North Carolina",2026,NA,NA,"undrafted",257,"undrafted - proj undrafted"
"5596",672,"Stephen Dix","LB","Arkansas",2026,NA,NA,"undrafted",257,"undrafted - proj undrafted"
"5597",673,"Dominic Bailey","EDGE","Tennessee",2026,NA,NA,"undrafted",257,"undrafted - proj undrafted"
"5598",674,"Roydell Williams","RB","Florida State",2026,NA,NA,"undrafted",257,"undrafted - proj undrafted"
"5599",675,"Zykeivous Walker","DL","Auburn",2026,NA,NA,"undrafted",257,"undrafted - proj undrafted"
"5600",676,"Drew Pyne","QB","Bowling Green",2026,NA,NA,"undrafted",257,"undrafted - proj undrafted"
"5601",677,"Malcolm Greene","S","UMass",2026,NA,NA,"undrafted",257,"undrafted - proj undrafted"
"5602",678,"Xavion Alford","S","Arizona State",2026,NA,NA,"undrafted",257,"undrafted - proj undrafted"
"5603",679,"Turner Corcoran","IOL","Nebraska",2026,NA,NA,"undrafted",257,"undrafted - proj undrafted"
"5604",680,"Tosh Baker","OT","Notre Dame",2026,NA,NA,"undrafted",257,"undrafted - proj undrafted"
"5605",681,"Aki Ogunbiyi","IOL","Colorado",2026,NA,NA,"undrafted",257,"undrafted - proj undrafted"
"5606",682,"Jeff Sims","QB","Arizona State",2026,NA,NA,"undrafted",257,"undrafted - proj undrafted"
"5607",683,"Dominic Richardson","RB","Tulsa",2026,NA,NA,"undrafted",257,"undrafted - proj undrafted"
"5608",684,"Leon Lowery","LB","Illinois",2026,NA,NA,"undrafted",257,"undrafted - proj undrafted"
"5609",685,"Devin Neal","S","Virginia",2026,NA,NA,"undrafted",257,"undrafted - proj undrafted"
"5610",686,"Jordan White","IOL","Vanderbilt",2026,NA,NA,"undrafted",257,"undrafted - proj undrafted"
"5611",687,"Xavier Hill","IOL","Colorado",2026,NA,NA,"undrafted",257,"undrafted - proj undrafted"
"5612",688,"Payton Zdroik","DL","Air Force",2026,NA,NA,"undrafted",257,"undrafted - proj undrafted"
"5613",689,"Jimari Butler","EDGE","LSU",2026,NA,NA,"undrafted",257,"undrafted - proj undrafted"
"5614",690,"Will Shaffer","LB","Abilene Christian",2026,NA,NA,"undrafted",257,"undrafted - proj undrafted"
"5615",691,"Luke Petitbon","IOL","Florida State",2026,NA,NA,"undrafted",257,"undrafted - proj undrafted"
"5616",692,"Nick Dawkins","IOL","Penn State",2026,NA,NA,"undrafted",257,"undrafted - proj undrafted"
"5617",693,"Jalen Berger","RB","UCLA",2026,NA,NA,"undrafted",257,"undrafted - proj undrafted"
"5618",694,"Gilber Edmond","EDGE","South Carolina",2026,NA,NA,"undrafted",257,"undrafted - proj undrafted"
"5619",695,"Jahmeer Carter","DL","Virginia",2026,NA,NA,"undrafted",257,"undrafted - proj undrafted"
"5620",696,"Courtland Ford","OT","UCLA",2026,NA,NA,"undrafted",257,"undrafted - proj undrafted"
"5621",697,"DJ Graham","CB","Kansas",2026,NA,NA,"undrafted",257,"undrafted - proj undrafted"
"5622",698,"JaMori Maclin","WR","Kentucky",2026,NA,NA,"undrafted",257,"undrafted - proj undrafted"
"5623",699,"Cam Porter","RB","Northwestern",2026,NA,NA,"undrafted",257,"undrafted - proj undrafted"
"5624",700,"Ben Bell","EDGE","Virginia Tech",2026,NA,NA,"undrafted",257,"undrafted - proj undrafted"
"5625",701,"Nate Rutchena","TE","UC Davis",2026,NA,NA,"undrafted",257,"undrafted - proj undrafted"
"5626",702,"Stefon Thompson","LB","Florida State",2026,NA,NA,"undrafted",257,"undrafted - proj undrafted"
"5627",703,"Tyree Skipper","S","Louisiana-Lafayette",2026,NA,NA,"undrafted",257,"undrafted - proj undrafted"
"5628",704,"Tay Yanta","IOL","North Texas",2026,NA,NA,"undrafted",257,"undrafted - proj undrafted"
"5629",705,"Matthew Sluka","QB","James Madison",2026,NA,NA,"undrafted",257,"undrafted - proj undrafted"
"5630",706,"Sabastian Harsh","DL","NC State",2026,NA,NA,"undrafted",257,"undrafted - proj undrafted"
"5631",707,"JaVarrius Johnson","WR","UCF",2026,NA,NA,"undrafted",257,"undrafted - proj undrafted"
"5632",708,"Cade McNamara","QB","East Tennessee State",2026,NA,NA,"undrafted",257,"undrafted - proj undrafted"
"5633",709,"Donavon Greene","WR","Virginia Tech",2026,NA,NA,"undrafted",257,"undrafted - proj undrafted"
"5634",710,"Antonio Clary","S","Virginia",2026,NA,NA,"undrafted",257,"undrafted - proj undrafted"
"5635",711,"Matthew Bedford","OT","Oregon",2026,NA,NA,"undrafted",257,"undrafted - proj undrafted"
"5636",712,"Zach Calzada","QB","Kentucky",2026,NA,NA,"undrafted",257,"undrafted - proj undrafted"
"5637",713,"Isheem Young","S","Memphis",2026,NA,NA,"undrafted",257,"undrafted - proj undrafted"
"5638",714,"Ben Coleman","IOL","Arizona State",2026,NA,NA,"undrafted",257,"undrafted - proj undrafted"
