"","player","Position","date_signed","contract_type","APY","Years","draft_year","rank_on_date_APY","contract_num"
"1","Thomas Hennessy","LS",2017-05-14,"UDFA",555000,3,2017,21,2
"2","Nigel Tribune","CB",2017-06-01,"SFA",510000,2,2017,244,2
"3","Erik Austell","C",2017-06-09,"SFA",510000,2,2017,75,2
"4","Reggie Porter","CB",2017-07-21,"SFA",465000,1,2017,265,2
"5","Caleb Kidder","EDGE",2017-07-27,"SFA",465000,1,2017,218,2
"6","Rob Wheelwright","WR",2017-08-01,"SFA",465000,1,2017,314,2
"7","Shaq Hill","WR",2017-08-02,"SFA",510000,2,2017,297,2
"8","Steven Wroblewski","TE",2017-08-05,"SFA",510000,2,2017,162,2
"9","Emanuel Byrd","TE",2017-08-05,"SFA",465000,1,2017,167,2
"10","Kwayde Miller","LT",2017-08-05,"SFA",465000,1,2017,81,2
"11","Brandon Radcliff","RB",2017-08-06,"SFA",510000,2,2017,178,2
"12","Cameron Posey","WR",2017-08-07,"SFA",465000,1,2017,315,2
"13","Lucas Crowley","C",2017-08-08,"SFA",465000,1,2017,77,2
"14","Dejaun Butler","CB",2017-08-16,"SFA",510000,2,2017,267,2
"15","Justin Thomas","WR",2017-08-23,"SFA",465000,1,2017,326,2
"16","C.J. Germany","WR",2017-08-23,"SFA",465000,1,2017,326,2
"17","Jahad Thomas","RB",2017-08-24,"SFA",465000,1,2017,185,2
"18","Karel Hamilton","WR",2017-08-25,"SFA",510000,2,2017,308,2
"19","Daniel Gray","CB",2017-08-28,"SFA",465000,1,2017,279,2
"20","De'Mard Llorens","RB",2017-08-29,"SFA",510000,2,2017,180,2
"21","Jake Elliott","K",2017-09-03,"Practice",122400,1,2017,44,2
"22","DeAngelo Yancey","WR",2017-09-03,"Practice",122400,1,2017,355,2
"23","Nate Gerry","LB",2017-09-03,"Practice",465000,1,2017,277,2
"24","Michael Tyson","S",2017-09-03,"Practice",122400,1,2017,212,2
"25","Adam Bisnowaty","LT",2017-09-03,"Practice",340000,1,2017,88,2
"26","Sam Rogers","FB",2017-09-03,"Practice",122400,1,2017,35,2
"27","Brandon Wilson","S",2017-09-03,"Practice",122400,1,2017,212,2
"28","Robert Davis","WR",2017-09-03,"Practice",122400,1,2017,355,2
"29","Kofi Amichia","C",2017-09-03,"Practice",122400,1,2017,86,2
"30","Marquez White","CB",2017-09-03,"Practice",122400,1,2017,297,2
"31","Leon McQuay III","S",2017-09-03,"Practice",122400,1,2017,212,2
"32","Ifeadi Odenigbo","EDGE",2017-09-03,"Practice",122400,1,2017,241,2
"33","Elijah Lee","LB",2017-09-03,"Practice",139400,1,2017,293,2
"34","Elijah Hood","RB",2017-09-03,"Practice",122400,1,2017,193,2
"35","Pat O'Connor","EDGE",2017-09-03,"Practice",122400,1,2017,241,2
"36","Garrett Sickels","EDGE",2017-09-03,"Practice",122400,1,2017,241,2
"37","Phillip Walker","QB",2017-09-03,"Practice",122400,1,2017,118,2
"38","Nick Mullens","QB",2017-09-03,"Practice",122400,1,2017,118,2
"39","Omarius Bryant","DE",2017-09-03,"Practice",122400,1,2017,99,2
"40","Amba Etta-Tawo","WR",2017-09-03,"Practice",122400,1,2017,355,2
"41","Levonte Whitfield","WR",2017-09-03,"Practice",122400,1,2017,355,2
"42","Evan Baylis","TE",2017-09-03,"Practice",122400,1,2017,185,2
"43","Riley McCarron","WR",2017-09-03,"Practice",122400,1,2017,355,2
"44","Gimel President","EDGE",2017-09-03,"Practice",122400,1,2017,241,2
"45","Daniel Ross","DT",2017-09-03,"Practice",122400,1,2017,155,2
"46","Fred Brown","WR",2017-09-03,"Practice",122400,1,2017,355,2
"47","Alex Gray","TE",2017-09-03,"Practice",122400,1,2017,185,2
"48","Lance Lenoir","TE",2017-09-03,"Practice",122400,1,2017,185,2
"49","Michael Dunn","LT",2017-09-03,"Practice",122400,1,2017,90,2
"50","Eric Nzeocha","LB",2017-09-03,"Practice",122400,1,2017,294,2
"51","Whitney Richardson","DE",2017-09-03,"Practice",122400,1,2017,99,2
"52","Devine Redding","RB",2017-09-03,"Practice",122400,1,2017,193,2
"53","Dorian Johnson","RG",2017-09-04,"Practice",122400,1,2017,71,2
"54","Jeremy McNichols","RB",2017-09-04,"Practice",170000,1,2017,189,2
"55","David Moore","WR",2017-09-04,"Practice",122400,1,2017,352,2
"56","Khalfani Muhammad","RB",2017-09-04,"Practice",170000,1,2017,189,2
"57","Cameron Lee","RG",2017-09-04,"Practice",122400,1,2017,71,2
"58","JoJo Natson","WR",2017-09-04,"Practice",170000,1,2017,345,2
"59","Austin Calitro","LB",2017-09-04,"Practice",122400,1,2017,293,2
"60","Carroll Phillips","EDGE",2017-09-04,"Practice",122400,1,2017,235,2
"61","Alex Armah","FB",2017-09-05,"Practice",122400,1,2017,34,2
"62","Justin Hardee","WR",2017-09-07,"Practice",122400,1,2017,345,2
"63","B.J. Bello","LB",2017-09-08,"SFA",510000,2,2017,270,2
"64","Kai Nacua","S",2017-09-08,"SFA",510000,2,2017,200,2
"65","Damore'ea Stringfellow","WR",2017-09-08,"Practice",122400,1,2017,344,2
"66","Dee Virgin","CB",2017-09-08,"Practice",122400,1,2017,293,2
"67","Storm Norton","RT",2017-09-09,"SFA",465000,1,2017,72,2
"68","Tyrique Jarrett","DT",2017-09-11,"SFA",555000,3,2017,114,2
"69","Malachi Dupre","WR",2017-09-12,"Practice",122400,1,2017,346,2
"70","Tanner Gentry","WR",2017-09-12,"SFA",510000,2,2017,298,2
"71","Josh Rounds","RB",2017-09-12,"Practice",122400,1,2017,192,2
"72","Ryan Lewis","CB",2017-09-13,"Practice",465000,1,2017,271,2
"73","Brian Brown","WR",2017-09-13,"Practice",122400,1,2017,343,2
"74","Rickey Hatley","DE",2017-09-13,"Practice",122400,1,2017,95,2
"75","J.J. Dielman","C",2017-09-14,"Practice",122400,1,2017,86,2
"76","Bucky Hodges","TE",2017-09-15,"Practice",122400,1,2017,176,2
"77","Isaac Rochell","DE",2017-09-15,"Practice",122400,1,2017,94,2
"78","Harrison Butker","K",2017-09-15,"Practice",122400,1,2017,45,2
"79","Michael Davis","CB",2017-09-16,"SFA",555000,3,2017,198,2
"80","Kyle Sloter","QB",2017-09-16,"SFA",555000,3,2017,93,2
"81","David Rivers","CB",2017-09-19,"Practice",122400,1,2017,294,2
"82","Greg Ward","WR",2017-09-19,"Practice",144500,1,2017,342,2
"83","Joseph Jones","LB",2017-09-19,"Practice",122400,1,2017,292,2
"84","Brad Seaton","RT",2017-09-20,"SFA",122400,1,2017,74,2
"85","Jack Tocho","CB",2017-09-20,"Practice",122400,1,2017,293,2
"86","Zach Pascal","WR",2017-09-20,"SFA",555000,3,2017,204,2
"87","Jarron Jones","DT",2017-09-20,"Practice",122400,1,2017,154,2
"88","Alex Barrett","EDGE",2017-09-22,"Practice",144500,1,2017,234,2
"89","Arthur Maulet","CB",2017-09-23,"SFA",465000,1,2017,269,2
"90","Ricky Seals-Jones","TE",2017-09-25,"SFA",510000,2,2017,156,2
"91","Jamal Perry","CB",2017-09-25,"Practice",170000,1,2017,289,2
"92","Dan Skipper","LT",2017-09-25,"Practice",122400,1,2017,86,2
"93","Krishawn Hogan","WR",2017-09-26,"SFA",510000,2,2017,297,2
"94","Bug Howard","WR",2017-09-26,"Practice",122400,1,2017,349,2
"95","Matt Galambos","LB",2017-09-26,"Practice",122400,1,2017,294,2
"96","Reggie Davis","WR",2017-09-26,"Practice",122400,1,2017,349,2
"97","Channing Stribling","CB",2017-09-27,"Practice",122400,1,2017,291,2
"98","Chris Thompson","WR",2017-09-27,"SFA",555000,3,2017,204,2
"99","Bryan Cox Jr.","EDGE",2017-09-30,"SFA",510000,2,2017,211,2
"100","Hardy Nickerson","LB",2017-09-30,"Practice",122400,1,2017,297,2
"101","Shane Smith","RB",2017-09-30,"Practice",122400,1,2017,186,2
"102","Jerry Ugokwe","RT",2017-10-03,"Practice",122400,1,2017,74,2
"103","Zeek Bigger","LB",2017-10-03,"Practice",122400,1,2017,298,2
"104","Rashard Davis","WR",2017-10-04,"Practice",122400,1,2017,347,2
"105","Josh Carraway","EDGE",2017-10-05,"Practice",170000,1,2017,232,2
"106","Greg Mabin","CB",2017-10-07,"SFA",465000,1,2017,270,2
"107","Travis Rudolph","WR",2017-10-09,"SFA",510000,2,2017,296,2
"108","Andrew Wylie","LT",2017-10-09,"Practice",122400,1,2017,86,2
"109","Derrick Nelson","C",2017-10-10,"Practice",122400,1,2017,84,2
"110","Dieugot Joseph","LT",2017-10-12,"Practice",255000,1,2017,84,2
"111","Kyle Kalis","LG",2017-10-14,"SFA",510000,2,2017,73,2
"112","Cole Hikutini","TE",2017-10-14,"SFA",510000,2,2017,152,2
"113","Xavier Coleman","CB",2017-10-14,"SFA",510000,2,2017,258,2
"114","Marcus Kemp","WR",2017-10-14,"SFA",465000,1,2017,318,2
"115","Peli Anau","DE",2017-10-16,"Practice",122400,1,2017,90,2
"116","Brian Hill","RB",2017-10-17,"Practice",122400,1,2017,185,2
"117","Joey Ivie","DT",2017-10-17,"Practice",122400,1,2017,158,2
"118","Scott Orndoff","TE",2017-10-17,"Practice",122400,1,2017,172,2
"119","Charlie Miller","S",2017-10-17,"Practice",122400,1,2017,210,2
"120","Tim Patrick","WR",2017-10-20,"Practice",122400,1,2017,348,2
"121","Jerrol Garcia-Williams","LB",2017-10-21,"SFA",465000,1,2017,280,2
"122","Elijah Wilkinson","RT",2017-10-21,"SFA",465000,1,2017,70,2
"123","Brad Kaaya","QB",2017-10-25,"Practice",255000,1,2017,115,2
"124","Cameron Tom","C",2017-10-25,"SFA",510000,2,2017,73,2
"125","Jhaustin Thomas","DT",2017-10-25,"Practice",122400,1,2017,155,2
"126","Victor Salako","LT",2017-10-25,"Practice",122400,1,2017,87,2
"127","Chunky Clements","DT",2017-10-25,"Practice",122400,1,2017,155,2
"128","Blake Jarwin","TE",2017-10-26,"SFA",563867,3,2017,106,2
"129","Noble Nwachukwu","EDGE",2017-10-30,"Practice",122400,1,2017,236,2
"130","Marquavius Lewis","EDGE",2017-10-31,"Practice",122400,1,2017,238,2
"131","Rodney Adams","WR",2017-11-01,"Practice",465000,1,2017,320,2
"132","Jason Croom","TE",2017-11-01,"Practice",465000,1,2017,163,2
"133","Donatello Brown","CB",2017-11-03,"SFA",465000,1,2017,274,2
"134","Colin Thompson","TE",2017-11-07,"Practice",122400,1,2017,175,2
"135","Johnny Mundt","TE",2017-11-11,"SFA",465000,1,2017,162,2
"136","Brandon Banks","DE",2017-11-11,"SFA",465000,1,2017,88,2
"137","Josh Tupou","DT",2017-11-11,"SFA",510000,2,2017,138,2
"138","Jarell Carter","CB",2017-11-13,"Practice",122400,1,2017,294,2
"139","Colin Holba","LS",2017-11-14,"SFA",510000,2,2017,42,2
"140","Travis Averill","C",2017-11-14,"Practice",122400,1,2017,83,2
"141","Sojourn Shelton","CB",2017-11-14,"Practice",122400,1,2017,294,2
"142","Ricky Ortiz","FB",2017-11-14,"Practice",204000,1,2017,32,2
"143","Jake Eldrenkamp","",2017-11-15,"Practice",122400,1,2017,NA,2
"144","LeShun Daniels","RB",2017-11-15,"Practice",122400,1,2017,187,2
"145","Orion Stewart","S",2017-11-15,"Practice",122400,1,2017,213,2
"146","De'Veon Smith","RB",2017-11-18,"SFA",465000,1,2017,180,2
"147","Jeremy Liggins","DT",2017-11-21,"Practice",122400,1,2017,155,2
"148","Brady Sheldon","LB",2017-11-21,"Practice",122400,1,2017,307,2
"149","Carlton Agudosi","WR",2017-11-22,"SFA",510000,2,2017,298,2
"150","Marcus Sayles","CB",2017-11-22,"Practice",122400,1,2017,293,2
"151","Zach Conque","TE",2017-11-24,"Practice",170000,1,2017,170,2
"152","Steve Donatell","TE",2017-11-28,"Practice",122400,1,2017,174,2
"153","Bobo Wilson","WR",2017-11-29,"SFA",510000,2,2017,297,2
"154","Patrick Gamble","EDGE",2017-11-29,"Practice",122400,1,2017,244,2
"155","Isaac Whitney","WR",2017-11-29,"SFA",510000,2,2017,297,2
"156","Jeremiah Valoaga","EDGE",2017-11-29,"Practice",465000,1,2017,227,2
"157","Dare Ogunbowale","RB",2017-11-29,"Practice",122400,1,2017,191,2
"158","Darius Victor","RB",2017-11-29,"Practice",122400,1,2017,191,2
"159","Raysean Pringle","CB",2017-11-30,"Practice",122400,1,2017,292,2
"160","Michael Clark","WR",2017-12-01,"SFA",465000,1,2017,324,2
"161","Marcus Rios","CB",2017-12-01,"SFA",480000,2,2017,271,2
"162","Cameron Malveaux","EDGE",2017-12-02,"SFA",510000,2,2017,219,2
"163","Brandon Reilly","WR",2017-12-05,"SFA",555000,3,2017,210,2
"164","Jason King","RG",2017-12-05,"Practice",122400,1,2017,69,2
"165","Leo Koloamatangi","",2017-12-05,"Practice",144500,1,2017,NA,2
"166","Josh Thornton","CB",2017-12-05,"Practice",122400,1,2017,295,2
"167","Jhaustin Thomas","DE",2017-12-07,"Practice",122400,1,2017,93,2
"168","Rashaad Coward","RT",2017-12-09,"SFA",510000,2,2017,67,2
"169","Riley Bullough","LB",2017-12-12,"SFA",510000,2,2017,282,2
"170","Damien Mama","RG",2017-12-12,"SFA",510000,2,2017,59,2
"171","Otha Peters","LB",2017-12-12,"SFA",555000,3,2017,213,2
"172","Dominique Hatfield","CB",2017-12-12,"Practice",122400,1,2017,294,2
"173","Nigel Harris","LB",2017-12-13,"Practice",122400,1,2017,307,2
"174","Jason Thompson","S",2017-12-13,"Practice",122400,1,2017,215,2
"175","Akeem Judd","RB",2017-12-13,"SFA",510000,2,2017,175,2
"176","Colby Pearson","WR",2017-12-13,"Practice",122400,1,2017,360,2
"177","Dymonte Thomas","S",2017-12-14,"SFA",472500,2,2017,204,2
"178","Brandon Bell","LB",2017-12-15,"SFA",510000,2,2017,281,2
"179","Jarveon Williams","RB",2017-12-16,"SFA",555000,2,2017,142,2
"180","Breon Borders","CB",2017-12-16,"SFA",555000,3,2017,199,2
"181","James Onwualu","EDGE",2017-12-19,"Practice",122400,1,2017,249,2
"182","Fish Smithson","S",2017-12-19,"SFA",555000,3,2017,165,2
"183","River Cracraft","WR",2017-12-19,"Practice",122400,1,2017,359,2
"184","Jordan Moore","S",2017-12-20,"Practice",122400,1,2017,218,2
"185","Connor Harris","LB",2017-12-20,"Practice",122400,1,2017,310,2
"186","Marquez Williams","FB",2017-12-23,"Practice",122400,1,2017,33,2
"187","Pharaoh Brown","TE",2017-12-23,"SFA",472500,2,2017,168,2
"188","Brandon Greene","RT",2017-12-23,"SFA",472500,2,2017,71,2
"189","Quincy Adeboyejo","WR",2017-12-26,"SFA",465000,1,2017,325,2
"190","C.J. Board","WR",2017-12-26,"Practice",122400,1,2017,357,2
"191","Montay Crockett","WR",2017-12-26,"SFA",472500,2,2017,323,2
"192","Brandon Barnes","TE",2017-12-26,"Practice",170000,1,2017,178,2
"193","Francis Kallon","DE",2017-12-27,"Practice",122400,1,2017,93,2
"194","Austin Duke","WR",2017-12-27,"Practice",122400,1,2017,358,2
"195","Alek Torgersen","QB",2017-12-27,"Practice",122400,1,2017,119,2
"196","Tre'Von Johnson","LB",2017-12-27,"SFA",505000,3,2017,291,2
"197","Jonathan Moxey","CB",2017-12-27,"Practice",122400,1,2017,298,2
"198","KD Cannon","WR",2017-12-27,"Practice",122400,1,2017,358,2
"199","Johnathan Calvin","EDGE",2017-12-27,"Practice",122400,1,2017,250,2
"200","Xavier Woodson-Luster","LB",2017-12-27,"Practice",122400,1,2017,312,2
"201","Tyrone Swoopes","TE",2017-12-30,"SFA",472500,2,2017,170,2
"202","Daniel Williams","WR",2017-12-30,"Practice",122400,1,2017,358,2
"203","Mo Alie-Cox","TE",2018-01-01,"SFA",525000,2,2017,153,2
"204","Maurice Fleming","CB",2018-01-01,"SFA",525000,2,2017,259,2
"205","Dontez Ford","WR",2018-01-01,"SFA",525000,2,2017,295,2
"206","Kennan Gilchrist","EDGE",2018-01-01,"SFA",525000,2,2017,223,2
"207","Bryce Jones","CB",2018-01-01,"SFA",525000,2,2017,259,2
"208","Andre Patton","WR",2018-01-02,"SFA",480000,1,2017,344,2
"209","Artavis Scott","WR",2018-01-02,"SFA",480000,1,2017,344,2
"210","Fadol Brown","DE",2018-01-02,"SFA",480000,1,2017,93,2
"211","Keon Hatcher","WR",2018-01-02,"SFA",480000,1,2017,344,2
"212","Jordan Simmons","LG",2018-01-02,"SFA",480000,1,2017,84,2
"213","Malcolm Lewis","WR",2018-01-02,"SFA",525000,2,2017,298,2
"214","Drew Morgan","WR",2018-01-02,"SFA",525000,2,2017,298,2
"215","Joby Saint Fleur","EDGE",2018-01-02,"SFA",480000,1,2017,245,2
"216","Robert Tonyan","TE",2018-01-02,"SFA",480000,1,2017,174,2
"217","Shakir Soto","DT",2018-01-02,"SFA",480000,1,2017,152,2
"218","Josh Augusta","DT",2018-01-03,"SFA",480000,1,2017,153,2
"219","Cameron Johnston","P",2018-01-03,"SFA",532500,2,2017,35,2
"220","Adam Zaruba","TE",2018-01-03,"SFA",526250,2,2017,151,2
"221","Anthony Kukwa","LS",2018-01-04,"SFA",480000,1,2017,47,2
"222","Francis Owusu","WR",2018-01-04,"SFA",525000,2,2017,296,2
"223","Ejuan Price","EDGE",2018-01-08,"SFA",600000,2,2017,170,2
"224","Sae Tautu","LB",2018-01-08,"SFA",480000,1,2017,299,2
"225","Anthony Firkser","FB",2018-01-08,"SFA",525000,2,2017,31,2
"226","Rickey Jefferson","S",2018-01-08,"SFA",480000,1,2017,214,2
"227","Gehrig Dieter","WR",2018-01-08,"SFA",525000,2,2017,299,2
"228","Kent Taylor","TE",2018-01-08,"SFA",570000,3,2017,110,2
"229","Jon Toth","C",2018-01-09,"SFA",570000,3,2017,60,2
"230","Joel Bouagnon","RB",2018-01-10,"SFA",480000,1,2017,197,2
"231","Marcelis Branch","S",2018-01-15,"SFA",525000,2,2017,204,2
"232","Daniel Brunskill","RG",2018-01-15,"SFA",525000,2,2017,64,2
"233","Deante Burton","WR",2018-01-15,"SFA",525000,2,2017,299,2
"234","J'terius Jones","EDGE",2018-01-15,"SFA",525000,2,2017,228,2
"235","Alex Gray","S",2018-01-15,"SFA",480000,1,2017,218,2
"236","Keith Kelsey","LB",2018-01-16,"SFA",480000,1,2017,305,2
"237","Travin Dural","WR",2018-01-16,"SFA",525000,2,2017,300,2
"238","Jeremy Boykins","CB",2018-01-16,"SFA",525000,2,2017,268,2
"239","Denzel Johnson","LB",2018-01-16,"SFA",525000,2,2017,287,2
"240","Alex Jenkins","EDGE",2018-01-16,"SFA",480000,1,2017,251,2
"241","Casey Sayles","DE",2018-01-18,"SFA",480000,1,2017,93,2
"242","Malik Golden","S",2018-01-19,"SFA",480000,1,2017,218,2
"243","Tyler Ferguson","QB",2018-01-19,"SFA",525000,2,2017,114,2
"244","Praise Martin-Oguike","EDGE",2018-01-20,"SFA",480000,1,2017,250,2
"245","Brooks Ellis","LB",2018-01-22,"SFA",525000,2,2017,287,2
"246","Hunter Dimick","EDGE",2018-01-22,"SFA",525000,2,2017,226,2
"247","Horace Richardson","CB",2018-01-23,"SFA",525000,2,2017,269,2
"248","Tim Cook","RB",2018-01-23,"SFA",525000,2,2017,179,2
"249","James Summers","RB",2018-01-29,"SFA",480000,1,2017,198,2
"250","Trey Griffey","WR",2018-02-01,"SFA",480000,1,2017,358,2
"251","Cody Hollister","WR",2018-02-06,"SFA",480000,1,2017,361,2
"252","David Jones","S",2018-02-06,"SFA",480000,1,2017,220,2
"253","Damarius Travis","S",2018-02-06,"SFA",480000,1,2017,220,2
"254","D.J. Killings","CB",2018-02-07,"SFA",525000,2,2017,269,2
"255","Tre Sullivan","S",2018-02-07,"SFA",525000,2,2017,204,2
"256","Billy Brown","TE",2018-02-09,"SFA",535000,2,2017,154,2
"257","Winston Craig","DT",2018-02-20,"SFA",525000,2,2017,147,2
"258","Dalton Crossan","RB",2018-02-22,"SFA",525000,2,2017,181,2
"259","Dylan Bradley","EDGE",2018-03-16,"SFA",480000,1,2017,220,2
"260","Josiah Price","TE",2018-03-21,"SFA",480000,1,2017,164,2
"261","Christian Kuntz","LB",2018-03-22,"SFA",480000,1,2017,259,2
"262","Roubbens Joseph","LT",2018-04-04,"SFA",525000,2,2017,73,2
"263","Parker Collins","C",2018-04-09,"SFA",480000,1,2017,79,2
"264","Adam Pankey","LG",2018-04-17,"ERFA",555000,1,2017,62,2
"265","T.J. Mutcherson","S",2018-05-07,"SFA",480000,1,2017,215,2
"266","Natrell Jamerson","S",2018-05-11,"Drafted",681406,4,2018,121,2
"267","Buddy Howell","RB",2018-05-11,"UDFA",572500,3,2018,141,2
"268","Karter Schult","EDGE",2018-05-14,"SFA",481000,1,2017,268,2
"269","Brad Lundblade","C",2018-05-14,"SFA",480000,1,2018,98,2
"270","Jason Hall","S",2018-05-15,"SFA",525000,2,2018,235,2
"271","Thomas Sperbeck","WR",2018-05-17,"SFA",480000,1,2017,418,2
"272","Jonah Trinnaman","WR",2018-05-23,"SFA",480000,1,2018,423,2
"273","Taj Williams","WR",2018-06-04,"SFA",525000,2,2018,377,2
"274","Algernon Brown","FB",2018-06-14,"SFA",480000,1,2017,49,2
"275","Mike Needham","LB",2018-06-20,"SFA",480000,1,2018,342,2
"276","Ryan Yurachek","FB",2018-06-22,"SFA",480000,1,2018,49,2
"277","Frank Ginda","LB",2018-07-24,"SFA",480000,1,2018,346,2
"278","Izaah Lunsford","DT",2018-07-25,"SFA",480000,1,2017,193,2
"279","John Flynn","LG",2018-07-26,"SFA",525000,2,2017,88,2
"280","Malik Reaves","CB",2018-07-26,"SFA",480000,1,2018,358,2
"281","Kayaune Ross","WR",2018-07-26,"SFA",480000,1,2018,435,2
"282","Marvin Bracy","WR",2018-07-28,"SFA",480000,1,2017,433,2
"283","Lorenzo Jerome","S",2018-07-30,"SFA",555000,1,2017,211,2
"284","Michael Dunn","RT",2018-07-31,"SFA",480000,1,2017,102,2
"285","DeAndre Goolsby","TE",2018-07-31,"SFA",480000,1,2018,215,2
"286","Jamar McGloster","RT",2018-07-31,"SFA",480000,1,2018,102,2
"287","Henry Poggi","FB",2018-08-01,"SFA",480000,1,2018,48,2
"288","Ricky Jeune","WR",2018-08-01,"SFA",525000,2,2018,388,2
"289","Josh Okonye","CB",2018-08-01,"SFA",480000,1,2018,359,2
"290","Ricky Ali'ifua","EDGE",2018-08-03,"SFA",480000,1,2017,284,2
"291","Cory Helms","LG",2018-08-04,"SFA",480000,1,2018,101,2
"292","Quincy Mauger","S",2018-08-09,"SFA",480000,1,2017,261,2
"293","Colin Jeter","TE",2018-08-11,"SFA",480000,1,2017,214,2
"294","Jalen Wilkerson","DE",2018-08-11,"SFA",525000,2,2018,101,2
"295","Aaron Davis","CB",2018-08-11,"SFA",525000,2,2018,329,2
"296","Alex Officer","C",2018-08-11,"SFA",480000,1,2018,102,2
"297","Ryan Neal","S",2018-08-11,"SFA",525000,2,2018,241,2
"298","Amari Coleman","CB",2018-08-11,"SFA",480000,1,2018,362,2
"299","Mike Jones","CB",2018-08-11,"SFA",480000,1,2018,362,2
"300","Lord Hyeamang","DE",2018-08-12,"SFA",480000,1,2018,109,2
"301","Ray Lawry","RB",2018-08-13,"SFA",480000,1,2018,224,2
"302","Tion Green","RB",2018-08-15,"SFA",600000,2,2017,129,2
"303","Kiante Anderson","EDGE",2018-08-15,"SFA",480000,1,2018,284,2
"304","Jason Reese","TE",2018-08-19,"SFA",480000,1,2018,214,2
"305","Kareem Are","RG",2018-08-20,"SFA",480000,1,2017,101,2
"306","Joshua Kalu","S",2018-08-20,"SFA",570000,3,2018,191,2
"307","Beau Nunn","RG",2018-08-20,"SFA",480000,1,2018,101,2
"308","Elijah Battle","CB",2018-08-20,"SFA",480000,1,2018,361,2
"309","Warren Long","LB",2018-08-20,"SFA",480000,1,2018,349,2
"310","Leon Johnson","RT",2018-08-21,"SFA",480000,1,2018,101,2
"311","Dominick Sanders","S",2018-08-21,"SFA",525000,2,2018,241,2
"312","Nigel Williams","DT",2018-08-22,"SFA",480000,1,2017,198,2
"313","Juante Baldwin","CB",2018-08-24,"SFA",525000,2,2018,326,2
"314","Daniel Marx","FB",2018-08-26,"SFA",480000,1,2018,46,2
"315","Ironhead Gallon","S",2018-08-27,"SFA",480000,1,2017,259,2
"316","Lenard Tillery","RB",2018-08-27,"SFA",525000,2,2017,211,2
"317","Larry Rose","RB",2018-08-28,"SFA",480000,1,2018,223,2
"318","Carlos Henderson","WR",2018-09-02,"Practice",129200,1,2017,486,2
"319","Brendan Langley","CB",2018-09-02,"Practice",170000,1,2017,381,2
"320","Nico Siragusa","LG",2018-09-02,"Practice",129200,1,2017,109,2
"321","Roderick Johnson","LT",2018-09-02,"Practice",129200,1,2017,106,2
"322","Isaac Asiata","RG",2018-09-02,"Practice",129200,1,2017,106,2
"323","Avery Moss","EDGE",2018-09-02,"Practice",129200,1,2017,302,2
"324","Brian Allen","CB",2018-09-02,"Practice",129200,1,2017,382,2
"325","Jeremy Clark","CB",2018-09-02,"Practice",129200,1,2017,382,2
"326","Pita Taumoepenu","EDGE",2018-09-02,"Practice",129200,1,2017,302,2
"327","Isaiah Ford","WR",2018-09-02,"Practice",129200,1,2017,486,2
"328","Kyle Fuller","LG",2018-09-02,"Practice",129200,1,2017,109,2
"329","Jack Tocho","S",2018-09-02,"Practice",363000,1,2017,274,2
"330","Keion Adams","EDGE",2018-09-02,"Practice",480000,1,2017,284,2
"331","Cole Luke","CB",2018-09-02,"Practice",129200,1,2017,382,2
"332","Pasoni Tasini","DT",2018-09-02,"Practice",129200,1,2017,205,2
"333","Kent Perkins","LT",2018-09-02,"Practice",129200,1,2017,106,2
"334","Taquan Mizzell","RB",2018-09-02,"Practice",129200,1,2017,237,2
"335","Tim White","WR",2018-09-02,"Practice",480000,1,2017,439,2
"336","Cole Croston","LT",2018-09-02,"Practice",129200,1,2017,106,2
"337","Calvin Munson","LB",2018-09-02,"Practice",129200,1,2017,369,2
"338","Jordan Roos","RG",2018-09-02,"Practice",129200,1,2017,106,2
"339","Dan Skipper","RG",2018-09-02,"Practice",129200,1,2017,106,2
"340","Victor Salako","RT",2018-09-02,"Practice",129200,1,2017,105,2
"341","Andrew Brown","DT",2018-09-02,"Practice",129200,1,2018,205,2
"342","Daurice Fountain","WR",2018-09-02,"Practice",129200,1,2018,486,2
"343","Dylan Cantrell","WR",2018-09-02,"Practice",129200,1,2018,486,2
"344","Tanner Lee","QB",2018-09-02,"Practice",129200,1,2018,142,2
"345","Colby Gossett","RG",2018-09-02,"Practice",129200,1,2018,106,2
"346","Danny Etling","QB",2018-09-02,"Practice",129200,1,2018,142,2
"347","David Williams","RB",2018-09-02,"Practice",129200,1,2018,237,2
"348","Quentin Poling","LB",2018-09-02,"Practice",129200,1,2018,369,2
"349","Marcell Ateman","WR",2018-09-02,"Practice",129200,1,2018,486,2
"350","James Looney","DE",2018-09-02,"Practice",129200,1,2018,116,2
"351","Kendrick Norton","DT",2018-09-02,"Practice",129200,1,2018,205,2
"352","Kendall Donnerson","EDGE",2018-09-02,"Practice",129200,1,2018,302,2
"353","Steve Ishmael","WR",2018-09-02,"Practice",129200,1,2018,486,2
"354","Dee Delaney","CB",2018-09-02,"Practice",129200,1,2018,382,2
"355","Darius Jackson","LB",2018-09-02,"Practice",129200,1,2018,369,2
"356","Lyndon Johnson","EDGE",2018-09-02,"Practice",129200,1,2018,302,2
"357","Allen Lazard","WR",2018-09-02,"Practice",129200,1,2018,486,2
"358","K.C. McDermott","LT",2018-09-02,"Practice",129200,1,2018,106,2
"359","Quenton Meeks","S",2018-09-02,"Practice",129200,1,2018,275,2
"360","C.J. Reavis","S",2018-09-02,"Practice",129200,1,2018,275,2
"361","Davin Bellamy","EDGE",2018-09-02,"Practice",129200,1,2018,302,2
"362","Andre Chachere","CB",2018-09-02,"Practice",129200,1,2018,382,2
"363","Jester Weah","WR",2018-09-02,"Practice",129200,1,2018,486,2
"364","Dalyn Dawkins","RB",2018-09-02,"Practice",129200,1,2018,237,2
"365","Nick DeLuca","LB",2018-09-02,"Practice",129200,1,2018,369,2
"366","Damon Webb","S",2018-09-02,"Practice",129200,1,2018,275,2
"367","Gerhard De Beer","RT",2018-09-02,"Practice",129200,1,2018,105,2
"368","Keith Ford","RB",2018-09-02,"Practice",129200,1,2018,237,2
"369","Mike Love","EDGE",2018-09-02,"Practice",129200,1,2018,302,2
"370","Cam Phillips","WR",2018-09-02,"Practice",129200,1,2018,486,2
"371","Corey Thompson","LB",2018-09-02,"Practice",129200,1,2018,369,2
"372","Levi Wallace","CB",2018-09-02,"Practice",129200,1,2018,382,2
"373","Jalen Davis","CB",2018-09-02,"Practice",129200,1,2018,382,2
"374","Jamiyus Pittman","DT",2018-09-02,"Practice",129200,1,2018,205,2
"375","Chris Lacy","WR",2018-09-02,"Practice",129200,1,2018,486,2
"376","Ralph Webb","RB",2018-09-02,"Practice",129200,1,2018,237,2
"377","Anthony Wint","LB",2018-09-02,"Practice",129200,1,2018,369,2
"378","Gus Edwards","RB",2018-09-02,"Practice",153000,1,2018,236,2
"379","De'Lance Turner","RB",2018-09-02,"Practice",129200,1,2018,237,2
"380","Quinton Flowers","RB",2018-09-02,"Practice",129200,1,2018,237,2
"381","Jordan Franks","TE",2018-09-02,"Practice",129200,1,2018,238,2
"382","Chris Worley","LB",2018-09-02,"Practice",129200,1,2018,369,2
"383","Christian DiLauro","RT",2018-09-02,"Practice",129200,1,2018,105,2
"384","Daniel Ekuale","DT",2018-09-02,"Practice",129200,1,2018,205,2
"385","Dontrell Hilliard","RB",2018-09-02,"Practice",129200,1,2018,237,2
"386","Montrel Meander","S",2018-09-02,"Practice",479995,1,2018,272,2
"387","Da'Mari Scott","WR",2018-09-02,"Practice",129200,1,2018,486,2
"388","Jarvion Franklin","RB",2018-09-02,"Practice",129200,1,2018,237,2
"389","Patrick Morris","C",2018-09-02,"Practice",129200,1,2018,111,2
"390","Ryan Hunter","RG",2018-09-02,"Practice",129200,1,2018,106,2
"391","Dee Liner","DE",2018-09-02,"Practice",129200,1,2018,116,2
"392","Chase Litton","QB",2018-09-02,"Practice",129200,1,2018,142,2
"393","Robert McCray","EDGE",2018-09-02,"Practice",129200,1,2018,302,2
"394","Jimmy Murray","C",2018-09-02,"Practice",129200,1,2018,111,2
"395","Arrion Springs","CB",2018-09-02,"Practice",129200,1,2018,382,2
"396","D'Montre Wade","CB",2018-09-02,"Practice",129200,1,2018,382,2
"397","D'Juan Hines","LB",2018-09-02,"Practice",129200,1,2018,369,2
"398","Steven Richardson","DT",2018-09-02,"Practice",129200,1,2018,205,2
"399","Trenton Scott","RT",2018-09-02,"Practice",129200,1,2018,105,2
"400","Jordan Chunn","RB",2018-09-02,"Practice",129200,1,2018,237,2
"401","Jake Campos","RT",2018-09-02,"Practice",129200,1,2018,105,2
"402","Kyle Queiro","LB",2018-09-02,"Practice",129200,1,2018,369,2
"403","Donovan Olumba","CB",2018-09-02,"Practice",129200,1,2018,382,2
"404","Jawill Davis","WR",2018-09-02,"Practice",129200,1,2018,486,2
"405","Grant Haley","CB",2018-09-02,"Practice",129200,1,2018,382,2
"406","Saeed Blacknall","WR",2018-09-02,"Practice",129200,1,2018,486,2
"407","Paul Butler","TE",2018-09-02,"Practice",129200,1,2018,238,2
"408","Josh Adams","RB",2018-09-02,"Practice",425000,1,2018,234,2
"409","Asantay Brown","LB",2018-09-02,"Practice",129200,1,2018,369,2
"410","Joe Ostman","EDGE",2018-09-02,"Practice",255000,1,2018,300,2
"411","Chandon Sullivan","CB",2018-09-02,"Practice",129200,1,2018,382,2
"412","Simmie Cobbs Jr.","WR",2018-09-02,"Practice",129200,1,2018,486,2
"413","Matt Flanagan","TE",2018-09-02,"Practice",129200,1,2018,238,2
"414","Timon Parris","",2018-09-02,"Practice",129200,1,2018,NA,2
"415","Dejon Allen","RG",2018-09-02,"Practice",129200,1,2018,106,2
"416","Abdullah Anderson","DT",2018-09-02,"Practice",129200,1,2018,205,2
"417","Michael Joseph","CB",2018-09-02,"Practice",129200,1,2018,382,2
"418","Ryan Nall","RB",2018-09-02,"Practice",129200,1,2018,237,2
"419","Mike Ford","CB",2018-09-02,"Practice",479995,1,2018,377,2
"420","JoJo Wicker","DE",2018-09-02,"Practice",129200,1,2018,116,2
"421","Tyler Lancaster","DT",2018-09-02,"Practice",129200,1,2018,205,2
"422","Jeff Badet","WR",2018-09-02,"Practice",129200,1,2018,486,2
"423","Chad Beebe","WR",2018-09-02,"Practice",129200,1,2018,486,2
"424","Curtis Cothran","DT",2018-09-02,"Practice",129200,1,2018,205,2
"425","Garret Dooley","LB",2018-09-02,"Practice",129200,1,2018,369,2
"426","Kurt Benkert","QB",2018-09-02,"Practice",129200,1,2018,142,2
"427","Devin Gray","WR",2018-09-02,"Practice",129200,1,2018,486,2
"428","J.C. Hassenauer","C",2018-09-02,"Practice",129200,1,2018,111,2
"429","Kyle Allen","QB",2018-09-02,"Practice",129200,1,2018,142,2
"430","Reggie Bonnafon","RB",2018-09-02,"Practice",129200,1,2018,237,2
"431","Cole Boozer","RG",2018-09-02,"Practice",129200,1,2018,106,2
"432","Demone Harris","EDGE",2018-09-02,"Practice",129200,1,2018,302,2
"433","Tanner Hudson","TE",2018-09-02,"Practice",129200,1,2018,238,2
"434","Godwin Igwebuike","S",2018-09-02,"Practice",129200,1,2018,275,2
"435","Alec James","EDGE",2018-09-02,"Practice",129200,1,2018,302,2
"436","Chad Kanoff","QB",2018-09-02,"Practice",129200,1,2018,142,2
"437","Jalen Tolliver","WR",2018-09-02,"Practice",129200,1,2018,486,2
"438","Andrew Vollert","TE",2018-09-02,"Practice",129200,1,2018,238,2
"439","Jeremiah Kolone","RG",2018-09-02,"Practice",129200,1,2018,106,2
"440","Steven Mitchell","WR",2018-09-02,"Practice",129200,1,2018,486,2
"441","Ramon Richards","S",2018-09-02,"Practice",129200,1,2018,275,2
"442","Steven Dunbar","WR",2018-09-02,"Practice",129200,1,2018,486,2
"443","Ross Dwelley","TE",2018-09-02,"Practice",129200,1,2018,238,2
"444","Niles Scott","DT",2018-09-02,"Practice",129200,1,2018,205,2
"445","Emmanuel Moseley","CB",2018-09-02,"Practice",479995,1,2018,377,2
"446","Najee Toran","RG",2018-09-02,"Practice",129200,1,2018,106,2
"447","Caleb Scott","WR",2018-09-02,"Practice",129200,1,2018,486,2
"448","Robert Spillane","LB",2018-09-02,"Practice",129200,1,2018,369,2
"449","Christopher Ezeala","FB",2018-09-02,"Practice",129200,1,2018,50,2
"450","Tigie Sankoh","S",2018-09-02,"Practice",129200,1,2018,275,2
"451","Patrick Afriyie","EDGE",2018-09-02,"Practice",129200,1,2018,302,2
"452","Darvin Kidsy","WR",2018-09-02,"Practice",129200,1,2018,486,2
"453","R.J. Prince","LG",2018-09-02,"Practice",129200,1,2018,109,2
"454","Dallin Leavitt","S",2018-09-02,"Practice",129200,1,2018,275,2
"455","Jeff Wilson","RB",2018-09-02,"Practice",129200,1,2018,237,2
"456","Christian Scotland-Williamson","TE",2018-09-02,"Practice",129200,1,2018,238,2
"457","Greer Martini","LB",2018-09-02,"Practice",129200,1,2018,369,2
"458","Jaeden Graham","TE",2018-09-02,"Practice",129200,1,2018,238,2
"459","Garrett Dickerson","TE",2018-09-02,"Practice",129200,1,2018,238,2
"460","Jacob Tuioti-Mariner","EDGE",2018-09-02,"Practice",129200,1,2018,302,2
"461","Steven Parker","S",2018-09-02,"Practice",129200,1,2018,275,2
"462","Luis Perez","QB",2018-09-02,"Practice",129200,1,2018,142,2
"463","Josh Crockett","WR",2018-09-02,"Practice",129200,1,2018,486,2
"464","Josh Woods","LB",2018-09-02,"Practice",129200,1,2018,369,2
"465","Brandon Bryant","S",2018-09-02,"Practice",129200,1,2018,275,2
"466","KhaDarel Hodge","WR",2018-09-02,"Practice",129200,1,2018,486,2
"467","Zaycoven Henderson","DT",2018-09-02,"Practice",129200,1,2018,205,2
"468","Vince Biegel","LB",2018-09-03,"Practice",161500,1,2017,356,2
"469","Isaiah McKenzie","WR",2018-09-03,"SFA",555000,1,2017,296,2
"470","Ukeme Eligwe","LB",2018-09-03,"Practice",129200,1,2017,357,2
"471","De'Angelo Henderson","RB",2018-09-03,"Practice",510000,1,2017,198,2
"472","Jeremiah Ledbetter","DT",2018-09-03,"Practice",170000,1,2017,190,2
"473","Demetrious Cox","S",2018-09-03,"Practice",129200,1,2017,261,2
"474","Ahmad Thomas","S",2018-09-03,"Practice",129200,1,2017,261,2
"475","Avery Gennesy","LG",2018-09-03,"Practice",129200,1,2017,104,2
"476","Rick Leonard","RT",2018-09-03,"Practice",129200,1,2018,98,2
"477","Azeem Victor","LB",2018-09-03,"Practice",479995,1,2018,350,2
"478","Alex McGough","QB",2018-09-03,"Practice",129200,1,2018,132,2
"479","Bo Scarbrough","RB",2018-09-03,"Practice",129200,1,2018,218,2
"480","Logan Woodside","QB",2018-09-03,"Practice",129200,1,2018,132,2
"481","Austin Proehl","WR",2018-09-03,"Practice",129200,1,2018,449,2
"482","Lavon Coleman","RB",2018-09-03,"Practice",129200,1,2018,218,2
"483","Deontay Burnett","WR",2018-09-03,"Practice",170000,1,2018,447,2
"484","Nico Falah","C",2018-09-03,"Practice",479995,1,2018,105,2
"485","Rico Gafford","CB",2018-09-03,"Practice",129200,1,2018,361,2
"486","Elijah Nkansah","RT",2018-09-03,"Practice",129200,1,2018,98,2
"487","Frank Herron","DT",2018-09-03,"Practice",129200,1,2018,192,2
"488","Christian LaCouture","DT",2018-09-03,"Practice",129200,1,2018,192,2
"489","Pharoah McKever","TE",2018-09-03,"Practice",129200,1,2018,218,2
"490","Tony Brown","CB",2018-09-03,"Practice",129200,1,2018,361,2
"491","Zack Golditch","LG",2018-09-03,"Practice",129200,1,2018,104,2
"492","Nic Shimonek","QB",2018-09-03,"Practice",129200,1,2018,132,2
"493","Chris Jones","CB",2018-09-03,"Practice",129200,1,2018,361,2
"494","J.T. Barrett","QB",2018-09-03,"Practice",129200,1,2018,132,2
"495","Keith Kirkwood","WR",2018-09-03,"Practice",479995,1,2018,443,2
"496","Nate Wozniak","TE",2018-09-03,"Practice",129200,1,2018,218,2
"497","Deon Yelder","TE",2018-09-03,"Practice",129200,1,2018,218,2
"498","Ruben Holcomb","LT",2018-09-03,"Practice",129200,1,2018,104,2
"499","Coleman Shelton","RG",2018-09-03,"Practice",129200,1,2018,94,2
"500","John Wolford","QB",2018-09-03,"Practice",129200,1,2018,132,2
"501","Davis Webb","QB",2018-09-04,"Practice",554999,1,2017,108,2
"502","Treston Decoud","CB",2018-09-04,"Practice",129200,1,2017,356,2
"503","Eric Smith","LT",2018-09-04,"Practice",340000,1,2017,102,2
"504","Josh Banks","DE",2018-09-04,"Practice",129200,1,2017,113,2
"505","Donnel Pumphrey","RB",2018-09-05,"Practice",129200,1,2017,211,2
"506","Jehu Chesson","WR",2018-09-05,"Practice",129200,1,2017,440,2
"507","Jalen Myrick","CB",2018-09-05,"Practice",129200,1,2017,354,2
"508","Lenzy Pipkins","CB",2018-09-05,"Practice",425000,1,2017,351,2
"509","Maurice Smith","S",2018-09-05,"Practice",129200,1,2017,254,2
"510","Leo Koloamatangi","C",2018-09-05,"Practice",153000,1,2017,103,2
"511","Trey Edmunds","TE",2018-09-05,"Practice",129200,1,2017,210,2
"512","Justin Jackson","RB",2018-09-05,"Practice",129200,1,2018,211,2
"513","Daeshon Hall","EDGE",2018-09-06,"Practice",170000,1,2017,278,2
"514","Treyvon Hester","DT",2018-09-07,"Practice",425000,1,2017,182,2
"515","Robert Martin","RB",2018-09-07,"Practice",129200,1,2018,209,2
"516","Frankie Luvu","EDGE",2018-09-08,"SFA",480000,1,2018,262,2
"517","Dewey Jarvis","LB",2018-09-08,"Practice",129200,1,2018,349,2
"518","Sean Harlow","LG",2018-09-10,"Practice",129200,1,2017,100,2
"519","Dorren Miller","WR",2018-09-10,"Practice",129200,1,2018,442,2
"520","Christian Blake","WR",2018-09-10,"Practice",129200,1,2018,442,2
"521","Simeon Thomas","CB",2018-09-11,"Practice",129200,1,2018,356,2
"522","Lucas Gravelle","LS",2018-09-11,"Practice",129200,1,2018,57,2
"523","Teo Redding","WR",2018-09-11,"Practice",129200,1,2018,441,2
"524","Tarvarus McFadden","CB",2018-09-11,"Practice",129200,1,2018,356,2
"525","Malik Turner","WR",2018-09-11,"Practice",129200,1,2018,441,2
"526","Julian Williams","WR",2018-09-11,"Practice",129200,1,2018,441,2
"527","David Sharpe","LT",2018-09-12,"Practice",129200,1,2017,104,2
"528","Trent Sieg","LS",2018-09-12,"SFA",480000,1,2018,53,2
"529","Jeremy Reaves","S",2018-09-12,"Practice",129200,1,2018,254,2
"530","Will Holden","LT",2018-09-13,"Practice",129200,1,2017,103,2
"531","Shalom Luani","S",2018-09-13,"Practice",129200,1,2017,252,2
"532","Greg Joseph","K",2018-09-17,"SFA",525000,1,2018,47,2
"533","Cameron Batson","WR",2018-09-18,"Practice",129200,1,2018,437,2
"534","David Wells","TE",2018-09-18,"Practice",129200,1,2018,208,2
"535","Chris Durant","LT",2018-09-19,"Practice",129200,1,2018,105,2
"536","Jamil Demby","LG",2018-09-20,"Practice",129200,1,2018,98,2
"537","Tyree Robinson","S",2018-09-20,"Practice",129200,1,2018,252,2
"538","ArDarius Stewart","WR",2018-09-21,"Practice",129200,1,2017,427,2
"539","Jermaine Eluemunor","RG",2018-09-25,"Practice",340000,1,2017,90,2
"540","Richie Brown","LB",2018-09-25,"Practice",129200,1,2017,350,2
"541","Anthony Coyle","RT",2018-09-25,"Practice",129200,1,2018,97,2
"542","Janarion Grant","WR",2018-09-25,"Practice",129200,1,2018,427,2
"543","Colby Wadman","P",2018-09-26,"Practice",129200,1,2018,57,2
"544","Detrez Newsome","RB",2018-09-26,"Practice",129200,1,2018,214,2
"545","Matt McCrane","K",2018-09-26,"SFA",480000,1,2018,54,2
"546","John Franklin III","CB",2018-09-26,"Practice",129200,1,2018,352,2
"547","Mark Myers","CB",2018-09-26,"Practice",129200,1,2018,352,2
"548","Darrell Daniels","TE",2018-09-27,"Practice",129200,1,2017,205,2
"549","Tomasi Laulile","DT",2018-09-27,"Practice",129200,1,2018,186,2
"550","Harvey Langi","LB",2018-10-01,"Practice",425000,1,2017,344,2
"551","Jonathan Wynn","EDGE",2018-10-01,"Practice",129200,1,2018,279,2
"552","Chad Hansen","WR",2018-10-02,"Practice",129200,1,2017,423,2
"553","Jylan Ware","LT",2018-10-02,"Practice",129200,1,2017,103,2
"554","LaTroy Lewis","LB",2018-10-02,"Practice",129200,1,2017,346,2
"555","Kyle Wilson","LB",2018-10-02,"Practice",129200,1,2018,346,2
"556","Chris Lammons","CB",2018-10-02,"Practice",129200,1,2018,349,2
"557","Skai Moore","LB",2018-10-03,"Practice",129200,1,2018,344,2
"558","Ja'Von Rolland-Jones","EDGE",2018-10-03,"Practice",129200,1,2018,276,2
"559","Linden Stephens","CB",2018-10-03,"Practice",129200,1,2018,346,2
"560","Andre Levrone","WR",2018-10-04,"Practice",129200,1,2018,419,2
"561","Quadree Henderson","WR",2018-10-04,"Practice",129200,1,2018,419,2
"562","Bruce Hector","DT",2018-10-04,"Practice",255000,1,2018,186,2
"563","Devaroe Lawrence","DT",2018-10-06,"Practice",170000,1,2017,185,2
"564","Al-Quadin Muhammad","EDGE",2018-10-08,"Practice",129200,1,2017,275,2
"565","Tray Matthews","S",2018-10-08,"Practice",129200,1,2018,253,2
"566","Matt Dayes","RB",2018-10-09,"Practice",129200,1,2017,215,2
"567","Keith Towbridge","TE",2018-10-09,"Practice",129200,1,2017,211,2
"568","Anthony Firkser","TE",2018-10-09,"SFA",525000,2,2017,174,2
"569","Robert Jackson","CB",2018-10-09,"Practice",129200,1,2018,345,2
"570","Justin Evans","S",2018-10-09,"Practice",129200,1,2018,254,2
"571","Jordan Morgan","LG",2018-10-10,"Practice",129200,1,2017,96,2
"572","Dimitri Flowers","FB",2018-10-10,"Practice",129200,1,2018,48,2
"573","Deatrick Nichols","CB",2018-10-10,"Practice",129200,1,2018,344,2
"574","Damoun Patterson","WR",2018-10-10,"Practice",129200,1,2018,418,2
"575","Michael Badgley","K",2018-10-11,"SFA",570000,3,2018,39,2
"576","Devin Ross","WR",2018-10-15,"Practice",129200,1,2018,414,2
"577","Jake Eldrenkamp","RG",2018-10-16,"Practice",129200,1,2017,92,2
"578","Christian Campbell","CB",2018-10-16,"Practice",129200,1,2018,343,2
"579","Randin Crecelius","RT",2018-10-16,"Practice",129200,1,2018,94,2
"580","Myles Humphrey","DE",2018-10-16,"Practice",129200,1,2018,110,2
"581","Alvin Jones","LB",2018-10-16,"Practice",129200,1,2018,349,2
"582","Mark Thompson","RB",2018-10-16,"Practice",129200,1,2018,209,2
"583","Jason Cabinda","LB",2018-10-16,"SFA",480000,1,2018,331,2
"584","Craig James","CB",2018-10-16,"Practice",480000,1,2018,322,2
"585","Blake Jackson","WR",2018-10-16,"Practice",129200,1,2018,416,2
"586","Travin Howard","LB",2018-10-17,"Practice",129200,1,2018,347,2
"587","Jermaine Grace","LB",2018-10-18,"Practice",129200,1,2017,345,2
"588","Auden Tate","WR",2018-10-20,"Practice",129200,1,2018,411,2
"589","Robert Foster","WR",2018-10-20,"Practice",129200,1,2018,411,2
"590","J.J. Jones","WR",2018-10-22,"Practice",129200,1,2018,409,2
"591","J.J. Dielman","LG",2018-10-23,"Practice",129200,1,2017,96,2
"592","Devante Mays","RB",2018-10-23,"Practice",129200,1,2017,208,2
"593","Raymond Davison","LB",2018-10-23,"Practice",129200,1,2018,345,2
"594","James Butler","RB",2018-10-23,"Practice",129200,1,2018,208,2
"595","Kofi Amichia","LG",2018-10-24,"Practice",129200,1,2017,96,2
"596","Daniel Carlson","K",2018-10-24,"SFA",480000,1,2018,53,2
"597","A.J. Howard","S",2018-10-25,"Practice",129200,1,2018,253,2
"598","Ethan Wolf","TE",2018-10-30,"Practice",129200,1,2018,214,2
"599","Victor Bolden","WR",2018-11-01,"Practice",255000,1,2017,411,2
"600","Obi Melifonwu","S",2018-11-06,"SFA",690000,2,2017,132,2
"601","Trevon Young","EDGE",2018-11-07,"Practice",129200,1,2018,274,2
"602","Emmanuel Ellerbee","LB",2018-11-08,"Practice",129200,1,2018,341,2
"603","Roc Thomas","RB",2018-11-09,"Practice",129200,1,2018,207,2
"604","Anthony Winbush","LB",2018-11-13,"Practice",129200,1,2018,343,2
"605","Casey Dunn","C",2018-11-13,"Practice",129200,1,2018,101,2
"606","Jonathan Celestin","LB",2018-11-13,"Practice",129200,1,2018,343,2
"607","Joshua Holsey","CB",2018-11-15,"Practice",129200,1,2017,345,2
"608","J.T. Gray","S",2018-11-15,"Practice",204000,1,2018,250,2
"609","James Onwualu","LB",2018-11-19,"Practice",129200,1,2017,341,2
"610","Zane Gonzalez","K",2018-11-20,"Practice",129200,1,2017,55,2
"611","Ben Braden","LT",2018-11-28,"SFA",480000,1,2017,88,2
"612","Nick Keizer","TE",2018-11-28,"Practice",129200,1,2018,211,2
"613","Donnie Ernsberger","TE",2018-11-28,"Practice",129200,1,2018,211,2
"614","Deontez Alexander","WR",2018-11-30,"Practice",129200,1,2018,417,2
"615","Kyle Kalis","RG",2018-12-01,"SFA",600000,2,2017,59,2
"616","Alexander Johnson","LB",2018-12-03,"Practice",129200,1,2018,340,2
"617","Matthew Thomas","LB",2018-12-04,"Practice",129200,1,2018,340,2
"618","Andrew Lauderdale","RT",2018-12-06,"Practice",129200,1,2017,95,2
"619","John Atkins","DT",2018-12-06,"Practice",129200,1,2018,192,2
"620","Terrell Williams","S",2018-12-06,"Practice",129200,1,2018,256,2
"621","Boston Scott","RB",2018-12-11,"SFA",570000,3,2018,144,2
"622","Trey Marshall","S",2018-12-11,"SFA",525000,2,2018,223,2
"623","Justin Evans","RG",2018-12-11,"Practice",129200,1,2018,93,2
"624","Shay Fields","WR",2018-12-11,"Practice",129200,1,2018,416,2
"625","Emmanuel Smith","LB",2018-12-11,"Practice",129200,1,2018,339,2
"626","Joshua Frazier","DT",2018-12-12,"Practice",129200,1,2018,192,2
"627","Ashton Lampkin","CB",2018-12-13,"Practice",129200,1,2017,345,2
"628","Martez Carter","RB",2018-12-13,"Practice",129200,1,2018,214,2
"629","Chris Cooper","S",2018-12-18,"Practice",129200,1,2018,260,2
"630","Jordan Veasy","WR",2018-12-18,"Practice",129200,1,2018,418,2
"631","Tegray Scales","LB",2018-12-18,"Practice",129200,1,2018,340,2
"632","Nathan Peterman","QB",2018-12-19,"Practice",129200,1,2017,125,2
"633","Jordan Smallwood","WR",2018-12-19,"Practice",129200,1,2018,415,2
"634","Justin Stockton","RB",2018-12-19,"Practice",129200,1,2018,215,2
"635","Elijah Qualls","DT",2018-12-20,"Practice",129200,1,2017,194,2
"636","Cayson Collins","LB",2018-12-20,"Practice",129200,1,2018,341,2
"637","Tony Adams","RG",2018-12-21,"Practice",129200,1,2018,93,2
"638","Quin Blanding","S",2018-12-31,"SFA",500000,1,2018,247,2
"639","Elijah Wellman","FB",2018-12-31,"SFA",540000,2,2018,38,2
"640","Eric Cotton","DE",2018-12-31,"SFA",585000,3,2018,59,2
"641","Zach Banner","RT",2019-01-01,"ERFA",645000,1,2017,59,2
"642","Connor Hilland","LG",2019-01-01,"SFA",540000,2,2018,82,2
"643","Ryan Santoso","P",2019-01-03,"SFA",540000,2,2018,49,2
"644","Brogan Roback","QB",2019-01-03,"SFA",495000,1,2018,126,2
"645","Ka'Raun White","WR",2019-01-03,"SFA",495000,1,2018,406,2
"646","Stacy Coley","WR",2019-01-05,"SFA",690000,2,2017,171,2
"647","David Steinmetz","RT",2019-01-07,"SFA",540000,2,2018,81,2
"648","Kevin Rader","TE",2019-01-09,"SFA",495000,1,2018,200,2
"649","Antonio Garcia","LT",2019-01-14,"SFA",540000,2,2017,81,2
"650","Henry Mondeaux","DT",2019-01-24,"SFA",495000,1,2018,199,2
"651","Trent Harris","EDGE",2019-02-05,"SFA",495000,1,2018,274,2
"652","Malik Williams","RB",2019-02-08,"SFA",495000,1,2018,217,2
"653","Kareem Hunt","RB",2019-02-12,"SFA",1100000,1,2017,52,2
"654","Justin Senior","RT",2019-02-21,"SFA",495000,1,2017,97,2
"655","Davon Grayson","WR",2019-02-27,"SFA",495000,1,2018,425,2
"656","Codey McElroy","TE",2019-03-11,"SFA",540000,2,2018,173,2
"657","Isaac Rochell","EDGE",2019-03-15,"ERFA",645000,1,2017,135,2
"658","Justin Vogel","P",2019-03-20,"SFA",570000,1,2017,34,2
"659","Drew Scott","LS",2019-03-20,"SFA",540000,2,2018,44,2
"660","Ben Braden","LG",2019-03-29,"ERFA",570000,1,2017,62,2
"661","Nick Thurman","DE",2019-04-04,"SFA",540000,2,2018,73,2
"662","Brandon Greene","RG",2019-04-08,"SFA",505000,1,2017,90,2
"663","Kam Kelly","S",2019-04-08,"SFA",495000,1,2018,221,2
"664","De'Mornay Pierson-El","WR",2019-04-09,"SFA",495000,1,2018,349,2
"665","Henre Toliver","CB",2019-04-11,"SFA",495000,1,2018,301,2
"666","DeMarquis Gates","LB",2019-04-11,"SFA",585000,3,2018,165,2
"667","Afolabi Laguda","S",2019-04-11,"SFA",540000,2,2018,193,2
"668","Isaiah Irving","EDGE",2019-04-15,"ERFA",645000,1,2017,135,2
"669","Chris Odom","EDGE",2019-04-16,"SFA",615000,2,2017,150,2
"670","Trey Johnson","CB",2019-04-19,"SFA",495000,1,2018,300,2
"671","Cole Hunt","TE",2019-04-30,"SFA",495000,1,2018,184,2
"672","Marcus Baugh","TE",2019-04-30,"SFA",500000,1,2018,183,2
"673","Ryan Winslow","P",2019-05-02,"SFA",495000,1,2018,51,2
"674","Toby Weathersby","RT",2019-05-11,"UDFA",573333,3,2018,83,2
"675","Mark Walton","RB",2019-05-12,"SFA",570000,1,2018,183,2
"676","Jamar Summers","CB",2019-05-12,"SFA",540000,2,2018,328,2
"677","Greg Gilmore","DE",2019-05-13,"SFA",495000,1,2018,115,2
"678","Colton Jumper","LB",2019-05-13,"SFA",495000,1,2018,349,2
"679","Adarius Pickett","S",2019-05-16,"SFA",540000,2,2019,247,2
"680","Bryant Mitchell","WR",2019-05-17,"SFA",495000,1,2019,457,2
"681","Chad Kelly","QB",2019-05-20,"SFA",570000,1,2017,117,2
"682","Dakari Monroe","CB",2019-05-21,"SFA",495000,1,2019,382,2
"683","Mik'Quan Deane","TE",2019-05-22,"SFA",495000,1,2019,231,2
"684","Brian Wallace","RT",2019-05-28,"SFA",585000,3,2019,85,2
"685","Austin Larkin","EDGE",2019-05-29,"SFA",540000,2,2018,249,2
"686","Xavier Ubosi","WR",2019-05-29,"SFA",540000,2,2019,405,2
"687","Blake Hance","RT",2019-06-03,"SFA",585000,3,2019,85,2
"688","Rigoberto Sanchez","P",2019-06-04,"Extension",2900000,4,2017,7,2
"689","Nate Becker","TE",2019-06-05,"SFA",495000,1,2019,231,2
"690","Donald Parham","TE",2019-06-07,"SFA",540000,2,2019,206,2
"691","Kenny Moore","CB",2019-06-13,"Extension",8325000,4,2017,28,2
"692","Malik Taylor","WR",2019-07-19,"SFA",495000,1,2019,463,2
"693","Abraham Wallace","S",2019-07-23,"SFA",495000,1,2019,282,2
"694","Bijhon Jackson","DT",2019-07-24,"SFA",495000,1,2018,223,2
"695","Taryn Christion","QB",2019-07-24,"SFA",540000,2,2019,134,2
"696","Isaiah Searight","TE",2019-07-24,"SFA",495000,1,2019,235,2
"697","Joey Slye","K",2019-07-24,"SFA",495000,1,2019,65,2
"698","Shaun Wilson","RB",2019-07-25,"SFA",540000,2,2018,228,2
"699","Dan Godsil","LS",2019-07-25,"SFA",495000,1,2019,57,2
"700","Drew Lewis","LB",2019-07-26,"SFA",495000,1,2019,364,2
"701","Jordan Thompson","DT",2019-07-27,"SFA",495000,1,2019,224,2
"702","Jonathan Crawford","S",2019-07-27,"SFA",540000,2,2019,256,2
"703","Moral Stephens","TE",2019-07-27,"SFA",495000,1,2019,232,2
"704","A.J. Ouellette","RB",2019-07-27,"SFA",540000,2,2019,227,2
"705","Ryan Anderson","C",2019-07-30,"SFA",495000,1,2019,114,2
"706","Fredrick Jones","DT",2019-07-30,"SFA",495000,1,2019,224,2
"707","Matthew Eaton","WR",2019-07-31,"SFA",495000,1,2019,466,2
"708","Papi White","WR",2019-07-31,"SFA",540000,2,2019,414,2
"709","Derrek Thomas","CB",2019-08-01,"SFA",495000,1,2019,388,2
"710","Jake Powell","TE",2019-08-01,"SFA",495000,1,2019,232,2
"711","Anthony Rush","DT",2019-08-01,"SFA",495000,1,2019,224,2
"712","Justin Phillips","LB",2019-08-01,"SFA",540000,2,2019,340,2
"713","Chris Nelson","DT",2019-08-01,"SFA",540000,2,2019,206,2
"714","Isaac Zico","WR",2019-08-02,"SFA",495000,1,2019,466,2
"715","Hamp Cheevers","CB",2019-08-03,"SFA",540000,2,2019,350,2
"716","Ryan Pulley","CB",2019-08-04,"SFA",495000,1,2019,388,2
"717","Deyon Sizer","DE",2019-08-04,"SFA",495000,1,2019,117,2
"718","Johnathan Alston","CB",2019-08-06,"SFA",495000,1,2018,387,2
"719","Stevie Tu'ikolovatu","DT",2019-08-07,"SFA",495000,1,2017,220,2
"720","Lukayus McNeil","RT",2019-08-07,"SFA",540000,2,2019,104,2
"721","John Battle","S",2019-08-07,"SFA",540000,2,2019,253,2
"722","Trevon Mathis","CB",2019-08-08,"SFA",495000,1,2018,386,2
"723","Salesi Uhatafe","RG",2019-08-08,"SFA",540000,2,2018,100,2
"724","Xavier Turner","RB",2019-08-08,"SFA",495000,1,2019,251,2
"725","Chase Middleton","LB",2019-08-10,"SFA",540000,2,2019,340,2
"726","Juwon Young","LB",2019-08-10,"SFA",495000,1,2019,362,2
"727","Micah Abernathy","S",2019-08-11,"SFA",540000,2,2019,252,2
"728","Shane Bowman","EDGE",2019-08-11,"SFA",540000,2,2019,256,2
"729","Carson Meier","TE",2019-08-11,"SFA",585000,3,2019,163,2
"730","Roderick Young","DT",2019-08-11,"SFA",495000,1,2019,220,2
"731","Darrell Williams","LB",2019-08-11,"SFA",495000,1,2019,359,2
"732","Rashard Causey","CB",2019-08-11,"SFA",495000,1,2019,387,2
"733","Ka'John Armstrong","LT",2019-08-11,"SFA",540000,2,2019,100,2
"734","Isaiah Langley","CB",2019-08-11,"SFA",495000,1,2019,387,2
"735","Jalan McClendon","QB",2019-08-11,"SFA",495000,1,2019,142,2
"736","James Folston","LB",2019-08-12,"SFA",540000,2,2019,337,2
"737","Ben Johnson","TE",2019-08-14,"SFA",495000,1,2018,234,2
"738","Donald Payne","LB",2019-08-16,"SFA",645000,1,2017,166,2
"739","Gary Johnson","LB",2019-08-17,"SFA",495000,1,2019,357,2
"740","Khairi Clark","DT",2019-08-18,"SFA",495000,1,2019,218,2
"741","Derrick Jones","CB",2019-08-19,"SFA",645000,1,2017,196,2
"742","Tyler Catalina","LG",2019-08-19,"SFA",570000,1,2017,92,2
"743","Josh Caldwell","RB",2019-08-19,"SFA",495000,1,2019,251,2
"744","Erik Magnuson","C",2019-08-20,"SFA",645000,1,2017,57,2
"745","Jordan Lasley","WR",2019-08-20,"SFA",570000,1,2018,344,2
"746","TJ Rahming","WR",2019-08-20,"SFA",495000,1,2019,466,2
"747","James Williams","RB",2019-08-20,"SFA",495000,1,2019,249,2
"748","Andrew Lauderdale","RG",2019-08-21,"SFA",495000,1,2017,113,2
"749","Johnny Robinson","DT",2019-08-22,"SFA",495000,1,2019,219,2
"750","Jackson Porter","CB",2019-08-25,"SFA",495000,1,2018,382,2
"751","Jacob Thieneman","S",2019-08-25,"SFA",495000,1,2019,282,2
"752","Jocquez Kalili","CB",2019-08-25,"SFA",495000,1,2019,382,2
"753","Vincent Testaverde","QB",2019-08-25,"SFA",495000,1,2019,141,2
"754","Jacob Ohnesorge","C",2019-08-27,"SFA",495000,1,2018,112,2
"755","Santos Ramirez","S",2019-08-27,"SFA",495000,1,2019,280,2
"756","Kahlil Lewis","WR",2019-08-27,"SFA",495000,1,2019,464,2
"757","Riley Mayfield","RT",2019-08-28,"SFA",495000,1,2019,110,2
"758","Will Holden","RT",2019-08-29,"SFA",645000,1,2017,61,2
"759","Shelton Gibson","WR",2019-09-01,"Practice",136000,1,2017,505,2
"760","Mason Schreck","TE",2019-09-01,"Practice",136000,1,2017,260,2
"761","Aviante Collins","LG",2019-09-01,"Practice",255000,1,2017,117,2
"762","Jacob Hollister","TE",2019-09-01,"Practice",136000,1,2017,260,2
"763","Dan Arnold","WR",2019-09-01,"Practice",136000,1,2017,505,2
"764","Marcus Allen","S",2019-09-01,"Practice",136000,1,2018,294,2
"765","John Kelly","RB",2019-09-01,"Practice",136000,1,2018,262,2
"766","Marcell Harris","S",2019-09-01,"Practice",510000,1,2018,276,2
"767","Luke Falk","QB",2019-09-01,"Practice",204000,1,2018,155,2
"768","Devante Downs","LB",2019-09-01,"Practice",136000,1,2018,384,2
"769","Zach Sieler","DE",2019-09-01,"Practice",272000,1,2018,124,2
"770","Vyncint Smith","WR",2019-09-01,"Practice",170000,1,2018,500,2
"771","Trayvon Henderson","S",2019-09-01,"Practice",136000,1,2018,294,2
"772","Derrick Willies","WR",2019-09-01,"Practice",136000,1,2018,505,2
"773","Evan Brown","RG",2019-09-01,"Practice",136000,1,2018,123,2
"774","Cam Sims","WR",2019-09-01,"Practice",136000,1,2018,505,2
"775","Adonis Alexander","CB",2019-09-01,"Practice",136000,1,2018,410,2
"776","Christian Wade","RB",2019-09-01,"Practice",136000,1,2019,262,2
"777","Cameron Smith","LB",2019-09-01,"Practice",136000,1,2019,384,2
"778","Terry Beckner Jr.","DT",2019-09-01,"Practice",136000,1,2019,235,2
"779","Derwin Gray","RG",2019-09-01,"Practice",136000,1,2019,123,2
"780","Isaac Nauta","TE",2019-09-01,"Practice",204000,1,2019,258,2
"781","Quinton Bell","EDGE",2019-09-01,"Practice",136000,1,2019,293,2
"782","Alize Mack","TE",2019-09-01,"Practice",136000,1,2019,260,2
"783","Stephen Denmark","CB",2019-09-01,"Practice",136000,1,2019,410,2
"784","Dillon Mitchell","WR",2019-09-01,"Practice",136000,1,2019,505,2
"785","Jackson Barton","LT",2019-09-01,"Practice",340000,1,2019,114,2
"786","Chris Slayton","DT",2019-09-01,"Practice",136000,1,2019,235,2
"787","Dakota Allen","LB",2019-09-01,"Practice",136000,1,2019,384,2
"788","Caleb Wilson","TE",2019-09-01,"Practice",136000,1,2019,260,2
"789","Valentine Holmes","RB",2019-09-01,"Practice",136000,1,2019,262,2
"790","Jakob Johnson","FB",2019-09-01,"Practice",136000,1,2019,46,2
"791","Quinn Bailey","RT",2019-09-01,"Practice",136000,1,2019,123,2
"792","Brett Rypien","QB",2019-09-01,"Practice",340000,1,2019,151,2
"793","Ahmad Gooden","EDGE",2019-09-01,"Practice",136000,1,2019,293,2
"794","John Leglue","LG",2019-09-01,"Practice",170000,1,2019,118,2
"795","Alijah Holder","CB",2019-09-01,"Practice",136000,1,2019,410,2
"796","Ryan Bee","DE",2019-09-01,"Practice",136000,1,2019,125,2
"797","Calvin Anderson","LT",2019-09-01,"Practice",340000,1,2019,114,2
"798","Terez Hall","LB",2019-09-01,"Practice",136000,1,2019,384,2
"799","Tyree St. Louis","LT",2019-09-01,"Practice",136000,1,2019,117,2
"800","Emmanuel Butler","WR",2019-09-01,"Practice",170000,1,2019,500,2
"801","Marcus Applefield","LT",2019-09-01,"Practice",136000,1,2019,117,2
"802","Sean Modster","WR",2019-09-01,"Practice",136000,1,2019,505,2
"803","Charles Scarff","TE",2019-09-01,"Practice",136000,1,2019,260,2
"804","Antoine Wesley","WR",2019-09-01,"Practice",136000,1,2019,505,2
"805","Emanuel Hall","WR",2019-09-01,"Practice",136000,1,2019,505,2
"806","Jonathan Harris","DE",2019-09-01,"Practice",136000,1,2019,125,2
"807","Thomas Ives","WR",2019-09-01,"Practice",136000,1,2019,505,2
"808","Sam Mustipher","C",2019-09-01,"Practice",136000,1,2019,116,2
"809","Jazz Ferguson","WR",2019-09-01,"Practice",136000,1,2019,505,2
"810","Terry Wright","WR",2019-09-01,"Practice",136000,1,2019,505,2
"811","Lester Cotton","LG",2019-09-01,"Practice",136000,1,2019,119,2
"812","Dylan Mabin","CB",2019-09-01,"Practice",494989,1,2019,407,2
"813","Kabion Ento","WR",2019-09-01,"Practice",136000,1,2019,505,2
"814","Yosuah Nijman","LT",2019-09-01,"Practice",136000,1,2019,117,2
"815","Randy Ramsey","LB",2019-09-01,"Practice",136000,1,2019,384,2
"816","Manny Wilkins","QB",2019-09-01,"Practice",136000,1,2019,157,2
"817","Jake Carlock","EDGE",2019-09-01,"Practice",136000,1,2019,293,2
"818","C.J. Conrad","TE",2019-09-01,"Practice",136000,1,2019,260,2
"819","Jon Hilliman","RB",2019-09-01,"Practice",136000,1,2019,262,2
"820","Josiah Tauaefa","LB",2019-09-01,"Practice",136000,1,2019,384,2
"821","Reggie White","WR",2019-09-01,"Practice",136000,1,2019,505,2
"822","Ashton Dulin","WR",2019-09-01,"Practice",136000,1,2019,505,2
"823","Khari Blasingame","FB",2019-09-01,"Practice",499239,1,2019,43,2
"824","Jake Browning","QB",2019-09-01,"Practice",170000,1,2019,156,2
"825","Nate Meadors","CB",2019-09-01,"Practice",136000,1,2019,410,2
"826","Stephen Carlson","TE",2019-09-01,"Practice",170000,1,2019,259,2
"827","J.T. Hassell","S",2019-09-01,"Practice",212500,1,2019,293,2
"828","Willie Wright","RG",2019-09-01,"Practice",221000,1,2019,122,2
"829","Demetrius Flannigan-Fowles","S",2019-09-01,"Practice",136000,1,2019,294,2
"830","Kevin Givens","DT",2019-09-01,"Practice",255000,1,2019,231,2
"831","Malik Henry","WR",2019-09-01,"Practice",136000,1,2019,505,2
"832","Ross Reynolds","RG",2019-09-01,"Practice",494989,1,2019,120,2
"833","Kyle Shurmur","QB",2019-09-01,"Practice",136000,1,2019,157,2
"834","Dewayne Hendrix","EDGE",2019-09-01,"Practice",136000,1,2019,293,2
"835","Nik Needham","CB",2019-09-01,"Practice",136000,1,2019,410,2
"836","Tae Hayes","CB",2019-09-01,"Practice",136000,1,2019,410,2
"837","Michael Walker","WR",2019-09-01,"Practice",136000,1,2019,505,2
"838","Jonathan Duhart","WR",2019-09-01,"Practice",136000,1,2019,505,2
"839","Matt Nelson","LT",2019-09-01,"Practice",255000,1,2019,116,2
"840","Anthony Pittman","LB",2019-09-01,"Practice",136000,1,2019,384,2
"841","Kyron Brown","CB",2019-09-01,"Practice",136000,1,2019,410,2
"842","Tyler Jones","LG",2019-09-01,"Practice",136000,1,2019,119,2
"843","Jamey Mosley","EDGE",2019-09-01,"Practice",136000,1,2019,293,2
"844","Jeff Smith","WR",2019-09-01,"Practice",204000,1,2019,499,2
"845","Anthony Chesley","CB",2019-09-01,"Practice",136000,1,2019,410,2
"846","Jordan Ellis","RB",2019-09-01,"Practice",136000,1,2019,262,2
"847","Stanley Morgan","WR",2019-09-01,"Practice",136000,1,2019,505,2
"848","Keaton Sutherland","RG",2019-09-01,"Practice",136000,1,2019,123,2
"849","Austin Exford","S",2019-09-01,"Practice",136000,1,2019,294,2
"850","Karan Higdon","RB",2019-09-01,"Practice",136000,1,2019,262,2
"851","Albert Huggins","DT",2019-09-01,"Practice",136000,1,2019,235,2
"852","Chris Johnson","S",2019-09-01,"Practice",136000,1,2019,294,2
"853","Drew Anderson","QB",2019-09-01,"Practice",136000,1,2019,157,2
"854","Dante Booker","LB",2019-09-01,"Practice",136000,1,2019,384,2
"855","Nate Brooks","CB",2019-09-01,"Practice",136000,1,2019,410,2
"856","A.J. Richardson","WR",2019-09-01,"Practice",136000,1,2019,505,2
"857","Lil'Jordan Humphrey","WR",2019-09-01,"Practice",136000,1,2019,505,2
"858","Derrick Kelly","RT",2019-09-01,"Practice",136000,1,2019,123,2
"859","Bruce Anderson","RB",2019-09-01,"Practice",136000,1,2019,262,2
"860","Nick Fitzgerald","QB",2019-09-01,"Practice",136000,1,2019,157,2
"861","Nate Trewyn","C",2019-09-01,"Practice",136000,1,2019,116,2
"862","Cameron Lewis","CB",2019-09-01,"Practice",136000,1,2019,410,2
"863","Kemon Hall","CB",2019-09-01,"Practice",136000,1,2019,410,2
"864","Daniel Helm","TE",2019-09-01,"Practice",136000,1,2019,260,2
"865","Jason Moore","WR",2019-09-01,"Practice",136000,1,2019,505,2
"866","Matt Sokol","TE",2019-09-01,"Practice",136000,1,2019,260,2
"867","Iosua Opeta","LG",2019-09-01,"Practice",495006,1,2019,113,2
"868","Amani Bledsoe","DE",2019-09-01,"Practice",136000,1,2019,125,2
"869","Derick Roberson","EDGE",2019-09-01,"Practice",136000,1,2019,293,2
"870","Kendall Blanton","TE",2019-09-01,"Practice",136000,1,2019,260,2
"871","Chandler Brewer","LG",2019-09-01,"Practice",136000,1,2019,119,2
"872","Marquise Copeland","DE",2019-09-01,"Practice",136000,1,2019,125,2
"873","Landis Durham","LB",2019-09-01,"Practice",136000,1,2019,384,2
"874","Aaron Adeoye","EDGE",2019-09-01,"Practice",170000,1,2019,292,2
"875","Willie Harvey","LB",2019-09-01,"Practice",170000,1,2019,381,2
"876","Marcus Marshall","RB",2019-09-01,"Practice",136000,1,2019,262,2
"877","Stacy Keely","EDGE",2019-09-01,"Practice",255000,1,2019,290,2
"878","Parker Hesse","TE",2019-09-01,"Practice",136000,1,2019,260,2
"879","Kareem Orr","CB",2019-09-01,"Practice",136000,1,2019,410,2
"880","Freedom Akinmoladun","DE",2019-09-01,"Practice",136000,1,2019,125,2
"881","Jesper Horsted","WR",2019-09-01,"Practice",255000,1,2019,498,2
"882","Charles Jones","TE",2019-09-01,"Practice",136000,1,2019,260,2
"883","Craig Reynolds","RB",2019-09-01,"Practice",136000,1,2019,262,2
"884","Noah Dawkins","LB",2019-09-01,"Practice",136000,1,2019,384,2
"885","Jake Gervase","S",2019-09-01,"Practice",136000,1,2019,294,2
"886","Sione Teuhema","LB",2019-09-01,"Practice",136000,1,2019,384,2
"887","Mazzi Wilkins","CB",2019-09-01,"Practice",136000,1,2019,410,2
"888","Tom Kennedy","WR",2019-09-01,"Practice",136000,1,2019,505,2
"889","Chad Williams","WR",2019-09-02,"Practice",136000,1,2017,466,2
"890","Corn Elder","CB",2019-09-02,"Practice",136000,1,2017,393,2
"891","Eric Saubert","TE",2019-09-02,"Practice",136000,1,2017,238,2
"892","Elijah McGuire","RB",2019-09-02,"Practice",136000,1,2017,250,2
"893","Adam Pankey","",2019-09-02,"Practice",306000,1,2017,NA,2
"894","Torry McTyer","CB",2019-09-02,"Practice",136000,1,2017,393,2
"895","Jamal Carter","LB",2019-09-02,"Practice",136000,1,2017,365,2
"896","Kyle Lauletta","QB",2019-09-02,"Practice",340000,1,2018,139,2
"897","Nick Nelson","CB",2019-09-02,"Practice",136000,1,2018,393,2
"898","Davontae Harris","CB",2019-09-02,"SFA",615000,2,2018,209,2
"899","Christian Sam","LB",2019-09-02,"Practice",136000,1,2018,365,2
"900","Sam Jones","LG",2019-09-02,"Practice",136000,1,2018,110,2
"901","Chris Covington","LB",2019-09-02,"Practice",136000,1,2018,365,2
"902","Cedrick Wilson Jr.","WR",2019-09-02,"Practice",136000,1,2018,466,2
"903","Cornell Armstrong","CB",2019-09-02,"SFA",615000,2,2018,209,2
"904","Keishawn Bierria","LB",2019-09-02,"SFA",615000,2,2018,184,2
"905","Brandon Powell","WR",2019-09-02,"Practice",136000,1,2018,466,2
"906","Jachai Polite","EDGE",2019-09-02,"Practice",136000,1,2019,277,2
"907","Michael Jackson Sr.","CB",2019-09-02,"Practice",136000,1,2019,393,2
"908","Clayton Thorson","QB",2019-09-02,"Practice",136000,1,2019,147,2
"909","Gerri Green","EDGE",2019-09-02,"Practice",306000,1,2019,273,2
"910","Marcus Green","WR",2019-09-02,"Practice",136000,1,2019,466,2
"911","Deshaun Davis","LB",2019-09-02,"Practice",136000,1,2019,365,2
"912","Mike Weber","RB",2019-09-02,"Practice",136000,1,2019,250,2
"913","Gerald Willis","DE",2019-09-02,"Practice",136000,1,2019,119,2
"914","Ian Bunting","TE",2019-09-02,"Practice",136000,1,2019,238,2
"915","Keelan Doss","WR",2019-09-02,"Practice",255000,1,2019,458,2
"916","Paul Adams","LT",2019-09-02,"Practice",136000,1,2019,110,2
"917","Davion Davis","WR",2019-09-02,"Practice",136000,1,2019,466,2
"918","Cody Thompson","WR",2019-09-02,"Practice",136000,1,2019,466,2
"919","Ryan Pope","LT",2019-09-02,"Practice",255000,1,2019,108,2
"920","Wyatt Miller","RT",2019-09-02,"Practice",136000,1,2019,117,2
"921","Curtis Akins","LB",2019-09-02,"Practice",136000,1,2019,365,2
"922","Damarea Crockett","RB",2019-09-02,"Practice",136000,1,2019,250,2
"923","Jamal Davis","DE",2019-09-02,"Practice",136000,1,2019,119,2
"924","Tyron Johnson","WR",2019-09-02,"Practice",136000,1,2019,466,2
"925","Chase McLaughlin","K",2019-09-02,"Practice",136000,1,2019,67,2
"926","David Sills","WR",2019-09-02,"Practice",136000,1,2019,466,2
"927","Nate Hall","LB",2019-09-02,"Practice",136000,1,2019,365,2
"928","Mitch Hyatt","LT",2019-09-02,"Practice",136000,1,2019,110,2
"929","Daniel Wise","DT",2019-09-02,"Practice",136000,1,2019,225,2
"930","Tony Brooks-James","RB",2019-09-02,"Practice",136000,1,2019,250,2
"931","Alex Brown","CB",2019-09-02,"Practice",306000,1,2019,392,2
"932","Ventell Bryant","WR",2019-09-02,"Practice",136000,1,2019,466,2
"933","Jordan Leggett","TE",2019-09-03,"Practice",136000,1,2017,233,2
"934","Justin Davis","RB",2019-09-03,"Practice",136000,1,2017,241,2
"935","Eli Ankou","DT",2019-09-03,"Practice",136000,1,2017,220,2
"936","Kylie Fitts","EDGE",2019-09-03,"Practice",212500,1,2018,267,2
"937","Kahlil McKenzie","RG",2019-09-03,"Practice",136000,1,2018,112,2
"938","Josh Watson","LB",2019-09-03,"Practice",170000,1,2019,349,2
"939","Terrill Hanks","LB",2019-09-03,"Practice",136000,1,2019,353,2
"940","Montre Hartage","S",2019-09-03,"Practice",136000,1,2019,278,2
"941","Chris Myarick","TE",2019-09-03,"Practice",495006,1,2019,209,2
"942","Greg Dortch","WR",2019-09-03,"Practice",187000,1,2019,447,2
"943","Johnnie Dixon","WR",2019-09-03,"Practice",136000,1,2019,453,2
"944","Elijah Holyfield","RB",2019-09-03,"Practice",136000,1,2019,241,2
"945","Josh Malone","WR",2019-09-04,"Practice",170000,1,2017,448,2
"946","Vincent Taylor","DT",2019-09-05,"Practice",170000,1,2017,214,2
"947","Joe Giles-Harris","LB",2019-09-05,"Practice",136000,1,2019,349,2
"948","Aaron Stinnie","LG",2019-09-07,"SFA",615000,2,2018,63,2
"949","Donnie Lewis Jr.","CB",2019-09-07,"Practice",136000,1,2019,382,2
"950","Chidi Okeke","RT",2019-09-10,"Practice",136000,1,2019,117,2
"951","Terrell Bonds","CB",2019-09-10,"Practice",136000,1,2019,382,2
"952","Devlin Hodges","QB",2019-09-10,"Practice",136000,1,2019,140,2
"953","Terry Godwin","WR",2019-09-11,"Practice",136000,1,2019,454,2
"954","Anthony Johnson","WR",2019-09-11,"Practice",136000,1,2019,454,2
"955","Parry Nickerson","CB",2019-09-12,"Practice",136000,1,2018,379,2
"956","Byron Pringle","WR",2019-09-12,"Practice",136000,1,2018,451,2
"957","Nick Brossette","RB",2019-09-12,"Practice",136000,1,2019,235,2
"958","Brandon Dillon","TE",2019-09-12,"Practice",170000,1,2019,231,2
"959","Alexander Hollins","WR",2019-09-12,"Practice",136000,1,2019,451,2
"960","Ajene Harris","CB",2019-09-12,"Practice",136000,1,2019,379,2
"961","Deion Harris","CB",2019-09-13,"Practice",136000,1,2019,378,2
"962","Amara Darboh","WR",2019-09-16,"Practice",136000,1,2017,452,2
"963","Corey Levin","C",2019-09-17,"Practice",306000,1,2017,111,2
"964","Dino Boyd","LT",2019-09-17,"Practice",136000,1,2019,106,2
"965","Mark Fields","CB",2019-09-17,"Practice",136000,1,2019,376,2
"966","Drew Belcher","TE",2019-09-17,"Practice",136000,1,2019,231,2
"967","Chris Peace","EDGE",2019-09-17,"SFA",585000,3,2019,190,2
"968","Adrian Colbert","S",2019-09-18,"Practice",136000,1,2017,276,2
"969","Cole Herdman","TE",2019-09-18,"Practice",136000,1,2019,229,2
"970","Malcolm Pridgeon","RG",2019-09-18,"Practice",136000,1,2019,112,2
"971","Austin Walter","RB",2019-09-18,"Practice",136000,1,2019,233,2
"972","Taylor Stallworth","DT",2019-09-20,"Practice",136000,1,2018,216,2
"973","Deante Burton","CB",2019-09-24,"Practice",136000,1,2017,376,2
"974","Ishmael Hyman","WR",2019-09-24,"Practice",136000,1,2019,452,2
"975","Trinity Benson","WR",2019-09-24,"Practice",136000,1,2019,452,2
"976","Alexander Myres","CB",2019-09-24,"Practice",136000,1,2019,376,2
"977","Matt Kaskey","RT",2019-09-24,"Practice",136000,1,2019,113,2
"978","Mike White","QB",2019-09-25,"Practice",204000,1,2018,136,2
"979","Christian DiLauro","LT",2019-09-25,"Practice",136000,1,2018,106,2
"980","Malik Carney","LB",2019-09-25,"Practice",136000,1,2019,353,2
"981","Ray Smith","DT",2019-09-25,"Practice",136000,1,2019,215,2
"982","Travis Fulgham","WR",2019-09-28,"Practice",255000,1,2019,442,2
"983","Bryan Mone","DT",2019-09-28,"Practice",136000,1,2019,214,2
"984","Jonathan Owens","S",2019-09-30,"Practice",136000,1,2018,275,2
"985","Shakial Taylor","CB",2019-09-30,"Practice",136000,1,2019,375,2
"986","Teez Tabor","CB",2019-10-01,"Practice",136000,1,2017,372,2
"987","Jeff Holland","EDGE",2019-10-01,"Practice",136000,1,2018,269,2
"988","Jaryd Jones-Smith","LT",2019-10-01,"Practice",136000,1,2018,106,2
"989","Nick Easley","WR",2019-10-01,"Practice",136000,1,2019,451,2
"990","Braxton Hoyett","DE",2019-10-01,"Practice",136000,1,2019,117,2
"991","Josh Jones","S",2019-10-02,"Practice",136000,1,2017,275,2
"992","Kelvin McKnight","WR",2019-10-02,"Practice",136000,1,2019,450,2
"993","Trenton Irwin","WR",2019-10-03,"Practice",136000,1,2019,449,2
"994","Miles Brown","DT",2019-10-03,"Practice",136000,1,2019,211,2
"995","Travis Vornkahl","LT",2019-10-03,"Practice",136000,1,2019,104,2
"996","Younghoe Koo","K",2019-10-04,"Practice",136000,1,2017,66,2
"997","Wyatt Ray","DE",2019-10-08,"Practice",136000,1,2019,117,2
"998","Wes Hills","RB",2019-10-09,"Practice",136000,1,2019,232,2
"999","Keenan Brown","TE",2019-10-09,"Practice",96000,1,2019,262,2
"1000","Eric Dungey","QB",2019-10-11,"Practice",136000,1,2019,137,2
"1001","Victor Salako","LG",2019-10-14,"Practice",136000,1,2017,108,2
"1002","Dax Raymond","TE",2019-10-14,"Practice",136000,1,2019,229,2
"1003","Anthony Ratliff-Williams","WR",2019-10-14,"Practice",136000,1,2019,450,2
"1004","Chad Wheeler","RT",2019-10-15,"Practice",136000,1,2017,111,2
"1005","Tyler Gauthier","LG",2019-10-15,"Practice",136000,1,2019,108,2
"1006","Corbin Kaufusi","EDGE",2019-10-15,"Practice",136000,1,2019,266,2
"1007","Alex Bars","LG",2019-10-15,"SFA",540000,2,2019,93,2
"1008","Tremon Smith","CB",2019-10-16,"Practice",136000,1,2018,370,2
"1009","Jayson Stanley","CB",2019-10-16,"Practice",136000,1,2019,370,2
"1010","Derrick Gore","RB",2019-10-16,"Practice",136000,1,2019,232,2
"1011","Aca'Cedric Ware","RB",2019-10-16,"Practice",136000,1,2019,232,2
"1012","Ray-Ray McCloud","WR",2019-10-17,"Practice",136000,1,2018,444,2
"1013","Keegan Render","C",2019-10-17,"Practice",136000,1,2019,108,2
"1014","Samaje Perine","RB",2019-10-19,"Practice",136000,1,2017,229,2
"1015","Matt Dickerson","DE",2019-10-22,"SFA",615000,2,2018,65,2
"1016","Penny Hart","WR",2019-10-22,"Practice",136000,1,2019,444,2
"1017","Aaron Monteiro","RG",2019-10-23,"Practice",136000,1,2019,110,2
"1018","Javier Edwards","DT",2019-10-23,"Practice",136000,1,2019,211,2
"1019","Jalen Guyton","WR",2019-10-23,"Practice",136000,1,2019,443,2
"1020","Tuzar Skipper","EDGE",2019-10-24,"Practice",136000,1,2019,265,2
"1021","Damion Willis","WR",2019-10-25,"Practice",136000,1,2019,441,2
"1022","Eddie Vanderdoes","DT",2019-10-29,"Practice",136000,1,2017,209,2
"1023","Jack Fox","P",2019-10-29,"Practice",136000,1,2019,60,2
"1024","Del'Shawn Phillips","LB",2019-10-29,"Practice",495000,1,2019,333,2
"1025","Jordan Brown","CB",2019-10-30,"Practice",136000,1,2019,377,2
"1026","Darrin Hall","RB",2019-10-30,"Practice",136000,1,2019,229,2
"1027","Brandon Rusnak","S",2019-10-30,"SFA",585000,3,2019,190,2
"1028","Casey Tucker","LT",2019-10-30,"Practice",136000,1,2019,103,2
"1029","Darrius Shepherd","WR",2019-10-31,"Practice",136000,1,2019,440,2
"1030","Sean Smith","P",2019-10-31,"Practice",136000,1,2019,59,2
"1031","Porter Gustin","EDGE",2019-11-04,"Practice",136000,1,2019,263,2
"1032","Michael Onuoha","DE",2019-11-05,"Practice",136000,1,2019,117,2
"1033","Sutton Smith","EDGE",2019-11-06,"Practice",136000,1,2019,264,2
"1034","Kahzin Daniels","EDGE",2019-11-06,"SFA",540000,2,2019,235,2
"1035","Tyrel Dodson","LB",2019-11-06,"Practice",136000,1,2019,352,2
"1036","Brandon Hitner","C",2019-11-06,"Practice",136000,1,2019,107,2
"1037","Tim Williams","EDGE",2019-11-07,"Practice",645000,1,2017,159,2
"1038","Sean Chandler","S",2019-11-07,"Practice",136000,1,2018,268,2
"1039","Chuck Harris","DE",2019-11-07,"Practice",136000,1,2019,116,2
"1040","Deon Cain","WR",2019-11-12,"Practice",136000,1,2018,440,2
"1041","Alex Bachman","WR",2019-11-12,"Practice",136000,1,2019,440,2
"1042","Garrett McGhin","RT",2019-11-12,"Practice",136000,1,2019,107,2
"1043","John Keenoy","C",2019-11-14,"Practice",136000,1,2019,106,2
"1044","Nsimba Webster","WR",2019-11-16,"SFA",585000,3,2019,255,2
"1045","Kerrith Whyte","RB",2019-11-17,"SFA",540000,2,2019,199,2
"1046","Tanner Vallejo","LB",2019-11-20,"Practice",136000,1,2017,352,2
"1047","JoJo Wicker","DT",2019-11-20,"Practice",136000,1,2018,208,2
"1048","Ryan Crozier","RG",2019-11-20,"Practice",136000,1,2019,108,2
"1049","Derrick Baity","CB",2019-11-20,"Practice",136000,1,2019,375,2
"1050","Andrew Dowell","LB",2019-11-20,"Practice",136000,1,2019,352,2
"1051","Tashawn Bower","EDGE",2019-11-21,"Practice",136000,1,2017,265,2
"1052","Malik Jefferson","LB",2019-11-25,"Practice",136000,1,2018,350,2
"1053","J'Mon Moore","WR",2019-11-25,"Practice",136000,1,2018,440,2
"1054","Picasso Nelson","CB",2019-11-25,"Practice",136000,1,2019,374,2
"1055","Johnny Stanton","RB",2019-11-26,"Practice",136000,1,2018,225,2
"1056","Cody Conway","RT",2019-11-26,"Practice",136000,1,2019,106,2
"1057","Patrick Ricard","FB",2019-12-03,"Extension",3650000,2,2017,2,2
"1058","Xavier Crawford","CB",2019-12-03,"Practice",136000,1,2019,374,2
"1059","Kevin Wilkins","DT",2019-12-03,"Practice",136000,1,2019,208,2
"1060","Rashaan Gaulden","S",2019-12-04,"Practice",136000,1,2018,270,2
"1061","P.J. Johnson","DT",2019-12-04,"Practice",136000,1,2019,208,2
"1062","Tanner Volson","C",2019-12-05,"Practice",136000,1,2019,107,2
"1063","Josh Smith","WR",2019-12-10,"Practice",136000,1,2018,441,2
"1064","Joshua Smith","EDGE",2019-12-10,"Practice",136000,1,2019,265,2
"1065","Kyle Kalis","C",2019-12-11,"Practice",136000,1,2017,106,2
"1066","Jermaine Kelly","CB",2019-12-11,"Practice",136000,1,2018,379,2
"1067","Jeff Holland","LB",2019-12-11,"Practice",136000,1,2018,352,2
"1068","Te'von Coney","LB",2019-12-11,"Practice",136000,1,2019,352,2
"1069","Trevion Thompson","WR",2019-12-11,"Practice",136000,1,2019,442,2
"1070","DaMarkus Lodge","WR",2019-12-12,"Practice",136000,1,2019,438,2
"1071","Timon Parris","RT",2019-12-14,"SFA",540000,2,2018,90,2
"1072","Freedom Akinmoladun","EDGE",2019-12-14,"SFA",540000,2,2019,233,2
"1073","Spencer Schnell","WR",2019-12-16,"Practice",136000,1,2019,437,2
"1074","Nate Wozniak","LT",2019-12-17,"Practice",136000,1,2018,101,2
"1075","Jay-Tee Tiuli","DT",2019-12-17,"Practice",136000,1,2019,211,2
"1076","P.J. Locke","S",2019-12-17,"Practice",136000,1,2019,271,2
"1077","Olive Sagapolu","DT",2019-12-17,"Practice",136000,1,2019,211,2
"1078","Sutton Smith","LB",2019-12-18,"Practice",136000,1,2019,354,2
"1079","Joe Dineen","LB",2019-12-18,"Practice",136000,1,2019,354,2
"1080","Alex Wesley","WR",2019-12-18,"Practice",136000,1,2019,439,2
"1081","Jamal Custis","WR",2019-12-18,"Practice",136000,1,2019,439,2
"1082","Jalen Dalton","DT",2019-12-18,"Practice",136000,1,2019,211,2
"1083","Herb Miller","CB",2019-12-18,"Practice",136000,1,2019,376,2
"1084","Jonathan Bonner","DE",2019-12-18,"Practice",136000,1,2019,119,2
"1085","George Aston","FB",2019-12-24,"Practice",136000,1,2019,44,2
"1086","Damion Jeanpiere","WR",2019-12-24,"Practice",136000,1,2019,440,2
"1087","Ade Aruna","EDGE",2019-12-26,"Practice",136000,1,2018,265,2
"1088","Trevor Daniel","P",2019-12-30,"SFA",630000,2,2018,33,2
"1089","Elliott Fry","K",2019-12-30,"SFA",516500,1,2019,63,2
"1090","Durval Queiroz","DE",2019-12-30,"SFA",555000,2,2019,100,2
"1091","Ian Berryman","P",2019-12-30,"SFA",555000,2,2019,53,2
"1092","Wes Farnsworth","LS",2019-12-30,"SFA",555000,2,2019,48,2
"1093","Tre Crawford","LB",2019-12-30,"SFA",555000,2,2019,290,2
"1094","Jeremy Cox","RB",2019-12-30,"SFA",555000,2,2019,197,2
"1095","Eddie Jackson","S",2020-01-03,"Extension",14600000,4,2017,1,2
"1096","William Stanback","RB",2020-01-03,"SFA",630000,2,2017,139,2
"1097","Nick Usher","LB",2020-01-07,"SFA",535000,1,2017,331,2
"1098","Kaare Vedvik","P",2020-01-07,"SFA",561500,2,2018,48,2
"1099","Nate Hall","DE",2020-01-13,"SFA",555000,2,2019,101,2
"1100","DaShaun Amos","CB",2020-01-15,"SFA",510000,1,2017,362,2
"1101","Tristan Vizcaino","K",2020-01-21,"SFA",555000,2,2018,58,2
"1102","Kendal Vickers","EDGE",2020-01-23,"SFA",510000,1,2018,266,2
"1103","Joey Alfieri","LB",2020-02-04,"SFA",555000,2,2019,292,2
"1104","Jody Fortson","WR",2020-02-04,"SFA",510000,1,2019,448,2
"1105","Chuck Clark","S",2020-02-10,"Extension",5100000,3,2017,29,2
"1106","Anthony Cioffi","S",2020-02-14,"SFA",555000,2,2017,236,2
"1107","Michael Roberts","TE",2020-02-19,"SFA",760000,1,2017,96,2
"1108","Austin Ekeler","RB",2020-03-16,"RFA",6125000,4,2017,11,2
"1109","Keionta Davis","EDGE",2020-03-17,"RFA",680000,1,2017,155,2
"1110","Antony Auclair","TE",2020-03-18,"RFA",1250000,1,2017,64,2
"1111","Cooper Rush","QB",2020-03-18,"RFA",1250000,1,2017,59,2
"1112","Caleb Brantley","DE",2020-03-23,"SFA",750000,1,2017,48,2
"1113","Nick Moore","LS",2020-03-26,"SFA",610000,1,2019,34,2
"1114","Christian Kuntz","EDGE",2020-03-30,"SFA",610000,1,2017,173,2
"1115","Tyree Kinnel","S",2020-03-30,"SFA",610000,1,2019,166,2
"1116","Matt Haack","P",2020-04-01,"RFA",2133000,1,2017,16,2
"1117","Kendrick Bourne","WR",2020-04-06,"RFA",3259000,1,2017,61,2
"1118","Dylan Cole","LB",2020-04-06,"RFA",2133000,1,2017,62,2
"1119","Saivion Smith","CB",2020-04-10,"SFA",695000,2,2019,151,2
"1120","Nicholas Morrow","LB",2020-04-13,"RFA",3259000,1,2017,43,2
"1121","Tyler Newsome","P",2020-04-13,"SFA",610000,1,2019,33,2
"1122","Cavon Walker","DE",2020-04-14,"SFA",610000,1,2018,70,2
"1123","Christian McCaffrey","RB",2020-04-16,"Extension",16015853,4,2017,1,2
"1124","David Sharpe","RT",2020-04-16,"RFA",2133000,1,2017,30,2
"1125","Jermaine Eluemunor","LG",2020-04-16,"RFA",2133000,1,2017,28,2
"1126","Matt Breida","RB",2020-04-17,"RFA",3259000,1,2017,22,2
"1127","Cethan Carter","TE",2020-04-17,"RFA",2133000,1,2017,50,2
"1128","Adam Butler","DT",2020-04-17,"RFA",3259000,1,2017,42,2
"1129","Taysom Hill","QB",2020-04-18,"RFA",10500000,2,2017,22,2
"1130","Rashaad Coward","RG",2020-04-20,"ERFA",825000,1,2017,53,2
"1131","Jarron Jones","LT",2020-04-20,"SFA",610000,1,2017,66,2
"1132","Andrew Wylie","LG",2020-04-20,"ERFA",750000,1,2017,48,2
"1133","Keelan Cole","WR",2020-04-23,"RFA",3259000,1,2017,60,2
"1134","Rasul Douglas","CB",2020-04-27,"Other",825000,1,2017,124,2
"1135","Corey Clement","RB",2020-04-30,"SFA",825000,1,2017,72,2
"1136","Treyvon Hester","DE",2020-05-01,"SFA",850000,1,2017,49,2
"1137","Juwann Bushell-Beatty","RT",2020-05-01,"SFA",610000,1,2019,75,2
"1138","Austin Carr","WR",2020-05-07,"SFA",825000,1,2017,136,2
"1139","Eric Wilson","LB",2020-05-08,"RFA",3259000,1,2017,44,2
"1140","Andrew Soroh","S",2020-06-09,"SFA",610000,1,2019,202,2
"1141","Patrick Mahomes","QB",2020-07-06,"Extension",45000000,10,2017,1,2
"1142","Myles Garrett","EDGE",2020-07-16,"Extension",25000000,5,2017,1,2
"1143","Will Hastings","WR",2020-07-28,"SFA",610000,1,2020,323,2
"1144","Tedric Thompson","S",2020-07-30,"SFA",850000,1,2017,135,2
"1145","Brian Lewerke","QB",2020-07-30,"SFA",610000,1,2020,125,2
"1146","Jarren Williams","CB",2020-08-02,"SFA",610000,1,2020,285,2
"1147","Koda Martin","RG",2020-08-04,"SFA",610000,1,2019,96,2
"1148","Isaiah Zuber","WR",2020-08-05,"SFA",610000,1,2020,323,2
"1149","Michael Dunn","LG",2020-08-09,"SFA",610000,1,2017,95,2
"1150","Jovahn Fair","LG",2020-08-10,"SFA",610000,1,2020,95,2
"1151","Cody White","WR",2020-08-11,"SFA",610000,1,2020,322,2
"1152","Jackson Dennis","RT",2020-08-11,"SFA",610000,1,2020,94,2
"1153","Tyler Gauthier","C",2020-08-12,"SFA",675000,1,2019,78,2
"1154","William Sweet","RT",2020-08-12,"SFA",610000,1,2019,94,2
"1155","George Obinna","EDGE",2020-08-12,"SFA",610000,1,2020,225,2
"1156","Dion Dawkins","LT",2020-08-13,"Extension",14575000,4,2017,6,2
"1157","P.J. Hall","DT",2020-08-13,"SFA",750000,1,2018,140,2
"1158","Patrick Carr","RB",2020-08-14,"SFA",610000,1,2020,185,2
"1159","Seth Dawkins","WR",2020-08-14,"SFA",610000,1,2020,322,2
"1160","George Kittle","TE",2020-08-15,"Extension",15000000,5,2017,1,2
"1161","Scottie Dill","RT",2020-08-15,"SFA",610000,1,2020,93,2
"1162","Prince Smith","CB",2020-08-15,"SFA",610000,1,2020,284,2
"1163","Tanzel Smart","DE",2020-08-16,"SFA",825000,1,2017,56,2
"1164","Aleva Hifo","WR",2020-08-16,"SFA",610000,1,2020,322,2
"1165","Daylon Mack","DT",2020-08-17,"SFA",675000,1,2019,160,2
"1166","Nate Holley","S",2020-08-22,"SFA",610000,1,2018,225,2
"1167","Ricky Walker","DT",2020-08-22,"SFA",610000,1,2019,180,2
"1168","Kyle Markway","TE",2020-08-22,"SFA",610000,1,2020,177,2
"1169","Johnny Townsend","P",2020-08-25,"SFA",675000,1,2018,39,2
"1170","Sharif Finch","LB",2020-08-25,"SFA",750000,1,2018,201,2
"1171","Derrick Moncrief","LB",2020-08-25,"SFA",610000,1,2020,261,2
"1172","Frederick Mauigoa","C",2020-08-25,"SFA",610000,1,2020,87,2
"1173","Daniel Bituli","LB",2020-08-25,"SFA",610000,1,2020,261,2
"1174","Darrell Stewart","WR",2020-08-26,"SFA",610000,1,2020,325,2
"1175","David Reese","LB",2020-08-26,"SFA",610000,1,2020,259,2
"1176","Budda Baker","S",2020-08-27,"Extension",14750000,4,2017,1,2
"1177","Avery Moss","DE",2020-08-27,"SFA",750000,1,2017,80,2
"1178","Tavien Feaster","RB",2020-08-27,"SFA",610000,1,2020,190,2
"1179","Liam McCullough","LS",2020-08-27,"SFA",610000,1,2020,41,2
"1180","Jameson Houston","CB",2020-08-28,"SFA",610000,1,2020,284,2
"1181","Andre Baccellia","WR",2020-08-29,"SFA",610000,1,2020,324,2
"1182","T.J. Carter","DE",2020-08-29,"SFA",610000,1,2020,97,2
"1183","DeAndre Thompkins","WR",2020-08-30,"SFA",610000,1,2019,322,2
"1184","Zach Cunningham","LB",2020-08-31,"Extension",14500000,4,2017,3,2
"1185","Tony Brown","WR",2020-08-31,"SFA",610000,1,2020,325,2
"1186","Napoleon Maxwell","RB",2020-08-31,"SFA",610000,1,2020,189,2
"1187","Joe Mixon","RB",2020-09-01,"Extension",12000000,4,2017,6,2
"1188","Pete Guerriero","RB",2020-09-02,"SFA",610000,1,2020,188,2
"1189","Antonio Williams","RB",2020-09-03,"SFA",610000,1,2020,187,2
"1190","Deshaun Watson","QB",2020-09-04,"Extension",39000000,4,2017,2,2
"1191","Brady Aiello","RT",2020-09-04,"SFA",610000,1,2020,93,2
"1192","Tre'Davious White","CB",2020-09-06,"Extension",17250000,4,2017,1,2
"1193","Taywan Taylor","WR",2020-09-06,"Practice",204000,1,2017,519,2
"1194","Danny Isidora","RG",2020-09-06,"Practice",197764,1,2017,127,2
"1195","Trey Edmunds","RB",2020-09-06,"Practice",197764,1,2017,252,2
"1196","Lance Lenoir","WR",2020-09-06,"Practice",142800,1,2017,536,2
"1197","Antonio Callaway","WR",2020-09-06,"Practice",153318,1,2018,535,2
"1198","Shaquem Griffin","LB",2020-09-06,"Practice",178518,1,2018,386,2
"1199","Dylan Cantrell","TE",2020-09-06,"Practice",142800,1,2018,263,2
"1200","Jordan Thomas","TE",2020-09-06,"Practice",178518,1,2018,257,2
"1201","Andre Smith","LB",2020-09-06,"Practice",249954,1,2018,374,2
"1202","Dakoda Shepley","RG",2020-09-06,"Practice",197764,1,2018,127,2
"1203","Kevin Toliver II","CB",2020-09-06,"Practice",178518,1,2018,422,2
"1204","Alex Light","LT",2020-09-06,"Practice",142800,1,2018,114,2
"1205","Ross Pierschbacher","C",2020-09-06,"Practice",174106,1,2019,125,2
"1206","Dexter Williams","RB",2020-09-06,"Practice",229071,1,2019,243,2
"1207","Tim Harris","CB",2020-09-06,"Practice",197764,1,2019,415,2
"1208","Ken Webster","CB",2020-09-06,"Practice",142800,1,2019,432,2
"1209","Jordan Brailford","EDGE",2020-09-06,"Practice",142800,1,2019,301,2
"1210","Durval Queiroz","RG",2020-09-06,"Practice",142800,1,2019,132,2
"1211","D'Angelo Ross","CB",2020-09-06,"Practice",170282,1,2019,425,2
"1212","Greg Roberts","EDGE",2020-09-06,"Practice",142800,1,2019,301,2
"1213","Hale Hentges","TE",2020-09-06,"Practice",142800,1,2019,263,2
"1214","David Blough","QB",2020-09-06,"Practice",142800,1,2019,164,2
"1215","D.J. Montgomery","WR",2020-09-06,"Practice",142800,1,2019,536,2
"1216","Darius Harris","LB",2020-09-06,"Practice",142800,1,2019,393,2
"1217","John Lovett","TE",2020-09-06,"Practice",197765,1,2019,255,2
"1218","Tim Ward","EDGE",2020-09-06,"Practice",142800,1,2019,301,2
"1219","Beau Benzschawel","LG",2020-09-06,"Practice",142800,1,2019,135,2
"1220","Kevin Strong","DT",2020-09-06,"Practice",174106,1,2019,258,2
"1221","Jamal Davis","EDGE",2020-09-06,"Practice",142800,1,2019,301,2
"1222","Zack Bailey","LG",2020-09-06,"Practice",142800,1,2019,135,2
"1223","Amani Bledsoe","DT",2020-09-06,"Practice",170282,1,2019,261,2
"1224","Jon'Vea Johnson","WR",2020-09-06,"Practice",142800,1,2019,536,2
"1225","Chris Westry","CB",2020-09-06,"Practice",197764,1,2019,415,2
"1226","Natrez Patrick","LB",2020-09-06,"Practice",174106,1,2019,387,2
"1227","D'Cota Dixon","S",2020-09-06,"Practice",142800,1,2019,311,2
"1228","Cameron Nizialek","P",2020-09-06,"Practice",142800,1,2019,65,2
"1229","Reggie Begelton","WR",2020-09-06,"Practice",142800,1,2020,536,2
"1230","Jordan Ta'amu","QB",2020-09-06,"Practice",142800,1,2019,164,2
"1231","Jacques Patrick","RB",2020-09-06,"Practice",142800,1,2020,259,2
"1232","Justin Rohrwasser","K",2020-09-06,"Practice",142800,1,2020,73,2
"1233","Robert Windsor","DT",2020-09-06,"Practice",142800,1,2020,263,2
"1234","Antoine Brooks","S",2020-09-06,"Practice",252728,1,2020,292,2
"1235","Evan Weaver","LB",2020-09-06,"Practice",142800,1,2020,393,2
"1236","Blake Brandel","LT",2020-09-06,"Practice",142800,1,2020,114,2
"1237","Cassh Maluia","LB",2020-09-06,"Practice",142800,1,2020,393,2
"1238","Josh Metellus","S",2020-09-06,"Practice",142800,1,2020,311,2
"1239","Jake Hanson","C",2020-09-06,"Practice",142800,1,2020,129,2
"1240","Prince Tega Wanogho","RT",2020-09-06,"Practice",170282,1,2020,135,2
"1241","Jauan Jennings","WR",2020-09-06,"Practice",142800,1,2020,536,2
"1242","Lachavious Simmons","RG",2020-09-06,"Practice",142800,1,2020,132,2
"1243","Clay Johnston","LB",2020-09-06,"Practice",197764,1,2020,379,2
"1244","Dane Jackson","CB",2020-09-06,"Practice",307692,1,2020,395,2
"1245","Tommy Stevens","QB",2020-09-06,"Practice",142800,1,2020,164,2
"1246","Chapelle Russell","LB",2020-09-06,"Practice",142800,1,2020,393,2
"1247","Nate Stanley","QB",2020-09-06,"Practice",142800,1,2020,164,2
"1248","Raymond Calais","RB",2020-09-06,"Practice",142800,1,2020,259,2
"1249","Chris Williamson","CB",2020-09-06,"Practice",142800,1,2020,432,2
"1250","Brian Cole II","S",2020-09-06,"Practice",142800,1,2020,311,2
"1251","Stephen Sullivan","TE",2020-09-06,"Practice",170282,1,2020,259,2
"1252","Kyle Hinton","RG",2020-09-06,"Practice",142800,1,2020,132,2
"1253","Derrek Tuszka","EDGE",2020-09-06,"Practice",197765,1,2020,294,2
"1254","Chris Rowland","WR",2020-09-06,"Practice",197764,1,2020,524,2
"1255","Delrick Abrams","CB",2020-09-06,"Practice",225247,1,2020,404,2
"1256","Austin Edwards","EDGE",2020-09-06,"Practice",142800,1,2020,301,2
"1257","Juwan Green","WR",2020-09-06,"Practice",142800,1,2020,536,2
"1258","Tyler Hall","CB",2020-09-06,"Practice",142800,1,2020,432,2
"1259","Jared Pinkney","TE",2020-09-06,"Practice",170282,1,2020,259,2
"1260","Derrick Dillon","WR",2020-09-06,"Practice",142800,1,2020,536,2
"1261","Tyler Haycraft","C",2020-09-06,"Practice",142800,1,2020,129,2
"1262","Niko Lalos","EDGE",2020-09-06,"Practice",197764,1,2020,295,2
"1263","Binjimen Victor","WR",2020-09-06,"Practice",142800,1,2020,536,2
"1264","Austin Mack","WR",2020-09-06,"Practice",170282,1,2020,528,2
"1265","Kyle Murphy","RG",2020-09-06,"Practice",142800,1,2020,132,2
"1266","Cordel Iwuagwu","LG",2020-09-06,"Practice",142800,1,2020,135,2
"1267","Scottie Phillips","RB",2020-09-06,"Practice",142800,1,2020,259,2
"1268","Tyler Simmons","WR",2020-09-06,"Practice",142800,1,2020,536,2
"1269","Auzoyah Alufohai","DT",2020-09-06,"Practice",142800,1,2020,263,2
"1270","J.R. Reed","S",2020-09-06,"Practice",197764,1,2020,301,2
"1271","Nathan Cottrell","RB",2020-09-06,"Practice",142800,1,2020,259,2
"1272","Brandon Wright","P",2020-09-06,"Practice",142800,1,2020,65,2
"1273","Josh Hammond","WR",2020-09-06,"Practice",142800,1,2020,536,2
"1274","Ben Ellefson","TE",2020-09-06,"Practice",142800,1,2020,263,2
"1275","Nate Evans","LB",2020-09-06,"Practice",142800,1,2020,393,2
"1276","Amari Henderson","CB",2020-09-06,"Practice",142800,1,2020,432,2
"1277","Austen Pleasants","RT",2020-09-06,"Practice",142800,1,2020,139,2
"1278","Tre'Vour Wallace-Simms","RT",2020-09-06,"Practice",142800,1,2020,139,2
"1279","Rodney Clemons","S",2020-09-06,"Practice",142800,1,2020,311,2
"1280","Omari Cobb","LB",2020-09-06,"Practice",170282,1,2020,388,2
"1281","Javaris Davis","CB",2020-09-06,"Practice",142800,1,2020,432,2
"1282","Maurice Ffrench","WR",2020-09-06,"Practice",142800,1,2020,536,2
"1283","Lavert Hill","CB",2020-09-06,"Practice",142800,1,2020,432,2
"1284","Kalija Lipscomb","WR",2020-09-06,"Practice",142800,1,2020,536,2
"1285","Darryl Williams","C",2020-09-06,"Practice",142800,1,2020,129,2
"1286","Asmar Bilal","LB",2020-09-06,"Practice",142800,1,2020,393,2
"1287","Darius Bradwell","RB",2020-09-06,"Practice",197765,1,2020,249,2
"1288","John Brannon","CB",2020-09-06,"Practice",170282,1,2020,425,2
"1289","Cole Christiansen","LB",2020-09-06,"Practice",225246,1,2020,377,2
"1290","Jeff Cotton","WR",2020-09-06,"Practice",142800,1,2020,536,2
"1291","Breiden Fehoko","DT",2020-09-06,"Practice",197764,1,2020,256,2
"1292","Nathan Gilliam","RG",2020-09-06,"Practice",142800,1,2020,132,2
"1293","Jessie Lemonier","EDGE",2020-09-06,"Practice",142800,1,2020,301,2
"1294","Gabe Nabers","TE",2020-09-06,"Practice",170282,1,2020,259,2
"1295","T.J. Smith","DT",2020-09-06,"Practice",142800,1,2020,263,2
"1296","Donte Vaughn","CB",2020-09-06,"Practice",142800,1,2020,432,2
"1297","Trajan Bandy","CB",2020-09-06,"Practice",142800,1,2020,432,2
"1298","Corliss Waitman","P",2020-09-06,"Practice",142800,1,2020,65,2
"1299","Josh Knipfel","RT",2020-09-06,"Practice",142800,1,2020,139,2
"1300","Scotty Washington","WR",2020-09-06,"Practice",142800,1,2020,536,2
"1301","Mitchell Wilcox","TE",2020-09-06,"Practice",142800,1,2020,263,2
"1302","Kendall Futrell","EDGE",2020-09-06,"Practice",142800,1,2020,301,2
"1303","Kameron Cline","DT",2020-09-06,"Practice",142800,1,2020,263,2
"1304","Farrod Green","TE",2020-09-06,"Practice",142800,1,2020,263,2
"1305","Luke Juriga","C",2020-09-06,"Practice",142800,1,2020,129,2
"1306","Grayland Arnold","S",2020-09-06,"Practice",197765,1,2020,300,2
"1307","Michael Warren","RB",2020-09-06,"Practice",142800,1,2020,259,2
"1308","Adrian Killins","RB",2020-09-06,"Practice",142800,1,2020,259,2
"1309","Elijah Riley","S",2020-09-06,"Practice",197764,1,2020,301,2
"1310","Raequan Williams","DT",2020-09-06,"Practice",197764,1,2020,256,2
"1311","Jalen Elliott","S",2020-09-06,"Practice",142800,1,2020,311,2
"1312","Bobby Price","S",2020-09-06,"Practice",197764,1,2020,301,2
"1313","Arryn Siposs","P",2020-09-06,"Practice",142800,1,2020,65,2
"1314","Steve Wirtel","LS",2020-09-06,"Practice",142800,1,2020,58,2
"1315","Krys Barnes","LB",2020-09-06,"Practice",142800,1,2020,393,2
"1316","Henry Black","S",2020-09-06,"Practice",252728,1,2020,292,2
"1317","Tipa Galeai","EDGE",2020-09-06,"Practice",170282,1,2020,298,2
"1318","Willington Previlon","DE",2020-09-06,"Practice",170282,1,2020,137,2
"1319","Stanford Samuels","CB",2020-09-06,"Practice",197764,1,2020,415,2
"1320","Delontae Scott","DE",2020-09-06,"Practice",142800,1,2020,141,2
"1321","Zack Johnson","LG",2020-09-06,"Practice",142800,1,2020,135,2
"1322","Jake Bargas","TE",2020-09-06,"Practice",170282,1,2020,259,2
"1323","Blake Lynch","LB",2020-09-06,"Practice",170282,1,2020,388,2
"1324","Jared Mayden","S",2020-09-06,"Practice",197764,1,2020,301,2
"1325","Salvon Ahmed","RB",2020-09-06,"Practice",142800,1,2020,259,2
"1326","Darrion Daniels","DT",2020-09-06,"Practice",225246,1,2020,249,2
"1327","JaMycal Hasty","RB",2020-09-06,"Practice",170282,1,2020,254,2
"1328","Chase Harrell","TE",2020-09-06,"Practice",142800,1,2020,263,2
"1329","Josh Hokit","FB",2020-09-06,"Practice",142800,1,2020,43,2
"1330","Matt Leo","EDGE",2020-09-06,"Practice",142800,1,2020,301,2
"1331","Chris Williams","DT",2020-09-06,"Practice",142800,1,2020,263,2
"1332","De'Michael Harris","WR",2020-09-06,"Practice",142800,1,2020,536,2
"1333","Carter O'Donnell","LT",2020-09-06,"Practice",142800,1,2020,114,2
"1334","Javon Hagan","S",2020-09-06,"Practice",142800,1,2020,311,2
"1335","Benning Potoa'e","DE",2020-09-06,"Practice",170282,1,2020,137,2
"1336","Zach Shackelford","C",2020-09-06,"Practice",142800,1,2020,129,2
"1337","Reid Sinnett","QB",2020-09-06,"Practice",142800,1,2020,164,2
"1338","Giovanni Ricci","TE",2020-09-06,"Practice",142800,1,2020,263,2
"1339","Myles Adams","EDGE",2020-09-06,"Practice",142800,1,2020,301,2
"1340","Mike Horton","RG",2020-09-06,"Practice",197764,1,2020,127,2
"1341","Chris Orr","LB",2020-09-06,"Practice",197764,1,2020,379,2
"1342","Sam Tecklenburg","C",2020-09-06,"Practice",142800,1,2020,129,2
"1343","Cohl Cabral","C",2020-09-06,"Practice",142800,1,2020,129,2
"1344","Michael Hoecht","DT",2020-09-06,"Practice",142800,1,2020,263,2
"1345","J.J. Koski","WR",2020-09-06,"Practice",142800,1,2020,536,2
"1346","Tyrique McGhee","S",2020-09-06,"Practice",142800,1,2020,311,2
"1347","Bryce Perkins","QB",2020-09-06,"Practice",170282,1,2020,162,2
"1348","Christian Rozeboom","LB",2020-09-06,"Practice",142800,1,2020,393,2
"1349","Jonah Williams","DE",2020-09-06,"Practice",142800,1,2020,141,2
"1350","Juju Hughes","S",2020-09-06,"Practice",170282,1,2020,308,2
"1351","Tommy Champion","RT",2020-09-06,"Practice",142800,1,2020,139,2
"1352","Aaron Fuller","WR",2020-09-06,"Practice",142800,1,2020,536,2
"1353","Gavin Heslop","CB",2020-09-06,"Practice",170282,1,2020,425,2
"1354","Cedrick Lattimore","DT",2020-09-06,"Practice",142800,1,2020,263,2
"1355","Tyler Mabry","TE",2020-09-06,"Practice",142800,1,2020,263,2
"1356","Elijah Benton","S",2020-09-06,"Practice",170282,1,2020,308,2
"1357","Ja'Marcus Bradley","WR",2020-09-06,"Practice",225246,1,2020,513,2
"1358","A.J. Green","CB",2020-09-06,"Practice",170282,1,2020,425,2
"1359","Benny LeMay","RB",2020-09-06,"Practice",142800,1,2020,259,2
"1360","Jovante Moffatt","S",2020-09-06,"Practice",142800,1,2020,311,2
"1361","Nick Leverett","LG",2020-09-06,"Practice",142800,1,2020,135,2
"1362","Josh Pearson","WR",2020-09-06,"Practice",170282,1,2020,528,2
"1363","Rashod Berry","TE",2020-09-06,"Practice",197764,1,2020,256,2
"1364","Myles Bryant","CB",2020-09-06,"Practice",142800,1,2020,432,2
"1365","Jake Burt","TE",2020-09-06,"Practice",142800,1,2020,263,2
"1366","Nick Coe","DE",2020-09-06,"Practice",142800,1,2020,141,2
"1367","De'Jon Harris","LB",2020-09-06,"Practice",197764,1,2020,379,2
"1368","Bill Murray","DT",2020-09-06,"Practice",142800,1,2020,263,2
"1369","J.J. Taylor","RB",2020-09-06,"Practice",142800,1,2020,259,2
"1370","LeVante Bellamy","RB",2020-09-06,"Practice",197765,1,2020,249,2
"1371","Tommy Hudson","TE",2020-09-06,"Practice",142800,1,2020,263,2
"1372","Brandon Kemp","LT",2020-09-06,"Practice",142800,1,2020,114,2
"1373","Tucker McCann","K",2020-09-06,"Practice",142800,1,2020,73,2
"1374","Kobe Smith","DT",2020-09-06,"Practice",142800,1,2020,263,2
"1375","Teair Tart","DT",2020-09-06,"Practice",142800,1,2020,263,2
"1376","Nick Westbrook-Ikhine","WR",2020-09-06,"Practice",142800,1,2020,536,2
"1377","Kristian Wilkerson","WR",2020-09-06,"Practice",170282,1,2020,528,2
"1378","Lawrence Cager","WR",2020-09-06,"Practice",197765,1,2020,521,2
"1379","Javelin Guidry","CB",2020-09-06,"Practice",142800,1,2020,432,2
"1380","Lamar Jackson","CB",2020-09-06,"Practice",197764,1,2020,415,2
"1381","Trystan Colon","C",2020-09-06,"Practice",170282,1,2020,128,2
"1382","Tyler Huntley","QB",2020-09-06,"Practice",252728,1,2020,153,2
"1383","Chauncey Rivers","EDGE",2020-09-06,"Practice",170282,1,2020,298,2
"1384","Khalil Dorsey","CB",2020-09-06,"Practice",197765,1,2020,413,2
"1385","Jaylon Moore","WR",2020-09-06,"Practice",142800,1,2020,536,2
"1386","Nigel Warrior","S",2020-09-06,"Practice",142800,1,2020,311,2
"1387","Eli Wolf","TE",2020-09-06,"Practice",142800,1,2020,263,2
"1388","Kristian Welch","LB",2020-09-06,"Practice",197764,1,2020,379,2
"1389","Aaron Crawford","DT",2020-09-06,"Practice",170282,1,2020,261,2
"1390","Francis Bernard","LB",2020-09-06,"Practice",142800,1,2020,393,2
"1391","Ron'Dell Carter","EDGE",2020-09-06,"Practice",142800,1,2020,301,2
"1392","Ladarius Hamilton","LB",2020-09-06,"Practice",142800,1,2020,393,2
"1393","Sewo Olonilua","FB",2020-09-06,"Practice",197764,1,2020,42,2
"1394","Aaron Parker","WR",2020-09-06,"Practice",142800,1,2020,536,2
"1395","Luther Kirk","S",2020-09-06,"Practice",142800,1,2020,311,2
"1396","Nick Bowers","TE",2020-09-06,"Practice",142800,1,2020,263,2
"1397","Madre Harper","CB",2020-09-06,"Practice",170282,1,2020,425,2
"1398","Javin White","LB",2020-09-06,"Practice",252728,1,2020,373,2
"1399","Kamaal Seymour","RG",2020-09-06,"Practice",142800,1,2020,132,2
"1400","Dominik Eberle","K",2020-09-06,"Practice",142800,1,2020,73,2
"1401","Brandon Walton","LT",2020-09-06,"Practice",142800,1,2020,114,2
"1402","Trey Adams","LT",2020-09-06,"Practice",142800,1,2020,114,2
"1403","Josh Thomas","S",2020-09-06,"Practice",197764,1,2020,301,2
"1404","Tyshun Render","EDGE",2020-09-06,"Practice",197764,1,2020,295,2
"1405","Matt Cole","WR",2020-09-06,"Practice",142800,1,2020,536,2
"1406","Jonathan Hubbard","LT",2020-09-06,"Practice",142800,1,2020,114,2
"1407","Kylan Johnson","LB",2020-09-06,"Practice",142800,1,2020,393,2
"1408","Benito Jones","DT",2020-09-06,"Practice",280210,1,2020,245,2
"1409","Kirk Merritt","WR",2020-09-06,"Practice",197764,1,2020,524,2
"1410","Calvin Throckmorton","RG",2020-09-06,"Practice",142800,1,2020,132,2
"1411","Tony Jones","RB",2020-09-06,"Practice",170282,1,2020,254,2
"1412","Joe Bachie","LB",2020-09-06,"Practice",142800,1,2020,393,2
"1413","Keith Washington","CB",2020-09-06,"Practice",142800,1,2020,432,2
"1414","Darrin Paulo","LT",2020-09-06,"Practice",142800,1,2020,114,2
"1415","Zane Lewis","CB",2020-09-06,"Practice",142800,1,2020,432,2
"1416","Reggie Walker","LB",2020-09-06,"Practice",170282,1,2020,388,2
"1417","Jonathan Ward","RB",2020-09-06,"Practice",197765,1,2020,249,2
"1418","JoJo Ward","WR",2020-09-06,"Practice",142800,1,2020,536,2
"1419","Jace Whittaker","CB",2020-09-06,"Practice",280210,1,2020,396,2
"1420","Lacale London","DT",2020-09-06,"Practice",142800,1,2020,263,2
"1421","Badara Traore","RT",2020-09-06,"Practice",170282,1,2020,135,2
"1422","Artavis Pierce","RB",2020-09-06,"Practice",142800,1,2020,259,2
"1423","Rashad Smith","LB",2020-09-06,"Practice",142800,1,2020,393,2
"1424","Keandre Jones","LB",2020-09-06,"Practice",197764,1,2020,379,2
"1425","Steven Montez","QB",2020-09-06,"Practice",197764,1,2020,160,2
"1426","Isaac Alarcon","LT",2020-09-06,"Practice",142800,1,2020,114,2
"1427","David Bada","DE",2020-09-06,"Practice",142800,1,2020,141,2
"1428","Sandro Platzgummer","RB",2020-09-06,"Practice",142800,1,2020,259,2
"1429","Ty Williams","RB",2020-09-06,"Practice",170282,1,2020,254,2
"1430","DeShone Kizer","QB",2020-09-07,"Practice",204000,1,2017,128,2
"1431","Nate Hairston","CB",2020-09-07,"SFA",1000000,1,2017,120,2
"1432","Trey Quinn","WR",2020-09-07,"Practice",142800,1,2018,459,2
"1433","Leonard Fournette","RB",2020-09-08,"SFA",2000000,1,2017,34,2
"1434","Sidney Jones","CB",2020-09-08,"Practice",142800,1,2017,367,2
"1435","Josh Rosen","QB",2020-09-08,"Practice",142800,1,2018,140,2
"1436","Greg Senat","LT",2020-09-08,"Practice",142800,1,2018,98,2
"1437","Kenny Robinson","S",2020-09-08,"Practice",142800,1,2020,277,2
"1438","Chris Miller","S",2020-09-08,"Practice",142800,1,2020,277,2
"1439","Mason Kinsey","WR",2020-09-08,"Practice",142800,1,2020,457,2
"1440","Darius Anderson","RB",2020-09-08,"Practice",142800,1,2020,229,2
"1441","Charlie Taumoepeau","TE",2020-09-08,"Practice",142800,1,2020,226,2
"1442","Marcus Willoughby","DE",2020-09-09,"Practice",142800,1,2020,125,2
"1443","Jaleel Scott","WR",2020-09-10,"Practice",205412,1,2018,432,2
"1444","John Ursua","WR",2020-09-10,"Practice",142800,1,2019,453,2
"1445","Michael Dogbe","DE",2020-09-10,"Practice",236718,1,2019,118,2
"1446","Matt Orzech","LS",2020-09-10,"Practice",142800,1,2019,55,2
"1447","Joe Gaziano","DE",2020-09-10,"Practice",142800,1,2020,125,2
"1448","Dalvin Cook","RB",2020-09-12,"Extension",12600000,5,2017,6,2
"1449","Alvin Kamara","RB",2020-09-12,"Extension",15000000,5,2017,2,2
"1450","Cooper Kupp","WR",2020-09-12,"Extension",15750000,3,2017,12,2
"1451","Tarik Cohen","RB",2020-09-14,"Extension",5750000,3,2017,15,2
"1452","Troy Fumagalli","TE",2020-09-14,"Practice",142800,1,2018,225,2
"1453","Josh Nurse","CB",2020-09-14,"Practice",142800,1,2020,366,2
"1454","Ledarius Mack","LB",2020-09-14,"Practice",142800,1,2020,350,2
"1455","Kalen Ballage","RB",2020-09-15,"SFA",835000,2,2018,87,2
"1456","Matt Gay","K",2020-09-15,"Practice",142800,1,2019,65,2
"1457","Cordrea Tankersley","CB",2020-09-16,"Practice",204000,1,2017,346,2
"1458","Jacob Dolegala","QB",2020-09-16,"Practice",142800,1,2019,137,2
"1459","Christian Angulo","CB",2020-09-16,"Practice",142800,1,2020,368,2
"1460","David Moa","DT",2020-09-16,"Practice",142800,1,2020,224,2
"1461","Demarcus Christmas","DT",2020-09-17,"Practice",142800,1,2019,224,2
"1462","Hakeem Butler","WR",2020-09-18,"Practice",142800,1,2019,453,2
"1463","Dieter Eiselen","LG",2020-09-18,"Practice",161882,1,2020,125,2
"1464","Justin Johnson","TE",2020-09-21,"Practice",142800,1,2019,224,2
"1465","Sean Culkin","TE",2020-09-22,"Practice",216529,1,2017,211,2
"1466","Jalen Jelks","EDGE",2020-09-22,"Practice",142800,1,2019,268,2
"1467","Javon Patterson","C",2020-09-23,"Practice",142800,1,2019,107,2
"1468","Nakia Griffin-Stewart","TE",2020-09-23,"Practice",142800,1,2020,223,2
"1469","Cale Garrett","LB",2020-09-23,"Practice",142800,1,2020,354,2
"1470","Calvin Taylor","DE",2020-09-25,"Practice",142800,1,2020,125,2
"1471","Jordan Kunaszyk","LB",2020-09-26,"Practice",188612,1,2019,346,2
"1472","Ryan Glasgow","DT",2020-09-28,"Practice",204000,1,2017,216,2
"1473","Jared Hilbers","RT",2020-09-28,"Practice",142800,1,2020,121,2
"1474","D'Onta Foreman","RB",2020-09-29,"Practice",204000,1,2017,210,2
"1475","Will Clapp","C",2020-09-29,"Practice",142800,1,2018,105,2
"1476","Michael Jacquet","CB",2020-09-29,"Practice",172564,1,2020,358,2
"1477","Ryan Neal","CB",2020-09-30,"SFA",750000,1,2018,191,2
"1478","Deion Calhoun","RG",2020-09-30,"Practice",148906,1,2019,109,2
"1479","Marlon Humphrey","CB",2020-10-01,"Extension",19500000,5,2017,2,2
"1480","Ryan Switzer","WR",2020-10-01,"Practice",204000,1,2017,421,2
"1481","Juwann Winfree","WR",2020-10-01,"Practice",180212,1,2019,437,2
"1482","Josiah Coatney","DE",2020-10-07,"Practice",142800,1,2020,125,2
"1483","DeMarkus Acy","CB",2020-10-07,"Practice",142800,1,2020,367,2
"1484","Jonas Griffith","LB",2020-10-07,"Practice",142800,1,2020,352,2
"1485","Michael Divinity","LB",2020-10-07,"Practice",142800,1,2020,352,2
"1486","Adam Shuler","DE",2020-10-07,"Practice",142800,1,2020,125,2
"1487","Dante Olson","LB",2020-10-08,"Practice",142800,1,2020,350,2
"1488","Lee Autry","DT",2020-10-08,"Practice",142800,1,2020,227,2
"1489","Geno Stone","S",2020-10-10,"Practice",155764,1,2020,276,2
"1490","Rodney Smith","RB",2020-10-12,"Practice",142800,1,2020,228,2
"1491","Dominique Dafney","TE",2020-10-12,"Practice",142800,1,2020,223,2
"1492","Travis Jonsen","WR",2020-10-14,"Practice",142800,1,2020,445,2
"1493","Eric Banks","DE",2020-10-14,"Practice",142800,1,2020,124,2
"1494","Tino Ellis","CB",2020-10-15,"Practice",142800,1,2020,368,2
"1495","Shareef Miller","EDGE",2020-10-19,"Practice",142800,1,2019,267,2
"1496","Damion Ratley","WR",2020-10-20,"Practice",142800,1,2018,445,2
"1497","Shyheim Carter","CB",2020-10-20,"Practice",142800,1,2020,367,2
"1498","Mike Panasiuk","DT",2020-10-20,"Practice",142800,1,2020,229,2
"1499","Walter Palmore","DT",2020-10-21,"Practice",142800,1,2019,228,2
"1500","John Hurst","WR",2020-10-22,"Practice",142800,1,2020,445,2
"1501","Alex Taylor","RT",2020-10-26,"Practice",142800,1,2020,118,2
"1502","Montre Hartage","CB",2020-10-27,"Practice",146612,1,2019,365,2
"1503","Rysen John","TE",2020-10-27,"Practice",142800,1,2020,219,2
"1504","Will Sunderland","CB",2020-10-27,"Practice",142800,1,2020,366,2
"1505","Kemah Siverand","CB",2020-10-27,"Practice",142800,1,2020,366,2
"1506","Jordan Steckler","RG",2020-10-27,"Practice",142800,1,2020,110,2
"1507","Adam Shaheen","TE",2020-10-28,"Extension",2425000,2,2017,45,2
"1508","Austin MacGinnis","K",2020-10-28,"Practice",142800,1,2020,62,2
"1509","Chris Finke","WR",2020-10-28,"Practice",142800,1,2020,446,2
"1510","Parnell Motley","CB",2020-10-28,"Practice",142800,1,2020,362,2
"1511","Elijah Campbell","S",2020-11-03,"Practice",142800,1,2018,276,2
"1512","Hakeem Butler","TE",2020-11-03,"Practice",142800,1,2019,217,2
"1513","Saquan Hampton","S",2020-11-03,"Practice",142800,1,2019,276,2
"1514","John Molchon","RG",2020-11-03,"Practice",142800,1,2020,108,2
"1515","Kendall Hinton","WR",2020-11-04,"Practice",142800,1,2020,443,2
"1516","Hercules Mata'afa","DT",2020-11-06,"SFA",762500,2,2018,111,2
"1517","Hunter Niswander","P",2020-11-07,"SFA",761667,3,2020,31,2
"1518","Curtis Bolton","LB",2020-11-10,"Practice",142800,1,2019,348,2
"1519","O'Shea Dugas","RT",2020-11-11,"Practice",142800,1,2019,117,2
"1520","Rex Sunahara","LS",2020-11-16,"Practice",142800,1,2020,55,2
"1521","Quincy Wilson","CB",2020-11-17,"Practice",204000,1,2017,340,2
"1522","Breeland Speaks","DE",2020-11-17,"Practice",142800,1,2018,119,2
"1523","Nate Wieting","TE",2020-11-17,"Practice",142800,1,2020,214,2
"1524","Connor Davis","TE",2020-11-17,"Practice",142800,1,2020,214,2
"1525","Deandre Baker","CB",2020-11-19,"Practice",152718,1,2019,362,2
"1526","Javon Leake","RB",2020-11-19,"Practice",142800,1,2020,222,2
"1527","Conor McDermott","RG",2020-11-20,"Extension",1350000,1,2017,38,2
"1528","Shawn Poindexter","WR",2020-11-24,"Practice",142800,1,2019,436,2
"1529","Sam Sloman","K",2020-11-24,"Practice",142800,1,2020,62,2
"1530","Chase Hansen","LB",2020-11-26,"Practice",142800,1,2019,343,2
"1531","Grover Stewart","DT",2020-11-28,"Extension",10250000,3,2017,13,2
"1532","Matthew Wright","K",2020-11-30,"Practice",142800,1,2019,61,2
"1533","Garett Bolles","LT",2020-12-01,"Extension",17000000,4,2017,4,2
"1534","Tyler Clark","DT",2020-12-02,"Practice",142800,1,2020,235,2
"1535","Marquel Harrell","LG",2020-12-02,"Practice",142800,1,2020,124,2
"1536","Manny Patterson","CB",2020-12-02,"Practice",142800,1,2020,361,2
"1537","Lirim Hajrullahu","K",2020-12-09,"Practice",142800,1,2020,60,2
"1538","Manasseh Bailey","WR",2020-12-09,"Practice",142800,1,2020,436,2
"1539","Dayan Lake","CB",2020-12-09,"Practice",142800,1,2020,360,2
"1540","Jack Cichy","LB",2020-12-11,"Practice",142800,1,2018,343,2
"1541","Brandon Wright","K",2020-12-15,"Practice",142800,1,2020,59,2
"1542","Gary Jennings Jr.","WR",2020-12-16,"Practice",142800,1,2019,430,2
"1543","Jordan Scarlett","RB",2020-12-16,"Practice",142800,1,2019,218,2
"1544","Juwan Johnson","TE",2020-12-19,"SFA",695000,2,2020,130,2
"1545","J.J. Molson","K",2020-12-22,"Practice",142800,1,2020,57,2
"1546","Austin Rehkow","P",2020-12-23,"Practice",142800,1,2017,58,2
"1547","James Crawford","LB",2020-12-23,"Practice",142800,1,2018,340,2
"1548","Isaiah Mack","DT",2020-12-23,"Practice",142800,1,2019,231,2
"1549","Chase Roullier","C",2021-01-02,"Extension",10125000,4,2017,9,2
"1550","Aaron Patrick","EDGE",2021-01-04,"SFA",808333,3,2020,148,2
"1551","Evan Brown","C",2021-01-05,"SFA",920000,1,2018,45,2
"1552","Jordan Miller","CB",2021-01-06,"Practice",142800,1,2019,374,2
"1553","Michael Pinckney","LB",2021-01-06,"SFA",808333,3,2020,139,2
"1554","Ray Wilborn","LT",2021-01-08,"SFA",660000,1,2020,77,2
"1555","Paul Adams","RT",2021-01-11,"SFA",742500,2,2019,78,2
"1556","Roderic Teamer","CB",2021-01-11,"SFA",780000,1,2019,170,2
"1557","Jan Johnson","LB",2021-01-11,"SFA",742500,2,2020,184,2
"1558","Anthony Gordon","QB",2021-01-12,"SFA",660000,1,2020,113,2
"1559","John Daka","EDGE",2021-01-12,"SFA",742500,2,2020,176,2
"1560","Jake Benzinger","RT",2021-01-12,"SFA",660000,1,2020,90,2
"1561","Khalil Tate","WR",2021-01-13,"SFA",742500,1,2020,251,2
"1562","Donald Rutledge","S",2021-01-20,"SFA",660000,1,2020,208,2
"1563","Dwayne Haskins","QB",2021-01-21,"SFA",850000,1,2019,80,2
"1564","Quartney Davis","WR",2021-01-21,"SFA",660000,1,2020,292,2
"1565","Jalen Morton","QB",2021-02-01,"SFA",660000,1,2020,120,2
"1566","Austin Schlottmann","LG",2021-02-03,"ERFA",850000,1,2018,59,2
"1567","Cole McDonald","QB",2021-02-04,"SFA",660000,1,2020,120,2
"1568","Quinton Bell","DE",2021-02-09,"SFA",837500,2,2019,59,2
"1569","Dalton Schoen","WR",2021-02-12,"SFA",660000,1,2020,305,2
"1570","Sam Renner","DE",2021-02-12,"SFA",742500,2,2020,73,2
"1571","Donell Stanley","C",2021-02-12,"SFA",742500,2,2020,69,2
"1572","Jason Sanders","K",2021-02-16,"Extension",4400000,5,2018,4,2
"1573","Branden Bowen","RT",2021-02-17,"SFA",660000,1,2020,91,2
"1574","Jullian Taylor","EDGE",2021-02-25,"SFA",920000,1,2018,112,2
"1575","Dom Maggio","P",2021-03-08,"SFA",660000,1,2020,39,2
"1576","Matt Milano","LB",2021-03-11,"UFA",10375000,4,2017,13,2
"1577","Tre Herndon","CB",2021-03-12,"RFA",2000000,1,2018,65,2
"1578","Dawuane Smoot","EDGE",2021-03-15,"UFA",5000000,2,2017,49,2
"1579","Jonnu Smith","TE",2021-03-16,"UFA",12500000,4,2017,3,2
"1580","Samson Ebukam","EDGE",2021-03-16,"UFA",6000000,2,2017,49,2
"1581","Deatrich Wise","EDGE",2021-03-16,"UFA",5500000,4,2017,53,2
"1582","Ben Niemann","LB",2021-03-16,"RFA",1570000,1,2018,78,2
"1583","Darrel Williams","RB",2021-03-16,"RFA",1600000,1,2018,45,2
"1584","Cullen Gillaspia","FB",2021-03-16,"SFA",850000,1,2019,13,2
"1585","John Ross","WR",2021-03-17,"UFA",2250000,1,2017,72,2
"1586","Ahkello Witherspoon","CB",2021-03-17,"UFA",4000000,1,2017,43,2
"1587","Jalen Reeves-Maybin","LB",2021-03-17,"UFA",2337500,1,2017,64,2
"1588","Poona Ford","DT",2021-03-17,"RFA",6172500,2,2018,24,2
"1589","Chris Board","LB",2021-03-17,"RFA",1683000,1,2018,76,2
"1590","Corey Davis","WR",2021-03-18,"UFA",12500000,3,2017,20,2
"1591","Jarrad Davis","LB",2021-03-18,"UFA",5500000,1,2017,30,2
"1592","Dalvin Tomlinson","DT",2021-03-18,"UFA",10500000,2,2017,12,2
"1593","Chris Wormley","DE",2021-03-18,"UFA",4500000,2,2017,21,2
"1594","Chris Godwin","WR",2021-03-18,"Franchise",15983000,1,2017,13,2
"1595","Shaquill Griffin","CB",2021-03-18,"UFA",13333333,3,2017,14,2
"1596","Jourdan Lewis","CB",2021-03-18,"UFA",4500000,3,2017,44,2
"1597","Rayshawn Jenkins","S",2021-03-18,"UFA",8750000,4,2017,19,2
"1598","Carl Lawson","EDGE",2021-03-18,"UFA",15000000,3,2017,17,2
"1599","Tyree St. Louis","RG",2021-03-18,"ERFA",780000,1,2019,65,2
"1600","Randy Ramsey","EDGE",2021-03-18,"ERFA",780000,1,2019,158,2
"1601","Takkarist McKinley","EDGE",2021-03-19,"UFA",4250000,1,2017,54,2
"1602","Zay Jones","WR",2021-03-19,"UFA",2500000,1,2017,66,2
"1603","Chidobe Awuzie","CB",2021-03-19,"UFA",7250000,3,2017,33,2
"1604","Larry Ogunjobi","DT",2021-03-19,"UFA",6200000,1,2017,23,2
"1605","John Johnson","S",2021-03-19,"UFA",11250000,3,2017,11,2
"1606","Trey Hendrickson","EDGE",2021-03-19,"UFA",15000000,4,2017,15,2
"1607","Desmond King","CB",2021-03-19,"UFA",3000000,1,2017,59,2
"1608","Brandon Facyson","CB",2021-03-19,"SFA",945000,1,2018,129,2
"1609","Mike Boone","RB",2021-03-19,"SFA",1925000,2,2018,37,2
"1610","Charles Harris","EDGE",2021-03-20,"UFA",1750000,1,2017,77,2
"1611","Tyus Bowser","EDGE",2021-03-20,"UFA",5500000,4,2017,49,2
"1612","JuJu Smith-Schuster","WR",2021-03-20,"UFA",8000000,1,2017,35,2
"1613","Duke Riley","LB",2021-03-20,"UFA",1127500,1,2017,79,2
"1614","Cameron Sutton","CB",2021-03-20,"UFA",4500000,2,2017,47,2
"1615","Jamaal Williams","RB",2021-03-20,"UFA",3000000,2,2017,21,2
"1616","Logan Cooke","P",2021-03-20,"Extension",3000000,4,2018,5,2
"1617","Trent Sherfield","WR",2021-03-20,"SFA",920000,1,2018,129,2
"1618","Kenny Golladay","WR",2021-03-21,"UFA",18000000,4,2017,6,2
"1619","Noah Brown","WR",2021-03-21,"UFA",1127500,1,2017,100,2
"1620","Dan Arnold","TE",2021-03-21,"UFA",3000000,2,2017,28,2
"1621","Mitchell Trubisky","QB",2021-03-22,"UFA",2500000,1,2017,41,2
"1622","Adoree' Jackson","CB",2021-03-22,"SFA",13000000,3,2017,13,2
"1623","Marcus Maye","S",2021-03-22,"Franchise",10612000,1,2017,13,2
"1624","Tavierre Thomas","CB",2021-03-22,"UFA",2000000,2,2018,75,2
"1625","Andre James","C",2021-03-22,"Extension",4325000,2,2019,20,2
"1626","Haason Reddick","EDGE",2021-03-23,"UFA",6000000,1,2017,44,2
"1627","Ryan Anderson","EDGE",2021-03-23,"UFA",1127500,1,2017,96,2
"1628","Raekwon McMillan","LB",2021-03-23,"UFA",1150000,1,2017,84,2
"1629","Derek Rivers","EDGE",2021-03-23,"UFA",1100000,1,2017,99,2
"1630","Josh Reynolds","WR",2021-03-23,"UFA",1750000,1,2017,81,2
"1631","Marlon Mack","RB",2021-03-23,"UFA",2000000,1,2017,34,2
"1632","Jayon Brown","LB",2021-03-23,"UFA",4500000,1,2017,35,2
"1633","Davon Godchaux","DT",2021-03-23,"UFA",7500000,2,2017,22,2
"1634","Sam Tevi","LT",2021-03-23,"UFA",2510000,1,2017,30,2
"1635","D.J. Jones","DT",2021-03-23,"UFA",3500000,1,2017,49,2
"1636","Olasunkanmi Adeniyi","EDGE",2021-03-23,"SFA",1000000,1,2018,109,2
"1637","Tae Davis","LB",2021-03-23,"SFA",1250000,1,2018,76,2
"1638","Danny Johnson","CB",2021-03-23,"SFA",1035000,1,2018,116,2
"1639","Tim Boyle","QB",2021-03-23,"SFA",2400000,1,2018,41,2
"1640","Taco Charlton","EDGE",2021-03-24,"UFA",1127500,1,2017,92,2
"1641","C.J. Beathard","QB",2021-03-24,"UFA",2500000,2,2017,41,2
"1642","Mack Hollins","WR",2021-03-24,"UFA",1127500,1,2017,105,2
"1643","Curtis Samuel","WR",2021-03-25,"UFA",11500000,3,2017,21,2
"1644","Gerald Everett","TE",2021-03-25,"UFA",6000000,1,2017,15,2
"1645","Tarell Basham","EDGE",2021-03-25,"UFA",2750000,2,2017,66,2
"1646","Matt Gono","RT",2021-03-25,"RFA",3384000,1,2018,28,2
"1647","Kevin King","CB",2021-03-26,"UFA",5000000,1,2017,42,2
"1648","Jordan Willis","EDGE",2021-03-26,"UFA",990000,1,2017,114,2
"1649","Alex Anzalone","LB",2021-03-26,"UFA",1750000,1,2017,65,2
"1650","Fabian Moreau","CB",2021-03-26,"UFA",1127500,1,2017,106,2
"1651","Aaron Jones","RB",2021-03-26,"UFA",12000000,4,2017,6,2
"1652","Damontae Kazee","S",2021-03-29,"UFA",1127500,1,2017,90,2
"1653","Anthony Walker Jr.","LB",2021-03-29,"UFA",3000000,1,2017,44,2
"1654","Chris Carson","RB",2021-03-29,"UFA",5212500,2,2017,14,2
"1655","Marcus Williams","S",2021-03-30,"Franchise",10612000,1,2017,11,2
"1656","Tanoh Kpassagnon","EDGE",2021-03-30,"UFA",2250000,2,2017,74,2
"1657","Julie'n Davenport","LT",2021-03-30,"UFA",1127500,1,2017,36,2
"1658","Xavier Woods","S",2021-03-30,"UFA",1750000,1,2017,68,2
"1659","Jordan Evans","LB",2021-03-30,"UFA",1127500,1,2017,85,2
"1660","Phillip Lindsay","RB",2021-03-30,"SFA",3250000,1,2018,20,2
"1661","Marquel Lee","LB",2021-03-31,"SFA",1020000,1,2017,106,2
"1662","Kolton Miller","LT",2021-04-01,"Extension",18005000,3,2018,5,2
"1663","Jason Cabinda","FB",2021-04-06,"ERFA",920000,1,2018,10,2
"1664","Martez Ivey","LT",2021-04-06,"SFA",660000,1,2019,76,2
"1665","Jalen Julius","CB",2021-04-06,"SFA",660000,1,2020,264,2
"1666","Jeremy Sprinkle","TE",2021-04-07,"UFA",1127500,1,2017,58,2
"1667","A.J. Moore","CB",2021-04-07,"RFA",2133000,1,2018,69,2
"1668","Coleman Shelton","LG",2021-04-07,"ERFA",850000,1,2018,54,2
"1669","Jamir Jones","EDGE",2021-04-07,"SFA",660000,1,2020,191,2
"1670","Jaleel Johnson","DT",2021-04-08,"UFA",1300000,1,2017,76,2
"1671","Cam Robinson","LT",2021-04-09,"Franchise",13754000,1,2017,14,2
"1672","Ryan Becker","TE",2021-04-13,"SFA",660000,1,2020,168,2
"1673","James Conner","RB",2021-04-14,"UFA",1750000,1,2017,43,2
"1674","Mikey Daniel","RB",2021-04-14,"SFA",660000,1,2020,167,2
"1675","Forrest Lamp","LG",2021-04-15,"UFA",1057500,1,2017,40,2
"1676","Dennis Gardeck","EDGE",2021-04-15,"RFA",3384000,1,2018,58,2
"1677","Jamell Garcia-Williams","EDGE",2021-04-15,"SFA",660000,1,2019,194,2
"1678","Jalen McCleskey","WR",2021-04-15,"SFA",660000,1,2020,300,2
"1679","J.C. Jackson","CB",2021-04-16,"RFA",3384000,1,2018,53,2
"1680","Joshua Dobbs","QB",2021-04-19,"UFA",1040000,1,2017,63,2
"1681","George Odum","S",2021-04-19,"RFA",2133000,1,2018,56,2
"1682","Zeke Turner","LB",2021-04-19,"RFA",2133000,1,2018,56,2
"1683","Corey Bojorquez","P",2021-04-20,"SFA",1020000,1,2018,21,2
"1684","Wayne Gallman","RB",2021-04-21,"UFA",990000,1,2017,83,2
"1685","Darious Williams","CB",2021-04-21,"RFA",4766000,1,2018,44,2
"1686","Arden Key","EDGE",2021-04-23,"SFA",1045000,1,2018,111,2
"1687","Maurice Hurst","DT",2021-04-23,"SFA",1045000,1,2018,94,2
"1688","Christian Montano","RG",2021-04-23,"SFA",660000,1,2020,81,2
"1689","Mason Rudolph","QB",2021-04-29,"Extension",4985199,1,2018,36,2
"1690","Malik McDowell","DT",2021-05-03,"SFA",660000,1,2017,187,2
"1691","Scott Daly","LS",2021-05-04,"SFA",660000,1,2017,37,2
"1692","Raven Greene","S",2021-05-05,"SFA",850000,1,2018,135,2
"1693","Frank Ragnow","C",2021-05-07,"Extension",13500000,4,2018,1,2
"1694","Kerryon Johnson","RB",2021-05-12,"Other",920000,1,2018,93,2
"1695","LaDarius Wiley","CB",2021-05-13,"SFA",660000,1,2019,281,2
"1696","Joshua Moon","S",2021-05-13,"SFA",660000,1,2019,212,2
"1697","Marcus Webb","DT",2021-05-13,"SFA",660000,1,2020,195,2
"1698","Mike Bell","LB",2021-05-13,"SFA",660000,1,2020,238,2
"1699","Steven Gonzalez","LG",2021-05-13,"SFA",660000,1,2020,90,2
"1700","Roe Farris","CB",2021-05-14,"SFA",660000,1,2020,294,2
"1701","Easop Winston","WR",2021-05-14,"SFA",660000,1,2020,343,2
"1702","Trill Williams","CB",2021-05-15,"UDFA",813333,3,2021,215,2
"1703","Delano Hill","S",2021-05-17,"SFA",990000,1,2017,118,2
"1704","Trent Taylor","WR",2021-05-17,"SFA",920000,1,2017,152,2
"1705","Eddy Pineiro","K",2021-05-17,"SFA",780000,1,2018,43,2
"1706","Evin Ksiezarczyk","LT",2021-05-17,"SFA",660000,1,2020,89,2
"1707","Case Cookus","QB",2021-05-17,"SFA",742500,2,2020,109,2
"1708","Eric Burrell","S",2021-05-18,"SFA",660000,1,2021,247,2
"1709","Frank Herron","EDGE",2021-05-26,"SFA",850000,1,2018,160,2
"1710","Cam Sutton","TE",2021-05-26,"SFA",660000,1,2020,206,2
"1711","Michael Dickson","P",2021-06-07,"Extension",3674765,4,2018,3,2
"1712","Charvarius Ward","CB",2021-06-10,"RFA",3384000,1,2018,53,2
"1713","Jerome Baker","LB",2021-06-13,"Extension",12500000,3,2018,9,2
"1714","Dominick Wood-Anderson","TE",2021-06-16,"SFA",660000,1,2020,206,2
"1715","Jake Butt","TE",2021-06-21,"SFA",850000,1,2017,106,2
"1716","Nazair Jones","DT",2021-06-22,"SFA",850000,1,2017,144,2
"1717","Ryan Ramczyk","RT",2021-06-30,"Extension",19200000,5,2017,1,2
"1718","Taylor Moton","RT",2021-07-15,"Franchise",17000000,5,2017,3,2
"1719","Fred Warner","LB",2021-07-21,"Extension",19045000,5,2018,1,2
"1720","Jordyn Peters","S",2021-07-22,"SFA",660000,1,2021,251,2
"1721","Calvin Bundage","EDGE",2021-07-22,"SFA",660000,1,2021,246,2
"1722","Cameron Scarlett","RB",2021-07-23,"SFA",660000,1,2020,205,2
"1723","De'Quan Hampton","WR",2021-07-24,"SFA",660000,1,2017,382,2
"1724","Dede Westbrook","WR",2021-07-26,"SFA",1127500,1,2017,120,2
"1725","Malik Hooker","S",2021-07-27,"SFA",920000,1,2017,139,2
"1726","Darece Roberson","WR",2021-07-27,"SFA",660000,1,2021,385,2
"1727","Gunnar Vogel","RT",2021-07-27,"SFA",660000,1,2021,115,2
"1728","Sam Hubbard","EDGE",2021-07-28,"Extension",10000000,4,2018,27,2
"1729","Kenji Bahar","QB",2021-07-28,"SFA",660000,1,2021,126,2
"1730","Braden Smith","RT",2021-07-29,"Extension",17500000,4,2018,3,2
"1731","Nick Guggemos","TE",2021-07-29,"SFA",660000,1,2021,209,2
"1732","Justus Reed","EDGE",2021-07-29,"SFA",660000,1,2021,250,2
"1733","BJ Emmons","RB",2021-07-29,"SFA",660000,1,2021,206,2
"1734","Nick Chubb","RB",2021-07-31,"Extension",12200000,3,2018,6,2
"1735","Matt Ammendola","K",2021-07-31,"SFA",742500,2,2021,54,2
"1736","Mitchell Fraboni","LS",2021-08-02,"SFA",808333,3,2021,34,2
"1737","Josh Avery","DT",2021-08-04,"SFA",660000,1,2020,232,2
"1738","Michael Dereus","WR",2021-08-04,"SFA",660000,1,2020,388,2
"1739","Josh Allen","QB",2021-08-06,"Extension",43000000,6,2018,2,2
"1740","Ito Smith","RB",2021-08-07,"SFA",920000,1,2018,106,2
"1741","Chris Okoye","DT",2021-08-07,"SFA",660000,1,2018,232,2
"1742","Michael Barnett","DT",2021-08-07,"SFA",660000,1,2020,232,2
"1743","Josh Pederson","TE",2021-08-07,"SFA",660000,1,2021,213,2
"1744","Shaquille Leonard","LB",2021-08-08,"Extension",19700000,5,2018,1,2
"1745","Gage Cervenka","RG",2021-08-08,"SFA",660000,1,2021,109,2
"1746","Lorenzo Neal Jr.","DT",2021-08-08,"SFA",660000,1,2021,231,2
"1747","Siaosi Mariner","WR",2021-08-09,"SFA",660000,1,2020,387,2
"1748","Warren Jackson","WR",2021-08-09,"SFA",660000,1,2021,387,2
"1749","Brian Khoury","LS",2021-08-09,"SFA",660000,1,2021,41,2
"1750","Malik Gant","S",2021-08-10,"SFA",660000,1,2019,248,2
"1751","Lawrence Woods","CB",2021-08-12,"SFA",660000,1,2021,334,2
"1752","Eddie Vanderdoes","DE",2021-08-13,"SFA",990000,1,2017,30,2
"1753","Reggie Floyd","S",2021-08-13,"SFA",742500,2,2020,224,2
"1754","Bryson Young","EDGE",2021-08-16,"SFA",660000,1,2020,248,2
"1755","Khalil McClain","WR",2021-08-16,"SFA",660000,1,2021,384,2
"1756","Jamal Adams","S",2021-08-17,"Extension",17500000,4,2017,1,2
"1757","Bryan Mills","CB",2021-08-18,"SFA",660000,1,2021,333,2
"1758","Damon Hazelton","WR",2021-08-20,"SFA",660000,1,2021,383,2
"1759","Michael Bandy","WR",2021-08-21,"SFA",660000,1,2021,382,2
"1760","Matt Seybert","TE",2021-08-21,"SFA",660000,1,2021,213,2
"1761","Cary Angeline","TE",2021-08-22,"SFA",660000,1,2021,212,2
"1762","Isaiah Coulter","WR",2021-08-23,"SFA",780000,1,2020,291,2
"1763","Devery Hamilton","RT",2021-08-23,"SFA",660000,1,2021,114,2
"1764","Stevie Scott III","RB",2021-08-23,"SFA",660000,1,2021,208,2
"1765","Steven Sims","WR",2021-08-25,"SFA",850000,1,2019,217,2
"1766","Luq Barcoo","CB",2021-08-25,"SFA",780000,1,2020,265,2
"1767","Dionte Ruffin","CB",2021-08-26,"SFA",660000,1,2021,332,2
"1768","Javian Hawkins","RB",2021-08-26,"SFA",742500,2,2021,185,2
"1769","Micah Kiser","LB",2021-09-01,"Practice",285222,1,2018,345,2
"1770","Jaylen Samuels","TE",2021-09-01,"Practice",252000,1,2018,258,2
"1771","Equanimeous St. Brown","WR",2021-09-01,"Practice",351666,1,2018,489,2
"1772","Justin Lawler","EDGE",2021-09-01,"Practice",339999,1,2018,283,2
"1773","Kendal Vickers","DT",2021-09-01,"Practice",199733,1,2018,285,2
"1774","Bunmi Rotimi","DT",2021-09-01,"Practice",193067,1,2018,287,2
"1775","Codey McElroy","WR",2021-09-01,"Practice",220534,1,2018,506,2
"1776","Hjalte Froholdt","RG",2021-09-01,"Practice",165600,1,2019,135,2
"1777","Renell Wren","DT",2021-09-01,"Practice",165600,1,2019,290,2
"1778","Wes Martin","RG",2021-09-01,"Practice",165600,1,2019,135,2
"1779","Trayveon Williams","RB",2021-09-01,"Practice",241644,1,2019,255,2
"1780","Trace McSorley","QB",2021-09-01,"Practice",203622,1,2019,153,2
"1781","Emeke Egbule","EDGE",2021-09-01,"Practice",203622,1,2019,291,2
"1782","Patrick Laird","RB",2021-09-01,"Practice",165600,1,2019,265,2
"1783","Joe Giles-Harris","LT",2021-09-01,"Practice",241644,1,2019,116,2
"1784","Beau Benzschawel","C",2021-09-01,"Practice",165600,1,2019,111,2
"1785","Devine Ozigbo","RB",2021-09-01,"Practice",165600,1,2019,265,2
"1786","John Reid","CB",2021-09-01,"Practice",165600,1,2020,419,2
"1787","Antonio Gandy-Golden","WR",2021-09-01,"Practice",233866,1,2020,500,2
"1788","Joe Reed","WR",2021-09-01,"Practice",165600,1,2020,520,2
"1789","Colton McKivitz","LT",2021-09-01,"Practice",165600,1,2020,118,2
"1790","Keith Ismael","C",2021-09-01,"Practice",233866,1,2020,109,2
"1791","Curtis Weaver","EDGE",2021-09-01,"Practice",165600,1,2020,296,2
"1792","Jake Fromm","QB",2021-09-01,"Practice",165600,1,2020,155,2
"1793","John Hightower","WR",2021-09-01,"Practice",199733,1,2020,517,2
"1794","Jason Huntley","RB",2021-09-01,"Practice",165600,1,2020,265,2
"1795","Isaiah Hodgins","WR",2021-09-01,"Practice",165600,1,2020,520,2
"1796","Kenny Willekes","EDGE",2021-09-01,"Practice",220534,1,2020,290,2
"1797","Arlington Hambright","LG",2021-09-01,"Practice",165600,1,2020,135,2
"1798","Ben DiNucci","QB",2021-09-01,"Practice",165600,1,2020,155,2
"1799","Tyrie Cleveland","WR",2021-09-01,"Practice",233866,1,2020,500,2
"1800","Doug Costin","DT",2021-09-01,"Practice",165600,1,2020,290,2
"1801","Patrick Taylor","RB",2021-09-01,"Practice",165600,1,2020,265,2
"1802","Myles Dorn","S",2021-09-01,"Practice",330402,1,2020,289,2
"1803","Omar Bayless","WR",2021-09-01,"Practice",165600,1,2020,520,2
"1804","Jaylon Moore","LT",2021-09-01,"Practice",165600,1,2020,118,2
"1805","Thaddeus Moss","TE",2021-09-01,"Practice",193067,1,2020,268,2
"1806","Chris Blair","WR",2021-09-01,"Practice",165600,1,2021,520,2
"1807","Innis Gaines","S",2021-09-01,"Practice",165600,1,2021,300,2
"1808","Dez Fitzpatrick","WR",2021-09-01,"Practice",165600,1,2021,520,2
"1809","Shawn Davis","S",2021-09-01,"Practice",165600,1,2021,300,2
"1810","Zach Davidson","TE",2021-09-01,"Practice",165600,1,2021,272,2
"1811","Earnest Brown IV","EDGE",2021-09-01,"Practice",165600,1,2021,296,2
"1812","Cornell Powell","WR",2021-09-01,"Practice",165600,1,2021,520,2
"1813","William Sherman","LG",2021-09-01,"Practice",193067,1,2021,132,2
"1814","Rachad Wildgoose","CB",2021-09-01,"Practice",165600,1,2021,419,2
"1815","Cole Van Lanen","LG",2021-09-01,"Practice",193067,1,2021,132,2
"1816","Seth Williams","WR",2021-09-01,"Practice",165600,1,2021,520,2
"1817","Dazz Newsome","WR",2021-09-01,"Practice",165600,1,2021,520,2
"1818","JaCoby Stevens","S",2021-09-01,"Practice",193067,1,2021,298,2
"1819","Thomas Graham Jr.","CB",2021-09-01,"Practice",165600,1,2021,419,2
"1820","Jimmy Morrissey","C",2021-09-01,"Practice",165600,1,2021,111,2
"1821","Jack Anderson","RG",2021-09-01,"Practice",165600,1,2021,135,2
"1822","William Bradley-King","EDGE",2021-09-01,"Practice",165600,1,2021,296,2
"1823","Tre Nixon","WR",2021-09-01,"Practice",165600,1,2021,520,2
"1824","James Wiggins","S",2021-09-01,"Practice",165600,1,2021,300,2
"1825","Gerrid Doaks","RB",2021-09-01,"Practice",165600,1,2021,265,2
"1826","Marquiss Spencer","DT",2021-09-01,"Practice",165600,1,2021,290,2
"1827","Kawaan Baker","WR",2021-09-01,"Practice",193067,1,2021,518,2
"1828","Olaijah Griffin","CB",2021-09-01,"Practice",165600,1,2021,419,2
"1829","Quintin Morris","TE",2021-09-01,"Practice",165600,1,2021,272,2
"1830","Grant Hermanns","LT",2021-09-01,"Practice",165600,1,2021,118,2
"1831","Kenny Yeboah","TE",2021-09-01,"Practice",193067,1,2021,268,2
"1832","Barrington Wade","LB",2021-09-01,"Practice",165600,1,2021,359,2
"1833","Adrian Ealy","RT",2021-09-01,"Practice",165600,1,2021,144,2
"1834","Tony Poljan","TE",2021-09-01,"Practice",165600,1,2021,272,2
"1835","Drue Chrisman","P",2021-09-01,"Practice",165600,1,2021,61,2
"1836","Pooka Williams Jr.","RB",2021-09-01,"Practice",193067,1,2021,261,2
"1837","Mark Gilbert","CB",2021-09-01,"Practice",165600,1,2021,419,2
"1838","Rico Bussey Jr.","WR",2021-09-01,"Practice",165600,1,2021,520,2
"1839","Donovan Stiner","S",2021-09-01,"Practice",165600,1,2021,300,2
"1840","Carson Green","RT",2021-09-01,"Practice",165600,1,2021,144,2
"1841","Ryan McCollum","C",2021-09-01,"Practice",165600,1,2021,111,2
"1842","Deon Jackson","RB",2021-09-01,"Practice",165600,1,2021,265,2
"1843","Tyler Vaughns","WR",2021-09-01,"Practice",165600,1,2021,520,2
"1844","Tarik Black","WR",2021-09-01,"Practice",165600,1,2021,520,2
"1845","Miller Forristall","TE",2021-09-01,"Practice",165600,1,2021,272,2
"1846","Tory Carter","FB",2021-09-01,"Practice",165600,1,2021,28,2
"1847","Naquan Jones","DT",2021-09-01,"Practice",165600,1,2021,290,2
"1848","Shaun Beyer","TE",2021-09-01,"Practice",165600,1,2021,272,2
"1849","Drew Himmelman","RT",2021-09-01,"Practice",193067,1,2021,142,2
"1850","Curtis Robinson","LB",2021-09-01,"Practice",193067,1,2021,356,2
"1851","Mac McCain III","CB",2021-09-01,"Practice",165600,1,2021,419,2
"1852","Zayne Anderson","S",2021-09-01,"Practice",193067,1,2021,298,2
"1853","Devon Key","S",2021-09-01,"Practice",165600,1,2021,300,2
"1854","Dicaprio Bootle","CB",2021-09-01,"Practice",220534,1,2021,410,2
"1855","Shane Buechele","QB",2021-09-01,"Practice",165600,1,2021,155,2
"1856","Hunter Kampmoyer","TE",2021-09-01,"Practice",165600,1,2021,272,2
"1857","Ben Deluca","S",2021-09-01,"Practice",165600,1,2021,300,2
"1858","Matt Bushman","TE",2021-09-01,"Practice",220534,1,2021,263,2
"1859","Max Richardson","LB",2021-09-01,"Practice",165600,1,2021,359,2
"1860","Dillon Stoner","WR",2021-09-01,"Practice",165600,1,2021,520,2
"1861","Trey Ragas","RB",2021-09-01,"Practice",220534,1,2021,257,2
"1862","D.J. Turner","WR",2021-09-01,"Practice",165600,1,2021,520,2
"1863","Brett Heggie","C",2021-09-01,"Practice",165600,1,2021,111,2
"1864","Jake Burton","RG",2021-09-01,"Practice",165600,1,2021,135,2
"1865","Braylon Jones","RT",2021-09-01,"Practice",165600,1,2021,144,2
"1866","Nick Ralston","TE",2021-09-01,"Practice",248001,1,2021,262,2
"1867","JaQuan Hardy","RB",2021-09-01,"Practice",220534,1,2021,257,2
"1868","Osirus Mitchell","WR",2021-09-01,"Practice",165600,1,2021,520,2
"1869","Tyler Coyle","S",2021-09-01,"Practice",165600,1,2021,300,2
"1870","Austin Faoliu","DT",2021-09-01,"Practice",199733,1,2021,285,2
"1871","Brandon Smith","WR",2021-09-01,"Practice",165600,1,2021,520,2
"1872","Kayode Awosika","RT",2021-09-01,"Practice",165600,1,2021,144,2
"1873","Brian Johnson","K",2021-09-01,"Practice",165600,1,2021,72,2
"1874","Charles Snowden","EDGE",2021-09-01,"Practice",193067,1,2021,292,2
"1875","Sam Kamara","DT",2021-09-01,"Practice",165600,1,2021,290,2
"1876","Sage Surratt","WR",2021-09-01,"Practice",165600,1,2021,520,2
"1877","Brock Wright","TE",2021-09-01,"Practice",220534,1,2021,263,2
"1878","Jake Hausmann","TE",2021-09-01,"Practice",165600,1,2021,272,2
"1879","Tommy Kraemer","LG",2021-09-01,"Practice",165600,1,2021,135,2
"1880","Javon McKinley","WR",2021-09-01,"Practice",165600,1,2021,520,2
"1881","Tavante Beckett","LB",2021-09-01,"Practice",193067,1,2021,356,2
"1882","Dedrick Mills","RB",2021-09-01,"Practice",165600,1,2021,265,2
"1883","Jacob Capra","RG",2021-09-01,"Practice",165600,1,2021,135,2
"1884","Myron Mitchell","WR",2021-09-01,"Practice",165600,1,2021,520,2
"1885","Whop Philyor","WR",2021-09-01,"Practice",165600,1,2021,520,2
"1886","Asim Rose","RB",2021-09-01,"Practice",165600,1,2021,265,2
"1887","Austin Trammell","WR",2021-09-01,"Practice",165600,1,2021,520,2
"1888","Joe Sculthorpe","LG",2021-09-01,"Practice",165600,1,2021,135,2
"1889","Caleb Huntley","RB",2021-09-01,"Practice",165600,1,2021,265,2
"1890","John Raine","TE",2021-09-01,"Practice",165600,1,2021,272,2
"1891","Dwayne Johnson Jr.","S",2021-09-01,"Practice",165600,1,2021,300,2
"1892","Ryan Neuzil","LG",2021-09-01,"Practice",165600,1,2021,135,2
"1893","Spencer Brown","RB",2021-09-01,"Practice",193067,1,2021,261,2
"1894","Josiah Bronson","DT",2021-09-01,"Practice",220534,1,2021,282,2
"1895","Lorenzo Burns","CB",2021-09-01,"Practice",165600,1,2021,419,2
"1896","Max Pircher","RT",2021-09-01,"Practice",165600,1,2021,144,2
"1897","Landen Akers","WR",2021-09-01,"Practice",193067,1,2021,518,2
"1898","Alfredo Gutierrez","RT",2021-09-01,"Practice",165600,1,2021,144,2
"1899","Elijah Sullivan","LB",2021-09-01,"Practice",165600,1,2021,359,2
"1900","Jon Rhattigan","LB",2021-09-01,"Practice",193067,1,2021,356,2
"1901","Josh Johnson","RB",2021-09-01,"Practice",193067,1,2021,261,2
"1902","Jarrod Hewitt","DT",2021-09-01,"Practice",165600,1,2021,290,2
"1903","Cade Johnson","WR",2021-09-01,"Practice",165600,1,2021,520,2
"1904","Greg Eiland","LG",2021-09-01,"Practice",165600,1,2021,135,2
"1905","Pier-Olivier Lestage","RG",2021-09-01,"Practice",165600,1,2021,135,2
"1906","Aaron Donkor","LB",2021-09-01,"Practice",165600,1,2021,359,2
"1907","Bernhard Seikovits","TE",2021-09-01,"Practice",165600,1,2021,272,2
"1908","Hamilcar Rashed","EDGE",2021-09-01,"Practice",193067,1,2021,292,2
"1909","C.J. Saunders","WR",2021-09-01,"Practice",165600,1,2021,520,2
"1910","Otis Anderson","RB",2021-09-01,"Practice",165600,1,2021,265,2
"1911","Jake Verity","K",2021-09-01,"Practice",165600,1,2021,72,2
"1912","Keke Coutee","WR",2021-09-02,"Practice",165600,1,2018,445,2
"1913","Jahlani Tavai","LB",2021-09-02,"Practice",241644,1,2019,331,2
"1914","Kahale Warring","TE",2021-09-02,"Practice",199733,1,2019,238,2
"1915","Joe Jackson","EDGE",2021-09-02,"SFA",907500,2,2019,158,2
"1916","KeeSean Johnson","WR",2021-09-02,"Practice",165600,1,2019,445,2
"1917","Darwin Thompson","RB",2021-09-02,"Practice",165600,1,2019,230,2
"1918","James Morgan","QB",2021-09-02,"Practice",165600,1,2020,143,2
"1919","Jason Strowbridge","DE",2021-09-02,"Practice",165600,1,2020,84,2
"1920","Jake Luton","QB",2021-09-02,"SFA",780000,1,2020,93,2
"1921","Trishton Jackson","WR",2021-09-02,"Practice",165600,1,2020,445,2
"1922","Jordan Steckler","RT",2021-09-02,"Practice",165600,1,2020,128,2
"1923","Ben Mason","FB",2021-09-02,"Practice",165600,1,2021,25,2
"1924","Nick Eubanks","TE",2021-09-02,"Practice",165600,1,2021,248,2
"1925","Kion Smith","RT",2021-09-02,"Practice",165600,1,2021,128,2
"1926","Troy Warner","S",2021-09-02,"Practice",165600,1,2021,275,2
"1927","Jared Hocker","LG",2021-09-02,"Practice",165600,1,2021,113,2
"1928","Shane Zylstra","TE",2021-09-02,"Practice",193067,1,2021,242,2
"1929","Chris Naggar","K",2021-09-02,"Practice",193067,1,2021,67,2
"1930","Dante Pettis","WR",2021-09-03,"Practice",285222,1,2018,406,2
"1931","Ryan Izzo","TE",2021-09-03,"Practice",252000,1,2018,217,2
"1932","Phil Haynes","LG",2021-09-03,"Practice",165600,1,2019,112,2
"1933","Marvell Tell III","CB",2021-09-03,"Practice",165600,1,2019,381,2
"1934","Cortez Broughton","DT",2021-09-03,"Practice",165600,1,2019,254,2
"1935","Jonathan Ledbetter","DE",2021-09-03,"Practice",165600,1,2019,83,2
"1936","Jabari Zuniga","EDGE",2021-09-03,"Practice",233866,1,2020,263,2
"1937","Tyler Davis","TE",2021-09-03,"Practice",165600,1,2020,238,2
"1938","Jalen Camp","WR",2021-09-03,"Practice",165600,1,2021,438,2
"1939","Michal Menet","C",2021-09-03,"Practice",165600,1,2021,99,2
"1940","Milo Eifler","LB",2021-09-03,"Practice",165600,1,2021,336,2
"1941","Marvin Wilson","DT",2021-09-03,"Practice",165600,1,2021,254,2
"1942","Antonio Phillips","CB",2021-09-03,"Practice",165600,1,2021,381,2
"1943","Shakur Brown","CB",2021-09-03,"Practice",165600,1,2021,381,2
"1944","Forrest Merrill","DT",2021-09-03,"Practice",165600,1,2021,254,2
"1945","Montravius Adams","DT",2021-09-06,"SFA",990000,1,2017,107,2
"1946","Josh Jackson","CB",2021-09-06,"Other",920000,1,2018,170,2
"1947","Mark Andrews","TE",2021-09-06,"Extension",14000000,4,2018,3,2
"1948","Jalyn Holmes","DT",2021-09-06,"Practice",289111,1,2018,241,2
"1949","Sheldrick Redwine","S",2021-09-06,"SFA",850000,1,2019,153,2
"1950","Ka'dar Hollman","CB",2021-09-06,"Practice",165600,1,2019,377,2
"1951","Carl Tucker","TE",2021-09-06,"Practice",165600,1,2021,236,2
"1952","Kiondre Thomas","CB",2021-09-06,"Practice",193067,1,2021,374,2
"1953","Daniel Archibong","DT",2021-09-06,"Practice",193067,1,2021,252,2
"1954","Tyrone Wheatley Jr.","RT",2021-09-06,"Practice",165600,1,2021,125,2
"1955","Korey Cunningham","LT",2021-09-07,"Practice",330111,1,2018,103,2
"1956","Qadree Ollison","RB",2021-09-07,"Practice",279666,1,2019,212,2
"1957","Blessuan Austin","CB",2021-09-07,"SFA",850000,1,2019,196,2
"1958","Trenton Cannon","RB",2021-09-08,"SFA",920000,1,2018,99,2
"1959","Tanner Muse","S",2021-09-08,"Practice",220534,1,2020,267,2
"1960","Jose Borregales","K",2021-09-08,"Practice",165600,1,2021,65,2
"1961","T.J. Watt","EDGE",2021-09-09,"Extension",28002750,4,2017,1,2
"1962","Brian O'Neill","RT",2021-09-09,"Extension",18500000,5,2018,2,2
"1963","Christian Elliss","LB",2021-09-09,"Practice",165600,1,2021,333,2
"1964","Kamal Martin","LB",2021-09-10,"Practice",165600,1,2020,331,2
"1965","Nyheim Miller-Hines","RB",2021-09-11,"Extension",6200000,3,2018,11,2
"1966","Marshon Lattimore","CB",2021-09-13,"Extension",19400000,5,2017,3,2
"1967","Mark Vital","TE",2021-09-13,"Practice",165600,1,2021,235,2
"1968","Austin Fort","TE",2021-09-14,"Practice",165600,1,2019,234,2
"1969","Harry Crider","C",2021-09-14,"Practice",165600,1,2021,97,2
"1970","Jordan Mailata","LT",2021-09-15,"Extension",16000000,4,2018,8,2
"1971","Connor Wedington","WR",2021-09-15,"Practice",165600,1,2021,434,2
"1972","Michael Jacobson","TE",2021-09-15,"Practice",165600,1,2021,233,2
"1973","Chris Wilcox","CB",2021-09-16,"Practice",165600,1,2021,368,2
"1974","Foster Sarell","LT",2021-09-16,"Practice",165600,1,2021,106,2
"1975","Adam Prentice","FB",2021-09-16,"Practice",183867,1,2021,24,2
"1976","Josh Sweat","EDGE",2021-09-18,"Extension",13333333,3,2018,21,2
"1977","Tristen Hoge","RG",2021-09-20,"Practice",165600,1,2021,111,2
"1978","Elijah Ponder","DT",2021-09-20,"Practice",165600,1,2021,249,2
"1979","Lamont Gaillard","C",2021-09-21,"Practice",165600,1,2019,95,2
"1980","Cole Banwart","RG",2021-09-21,"Practice",165600,1,2021,110,2
"1981","Drake Jackson","C",2021-09-21,"Practice",165600,1,2021,95,2
"1982","Holton Hill","CB",2021-09-22,"Practice",252000,1,2018,346,2
"1983","Nick Bawden","FB",2021-09-23,"Practice",282666,1,2018,23,2
"1984","Jace Sternberger","TE",2021-09-25,"Practice",165600,1,2019,232,2
"1985","Tim Jones","WR",2021-09-27,"Practice",165600,1,2021,428,2
"1986","Nate McCrary","RB",2021-09-28,"Practice",165600,1,2021,226,2
"1987","Javon Wims","WR",2021-09-29,"Practice",252000,1,2018,397,2
"1988","Kelvin Harmon","WR",2021-09-29,"Practice",165600,1,2019,428,2
"1989","Nolan Laufenberg","LG",2021-09-29,"Practice",165600,1,2021,113,2
"1990","Isaiah Wilson","RT",2021-09-30,"Practice",165600,1,2020,122,2
"1991","Chris Blewitt","K",2021-10-05,"Practice",165600,1,2018,63,2
"1992","Isaiah Johnson","CB",2021-10-05,"Practice",165600,1,2019,371,2
"1993","Bryce Thompson","CB",2021-10-05,"Practice",183734,1,2021,370,2
"1994","Michael Jordan","LG",2021-10-06,"Practice",165600,1,2019,111,2
"1995","Ryquell Armstead","RB",2021-10-06,"Practice",165600,1,2019,225,2
"1996","John Franklin-Myers","EDGE",2021-10-07,"Extension",13750000,4,2018,19,2
"1997","Dareuan Parker","LG",2021-10-08,"Practice",165600,1,2021,109,2
"1998","Taron Johnson","CB",2021-10-09,"Extension",8000000,3,2018,24,2
"1999","Noah Togiai","TE",2021-10-11,"Practice",165600,1,2020,233,2
"2000","Anthony Miller","WR",2021-10-12,"Practice",252000,1,2018,397,2
"2001","Dan Chisena","WR",2021-10-12,"SFA",837500,2,2020,207,2
"2002","Josh Imatorbhebhe","WR",2021-10-12,"Practice",165600,1,2021,428,2
"2003","Dru Samia","RG",2021-10-13,"Practice",165600,1,2019,109,2
"2004","Michael Dwumfour","DT",2021-10-13,"Practice",165600,1,2021,252,2
"2005","Connor Strachan","LB",2021-10-19,"Practice",165600,1,2019,332,2
"2006","Riley Patterson","K",2021-10-19,"Practice",165600,1,2021,64,2
"2007","Travis Toivonen","WR",2021-10-19,"Practice",165600,1,2021,424,2
"2008","Lakiem Williams","LB",2021-10-19,"Practice",165600,1,2021,332,2
"2009","John Molchon","LG",2021-10-21,"Practice",165600,1,2020,110,2
"2010","Coy Cronk","LT",2021-10-22,"Practice",165600,1,2021,102,2
"2011","K.J. Hill","WR",2021-10-25,"Practice",165600,1,2020,423,2
"2012","Mekhi Sargent","RB",2021-10-26,"Practice",165600,1,2021,223,2
"2013","Paddy Fisher","LB",2021-10-26,"Practice",165600,1,2021,328,2
"2014","Anthony Hines III","LB",2021-10-27,"Practice",165600,1,2021,326,2
"2015","K.C. McDermott","LG",2021-10-29,"SFA",1675000,2,2018,23,2
"2016","Eric Banks","DT",2021-10-30,"Practice",165600,1,2020,248,2
"2017","Matt Dickerson","DT",2021-11-02,"Practice",252000,1,2018,227,2
"2018","Khalil Davis","DE",2021-11-02,"Practice",165600,1,2020,79,2
"2019","Josh Love","QB",2021-11-02,"Practice",165600,1,2020,135,2
"2020","Austin Watkins","WR",2021-11-03,"Practice",165600,1,2021,423,2
"2021","Brett Toth","LT",2021-11-04,"Practice",165600,1,2019,101,2
"2022","Bradlee Anae","EDGE",2021-11-04,"Practice",165600,1,2020,270,2
"2023","Dorian Etheridge","LB",2021-11-04,"Practice",165600,1,2021,322,2
"2024","Wyatt Teller","RG",2021-11-08,"Extension",14200000,4,2018,2,2
"2025","Jordan Wilkins","RB",2021-11-08,"Practice",252000,1,2018,206,2
"2026","Nick McCloud","CB",2021-11-08,"Practice",165600,1,2021,367,2
"2027","Alex Tchangam","EDGE",2021-11-08,"Practice",165600,1,2021,268,2
"2028","Easton Stick","QB",2021-11-11,"Practice",165600,1,2019,133,2
"2029","Thakarius Keyes","CB",2021-11-16,"Practice",165600,1,2020,363,2
"2030","Garrett Groshek","RB",2021-11-16,"Practice",165600,1,2021,224,2
"2031","Kobe Jones","EDGE",2021-11-17,"Practice",165600,1,2021,266,2
"2032","Dallas Goedert","TE",2021-11-19,"Extension",14250000,4,2018,3,2
"2033","Avonte Maddox","CB",2021-11-20,"Extension",7500000,3,2018,26,2
"2034","T.J. Edwards","LB",2021-11-20,"Extension",2150000,1,2019,51,2
"2035","Courtland Sutton","WR",2021-11-22,"Extension",15000000,4,2018,17,2
"2036","Corey Ballentine","CB",2021-11-23,"Practice",165600,1,2019,366,2
"2037","Malcolm Perry","WR",2021-11-23,"Practice",165600,1,2020,417,2
"2038","Isaiah McKoy","WR",2021-11-23,"Practice",165600,1,2021,417,2
"2039","Alex Kessman","K",2021-11-23,"Practice",165600,1,2021,63,2
"2040","Jon Dietzen","RG",2021-11-24,"Practice",165600,1,2021,109,2
"2041","Chris Streveler","QB",2021-11-29,"Practice",165600,1,2020,130,2
"2042","Greg Stroman","CB",2021-12-02,"Practice",252000,1,2018,332,2
"2043","Quinn Nordin","K",2021-12-03,"Practice",165600,1,2021,61,2
"2044","Jaylen Samuels","RB",2021-12-04,"Practice",252000,1,2018,202,2
"2045","Sutton Smith","FB",2021-12-04,"SFA",742500,2,2019,20,2
"2046","Malcolm Roach","DT",2021-12-09,"Practice",165600,1,2020,238,2
"2047","A.J. Cole","P",2021-12-10,"Extension",3000000,4,2019,4,2
"2048","Sterling Hofrichter","P",2021-12-14,"Practice",165600,1,2020,54,2
"2049","Damon Arnette","CB",2021-12-15,"Practice",165600,1,2020,359,2
"2050","Sam Beal","CB",2021-12-18,"Practice",165600,1,2018,357,2
"2051","Peter Kalambayi","LB",2021-12-20,"Practice",252000,1,2018,305,2
"2052","Da'Shawn Hand","EDGE",2021-12-21,"Practice",252000,1,2018,247,2
"2053","Porter Gustin","DE",2021-12-21,"SFA",850000,1,2019,38,2
"2054","Breeland Speaks","EDGE",2021-12-22,"Practice",165600,1,2018,259,2
"2055","Jamie Gillan","P",2021-12-24,"Practice",165600,1,2019,52,2
"2056","Joseph Charlton","P",2021-12-24,"Practice",165600,1,2020,52,2
"2057","Blake Haubeil","K",2021-12-29,"Practice",165600,1,2021,60,2
"2058","Patrick Mekari","LT",2021-12-30,"Extension",5150000,3,2019,23,2
"2059","J.K. Scott","P",2021-12-31,"SFA",920000,1,2018,25,2
"2060","Carlo Kemp","EDGE",2021-12-31,"Practice",165600,1,2021,258,2
"2061","Vita Vea","DT",2022-01-08,"Extension",17750000,4,2018,4,2
"2062","Ryan Santoso","K",2022-01-08,"Practice",165600,1,2018,57,2
"2063","Kevin Strong","DE",2022-01-08,"SFA",907500,2,2019,36,2
"2064","Nick Thurman","DT",2022-01-10,"SFA",825000,1,2018,147,2
"2065","Tuf Borland","LB",2022-01-10,"SFA",705000,1,2021,241,2
"2066","David Moore","RG",2022-01-10,"SFA",705000,1,2021,85,2
"2067","Mathew Sexton","WR",2022-01-11,"SFA",705000,1,2021,310,2
"2068","Darius Stills","DT",2022-01-11,"SFA",705000,1,2021,193,2
"2069","Brenden Knox","RB",2022-01-11,"SFA",705000,1,2021,169,2
"2070","Sam Cooper","RG",2022-01-11,"SFA",853333,3,2021,67,2
"2071","Ryan Willis","QB",2022-01-12,"UDFA",853333,3,2021,82,2
"2072","Justin Watson","WR",2022-01-18,"Practice",252000,1,2018,422,2
"2073","Christian Kuntz","LS",2022-01-19,"ERFA",825000,1,2017,30,2
"2074","Nolan Cooney","P",2022-01-25,"SFA",787500,2,2021,36,2
"2075","Jack Heflin","DT",2022-01-27,"SFA",825000,1,2021,154,2
"2076","R.J. McIntosh","DT",2022-02-08,"SFA",965000,1,2018,114,2
"2077","Frankie Luvu","LB",2022-02-18,"UFA",4500000,2,2018,28,2
"2078","Siran Neal","CB",2022-02-25,"UFA",3000000,3,2018,57,2
"2079","Ian Thomas","TE",2022-03-04,"UFA",5650000,3,2018,23,2
"2080","Mike Williams","WR",2022-03-08,"UFA",20000000,3,2017,4,2
"2081","Ethan Greenidge","LT",2022-03-08,"Other",1000000,1,2019,47,2
"2082","Carl Granderson","EDGE",2022-03-09,"ERFA",2632500,2,2019,76,2
"2083","Harold Landry","EDGE",2022-03-11,"UFA",17500000,5,2018,10,2
"2084","Maxx Crosby","EDGE",2022-03-11,"Extension",23500000,4,2019,4,2
"2085","Demetrius Flannigan-Fowles","LB",2022-03-11,"ERFA",895000,1,2019,158,2
"2086","C.J. Moore","S",2022-03-13,"Other",1750000,1,2019,58,2
"2087","Mike Gesicki","TE",2022-03-14,"Franchise",10931000,1,2018,7,2
"2088","Christian Kirk","WR",2022-03-14,"UFA",18000000,4,2018,7,2
"2089","Michael Gallup","WR",2022-03-14,"UFA",11500000,5,2018,24,2
"2090","Joseph Noteboom","LT",2022-03-14,"UFA",13333333,3,2018,16,2
"2091","Chukwuma Okorafor","RT",2022-03-14,"UFA",9750000,3,2018,8,2
"2092","Alex Cappa","RG",2022-03-14,"UFA",8750000,4,2018,8,2
"2093","Will Dissly","TE",2022-03-14,"UFA",8000000,3,2018,14,2
"2094","Chase Edmonds","RB",2022-03-14,"UFA",6050000,2,2018,14,2
"2095","Tim Settle","DT",2022-03-14,"UFA",4500000,2,2018,34,2
"2096","Shaun Dion Hamilton","LB",2022-03-14,"UFA",965000,1,2018,140,2
"2097","Foyesade Oluokun","LB",2022-03-14,"UFA",15000000,3,2018,5,2
"2098","Dennis Daley","RG",2022-03-14,"Other",1750000,1,2019,34,2
"2099","Evan Engram","TE",2022-03-15,"UFA",9000000,1,2017,11,2
"2100","Taven Bryan","DT",2022-03-15,"UFA",4000000,1,2018,41,2
"2101","Austin Corbett","RG",2022-03-15,"UFA",8750000,3,2018,8,2
"2102","James Daniels","RG",2022-03-15,"UFA",8833333,3,2018,7,2
"2103","Justin Reid","S",2022-03-15,"UFA",10500000,3,2018,13,2
"2104","B.J. Hill","DT",2022-03-15,"UFA",10000000,3,2018,14,2
"2105","Tracy Walker","S",2022-03-15,"UFA",8333333,3,2018,21,2
"2106","Josey Jewell","LB",2022-03-15,"UFA",5500000,2,2018,26,2
"2107","Jamarco Jones","LT",2022-03-15,"UFA",2400000,2,2018,36,2
"2108","Darius Phillips","CB",2022-03-15,"UFA",1500000,1,2018,97,2
"2109","Braxton Berrios","WR",2022-03-15,"UFA",6000000,2,2018,43,2
"2110","Zaire Franklin","LB",2022-03-15,"UFA",3333333,3,2018,40,2
"2111","Keion Crossen","CB",2022-03-15,"UFA",3150000,3,2018,57,2
"2112","D.J. Chark","WR",2022-03-16,"UFA",10000000,1,2018,31,2
"2113","Tyquan Lewis","EDGE",2022-03-16,"UFA",2545000,1,2018,80,2
"2114","Harrison Phillips","DT",2022-03-16,"UFA",6500000,3,2018,24,2
"2115","Uchenna Nwosu","EDGE",2022-03-17,"UFA",9527500,2,2018,34,2
"2116","M.J. Stewart","S",2022-03-17,"UFA",2250000,1,2018,50,2
"2117","Carlton Davis","CB",2022-03-17,"UFA",14833333,3,2018,9,2
"2118","Royce Freeman","RB",2022-03-17,"UFA",1187500,1,2018,64,2
"2119","Oren Burks","LB",2022-03-17,"UFA",2500000,2,2018,52,2
"2120","Brian Allen","C",2022-03-17,"UFA",6011667,3,2018,12,2
"2121","Jordan Whitehead","S",2022-03-17,"UFA",7250000,2,2018,25,2
"2122","Ogbonnia Okoronkwo","EDGE",2022-03-17,"UFA",3250000,1,2018,68,2
"2123","Jacob Martin","EDGE",2022-03-17,"UFA",4500000,3,2018,54,2
"2124","Russell Gage","WR",2022-03-17,"UFA",10000000,3,2018,29,2
"2125","Preston Williams","WR",2022-03-17,"RFA",1490000,1,2019,86,2
"2126","Jeff Gladney","CB",2022-03-17,"SFA",3250000,2,2020,56,2
"2127","O.J. Howard","TE",2022-03-18,"UFA",3500000,1,2017,28,2
"2128","Dan Feeney","LG",2022-03-18,"UFA",3000000,1,2017,19,2
"2129","Rashaad Penny","RB",2022-03-18,"UFA",5750000,1,2018,16,2
"2130","Lorenzo Carter","EDGE",2022-03-18,"UFA",3500000,1,2018,63,2
"2131","Mason Cole","C",2022-03-18,"UFA",5250000,3,2018,15,2
"2132","Durham Smythe","TE",2022-03-18,"UFA",3500000,2,2018,28,2
"2133","Hayden Hurst","TE",2022-03-19,"UFA",3500000,1,2018,28,2
"2134","Justin Jones","DT",2022-03-19,"UFA",6000000,2,2018,28,2
"2135","Kentavius Street","EDGE",2022-03-19,"SFA",1265000,1,2018,101,2
"2136","Will Richardson","RT",2022-03-19,"UFA",2000000,1,2018,36,2
"2137","D.J. Reed","CB",2022-03-19,"UFA",11000000,3,2018,17,2
"2138","Sebastian Joseph-Day","DT",2022-03-19,"UFA",8000000,3,2018,19,2
"2139","D.J. Moore","WR",2022-03-20,"Extension",20628000,3,2018,4,2
"2140","Donte Jackson","CB",2022-03-20,"UFA",11726667,3,2018,17,2
"2141","Anthony Averett","CB",2022-03-20,"UFA",4000000,1,2018,51,2
"2142","Bradley Bozeman","C",2022-03-20,"UFA",2800000,1,2018,27,2
"2143","Isaiah Oliver","CB",2022-03-21,"UFA",2385000,1,2018,74,2
"2144","James Washington","WR",2022-03-21,"UFA",1187500,1,2018,104,2
"2145","Brandon Parker","RT",2022-03-21,"UFA",3500000,1,2018,30,2
"2146","Dorance Armstrong Jr.","EDGE",2022-03-21,"UFA",6000000,2,2018,45,2
"2147","Marquis Haynes","EDGE",2022-03-21,"UFA",2750000,2,2018,78,2
"2148","Dalton Schultz","TE",2022-03-21,"Franchise",10931000,1,2018,7,2
"2149","Ja'Whaun Bentley","LB",2022-03-21,"UFA",3000000,2,2018,43,2
"2150","Luke Gifford","LB",2022-03-21,"SFA",1115000,1,2019,92,2
"2151","Leighton Vander Esch","LB",2022-03-22,"UFA",2000000,1,2018,62,2
"2152","Geron Christian","LT",2022-03-22,"UFA",1187500,1,2018,42,2
"2153","Derrick Nnadi","DT",2022-03-22,"UFA",2750000,1,2018,59,2
"2154","Tyler Conklin","TE",2022-03-22,"UFA",6750000,3,2018,19,2
"2155","Folorunso Fatukasi","DT",2022-03-22,"UFA",10000000,3,2018,13,2
"2156","Gunner Olszewski","WR",2022-03-22,"SFA",2100000,2,2019,75,2
"2157","Mike Hughes","CB",2022-03-23,"UFA",2250000,1,2018,78,2
"2158","Derek Barnett","EDGE",2022-03-24,"UFA",7000000,2,2017,40,2
"2159","Carlos Watkins","DT",2022-03-24,"UFA",1187500,1,2017,88,2
"2160","Isaac Yiadom","CB",2022-03-24,"SFA",1187500,1,2018,114,2
"2161","Joel Iyiegbuniwe","LB",2022-03-24,"UFA",1187500,1,2018,87,2
"2162","Marquez Valdes-Scantling","WR",2022-03-25,"UFA",10000000,3,2018,30,2
"2163","Richie James","WR",2022-03-25,"UFA",1065000,1,2018,133,2
"2164","Jermaine Carter, Jr.","LB",2022-03-26,"UFA",1770000,1,2018,60,2
"2165","Tre'Quan Smith","WR",2022-03-27,"UFA",3000000,2,2018,59,2
"2166","Will Hernandez","RG",2022-03-28,"UFA",1187500,1,2018,38,2
"2167","Ronald Jones II","RB",2022-03-28,"UFA",1500000,1,2018,55,2
"2168","DaeSean Hamilton","WR",2022-03-28,"SFA",1065000,1,2018,136,2
"2169","Ike Boettger","RG",2022-03-28,"UFA",1187500,1,2018,38,2
"2170","Keisean Nixon","CB",2022-03-28,"SFA",965000,1,2019,154,2
"2171","Solomon Thomas","DT",2022-03-30,"UFA",2250000,1,2017,64,2
"2172","Jabrill Peppers","S",2022-03-30,"UFA",2000000,1,2017,56,2
"2173","Ethan Pocic","C",2022-03-30,"UFA",1187500,1,2017,38,2
"2174","Kyzir White","LB",2022-03-30,"UFA",3000000,1,2018,43,2
"2175","Dane Cruikshank","S",2022-03-30,"UFA",1187500,1,2018,79,2
"2176","Genard Avery","LB",2022-03-31,"UFA",1187500,1,2018,86,2
"2177","Shy Tuttle","DT",2022-03-31,"RFA",2433000,1,2019,64,2
"2178","Fred Johnson","RT",2022-04-04,"SFA",1152500,1,2019,52,2
"2179","Armani Watts","S",2022-04-05,"UFA",1187500,1,2018,77,2
"2180","Rashaan Evans","LB",2022-04-06,"UFA",1750000,1,2018,64,2
"2181","Tre Flowers","CB",2022-04-06,"UFA",1850000,1,2018,91,2
"2182","Matthew Adams","LB",2022-04-11,"UFA",1187500,1,2018,86,2
"2183","Malik Reed","EDGE",2022-04-11,"RFA",2433000,1,2019,84,2
"2184","Andrew Wingard","S",2022-04-11,"RFA",2433000,1,2019,46,2
"2185","Pat O'Connor","DE",2022-04-12,"SFA",1187500,1,2017,20,2
"2186","Ronnie Harrison","S",2022-04-12,"UFA",1235000,1,2018,74,2
"2187","Troy Reeder","LB",2022-04-12,"SFA",1075000,1,2019,104,2
"2188","DeShon Elliott","S",2022-04-14,"UFA",1100000,1,2018,95,2
"2189","Denzel Ward","CB",2022-04-19,"Extension",20100000,5,2018,1,2
"2190","Marcus Allen","LB",2022-04-19,"RFA",2540000,1,2018,51,2
"2191","Godwin Igwebuike","RB",2022-04-19,"ERFA",895000,1,2018,115,2
"2192","Matt Nelson","RT",2022-04-19,"ERFA",895000,1,2019,67,2
"2193","Olamide Zaccheaus","WR",2022-04-19,"RFA",2433000,1,2019,69,2
"2194","Isaac Rochell","DT",2022-04-20,"UFA",1187500,1,2017,87,2
"2195","Deadrin Senat","DT",2022-04-22,"SFA",965000,1,2018,116,2
"2196","Jordan Akins","TE",2022-04-22,"UFA",1085000,1,2018,68,2
"2197","Terrell Edmunds","S",2022-04-25,"UFA",2537500,1,2018,43,2
"2198","Azeez Al-Shaair","LB",2022-04-25,"RFA",3986000,1,2019,33,2
"2199","Nate Herbig","RG",2022-04-25,"RFA",2433000,1,2019,24,2
"2200","Marcell Harris","LB",2022-04-28,"UFA",1187500,1,2018,89,2
"2201","Deonte Harty","WR",2022-04-28,"RFA",3986000,1,2019,48,2
"2202","Ross Matiscik","LS",2022-04-29,"Extension",1267500,4,2020,8,2
"2203","Rasheem Green","EDGE",2022-05-01,"UFA",2750000,1,2018,78,2
"2204","A.J. Brown","WR",2022-05-02,"Extension",25000000,4,2019,4,2
"2205","Kenny Young","LB",2022-05-09,"SFA",1278900,1,2018,77,2
"2206","Sony Michel","RB",2022-05-10,"SFA",1750000,1,2018,47,2
"2207","Kingsley Keke","DT",2022-05-13,"SFA",1000000,1,2019,114,2
"2208","DeMarcus Walker","EDGE",2022-05-16,"SFA",1187500,1,2017,115,2
"2209","Jaire Alexander","CB",2022-05-16,"Extension",21000000,4,2018,1,2
"2210","TJ Carter","CB",2022-05-19,"SFA",853333,3,2022,290,2
"2211","Daniel Isom","S",2022-05-19,"SFA",853333,3,2022,203,2
"2212","Lance McCutcheon","WR",2022-05-19,"SFA",853333,3,2022,321,2
"2213","Roger Carter","TE",2022-05-19,"SFA",853333,3,2022,145,2
"2214","Reggie Robinson","S",2022-05-23,"SFA",825000,1,2020,217,2
"2215","Jimmy Moreland","CB",2022-05-25,"Other",965000,1,2019,168,2
"2216","David Njoku","TE",2022-06-01,"Franchise",13687500,4,2017,5,2
"2217","D'Ernest Johnson","RB",2022-06-06,"RFA",1216500,1,2019,67,2
"2218","Hunter Renfrow","WR",2022-06-10,"Extension",15850000,2,2019,20,2
"2219","Jakobi Meyers","WR",2022-06-13,"RFA",3986000,1,2019,52,2
"2220","Minkah Fitzpatrick","S",2022-06-15,"Extension",18247000,4,2018,1,2
"2221","Baker Mayfield","QB",2022-07-06,"Other",15358000,1,2018,15,2
"2222","Terry McLaurin","WR",2022-07-06,"Extension",23200000,3,2019,7,2
"2223","DeJuan Neal","CB",2022-07-15,"SFA",705000,1,2019,384,2
"2224","Isiah Brown","CB",2022-07-20,"SFA",705000,1,2020,386,2
"2225","Sal Cannella","TE",2022-07-21,"SFA",705000,1,2021,231,2
"2226","Kyler Murray","QB",2022-07-22,"Extension",46100000,5,2019,2,2
"2227","Isaiah Buggs","DT",2022-07-22,"SFA",965000,1,2019,131,2
"2228","Domenique Davis","DT",2022-07-25,"SFA",705000,1,2020,246,2
"2229","Jordan Meredith","LG",2022-07-25,"SFA",705000,1,2021,113,2
"2230","Ty Clary","C",2022-07-26,"SFA",705000,1,2022,98,2
"2231","Scott Patchan","EDGE",2022-07-26,"SFA",705000,1,2022,284,2
"2232","Azur Kamara","DT",2022-07-27,"SFA",825000,1,2020,199,2
"2233","Bailey Gaither","WR",2022-07-27,"SFA",705000,1,2021,447,2
"2234","Eric Wilson","RG",2022-07-27,"SFA",705000,1,2022,110,2
"2235","Duke Dawson","S",2022-07-29,"SFA",1035000,1,2018,111,2
"2236","D.K. Metcalf","WR",2022-07-29,"Extension",24000000,3,2019,6,2
"2237","Deebo Samuel","WR",2022-08-01,"Extension",23850000,3,2019,8,2
"2238","Jake Bailey","P",2022-08-01,"Extension",3046333,3,2019,3,2
"2239","Antonio Valentino","DT",2022-08-01,"SFA",705000,1,2022,245,2
"2240","Orlando Brown Jr.","LT",2022-08-02,"Franchise",16662000,1,2018,9,2
"2241","Alex Mollette","C",2022-08-02,"SFA",705000,1,2022,97,2
"2242","Brad Hawkins","S",2022-08-02,"SFA",705000,1,2022,272,2
"2243","Christopher Herndon IV","TE",2022-08-03,"SFA",1035000,1,2018,85,2
"2244","Master Teague","RB",2022-08-03,"SFA",705000,1,2022,226,2
"2245","Max Borghi","RB",2022-08-03,"SFA",705000,1,2022,226,2
"2246","Diontae Johnson","WR",2022-08-04,"Extension",18355000,2,2019,17,2
"2247","Joel Dublanko","LB",2022-08-05,"SFA",705000,1,2022,312,2
"2248","Matthew Colburn","RB",2022-08-07,"SFA",705000,1,2019,224,2
"2249","Reggie Gilliam","FB",2022-08-07,"Extension",2300000,2,2020,6,2
"2250","Jarrid Williams","RT",2022-08-07,"SFA",705000,1,2022,132,2
"2251","Cameron Hunt","RG",2022-08-09,"SFA",825000,1,2017,89,2
"2252","EJ Perry","QB",2022-08-09,"SFA",705000,1,2022,136,2
"2253","Cortez Davis","CB",2022-08-09,"SFA",705000,1,2022,393,2
"2254","Chris Glaser","RG",2022-08-09,"SFA",787500,2,2022,101,2
"2255","K.J. Costello","QB",2022-08-11,"SFA",705000,1,2021,135,2
"2256","Jack Koerner","S",2022-08-11,"SFA",705000,1,2022,272,2
"2257","Ramiz Ahmed","K",2022-08-14,"SFA",705000,1,2020,58,2
"2258","Devin Hafford","CB",2022-08-14,"SFA",705000,1,2022,393,2
"2259","Jon Alexander","S",2022-08-16,"SFA",705000,1,2022,272,2
"2260","William Dunkle","RG",2022-08-16,"SFA",705000,1,2022,111,2
"2261","De'Vante Cross","S",2022-08-17,"SFA",705000,1,2022,271,2
"2262","Derwin James","S",2022-08-18,"Extension",19000000,4,2018,1,2
"2263","Wyatt Ray","DT",2022-08-18,"SFA",895000,1,2019,153,2
"2264","Derek Schweiger","RT",2022-08-18,"SFA",705000,1,2022,131,2
"2265","Jalen Wydermyer","TE",2022-08-18,"SFA",705000,1,2022,227,2
"2266","Chris Owens","RG",2022-08-19,"SFA",705000,1,2022,110,2
"2267","Josh Rivas","RG",2022-08-19,"SFA",705000,1,2022,110,2
"2268","John Parker Romo","K",2022-08-19,"SFA",705000,1,2022,57,2
"2269","Jessie Bates III","S",2022-08-23,"Franchise",12911000,1,2018,14,2
"2270","Cade Brewer","TE",2022-08-23,"SFA",705000,1,2022,226,2
"2271","Ronnie Rivers","RB",2022-08-24,"SFA",705000,1,2022,225,2
"2272","Josh Blackwell","CB",2022-08-25,"SFA",705000,1,2022,391,2
"2273","Jeremiah Gemmel","LB",2022-08-25,"SFA",705000,1,2022,313,2
"2274","Tucker Fisk","TE",2022-08-26,"SFA",705000,1,2022,225,2
"2275","Danny Isidora","LG",2022-08-31,"Practice",277200,1,2017,127,2
"2276","Rudy Ford","S",2022-08-31,"SFA",1137500,1,2017,98,2
"2277","Kemoko Turay","DE",2022-08-31,"Practice",358200,1,2018,80,2
"2278","Troy Apke","S",2022-08-31,"Practice",358200,1,2018,291,2
"2279","Andre Chachere","S",2022-08-31,"Practice",309999,1,2018,296,2
"2280","J.J. Arcega-Whiteside","WR",2022-08-31,"Practice",277200,1,2019,518,2
"2281","Will Grier","QB",2022-08-31,"Practice",459333,1,2019,144,2
"2282","Nate Meadors","S",2022-08-31,"Practice",207000,1,2019,308,2
"2283","Jonathan Kongbo","DE",2022-08-31,"Practice",207000,1,2020,84,2
"2284","Darrynton Evans","RB",2022-08-31,"Practice",283444,1,2020,250,2
"2285","McTelvin Agim","DE",2022-08-31,"Practice",207000,1,2020,84,2
"2286","Tanner Muse","LB",2022-08-31,"Practice",245222,1,2020,348,2
"2287","Anthony McFarland, Jr.","RB",2022-08-31,"Practice",245222,1,2020,257,2
"2288","Khaleke Hudson","LB",2022-08-31,"Practice",283444,1,2020,343,2
"2289","Harrison Hand","CB",2022-08-31,"Practice",207000,1,2020,433,2
"2290","Larrell Murchison","DE",2022-08-31,"Practice",207000,1,2020,84,2
"2291","Netane Muti","RG",2022-08-31,"Practice",321666,1,2020,119,2
"2292","Carlos Davis","DT",2022-08-31,"Practice",245222,1,2020,280,2
"2293","Chris Jackson","CB",2022-08-31,"Practice",207000,1,2020,433,2
"2294","Sean McKeon","TE",2022-08-31,"Practice",321666,1,2020,260,2
"2295","Tyler Shelvin","DT",2022-08-31,"Practice",275666,1,2021,275,2
"2296","Janarius Robinson","EDGE",2022-08-31,"Practice",207000,1,2021,311,2
"2297","Cameron McGrone","LB",2022-08-31,"Practice",234667,1,2021,352,2
"2298","Hamsah Nasirildeen","LB",2022-08-31,"Practice",309999,1,2021,337,2
"2299","Frank Darby","WR",2022-08-31,"Practice",275666,1,2021,521,2
"2300","Deonte Brown","LG",2022-08-31,"Practice",207000,1,2021,130,2
"2301","Jaylen Twyman","EDGE",2022-08-31,"Practice",207000,1,2021,311,2
"2302","Jonathan Marshall","DT",2022-08-31,"Practice",207000,1,2021,287,2
"2303","Quincy Roche","EDGE",2022-08-31,"Practice",241333,1,2021,305,2
"2304","Larnel Coleman","LT",2022-08-31,"Practice",290001,1,2021,129,2
"2305","Mark Webb","S",2022-08-31,"Practice",207000,1,2021,308,2
"2306","Ar'Darius Washington","S",2022-08-31,"Practice",309999,1,2021,296,2
"2307","Raymond Johnson III","DT",2022-08-31,"Practice",207000,1,2021,287,2
"2308","Jaret Patterson","RB",2022-08-31,"Practice",275666,1,2021,252,2
"2309","A.J. Parker","CB",2022-08-31,"Practice",207000,1,2021,433,2
"2310","Jordan Murray","LT",2022-08-31,"Practice",207000,1,2022,133,2
"2311","Nikola Kalinic","TE",2022-08-31,"Practice",207000,1,2022,271,2
"2312","Devon Allen","WR",2022-08-31,"Practice",207000,1,2022,537,2
"2313","Roy Mbaeteka","LT",2022-08-31,"Practice",207000,1,2022,133,2
"2314","Kevin Harris","RB",2022-08-31,"Practice",207000,1,2022,260,2
"2315","Justin Shaffer","LG",2022-08-31,"Practice",207000,1,2022,130,2
"2316","Jordan Jackson","DT",2022-08-31,"Practice",207000,1,2022,287,2
"2317","Tyler Badie","RB",2022-08-31,"Practice",207000,1,2022,260,2
"2318","Gregory Junior","CB",2022-08-31,"Practice",207000,1,2022,433,2
"2319","Theo Jackson","S",2022-08-31,"Practice",207000,1,2022,308,2
"2320","Curtis Brooks","DT",2022-08-31,"Practice",207000,1,2022,287,2
"2321","James Houston","EDGE",2022-08-31,"Practice",234667,1,2022,308,2
"2322","Cameron Goode","EDGE",2022-08-31,"Practice",207000,1,2022,311,2
"2323","Nick Muse","TE",2022-08-31,"Practice",290001,1,2022,263,2
"2324","Bo Melton","WR",2022-08-31,"Practice",207000,1,2022,537,2
"2325","Faion Hicks","CB",2022-08-31,"Practice",262334,1,2022,423,2
"2326","Chris Oladokun","QB",2022-08-31,"Practice",207000,1,2022,155,2
"2327","Jesse Luketa","EDGE",2022-08-31,"Practice",207000,1,2022,311,2
"2328","Nazeeh Johnson","S",2022-08-31,"Practice",207000,1,2022,308,2
"2329","A.J. Arcuri","RT",2022-08-31,"Practice",234667,1,2022,147,2
"2330","LaBryan Ray","DE",2022-08-31,"Practice",207000,1,2022,84,2
"2331","Shaun Jolly","CB",2022-08-31,"Practice",207000,1,2022,433,2
"2332","Grant Morgan","LB",2022-08-31,"Practice",207000,1,2022,354,2
"2333","Chandler Wooten","LB",2022-08-31,"Practice",207000,1,2022,354,2
"2334","Bryce Cosby","CB",2022-08-31,"Practice",207000,1,2022,433,2
"2335","Drew Estrada","WR",2022-08-31,"Practice",207000,1,2022,537,2
"2336","Xavier Newman-Johnson","LG",2022-08-31,"Practice",207000,1,2022,130,2
"2337","Alec Lindstrom","C",2022-08-31,"Practice",234667,1,2022,109,2
"2338","Tyler Vrabel","RT",2022-08-31,"Practice",207000,1,2022,149,2
"2339","Chase Garbers","QB",2022-08-31,"Practice",207000,1,2022,155,2
"2340","Raleigh Webb","WR",2022-08-31,"Practice",262334,1,2022,523,2
"2341","Mario Goodrich","CB",2022-08-31,"Practice",234667,1,2022,428,2
"2342","Nolan Turner","S",2022-08-31,"Practice",262334,1,2022,303,2
"2343","Manny Jones","DE",2022-08-31,"Practice",262334,1,2022,82,2
"2344","Ja'Quan McMillian","CB",2022-08-31,"Practice",207000,1,2022,433,2
"2345","Thomas Odukoya","TE",2022-08-31,"Practice",207000,1,2022,271,2
"2346","Jeremiah Moon","EDGE",2022-08-31,"Practice",207000,1,2022,311,2
"2347","Malik Davis","RB",2022-08-31,"Practice",262334,1,2022,253,2
"2348","Zaire Mitchell-Paden","TE",2022-08-31,"Practice",207000,1,2022,271,2
"2349","Zyon Gilbert","CB",2022-08-31,"Practice",290001,1,2022,418,2
"2350","D'vonte Price","RB",2022-08-31,"Practice",207000,1,2022,260,2
"2351","Jashaun Corbin","RB",2022-08-31,"Practice",207000,1,2022,260,2
"2352","Arron Mosby","EDGE",2022-08-31,"Practice",262334,1,2022,303,2
"2353","Devin Cochran","LT",2022-08-31,"Practice",207000,1,2022,133,2
"2354","Juanyeh Thomas","S",2022-08-31,"Practice",207000,1,2022,308,2
"2355","Kyric McGowan","WR",2022-08-31,"Practice",262334,1,2022,523,2
"2356","Kody Russey","C",2022-08-31,"Practice",262334,1,2022,107,2
"2357","Roderick Perry II","DT",2022-08-31,"Practice",262334,1,2022,276,2
"2358","Caleb Jones","RT",2022-08-31,"Practice",207000,1,2022,149,2
"2359","Marcelino McCrary-Ball","CB",2022-08-31,"Practice",207000,1,2022,433,2
"2360","Raheem Layne","S",2022-08-31,"Practice",290001,1,2022,299,2
"2361","Ryder Anderson","EDGE",2022-08-31,"Practice",290001,1,2022,302,2
"2362","Matt Hankins","CB",2022-08-31,"Practice",207000,1,2022,433,2
"2363","Tyler Goodson","RB",2022-08-31,"Practice",234667,1,2022,259,2
"2364","Zach VanValkenburg","EDGE",2022-08-31,"Practice",207000,1,2022,311,2
"2365","Chase Allen","TE",2022-08-31,"Practice",234667,1,2022,268,2
"2366","Kwamie Lassiter II","WR",2022-08-31,"Practice",234667,1,2022,531,2
"2367","Ferrod Gardner","LB",2022-08-31,"Practice",207000,1,2022,354,2
"2368","Darren Evans","CB",2022-08-31,"Practice",207000,1,2022,433,2
"2369","Jontre Kirklin","WR",2022-08-31,"Practice",207000,1,2022,537,2
"2370","Sam Okuayinonu","EDGE",2022-08-31,"Practice",207000,1,2022,311,2
"2371","Jacobi Francis","CB",2022-08-31,"Practice",207000,1,2022,433,2
"2372","J.J. Russell","LB",2022-08-31,"Practice",234667,1,2022,352,2
"2373","Jason Poe","LG",2022-08-31,"Practice",207000,1,2022,130,2
"2374","Mike Harley","WR",2022-08-31,"Practice",207000,1,2022,537,2
"2375","Vincent Gray","CB",2022-08-31,"Practice",207000,1,2022,433,2
"2376","D.Q. Thomas","LB",2022-08-31,"Practice",207000,1,2022,354,2
"2377","Micah Dew-Treadway","DT",2022-08-31,"Practice",207000,1,2022,287,2
"2378","Braylon Sanders","WR",2022-08-31,"Practice",290001,1,2022,510,2
"2379","Dontario Drummond","WR",2022-08-31,"Practice",207000,1,2022,537,2
"2380","Jerrion Ealy","RB",2022-08-31,"Practice",207000,1,2022,260,2
"2381","Makai Polk","WR",2022-08-31,"Practice",207000,1,2022,537,2
"2382","Dylan Cook","LT",2022-08-31,"Practice",207000,1,2022,133,2
"2383","Austin Allen","TE",2022-08-31,"Practice",207000,1,2022,271,2
"2384","Ben Stille","DT",2022-08-31,"Practice",234667,1,2022,283,2
"2385","Dylan Parham","TE",2022-08-31,"Practice",207000,1,2022,271,2
"2386","Vi Jones","LB",2022-08-31,"Practice",290001,1,2022,341,2
"2387","Josh Babicz","TE",2022-08-31,"Practice",207000,1,2022,271,2
"2388","Kevin Austin Jr.","WR",2022-08-31,"Practice",207000,1,2022,537,2
"2389","Myron Tagovailoa-Amosa","EDGE",2022-08-31,"Practice",207000,1,2022,311,2
"2390","Kennedy Brooks","RB",2022-08-31,"Practice",207000,1,2022,260,2
"2391","Tay Martin","WR",2022-08-31,"Practice",262334,1,2022,523,2
"2392","Anthony Brown","QB",2022-08-31,"Practice",290001,1,2022,153,2
"2393","Johnny Johnson III","WR",2022-08-31,"Practice",207000,1,2022,537,2
"2394","Verone McKinley","S",2022-08-31,"Practice",290001,1,2022,299,2
"2395","Derrick Tangelo","DT",2022-08-31,"Practice",207000,1,2022,287,2
"2396","Cal Adomitis","LS",2022-08-31,"Practice",207000,1,2022,53,2
"2397","Lucas Krull","TE",2022-08-31,"Practice",234667,1,2022,268,2
"2398","Elijah Garcia","DE",2022-08-31,"Practice",207000,1,2022,84,2
"2399","Tyreek Maddox-Williams","LB",2022-08-31,"Practice",207000,1,2022,354,2
"2400","Tristin McCollum","CB",2022-08-31,"Practice",207000,1,2022,433,2
"2401","Tayler Hawkins","S",2022-08-31,"Practice",207000,1,2022,308,2
"2402","Trenton Thompson","S",2022-08-31,"Practice",207000,1,2022,308,2
"2403","Derrick Deese Jr.","TE",2022-08-31,"Practice",207000,1,2022,271,2
"2404","Reggie Roberson Jr.","WR",2022-08-31,"Practice",207000,1,2022,537,2
"2405","ZaQuandre White","RB",2022-08-31,"Practice",207000,1,2022,260,2
"2406","Don Gardner","CB",2022-08-31,"Practice",234667,1,2022,428,2
"2407","Obinna Eze","LT",2022-08-31,"Practice",207000,1,2022,133,2
"2408","Jayden Peevy","DT",2022-08-31,"Practice",207000,1,2022,287,2
"2409","DaMarcus Fields","CB",2022-08-31,"Practice",234667,1,2022,428,2
"2410","Kaylon Geiger","WR",2022-08-31,"Practice",234667,1,2022,531,2
"2411","Bryant Koback","RB",2022-08-31,"Practice",207000,1,2022,260,2
"2412","Gerrit Prince","TE",2022-08-31,"Practice",207000,1,2022,271,2
"2413","Alec Anderson","RT",2022-08-31,"Practice",234667,1,2022,147,2
"2414","Ethan Fernea","WR",2022-08-31,"Practice",207000,1,2022,537,2
"2415","Qwuantrezz Knight","S",2022-08-31,"Practice",207000,1,2022,308,2
"2416","Kanai Mauga","LB",2022-08-31,"Practice",207000,1,2022,354,2
"2417","Bamidele Olaseni","LT",2022-08-31,"Practice",207000,1,2022,133,2
"2418","Britain Covey","WR",2022-08-31,"Practice",290000,1,2022,515,2
"2419","Cole Fotheringham","TE",2022-08-31,"Practice",207000,1,2022,271,2
"2420","Mika Tafua","EDGE",2022-08-31,"Practice",207000,1,2022,311,2
"2421","Nephi Sewell","LB",2022-08-31,"Practice",207000,1,2022,354,2
"2422","Nick Ford","RG",2022-08-31,"Practice",207000,1,2022,124,2
"2423","Derek Wright","WR",2022-08-31,"Practice",234667,1,2022,531,2
"2424","Deven Thompkins","WR",2022-08-31,"Practice",290001,1,2022,510,2
"2425","Forrest Rhyne","LB",2022-08-31,"Practice",207000,1,2022,354,2
"2426","Ra'Shaun Henry","WR",2022-08-31,"Practice",207000,1,2022,537,2
"2427","Brock Hoffman","C",2022-08-31,"Practice",207000,1,2022,110,2
"2428","Raheem Blackshear","RB",2022-08-31,"Practice",207000,1,2022,260,2
"2429","A.J. Thomas","S",2022-08-31,"Practice",207000,1,2022,308,2
"2430","Mike Caliendo","LG",2022-08-31,"Practice",207000,1,2022,130,2
"2431","Scott Nelson","S",2022-08-31,"Practice",207000,1,2022,308,2
"2432","Rashid Shaheed","WR",2022-08-31,"Practice",207000,1,2022,537,2
"2433","Rayshad Nichols","DT",2022-08-31,"Practice",262334,1,2022,276,2
"2434","Irvin Charles","WR",2022-08-31,"Practice",207000,1,2022,537,2
"2435","Jack Cochrane","LB",2022-08-31,"Practice",207000,1,2022,354,2
"2436","Calvin Jackson","WR",2022-08-31,"Practice",207000,1,2022,537,2
"2437","Dai'Jean Dixon","WR",2022-08-31,"Practice",207000,1,2022,537,2
"2438","Andrew Rupcich","RT",2022-08-31,"Practice",207000,1,2022,149,2
"2439","John Lovett","RB",2022-08-31,"Practice",207000,1,2022,260,2
"2440","Quandre Mosely","CB",2022-08-31,"Practice",207000,1,2022,433,2
"2441","Marcel Dabo","CB",2022-08-31,"Practice",207000,1,2022,433,2
"2442","Ayo Oyelola","S",2022-08-31,"Practice",207000,1,2022,308,2
"2443","Josh Sokol","C",2022-08-31,"Practice",207000,1,2022,110,2
"2444","C.J. Brewer","DT",2022-08-31,"Practice",234667,1,2022,283,2
"2445","Ja'Marcus Ingram","CB",2022-08-31,"Practice",234667,1,2022,428,2
"2446","Jared Scott","TE",2022-08-31,"Practice",207000,1,2022,271,2
"2447","Brayden Thomas","EDGE",2022-08-31,"Practice",234667,1,2022,308,2
"2448","Benton Whitley","EDGE",2022-08-31,"Practice",207000,1,2022,311,2
"2449","William Kwenkeu","LB",2022-08-31,"Practice",262334,1,2022,345,2
"2450","Liam Ryan","LT",2022-08-31,"Practice",207000,1,2022,133,2
"2451","Mike Greene","DT",2022-08-31,"Practice",207000,1,2022,287,2
"2452","JJ Howland","TE",2022-08-31,"Practice",207000,1,2022,271,2
"2453","Drew Jordan","EDGE",2022-08-31,"Practice",207000,1,2022,311,2
"2454","Jeremiah Pharms","DT",2022-08-31,"Practice",207000,1,2022,287,2
"2455","Alex Akingbulu","LT",2022-08-31,"Practice",207000,1,2022,133,2
"2456","Daylen Baldwin","WR",2022-08-31,"Practice",234667,1,2022,531,2
"2457","Maurice Alexander","WR",2022-08-31,"Practice",234667,1,2022,531,2
"2458","Abdullah Anderson","DE",2022-09-01,"SFA",895000,1,2018,42,2
"2459","Lynn Bowden","RB",2022-09-01,"Practice",245222,1,2020,231,2
"2460","La'Mical Perine","RB",2022-09-01,"Practice",207000,1,2020,235,2
"2461","Jacob Eason","QB",2022-09-01,"Practice",283444,1,2020,137,2
"2462","Chazz Surratt","LB",2022-09-01,"Practice",241333,1,2021,325,2
"2463","Wyatt Davis","LG",2022-09-01,"Practice",207000,1,2021,114,2
"2464","Tay Gowan","CB",2022-09-01,"Practice",309999,1,2021,380,2
"2465","Drew Desjarlais","LG",2022-09-01,"Practice",207000,1,2022,114,2
"2466","Kalon Barnes","CB",2022-09-01,"Practice",207000,1,2022,398,2
"2467","Kellen Diesch","LT",2022-09-01,"Practice",207000,1,2022,116,2
"2468","James Empey","C",2022-09-01,"Practice",234667,1,2022,95,2
"2469","Kalil Pimpleton","WR",2022-09-01,"Practice",207000,1,2022,470,2
"2470","Justin Rigg","TE",2022-09-01,"Practice",207000,1,2022,240,2
"2471","Yusuf Corker","S",2022-09-01,"Practice",207000,1,2022,284,2
"2472","Kyler McMichael","CB",2022-09-01,"Practice",207000,1,2022,398,2
"2473","Segun Olubi","LB",2022-09-01,"Practice",207000,1,2022,329,2
"2474","Ryan Van Demark","RT",2022-09-01,"Practice",207000,1,2022,139,2
"2475","Jalen McKenzie","RT",2022-09-01,"Practice",277200,1,2022,133,2
"2476","Charles Wiley","EDGE",2022-09-01,"Practice",207000,1,2022,281,2
"2477","Benjie Franklin","CB",2022-09-01,"Practice",207000,1,2022,398,2
"2478","Jaquarii Roberson","WR",2022-09-01,"Practice",207000,1,2022,470,2
"2479","Vitaliy Gurman","RG",2022-09-01,"Practice",207000,1,2022,111,2
"2480","Jalen Thompson","S",2022-09-02,"Extension",12000000,3,2019,15,2
"2481","Davion Taylor","LB",2022-09-02,"Practice",207000,1,2020,319,2
"2482","Freddie Swain","WR",2022-09-02,"Practice",245222,1,2020,453,2
"2483","Larry Rountree III","RB",2022-09-02,"Practice",207000,1,2021,231,2
"2484","Jermar Jefferson","RB",2022-09-02,"Practice",241333,1,2021,228,2
"2485","Zachary Thomas","RG",2022-09-02,"Practice",207000,1,2022,108,2
"2486","Christian Matthew","CB",2022-09-02,"SFA",787500,2,2022,310,2
"2487","Josh Onujiogu","EDGE",2022-09-02,"Practice",234667,1,2022,276,2
"2488","James McCourt","K",2022-09-02,"Practice",207000,1,2022,66,2
"2489","Josh Thompson","CB",2022-09-02,"Practice",207000,1,2022,382,2
"2490","Marquise Blair","S",2022-09-05,"Practice",459333,1,2019,255,2
"2491","Essang Bassey","CB",2022-09-05,"Practice",207000,1,2020,382,2
"2492","Buddy Johnson","LB",2022-09-05,"Practice",207000,1,2021,318,2
"2493","Khyiris Tonga","DT",2022-09-05,"Practice",207000,1,2021,251,2
"2494","Christopher Hinton","DE",2022-09-05,"Practice",207000,1,2022,70,2
"2495","Big Kat Bryant","EDGE",2022-09-05,"Practice",207000,1,2022,277,2
"2496","Chris Steele","CB",2022-09-05,"Practice",207000,1,2022,382,2
"2497","Leroy Watson","RT",2022-09-05,"Practice",207000,1,2022,135,2
"2498","Duke Shelley","CB",2022-09-06,"Practice",353622,1,2019,356,2
"2499","Ty Summers","LB",2022-09-06,"Practice",277200,1,2019,305,2
"2500","Darius Slayton","WR",2022-09-07,"Other",965000,1,2019,180,2
"2501","Dalton Keene","TE",2022-09-07,"Practice",207000,1,2020,228,2
"2502","Daviyon Nixon","DT",2022-09-07,"Practice",241333,1,2021,240,2
"2503","Zonovan Knight","RB",2022-09-07,"Practice",207000,1,2022,227,2
"2504","Allan George","CB",2022-09-07,"Practice",290001,1,2022,361,2
"2505","Jarrett Guarantano","QB",2022-09-07,"Practice",207000,1,2022,136,2
"2506","Dawson Knox","TE",2022-09-08,"Extension",13000000,4,2019,6,2
"2507","Erik McCoy","C",2022-09-09,"Extension",12000000,5,2019,6,2
"2508","Amani Hooker","S",2022-09-09,"Extension",10000000,3,2019,18,2
"2509","Quenton Nelson","LG",2022-09-10,"Extension",20000000,4,2018,1,2
"2510","Tanner Owen","LT",2022-09-10,"Practice",207000,1,2022,113,2
"2511","Andre Anthony","EDGE",2022-09-12,"Practice",207000,1,2022,275,2
"2512","Donovan Jeter","DT",2022-09-12,"SFA",705000,1,2022,203,2
"2513","Jack Gibbens","LB",2022-09-12,"Practice",207000,1,2022,318,2
"2514","Michael Niese","LG",2022-09-12,"Practice",207000,1,2022,111,2
"2515","Darrell Baker Jr.","CB",2022-09-13,"Practice",207000,1,2022,382,2
"2516","Tre Swilling","CB",2022-09-13,"Practice",207000,1,2022,382,2
"2517","Rodney Williams II","TE",2022-09-13,"Practice",207000,1,2022,227,2
"2518","Billy Price","C",2022-09-14,"Practice",317700,1,2018,87,2
"2519","Mike Brown","S",2022-09-14,"Practice",207000,1,2022,277,2
"2520","JaVonta Payton","WR",2022-09-14,"Practice",207000,1,2022,462,2
"2521","Prince Emili","DT",2022-09-14,"Practice",207000,1,2022,246,2
"2522","Mitch Wishnowsky","P",2022-09-15,"Extension",2800000,4,2019,8,2
"2523","Kary Vincent Jr.","CB",2022-09-15,"Practice",207000,1,2021,377,2
"2524","Chris Garrett","EDGE",2022-09-15,"Practice",207000,1,2021,275,2
"2525","David Anenih","DT",2022-09-15,"SFA",705000,1,2022,199,2
"2526","BJ Baylor","RB",2022-09-15,"Practice",207000,1,2022,225,2
"2527","Dre Greenlaw","LB",2022-09-16,"Extension",8200000,2,2019,16,2
"2528","Justin Skule","LT",2022-09-21,"Practice",358200,1,2019,104,2
"2529","Tre'Vour Wallace-Simms","RG",2022-09-21,"Practice",207000,1,2020,105,2
"2530","Stanley Berryhill","WR",2022-09-21,"Practice",207000,1,2022,461,2
"2531","Dennis Houston","WR",2022-09-22,"Practice",207000,1,2022,458,2
"2532","Keir Thomas","EDGE",2022-09-24,"Practice",207000,1,2022,273,2
"2533","Joshua Johnson","WR",2022-09-27,"Practice",207000,1,2022,456,2
"2534","Isaiah Pola-Mao","S",2022-10-01,"Practice",207000,1,2022,277,2
"2535","Tyrese Robinson","LG",2022-10-03,"Practice",207000,1,2022,109,2
"2536","Solomon Kindley","LG",2022-10-05,"Practice",207000,1,2020,108,2
"2537","Richard LeCounte","S",2022-10-05,"Practice",207000,1,2021,276,2
"2538","Cameron Dicker","K",2022-10-05,"Practice",207000,1,2022,64,2
"2539","Sebastian Gutierrez","LT",2022-10-05,"Practice",207000,1,2022,112,2
"2540","Julius Chestnut","RB",2022-10-05,"Practice",207000,1,2022,221,2
"2541","Dezmon Patmon","WR",2022-10-06,"Practice",207000,1,2020,452,2
"2542","Ryan Connelly","LB",2022-10-07,"Practice",317700,1,2019,296,2
"2543","Andy Isabella","WR",2022-10-10,"Practice",358200,1,2019,408,2
"2544","Ulysees Gilbert III","LB",2022-10-11,"Practice",359833,1,2019,293,2
"2545","Seth Green","TE",2022-10-11,"Practice",207000,1,2022,224,2
"2546","Kevin Kassis","WR",2022-10-12,"Practice",207000,1,2022,451,2
"2547","Jonathan Kongbo","EDGE",2022-10-13,"Practice",207000,1,2020,273,2
"2548","Khalid Kareem","EDGE",2022-10-13,"Practice",207000,1,2020,273,2
"2549","Jake Funk","RB",2022-10-15,"Practice",207000,1,2021,223,2
"2550","Deionte Thompson","S",2022-10-18,"Practice",277200,1,2019,264,2
"2551","Rodrigo Blankenship","K",2022-10-18,"Practice",207000,1,2020,63,2
"2552","Sammis Reyes","TE",2022-10-18,"Practice",207000,1,2021,223,2
"2553","Brandon Johnson","WR",2022-10-18,"Practice",207000,1,2022,450,2
"2554","Blake Proehl","WR",2022-10-20,"Practice",207000,1,2021,443,2
"2555","Ihmir Smith-Marsette","WR",2022-10-21,"Practice",207000,1,2021,442,2
"2556","Marlon Mack","WR",2022-10-24,"SFA",1035000,1,2017,153,2
"2557","Phil Hoskins","DT",2022-10-25,"Practice",207000,1,2021,235,2
"2558","Myron Cunningham","LT",2022-10-25,"Practice",207000,1,2022,114,2
"2559","Andre Miller","WR",2022-10-25,"Practice",207000,1,2022,448,2
"2560","Kendall Sheffield","CB",2022-10-26,"Practice",358200,1,2019,335,2
"2561","Sage Doxtater","LT",2022-10-26,"Practice",207000,1,2022,113,2
"2562","Michael Young Jr.","WR",2022-10-27,"Practice",207000,1,2022,443,2
"2563","Tarron Jackson","EDGE",2022-10-29,"Practice",207000,1,2021,273,2
"2564","Demetrius Taylor","EDGE",2022-10-29,"Practice",207000,1,2022,273,2
"2565","Nick Sciba","K",2022-10-29,"Practice",207000,1,2022,64,2
"2566","Tyler Johnson","WR",2022-10-31,"Practice",207000,1,2020,443,2
"2567","Brady Breeze","S",2022-11-01,"Practice",207000,1,2021,272,2
"2568","Zach McCloud","EDGE",2022-11-01,"Practice",207000,1,2022,271,2
"2569","Hayden Howerton","RG",2022-11-01,"Practice",207000,1,2022,103,2
"2570","Joe Ozougwu","EDGE",2022-11-02,"Practice",207000,1,2022,270,2
"2571","Bradley Chubb","EDGE",2022-11-03,"Extension",22000000,5,2018,6,2
"2572","Ugochukwu Amadi","CB",2022-11-03,"Practice",358200,1,2019,337,2
"2573","Larrell Murchison","EDGE",2022-11-05,"Practice",283444,1,2020,259,2
"2574","Jordan Meredith","C",2022-11-07,"Practice",207000,1,2021,96,2
"2575","Fred Johnson","RG",2022-11-08,"Practice",277200,1,2019,100,2
"2576","Jean Delance","RT",2022-11-09,"Practice",207000,1,2022,129,2
"2577","George Moore","RG",2022-11-09,"Practice",207000,1,2022,103,2
"2578","Kaden Davis","WR",2022-11-09,"Practice",207000,1,2022,441,2
"2579","Terrell Burgess","S",2022-11-10,"Practice",207000,1,2020,271,2
"2580","Jake Tonges","TE",2022-11-12,"Practice",207000,1,2022,222,2
"2581","DEriq King","WR",2022-11-15,"Practice",207000,1,2022,440,2
"2582","Chris Pierce Jr.","WR",2022-11-16,"Practice",207000,1,2022,437,2
"2583","Kingsley Jonathan","EDGE",2022-11-17,"Practice",207000,1,2022,265,2
"2584","Yasir Durant","RT",2022-11-19,"SFA",952500,2,2020,72,2
"2585","Jacob Harris","WR",2022-11-19,"SFA",825000,1,2021,283,2
"2586","R.J. McIntosh","DE",2022-11-21,"Practice",277200,1,2018,63,2
"2587","Bubba Bolden","S",2022-11-22,"Practice",207000,1,2022,269,2
"2588","Tyreik McAllister","WR",2022-11-22,"Practice",207000,1,2022,436,2
"2589","Trevor Denbow","S",2022-11-23,"Practice",207000,1,2022,269,2
"2590","Parker Ferguson","LG",2022-11-24,"Practice",207000,1,2021,106,2
"2591","Emeka Emezie","WR",2022-11-24,"Practice",207000,1,2022,432,2
"2592","Yasir Durant","LT",2022-11-25,"Practice",207000,1,2020,110,2
"2593","Bryan Edwards","WR",2022-11-28,"Practice",207000,1,2020,432,2
"2594","Owen Carney Jr.","EDGE",2022-11-29,"Practice",207000,1,2022,264,2
"2595","Shemar Bridges","WR",2022-11-30,"Practice",207000,1,2022,431,2
"2596","Blake Cashman","LB",2022-12-02,"Extension",1800000,1,2019,58,2
"2597","Michael Dogbe","DT",2022-12-06,"Practice",277200,1,2019,217,2
"2598","Caleb Shudak","K",2022-12-06,"Practice",207000,1,2022,63,2
"2599","Davis Cheek","QB",2022-12-06,"Practice",207000,1,2022,133,2
"2600","Sam Schlueter","LT",2022-12-07,"Practice",207000,1,2022,111,2
"2601","Kendal Vickers","DE",2022-12-08,"Practice",207000,1,2018,69,2
"2602","Marquez Stevenson","WR",2022-12-09,"Practice",207000,1,2021,429,2
"2603","Nate Landman","LB",2022-12-13,"Practice",207000,1,2022,315,2
"2604","Wyatt Ray","EDGE",2022-12-14,"Practice",207000,1,2019,260,2
"2605","Storey Jackson","LB",2022-12-14,"Practice",207000,1,2022,316,2
"2606","Carson Strong","QB",2022-12-14,"Practice",207000,1,2022,133,2
"2607","Jaylen Smith","WR",2022-12-15,"Practice",207000,1,2019,427,2
"2608","Olakunle Fatukasi","LB",2022-12-16,"Practice",207000,1,2022,314,2
"2609","Tucker Addington","LS",2022-12-16,"Practice",207000,1,2022,52,2
"2610","John Simpson","LG",2022-12-19,"Practice",207000,1,2020,104,2
"2611","Terrell Lewis","EDGE",2022-12-20,"Practice",207000,1,2020,260,2
"2612","Kuony Deng","LB",2022-12-20,"Practice",207000,1,2022,316,2
"2613","Aaron Shampklin","RB",2022-12-20,"Practice",207000,1,2022,218,2
"2614","Tyree Gillespie","S",2022-12-21,"Practice",207000,1,2021,265,2
"2615","Wes Martin","LG",2022-12-22,"SFA",965000,1,2019,52,2
"2616","Tae Crowder","LB",2022-12-22,"Practice",207000,1,2020,310,2
"2617","Jerreth Sterns","WR",2022-12-22,"Practice",207000,1,2022,423,2
"2618","Ifeadi Odenigbo","DT",2022-12-27,"Practice",358200,1,2017,215,2
"2619","Delonte Hood","CB",2022-12-27,"Practice",207000,1,2022,368,2
"2620","Hunter Bradley","LS",2022-12-28,"Practice",277200,1,2018,51,2
"2621","Justin Hilliard","LB",2022-12-28,"Practice",207000,1,2021,312,2
"2622","David Vereen","CB",2022-12-28,"Practice",207000,1,2022,367,2
"2623","Bobby Evans","RG",2023-01-03,"Practice",277200,1,2019,98,2
"2624","Hunter Thedford","RT",2023-01-04,"Practice",207000,1,2021,126,2
"2625","Jamal Peters","CB",2023-01-09,"SFA",750000,1,2019,323,2
"2626","Giovanni Ricci","FB",2023-01-09,"ERFA",940000,1,2020,14,2
"2627","Josh Ali","WR",2023-01-09,"UDFA",898333,3,2022,202,2
"2628","Clint Ratkovich","RB",2023-01-09,"UDFA",898333,3,2022,127,2
"2629","Scotty Washington","TE",2023-01-10,"SFA",750000,1,2020,182,2
"2630","Ty Fryfogle","WR",2023-01-10,"SFA",750000,1,2022,364,2
"2631","Adedayo Odeleye","EDGE",2023-01-10,"SFA",750000,1,2022,246,2
"2632","Duron Lowe","CB",2023-01-10,"Practice",207000,1,2022,385,2
"2633","Lucas Havrisik","K",2023-01-10,"UDFA",898333,3,2022,34,2
"2634","Roquan Smith","LB",2023-01-11,"UFA",20000000,5,2018,1,2
"2635","Demone Harris","DT",2023-01-11,"SFA",1090000,1,2018,100,2
"2636","Troy Pride, Jr.","CB",2023-01-11,"SFA",870000,1,2020,240,2
"2637","Rodney Randle","CB",2023-01-12,"SFA",750000,1,2019,329,2
"2638","Julian Good-Jones","LT",2023-01-13,"SFA",757500,1,2020,99,2
"2639","Ty Shelby","EDGE",2023-01-16,"SFA",750000,1,2022,250,2
"2640","Isaiah Prince","RT",2023-02-01,"SFA",1010000,1,2019,64,2
"2641","Elijah Campbell","CB",2023-03-08,"ERFA",1010000,1,2018,166,2
"2642","Daniel Jones","QB",2023-03-08,"UFA",40000000,4,2019,7,2
"2643","Ross Blacklock","DT",2023-03-08,"Other",1010000,1,2020,124,2
"2644","Jesper Horsted","TE",2023-03-10,"Other",1120000,1,2019,60,2
"2645","Daron Payne","DT",2023-03-12,"Franchise",22500000,4,2018,1,2
"2646","Tremaine Edmunds","LB",2023-03-13,"UFA",18000000,4,2018,4,2
"2647","Scott Quessenberry","C",2023-03-13,"UFA",2100000,1,2018,30,2
"2648","Josh Oliver","TE",2023-03-13,"UFA",7000000,3,2019,21,2
"2649","Germaine Pratt","LB",2023-03-13,"UFA",6750000,3,2019,22,2
"2650","Nate Davis","RG",2023-03-13,"UFA",10000000,4,2019,5,2
"2651","Jamel Dean","CB",2023-03-13,"UFA",13000000,4,2019,17,2
"2652","Marcus Epps","S",2023-03-13,"UFA",6000000,2,2019,30,2
"2653","Tershawn Wharton","DE",2023-03-13,"Other",2025000,1,2020,18,2
"2654","Cody Barton","LB",2023-03-14,"UFA",3500000,1,2019,35,2
"2655","Garrett Bradbury","C",2023-03-15,"UFA",5250000,3,2019,18,2
"2656","Byron Murphy","CB",2023-03-15,"UFA",8750000,2,2019,27,2
"2657","Trayvon Mullen","CB",2023-03-15,"UFA",1232500,1,2019,119,2
"2658","Will Harris","S",2023-03-15,"UFA",2582500,1,2019,51,2
"2659","Quincy Williams","LB",2023-03-15,"UFA",6000000,3,2019,25,2
"2660","Anthony Nelson","EDGE",2023-03-15,"UFA",5000000,2,2019,49,2
"2661","Justice Hill","RB",2023-03-15,"UFA",2255000,2,2019,33,2
"2662","Ben Powers","LG",2023-03-15,"UFA",13000000,4,2019,6,2
"2663","Jarrett Stidham","QB",2023-03-15,"UFA",5000000,2,2019,31,2
"2664","John Cominsky","DE",2023-03-15,"UFA",4250000,2,2019,12,2
"2665","Andrew Beck","TE",2023-03-15,"UFA",3125000,2,2019,38,2
"2666","DeMarcus Walker","DE",2023-03-16,"UFA",7000000,3,2017,7,2
"2667","Andrew Wylie","RT",2023-03-16,"UFA",8000000,3,2017,10,2
"2668","Sam Darnold","QB",2023-03-16,"UFA",4500000,1,2018,36,2
"2669","Mike McGlinchey","RT",2023-03-16,"UFA",17500000,5,2018,4,2
"2670","Nathan Shepherd","DT",2023-03-16,"UFA",5000000,3,2018,39,2
"2671","Nick Gates","C",2023-03-16,"UFA",5500000,3,2018,18,2
"2672","Clelin Ferrell","EDGE",2023-03-16,"UFA",2500000,1,2019,81,2
"2673","Chris Lindstrom","RG",2023-03-16,"Extension",20500000,5,2019,1,2
"2674","Parris Campbell","WR",2023-03-16,"UFA",4700000,1,2019,55,2
"2675","Juan Thornhill","S",2023-03-16,"UFA",7000000,3,2019,25,2
"2676","Sione Takitaki","LB",2023-03-16,"UFA",2582500,1,2019,56,2
"2677","Trey Pipkins","RT",2023-03-16,"UFA",7250000,3,2019,12,2
"2678","E.J. Speed","LB",2023-03-16,"UFA",4000000,2,2019,34,2
"2679","Cole Holcomb","LB",2023-03-16,"UFA",6000000,3,2019,24,2
"2680","Travis Homer","RB",2023-03-16,"UFA",2000000,2,2019,37,2
"2681","Donovan Wilson","S",2023-03-16,"UFA",7000000,3,2019,25,2
"2682","Myles Gaskin","RB",2023-03-16,"UFA",1232500,1,2019,62,2
"2683","Blake Gillikin","P",2023-03-16,"SFA",1240000,1,2020,17,2
"2684","Solomon Thomas","EDGE",2023-03-17,"UFA",2350000,1,2017,81,2
"2685","Tarvarius Moore","S",2023-03-17,"UFA",1130000,1,2018,93,2
"2686","Devin Bush","LB",2023-03-17,"UFA",3500000,1,2019,38,2
"2687","Jerry Tillery","DT",2023-03-17,"UFA",3400000,2,2019,50,2
"2688","Kaleb McGary","RT",2023-03-17,"UFA",11500000,3,2019,9,2
"2689","Jawaan Taylor","RT",2023-03-17,"UFA",20000000,4,2019,1,2
"2690","Miles Sanders","RB",2023-03-17,"UFA",6350000,4,2019,12,2
"2691","David Montgomery","RB",2023-03-17,"UFA",6000000,3,2019,15,2
"2692","Khalen Saunders","DT",2023-03-17,"UFA",4100000,3,2019,45,2
"2693","Alexander Mattison","RB",2023-03-17,"UFA",3500000,2,2019,22,2
"2694","Julian Love","S",2023-03-17,"UFA",6000000,2,2019,28,2
"2695","Mack Wilson","LB",2023-03-17,"UFA",1600000,1,2019,77,2
"2696","Gardner Minshew","QB",2023-03-17,"UFA",3500000,1,2019,39,2
"2697","David Long Jr.","LB",2023-03-17,"UFA",5000000,2,2019,28,2
"2698","John Lovett","FB",2023-03-17,"SFA",870000,1,2019,15,2
"2699","Jacob Bobenmoyer","LS",2023-03-17,"SFA",1271667,3,2020,12,2
"2700","James Robinson","RB",2023-03-17,"SFA",2000000,2,2020,39,2
"2701","Bobby Okereke","LB",2023-03-18,"UFA",10000000,4,2019,12,2
"2702","Kaden Elliss","LB",2023-03-18,"UFA",7166667,1,2019,19,2
"2703","Jermaine Eluemunor","RT",2023-03-19,"UFA",3000000,1,2017,29,2
"2704","Drew Lock","QB",2023-03-19,"UFA",4000000,1,2019,34,2
"2705","Charles Omenihu","EDGE",2023-03-19,"UFA",8000000,2,2019,36,2
"2706","Nick Scott","S",2023-03-19,"UFA",4000000,3,2019,38,2
"2707","Andre Dillard","LT",2023-03-20,"UFA",9666666,3,2019,19,2
"2708","Max Scharping","RG",2023-03-20,"UFA",1280000,1,2019,33,2
"2709","Trysten Hill","DT",2023-03-20,"UFA",1232500,1,2019,81,2
"2710","Mike Edwards","S",2023-03-20,"UFA",3000000,1,2019,44,2
"2711","Chauncey Gardner-Johnson, Jr.","S",2023-03-20,"UFA",6500000,1,2019,26,2
"2712","Myles Hartsfield","CB",2023-03-20,"SFA",1010000,1,2020,153,2
"2713","Marcus Davenport","EDGE",2023-03-21,"UFA",13000000,1,2018,27,2
"2714","Sean Murphy-Bunting","CB",2023-03-21,"UFA",3500000,1,2019,55,2
"2715","Greedy Williams","CB",2023-03-21,"UFA",1350000,1,2019,104,2
"2716","Devin Singletary","RB",2023-03-21,"UFA",2750000,1,2019,29,2
"2717","Michael Deiter","C",2023-03-21,"UFA",1232500,1,2019,42,2
"2718","Damien Harris","RB",2023-03-21,"UFA",1770000,1,2019,44,2
"2719","Drue Tranquill","LB",2023-03-21,"UFA",3000000,1,2019,53,2
"2720","Jaquan Johnson","S",2023-03-21,"UFA",1232500,1,2019,86,2
"2721","James Pierre","CB",2023-03-21,"SFA",1300000,1,2020,109,2
"2722","Rico Dowdle","RB",2023-03-21,"SFA",1040000,1,2020,89,2
"2723","Lonnie Johnson Jr.","CB",2023-03-22,"UFA",1232500,1,2019,113,2
"2724","David Long","CB",2023-03-22,"UFA",1500000,1,2019,96,2
"2725","Cam Gill","LB",2023-03-22,"SFA",1065000,1,2020,115,2
"2726","Johnathan Abram","S",2023-03-23,"UFA",1162500,1,2019,98,2
"2727","Mecole Hardman","WR",2023-03-23,"UFA",4000000,1,2019,59,2
"2728","Tony Pollard","RB",2023-03-23,"Franchise",10091000,1,2019,9,2
"2729","Greg Gaines","DT",2023-03-23,"UFA",3500000,1,2019,48,2
"2730","Amani Oruwariye","CB",2023-03-23,"UFA",1232500,1,2019,113,2
"2731","Andrew Van Ginkel","EDGE",2023-03-23,"UFA",2650000,1,2019,77,2
"2732","David Edwards","LG",2023-03-23,"UFA",1770000,1,2019,24,2
"2733","Tommy Sweeney","TE",2023-03-23,"UFA",1080000,1,2019,71,2
"2734","Byron Cowart","DT",2023-03-24,"UFA",1080000,1,2019,100,2
"2735","Ty Johnson","RB",2023-03-25,"UFA",1232500,1,2019,64,2
"2736","Marquez Callaway","WR",2023-03-25,"SFA",1135000,1,2020,137,2
"2737","Matt Pryor","LT",2023-03-27,"UFA",1130000,1,2018,48,2
"2738","Irv Smith Jr.","TE",2023-03-30,"UFA",1750000,1,2019,43,2
"2739","Rashad Fenton","CB",2023-03-30,"UFA",1232500,1,2019,114,2
"2740","Scott Miller","WR",2023-03-30,"UFA",1232500,1,2019,122,2
"2741","Taylor Rapp","S",2023-03-31,"UFA",1770000,1,2019,68,2
"2742","Trevon Wesco","TE",2023-03-31,"UFA",1232500,1,2019,55,2
"2743","Joshua Miles","RT",2023-03-31,"UFA",1162500,1,2019,51,2
"2744","Elijah Wilkinson","LG",2023-04-04,"UFA",1232500,1,2017,38,2
"2745","Zach Gentry","TE",2023-04-04,"UFA",1400000,1,2019,48,2
"2746","Yodny Cajuste","LT",2023-04-05,"RFA",2743000,1,2019,32,2
"2747","Kris Boyd","CB",2023-04-10,"UFA",1232500,1,2019,114,2
"2748","Ryan Anderson","P",2023-04-10,"SFA",750000,1,2019,45,2
"2749","John Penisini","DT",2023-04-10,"SFA",940000,1,2020,134,2
"2750","Jeff Okudah","CB",2023-04-11,"Other",5182072,1,2020,43,2
"2751","Jeffery Simmons","DT",2023-04-12,"Extension",23500000,4,2019,1,2
"2752","Armon Watts","DT",2023-04-12,"UFA",1232500,1,2019,85,2
"2753","Drew Sample","TE",2023-04-14,"UFA",1232500,1,2019,56,2
"2754","Kevin Jarvis","RG",2023-04-14,"SFA",750000,1,2022,75,2
"2755","Myles Adams","DE",2023-04-17,"ERFA",870000,1,2020,48,2
"2756","Joejuan Williams","CB",2023-04-20,"UFA",1100000,1,2019,143,2
"2757","Bryce Huff","EDGE",2023-04-20,"RFA",4304000,1,2020,53,2
"2758","Terence Steele","LT",2023-04-20,"RFA",4304000,1,2020,28,2
"2759","Tyler Bass","K",2023-04-21,"Extension",5100000,4,2020,4,2
"2760","Miles Boykin","WR",2023-04-24,"UFA",1080000,1,2019,152,2
"2761","Tyree Jackson","TE",2023-04-24,"ERFA",940000,1,2019,109,2
"2762","Jalen Hurts","QB",2023-04-24,"Extension",51000000,5,2020,1,2
"2763","Tommy Townsend","P",2023-04-25,"RFA",2627000,1,2020,10,2
"2764","Sam Franklin","S",2023-04-25,"RFA",2510000,1,2020,50,2
"2765","Davon Hamilton","DT",2023-04-26,"Extension",11500000,3,2020,15,2
"2766","Jordan Love","QB",2023-05-03,"Extension",13500000,1,2020,18,2
"2767","Adam Trautman","TE",2023-05-03,"Other",1500000,1,2020,48,2
"2768","Lamar Jackson","QB",2023-05-04,"Franchise",52000000,5,2018,1,2
"2769","Rock Ya-Sin","CB",2023-05-04,"SFA",4000000,1,2019,49,2
"2770","Greg Little","LT",2023-05-04,"SFA",1180000,1,2019,51,2
"2771","Oshane Ximines","EDGE",2023-05-05,"SFA",1180000,1,2019,121,2
"2772","Jaylon Jones","CB",2023-05-05,"Drafted",988370,4,2023,178,2
"2773","Caleb Johnson","LB",2023-05-05,"UDFA",900833,3,2023,178,2
"2774","Marlon Davidson","DT",2023-05-08,"SFA",940000,1,2020,141,2
"2775","Foster Moreau","TE",2023-05-10,"UFA",4078000,3,2019,29,2
"2776","Isaiah Wynn","RT",2023-05-15,"SFA",2300000,1,2018,35,2
"2777","Slade Bolden","WR",2023-05-15,"SFA",750000,1,2022,459,2
"2778","Lukas Denis","S",2023-05-16,"SFA",750000,1,2019,282,2
"2779","Vernon Scott","S",2023-05-16,"SFA",940000,1,2020,155,2
"2780","Charleston Rambo","WR",2023-05-16,"SFA",750000,1,2022,460,2
"2781","Daniel Whelan","K",2023-05-17,"SFA",750000,1,2022,59,2
"2782","Jaiden Woodbey","S",2023-05-17,"SFA",898667,3,2023,201,2
"2783","Tyler Hudson","WR",2023-05-17,"SFA",898333,1,2023,321,2
"2784","Emanuel Wilson","RB",2023-05-22,"SFA",750000,1,2023,218,2
"2785","Kaden Smith","TE",2023-05-25,"SFA",1010000,1,2019,97,2
"2786","Cody Chrest","WR",2023-05-25,"SFA",750000,1,2023,464,2
"2787","Montrae Braswell","CB",2023-06-01,"SFA",750000,1,2023,396,2
"2788","Ed Oliver","DT",2023-06-05,"Extension",17000000,4,2019,11,2
"2789","Harrison Bryant","TE",2023-06-05,"Other",1750000,1,2020,44,2
"2790","Darius Hagans","RB",2023-06-05,"SFA",750000,1,2023,219,2
"2791","Jacob Sykes","DE",2023-06-05,"SFA",750000,1,2023,82,2
"2792","Darryl Johnson Jr.","EDGE",2023-06-06,"SFA",1080000,1,2019,141,2
"2793","Jordan Elliott","DT",2023-06-06,"Other",1700000,1,2020,71,2
"2794","Bobby Price","CB",2023-06-06,"SFA",1010000,1,2020,173,2
"2795","Cameron Dantzler","CB",2023-06-07,"SFA",1010000,1,2020,173,2
"2796","Jody Fortson","TE",2023-06-15,"ERFA",940000,1,2019,122,2
"2797","Kekoa Crawford","WR",2023-06-15,"SFA",750000,1,2022,474,2
"2798","Quinnen Williams","DT",2023-07-17,"Extension",24000000,4,2019,1,2
"2799","Alex Highsmith","EDGE",2023-07-20,"Extension",17000000,4,2020,10,2
"2800","Diego Fagot","LB",2023-07-24,"SFA",750000,1,2022,315,2
"2801","Saquon Barkley","RB",2023-07-25,"Franchise",10091000,1,2018,8,2
"2802","Jalen Hurd","WR",2023-07-25,"SFA",870000,1,2019,367,2
"2803","Jack Snyder","C",2023-07-25,"SFA",750000,1,2022,112,2
"2804","Jack Coco","LS",2023-07-25,"SFA",870000,1,2022,40,2
"2805","Nick Williams","WR",2023-07-25,"SFA",750000,1,2023,479,2
"2806","Andrew Thomas","LT",2023-07-26,"Extension",23500000,5,2020,2,2
"2807","Justin Herbert","QB",2023-07-26,"Extension",52500000,5,2020,1,2
"2808","Cole Kmet","TE",2023-07-26,"Extension",12500000,4,2020,9,2
"2809","Trevon Diggs","CB",2023-07-26,"Extension",19400000,5,2020,5,2
"2810","Ben Burr-Kirven","LB",2023-07-27,"SFA",1010000,1,2019,146,2
"2811","Kyahva Tezino","LB",2023-07-27,"SFA",750000,1,2020,316,2
"2812","Tytus Howard","RT",2023-07-28,"Extension",18666667,3,2019,4,2
"2813","Kevin Atkins","DE",2023-07-28,"SFA",750000,1,2022,84,2
"2814","Ty Scott","WR",2023-07-28,"SFA",750000,1,2023,479,2
"2815","Isaac Taylor-Stuart","CB",2023-07-29,"SFA",750000,1,2022,410,2
"2816","Anthony Witherstone","CB",2023-07-30,"SFA",750000,1,2023,409,2
"2817","Izaiah Gathings","WR",2023-07-30,"SFA",750000,1,2023,477,2
"2818","Kyle Phillips","DE",2023-07-31,"SFA",1010000,1,2019,43,2
"2819","SaRodorick Thompson","RB",2023-07-31,"SFA",750000,1,2023,224,2
"2820","Sean Harlow","C",2023-08-01,"SFA",1080000,1,2017,56,2
"2821","Greg Bell","RB",2023-08-01,"SFA",750000,1,2022,223,2
"2822","Robert Cooper","DT",2023-08-01,"SFA",750000,1,2023,242,2
"2823","Isaiah Dunn","CB",2023-08-02,"SFA",940000,1,2021,233,2
"2824","Cole Schneider","C",2023-08-02,"SFA",750000,1,2022,111,2
"2825","Amari Rodgers","WR",2023-08-03,"SFA",940000,1,2021,237,2
"2826","Mike Rose","LB",2023-08-03,"SFA",832500,2,2022,292,2
"2827","Austin Ajiake","LB",2023-08-03,"UDFA",898333,3,2023,236,2
"2828","Logan Wilson","LB",2023-08-04,"Extension",9000000,4,2020,13,2
"2829","Matthew Gotel","RG",2023-08-04,"SFA",750000,1,2022,95,2
"2830","Caeveon Patton","DT",2023-08-04,"SFA",750000,1,2022,239,2
"2831","Jalen Wayne","WR",2023-08-04,"SFA",750000,1,2023,476,2
"2832","Cam Bright","LB",2023-08-04,"SFA",750000,1,2023,316,2
"2833","Daelin Hayes","EDGE",2023-08-05,"SFA",870000,1,2021,250,2
"2834","Abram Smith","RB",2023-08-05,"SFA",750000,1,2022,224,2
"2835","Camren McDonald","TE",2023-08-05,"SFA",750000,1,2023,226,2
"2836","N'Keal Harry","WR",2023-08-06,"SFA",1080000,1,2019,169,2
"2837","Avery Young","CB",2023-08-07,"SFA",750000,1,2023,410,2
"2838","Jacob Copeland","WR",2023-08-07,"SFA",750000,1,2023,475,2
"2839","Broderick Washington","DE",2023-08-08,"Extension",5250000,3,2020,10,2
"2840","Johnny King","WR",2023-08-08,"SFA",750000,1,2023,474,2
"2841","Anthony Montalvo","DT",2023-08-09,"SFA",750000,1,2023,240,2
"2842","Benjamin Snell Jr.","RB",2023-08-10,"SFA",1080000,1,2019,91,2
"2843","CJ Marable","RB",2023-08-12,"SFA",750000,1,2021,224,2
"2844","Cephus Johnson","WR",2023-08-12,"SFA",750000,1,2023,473,2
"2845","Colby Richardson","CB",2023-08-13,"SFA",750000,1,2023,411,2
"2846","Chim Okorafor","RT",2023-08-14,"SFA",750000,1,2023,129,2
"2847","Avery Davis","WR",2023-08-14,"SFA",750000,1,2023,473,2
"2848","Nevelle Clarke","CB",2023-08-15,"SFA",750000,1,2020,410,2
"2849","Carson Wells","EDGE",2023-08-15,"SFA",750000,1,2022,303,2
"2850","Xazavian Valladay","RB",2023-08-15,"SFA",750000,1,2023,223,2
"2851","Collin Duncan","S",2023-08-16,"SFA",750000,1,2023,284,2
"2852","Justin Marshall","WR",2023-08-17,"SFA",750000,1,2023,471,2
"2853","Trevor Reid","LT",2023-08-17,"SFA",750000,1,2023,121,2
"2854","Tyler Adams","WR",2023-08-17,"SFA",750000,1,2023,471,2
"2855","Wayne Taulapapa","RB",2023-08-19,"SFA",750000,1,2023,222,2
"2856","DaMarcus Mitchell","EDGE",2023-08-20,"SFA",750000,1,2022,302,2
"2857","Marvin Pierre","LB",2023-08-21,"SFA",750000,1,2023,316,2
"2858","Aron Cruickshank","WR",2023-08-21,"SFA",750000,1,2023,471,2
"2859","James Blackman","QB",2023-08-21,"SFA",750000,1,2023,132,2
"2860","Elijah Hamilton","CB",2023-08-22,"SFA",750000,1,2022,411,2
"2861","Darius Joiner","S",2023-08-23,"SFA",750000,1,2023,283,2
"2862","Isaac Darkangelo","LB",2023-08-23,"SFA",750000,1,2023,316,2
"2863","Malik Flowers","WR",2023-08-23,"SFA",750000,1,2023,470,2
"2864","Jordan Ferguson","EDGE",2023-08-23,"SFA",750000,1,2023,300,2
"2865","Ty Zentner","P",2023-08-25,"SFA",750000,1,2023,53,2
"2866","Jamal Woods","DT",2023-08-25,"SFA",832500,2,2023,223,2
"2867","Josh Jacobs","RB",2023-08-27,"Franchise",11791000,1,2019,5,2
"2868","Darnay Holmes","CB",2023-08-27,"Other",1010000,1,2020,184,2
"2869","Isaiah Rodgers","CB",2023-08-28,"SFA",1010000,1,2020,183,2
"2870","Tanzel Smart","DT",2023-08-30,"Practice",370800,1,2017,266,2
"2871","Jordan Thomas","EDGE",2023-08-30,"Practice",289800,1,2018,321,2
"2872","Lynn Bowden","WR",2023-08-30,"Practice",216000,1,2020,550,2
"2873","Tyre Phillips","LG",2023-08-30,"Practice",370800,1,2020,121,2
"2874","Khalil Davis","DT",2023-08-30,"Practice",216000,1,2020,283,2
"2875","Stantley Thomas-Oliver","CB",2023-08-30,"Practice",289800,1,2020,454,2
"2876","Ronnie Perkins","EDGE",2023-08-30,"Practice",216000,1,2021,327,2
"2877","Jaelon Darden","WR",2023-08-30,"Practice",256222,1,2021,539,2
"2878","Garret Wallow","LB",2023-08-30,"Practice",216000,1,2021,349,2
"2879","Ben Mason","TE",2023-08-30,"Practice",216000,1,2021,263,2
"2880","Joshuah Bledsoe","S",2023-08-30,"Practice",216000,1,2021,310,2
"2881","Mike Strachan","WR",2023-08-30,"Practice",216000,1,2021,550,2
"2882","Roy Mbaeteka","RT",2023-08-30,"Practice",216000,1,2022,150,2
"2883","Haggai Chisom Ndubuisi","RG",2023-08-30,"Practice",216000,1,2022,108,2
"2884","Logan Bruss","LT",2023-08-30,"Practice",216000,1,2022,137,2
"2885","Bailey Zappe","QB",2023-08-30,"Practice",216000,1,2022,149,2
"2886","Darian Kinnard","RT",2023-08-30,"Practice",216000,1,2022,150,2
"2887","Snoop Conner","RB",2023-08-30,"Practice",216000,1,2022,260,2
"2888","Matthew Butler","DT",2023-08-30,"Practice",252333,1,2022,281,2
"2889","Kyron Johnson","EDGE",2023-08-30,"Practice",216000,1,2022,327,2
"2890","Darrian Beavers","LB",2023-08-30,"Practice",216000,1,2022,349,2
"2891","Austin Deculus","RT",2023-08-30,"Practice",216000,1,2022,150,2
"2892","Chance Campbell","LB",2023-08-30,"Practice",216000,1,2022,349,2
"2893","Tariq Castro-Fields","CB",2023-08-30,"Practice",324999,1,2022,447,2
"2894","Isaiah Thomas","DE",2023-08-30,"Practice",216000,1,2022,92,2
"2895","Chase Lucas","CB",2023-08-30,"Practice",216000,1,2022,465,2
"2896","Andrew Stueber","RT",2023-08-30,"Practice",275334,1,2022,147,2
"2897","Jeffrey Gunter","EDGE",2023-08-30,"Practice",216000,1,2022,327,2
"2898","Tanner Conner","WR",2023-08-30,"Practice",324999,1,2022,533,2
"2899","Timmy Horne","DT",2023-08-30,"Practice",324999,1,2022,274,2
"2900","Josh Ross","LB",2023-08-30,"Practice",305001,1,2022,340,2
"2901","Sam Webb","CB",2023-08-30,"Practice",216000,1,2022,465,2
"2902","De'Shaan Dixon","EDGE",2023-08-30,"Practice",216000,1,2022,327,2
"2903","Tomon Fox","EDGE",2023-08-30,"Practice",252333,1,2022,323,2
"2904","Sincere McCormick","RB",2023-08-30,"Practice",216000,1,2022,260,2
"2905","Luiji Vilain","EDGE",2023-08-30,"Practice",252333,1,2022,323,2
"2906","Nathan Rourke","QB",2023-08-30,"Practice",216000,1,2023,149,2
"2907","Erick Hallett","CB",2023-08-30,"Practice",216000,1,2023,465,2
"2908","Travis Bell","DT",2023-08-30,"Practice",216000,1,2023,283,2
"2909","Zack Kuntz","TE",2023-08-30,"Practice",216000,1,2023,263,2
"2910","DeWayne McBride","RB",2023-08-30,"Practice",216000,1,2023,260,2
"2911","Max Duggan","QB",2023-08-30,"Practice",216000,1,2023,149,2
"2912","Derek Parish","FB",2023-08-30,"Practice",216000,1,2023,24,2
"2913","Brandon Hill","S",2023-08-30,"Practice",216000,1,2023,310,2
"2914","Grant DuBose","WR",2023-08-30,"Practice",245667,1,2023,542,2
"2915","Kendall Williamson","S",2023-08-30,"Practice",216000,1,2023,310,2
"2916","Jerrod Clark","DT",2023-08-30,"Practice",216000,1,2023,283,2
"2917","Anthony Johnson","CB",2023-08-30,"Practice",216000,1,2023,465,2
"2918","Anfernee Orji","LB",2023-08-30,"Practice",216000,1,2023,349,2
"2919","Mark Evans II","LG",2023-08-30,"Practice",216000,1,2023,125,2
"2920","Eku Leota","EDGE",2023-08-30,"Practice",305001,1,2023,319,2
"2921","Alan Ali","C",2023-08-30,"Practice",216000,1,2023,120,2
"2922","Brevin Allen","EDGE",2023-08-30,"Practice",275334,1,2023,322,2
"2923","Joel Wilson","TE",2023-08-30,"Practice",216000,1,2023,263,2
"2924","Shaq Davis","WR",2023-08-30,"Practice",216000,1,2023,550,2
"2925","Xavier Smith","WR",2023-08-30,"Practice",216000,1,2023,550,2
"2926","C.J. Coldon","CB",2023-08-30,"Practice",216000,1,2023,465,2
"2927","Terrell Bynum","WR",2023-08-30,"Practice",245667,1,2023,542,2
"2928","Andrew Farmer","EDGE",2023-08-30,"Practice",245667,1,2023,326,2
"2929","Mark Milton","CB",2023-08-30,"Practice",216000,1,2023,465,2
"2930","David Perales","EDGE",2023-08-30,"Practice",216000,1,2023,327,2
"2931","Thayer Thomas","WR",2023-08-30,"Practice",216000,1,2023,550,2
"2932","Jaylin Williams","CB",2023-08-30,"Practice",305001,1,2023,448,2
"2933","Tanner Ingle","S",2023-08-30,"Practice",216000,1,2023,310,2
"2934","Mike McAllister","C",2023-08-30,"Practice",216000,1,2023,120,2
"2935","Cameron McCutcheon","CB",2023-08-30,"Practice",216000,1,2023,465,2
"2936","D.J. Coleman","EDGE",2023-08-30,"Practice",216000,1,2023,327,2
"2937","Dequan Jackson","LB",2023-08-30,"Practice",216000,1,2023,349,2
"2938","Kadeem Telfort","LT",2023-08-30,"Practice",216000,1,2023,137,2
"2939","Keshawn Banks","EDGE",2023-08-30,"Practice",216000,1,2023,327,2
"2940","Benny Sapp III","S",2023-08-30,"Practice",305001,1,2023,300,2
"2941","Henry Pearson","FB",2023-08-30,"Practice",275334,1,2023,23,2
"2942","Xavier Malone","WR",2023-08-30,"Practice",245667,1,2023,542,2
"2943","Quavian White","CB",2023-08-30,"Practice",216000,1,2023,465,2
"2944","Jack Colletto","LB",2023-08-30,"Practice",216000,1,2023,349,2
"2945","Corey Luciano","RT",2023-08-30,"Practice",275334,1,2023,147,2
"2946","Liam Anderson","LB",2023-08-30,"Practice",216000,1,2023,349,2
"2947","Donavan Mutin","LB",2023-08-30,"Practice",216000,1,2023,349,2
"2948","Caleb Sampson","DT",2023-08-30,"Practice",216000,1,2023,283,2
"2949","Micah Baskerville","LB",2023-08-30,"Practice",305001,1,2023,340,2
"2950","Robert Burns","FB",2023-08-30,"Practice",216000,1,2023,24,2
"2951","Jalen Harris","EDGE",2023-08-30,"Practice",216000,1,2023,327,2
"2952","Thyrick Pitts","WR",2023-08-30,"Practice",216000,1,2023,550,2
"2953","Trey Dean","S",2023-08-30,"Practice",216000,1,2023,310,2
"2954","Tashawn Manning","RG",2023-08-30,"Practice",216000,1,2023,108,2
"2955","Travis Vokolek","TE",2023-08-30,"Practice",216000,1,2023,263,2
"2956","Jeremy Lucien","CB",2023-08-30,"Practice",216000,1,2023,465,2
"2957","Levi Bell","EDGE",2023-08-30,"Practice",216000,1,2023,327,2
"2958","Tykeem Doss","LT",2023-08-30,"Practice",216000,1,2023,137,2
"2959","Sean Ryan","WR",2023-08-30,"Practice",216000,1,2023,550,2
"2960","Owen Wright","RB",2023-08-30,"Practice",245667,1,2023,257,2
"2961","Mekhi Garner","CB",2023-08-30,"Practice",305001,1,2023,448,2
"2962","Joseph Ngata","WR",2023-08-30,"Practice",216000,1,2023,550,2
"2963","Brady Russell","TE",2023-08-30,"Practice",216000,1,2023,263,2
"2964","Ben VanSumeren","LB",2023-08-30,"Practice",305001,1,2023,340,2
"2965","Tommy DeVito","QB",2023-08-30,"Practice",305001,1,2023,146,2
"2966","Alex Cook","S",2023-08-30,"Practice",216000,1,2023,310,2
"2967","Dyontae Johnson","LB",2023-08-30,"Practice",216000,1,2023,349,2
"2968","Gemon Green","CB",2023-08-30,"Practice",216000,1,2023,465,2
"2969","Ryan Jones","TE",2023-08-30,"Practice",216000,1,2023,263,2
"2970","Kenneth Odumegwu","DE",2023-08-30,"Practice",216000,1,2023,92,2
"2971","Deneric Prince","RB",2023-08-30,"Practice",305001,1,2023,254,2
"2972","Truman Jones","EDGE",2023-08-30,"Practice",216000,1,2023,327,2
"2973","Reese Taylor","CB",2023-08-30,"Practice",216000,1,2023,465,2
"2974","Chukwuebuka Godrick","RT",2023-08-30,"Practice",216000,1,2023,150,2
"2975","J.D. DiRenzo","LT",2023-08-30,"Practice",305001,1,2023,132,2
"2976","P.J. Mustipher","DT",2023-08-30,"Practice",216000,1,2023,283,2
"2977","Art Green","CB",2023-08-30,"Practice",216000,1,2023,465,2
"2978","Marcus Haynes","EDGE",2023-08-30,"Practice",216000,1,2023,327,2
"2979","Demontrey Jacobs","RT",2023-08-30,"Practice",216000,1,2023,150,2
"2980","Ali Gaye","EDGE",2023-08-30,"Practice",216000,1,2023,327,2
"2981","Tre'Shaun Harrison","WR",2023-08-30,"Practice",216000,1,2023,550,2
"2982","TK McLendon","DE",2023-08-30,"Practice",216000,1,2023,92,2
"2983","John Ojukwu","RT",2023-08-30,"Practice",216000,1,2023,150,2
"2984","Thomas Rush","EDGE",2023-08-30,"Practice",216000,1,2023,327,2
"2985","Malik Cunningham","QB",2023-08-30,"Practice",216000,1,2023,149,2
"2986","Brandon Joseph","S",2023-08-30,"Practice",275334,1,2023,305,2
"2987","Jaxson Kirkland","RG",2023-08-30,"Practice",216000,1,2023,108,2
"2988","McClendon Curtis","LG",2023-08-30,"Practice",216000,1,2023,125,2
"2989","Richard Gouraige","RT",2023-08-30,"Practice",216000,1,2023,150,2
"2990","Lonnie Phelps","EDGE",2023-08-30,"Practice",216000,1,2023,327,2
"2991","Earl Bostick Jr.","LT",2023-08-30,"Practice",216000,1,2023,137,2
"2992","Jalen Moreno-Cropper","WR",2023-08-30,"Practice",216000,1,2023,550,2
"2993","Connor Galvin","LT",2023-08-30,"Practice",275334,1,2023,135,2
"2994","Shaka Heyward","LB",2023-08-30,"Practice",216000,1,2023,349,2
"2995","Matt Landers","WR",2023-08-30,"Practice",216000,1,2023,550,2
"2996","Charlie Thomas","LB",2023-08-30,"Practice",305001,1,2023,340,2
"2997","Princeton Fant","TE",2023-08-30,"Practice",275334,1,2023,259,2
"2998","Lance Boykin","CB",2023-08-30,"Practice",245667,1,2023,461,2
"2999","Holton Ahlers","QB",2023-08-30,"Practice",216000,1,2023,149,2
"3000","Tanner McCalister","S",2023-08-30,"Practice",305001,1,2023,300,2
"3001","Randy Charlton","EDGE",2023-08-30,"Practice",216000,1,2023,327,2
"3002","Jaydon Grant","CB",2023-08-30,"Practice",245667,1,2023,461,2
"3003","Durrell Johnson","EDGE",2023-08-30,"Practice",216000,1,2023,327,2
"3004","Shedrick Jackson","WR",2023-08-30,"Practice",305001,1,2023,535,2
"3005","John Samuel Shenker","TE",2023-08-30,"Practice",216000,1,2023,263,2
"3006","Alama Uluave","C",2023-08-30,"Practice",216000,1,2023,120,2
"3007","Hassan Hall","RB",2023-08-30,"Practice",216000,1,2023,260,2
"3008","Tyrell Shavers","WR",2023-08-30,"Practice",216000,1,2023,550,2
"3009","Bryan Thompson","WR",2023-08-30,"Practice",216000,1,2023,550,2
"3010","Tyler Murray","LB",2023-08-30,"Practice",216000,1,2023,349,2
"3011","Trevor Nowaske","LB",2023-08-30,"Practice",216000,1,2023,349,2
"3012","Chris Smith","DT",2023-08-30,"Practice",216000,1,2023,283,2
"3013","David Ebuka Agoha","EDGE",2023-08-30,"Practice",216000,1,2023,327,2
"3014","Ethan Bonner","CB",2023-08-30,"Practice",305001,1,2023,448,2
"3015","Patrick O'Connell","LB",2023-08-30,"Practice",245667,1,2023,348,2
"3016","Ty Okada","CB",2023-08-30,"Practice",305001,1,2023,448,2
"3017","Mason Brooks","RG",2023-08-30,"Practice",216000,1,2023,108,2
"3018","Brycen Tremayne","WR",2023-08-30,"Practice",216000,1,2023,550,2
"3019","Kazmeir Allen","WR",2023-08-30,"Practice",216000,1,2023,550,2
"3020","Nick Whiteside","CB",2023-08-30,"Practice",245667,1,2023,461,2
"3021","Basil Okoye","DT",2023-08-30,"Practice",216000,1,2023,283,2
"3022","Isaiah Winstead","WR",2023-08-30,"Practice",216000,1,2023,550,2
"3023","Eric Garror","CB",2023-08-30,"Practice",216000,1,2023,465,2
"3024","Armani Marsh","CB",2023-08-30,"Practice",216000,1,2023,465,2
"3025","Natrone Brooks","CB",2023-08-30,"Practice",275334,1,2023,459,2
"3026","Dylan Drummond","WR",2023-08-30,"Practice",245667,1,2023,542,2
"3027","Ekow Boye-Doe","CB",2023-08-30,"Practice",216000,1,2023,465,2
"3028","Grant Miller","LG",2023-08-30,"Practice",216000,1,2023,125,2
"3029","Ellis Merriweather","RB",2023-08-30,"Practice",216000,1,2023,260,2
"3030","Barry Wesley","LT",2023-08-30,"Practice",216000,1,2023,137,2
"3031","Lucky Jackson","WR",2023-08-30,"Practice",216000,1,2023,550,2
"3032","Josh Butler","CB",2023-08-30,"Practice",216000,1,2023,465,2
"3033","Nehemiah Shelton","CB",2023-08-30,"Practice",216000,1,2023,465,2
"3034","T.J. Hockenson","TE",2023-08-31,"Extension",16500000,4,2019,2,2
"3035","Chase Winovich","EDGE",2023-08-31,"Practice",421500,1,2019,279,2
"3036","Chuma Edoga","RT",2023-08-31,"SFA",1080000,1,2019,63,2
"3037","Austin Bryant","DE",2023-08-31,"SFA",1080000,1,2019,41,2
"3038","Alec Ingold","FB",2023-08-31,"Extension",4066667,3,2019,2,2
"3039","Rashard Lawrence","DT",2023-08-31,"Practice",370800,1,2020,230,2
"3040","Josiah Scott","CB",2023-08-31,"Practice",370800,1,2020,394,2
"3041","Trevis Gipson","EDGE",2023-08-31,"SFA",1250000,1,2020,128,2
"3042","Bryce Hall","CB",2023-08-31,"Other",1010000,1,2020,180,2
"3043","Hakeem Adeniji","LG",2023-08-31,"Practice",289800,1,2020,107,2
"3044","Bravvion Roy","DT",2023-08-31,"Practice",289800,1,2020,243,2
"3045","Bill Murray","LG",2023-08-31,"Practice",216000,1,2020,111,2
"3046","Alex Leatherwood","RG",2023-08-31,"Practice",216000,1,2021,101,2
"3047","Jalen Mayfield","LG",2023-08-31,"Practice",252333,1,2021,110,2
"3048","Darren Hall","CB",2023-08-31,"Practice",216000,1,2021,424,2
"3049","Jabril Cox","LB",2023-08-31,"Practice",256222,1,2021,320,2
"3050","Tommy Togiai","DT",2023-08-31,"Practice",216000,1,2021,251,2
"3051","Keith Taylor","CB",2023-08-31,"Practice",216000,1,2021,424,2
"3052","Shemar Jean-Charles","CB",2023-08-31,"Practice",336666,1,2021,401,2
"3053","Simi Fehoko","WR",2023-08-31,"Practice",216000,1,2021,495,2
"3054","Quinton Bohanna","DT",2023-08-31,"Practice",336666,1,2021,239,2
"3055","Racey McMath","WR",2023-08-31,"Practice",216000,1,2021,495,2
"3056","Demetric Felton","RB",2023-08-31,"Practice",216000,1,2021,240,2
"3057","Cade York","K",2023-08-31,"Practice",216000,1,2022,68,2
"3058","Thomas Booker","DT",2023-08-31,"Practice",216000,1,2022,251,2
"3059","Montrell Washington","WR",2023-08-31,"Practice",252333,1,2022,482,2
"3060","Esezi Otomewo","EDGE",2023-08-31,"Practice",216000,1,2022,293,2
"3061","Chasen Hines","RG",2023-08-31,"Practice",252333,1,2022,99,2
"3062","Daniel Hardy","EDGE",2023-08-31,"Practice",252333,1,2022,287,2
"3063","Ben Brown","C",2023-08-31,"Practice",216000,1,2022,112,2
"3064","Jose Ramirez","EDGE",2023-08-31,"Practice",216000,1,2023,293,2
"3065","Tiawan Mullen","CB",2023-08-31,"Practice",216000,1,2023,424,2
"3066","Divaad Wilson","CB",2023-08-31,"Practice",275334,1,2023,416,2
"3067","Kaleb Hayes","CB",2023-08-31,"Practice",216000,1,2023,424,2
"3068","Joey Fisher","LT",2023-08-31,"Practice",216000,1,2023,123,2
"3069","Deslin Alexandre","EDGE",2023-08-31,"Practice",216000,1,2023,293,2
"3070","Henry Byrd","RG",2023-08-31,"Practice",216000,1,2023,101,2
"3071","Tyreque Jones","S",2023-08-31,"Practice",216000,1,2023,289,2
"3072","Johnny Lumpkin","TE",2023-08-31,"Practice",216000,1,2023,240,2
"3073","Raiqwon O'Neal","LT",2023-08-31,"Practice",216000,1,2023,123,2
"3074","Luke Haggard","LT",2023-08-31,"Practice",216000,1,2023,123,2
"3075","Jordan Mims","RB",2023-08-31,"Practice",216000,1,2023,240,2
"3076","Ryan Swoboda","RT",2023-08-31,"Practice",216000,1,2023,136,2
"3077","Keenan Isaac","CB",2023-08-31,"Practice",275334,1,2023,416,2
"3078","Tanner Taula","TE",2023-08-31,"Practice",216000,1,2023,240,2
"3079","James Tunstall","LT",2023-08-31,"Practice",216000,1,2023,123,2
"3080","Brandon Bouyer-Randle","EDGE",2023-08-31,"Practice",216000,1,2023,293,2
"3081","Silas Dzansi","RG",2023-08-31,"Practice",216000,1,2023,101,2
"3082","Ryan Miller","WR",2023-08-31,"Practice",245667,1,2023,485,2
"3083","Neville Gallimore","DT",2023-09-01,"Other",1500000,1,2020,76,2
"3084","Robert Rochell","CB",2023-09-01,"Practice",216000,1,2021,410,2
"3085","Jonathan Ford","DT",2023-09-01,"Practice",216000,1,2022,242,2
"3086","Marquis Hayes","LG",2023-09-01,"Practice",216000,1,2022,103,2
"3087","Blake Whiteheart","TE",2023-09-01,"Practice",216000,1,2023,232,2
"3088","Daniel Arias","WR",2023-09-01,"Practice",216000,1,2023,476,2
"3089","T.J. Luther","WR",2023-09-01,"Practice",216000,1,2023,476,2
"3090","Jaylon Thomas","RT",2023-09-01,"Practice",275334,1,2023,127,2
"3091","Jalen Reagor","WR",2023-09-04,"Practice",417611,1,2020,441,2
"3092","Tariq Carpenter","S",2023-09-04,"Practice",324999,1,2022,270,2
"3093","Zander Horvath","RB",2023-09-04,"Practice",216000,1,2022,229,2
"3094","Garrett Nelson","EDGE",2023-09-05,"Practice",216000,1,2023,283,2
"3095","Jaylinn Hawkins","S",2023-09-06,"Other",1010000,1,2020,121,2
"3096","Keidron Smith","CB",2023-09-06,"Practice",216000,1,2023,407,2
"3097","Blake Ferguson","LS",2023-09-07,"Extension",1353333,3,2020,8,2
"3098","Matt Farniok","LG",2023-09-07,"Practice",216000,1,2021,101,2
"3099","Nick Bosa","EDGE",2023-09-08,"Extension",34000000,5,2019,1,2
"3100","Drew Forbes","LG",2023-09-08,"Extension",1325000,1,2019,36,2
"3101","Joe Burrow","QB",2023-09-09,"Extension",55000000,5,2020,1,2
"3102","Cesar Ruiz","RG",2023-09-09,"Extension",11000000,4,2020,6,2
"3103","Jared Wayne","WR",2023-09-12,"Practice",216000,1,2023,476,2
"3104","Jordan Murray","TE",2023-09-12,"Practice",216000,1,2023,228,2
"3105","Ian Book","QB",2023-09-13,"Practice",216000,1,2021,133,2
"3106","William Hooper","CB",2023-09-13,"Practice",216000,1,2023,406,2
"3107","Lewis Kidd","RT",2023-09-14,"Practice",216000,1,2022,131,2
"3108","Macon Clark","S",2023-09-14,"Practice",216000,1,2023,282,2
"3109","Austin Seibert","K",2023-09-16,"Practice",317600,1,2019,61,2
"3110","Braden Mann","P",2023-09-18,"Practice",377633,1,2020,53,2
"3111","Joey Blount","S",2023-09-18,"Practice",216000,1,2022,281,2
"3112","Dalton Risner","LG",2023-09-19,"SFA",2781250,1,2019,21,2
"3113","Mykal Walker","LB",2023-09-19,"Practice",330300,1,2020,302,2
"3114","Trey Sermon","RB",2023-09-19,"Practice",216000,1,2021,223,2
"3115","Darius Rush","CB",2023-09-19,"Practice",216000,1,2023,406,2
"3116","Jacob Slade","DT",2023-09-19,"Practice",216000,1,2023,242,2
"3117","Cory Durden","DT",2023-09-19,"Practice",221667,1,2023,241,2
"3118","Logan Stenberg","LG",2023-09-20,"Practice",289800,1,2020,97,2
"3119","Duece Watts","WR",2023-09-20,"Practice",216000,1,2023,478,2
"3120","Carlos Washington Jr.","RB",2023-09-20,"Practice",216000,1,2023,227,2
"3121","Mitchell Agude","EDGE",2023-09-20,"Practice",216000,1,2023,284,2
"3122","Tyjon Lindsey","WR",2023-09-20,"Practice",216000,1,2023,478,2
"3123","Michael Ojemudia","CB",2023-09-21,"Practice",289800,1,2020,389,2
"3124","Azizi Hearn","CB",2023-09-21,"Practice",216000,1,2023,408,2
"3125","Tyreke Smith","EDGE",2023-09-22,"Practice",216000,1,2022,283,2
"3126","Ryan Hayes","LT",2023-09-22,"Practice",221667,1,2023,117,2
"3127","Roy Lopez","DT",2023-09-23,"Practice",216000,1,2021,240,2
"3128","Devin Asiasi","TE",2023-09-26,"Practice",289800,1,2020,218,2
"3129","Shi Smith","WR",2023-09-26,"Practice",216000,1,2021,474,2
"3130","A.J. Finley","S",2023-09-26,"Practice",216000,1,2023,278,2
"3131","Dontay Demus Jr.","WR",2023-09-26,"Practice",216000,1,2023,474,2
"3132","Otis Reese","LB",2023-09-26,"Practice",216000,1,2023,315,2
"3133","Tre Norwood","S",2023-09-27,"Practice",216000,1,2021,278,2
"3134","Chase Cota","WR",2023-09-27,"Practice",216000,1,2023,472,2
"3135","K.J. Hamler","WR",2023-09-30,"Practice",216000,1,2020,469,2
"3136","Denzel Mims","WR",2023-10-03,"Practice",289800,1,2020,444,2
"3137","Kendric Pryor","WR",2023-10-03,"Practice",216000,1,2022,469,2
"3138","Mikel Jones","LB",2023-10-03,"Practice",216000,1,2023,314,2
"3139","Christian Young","S",2023-10-03,"Practice",216000,1,2023,280,2
"3140","Ilm Manning","LT",2023-10-04,"Practice",216000,1,2023,116,2
"3141","Noah Gindorff","TE",2023-10-04,"Practice",216000,1,2023,226,2
"3142","Junior Aho","EDGE",2023-10-04,"Practice",216000,1,2023,284,2
"3143","Rejzohn Wright","CB",2023-10-05,"Practice",216000,1,2023,400,2
"3144","Tanner Morgan","QB",2023-10-05,"Practice",216000,1,2023,132,2
"3145","Jonathan Taylor","RB",2023-10-07,"Extension",14000000,3,2020,3,2
"3146","Justin Hollins","EDGE",2023-10-10,"SFA",1080000,1,2019,144,2
"3147","Collin Johnson","WR",2023-10-10,"Practice",329333,1,2020,436,2
"3148","Joshua Pryor","EDGE",2023-10-10,"Practice",245001,1,2023,285,2
"3149","Kellen Mond","QB",2023-10-11,"Practice",216000,1,2021,132,2
"3150","Elerson Smith","EDGE",2023-10-11,"Practice",216000,1,2021,284,2
"3151","Keilahn Harris","WR",2023-10-11,"Practice",216000,1,2023,467,2
"3152","Brandon Smith","LB",2023-10-12,"Practice",216000,1,2022,313,2
"3153","Lew Nichols III","RB",2023-10-16,"Practice",216000,1,2023,223,2
"3154","Tyrus Wheat","EDGE",2023-10-16,"SFA",832500,2,2023,233,2
"3155","Darrell Henderson","RB",2023-10-17,"Practice",289800,1,2019,216,2
"3156","Zavier Scott","WR",2023-10-17,"Practice",216000,1,2023,462,2
"3157","Isaiah Moore","LB",2023-10-17,"Practice",216000,1,2023,311,2
"3158","Mohamed Ibrahim","RB",2023-10-17,"Practice",216000,1,2023,225,2
"3159","Alex Austin","CB",2023-10-18,"Practice",216000,1,2023,401,2
"3160","Jacob Saylors","RB",2023-10-18,"Practice",216000,1,2023,222,2
"3161","Kindle Vildor","CB",2023-10-20,"Practice",289800,1,2020,378,2
"3162","Justin Hollins","LB",2023-10-24,"Practice",370800,1,2019,290,2
"3163","Noah Elliss","DT",2023-10-24,"Practice",216000,1,2022,241,2
"3164","Rashan Gary","EDGE",2023-10-28,"Extension",24000000,4,2019,5,2
"3165","Derrek Pitts","CB",2023-10-30,"Practice",216000,1,2023,398,2
"3166","James Proche","WR",2023-10-31,"Practice",289800,1,2020,430,2
"3167","Jonathan Sutherland","S",2023-10-31,"Practice",216000,1,2023,277,2
"3168","Dresser Winn","QB",2023-11-01,"Practice",216000,1,2023,130,2
"3169","E.J. Jenkins","TE",2023-11-01,"Practice",216000,1,2023,226,2
"3170","Ben Bartch","LG",2023-11-03,"Practice",216000,1,2020,102,2
"3171","Montez Sweat","EDGE",2023-11-04,"Extension",24500000,4,2019,5,2
"3172","Tre' McKitty","TE",2023-11-07,"Practice",216000,1,2021,223,2
"3173","Perrion Winfrey","DT",2023-11-07,"Practice",216000,1,2022,237,2
"3174","Brandon Pili","DT",2023-11-07,"Practice",216000,1,2023,237,2
"3175","Ayinde Eley","LB",2023-11-07,"Practice",216000,1,2023,310,2
"3176","Anthony Schwartz","WR",2023-11-13,"Practice",216000,1,2021,454,2
"3177","Lecitus Smith","RG",2023-11-14,"Practice",216000,1,2022,94,2
"3178","Spencer Waege","DE",2023-11-15,"Practice",216000,1,2023,80,2
"3179","Keondre Coburn","DT",2023-11-16,"Practice",216000,1,2023,233,2
"3180","Doug Kramer","C",2023-11-17,"Practice",216000,1,2022,106,2
"3181","Drew Plitt","QB",2023-11-20,"Practice",216000,1,2022,128,2
"3182","Jake Curhan","RT",2023-11-21,"Practice",216000,1,2021,129,2
"3183","Matt Jackson","S",2023-11-21,"Practice",216000,1,2023,276,2
"3184","Kelvin Joseph","CB",2023-11-27,"Practice",216000,1,2021,391,2
"3185","Keaontay Ingram","RB",2023-11-30,"Practice",216000,1,2022,215,2
"3186","JoJo Domann","LB",2023-12-06,"Practice",216000,1,2022,308,2
"3187","Austin Jackson","RT",2023-12-07,"Extension",12000000,3,2020,11,2
"3188","Grant Delpit","S",2023-12-11,"Extension",12000000,3,2020,12,2
"3189","Evan Deckers","LS",2023-12-13,"Practice",216000,1,2023,53,2
"3190","Xavier Newman-Johnson","RG",2023-12-16,"SFA",927500,2,2022,50,2
"3191","Brent Laing","C",2023-12-18,"Practice",216000,1,2023,105,2
"3192","Ke'Shawn Vaughn","RB",2023-12-19,"Practice",289800,1,2020,205,2
"3193","Marquan McCall","DT",2023-12-20,"Practice",216000,1,2022,234,2
"3194","Nesta Jade Silvera","DT",2023-12-22,"Practice",216000,1,2023,232,2
"3195","La'Michael Pettway","TE",2023-12-27,"Practice",216000,1,2023,224,2
"3196","Griffin Hebert","TE",2023-12-28,"Practice",216000,1,2023,222,2
"3197","Jerome Carvin","LG",2024-01-01,"Practice",216000,1,2023,99,2
"3198","D'Angelo Mandell","CB",2024-01-02,"Practice",216000,1,2023,387,2
"3199","Abraham Beauplan","LB",2024-01-03,"Practice",216000,1,2023,309,2
"3200","Jeremiah Martin","EDGE",2024-01-08,"SFA",795000,1,2023,265,2
"3201","Elijah Dotson","RB",2024-01-09,"SFA",915000,1,2023,127,2
"3202","Arnold Tarpley III","S",2024-01-09,"UDFA",943333,3,2023,143,2
"3203","Douglas Coleman III","S",2024-01-10,"SFA",795000,1,2020,244,2
"3204","Jordan Smith","EDGE",2024-01-10,"SFA",915000,1,2021,189,2
"3205","Kendell Brooks","S",2024-01-10,"SFA",795000,1,2023,244,2
"3206","Cameron Lyons","LS",2024-01-10,"SFA",795000,1,2023,48,2
"3207","Michael Tutsie","WR",2024-01-10,"SFA",795000,1,2023,394,2
"3208","Deandre Johnson","EDGE",2024-01-16,"SFA",795000,1,2022,269,2
"3209","Anderson Hardy","C",2024-01-17,"SFA",795000,1,2023,91,2
"3210","Tyler Beach","RG",2024-01-17,"SFA",795000,1,2023,85,2
"3211","Tanner Brown","K",2024-01-18,"SFA",877500,2,2023,51,2
"3212","McTelvin Agim","DT",2024-01-22,"SFA",985000,1,2020,127,2
"3213","Jack Podlesny","K",2024-01-24,"SFA",795000,1,2023,57,2
"3214","Carter O'Donnell","RG",2024-01-30,"ERFA",915000,1,2020,59,2
"3215","Mathieu Betts","EDGE",2024-02-13,"SFA",795000,1,2019,276,2
"3216","Julian Okwara","EDGE",2024-02-14,"SFA",1375000,1,2020,112,2
"3217","Tyrion Davis-Price","RB",2024-02-20,"SFA",1100000,1,2022,79,2
"3218","Albert Okwuegbunam","TE",2024-02-22,"UFA",1400000,1,2020,53,2
"3219","Matt Araiza","P",2024-02-22,"SFA",795000,1,2022,49,2
"3220","Ryan Neuzil","C",2024-03-01,"ERFA",985000,1,2021,60,2
"3221","Quinn Bailey","RG",2024-03-06,"ERFA",1055000,1,2019,43,2
"3222","Ezra Cleveland","LG",2024-03-07,"UFA",8000000,3,2020,8,2
"3223","D'Wayne Eskridge","WR",2024-03-07,"Other",1055000,1,2021,177,2
"3224","L.J. Collier","EDGE",2024-03-08,"UFA",1292500,1,2019,120,2
"3225","Jaylon Johnson","CB",2024-03-08,"Franchise",19000000,4,2020,7,2
"3226","Kevin Dotson","RG",2024-03-08,"UFA",16000000,3,2020,4,2
"3227","Daniel Thomas","S",2024-03-08,"UFA",2000000,2,2020,64,2
"3228","Brian Burns","EDGE",2024-03-11,"Franchise",28200000,5,2019,2,2
"3229","Cody Ford","LG",2024-03-11,"UFA",1350000,1,2019,37,2
"3230","Nick Allegretti","LG",2024-03-11,"UFA",5333333,3,2019,12,2
"3231","D'Andre Swift","RB",2024-03-11,"UFA",8000000,3,2020,11,2
"3232","Robert Hunt","RG",2024-03-11,"UFA",20000000,5,2020,2,2
"3233","Antonio Gibson","RB",2024-03-11,"UFA",3750000,3,2020,23,2
"3234","Brandon Jones","S",2024-03-11,"UFA",6666667,3,2020,26,2
"3235","Gabriel Davis","WR",2024-03-11,"UFA",13000000,3,2020,22,2
"3236","Alohi Gilman","S",2024-03-11,"UFA",5062500,2,2020,34,2
"3237","Javon Kinlaw","DT",2024-03-12,"UFA",7250000,1,2020,32,2
"3238","Patrick Queen","LB",2024-03-12,"UFA",13666666,3,2020,7,2
"3239","A.J. Epenesa","EDGE",2024-03-12,"UFA",6000000,2,2020,49,2
"3240","Raekwon Davis","DT",2024-03-12,"UFA",7000000,2,2020,34,2
"3241","Joshua Uche","EDGE",2024-03-12,"UFA",3000000,1,2020,75,2
"3242","Jeremy Chinn","S",2024-03-12,"UFA",4105000,1,2020,39,2
"3243","Damien Lewis","LG",2024-03-12,"UFA",13250000,4,2020,7,2
"3244","Jonah Jackson","LG",2024-03-12,"UFA",17000000,3,2020,2,2
"3245","Zack Moss","RB",2024-03-12,"UFA",4000000,2,2020,21,2
"3246","Akeem Davis-Gaither","LB",2024-03-12,"UFA",2742500,1,2020,53,2
"3247","Amik Robertson","CB",2024-03-12,"UFA",4625000,2,2020,46,2
"3248","DeeJay Dallas","RB",2024-03-12,"UFA",2750000,3,2020,33,2
"3249","Darnell Mooney","WR",2024-03-12,"UFA",13000000,3,2020,22,2
"3250","Michael Onwenu","RT",2024-03-12,"UFA",19000000,3,2020,4,2
"3251","Bilal Nichols","DT",2024-03-13,"UFA",7000000,3,2018,34,2
"3252","Noah Fant","TE",2024-03-13,"UFA",10500000,2,2019,11,2
"3253","Xavier McKinney","S",2024-03-13,"UFA",16750000,4,2020,4,2
"3254","Darrell Taylor","EDGE",2024-03-13,"RFA",3136000,1,2020,74,2
"3255","Tyler Biadasz","C",2024-03-13,"UFA",10000000,3,2020,8,2
"3256","Charlie Woerner","TE",2024-03-13,"UFA",4000000,3,2020,31,2
"3257","Marco Wilson","CB",2024-03-13,"Other",2200000,1,2021,85,2
"3258","Robert Jones","RG",2024-03-13,"Other",2000000,1,2021,24,2
"3259","Calvin Ridley","WR",2024-03-14,"UFA",23000000,4,2018,10,2
"3260","Darnell Savage Jr.","S",2024-03-14,"UFA",7250000,3,2019,22,2
"3261","Kenneth Murray","LB",2024-03-14,"UFA",7750000,2,2020,17,2
"3262","Jordyn Brooks","LB",2024-03-14,"UFA",8750000,3,2020,14,2
"3263","Michael Pittman, Jr.","WR",2024-03-14,"Franchise",23333333,3,2020,8,2
"3264","Yetur Gross-Matos","EDGE",2024-03-14,"UFA",9000000,2,2020,39,2
"3265","Devin Duvernay","WR",2024-03-14,"UFA",4250000,2,2020,54,2
"3266","Leki Fotu","DT",2024-03-14,"UFA",2500000,1,2020,62,2
"3267","Nick Harris","C",2024-03-14,"UFA",2510000,1,2020,23,2
"3268","Carter Coughlin","LB",2024-03-14,"UFA",1292500,1,2020,93,2
"3269","Coleman Shelton","C",2024-03-15,"UFA",3000000,1,2018,25,2
"3270","Jonah Williams","LT",2024-03-15,"UFA",15000000,2,2019,10,2
"3271","A.J. Dillon","RB",2024-03-15,"UFA",2742500,1,2020,34,2
"3272","Zack Baun","LB",2024-03-15,"UFA",3500000,1,2020,42,2
"3273","Matt Hennessy","C",2024-03-15,"UFA",2000000,1,2020,34,2
"3274","Lloyd Cushenberry","C",2024-03-15,"UFA",12500000,4,2020,3,2
"3275","Anfernee Jennings","EDGE",2024-03-15,"UFA",4000000,3,2020,65,2
"3276","Jonathan Greenard","EDGE",2024-03-15,"UFA",19000000,4,2020,13,2
"3277","D.J. Wonnum","EDGE",2024-03-15,"UFA",6250000,2,2020,53,2
"3278","Colby Parkinson","TE",2024-03-15,"UFA",7500000,3,2020,19,2
"3279","Hakeem Adeniji","LT",2024-03-15,"UFA",1125000,1,2020,48,2
"3280","Aaron Brewer","C",2024-03-15,"UFA",7000000,3,2020,10,2
"3281","Jack Stoll","TE",2024-03-15,"SFA",1105000,1,2021,76,2
"3282","Jordan Fuller","S",2024-03-16,"UFA",3250000,1,2020,44,2
"3283","Landon Dickerson","LG",2024-03-16,"Extension",21000000,4,2021,1,2
"3284","Amen Ogbongbemiga","LB",2024-03-16,"SFA",2100000,1,2021,60,2
"3285","Austin Schlottmann","C",2024-03-18,"UFA",1397500,2,2018,39,2
"3286","Marquise Brown","WR",2024-03-18,"UFA",7000000,1,2019,39,2
"3287","Jerry Jeudy","WR",2024-03-18,"Extension",17500000,3,2020,18,2
"3288","K'Lavon Chaisson","EDGE",2024-03-18,"UFA",2500000,1,2020,91,2
"3289","Van Jefferson","WR",2024-03-18,"UFA",1292500,1,2020,121,2
"3290","Willie Gay, Jr.","LB",2024-03-18,"UFA",3000000,1,2020,50,2
"3291","Troy Dye","LB",2024-03-18,"UFA",1790000,1,2020,65,2
"3292","Jack Driscoll","RT",2024-03-18,"UFA",1790000,1,2020,36,2
"3293","Kamren Curl","S",2024-03-18,"UFA",4500000,2,2020,34,2
"3294","Devin White","LB",2024-03-19,"UFA",4000000,1,2019,36,2
"3295","Olisaemeka Udoh","RT",2024-03-19,"UFA",2000000,1,2019,34,2
"3296","Chase Young","EDGE",2024-03-19,"UFA",13000000,1,2020,27,2
"3297","Noah Igbinoghene","CB",2024-03-19,"UFA",1292500,1,2020,110,2
"3298","Charlie Heck","RT",2024-03-19,"UFA",2050000,1,2020,33,2
"3299","Ben Bredeson","LG",2024-03-19,"UFA",3000000,1,2020,22,2
"3300","K.J. Osborn","WR",2024-03-19,"UFA",4000000,1,2020,54,2
"3301","Donovan Peoples-Jones","WR",2024-03-19,"UFA",1300000,1,2020,114,2
"3302","Matt Peart","RT",2024-03-20,"UFA",1292500,1,2020,46,2
"3303","K'Von Wallace","S",2024-03-20,"UFA",1500000,1,2020,80,2
"3304","Danny Pinter","RG",2024-03-20,"UFA",1222500,1,2020,27,2
"3305","Casey Toohill","EDGE",2024-03-20,"UFA",1155000,1,2020,138,2
"3306","Josh Jones","LT",2024-03-21,"UFA",1790000,1,2020,33,2
"3307","Justin Strnad","LB",2024-03-21,"UFA",1305000,1,2020,89,2
"3308","C.J. Henderson","CB",2024-03-22,"UFA",2000000,1,2020,81,2
"3309","Michael Deiter","LG",2024-03-25,"UFA",1800000,1,2019,29,2
"3310","Michael Hoecht","EDGE",2024-03-26,"RFA",2985000,1,2020,83,2
"3311","Kristian Fulton","CB",2024-03-28,"UFA",3125000,1,2020,60,2
"3312","Josiah Deguara","TE",2024-03-28,"UFA",1292500,1,2020,61,2
"3313","L'Jarius Sneed","CB",2024-04-01,"Franchise",19802000,1,2020,4,2
"3314","Quez Watkins","WR",2024-04-01,"UFA",1292500,1,2020,118,2
"3315","Reed Blankenship","S",2024-04-02,"Extension",3575000,1,2022,41,2
"3316","Laviska Shenault","WR",2024-04-03,"UFA",1292500,1,2020,118,2
"3317","Derrick Brown","DT",2024-04-05,"Extension",24000000,4,2020,4,2
"3318","Isaiah Simmons","LB",2024-04-05,"UFA",5000000,1,2020,29,2
"3319","Clyde Edwards-Helaire","RB",2024-04-08,"UFA",1700000,1,2020,41,2
"3320","Kyle Dugger","S",2024-04-09,"Transition",14500000,4,2020,8,2
"3321","Julian Blackmon","S",2024-04-09,"UFA",3700000,1,2020,42,2
"3322","Mike Danna","EDGE",2024-04-10,"UFA",8000000,3,2020,44,2
"3323","James Smith-Williams","EDGE",2024-04-10,"UFA",1292500,1,2020,123,2
"3324","Josh Hines-Allen","EDGE",2024-04-11,"Franchise",28250000,5,2019,2,2
"3325","Ashtyn Davis","S",2024-04-11,"UFA",2742500,1,2020,58,2
"3326","DeVonta Smith","WR",2024-04-15,"Extension",25000000,3,2021,4,2
"3327","Kayode Awosika","LG",2024-04-15,"ERFA",985000,1,2021,63,2
"3328","Alaric Jackson","LT",2024-04-15,"RFA",4890000,1,2021,21,2
"3329","Lorenz Metz","RG",2024-04-15,"SFA",795000,1,2023,74,2
"3330","Calvin Anderson","RT",2024-04-17,"Other",2000000,1,2019,34,2
"3331","Cam Brown","LB",2024-04-18,"UFA",1292500,1,2020,90,2
"3332","J.K. Dobbins","RB",2024-04-19,"UFA",1610000,1,2020,41,2
"3333","Jacob Phillips","LB",2024-04-23,"UFA",1150000,1,2020,111,2
"3334","Penei Sewell","RT",2024-04-24,"Extension",28000000,4,2021,1,2
"3335","Amon-Ra St. Brown","WR",2024-04-24,"Extension",30002500,4,2021,1,2
"3336","Mekhi Becton","RT",2024-04-29,"UFA",2750000,1,2020,30,2
"3337","Quintez Cephus","WR",2024-04-29,"SFA",1055000,1,2020,171,2
"3338","Rashod Bateman","WR",2024-04-29,"Extension",6435949,2,2021,44,2
"3339","Christian Barmore","DT",2024-04-29,"Extension",21000000,4,2021,10,2
"3340","Shane Lemieux","LG",2024-04-30,"SFA",1055000,1,2020,50,2
"3341","Justin Herron","RT",2024-04-30,"SFA",1125000,1,2020,60,2
"3342","Seth Vernon","P",2024-04-30,"SFA",877500,2,2022,33,2
"3343","Chase Claypool","WR",2024-05-03,"SFA",1225000,1,2020,136,2
"3344","Markus Bailey","LB",2024-05-08,"SFA",1125000,1,2020,115,2
"3345","Kehinde Oginni","TE",2024-05-09,"SFA",795000,1,2022,185,2
"3346","Dane Cruikshank","CB",2024-05-13,"SFA",1125000,1,2018,136,2
"3347","Antoine Winfield, Jr.","S",2024-05-13,"Franchise",21025000,4,2020,1,2
"3348","Elijah Jones","CB",2024-05-13,"Drafted",1421380,4,2024,98,2
"3349","James Lynch","DT",2024-05-14,"SFA",1055000,1,2020,126,2
"3350","Shakel Brown","DT",2024-05-14,"SFA",795000,1,2023,240,2
"3351","Trenton Gill","P",2024-05-15,"SFA",1042500,2,2022,24,2
"3352","Kevin Foelsch","TE",2024-05-22,"SFA",943333,3,2024,161,2
"3353","Nico Collins","WR",2024-05-29,"Extension",24250000,3,2021,7,2
"3354","Jaylen Waddle","WR",2024-05-30,"Extension",28250000,3,2021,4,2
"3355","Malik Herring","EDGE",2024-05-30,"ERFA",985000,1,2021,181,2
"3356","Justin Jefferson","WR",2024-06-03,"Extension",35000000,4,2020,1,2
"3357","Jaray Jenkins","WR",2024-06-03,"SFA",795000,1,2023,464,2
"3358","JaQuae Jackson","WR",2024-06-06,"SFA",795000,1,2024,468,2
"3359","Jordan Morgan","RG",2024-06-13,"Drafted",3546399,4,2024,18,2
"3360","Trevor Lawrence","QB",2024-06-14,"Extension",55000000,5,2021,1,2
"3361","Tee Higgins","WR",2024-06-17,"Franchise",21816000,1,2020,16,2
"3362","Gareon Conley","CB",2024-06-18,"SFA",1055000,1,2017,179,2
"3363","Jalen Redmond","DE",2024-06-18,"SFA",795000,1,2023,83,2
"3364","Daewood Davis","CB",2024-06-18,"SFA",795000,1,2023,406,2
"3365","Jake Bates","K",2024-06-18,"SFA",990000,2,2023,38,2
"3366","Ricky Person Jr.","RB",2024-06-25,"SFA",795000,1,2022,225,2
"3367","Rhamondre Stevenson","RB",2024-06-27,"Extension",9000000,4,2021,7,2
"3368","Kyle Sheets","WR",2024-07-17,"SFA",795000,1,2024,476,2
"3369","Royce Newman","LG",2024-07-19,"Other",2250000,1,2021,27,2
"3370","Quinn Meinerz","RG",2024-07-21,"Extension",18000000,4,2021,4,2
"3371","Cam Akers","RB",2024-07-22,"SFA",1175000,1,2020,74,2
"3372","Christian Darrisaw","LT",2024-07-24,"Extension",26000000,4,2021,1,2
"3373","Tyson Campbell","CB",2024-07-24,"Extension",19125000,4,2021,8,2
"3374","Feleipe Franks","QB",2024-07-26,"SFA",985000,1,2021,95,2
"3375","Ryan Rehkow","P",2024-07-26,"SFA",795000,1,2024,46,2
"3376","Tua Tagovailoa","QB",2024-07-27,"Extension",53100000,4,2020,4,2
"3377","Jerry Jacobs","CB",2024-07-27,"SFA",1055000,1,2021,178,2
"3378","Adrian Martinez","QB",2024-07-27,"SFA",877500,2,2023,138,2
"3379","Tremayne Anchrum","LT",2024-07-28,"SFA",1055000,1,2020,66,2
"3380","Jesse Matthews","WR",2024-07-30,"SFA",877500,2,2023,417,2
"3381","LJ Davis","CB",2024-07-30,"SFA",795000,1,2023,409,2
"3382","Peter Bowden","LS",2024-07-30,"SFA",795000,1,2024,48,2
"3383","Tayvion Robinson","WR",2024-07-30,"SFA",795000,1,2024,482,2
"3384","Dillon Johnson","RB",2024-07-31,"SFA",795000,1,2024,226,2
"3385","Rodney Mathews","DT",2024-07-31,"SFA",795000,1,2024,248,2
"3386","Curtis Hodges","TE",2024-08-01,"SFA",915000,1,2022,166,2
"3387","Pat Elflein","LG",2024-08-02,"SFA",1125000,1,2017,50,2
"3388","Tristan Wirfs","RT",2024-08-02,"Extension",28125000,5,2020,1,2
"3389","Shaka Toney","EDGE",2024-08-02,"SFA",1042500,2,2021,172,2
"3390","Samson Nacua","WR",2024-08-02,"SFA",795000,1,2022,482,2
"3391","Ro Torrence","CB",2024-08-02,"SFA",795000,1,2024,408,2
"3392","Jay Person","LB",2024-08-02,"SFA",795000,1,2024,315,2
"3393","Sean Harlow","RG",2024-08-03,"SFA",1125000,1,2017,41,2
"3394","Clayton Isbell","S",2024-08-03,"SFA",795000,1,2024,277,2
"3395","Gary Brightwell","RB",2024-08-04,"SFA",1055000,1,2021,99,2
"3396","Shayne Simon","LB",2024-08-04,"SFA",795000,1,2024,315,2
"3397","Shaquille Quarterman","LB",2024-08-05,"SFA",1125000,1,2020,124,2
"3398","Dax Milne","WR",2024-08-06,"SFA",985000,1,2021,253,2
"3399","Alec Mock","LB",2024-08-06,"SFA",795000,1,2024,316,2
"3400","Zach Morton","EDGE",2024-08-07,"SFA",795000,1,2023,314,2
"3401","Andre Carter","EDGE",2024-08-07,"SFA",795000,1,2024,314,2
"3402","Easton Gibbs","LB",2024-08-07,"SFA",795000,1,2024,316,2
"3403","Ryan Coll","LT",2024-08-07,"SFA",795000,1,2024,131,2
"3404","Pete Werner","LB",2024-08-08,"Extension",7500000,3,2021,16,2
"3405","Ryan Sanborn","P",2024-08-08,"SFA",795000,1,2024,45,2
"3406","Ryan Johnson","RG",2024-08-08,"SFA",795000,1,2024,98,2
"3407","Jonathan Garvin","EDGE",2024-08-09,"SFA",1055000,1,2020,169,2
"3408","Pressley Harvin","P",2024-08-09,"SFA",1055000,1,2021,24,2
"3409","Luquay Washington","LB",2024-08-10,"SFA",795000,1,2024,313,2
"3410","Caden Sterns","S",2024-08-11,"SFA",1055000,1,2021,133,2
"3411","John Paddock","QB",2024-08-11,"SFA",795000,1,2024,147,2
"3412","K.J. Cloyd","LB",2024-08-11,"SFA",795000,1,2024,312,2
"3413","Neal Johnson","TE",2024-08-11,"SFA",877500,2,2024,193,2
"3414","Tyler Smith","LT",2024-08-11,"SFA",795000,1,2024,131,2
"3415","Jack Browning","P",2024-08-11,"SFA",795000,1,2024,44,2
"3416","Connor Williams","C",2024-08-12,"SFA",4000000,1,2018,19,2
"3417","Deshaun Fenwick","RB",2024-08-12,"SFA",795000,1,2024,226,2
"3418","Isaiah Wooden","WR",2024-08-12,"SFA",795000,1,2024,482,2
"3419","Lorenzo Lingard","RB",2024-08-12,"SFA",795000,1,2024,226,2
"3420","Pheldarius Payne","DT",2024-08-12,"SFA",795000,1,2024,249,2
"3421","Kaleb Ford-Dement","CB",2024-08-13,"SFA",795000,1,2024,409,2
"3422","Savion Jackson","DE",2024-08-13,"SFA",795000,1,2024,80,2
"3423","Jeremiah Owusu-Koramoah","LB",2024-08-14,"Extension",12500000,3,2021,6,2
"3424","Mason Fairchild","TE",2024-08-14,"SFA",795000,1,2024,222,2
"3425","Joshua Kelley","RB",2024-08-15,"SFA",1125000,1,2020,78,2
"3426","Matt Corral","QB",2024-08-16,"SFA",795000,1,2022,147,2
"3427","Gottlieb Ayedze","LG",2024-08-17,"SFA",795000,1,2024,109,2
"3428","Evan McPherson","K",2024-08-18,"Extension",5500000,3,2021,5,2
"3429","Justin Hall","WR",2024-08-19,"SFA",795000,1,2022,478,2
"3430","Michael Ezeike","TE",2024-08-19,"SFA",795000,1,2023,221,2
"3431","Brandon Matterson","DE",2024-08-19,"SFA",795000,1,2024,77,2
"3432","Jadon Janke","WR",2024-08-19,"SFA",795000,1,2024,478,2
"3433","Jalyn Phillips","S",2024-08-19,"SFA",795000,1,2024,280,2
"3434","Kyler Baugh","DT",2024-08-19,"SFA",795000,1,2024,249,2
"3435","Randen Plattner","LS",2024-08-19,"SFA",795000,1,2024,46,2
"3436","Sam Pinckney","WR",2024-08-19,"SFA",795000,1,2024,478,2
"3437","Willie Drew","CB",2024-08-19,"SFA",795000,1,2024,409,2
"3438","Trey Kiser","LB",2024-08-19,"SFA",795000,1,2024,314,2
"3439","Hjalte Froholdt","C",2024-08-21,"Extension",6000000,2,2019,11,2
"3440","DaShaun White","LB",2024-08-21,"SFA",795000,1,2023,315,2
"3441","Matt Cindric","C",2024-08-21,"SFA",795000,1,2024,112,2
"3442","A.J. Terrell","CB",2024-08-22,"Extension",20250000,4,2020,2,2
"3443","Chuck Filiaga","RG",2024-08-22,"SFA",795000,1,2023,96,2
"3444","Isaac Rex","TE",2024-08-22,"SFA",795000,1,2024,220,2
"3445","Peter Leblanc","WR",2024-08-22,"SFA",795000,1,2024,470,2
"3446","Willie Roberts","CB",2024-08-23,"SFA",795000,1,2024,403,2
"3447","Creed Humphrey","C",2024-08-26,"Extension",18000000,4,2021,1,2
"3448","CeeDee Lamb","WR",2024-08-27,"Extension",34000000,4,2020,2,2
"3449","Jakob Johnson","RB",2024-08-28,"Practice",302400,1,2019,225,2
"3450","Lucas Niang","RT",2024-08-28,"Practice",383400,1,2020,137,2
"3451","Joe Gaziano","DT",2024-08-28,"Practice",302400,1,2020,252,2
"3452","Nahshon Wright","CB",2024-08-28,"Practice",383400,1,2021,384,2
"3453","Michael Carter","RB",2024-08-28,"Practice",383400,1,2021,221,2
"3454","Josh Ball","LT",2024-08-28,"Practice",383400,1,2021,127,2
"3455","Trey Hill","C",2024-08-28,"Practice",386022,1,2021,108,2
"3456","Desmond Ridder","QB",2024-08-28,"Practice",225000,1,2022,141,2
"3457","Isaiah Spiller","RB",2024-08-28,"Practice",225000,1,2022,234,2
"3458","Erik Ezukanma","WR",2024-08-28,"Practice",267222,1,2022,490,2
"3459","Neil Farrell Jr.","DT",2024-08-28,"Practice",225000,1,2022,262,2
"3460","Cole Turner","TE",2024-08-28,"Practice",225000,1,2022,227,2
"3461","James Mitchell","TE",2024-08-28,"Practice",225000,1,2022,227,2
"3462","Michael Woods","WR",2024-08-28,"Practice",225000,1,2022,495,2
"3463","Matt Henningsen","DE",2024-08-28,"Practice",225000,1,2022,72,2
"3464","John FitzPatrick","TE",2024-08-28,"Practice",225000,1,2022,227,2
"3465","Troy Hairston II","FB",2024-08-28,"Practice",225000,1,2022,13,2
"3466","Justyn Ross","WR",2024-08-28,"Practice",301666,1,2022,486,2
"3467","Tre Avery","CB",2024-08-28,"Practice",225000,1,2022,399,2
"3468","Sean Clifford","QB",2024-08-28,"Practice",301666,1,2023,139,2
"3469","Evan Hull","RB",2024-08-28,"Practice",225000,1,2023,234,2
"3470","Chris Rodriguez Jr.","RB",2024-08-28,"Practice",339999,1,2023,222,2
"3471","Christian Braswell","CB",2024-08-28,"Practice",225000,1,2023,399,2
"3472","Ameer Speed","CB",2024-08-28,"Practice",225000,1,2023,399,2
"3473","Zach Evans","RB",2024-08-28,"Practice",225000,1,2023,234,2
"3474","Andre Jones Jr.","EDGE",2024-08-28,"Practice",301666,1,2023,316,2
"3475","Jason Taylor II","S",2024-08-28,"Practice",225000,1,2023,288,2
"3476","Brayden Willis","TE",2024-08-28,"Practice",263333,1,2023,224,2
"3477","Andre Carter II","EDGE",2024-08-28,"Practice",225000,1,2023,321,2
"3478","Quindell Johnson","S",2024-08-28,"Practice",225000,1,2023,288,2
"3479","Elijah Cooks","WR",2024-08-28,"Practice",225000,1,2023,495,2
"3480","Nikko Remigio","WR",2024-08-28,"Practice",225000,1,2023,495,2
"3481","Kilian Zierer","RT",2024-08-28,"Practice",225000,1,2023,141,2
"3482","Anthony Kendall","CB",2024-08-28,"Practice",225000,1,2023,399,2
"3483","Dalton Wagner","RT",2024-08-28,"Practice",225000,1,2023,141,2
"3484","Mitchell Tinsley","WR",2024-08-28,"Practice",225000,1,2023,495,2
"3485","Charlie Smyth","K",2024-08-28,"Practice",225000,1,2024,69,2
"3486","Dante Miller","RB",2024-08-28,"Practice",288334,1,2024,227,2
"3487","Jaylin Simpson","S",2024-08-28,"Practice",225000,1,2024,288,2
"3488","Dylan McMahon","C",2024-08-28,"Practice",225000,1,2024,115,2
"3489","Tejhaun Palmer","WR",2024-08-28,"Practice",225000,1,2024,495,2
"3490","Zion Logue","DT",2024-08-28,"Practice",225000,1,2024,262,2
"3491","Devin Leary","QB",2024-08-28,"Practice",225000,1,2024,141,2
"3492","Daequan Hardy","CB",2024-08-28,"Practice",225000,1,2024,399,2
"3493","Jaden Davis","CB",2024-08-28,"Practice",225000,1,2024,399,2
"3494","Solomon Byrd","EDGE",2024-08-28,"Practice",225000,1,2024,321,2
"3495","Josiah Ezirim","LT",2024-08-28,"Practice",225000,1,2024,133,2
"3496","Michael Barrett","LB",2024-08-28,"Practice",225000,1,2024,310,2
"3497","Jowon Briggs","DT",2024-08-28,"Practice",225000,1,2024,262,2
"3498","Marcus Harris","DT",2024-08-28,"Practice",225000,1,2024,262,2
"3499","Cornelius Johnson","WR",2024-08-28,"Practice",225000,1,2024,495,2
"3500","Kalen King","CB",2024-08-28,"Practice",225000,1,2024,399,2
"3501","Nick Gargiulo","RG",2024-08-28,"Practice",225000,1,2024,97,2
"3502","Jaylen Key","S",2024-08-28,"Practice",225000,1,2024,288,2
"3503","Alex Johnson","CB",2024-08-28,"Practice",225000,1,2024,399,2
"3504","Andre' Sam","S",2024-08-28,"Practice",225000,1,2024,288,2
"3505","Austin Reed","QB",2024-08-28,"Practice",225000,1,2024,141,2
"3506","Baylor Cupp","TE",2024-08-28,"Practice",225000,1,2024,227,2
"3507","Bo Richter","EDGE",2024-08-28,"Practice",320001,1,2024,314,2
"3508","Branson Deen","DT",2024-08-28,"Practice",256667,1,2024,260,2
"3509","Brock Mogensen","LB",2024-08-28,"Practice",225000,1,2024,310,2
"3510","Bryce Oliver","WR",2024-08-28,"Practice",225000,1,2024,495,2
"3511","Cam Grandy","TE",2024-08-28,"Practice",256667,1,2024,225,2
"3512","Cam Lampkin","CB",2024-08-28,"Practice",225000,1,2024,399,2
"3513","Carl Jones Jr.","EDGE",2024-08-28,"Practice",256667,1,2024,320,2
"3514","Carter Bradley","QB",2024-08-28,"Practice",225000,1,2024,141,2
"3515","Casey Rogers","DT",2024-08-28,"Practice",225000,1,2024,262,2
"3516","Chigozie Anusiem","CB",2024-08-28,"Practice",225000,1,2024,399,2
"3517","Chris Edmonds","S",2024-08-28,"Practice",256667,1,2024,287,2
"3518","C.J. Ravenell","EDGE",2024-08-28,"Practice",225000,1,2024,321,2
"3519","Cole Burgess","WR",2024-08-28,"Practice",225000,1,2024,495,2
"3520","Cole Spencer","C",2024-08-28,"Practice",225000,1,2024,115,2
"3521","Corey Bullock","C",2024-08-28,"Practice",225000,1,2024,115,2
"3522","Dallas Gant","LB",2024-08-28,"Practice",225000,1,2024,310,2
"3523","Darrian Dalcourt","RG",2024-08-28,"Practice",225000,1,2024,97,2
"3524","Dayton Wade","WR",2024-08-28,"Practice",225000,1,2024,495,2
"3525","Denzel Daxon","DT",2024-08-28,"Practice",225000,1,2024,262,2
"3526","Devere Levelston","DE",2024-08-28,"Practice",225000,1,2024,72,2
"3527","Donovan Jennings","RT",2024-08-28,"Practice",225000,1,2024,141,2
"3528","Drake Nugent","C",2024-08-28,"Practice",225000,1,2024,115,2
"3529","Drake Stoops","WR",2024-08-28,"Practice",225000,1,2024,495,2
"3530","Emani Bailey","RB",2024-08-28,"Practice",225000,1,2024,234,2
"3531","Emany Johnson","S",2024-08-28,"Practice",225000,1,2024,288,2
"3532","Evan Anderson","DT",2024-08-28,"Practice",288334,1,2024,256,2
"3533","Fabien Lovett","DT",2024-08-28,"Practice",225000,1,2024,262,2
"3534","Frank Gore Jr.","RB",2024-08-28,"Practice",256667,1,2024,229,2
"3535","Gabe Hall","DE",2024-08-28,"Practice",225000,1,2024,72,2
"3536","Gabe Jeudy-Lally","CB",2024-08-28,"Practice",225000,1,2024,399,2
"3537","Garret Greenfield","LT",2024-08-28,"Practice",225000,1,2024,133,2
"3538","George Holani","RB",2024-08-28,"Practice",256667,1,2024,229,2
"3539","Hayden Rucci","TE",2024-08-28,"Practice",225000,1,2024,227,2
"3540","Isaac Ukwu","EDGE",2024-08-28,"Practice",288334,1,2024,319,2
"3541","Isaiah Iton","DE",2024-08-28,"Practice",225000,1,2024,72,2
"3542","Isaiah Stalbird","S",2024-08-28,"Practice",320001,1,2024,279,2
"3543","Jabari Small","RB",2024-08-28,"Practice",225000,1,2024,234,2
"3544","Jack Plummer","QB",2024-08-28,"Practice",225000,1,2024,141,2
"3545","Jacob Kibodi","RB",2024-08-28,"Practice",225000,1,2024,234,2
"3546","Jalen Jackson","RB",2024-08-28,"Practice",225000,1,2024,234,2
"3547","Jamree Kromah","EDGE",2024-08-28,"Practice",225000,1,2024,321,2
"3548","Jarius Monroe","CB",2024-08-28,"Practice",225000,1,2024,399,2
"3549","Jason Bean","QB",2024-08-28,"Practice",225000,1,2024,141,2
"3550","Jaylen Johnson","WR",2024-08-28,"Practice",225000,1,2024,495,2
"3551","Jaylen Mahoney","S",2024-08-28,"Practice",320001,1,2024,279,2
"3552","Jeremiah Jean-Baptiste","LB",2024-08-28,"Practice",225000,1,2024,310,2
"3553","Jeshaun Jones","WR",2024-08-28,"Practice",225000,1,2024,495,2
"3554","Joe Evans","EDGE",2024-08-28,"Practice",225000,1,2024,321,2
"3555","Jordan Colbert","S",2024-08-28,"Practice",225000,1,2024,288,2
"3556","Jordan Miller","DT",2024-08-28,"Practice",225000,1,2024,262,2
"3557","Josh Cephus","WR",2024-08-28,"Practice",225000,1,2024,495,2
"3558","Julian Hicks","WR",2024-08-28,"Practice",225000,1,2024,495,2
"3559","Justin Dedich","C",2024-08-28,"Practice",256667,1,2024,114,2
"3560","Karsen Barnhart","LG",2024-08-28,"Practice",225000,1,2024,109,2
"3561","Kenny Dyson Jr.","EDGE",2024-08-28,"Practice",225000,1,2024,321,2
"3562","Khalid Duke","EDGE",2024-08-28,"Practice",225000,1,2024,321,2
"3563","Kingsley Eguakun","C",2024-08-28,"Practice",225000,1,2024,115,2
"3564","Kyle Hergel","LG",2024-08-28,"Practice",256667,1,2024,108,2
"3565","Lorenzo Thompson","LT",2024-08-28,"Practice",225000,1,2024,133,2
"3566","Luke Benson","TE",2024-08-28,"Practice",225000,1,2024,227,2
"3567","Marcellus Johnson","LT",2024-08-28,"Practice",225000,1,2024,133,2
"3568","Marcus Rosemy-Jacksaint","WR",2024-08-28,"Practice",225000,1,2024,495,2
"3569","Mason Pline","TE",2024-08-28,"Practice",225000,1,2024,227,2
"3570","Messiah Swinson","TE",2024-08-28,"Practice",225000,1,2024,227,2
"3571","Michael Wiley","RB",2024-08-28,"Practice",225000,1,2024,234,2
"3572","Mike Edwards","RT",2024-08-28,"Practice",225000,1,2024,141,2
"3573","Millard Bradford","S",2024-08-28,"Practice",225000,1,2024,288,2
"3574","Phalen Sanford","S",2024-08-28,"Practice",225000,1,2024,288,2
"3575","P.J. Jules","S",2024-08-28,"Practice",225000,1,2024,288,2
"3576","Reddy Steward","CB",2024-08-28,"Practice",256667,1,2024,397,2
"3577","Robert Kennedy","S",2024-08-28,"Practice",225000,1,2024,288,2
"3578","Ryan Cooper","CB",2024-08-28,"Practice",225000,1,2024,399,2
"3579","Sam Hartman","QB",2024-08-28,"Practice",225000,1,2024,141,2
"3580","Shawn Bowman","TE",2024-08-28,"Practice",225000,1,2024,227,2
"3581","Steven Jones","RG",2024-08-28,"Practice",225000,1,2024,97,2
"3582","Swayze Bozeman","LB",2024-08-28,"Practice",225000,1,2024,310,2
"3583","Tanner Mordecai","QB",2024-08-28,"Practice",225000,1,2024,141,2
"3584","Te'Cory Couch","CB",2024-08-28,"Practice",225000,1,2024,399,2
"3585","Thomas Yassmin","TE",2024-08-28,"Practice",225000,1,2024,227,2
"3586","Tre'Mon Morris-Brash","EDGE",2024-08-28,"Practice",225000,1,2024,321,2
"3587","Tuli Letuligasenoa","DE",2024-08-28,"Practice",225000,1,2024,72,2
"3588","Will Putnam","C",2024-08-28,"Practice",225000,1,2024,115,2
"3589","Winston Reid","LB",2024-08-28,"Practice",225000,1,2024,310,2
"3590","Chris Collier","RB",2024-08-28,"Practice",320001,1,2024,223,2
"3591","Theo Benedet","RT",2024-08-28,"Practice",225000,1,2024,141,2
"3592","Sam Wiglusz","WR",2024-08-28,"Practice",225000,1,2024,495,2
"3593","David Olajiga","DT",2024-08-28,"Practice",225000,1,2024,262,2
"3594","Laekin Vakalahi","LT",2024-08-28,"Practice",225000,1,2024,133,2
"3595","Max Tooley","LB",2024-08-28,"Practice",225000,1,2024,310,2
"3596","Bayron Matos","LT",2024-08-28,"Practice",225000,1,2024,133,2
"3597","Jude McAtamney","K",2024-08-28,"Practice",225000,1,2024,69,2
"3598","Dashaun Mallory","DT",2024-08-28,"Practice",225000,1,2024,262,2
"3599","Quinton Newsome","CB",2024-08-28,"Practice",225000,1,2024,399,2
"3600","Terrell Jennings","RB",2024-08-28,"Practice",256667,1,2024,229,2
"3601","Jotham Russell","DE",2024-08-28,"Practice",225000,1,2024,72,2
"3602","Qadir Ismail","WR",2024-08-28,"Practice",225000,1,2024,495,2
"3603","Liam Fornadel","LG",2024-08-28,"Practice",225000,1,2024,109,2
"3604","Dondrea Tillman","EDGE",2024-08-28,"Practice",225000,1,2024,321,2
"3605","Kohl Levao","RG",2024-08-28,"Practice",225000,1,2024,97,2
"3606","Malik Fisher","DE",2024-08-28,"Practice",225000,1,2024,72,2
"3607","Kyon Barrs","DT",2024-08-28,"Practice",225000,1,2024,262,2
"3608","Alex Hale","K",2024-08-28,"Practice",225000,1,2024,69,2
"3609","Lonnie Johnson Jr.","S",2024-08-29,"Practice",424600,1,2019,247,2
"3610","Terrace Marshall Jr.","WR",2024-08-29,"Practice",302400,1,2021,410,2
"3611","Lewis Cine","S",2024-08-29,"Practice",225000,1,2022,260,2
"3612","Sam Roberts","DT",2024-08-29,"Practice",225000,1,2022,232,2
"3613","Luke Tenuta","LT",2024-08-29,"Practice",225000,1,2022,118,2
"3614","Samori Toure","WR",2024-08-29,"Practice",225000,1,2022,430,2
"3615","Jalen Virgil","WR",2024-08-29,"Practice",225000,1,2022,430,2
"3616","Cameron Latu","TE",2024-08-29,"Practice",225000,1,2023,201,2
"3617","Braeden Daniels","LT",2024-08-29,"Practice",225000,1,2023,118,2
"3618","Atonio Mafi","LG",2024-08-29,"Practice",225000,1,2023,103,2
"3619","Justin Shorter","WR",2024-08-29,"Practice",256667,1,2023,425,2
"3620","Titus Leo","EDGE",2024-08-29,"Practice",225000,1,2023,291,2
"3621","Jalen Graham","LB",2024-08-29,"Practice",225000,1,2023,285,2
"3622","Ricky Lee","LT",2024-08-29,"Practice",225000,1,2023,118,2
"3623","Thomas Incoom","EDGE",2024-08-29,"Practice",301666,1,2023,285,2
"3624","Louis Rees-Zammit","RB",2024-08-29,"Practice",225000,1,2024,209,2
"3625","Justin Rogers","DT",2024-08-29,"Practice",225000,1,2024,232,2
"3626","Michael Pratt","QB",2024-08-29,"Practice",225000,1,2024,128,2
"3627","Antonio Grier","LB",2024-08-29,"Practice",225000,1,2024,285,2
"3628","Avery Jones","C",2024-08-29,"Practice",225000,1,2024,99,2
"3629","Daniel Grzesiak","EDGE",2024-08-29,"Practice",225000,1,2024,291,2
"3630","D.J. Williams","RB",2024-08-29,"Practice",256667,1,2024,203,2
"3631","Kedon Slovis","QB",2024-08-29,"Practice",225000,1,2024,128,2
"3632","Kendall Milton","RB",2024-08-29,"Practice",225000,1,2024,209,2
"3633","Mark Perry","S",2024-08-29,"Practice",225000,1,2024,260,2
"3634","Omar Brown","S",2024-08-29,"Practice",225000,1,2024,260,2
"3635","Rashad Wisdom","S",2024-08-29,"Practice",225000,1,2024,260,2
"3636","Spencer Shrader","K",2024-08-29,"Practice",225000,1,2024,66,2
"3637","Treyton Welch","TE",2024-08-29,"Practice",225000,1,2024,201,2
"3638","Tulu Griffin","WR",2024-08-29,"Practice",225000,1,2024,430,2
"3639","Xavier Johnson","WR",2024-08-29,"Practice",225000,1,2024,430,2
"3640","Bryan Hudson","C",2024-08-29,"Practice",256667,1,2024,97,2
"3641","Marcus Banks","S",2024-08-29,"Practice",225000,1,2024,260,2
"3642","Chris Russell","LB",2024-08-29,"Practice",225000,1,2024,285,2
"3643","Brandon Aiyuk","WR",2024-08-30,"Extension",30000000,4,2020,5,2
"3644","Monty Rice","LB",2024-08-30,"Practice",302400,1,2021,274,2
"3645","Adetokunbo Ogundeji","EDGE",2024-08-30,"Practice",302400,1,2021,277,2
"3646","Bennett Skowronek","WR",2024-08-30,"Practice",458022,1,2021,375,2
"3647","J.T. Woods","S",2024-08-30,"Practice",225000,1,2022,252,2
"3648","Devin Harper","LB",2024-08-30,"Practice",225000,1,2022,278,2
"3649","Ja'Tyre Carter","LG",2024-08-30,"Practice",225000,1,2022,98,2
"3650","Josh Jobe","CB",2024-08-30,"Practice",267222,1,2022,344,2
"3651","Ochaun Mathis","EDGE",2024-08-30,"Practice",301666,1,2023,279,2
"3652","Isaiah Bolden","CB",2024-08-30,"Practice",225000,1,2023,352,2
"3653","Nic Jones","CB",2024-08-30,"Practice",263333,1,2023,346,2
"3654","Gervarrius Owens","S",2024-08-30,"Practice",225000,1,2023,252,2
"3655","Jason Brownlee","WR",2024-08-30,"Practice",225000,1,2023,418,2
"3656","Kamal Hadden","CB",2024-08-30,"Practice",288334,1,2024,342,2
"3657","M.J. Devonshire","CB",2024-08-30,"Practice",225000,1,2024,352,2
"3658","Demani Richardson","S",2024-08-30,"Practice",225000,1,2024,252,2
"3659","Doug Nester","LT",2024-08-30,"Practice",225000,1,2024,114,2
"3660","Jalen Coker","WR",2024-08-30,"Practice",225000,1,2024,418,2
"3661","John Rhys Plumlee","QB",2024-08-30,"Practice",225000,1,2024,122,2
"3662","Marlon Tuipulotu","DT",2024-09-02,"Practice",383400,1,2021,199,2
"3663","Jaren Hall","QB",2024-09-02,"Practice",225000,1,2023,121,2
"3664","Levelle Bailey","LB",2024-09-02,"Practice",288334,1,2024,277,2
"3665","Yvandy Rigby","LB",2024-09-02,"Practice",225000,1,2024,279,2
"3666","Blake Larson","RT",2024-09-02,"Practice",225000,1,2024,124,2
"3667","Praise Olatoke","WR",2024-09-02,"Practice",225000,1,2024,413,2
"3668","Shaun Wade","CB",2024-09-03,"Practice",302400,1,2021,332,2
"3669","Eric Scott","CB",2024-09-03,"Practice",225000,1,2023,346,2
"3670","Christopher Brooks","RB",2024-09-03,"Practice",225000,1,2023,194,2
"3671","Derrick Mclendon II","EDGE",2024-09-03,"Practice",225000,1,2024,280,2
"3672","Patrick Surtain II","CB",2024-09-04,"Extension",24000000,4,2021,1,2
"3673","Samuel Cosmi","RG",2024-09-04,"Extension",18500000,4,2021,3,2
"3674","Davis Mills","QB",2024-09-04,"Other",4058000,2,2021,42,2
"3675","Michael Carter II","CB",2024-09-04,"Extension",10250000,3,2021,22,2
"3676","Noah Gray","TE",2024-09-04,"Extension",6000000,3,2021,21,2
"3677","Kyle Philips","WR",2024-09-04,"Practice",225000,1,2022,407,2
"3678","Tyler Manoa","DE",2024-09-05,"Practice",225000,1,2024,59,2
"3679","Pat Freiermuth","TE",2024-09-06,"Extension",12100000,4,2021,10,2
"3680","Spencer Brown","RT",2024-09-07,"Extension",18000000,4,2021,8,2
"3681","David Bell","WR",2024-09-07,"Practice",225000,1,2022,404,2
"3682","Kene Nwangwu","RB",2024-09-09,"Practice",383400,1,2021,173,2
"3683","Kadarius Toney","WR",2024-09-10,"Practice",302400,1,2021,384,2
"3684","Zech McPhearson","CB",2024-09-10,"Practice",302400,1,2021,330,2
"3685","Danny Gray","WR",2024-09-10,"Practice",225000,1,2022,404,2
"3686","Cade Mays","LG",2024-09-10,"Practice",225000,1,2022,95,2
"3687","Jaquelin Roy","DT",2024-09-10,"Practice",225000,1,2023,221,2
"3688","Kyu Blu Kelly","CB",2024-09-10,"Practice",225000,1,2023,345,2
"3689","A.J. Woods","CB",2024-09-10,"Practice",225000,1,2024,345,2
"3690","Anim Dankwah","LT",2024-09-10,"Practice",225000,1,2024,110,2
"3691","Rashad Weaver","LB",2024-09-11,"SFA",1055000,1,2021,127,2
"3692","Siaki Ika","DT",2024-09-11,"Practice",225000,1,2023,220,2
"3693","Jackson Sirmon","LB",2024-09-11,"Practice",225000,1,2024,275,2
"3694","Jamie Sheriff","LB",2024-09-13,"Practice",244167,1,2024,272,2
"3695","D.J. James","CB",2024-09-16,"Practice",225000,1,2024,340,2
"3696","Chris Wormley","DT",2024-09-17,"Practice",319222,1,2017,205,2
"3697","Jackson Carman","LT",2024-09-17,"Practice",310611,1,2021,104,2
"3698","D'Shawn Jamison","CB",2024-09-17,"Practice",225000,1,2023,340,2
"3699","Brittain Brown","RB",2024-09-18,"Practice",225000,1,2022,196,2
"3700","Russ Yeast","S",2024-09-18,"Practice",225000,1,2022,243,2
"3701","David Anenih","EDGE",2024-09-18,"Practice",225000,1,2022,275,2
"3702","Peyton Hendershot","TE",2024-09-18,"Practice",225000,1,2022,186,2
"3703","John Jackson","WR",2024-09-19,"Practice",225000,1,2024,398,2
"3704","K.J. Henry","EDGE",2024-09-20,"Practice",225000,1,2023,274,2
"3705","Nathaniel Watson","LB",2024-09-21,"Practice",225000,1,2024,276,2
"3706","Teagan Quitoriano","TE",2024-09-24,"Practice",225000,1,2022,184,2
"3707","Morice Norris","CB",2024-09-24,"Practice",225000,1,2024,339,2
"3708","John Jiles","WR",2024-09-25,"Practice",225000,1,2024,398,2
"3709","Ahmarean Brown","WR",2024-09-26,"Practice",225000,1,2024,397,2
"3710","Kearis Jackson","WR",2024-10-01,"Practice",225000,1,2023,396,2
"3711","Jackson Mitchell","LB",2024-10-01,"Practice",225000,1,2024,274,2
"3712","Jermaine Jackson","WR",2024-10-01,"Practice",225000,1,2024,396,2
"3713","Kalen DeLoach","LB",2024-10-01,"Practice",225000,1,2024,274,2
"3714","Ramel Keyton","WR",2024-10-01,"Practice",225000,1,2024,396,2
"3715","Shaun Bradley","LB",2024-10-02,"Practice",383400,1,2020,257,2
"3716","Caleb Farley","CB",2024-10-02,"Practice",302400,1,2021,315,2
"3717","Chad Ryland","K",2024-10-02,"Practice",251666,1,2023,64,2
"3718","Jack Westover","TE",2024-10-02,"Practice",225000,1,2024,180,2
"3719","Jacoby Windmon","LB",2024-10-02,"Practice",225000,1,2024,273,2
"3720","Terique Owens","WR",2024-10-02,"Practice",225000,1,2024,391,2
"3721","Trent Pennix","TE",2024-10-03,"Practice",225000,1,2024,180,2
"3722","Devin Richardson","LB",2024-10-03,"Practice",225000,1,2024,271,2
"3723","Armani Rogers","TE",2024-10-07,"Practice",225000,1,2022,178,2
"3724","Tanner Knue","WR",2024-10-07,"Practice",225000,1,2024,390,2
"3725","Dieter Eiselen","RG",2024-10-08,"Practice",225000,1,2020,79,2
"3726","Damarion Williams","CB",2024-10-08,"Practice",225000,1,2022,334,2
"3727","Micah Abraham","CB",2024-10-08,"Practice",225000,1,2024,334,2
"3728","Sincere Haynesworth","C",2024-10-08,"Practice",225000,1,2024,97,2
"3729","A.T. Perry","WR",2024-10-09,"Practice",225000,1,2023,389,2
"3730","Zachary Carter","DT",2024-10-10,"Practice",225000,1,2022,214,2
"3731","Javion Cohen","LG",2024-10-10,"Practice",225000,1,2024,94,2
"3732","Brenden Schooler","S",2024-10-11,"Extension",3000000,3,2022,46,2
"3733","Tucker Addington","S",2024-10-11,"Practice",225000,1,2022,239,2
"3734","Alim McNeill","DT",2024-10-15,"Extension",24250000,4,2021,4,2
"3735","Dallis Flowers","CB",2024-10-15,"Practice",225000,1,2022,335,2
"3736","Anders Carlson","K",2024-10-15,"Practice",225000,1,2023,64,2
"3737","McCallan Castles","TE",2024-10-15,"Practice",225000,1,2024,177,2
"3738","Miles Battle","CB",2024-10-15,"Practice",225000,1,2024,335,2
"3739","Spencer Rolland","RT",2024-10-15,"Practice",225000,1,2024,115,2
"3740","Malik Knowles","WR",2024-10-16,"Practice",225000,1,2023,385,2
"3741","Craig Young","S",2024-10-16,"Practice",225000,1,2024,237,2
"3742","Sala Aumavae-Laulu","LG",2024-10-17,"Practice",225000,1,2023,92,2
"3743","Blake Watson","RB",2024-10-19,"Practice",225000,1,2024,190,2
"3744","Brenden Bates","TE",2024-10-19,"Practice",225000,1,2024,178,2
"3745","Jawhar Jordan","RB",2024-10-22,"Practice",225000,1,2024,190,2
"3746","Andrew Coker","LT",2024-10-22,"Practice",225000,1,2024,108,2
"3747","Andrew Raym","C",2024-10-22,"Practice",225000,1,2024,95,2
"3748","Ben Nikkel","S",2024-10-22,"Practice",225000,1,2024,234,2
"3749","Eli Neal","LB",2024-10-23,"Practice",225000,1,2024,273,2
"3750","Carlos Basham Jr.","EDGE",2024-10-24,"Practice",302400,1,2021,256,2
"3751","Tony Fields II","LB",2024-10-28,"Practice",360000,1,2021,255,2
"3752","Josh Sills","LG",2024-10-28,"Practice",225000,1,2022,90,2
"3753","Jamin Davis","LB",2024-10-29,"Practice",302400,1,2021,259,2
"3754","Kahlef Hailassie","CB",2024-10-29,"Practice",225000,1,2023,331,2
"3755","Julian Pearl","LT",2024-10-29,"Practice",225000,1,2024,107,2
"3756","Velus Jones Jr.","WR",2024-10-30,"Practice",225000,1,2022,382,2
"3757","Caleb Murphy","EDGE",2024-10-30,"Practice",225000,1,2023,264,2
"3758","Anthony Goodlow","EDGE",2024-10-30,"Practice",225000,1,2024,264,2
"3759","Michael Dowell","S",2024-10-30,"Practice",225000,1,2024,232,2
"3760","Jonathon Cooper","EDGE",2024-11-02,"Extension",13500000,4,2021,22,2
"3761","Chuba Hubbard","RB",2024-11-06,"Extension",8300000,4,2021,9,2
"3762","Cam Johnson","WR",2024-11-06,"Practice",225000,1,2024,379,2
"3763","Trajan Jeffcoat","EDGE",2024-11-06,"Practice",225000,1,2024,262,2
"3764","Andrew Booth Jr.","CB",2024-11-07,"Practice",225000,1,2022,325,2
"3765","Jamal Agnew","WR",2024-11-12,"Practice",383400,1,2017,337,2
"3766","Deommodore Lenoir","CB",2024-11-13,"Extension",17960000,5,2021,13,2
"3767","Ricky Stromberg","C",2024-11-13,"Practice",225000,1,2023,94,2
