"","first_name","last_name","height","weight","position","profile","strengths","weaknesses","player","bottom_line"
"1","Carter","Bradley","6'2”","221","Quarterback","Bradley possesses a nice arm with clean mechanics. He made a few pretty deep passes over the past two years, mostly outside the numbers. His fundamentals allow him to maximize his arm talent, which is average for the NFL level. His athleticism allows him to scramble and pick up first downs. He also is not afraid to step up in the pocket. His game starts to fall off when he is asked to throw with touch on short or intermediate throws; his mechanics break down and he looks uncomfortable. He also tends to lock onto his primary read. Bradley's smaller hands also impact ball security and ball placement. ","Won't be a dual threat, but can pick up yards with his legs when not accounted for Arm strength is average for the NFL. Throws with solid velocity thanks to a compact, clean motion. Tape contains a handful of very impressive deep throws from 45-55 yards over the past two years. Not afraid to step up in the pocket, even if he's taking a hit. ","Has to put his whole body into throwing the fastball. Feels the need to always throw the fastball. Lacks touch when the situation calls for it. Smaller hands lead to some ball security issues. Struggles with the natural feel for touch passes. Mechanics break down when he tries to take speed off. Sometimes gets tunnel vision during his progressions. ","Carter Bradley","Bradley is an intriguing prospect with a decent arm, an encouraging play style and good mechanics. How quickly he can learn to read NFL defenses and how much he can improve on touch throws is his key to locking down a preferred backup spot."
"2","Jayden","Daniels","6'4”","210","Quarterback","Daniels' scouting report starts with his mobility. His success on RPOs and when scrambling means the defense has to account for his legs at all times. As for his passing, he is a very fundamentally sound thrower with light footwork, fluid hips and a repeatable follow-through. This, plus his overall arm talent, yields adequate velocity to all three levels. His touch in and out of structure has the potential for big plays. He is still speeding up his processing, which resulted in a high sack rate over the years, and he needs to protect himself more when tucking to run. ","Legitimate rushing threat. He has adequate arm talent for all three levels of the field. Has decent velocity for middle-of-the-field throws, though distance is more impressive than velocity. Fundamentally sound throws from his feet to his follow-through. Excellent escapability to extend plays and beat blitzes — forces defenders to keep a spy. ","Just one season of high-level production He needs to slide and avoid hits more often Velocity is just adequate Pocket presence is still a work in progress — very high sack rate. Processing speed did improve in 2023, but he is still a tick slow. Accuracy and ball placement can be inconsistent, but it stems from being a little late to see than a lack of talent. ","Jayden Daniels","Daniels' rushing ability and fundamentals give him a high floor as a player who can put a ton of stress on a defense. His arm talent is adequate to give him a decently high ceiling and makes him a worthy first round bet to make."
"3","Sam","Hartman","6'1”","211","Quarterback","Hartman's arm talent is well below average. His lack of arm strength requires his receivers to earn the kind of separation that just doesn't typically exist in the NFL. He has to put his entire body into throws beyond 45-50 yards, and when throwing off-platform, he does not have the upper body strength to put adequate velocity on passes. He can be accurate when throwing in rhythm and on schedule, but even then, he is limited, as he cannot consistently attack the intermediate middle of the field due to his lack of velocity. ","Added mobility to be a decent RPO threat. Feet are light and bouncy. Can hang tough in the pocket and go through progressions when his protection allows it. ","Does not have the height or the arm strength to attack over the middle of the field. He has to put his whole body into throws beyond 45 yards. Throws on his toes often due to lack of height. Off-platform throws have well below average velocity. ","Sam Hartman","Hartman is an experienced quarterback with some decent mobility, but overall, he lacks the arm strength to become a starter or preferred backup in the NFL."
"4","Devin","Leary","6'1”","215","Quarterback","Leary shows consistent technique in his throwing motion and footwork for some pretty passes. He is light on his feet and does a decent job of establishing a strong base to throw. Overall, his arm talent is adequate, as he does show the required velocity for hole shots versus Cover 2 in addition to tight-window passes over the middle of the field. Despite consistent mechanics, Leary's true ball placement is lacking. His accuracy also dips when he is moved off his spot and out of the pocket. When it comes to reading a defense, he struggles to see the whole picture against zone and puts the ball in harm's way too often. ","Adequate arm strength for the NFL level. Has the velocity to hit outside throws. Clean throwing mechanics. Light on his feet and understands how to reset his base to throw. Willing to hang tough in the pocket under pressure. ","Inconsistent ball placement, even within the offense's structure. Accuracy really dips when he is moved off his spot. Not afraid to let it loose down the sideline, but he just doesn't hit them enough. Struggles to see the whole picture of zone coverage — puts the ball in harm's way. Locks in on primary read too often. ","Devin Leary","Leary is a soothing, under-control passer with reliable mechanics, but his lack of playmaking ability and accuracy when things break down limits his ceiling."
"5","Drake","Maye","6'4”","223","Quarterback","Maye's scouting reports start with his superb arm talent. He has a quick trigger to get the ball out of his hand fast. That comes with a lot of velocity to rip throws of any distance through tight coverage. His out-of-structure accuracy and touch are top-tier but can be inconsistent, which leads to Maye's biggest issue: ball placement. It doesn't seem to be a glaring footwork or motion issue, but he just simply misses throws at times. He has plus mobility and is experienced at attacking the middle of the field. He is also willing to go through progressions in a spread formation but is still improving on where to look and when. ","Light on his feet — always bouncing and ready to pivot to progressions, throw or take off. Powerful flick of the wrist leads to good velocity. Has speed for escapability and scrambles. Capable of impressive out-of-structure accuracy. Experienced middle-of-the-field passer. Already well-versed in the pump fake to fool defenders. ","There are times when he just misses, which can be due to a lack of fundamentals, but sometimes he just misses throws of varying distances. Fully capable and willing to read the full field, but he is still working on where to look and when. ","Drake Maye","Maye's arm talent alone puts him in the first-round and top-10 conversation. Though his ball placement and decision-making (including sacks taken) need improvement, he has all the talent tools you want to bet on as a franchise QB."
"6","J.J.","McCarthy","6'3”","219","Quarterback","McCarthy comes from a pro-style offense. As a first-time starter in 2022, he struggled to get off his primary read, fell for sim pressures and didn't have good instincts when pressured. In 2023, all of that improved, though that improvement needs to continue. His arm talent is good, both for velocity and natural accuracy. However, he does need to continue to get stronger to get his arm talent to an NFL level. His throwing motion is clean and efficient, from his footwork to his follow-through. You won't build a rushing attack around his mobility, but he is a good athlete who is a threat on RPOs and scramble plays. ","Good, clean throwing motion. He has good arm talent but needs to continue to get stronger and put on weight to maximize it. Added mobility. Not afraid of tight-window throws, including over the middle. No reservations about throwing to the middle of the field. He can hang tough in the pocket. ","Slender build — he must continue to get stronger He can get locked onto his primary reads. His decision-making took a step forward in 2023, but it needs to become more consistent, especially pre-snap. ","J.J. McCarthy","McCarthy is not a finished product, but he is a growing quarterback with experience in a pro-style offense and good tools (physical and mental) to be a starting QB in the NFL."
"7","Joe","Milton III","6'5”","235","Quarterback","Milton is as physically gifted as they come at 6-foot-5 and 235 pounds with good mobility and a cannon of an arm. He operates almost exclusively from the shotgun in Vol’s wide formation vertical offense. His trump card is his arm talent. He is also useful in the power/RPO run game. However, he still has a ways to go as a passer before becoming a potential NFL starter. His feet are heavy and can stop moving when he's scanning the field. He also tends to get tunnel vision on primary reads and fails to move on in his progressions. His accuracy when throwing the fastball can be good, but his overall ball placement with touch is far too inconsistent. ","Rocket launcher of an arm — he will have one of the strongest arms in the league when he gets drafted. Can contribute to the power/RPO run game immediately. Confident throwing outside the numbers, especially intermediate/deep. ","Feet can sometimes stop moving as he scans the field. Accuracy can be serviceable, but true ball placement is low/late —his feet play a role in this. Accuracy falters when throwing with touch. Locks on to his primary reads often. Gets tunnel vision when scanning the field — loses timing of progressions and can sometimes not feel pressure around him. ","Joe Milton III","Milton has NFL-level tools but lacks the processing, instincts and accuracy to be considered a potential starter in his current state."
"8","Bo","Nix","6'2”","214","Quarterback","Some see Nix's age as a negative, but it has made him one of the more knowledgeable QB prospects with a better pre-snap understanding of defenses than most QBs. When the ball comes out of his hands, it has a consistent pace with good control. His pocket presence is good, but he could stand to climb the pocket more instead of fading away. He is an above-average athlete for the position and is always a threat to keep an RPO or scramble. As a passer, he is also accurate out of structure. He gets in trouble due to his footwork, as his feet are not as light as they could be. His knack for avoiding negative plays, including sacks, is top of the class. ","Arm strength is adequate for the NFL level. Mobility is definitely a plus to his game. Good feel for the pocket/pressure and where to go with the ball afterward. Does well to avoid negative throws and not take sacks — smart player. ","He has a bad habit of fading away when he doesn't need to. His feet aren't always married with his upper body. Sometimes they are too heavy, which is when his accuracy can dip I don't mind the quick-pass offense, but he does rely on the first read too often. He could stand to climb the pocket more. ","Bo Nix","Nix's experience manifests in the form of pre-snap reads, play under pressure and avoiding negatives. His footwork needs to be more disciplined, and he will take some time to really read progressions better in the NFL. However, he is a QB with starting-caliber tools in his arm and his legs, and he comes with added out-of-structure playmaking."
"9","Michael","Penix Jr.","6'2”","216","Quarterback","Penix has been a productive quarterback in Washington's Air Raid system over the last two years. He shows off NFL-caliber distance and velocity on a variety of different throws, mostly outside the numbers. Penix can attack the intermediate middle of the field, but it is not as natural. He also tends to throw with power too much. He can be a tick late on timing his throws, opting to put more juice on passes rather than more air underneath. This lends itself to a lack of consistent ball placement. He also opts for the bigger throws and not as many ""layups"" even when available. ","Has starting-caliber NFL arm strength in distance and velocity. No hesitation to give his players a deep shot. Strong sideline thrower — most of his production comes from throws outside the numbers. ","Long arms require a longer/sidearm windup. Does not always throw with a strong base — sometimes, he’s pushing the ball with all upper body strength. Completion rate is fine, but true ball placement is inconsistent. Little volume or success over the intermediate middle of the field. Flamethrower arm strength leads to too much heat on his throws, at times — he could stand to use more timing and touch. ","Michael Penix Jr.","Penix Jr. has an NFL-level arm talent in addition to two years of good health and top-tier production in a spread-out shotgun offense. However, to become a consistent starter and top-15 quarterback in the league, he will need to clean up his footwork, throw with more anticipation and touch (which will improve ball placement), as well as be willing to attack the middle of the field."
"10","John","Plumlee","6'1”","185","Quarterback","Plumlee is a great athlete for the position. He is agile, balanced and explosive enough to be a legit threat in an RPO offense. He can escape the pocket well, but his college passing grade when scrambling wasn't stellar. That stems from his lacking size at the position in height, weight and hand size. That combination will seriously limit his arm talent in the NFL. Even on clean passes, the ball wobbles to his target due to a lack of grip. Ole Miss' and UCF's offenses also did not ask him to go through progressions and read the field as much as other programs would, and thus, he recorded a high scramble rate and time to throw. ","Very agile and elusive. Can pick up a lot of yards with his legs. Passing profile was much improved from 2022 to 2023. Threw with more confidence and accuracy. ","Small in every major area for the position — height, weight and hand size. Struggles to grip and control the ball due to his hand size. Negatively affects accuracy. UCF’s offense limited how much he read the field. Lacks true NFL arm strength. ","John Rhys Plumlee","Plumlee is a good athlete who will likely make his biggest NFL contributions as a receiver or a quarterback in special packages."
"11","Jack","Plummer","6'5”","211","Quarterback","Plummer is a college football journeyman who played for three programs across six seasons. He stands tall in the pocket at 6-foot-4 and has good finesse for a big quarterback. His touch passes are some of the best in the class — over the middle, to the sideline and at the intermediate and deep levels of the field. He can really drop passes in a bucket. But that was out of necessity rather than him showing off true arm control, as he has below-average NFL arm strength. His accuracy numbers are good, but his true ball placement is lacking. Plummer also needs to more consistently step up in the pocket instead of retreating. ","Tape features some excellent touch throws to the sideline and over the middle. His process looks great when he goes through progressions correctly. Has a full follow-through on touch passes. ","While his accuracy scores are good, true ball placement is lacking. Misses high quite a bit. Does not step up in the pocket consistently when he needs to. Tends to retreat naturally. Arm power is well below the NFL average, even on on-platform throws. ","Jack Plummer","Plummer has some of the best touch throws in the class, but when asked to fire up the arm strength to an NFL level, he leaves you wanting more. He is likely a practice squad or depth quarterback in the NFL."
"12","Michael","Pratt","6'3”","217","Quarterback","Pratt won't ""wow"" you with arm talent, but he does make up for that with clean fundamentals. His feet are light and his follow-through is consistent. After suffering a knee injury that kept him out three games in 2023, he did not return the same player. His velocity and power decreased when throwing, and his accuracy was off. His hands are small, which does cause some wobble in his throws. At times, he demonstrates how to manipulate coverages, but his decision-making can still be a tad slow. He also is quicker to take off and run than he needs to be. When attacking the middle of the field, he can hit vertical (seam) and horizontal (dig) routes. ","Very clean fundamentals. Touch passes are a strength of his game —he's not afraid to put some air under his passes for his receivers. Not afraid to look to the middle of the field for seam or dig routes. Got better/more consistent manipulating coverage with his eyes in 2023. ","Ball does wobble, at times, due to smaller hands. Arm strength is average. He has to really lean back to put distance on deeper passes. Chooses to take off and run instead of hitting shorter passes. ","Michael Pratt","Pratt's clean fundamentals and impressive touch throws make him an intriguing quarterback, even with smaller measurables. His arm strength limits his ability to push the ball vertically, but he has a good enough feel for the game to garner a potential starter label."
"13","Spencer","Rattler","6'0”","211","Quarterback","Rattler's time at Oklahoma was a roller coaster of high and low plays, but since transferring to South Carolina, he has become a more mature player. His preferred style comes in a shotgun system (over 85% of his snaps) with spread formations. He has adequate arm talent for the NFL level, though his velocity isn't the top tier. He has clean fundamentals, especially in his lower half. His protection was terrible in 2023, as he was pressured on almost 40% of his dropbacks. Despite that, his pocket presence is at an NFL level. Though he sees coverage well, he does struggle to see secondary defenders (LBs and safeties). ","Really good footwork — feet are light and bouncy, a good base to start his throwing motion. Not much of a rushing threat, but he has a good enough feel for the pocket/coverage to take yards with his legs when presented. Pocket presence is much improved from his Oklahoma days. Conscious to reset once moved off his spot. Not afraid to attack over the intermediate middle of the field. ","Accuracy is good, but ball placement isn't at an elite/special level. Almost exclusively a shotgun quarterback. Arm talent is adequate, not top-tier. Struggles to see additional coverage players (LBs and safeties) beyond the primary player guarding his receiver. Post-snap decision-making is still improving (where to scramble, where to look, timing of getting to his next read, etc.). ","Spencer Rattler","Rattler has a mature game with fundamentals and pocket presence, in addition to good accuracy in and out of structure. His arm is adequate, but he needs to continue to improve at seeing additional coverage defenders post-snap. He projects as a Day 2 QB with starting potential."
"14","Austin","Reed","6'2”","215","Quarterback","Reed wasn't always destined for the NFL. As a zero-star recruit, he went from Southern Illinois to West Florida before landing at WKU for his final two years. He is a confident player who will set and make tight-window throws on different platforms. He oozes that ""gamer"" vibe. His lack of arm talent was the main reason he was under-recruited. He has clean throwing mechanics, helping maximize velocity and distance. But even then, he has to put his whole body into throws to generate enough velocity. He throws the fastball too much, as touch passes are not his game. His ball placement is also erratic (likely stemming from full-body throws). ","""Gamer"" type of quarterback. He is willing to throw off-platform and outside the offense's structure. Clean follow-through on his throwing motion leads to some pretty passes, which helps make up for his lack of true arm strength. Confident passer in WKU's offense. Willing to attempt some tight- window intermediate passes. Willing to attack the middle of the field. ","Holds the ball lower when scanning the field. Has a long wind-up. Has below-average arm talent. Puts a lot of his body behind passes to increase their velocity. Every pass is a fastball — struggles when he has to throw with touch. Ball placement is an issue — recorded just a 52.4% adjusted completion percentage beyond five yards. ","Austin Reed","Reed has a moxie that some teams could like enough to make him an early Day 3 pick, but his lack of passing traits and natural touch make him a backup-only player."
"15","Kedon","Slovis","6'3”","223","Quarterback","Slovis is an experienced quarterback who burst onto the scene with an electric true freshman season at USC. Unfortunately, he didn't maintain that level of production and efficiency, which sent him on a college football journey to Pittsburgh and then BYU. Slovis' arm talent is well below average for the NFL level. He has good athletic mobility but fails to make the right reads/plays outside of structure. He also has a bad tendency to drift deeper in the pocket instead of stepping up. Ultimately, his lack of consistent accuracy holds him back from being a rosterable quarterback. ","Decent mobility to get out of the pocket when pressured. Can make nice touch/timing throws to the sideline. Clean and quick upper-body mechanics. ","Struggles to keep composure under pressure. Gets tunnel vision and fails to see additional defenders. Arm talent is below average for the NFL. Natural reaction is to retreat in the pocket instead of stepping up. Follow-through footwork can be erratic, as his leg tends to kick out wide. ","Kedon Slovis","Slovis has ample experience but not enough production, intangibles or passing traits to be a potential starter or preferred backup at the NFL level."
"16","Taulia","Tagovailoa",NA,"208","Quarterback","Tagovailoa transferred to Maryland, where he became a school and conference record holder. His pro traits don't match his college production, though. Taulia is very small compared to other NFL quarterbacks, which leads to a lack of overall arm talent. His throwing mechanics are unorthodox — from his frenetic footwork to his side-armed throwing motion. Though it works at times, its inconsistencies yield far too much variance with ball placement. He does bring mobility for scrambles and extending plays outside the pocket. ","Fiesty player who won't give up on a play until he is brought down. Not afraid to take a deep shot down the sideline. Brings added mobility to extend plays and pick up yards when scrambling. ","Bryce Young-type measurables. Has a side-arm follow-through, which works, at times, but doesn't feel consistent. Long, looping throwing motion (akin to Tim Tebow). Accuracy scores are high, but ball placement is far more inconsistent. ","Taulia Tagovailoa","Tagovailoa is a decent athlete and a fun playmaker out of structure, but his lack of size and true arm talent, coupled with passing inconsistencies, makes him a long shot at the NFL level."
"17","Jordan","Travis","6'1”","200","Quarterback","Travis is a good athlete who can operate an RPO and play- action offense well. His mobility is also a plus for escaping the pocket via scrambles. He is one of the smaller quarterbacks in the class, which brings natural drawbacks. His hand size is concerning when controlling the ball. He also tends to have to put his whole body into throws that require more juice. His follow-through is erratic, as he will kick his leg out like a pitcher to generate more velocity. He has good intangibles. He is accurate and poised when throwing out of structure, and he doesn't mind throwing over the middle, even if he has to be on his toes. ","He has impressive mobility. Footwork is light, as he's constantly bouncing and ready to throw or take off. Keeps his eyes downfield when scrambling. Not afraid to look over the middle despite the lack of size. Accurate thrower from within 50 yards (when his follow-through fundamentals don't betray him). ","Leg kicks out like a pitcher when he's trying to put extra juice on throws. Flicks the wrist sometimes, especially when off-platform, instead of following through. He has to put his whole body into passes that will be regular throws in the NFL. ","Jordan Travis","Travis is a good athlete, a tough competitor, and a QB who has great intangibles for out-of-structure plays. His follow-through fundamentals are a mess, likely due to him needing more power on most throws, which leads to inconsistencies. He is a developmental quarterback who will be a fan favorite no matter where he goes (likely on Day 3)."
"18","Caleb","Quarterback","6'1”","214","Quarterback","Williams thrived over the last three seasons in Lincoln Riley's modernized Air Raid offense. His arm talent is well above average, and his footwork provides him with a good base in addition to additional body control and balance to make off- platform throws. His accuracy is natural and impressive both in and out of structure. Williams can hold onto the ball too long, but that's due to his freedom in a vertical offense rather than an inability to process. His 2023 struggles were due to inconsistency. His fearless confidence does lead to some incorrect decisions, but you live with that due to the magic he makes in similar situations. ","Top-tier arm talent for the NFL level. Incredible off-script passer and playmaker. Footwork is good in its fundamental base Top-tier balance, body control and core strength. Excellent out-of-structure touch. Very competitive player. Better processor/progressions passer than given credit for. Turns into a backyard playmaker when he tucks to run.. ","Has a tendency to look for the ""biggest"" throw instead of the ""best"" throw. His fearlessness is a big positive for huge plays, but it also leads to him holding onto the ball too long. Fewer big-time throws in structure, but that isn't due to a lack of ability. ","Caleb Williams","Williams is an incredibly talented player with natural gifts even other previous QB1s do not have. His issues are more from a lack of consistency than ability in any area. This is a QB with franchise-changing talent that is worthy of a No. 1 overall selection."
"19","Rasheen","Ali",NA,"206","Running Back","Ali has a nice skill set for a zone-blocking scheme. He reads his aiming points and cut-back lanes well and has good one- cut ability to hit open space. He has solid footwork to stay balanced after ankle tackles but lacks the density to bounce off contact. Over the past two seasons, his production beyond his blockers was subpar in the form of yards after contact and missed tackles forced. Though he has good burst, his top speed is limited. ","Good skill set for a zone-blocking scheme. Has good vision/feel for cut-back lanes behind zone blocking. Nice change-of-direction precision and burst. Fast feet to maintain balance after ankle tackles. ","Low individual production beyond his offensive line. Low yards after contact and missed tackles forced averages. Lacks density to truly bounce off tacklers. Pass blocking is still a work in progress. ",NA,"Ali has good vision and one-cut ability to succeed as a depth player in a zone-blocking scheme."
"20","Braelon","Allen","6'1”","235","Running Back","Allen will be one of the youngest players in the 2024 draft, 20 years old on draft weekend. His size pops out immediately at 6-foot-2 and 245 pounds. If you try to tackle him high, he'll bounce right off you with good tackle-breaking ability. He has nimble feet and impressive burst for his size. His long speed is also fine. His vision and decision-making are inconsistent, as he cuts in when he should bounce out and vice versa. For third-down abilities, his hands are good enough to be a receiving option, but his route diversity out of the backfield is limited. He has the size to be a good pass protector but needs more consistency there as well. ","He is a very good linear athlete for his size. Explosiveness and top speed are NFL caliber, even without weight adjustments. Can't bring him down if you hit him high. Pass protection potential is a big plus. Not used as a receiver much but had some nice grabs (a few one -handed ones). ","Not a one-cut back in space. Vision and feel for open space can be inconsistent. Usage and route diversity are very limited. ",NA,"Allen is a super-sized running back prospect and will likely be a mid-round pick due to that and his age alone. However, his decision-making and feel for space leave much to be desired when separating his success from his offensive line."
"21","Trey","Benson","6'0”","216","Running Back","Benson's track speed shows up immediately on tape, as his acceleration and top speed are both excellent. His explosiveness allows him to covert speed-to-power to break tackles. He is a bit stiff when it comes to changing direction and agility. His athletic advantage is a good thing, but it does affect his mentality, vision and patience for rush lanes. He is overeager to get to the sideline and outrun defenders rather than find a cutback lane. This works at the college level but won't be as effective in the NFL. As a pass catcher, he does let passes come into his body but is an option as a third- down back due to his pass-protection abilities. ","Powerful build — good size/strength in his legs, Explosive athlete with difference-making burst and top speed, Can convert speed-to-power quickly for yards after contact. Fundamentally sounds pass blocker with a good base and the strength to hold up. ","A little stiff in his lateral movements. Base is narrow, which makes it easier for him to get tripped up. High missed tackles forced is more about speed-to-power and erasing pursuit angles than it is one-cut elusiveness. Is an athlete first, so he tends to miss open cutback lanes in favor of getting to the sideline as soon as possible. Let passes get into the body. ",NA,"Benson brings NFL build and athleticism to the table in all categories of explosiveness, but he is too focused on his athletic abilities and needs more patience in order to maximize his athletic gifts and be more than a committee running back."
"22","Jonathon","Brooks","6'0”","216","Running Back","Brooks, a decorated Texas high school football player, had to wait his turn behind the likes of Bijan Robinson and Roschon Johnson before taking over as the Longhorns’ lead back in 2023. The wait appeared to be worth it, as he looked like a future NFL star as just a redshirt sophomore. While his footwork isn’t quite Robinson’s level, he can cut/change direction/avoid tacklers very quickly and has an explosive first step. He isn’t a nuanced route runner, but he has good hands and showcased his ability to force missed tackles as a receiver. The only glaring negative on his scouting report is a torn ACL in 2023 that ended his lone season as a starter. ","Impressive wiggle for a back of his size. Nice footwork and change-of-direction for a back over 200 lbs. Good vision/feel for zone-blocking schemes. Contact balance is great at high and low speeds. Natural instincts for forcing missed tackles. Long speed isn't elite, but the burst is at his size. Natural hands in the receiving game. - Has the footwork and strength/balance to be a reliable blocker. ","North-to-south tendency is good, but that has given him tunnel vision, at times. Hands are good as a receiver, but he doesn't have much nuance in routes before the ball. ",NA,"Brooks is an ideal blend of size, speed, strength and agility. Though limited in snap totals, he has good vision in both gap and zone run schemes. If he can get back to form following his torn ACL, he has all the goods to be a starting running back in the NFL."
"23","Blake","Corum","5'8”","205","Running Back","Corum was one of the most productive backs in the country in 2022, and he was on his way to being a top-75 selection had he not torn his meniscus late in the season. He comes in a smaller size at 5-foot-8 but weighs around 210 pounds. The smaller frame means he has shorter strides, which does affect his overall long speed and sideline ability. However, they also help yield his calling card as a back: his precise footwork and elite short-area explosiveness. As a pass catcher, he has very natural hands. In pass protection, he is willing, but his lack of size causes him to be overwhelmed, at times. ","Great center of gravity when taking on contact. Shorter frame allows him to be precise and explosive when putting his foot in the ground to burst or change direction. Very natural hands as a receiver. Smaller frame allows him to ""get skinny"" between the tackles Controlled, precise footwork behind the LOS and in space. Patience is a huge plus in his game. Willing as a blocker. Uses size for a leverage advantage. ","Leg stride length affects his overall long speed. Just doesn't have that get-away top speed. Can be overwhelmed in pass protection. ",NA,"Corum was not as efficient in the individual metrics of running back play after his meniscus tear, but the traits of an effective back were present in 2023, specifically toward the end of the season. He lacks elite overall athleticism but is precise, sees the field well, has good contact balance and brings good third- down abilities, which should yield a contributing role in the NFL."
"24","Isaiah","Davis","6'0”","218","Running Back","Davis was a tough matchup for FCS opponents, as he is big and elusive. His size allows him to bounce off tackles and lower his shoulders with power, and his feet are impressively light for his size. He is a patient runner, especially behind zone blocking, and has a good feel for cut-back lanes and space. His preferred running style is that of a ""make you miss"" player, which is both a pro and con. The pro is obviously the missed tackles, and the con is that he doesn't run with a north-to-south violence. He has good hands as a receiver, but his pass protection is a work in progress. ","Patient player with a good understanding of zone blocking schemes. Light on his feet for a player well above the 50th percentile in height and weight. Good wiggle to make players miss in space. Can make an impact in the receiving game. ","Doesn’t run as violently as he could. Not that he won't be physical, but he oesn't go all out north to south. Lacks the sideline athleticism needed for bouncing plays outside as much as he does. ",NA,"Davis brings a finesse game in a power frame. If he can run with more violence from north to south, he can be a reliable option in a two-back offense."
"25","Ray","Davis","5'8”","211","Running Back","Davis is short, which affects his overall speed, but he has a great center of gravity in addition to nimble and balanced footwork. He also has a quick first step to accelerate and fantastic vision, especially when running behind a zone- blocking scheme. As a third-down back, he has good hands and brings that one-cut agility to routes out of the backfield. When it comes to pass protection, he is a willing blocker who has good fundamentals but is often overpowered. ","Quick player with fast footwork. Good one-cut ability. Good lateral ability extends into routes out of the backfield as well. Playmaker mentality in space — wants to make defenders miss. Really nice vision for both gap and zone, but he is most productive when running zone concepts. Good hands catcher. Really good feel for space, blocking, where his help is, etc. ","Long speed will be average at best — likely below average. Can get overwhelmed in pass protection. ",NA,"Davis might not have the build and long speed of a back drafted in the top 50, but his vision, feel for space/blocking and one-cut ability make him an efficient ball carrier with good hands in the passing game. This should make him a mid-round selection and potential starter."
"26","Audric","Estime",NA,"221","Running Back","At nearly 230 pounds, Estime is tough between the tackles. Once he gets up to speed, he's a load to bring down, especially since his big legs continue to churn after contact for an impressive yards-after-contact rate. The finesse parts of his game are limited. His burst and long speed will be merely average compared to other NFL backs, and though he is nimble behind the line of scrimmage, changing direction once up to speed takes multiple steps. As for third down, he was not used much as a receiver, but his pass-protection potential is good due to his size and strength. A big plus is he will be just 20 years old on draft weekend. ","Great build for a back — powerful player who can take hits and deal them out. His legs are constantly churning, even after contact. Takes ball security very seriously. Pretty light on his feet for a player who is pushing 230 pounds. Has the ability to dance and cut behind the line of scrimmage. Has the size and strength to be a third-down back in pass pro. ","Burst is middling, especially when compared to NFL backs. Won't be a home run back in the NFL due to average long speed. Stiff change of direction when he gets up to speed, as it takes multiple steps. Lacks the lateral ability to really succeed on zone concepts. Blocking could use more polished technique. ",NA,"Estime's power profile should yield some sort of committee work at the NFL level, as he is built for it. However, his lack of finesse and speed likely limits him to a short-yardage specialist."
"27","Frank","Gore Jr.","5'8”","201","Running Back","Gore's best trait is his vision, as he displays notable patience behind the line of scrimmage while anticipating open space/blocking concepts well. He has quick, precise footwork that allows him to find small holes and rush lanes, in addition to making defenders miss at the line of scrimmage. Small in stature, he is a limited athlete in terms of burst and long speed. He is also unreliable in pass protection against NFL-caliber blitzers. ","Very good patience and vision. Experience is evident on his tape. Quick, explosive footwork. Good one-cut ability for forcing missed tackles. ","Shorter strides limit top speed. When he reaches open space, he doesn't have the top gear to get away. One-cut ability is nice, but his burst and acceleration are limited. Broke away from arm tackles at the C-USA level, but he likely doesn't have the size to do so in the NFL. Pass protection is unreliable against good blitzers. ",NA,"Gore's vision and feel for the game are good enough to have him fighting for a roster spot at the next level, but his limited athleticism could force him into a depth rotational role."
"28","Isaac","Guerendo","6'0”","221","Running Back","Though Guerendo is built like a Wisconsin back, he didn't get much of a chance to showcase that. He was primarily used as a third-down back, which helped him hone his pass-blocking and pass-catching abilities. Though he is big and fast, he doesn't run with the violence you'd expect. He can bounce off tackles, but he doesn't always run with an imposing style. He is also hesitant behind the line of scrimmage. He can erase angles when he gets to the sideline but tries to bounce it there too often. ","Has the size and strength to be a reliable pass protector. Ample experience as a receiver out of the backfield. Brings a wide receiver background from high school. Very explosive straight-line athlete. Likes to get outside and erase angles up the sideline. Good strength and size to bounce off tackles. ","Indecisive at Wisconsin, but he did show more north-to-south urgency at Louisville. Does not run with the level of violence you'd want, given his size. A bit stiff when moving laterally. Too reliant on beating defenders to the sideline — needs to see cut-back lanes better. ",NA,"Guerendo has an NFL-level floor as a third-down back. He must continue to improve his vision and decisiveness to become an early-down contributor."
"29","Bucky","Irving","5'9”","192","Running Back","Bucky Irving's compact build gives way to his most alluring trait: balance. His ability to run through arm tackles and bounce off bigger hits can give him a long career in the NFL. He doesn't have great long speed and won't be outrunning anyone at the sideline, but his footwork is quick, controlled and balanced while his burst is appropriate for his game. He also has very reliable hands out of the backfield, though his pass protection abilities are unreliable. ","Doesn't have the best long speed but does have great burst to hit holes quickly. Fast, controlled, balanced footwork to make defenders miss in phone booth. Natural, reliable hands as a receiver. Nice center of gravity to bounce off tackles, consistently falls forward. Despite his size, he looks for yards between the tackles. ","Very north-to-south runner, which can be good, but there are times when the outside is open but doesn't take it. Not a reliable pass blocker. Does not have getaway speed. ",NA,"Irving might not have the look of a running back that teams will automatically covet on draft weekend, but his tape shows an incredibly efficient player in both the run and pass games."
"30","Dillon","Johnson","6'0”","217","Running Back","Johnson has good footwork speed for finding his blocks behind the offensive line and has notable acceleration once he does. Unfortunately, he just did not do much to create beyond his blocking scheme to stand out in this running back class — both his yards after contact and missed tackles forced rates fell below the 40th percentile over the last two years. On the plus side, he does have good third-down ability as a receiver and pass protector. ","Fierce stiff arm. Has a decent foot speed to make people miss and cut in the backfield. ","Long speed appears slightly above average. Doesn't really set defenders up to make them miss — doesn’t get much more than what's blocked for him. Takes a few steps for him to his cutbacks. ",NA,"Johnson is a decent all-around athlete but lacks a difference- making trait for him to stand out at the NFL level. His most likely projection is as a third-down back."
"31","Dylan","Laube",NA,"206","Running Back","Laube’s lacrosse background shows in his natural movement skills. His short-area burst, footwork and balance are impressive and effective. Laube lacks true NFL size and power. His leg drive stalls out quickly against linebackers and yields a lower yards-after-contact average. It also shows up in a lack of NFL-level top gear for long speed. Between the tackles, he does show good vision and has a great ability to ""get skinny"" between blocks to find rush lanes. ","Natural, reliable hands in the receiving game. Natural athleticism is evident in how he moves — balanced, precise and good short-area burst. Slippery between the tackles. ","Doesn't have an NFL-level top gear. Lacks the desired leg drive for yards after contact at the NFL level. ",NA,"Laube's receiving and special teams ability should yield a long NFL career, but his lack of true NFL size and power might limit his ceiling."
"32","Marshawn","Lloyd","5'9”","220","Running Back","Lloyd's calling card is his athletic ability. His burst, agility and long speed are all well above average for the NFL level. He's the kind of back who he can take it to the house if he gets to the sideline. His vision for finding those running lanes is still inconsistent, as he often fails to see cutback lanes in zone- blocking schemes. However, when running gap schemes, he does seem more patient. As a third-down back, he wasn't used much as a receiver, but he does have good hands and an electric after-the-catch ability. He is also one who takes pride in his blocking game to help other teammates. ","NFL-level long speed and acceleration. Impressive all-around athleticism in terms of explosiveness and elusiveness. Maintains the ability to make players miss in space after the catch, as well. Adequate size and strength for pass protection. Has a good pass-protecting baseline. ","Wants to bounce runs out the sideline too much — developed this more at USC. Does not see cutback lanes as fast/as often as he needs to for zone-blocking schemes. ",NA,"Lloyd is a starting NFL-caliber athlete for the running back position. If he can improve his vision to see space before it opens up, he can be an impact starter."
"33","Jase","McClellan",NA,"221","Running Back","McClellan's best trait is his contact balance. He constantly works through contact, using his core strength, balance and leg drive. His speed is average for the NFL level, but it shouldn't be a detractor. He is a bit stiff in his lateral movement and can take a few steps to really cut behind zone blocks. As a receiver, he lets the ball come into his body too often. He is a willing pass blocker with some nice reps, but he has some bad tendencies — such as slow feet and dipping his head — that limit his reliability on third downs. ","Weight is well distributed for good balance through contact. Strong leg drive for yards after contact. Repeatedly ran through arm tackles at the college level. ","Sees space/future space just a tick slow. Cuts behind zone blocking can take a few steps. Average long speed for the NFL. Willing pass blocker, but feet can be slow to mirror, head will dip and he'll lose rushers. Lets passes come into the body too often. Not a natural receiver. ",NA,"McClellan is a solid athlete with above-average contact balance to be a potential committee back in the NFL."
"34","Kendall","Milton","6'2”","225","Running Back","Milton couldn't consistently showcase his talents over the past four years due to injuries. He is a big back with a strong north-to-south running style who works well behind man/gap blocking schemes. He doesn't possess the true flexibility and agility to be a consistent playmaker behind zone. He also lacks a playmaking mentality once he gets to open space. A lot of his best production stems from his offensive line. His first-step explosiveness is powerful, but his long speed is below average for the NFL. His experience as a receiver is basically non-existent; however, he is a willing and strong pass blocker with potential. ","Coordinated, strong pass blocker. Good eyes for incoming rushers. Powerful back with good, but not elite, contact balance and leg drive. A lot of experience behind man/gap blocking schemes. ","Doesn't show a playmaker's mentality when in open space. Seems to have only one speed: downhill ASAP. Powerful and explosive first step, but top gear is below average for NFL standards. Almost no experience as a receiver (eight targets in two years). Long list of injuries that have kept him off the field. ",NA,"What you see is what you get with Milton, who is a strong north- to-south runner with plus pass-blocking ability. However, his injury history and lack of a true playmaker's mentality in space will likely limit him to depth back and special teams roles."
"35","Cody","Schrader","5'9”","202","Running Back","Schrader's story of perseverance is mirrored in his running style, as he is a fiery competitor who has a motor that doesn't quit. His effort will earn him a shot on any roster — first as a willing pass protector on third downs. His vision and one-cut ability are effective enough to project success in zone- blocking schemes, though his lack of overall size and athleticism may lead to lower returns. His shorter strides do limit his top speed. ","Determined and competitive running style. Coaches will love his motor and effort. Willing and fundamentally sound pass protector. Some of his best games were against top competition (Georgia, Tennessee, Ohio State). One-cut ability is very effective. ","Smaller size impacts his pass-protection ability. Shorter stride length limits long speed. Change of direction when getting up to speed can be tight. ",NA,"Schrader may lack the overall athleticism/size to be a consistent difference-maker beyond his offensive line, but he has everything else you'd want to try to make up for it: vision, elusiveness, determination and a physical run style."
"36","Will","Shipley",NA,"206","Running Back","Shipley is a quick, versatile scatback who has impressive acceleration across his first few steps. He has limited top speed, but he can get to that top speed very quickly. He also has great body control and balance, which makes for a dangerous one-cut player who can get tripped up and regain his composure for more yards. He is also an excellent receiver who has soft hands and a lot of volume. The biggest issue with Shipley is his strength and overall body density. This also affects his pass-blocking effectiveness, as he is willing as a blocker but is easily overpowered. ","40 targets in each of the past two seasons speaks to how natural he is as a receiver. Footwork is quick and precise, which makes for smooth yet explosive cuts. Very nice balance for contact. Long speed is adequate, as his short burst is even better. ","Willing pass blocker but doesn't have the necessary weight to be reliable. Has good balance and body control but lacks the strength to bounce off tackles. ",NA,"Shipley can bring a lot of versatility to a team as a runner, receiver and special teammer. He is elusive and quick with a skill set fit for a zone blocking scheme, but right now, his lack of strength and power hold him back from being a true offensive weapon."
"37","Jaden","Shirden","5'8”","187","Running Back","Shirden went from a 0-star recruit to an impact player at Monmouth. He led the FCS in rushing in two consecutive season in 2022 and 2023 with over 3,200 yards and 23 touchdowns. Shirden is a high-speed playmaker who can process things quickly and stay one step ahead of defenders to make them miss in open space. He has good long speed and burst, and can even give you some decent leg drive despite being only 187 pounds. He is unreliable in third down back situations as both a reciever and pass protector. He can read zone blokcing schemes well, but man/gap concepts are not as natural to him. ","Long speed is good for the NFL level (makes his competition at Monmouth look silly) Speed/burst allows him to shrug off arm tackles Good one cut ability for zone blocking schemes Still gives you some leg drive, even at just 187 pounds Quick processor who can make agile moves at high speeds ","Will not be a third down back at the NFL level; unreliable in pass pro, inexperienced as a pass catcher Does not read man/gap schemes as well as he does zone ",NA,"Shirden is a high speed processor with quick feet and good burst to be a potential speed back in a rotation behind zone blocking schemes."
"38","Carson","Steele","6'0”","228","Running Back","Steele was a standout rusher at Ball State before transferring to UCLA for the 2023 season. Though his rushing grade was higher in zone blocking schemes, his hard-nosed style better fits man/gap schemes. He is a compact, powerful player. He plays behind his pads, will lower the shoulder against anyone and will stiff-arm lighter defenders into the ground. His legs are always churning for extra yards. He is a bit stiff on one- cuts and when looking to make players miss in open space. His long speed will be well below average for the NFL level due to a shorter stride length. He has the strength and body type to be a reliable pass protector. ","Compact, powerful frame. Will fight hard for every yard. Legs don't stop churning. Fierce stiff arm. ","High missed tackles forced average comes more from breaking tackles than making players miss in space. Has the power to be reliable in pass protection, but his technique is inconsistent. Long speed will be well below average for the NFL. Shorter strides cap how much ground he covers. ",NA,"Steele won't be a home-run hitter in the NFL, but he can be a short-yardage, third-down back with his powerful running style."
"39","Tyrone","Tracy Jr.",NA,"209","Running Back","Tracy spent most of his college football career at wide receiver but never made the impact he had envisioned. He has an upright running style but remains balanced on his feet for yards after contact. He has a make-you-miss running style due to good elusiveness and one-cut ability. His lack of experience at running back yields inconsistencies in how he reads blocks. On third downs, his hands and route running are impressive. Although he brings good length and a willingness to pass block, his strength and confidence are still hit or miss. ","Natural athlete in whatever he's asked to do. Upright, tall running style but remains balanced through contact. Explosive and fast enough to get to and up the sideline. Experienced and talented receiver out of the backfield who can run any route. Natural make-you-miss type of running style — nicknamed himself ""Sweet Feet"" for that reason. ","Good length but currently lacks strength/confidence in pass protection. Hands are inconsistent in pass protection. Inconsistent vision, which is understandable, given he’s played RB for one season. ",NA,"Tracy is a natural playmaker with adequate athleticism (explosiveness and agility) for a zone-blocking scheme, but he must continue to improve how he sees blocks/space if he is to be a consistent rotational player."
"40","Sione","Vaki",NA,"210","Running Back","Vaki played both sides of the ball (running back, slot receiver, and safety) in high school due to his impressive athleticism. He was recruited in the 2019 class, so he is one of the older prospects, but he only has two years of college football experience due to a two-year church mission before playing football for Utah. Vaki does not have much experience as a running back at the college level, but what we saw from him in 2023 could absolutely contribute in the NFL. He has home run speed with fantastic play strength and contact balance. His route tree as a receiver is very simple, but what he does, he does very well. ","As a receiver out of the backfield, his straight-line speed smokes most college linebackers on wheel routes. Precise route runner on Texas routes out of the backfield. An incredibly determined runner when it comes to yards after contact. Turns into a true playmaker when he gets the ball — his feet are fast and deceptive, as he always looking to make defenders miss. Has legitimate home run speed. ","Does not have the nuances of the position simply from a lack of carries — will hold the ball in the wrong hand. ",NA,"If he fully committed to playing running back in the NFL, he has the physical gifts, athletic ability and playmaker's vision to be a contributing player out of the backfield."
"41","Kimani","Vidal","5'8”","213","Running Back","Vidal rushed for more than 2,700 yards and 24 touchdowns over the past two seasons and recorded back-to-back elite rushing grades. He is an explosive, powerful running back with a rocked-up, compact frame. His scouting report starts with effort. His fight and mentality after contact are impressive, despite his not being the strongest back. He has above-average straight-line speed for the NFL but can be a bit stiff and take an extra gather step when pivoting. He still needs to speed up his vision. Too often he is slow to see developing space/blocking. On third downs, he is a good receiver but does not anticipate in pass protection well enough. ","Explosive runner who wastes no time getting upfield. Long speed is above average for the NFL, but not elite. Not the strongest after-contact player, but his fight makes up for it. ","A tick late to see space/blocking and to cut and make a decision. Agility is decent, but change of direction takes him an extra gather step to pivot and go. Unreliable in pass protection/ Doesn't anticipate/brace well enough. ",NA,"Vidal is a rocked-up, explosive athlete, but his vision for space needs to speed up for him to earn a rotational role in the NFL."
"42","Blake","Watson","5'9”","189","Running Back","Watson started his college career as a wide receiver at Old Dominion and switched to running back in his third year before transferring to Memphis in 2023. He is at his best when he gets out to the sideline in wide-zone blocking schemes. This allows him to use his difference-making top speed and one-cut ability. His body control is impressive. He can stop on a dime with precision and explosiveness. His patience behind man/gap schemes needs work, but it is improving. He is an excellent receiver out of the backfield. He can fully extend for catches and is confident in his routes. Watson is a willing pass protector but could be more confident. ","Adequate NFL explosiveness, both linearly and laterally. Ample receiving experience and nuance. Impressive body control to stop on a dime and change directions quickly and precisely. Nice balance to get yards after contact and stay on his feet. ","Willing blocker, but not as confident as he needs to be when taking on rushers. Doesn't have as good of a feel for space between the tackles. ",NA,"Watson is an alluring athlete out of the backfield, both as a rusher and a receiver. He should earn the versatile ""offensive weapon"" label with the potential to be an NFL contributor."
"43","Miyan","Williams",NA,"210","Running Back","Williams was the power player in Ohio State's running back rotation. Though he is smaller in height, he's nearly 230 pounds and carrys that weight well. His contact balance allows him to stay on his feet and churn out yards after contact. He is limited athletically by NFL standards. His burst, long speed and elusiveness will all be limiting factors in the league. Williams is confident in his north-to-south running style. He was seldom used in the receiving game and was unreliable in pass protection. Unfortunately, Williams underwent season-ending knee surgery in 2023, which further clouds his projection. ","Good contact balance to stay on his feet. Strong center of gravity. Excels as a north-to-south back. Can get skinny between blockers for a power back. Controlled style with light footwork. ","Does not provide much as a pass catcher. Season-ending knee surgery in 2023. Can be impatient getting to the line of scrimmage. Long speed and burst will be limiting factors in the NFL. Doesn't have the natural agility to make defenders miss in space consistently. Unreliable on third down as a blocker and receiver. ",NA,"Williams is a no-nonsense north-to-south back whose production typically originated behind zone blocking concepts where he could get a head of steam and move past the line. His athletic limitations, looming knee rehab and lack of consistency in pass protection and as a receiver make him a fringe roster prospect."
"44","Jaylen","Wright",NA,"210","Running Back","Wright brings plenty of speed and explosiveness to the running back position. At Tennessee, he became the team's leading rusher as a sophomore in 2022, and he wasn't even the Vols' lead back. His calling card is his explosiveness. His first step, whether that be linear or lateral, is eye-popping. He follows that up with an NFL-level top gear to eat up a ton of open space. As a receiver, he has good hands while his explosiveness makes for a sharp route runner. He was one of the best backs in the country in pass protection this past season due to his size and strength. ","Top-tier athlete for the position. Explosive first step is very impressive, as he makes devastating cuts and can turn speed into power when taking on contact. Has legitimate long speed for the NFL. Is a reliable pass protector due to his play strength. Despite having sideline speed, he does show a decent amount of patience to set up blocks and stay between the tackles and within the blocking scheme. ","Though he does have decent patience, he doesn't always see the open rush lanes when it's not the primary hole on the play. Catching ability is there, but he's not exactly natural. More hesitant of a runner after the catch than he is when he is handed the ball in the backfield. ",NA,"Wright is an NFL-caliber athlete for the running back position. His youth is both a positive (lack of mileage) and a negative (lack of consistent RB vision), but he has succeeded in both gap and zone-blocking concepts and has top-tier pass protection ability for three-down potential in the NFL."
"45","Javon","Baker","6'1”","202","Wide Receiver","Baker spent two years at Alabama but failed to crack the team's starting wide receiver group consistently, and he ultimately landed at UCF. His scouting report starts with his competitive nature. He is an outside receiver who doesn't back down from press coverage or tight-space catches along the sideline. His footwork and feel for small spaces are impressive. He also has very strong hands, helping him make spectacular catches through contact. He is explosive in short areas but lacks NFL-caliber long speed to consistently separate. Baker is also still mastering the art of finding soft spots versus zone. ","Competitive player at the catch point and when fighting off press. Good hip fluidity to sharply change direction. Initial burst and acceleration are very good. Nice footwork at the sideline to make the most of tight spaces. Body is controlled and explosive enough to sell hesitations/double moves. ","Comfortable in contested-catch situations but lacks size when getting the upper hand. Good burst and acceleration, but his long speed is lacking. Didn't show a good feel for sitting in soft spots versus zone. Could have been a QB issue. ",NA,"Baker can be a solid WR3 for a vertical offense that likes to attack down the sidelines. His long-speed limitations hurt his ability to separate, but he is a competitive contested-catch receiver."
"46","Jermaine","Burton","6'0”","196","Wide Receiver","Burton played two seasons at Georgia before transferring to Alabama, where he was a two-year starter, in 2022. He is a highly competitive wide receiver. He's not afraid of any matchup and will talk trash consistently. His quickness can be devastating, especially when paired with his ability to use a variety of releases. His long speed is smooth, but he appears to lack a rare final gear. However, he is still successful as a vertical receiver due to how strong he is at the catch point. His change-of-direction speed and flexibility allow him to run any route. If he can keep his cool, he can be an impact slot or flanker receiver in the NFL. ","Versatile in his releases off the line of scrimmage. Nuanced player who understands winning in the ""little"" ways at the position. Can run the whole route tree, but he's mostly run vertical routes. Highly competitive player — constantly talking trash. Quick and violent hands versus press and when going up to catch passes. ","Middling long speed could hamper how much cushion he is given from defenders at the next level. Smaller frame and smaller catch radius. Fiery player but can lose his temper. Has the competitiveness to be an impact blocker, just needs more consistency. ",NA,"Burton brings a fiery approach to the position. As long as his size doesn't cause him to be pushed around, he has elite quickness to win against press and off coverage at the next level as a flanker or slot."
"47","Jalen","Coker","6'1”","208","Wide Receiver","Coker's production speaks for itself, but he also has good size and is above the 50th percentile in all measurables. He is a very smart receiver who understands how to win as a route runner. He'll hit defenders with head and shoulder fakes, as well as hand flashes and double moves to get open. He is always trying to maximize his catch radius with strong catches away from the body. His long speed is lacking and will be well below average in the NFL. Therefore, I am worried that he might not be big and fast enough to be an outside receiver but not quite quick enough to be a slot receiver. ","Really nice body/speed control for a player whose height and weight rank above the 50th percentile. Nuanced route runner who can set defenders up with shoulder fakes, hand flashes and double moves. Consistent hands catcher who makes an effort to maximize catch radius away from his body. ","Below-average long speed for the NFL. Might not have a home role in the NFL. ",NA,"Coker's overall athleticism will have to be overcome, but he is a smart and versatile route runner who has reliable hands. He should be a draft-and-develop WR4/5 at the next level."
"48","Keon","Coleman","6'3”","213","Wide Receiver","Coleman originally committed to Michigan State as a two- sport athlete, and he transferred to Florida State in 2023. His evaluation is a test of how much scouts prefer contested- catch receivers to athletic separators. He is an impressive 6- foot-4 and 215-pound athlete who enjoys getting physical with cornerbacks, as he constantly catches passes through contact. While that yields jaw-dropping feats of strength, his lack of separation ability is concerning for the next level — there just aren't a lot of guys who make a living as consistent contested-catch receivers. The ones that do are often some of the best receivers in the league. ","Very impressive athlete for a player his size. He is very explosive and strong. Some of the most impressive contested catches you'll see. Active, strong hands when he's lined up against press coverage. ","Not a lot of lateral agility — if defenders get him going east-to -west, they can keep up with him. For as athletic as he is, not a big yards-after-catch receiver. Lack of separation is an issue. Contested catches are his strength, but every catch seems to be contested Limited route tree — basic vertical stem. ",NA,"Coleman is a top-tier athlete for the position from an explosiveness standpoint. His burst, top speed and leaping ability are All-Pro caliber. However, the lack of agility in his game limits his route tree and ability to separate from defensive backs. Those who love above-the-rim (full pun intended), alpha- type receivers will be big fans, but his inability to consistently separate means he won't be for everyone."
"49","Malachi","Corley",NA,"210","Wide Receiver","After two years as a running back at Western Kentucky, Corley found a home at receiver. He is a well-balanced athlete, which shows up in how he plays the position. That ball-carrier vision from his running back days has carried over. When he gets the ball in his hands, he immediately believes he's a running back again — in a good way. His contact balance and after-contact ability are impressive and consistent, as he is often utilized in the quick game. He also has some of the strongest hands in the class. However, his lack of receiver snaps has led to a limited route tree, a lack of releases and little nuance down the field. ","Running back background shows up in contact balance and how he becomes a playmaker in yards-after-catch situations. Very strong hands to catch through contact. Good linear explosiveness when going in a straight line. Converts speed-to-power like a pass-rusher — he is tough to hit/bring down once he gets a full head of steam. ","Lateral movements are a bit stiff when he gets up to speed. Not a very diverse route tree. Not much variation in his releases outside of a speed release. Struggles to get off contact against press coverage and at the contact point in his routes. ",NA,"He is pretty raw in the nuances of playing receiver – release footwork, route tree and how to get off contact. Nonetheless, those are all things he can learn. If he does, he is a true weapon with the ball in his hands."
"50","Jacob","Cowing","5'8”","168","Wide Receiver","Cowing has played a lot of football in his college career with over 3,000 snaps in his five-year college career. He has been a big volume receiver at UTEP and Arizona. His threat rate has not been below 25% for any season, and he had two seasons above 30%, showcasing how much both offenses wanted to get him the ball. He will truly be an outlier in his size — likely be below the fifth percentile in both height and weight— but the bottom line is he can win at the position. ","Rapid acceleration given his size. Truly gifted route runner — he can create separation against any coverage or leverage. Great footwork when releasing off the line of scrimmage quickly and can get away from press coverage. Good yards-after-catch receiver if he has some daylight. ","Size deficiencies make him an outlier. Not much of a strength profile to his game with yards after contact or contested catches. Too many drops over his career, even for the amount of targets he has seen. ",NA,"If creating a separation window for your quarterback is the name of the game, not many, if any, do it better than Cowing. His role in the NFL will be niche in the slot, but there is a world where he can be a very productive player, as he has been his entire college football career."
"51","Troy","Franklin","6'2”","176","Wide Receiver","Franklin, a former four-star wide receiver recruit, played in all 14 games in his true freshman season at Oregon and started every game in his sophomore and junior seasons. He is a smooth strider as a vertical receiver. He was the top explosive-play pass catcher on Oregon's offense the past two seasons. His calling card is his ability as a vertical threat, both from the slot and the outside. Over the past two seasons, he diversified his releases and his general footwork to create separation in more ways than just through vertical speed. His play strength is a concern when fighting through the contact window and on contested catches. ","Long, smooth strides that allow him to consistently threaten vertically Loaded pre-snap stance with no false steps, which allows him to quickly get to top speed Consistent hands catcher who extends his long arms for catches rather than let the ball into his body Really nice footwork that shows up in releases and ability to make players miss after the catch ","Limited route tree. Basically just vertical routes (likely not due to lack of ability) General strength can be a concern, but it does not affect his willingness to go up strong for catches or get his nose into blocks ",NA,"Franklin might get lost in the shuffle of a loaded wide receiver class, but he shouldn't. His smoothness comes from his athletic profile and his confidence in knowing how to win at the position. He needs to continue to get stronger but, overall, is a competitive player who can be a good WR2 for a vertical NFL offense."
"52","Anthony","Gould","5'8”","174","Wide Receiver","Gould brings a successful high school track background to the football field. Explosiveness and straight-line speed are his calling cards, allowing him to eat up cushions and put defenders in tough spots when he gets up to speed. He also has ample punt return experience, which will help as he looks to make an NFL roster. Though Gould is fast, he is small. His stature likely limits him to a slot-only role. He is a willing but ineffective run blocker. He also doesn't have the after-the- catch numbers one might expect for a player of his size, though his 81st-percentile average target depth shows that his college situation may have played a factor. ","Brings experience and ability in the return game (mainly as a punt returner). Very fast player. Explosive in his first few steps and has impactful top speed. ","Lacks the size and strength to compete at the catch point. Small catch radius. Willing but ineffective run blocker. Not a big yards-after-the-catch receiver. ",NA,"Gould's speed will give him a shot in the NFL as a depth receiver and a special teams player. He projects as a slot-only player."
"53","Lideatrick","Griffin",NA,"181","Wide Receiver","Griffin received the nickname ""Tulu"" because he was always getting ""too loose"" when other teams chose to kick it to him in peewee and high school football. His speed and explosiveness are the focal points of his game, though he could stand to build more confidence in those traits before the catch. He possesses good enough straight-line speed and short-area explosiveness to be an effective route runner, but it's almost like he's holding back at times. He is not overly coordinated when catching the football, something that must improve if he wants to be more than just a return specialist in the NFL. He also needs to get stronger overall. ","Good special teams experience, including return work. Good vertical receiver — you can tell he lets his speed loose when he is getting vertical. Has the athletic ability to be explosive in short areas. Turns into a different athlete once the ball gets in his hands. Has good change of direction and release combinations to get off press coverage. ","Not as quick as he is explosive. His foot speed seems slow for his size when executing different releases and breaks. Catch technique and coordination can be clunky. Needs to attack the ball in the air more. Not as confident and explosive before the catch as he is after. Hands need to be more active against press coverage. Needs to be a stronger player overall. ",NA,"Griffin will get drafted due to this kick and punt return ability. He has the athletic mold to be more of a flanker or slot, but he needs to be more consistent with his hands while diversifying his route tree to be more than just a ""go"" ball receiver."
"54","Marvin","Harrison Jr.","6'3”","209","Wide Receiver","Harrison is one of the most complete prospects you will find. He displays an understanding of how to win at the position like few college players do. He is well beyond his years in his releases, his route tree and his IQ to set up and manipulate defenders when creating throwing windows. For a player as tall as he is (6-foot-4), his footwork, change of direction and long speed are excellent. He has very reliable hands and hand-eye coordination to make tough contested catches. One area where he could have stood to improve from 2022 was his after-the-catch ability, and he proved in 2023 that he can deliver in such situations. ","Versatile in his releases off the line of scrimmage against press Body control is so good for a player of his size Active and precise hands to get off press Has the long speed to consistently threaten vertically Excellent hands. Makes the most of his catch radius and has spectacular catch ability and coordination Elite footwork. Release speed/cuts got even faster in ‘23 Willing blocker with good strength and long arms ","Sometimes a little too much arm extension to push off to create separation (more of a 2022 concern) YAC speed is adequate but not elite ",NA,"Harrison comes from Hall-of-Fame bloodlines, and you can see that in his tape without even knowing his last name. He has a truly rare blend of size, speed, strength and football IQ for such a young player. He will be a WR1-caliber player the day he is drafted, and one in the mold of a Tier 1 NFL wideout."
"55","Cornelius","Johnson","6'3”","212","Wide Receiver","Johnson is an experienced receiver prospect, having played 60 games with 44 starts at Michigan. He is a good overall athlete with a decent blend of straight-line speed, acceleration and change of direction. However, his change of direction can be a bit stiff, especially when he gets up to speed. He isn't an imposing blocker, but he is reliable in his positioning and fundamentals, which will help him make an NFL roster on special teams. His separation rates are very high, but that was more due to usage and setup than rare athletic ability. Johnson seems to have more in the tank talent-wise; we just didn't see it in his three years as a starter. ","Excellent overall athlete. Good straight-line speed and burst with decent change of direction. Competitive player whether catching or blocking. ","Not an imposing blocker, but a fundamental and reliable one. High separation rates are more due to setup and usage than rare athletic ability. Can be stiff when changing direction. Routes are more rounded than sharp. ",NA,"Johnson seems more talented than his production suggests. His NFL role is likely that of a WR4 or WR5."
"56","Xavier","Legette","6'1”","221","Wide Receiver","Legette is a late bloomer. He was used mainly as a schemed- up yards-after-catch receiver in 2022 and was not trusted to win as a route runner. This past season was a much different story. Legette ascended to WR1 in South Carolina's offense and gave us a season of ""wow"" moments due to his athleticism while standing 6-foot-3 and 227 pounds. He has some of the most impressive contested catches of any receiver, and he can hit a top speed that most his size simply can't. ","Impressive size-speed combination (hit over 22 miles per hour on a play in 2023). Dominant contested-catch receiver. Creates yards after the catch who can be emphasized in the quick game. Huge catch radius and makes the most of it — he made plenty of full extension receptions this season. Love his mentality to attack the ball in the air. ","Not much variance in his releases and footwork off the line of scrimmage. Route tree is limited, but it feels like he can diversify it. ",NA,"Legette does not have ample experience as the focal point of a passing attack, but 2023 showed he is capable of that. He is not as polished as a route runner/release-artist as he needs to be to achieve his potential at the NFL level, but teams take a chance on players of his build."
"57","Luke","McCaffrey","6'2”","198","Wide Receiver","McCaffrey is the son of Super Bowl champion receiver Ed McCaffrey and the brother of 49ers running back Christian McCaffrey. He doesn't have the same level of athleticism as Christian, but he is a highly nuanced receiver who maximizes his talent potential. He played quarterback for three years in college before moving to wide receiver. He is a savvy route runner — not just at the break point, but throughout his routes. He also has soft but strong hands to be a reliable target in all situations. McCaffrey is a good overall athlete but won't win off athleticism alone at the NFL level. He can also be pushed around a bit due to a lack of body density. ","Very natural athlete who can go up and grab passes with fully extended arms. Nuanced route runner — not just in his cuts, but throughout the route. Impressive concentration and strength for contested catches. Fun potential as a passer for trick plays. ","Good athlete, but lacks difference-making explosiveness to win off athleticism at the next level. Can get pushed around due to lack of body density. Struggles to create space against press due to lack of long speed. ",NA,"McCaffrey is a big slot type of receiver with the route-running chops to make up for decent athleticism. His reliable hands in traffic make him a good depth receiver and a potential WR3 in the NFL."
"58","Ladd","McConkey","6'0”","186","Wide Receiver","A three-star recruit with plenty of athletic versatility, McConkey played quarterback, running back, defensive back, punter and return specialist in high school. From his Georgia tape, McConkey is a highly nuanced receiver who has the athletic ability and football intelligence to be a difference- maker in the slot at the NFL level. His footwork and release variation give him the advantage against press coverage in the slot or on the outside. He also has good enough long speed to remain a threat vertically. He's on the smaller side, but that does not curb his willingness to be an impact blocker. ","NFL-level quickness and acceleration out of his stance and breaks. He's a slot type of player, but he has notable long speed to go with outside receiver experience and ability. Impactful YAC receiver for the quick game Overall size affects his efficacy, but he is a very willing blocker with good fundamentals (they put him in condensed formations on short-yardage plays). ","Releases have some false steps, but he is so quick and fast that it doesn't hurt his ability to be effective off the line. Limited catch radius for jump balls. ",NA,"Don't expect McConkey to be an ""X,"" jump ball receiver but outside of that, it's hard to imagine him not succeeding in the NFL. His game is reminiscent of Eddie Royal. Maybe not as fast with long speed, but he has devastating quickness, is good in the return game, and is a strong blocker for his size."
"59","Jalen","McMillan","6'1”","198","Wide Receiver","McMillan was a four-star recruit out of high school and committed to Washington over offers from schools such as Notre Dame and Alabama. He proved to be a wide receiver craftsman with the Huskies. He shows a high level of receiver intelligence with his diverse route tree, feel for zone coverage and nuanced way of attacking defenders and their leverage. He is also strong at the catch point and lives for the big moments. He doesn't have rare change of direction or top speed, but he knows how to get open consistently in a variety of ways as a flanker or slot receiver. ","Understands how to win with leverage and by attacking blind spots. Really good feel for finding soft spots against zone coverage. Fiesty and strong for a smaller receiver. Nuanced route runner who can run a variety of different routes in a fluid way. No wasted movement and explosive out of his releases. ","Doesn't have an NFL top gear to be a consistent vertical threat and create vertical separation. Change of direction is good, not elite. ",NA,"McMillan was someone Washington continued to prioritize in their passing attack, even with players like Rome Odunze and Ja'Lynn Polk on the roster. His nuances give him a high floor as a WR2/3."
"60","Bub","Means","6'1”","212","Wide Receiver","Means is physically gifted in both strength and speed. His arm length, wingspan and hand size all rank above the 80th percentile, which plays into his game. He is at his best when he can get vertical, as his build-up speed is better than his short-area burst. His bigger frame makes short stop-and- start movements less effective. He also doesn't show a consistent feel for open space as an underneath receiver. ","Huge wingspan and big hands are obvious pluses. Long arms can be an asset in blocking as well. Physically gifted player with both strength and speed. ","Doesn't show the best ""feel"" for the space when running routes and gaining yards after the catch. Bigger body takes longer to stop and change direction. Long speed is better than his acceleration. Has the physical profile to be a good blocker but lacks consistency in technique and competitiveness. ",NA,"Means is a vertical receiver who has a good physical profile for a streamlined role (fast, strong, big catch radius for contest opportunities deep). He can be a depth WR4/5 for a team that likes to push the ball vertically consistently."
"61","Adonai","Mitchell","6'1”","205","Wide Receiver","Mitchell began his career at Georgia, where he won back-to- back national championships. In 2023, he transferred to Texas to be closer to his daughter. He is an alluring outside receiver. At 6-foot-4, he has more finesse than most bigger- bodied receivers — his releases are quick, his change of direction is fluid and his acceleration is smooth. His skill set puts a ton of stress on cornerbacks. He could attack the ball with more intensity, and his presence can be inconsistent, but he brings starting NFL ability to the table. He was a touchdown machine for Texas and Georgia, reaching the end zone 14 times across 18 starts over the past two seasons. ","Fast, fluid route runner for his size. Fast footwork for quick releases off the line. Effective shoulder dip when running by defenders. Understands the nuance of how to get open, especially deep. ","The shoulder dip to avoid contact in his route is good, but he needs to be more willing to chop defenders' hands away as well. Release speed is fast, but there are some false and wasted steps. He could do a better job of attacking the ball in the air. His body language and effort can be very different when he’s a primary receiver versus when he's not. ",NA,"Mitchell's fluidity at his size makes him a tough matchup, especially in the red zone. The biggest area of concern I have with him is that I wish he attacked the ball more when it was in the air. If he improves in that category, he has fringe WR1/WR2 abilities."
"62","Malik","Nabers","6'0”","200","Wide Receiver","It does not take long when watching Nabers' tape to see that he moves differently compared to even the best in college football. His ability to accelerate while changing direction gives him a very high ceiling as a separation specialist. Though the strength elements of the position are a bit of a concern, his feet are lightning-quick to get off press at the line of scrimmage. He could stand to be more aggressive at the catch point (fewer body catches), but if that and his catching through contact improve, he has everything else to be a very dangerous NFL receiver. ","Short-area explosiveness and control remind of an elite CB Footwork is lightning quick. He can get defenders turned around immediately off the snap Elite separation athleticism. Acceleration ability while changing direction is rare Is a consistent vertical threat from the outside or the slot ","Hands are too low at the snap and when getting into his route. He will often lose first contact because of it Could add even more nuance/manipulation in his routes. Relies on elite change-of-direction ability right now. Will be unstoppable if he can attack leverage/manipulate coverage with more subtlety Could attack the ball better in the air. Lets it come into his body too often ",NA,"Nabers' movement skills are rare, even at the NFL level. His ability to change direction yet continue to accelerate makes him an open-target specialist in the slot and on the outside. He has the kind of athleticism that demands a defense to know where he is at all times as a future WR1."
"63","Rome","Odunze","6'3”","212","Wide Receiver","Odunze, a former four-star recruit, was named the Nevada Gatorade Player of the Year in 2019. In addition to his football success, he won a state title in the 200-meter dash. His Washington tape is that of an alluring receiver prospect, one whose build and ability do not come around often. He checks the boxes for height, weight and arm length to play all three receiver positions. He does the same from an athletic standpoint. His route running is smooth for a player of his size, and his acceleration is equally impressive. He became a more reliable pass catcher through contact in 2023 and is comfortable hauling in throws away from his body. ","Excellent hands. Has a large catch radius and can fully extend for catches through contact Impressive ability to change speeds at his size and weight Good vertical ability. Has a nice final top gear to separate Versatile route runner who can execute simple and complex routes Reliable, willing blocker ","Little slower to flip his hips on comeback routes, but nothing glaring when taking into account his size Not a lot of yards after the catch, but that is likely more due to ball placement/routes than a lack of playmaking ability Hands are low in his release setup, which can make it easier for press defenders to get hands on him ",NA,"In an offense filled with future NFL players at the skill positions, Odunze was the best of the bunch. If he weren't in a class with Marvin Harrison Jr. and Malik Nabers, we would be talking about him as an easy WR1 and a player worthy of a top-10 pick, although the latter is still true for 2024."
"64","Ricky","Pearsall","6'1”","189","Wide Receiver","Pearsall, a three-star recruit, also played safety in high school. He started his career at Arizona State before transferring to Florida in 2022. He is a projected slot receiver, and his slot skill set is about as good as one could hope. He is savvy and nuanced in his route running, winning in so many ways with a diverse route tree. His feet are quick and elusive, which allows him to be more of a vertical threat than his straight-line speed alone could create. He is also a very reliable hands catcher. He doesn't have rare flexibility for change of direction, but he makes up for it with how he sets up defenders. ","Nuanced and savvy route runner — always uses head/shoulder fake to create a little bit more separation. Quick off the line with good releases. Tough receiver who has some great receptions through contact. ","Agility is a bit stiff for a player of his size with his projected role. Was a decent vertical threat at the college level but likely won’t be based off straight-line speed in the NFL — scheme could help him. ",NA,"Ultimately, Pearsall won't intimidate defenders on the line of scrimmage, but he will once the ball is snapped. He is a ready- made slot receiver who can contribute early in his NFL career."
"65","Ja'Lynn","Polk","6'1”","203","Wide Receiver","Polk has been a productive receiver since his high school days, stacking up with Dez Bryant and Keke Coutee on his high school's receiving records. He is a highly competitive player who will earn his spot on an NFL roster through tough catches, reliable hands and a willingness to be physical. He has shorter strides, which causes a lack of true top-gear speed, but his strides are explosive. His upright stance and low hands at the snaps might cause some issues getting off press coverage at the next level. Despite the lack of top gear, he can be an impactful vertical receiver due to how comfortable he is playing through contact. ","Reliable hands catcher — catches through contact well. Hands are active to fight off defenders at contact in press or when getting vertical. Willing blocker on run plays — does not take plays off. Good short-area explosiveness — nice acceleration off the line and at the breakpoint. ","Shorter stride length doesn't yield a fast top gear of speed for separation. Rounds his route more than true breaks. Narrow base out of his stance makes it more challenging to generate power and leverage to get off press. Hands are low in his stance, giving up his chest for press defenders to dictate contact. ",NA,"Polk is a limited route runner, but he is also one of the best ""go up and get it"" contested catch receivers in this class (and that is really saying something). His knack for making big plays should always get him on an NFL roster in some capacity."
"66","Brenden","Rice","6'2”","208","Wide Receiver","As the son of the most accomplished receiver in NFL history, Rice's football intelligence sets him apart from most of his peers. There is so much nuance to how he plays the position — much more than you'd expect, even for the more polished receiver prospects. He has a vast understanding of releases, route running and hand techniques. He is a smooth runner who can gain separation at all three levels of the field. He isn't the most dynamic athlete, so his NFL Combine testing will be big for his draft stock. He also brings special teams experience as a returner. ","Long strides make for decent long speed (former track sprinter). Very intelligent route runner. Impressive blocker — fundamentally sound and does not give up on blocks quickly. Long arms help with dictating and maintaining blocks. Active hands against press and tight coverage. ","Change of direction is more smooth than sudden. Long speed is adequate but doesn't appear to have a rare top gear. ",NA,"Rice's name will come with high expectations but in terms of how he plays the position, his ability to win as a route runner is better than most of the receivers in this class. His high football intelligence should enable him to be a high-floor player in the NFL."
"67","Tavyion","Robinson",NA,"191","Wide Receiver","Robinson is an explosive slot receiver who has decent nuance in his routes to create separation. His footwork is quick and explosive off the line of scrimmage with good potential for effective releases. Robinson is still working on his feel for being open when running through zone coverages. It is tough for him to get open once defenders get their hands on him. He has the body control to make good adjustments to the ball and decent strength for contested catches, but both are inconsistent. He had a drop issue in 2023. As a blocker, he is willing and fast to his keys but can often overshoot or fail to line them up properly. ","Quick, controlled and explosive athlete. Explosive footwork to get out of his stance. Good overall athleticism and body control. Has some nice nuance in his route by veering one way and exploding another. Decent strength for contested catches. ","Overaggressive when setting players up for blocks — gets there quickly but can overshoot defenders. Six drops in 2023. Long speed is limited (but he's a slot, so that's OK). Still developing a feel for getting open when running crossing routes through zones. Struggles to create space after defenders get their hands on him. ",NA,"Robinson is an NFL-caliber athlete for a slot receiver, but he is a very inconsistent player in a handful of categories. He is a nice draft-and-develop option for Day 3."
"68","Marcus","Jacksaint","6'1”","195","Wide Receiver","Rosemy-Jacksaint's first college score ended in disaster — a gruesome broken leg that sidelined him for 10 months. He then struggled to find consistent playing time at Georgia and didn't become a regular starter until his senior season, but that 2023 tape showed an effective player. He understands the nuances and angles of route running, and his technique allows him to execute comeback routes with precision. He also has some of the most reliable hands in the class, rarely letting the ball come into his body. He takes pride in blocking and special teams work. Unfortunately, he is without an NFL- level top gear and struggles to separate. ","Conscious with his hand usage to get off press coverage. Fundamentally sound in how he chops his feet and flips his hips for comeback routes. Long legs, long arms. Consistently gets the ball in the air. Not the strongest blocker due to size, but he takes pride in it. Great hands — Zero drops on 93 targets over the last two years. Intelligent player who understands nuances of route running, attacking leverage, boxing out for catches, etc. ","Doesn't have an NFL-level top gear. Lacks the twitch and explosiveness to create separation. Lacks the strength to create consistent separation with contact. Has a tough time getting off jams in versus press. ",NA,"Rosemy-Jacksaint lacks difference-making NFL athleticism, but he is a determined, intelligent player who can round out a receiver room with special teams experience to boot. Expect him to be a priority Day 3 depth player."
"69","Ainias","Smith","5'9”","190","Wide Receiver","Across more than 2,100 snaps in his college career, Smith played as a receiver, running back and punt returner for Texas A&M. His short-area explosiveness is better than his long speed, but that long speed should be enough for the NFL. He is always trying to set up defenders with head fakes, shoulder shimmies and hard cuts on his routes. He also brings a variety of releases with a good understanding of why and how they work. He won't be a jump-ball, contested-catch receiver, but his competitiveness can't be questioned. He was asked to block the likes of Chris Braswell and Harold Perkins but didn't back down. ","Consistent as a returner. Conscious suddenness to his game. Change of direction acceleration is above average. RB experience shows up immediately when he gets the ball. Variety of releases with a good understanding of why and how they work. Highly competitive player. Was asked to block the likes of Chris Braswell and Harold Perkins but didn't back down. ","A little stiff to truly change direction when running near full speed but at slower speeds, he can really flip the hips. Long speed may be average at best, so testing will be big for him there. Won't be a jump ball type of receiver. Short arms lend to a shorter catch radius. ",NA,"For teams looking for an underneath slot receiver who wins with suddenness, savviness and blocking while contributing on special teams, Smith will be a name on their list. That likely yields Day 2 value on draft weekend."
"70","Brian","Thomas Jr.","6'3”","209","Wide Receiver","Thomas is the kind of player every offense wants for their vertical passing game plans. As a former football and basketball star in high school, he is a big, tall and fast vertical threat who demands the defense to always be honest about his ability to get behind them. His footwork and flexibility are fast and fluid for a big man. From 2022-2023, his releases became more effective in creating separation. He is also a willing and competitive blocker. He posted a career-high catch percentage in 2023, and that needs to continue moving forward. ","Smooth, long strides with good top speed to consistently threaten vertically Much-improved technique and footwork on his releases in 2023 Willing and competitive blocker ","Not a lot of experience versus press Catch percentage was lower than preferred the past three years (though 2023 was his best) Not a ""make you miss"" type of receiver after the catch ",NA,"Thomas offers a good combination of size and speed to push the ball vertically down the sideline, demanding safeties stay rotated to his side. To truly unlock that kind of threat, he will need to show he can consistently beat press coverage. Offenses that like to push the ball will prioritize what he brings to the table in the top 50."
"71","Jamari","Thrash","6'0”","188","Wide Receiver","Thrash's college football journey began at Georgia State, where he now ranks fifth in team history in receiving yards (1,752), eighth in receptions (104) and tied for sixth in touchdown receptions (12). Thrash is a smooth vertical threat with a good understanding of angles and leverage to attack all sorts of coverage deployments. He has very nice separation scores, but he's not as explosive as some of his peers. Rather than win with twitch, he wins with nuance and subtleties, which is an art, given how often he plays near the sideline. He needs to improve his hands after dropping 16 passes over the past three seasons. ","Runs route with nuance — good manipulation of a defensive back's leverage and blind spot. Good all-around athlete — adequate levels of long speed, agility and acceleration. Pretty strong at the catch point. ","Eight drops in 2023 for a sub-90% catchable passes reception percentage — 16 dropped passes over the last three seasons. Smoother speed rather than true explosive acceleration. ",NA,"Thrash is a good all-around athlete who has a knack for setting defenders up to create subtle separation near the sideline. His combine scores will be important for him to stand out in a stacked receiver class."
"72","Devontez","Walker","6'2”","193","Wide Receiver","Walker has the makings of a game-changing NFL receiver. When he was at Kent State in 2022, he played against Washington, Oklahoma and Georgia to start the season and not only looked like he belonged but was the best player on the field, at times. He is incredibly explosive. He consistently catches with his hands and can snag grabs through contact. In 2023, his footwork wasn't as precise, but he was much better in 2022. His route running right now is based on him winning vertically. He needs to be more nuanced, diverse and precise if he wants to consistently get by NFL cornerbacks. ","Active hands on the line of scrimmage — uses both his hands and feet to effectively get off press coverage. Very impressive athlete who has NFL-level explosiveness and top speed. Hands catcher who understands the importance of extension. Strong contested-catch player. ","In 2023, his route running was not as crisp. He needs more refinement, but we saw that in 2022. 2023 did not show a polished player (again, 2022 did more). Limited snaps against legitimate competition. ",NA,"Walker is not a polished product, but at 6-foot-2 and 200 pounds, he has the footspeed and vertical ability to put a lot of stress on a defense to cover deep. Overall, this is an NFL athlete who has even more room to improve and has the potential to get picked in the top 60."
"73","Malik","Washington","5'9”","191","Wide Receiver","Washington was one of the most productive players in the country in 2023. He's small, and that has its disadvantages — he lacks natural strength and length for jump balls and blocking assignments. Nonetheless, his footwork is precise and sudden, which makes him an effective separation player from the slot, especially when finding soft spots in zone coverage. He has an excellent first step to chew up a defensive back's cushion. He also has an above-average ability to change direction yet maintain or regain speed. He does not have much experience against press coverage, so he is likely a slot-only receiver. ","Compact build with good strength/balance. Quick, controlled feet make for precise cuts and good suddenness. Consistently extends hands to the catch point. He has strong hands, too. ","Short arms make for a shorter catch radius. Shorter arms make it tougher for him to be an effective blocker against longer corners. Limited long speed. Will be tough for him to have a depth/special teams role with how ineffective he can be at blocking. ",NA,"Washington is a tough assignment in the slot due to how fast he accelerates and his ability to create separation with quick changes of direction. He is a slot-only type of receiver due to his lack of size and strength, but he is tough to cover."
"74","Tahj","Washington",NA,"174","Wide Receiver","Washington is a smaller receiver who projects to a slot/special teams role at the next level. He grew up as a multi-sport athlete, playing soccer and football in high school while also running/jumping on the track team. He brings that all-around athletic ability to the football field in a variety of ways. USC lined him up in the backfield, in the slot and even as an H-back, at times. He is a strong hands catcher and was his best in that area in 2023. Despite his size, he does not have elite change-of-direction ability or vertical speed. ","Smooth shoulder dip when running past defenders in shallow zones. Strong hands catcher, especially in 2023. Has ample special teams experience over the past two seasons. USC used him all over; slot, flanker, H-back, running back. ","Makes Jordan Addison look big. Does not have the Tank-Dell-like change-of-direction ability for a player of similar size. Very limited experience and effectiveness versus press (slot-only type). Willing blocker but not an effective one. ",NA,"Washington's size will likely limit his playing time at the next level, but he could be an ideal WR4/5 as a nice depth piece and slot receiver on offense in addition to a return man/punt coverage gunner on special teams."
"75","Jordan","Whittington","6'1”","205","Wide Receiver","Much of Whittington's college career was hampered by injuries: a torn groin his first year, a torn meniscus his second year and a broken clavicle his third year. He stayed healthy the past two seasons, and when on the field, he showed he's an all-around, balanced athlete. Unfortunately, it does appear injuries have impacted his explosiveness vertically and laterally, but they haven't taken away all of his ability. His best work comes from the slot, where he can create throwing windows that allow him to gain yards after the catch. ","Explosive and athletic posture in his pre-snap stance, which allows him to generate a ton of power in his first step. Willing blocker. Good yards-after-contact kind of player (RB background). ","Stiff in his lateral movements when running routes — limited route tree. Limited long speed to threaten vertically and create separation with speed. Willing blocker but a little inconsistent. ",NA,"He projects as a slot receiver at the NFL level, one with a thicker build for yards after the catch and contact. Unfortunately, he has an extensive injury history, which may go into his limited athletic profile when stacked up against players at the NFL level. Nonetheless, he has been healthy the last two seasons and can be a versatile depth player at the next level."
"76","Isaiah","Williams","5'9”","182","Wide Receiver","Williams' scouting report starts with his devastating quickness. He is explosive and controlled in his movements, especially in his releases off the line of scrimmage. He can also change up his release speed to put cornerbacks in tough spots. His explosiveness allows him to create separation without contact and even through contact. He has great body control to make tough adjustments for catches. Williams' lack of size affects both his blocking and tackle-breaking potential, and his shorter arms and smaller hands limit his catch radius. ","Releases are precise. Knows how to stop quickly and create separation after defenders get hands on him. Very impressive body control for acrobatic catches and in-air adjustments. Quick acceleration but limited long speed. ","Feisty but won’t be a blocking weapon, given his size. Contested catches can be there but are tough with his size. Limited catch radius with smaller arms and hands. Has a tough time breaking tackles. Isn't as much of a ""make you miss"" playmaker as he could be after the catch. ",NA,"Williams is a specific type of small slot receiver, but one whose quickness can make him a tough speed matchup against slower nickel defenders. He has WR4/5 potential."
"77","Johnny","Wilson","6'6”","231","Wide Receiver","Wilson is a very intriguing prospect due to his coordination and athleticism for his size (both height and weight). He doesn't show a lack of balance, poor footwork or a lack of fluidity — even his change of direction is good relative to his size. He has a massive catch radius, which he has used often to his advantage. But his hands — both with and without contact — need to be more reliable. If he can show more fire and focus at the catch point, he can be an impactful receiver, especially in the red zone. ","Size is obviously a massive advantage for him. Pterodactyl catch radius. Much more coordinated, balanced and explosive than most receivers who measure in above 6-foot-6. Typically catches the ball with extended hands away from the body. Where agility is compromised due to size, he does have nice acceleration out of breaks. ","Has some frustrating drops. Could stand to attack the ball in the air with more determination. Needs better hand placement as a blocker. Hand usage could be better when working off contact early contact/press and trying to create a separation at the catch point. Has some expected lack of wiggle/change-of-direction flexibility due to his size, but for his size, it's actually not bad at all. ",NA,"It's hard to watch Wilson's tape and not be intrigued enough to take him at the back end of Day 2. He has some frustrating drops, but there is so much more to like, which is rooted in how well he moves for a player of his size."
"78","Roman","Wilson","6'3”","212","Wide Receiver","Wilson was born with speed in his DNA. His mother was a track star in high school, setting school and state records. Wilson himself ran a 4.37-second 40-yard dash in high school. So it goes without saying he is one of the class' fastest receivers. Before he became a full-time starter, Michigan used him to stretch the field. He earned a receiver threat rate of over 20% in three consecutive seasons. Defenses have to pay attention to him when he is on the field. Despite his small size, he brings good strength as a receiver and a blocker. He's not as agile as he is explosive but still projects well in a slot role for a vertical passing attack. ","Gets upfield very quickly via athleticism and no wasted movement out of his stance. Effective vertical speed. Willing and strong blocker. Expanded release repertoire in 2023. Reliable hands catcher, even through contact. ","Lateral movements are not as impressive as linear movements. Short catch radius. Difficulty getting off contact when he gets downfield. ",NA,"In a different receiver class, Wilson would be much higher on these rankings. He not only brings NFL-level speed but also NFL-level determination at the catch point and when blocking. His tape shows a player coaches would love to have."
"79","Xavier","Worthy",NA,"165","Wide Receiver","Worthy has difference-making NFL speed. He got off to a hot start at Texas, owning about every freshman receiving record in the Longhorns' record book. He's not just a straight-line sprinter — his footwork, acceleration, one-cut burst and vertical speed must be accounted for on every play. However, his play strength is a concern, as he does not fight off contact well and can get locked up against press coverage. ","Functional NFL speed, not just a straight-line sprinter. He can vary his speeds to still be an efficient route runner while operating at high speeds. Elite vertical threat. Elite explosiveness and acceleration when changing direction. Good deep tracking ability — can adjust when ball placement goes awry. Lightning quick footwork when releasing off the LOS. ","Struggles to separate again physical coverage. Can get locked up against good press corner who gets their hands on him early (got locked up by Tre'Vius Hodges-Tomlinson). Does not use his hands to fight off defenders when he attempts to run by them vertically. Strength is a consistent concern with his game, especially in regards to his catch reliability. ",NA,"Worthy must be identified pre-snap in all situations due to how easily he can take a pass to the house if not accounted for. If he can get stronger and learn to be a better hand fighter with defenders, he can be an impact pass catcher as a WR2/3."
"80","Erick","All","6'4”","252","Tight End","All is an all-around tight end prospect. He is a willing move blocker who is often detached from the line of scrimmage to lead, get to the second level or perform split-zone blocking responsibilities. He brings blocking fundamentals and good hand usage, though he could display more of a finisher's mentality. He understands how to use leverage and angles to wall off defenders without holding. He has big hands, although he did have frustrating drops in college. All is a better athlete than he gets credit for, as his change-of- direction fluidity yielded high separation rates in 2023. He also showcases good balance for yards after the catch. ","Willing blocker with a good understanding of leverage and angles to wall players off without holding. Conscious hand usage and placement to initiate and hold blocks. Functional movement skills for blocking and receiving. Has nice change of direction. Able to flip his hips well for a big receiver (high separation rates). Big hands that measure above 10 inches. ","Routes can look slow at times, but that doesn't stem from a lack of explosiveness — just inconsistency. Could use more nastiness when blocking. He has shown it, so we know it's there. Limited game action over the past two years due to injury. ",NA,"All could use a bit more nastiness in his game, but this is a player with a versatile, contributing skill set who projects as a TE2 at the next level if he can stay healthy."
"81","AJ","Barner","6'6”","251","Tight End","Barner has been a late bloomer throughout his football career, culminating in a career year in 2023. In 2022, he was slow off the line of scrimmage and in his routes. This past season showed a quicker, more explosive version of himself, though one that is still below average for the NFL. His calling card is blocking. His best work comes from an inline or wingback position, where he can push people around. He takes pride in his blocking, as he's constantly looking for work and has excellent grip and core strength to maintain blocks. He can erase secondary players near the line of scrimmage, and he can even push defensive ends around, at times. ","Strong blocker. Has the grip and core strength to maintain blocks and wall defenders off. Height and strength make high-pointing passes one of his strengths as a receiver. Impactful split-zone blocker. Improved release speed and versatility in 2023. ","Below-average athlete in all facets. Very slow to change direction in his routes. ",NA,"Though Barner won't give you much in the receiving game, he is an ideal TE2/3 for a team that likes to run heavy formations."
"82","Jaheim","Bell","6'2”","241","Tight End","Bell is a ""tweener"" for the tight end position but brings versatility as an offensive weapon with experience at inline tight end, wingback, running back and wide receiver. He has solid overall athleticism, with top speed and balance being his best traits. While his routes are good for a tight end, they are still rounded and don't create much separation against single coverage. He is also still finding a feel for zone coverage, too often simply running his route instead of speeding up or slowing down for space. Bell brings nice pop at contact as a blocker but does not maintain blocks consistently. ","Versatile football background. Played receiver in high school and running back in college, in addition to tight end. Can be a legit receiving option as a wingback, fullback or running back. Good vision for space as a RB and yards-after-the-catch receiver. Good balance for yards after contact. Hands are 10-plus inches. ","Size puts him in between positions. Smaller for a tight end, big for a running back. Brings pop at contact when blocking but doesn't maintain blocks well. Doesn't always have the best feel for zone coverage. ",NA,"Bell is an easy roster depth piece because of how many roles he can play, but he needs to find a better feel for zone coverage as a receiver and must maintain blocks better."
"83","Brock","Bowers","6'3”","243","Tight End","Bowers is one of the most well-rounded tight end prospects to ever enter the NFL. At Georgia, he was the SEC's Freshman of the Year. In both his sophomore and junior seasons, he was an All-American and the John Mackey Award winner (nation's top tight end). His build-up speed is good for the NFL, which is why he has elite after-the-catch ability. He has some of the strongest hands you'll see for a tight end. As a blocker, he might be the strongest pound-for-pound tight end you'll find. His versatility allows him to be an elite pre-snap movement piece, as defenses have to account for where he is at all times and in all formations. ","Even (and extensive) snap experience between inline and slot — ultimate chess piece as a pre-snap motion player. Pound for pound a powerful and reliable run blocker — great lead blocker on split zone concepts and counters. Blocking ability in space is fundamentally sound and reliable. Impressive after-catch ability due to his balance and yards after contact. He’s also a contested-catch machine. Change of direction is solid. Good build-up top speed. ","A little stiff when it comes to cuts in his routes — this explains his low separation percentage against single coverage. Route tree could be somewhat limited. Build up speed rather than twitched explosiveness, but the build- up is fast. ",NA,"Outside of being on the smaller side, Bowers is a dream tight end prospect who can be an impact player in the slot, out wide and inline. Add in his reliable blocking ability on the line and in space, and you have an ultimate chess piece offensive weapon with All-Pro potential."
"84","Dallin","Holker","6'3”","241","Tight End","Holker will be one of the older prospects in the class. He started his football career at BYU and transferred to Colorado State in 2023. Though smaller for the position, listed at 6- foot-4 and 235 pounds, he is a well-rounded athlete. He has a good first step and decent build-up speed to be a consistent vertical threat, especially over the middle. He displays strong hands for making contested catches over the middle. He isn't a twitched-up athlete, so his routes are very rounded, which affects his separation potential. While he is a patient and fundamentally sound blocker, his lack of weight shows up against bigger front-seven players. ","Natural mover — not an elite athlete but is a well-rounded one. Conscious to always attack defenders square between the shoulders when blocking. Has some tough catches up the seam and over the middle ","Lack of twitch and change-of-direction flexibility limits his route- running ability. Routes breaks are very rounded rather than hard cuts. Fundamentally sound blocker but not an imposing one (lower weight profile goes into that) ",NA,"Holker is a well-rounded, versatile tight end who can be a good depth piece to pay in multi-tight end offenses, but he likely lacks the top-tier athleticism to be a TE1."
"85","Theo","Johnson","6'6”","259","Tight End","Johnson brings plus size to the tight end position, ranking above the 70th percentile in height and weight. His long arms are an advantage when he is blocking edge rushers and hauling in passes. He has decent build-up and long speed when getting vertical up the seam, but he lacks the difference-making change-of-direction ability, which limits his route tree. He makes his money from an inline spot as a versatile blocker and pass catcher in heavier formations. He is a strong blocker when he targets defenders between the shoulders, but he can sometimes get crossed up (another area where his limited lateral ability shows). ","Arm length is a big plus when blocking — can match up length- wise with edge players and outreach defensive backs. Size is a big plus for him — big catch radius due to his long arms. Decent build-up and top speed for a player of his size. Built for in-line play. ","Lateral movements and change of direction are below average due to size. Lack of change of direction flexibility limits route tree. ",NA,"Johnson brings alluring size to the position with plus length for blocking and when hauling in passes. He is a developmental tight end who shows runs good vertical routes and thrives when blocking, but he needs to be more consistent in both areas."
"86","Tanner","McLachlan","6'5”","244","Tight End","McLachlan played wide receiver in high school back in Alberta, Canada, and that receiver background is evident in his tape. He will likely be a big slot receiver at the next level due to a lack of weight/blocking profile. He cannot be an inline tight end in his current state due to inconsistencies as a blocker. His acceleration and top speed are smooth and impressive for a player of his size. He also turns into a good playmaker after the catch with a mentality for extra yards through speed or contact. ","Smooth athlete for his size. Impressive acceleration to generate yards after the catch. Turns into a playmaker after the catch. ","Blocking consistency is lacking from fundamentals to power. Head dips and confidence fades when approaching blocks. Short arms despite being taller. ",NA,"McLachlan is a good athlete for his size to get an opportunity as a big slot receiver, but his lack of blocking profile makes him a liability inline in his current state."
"87","Tip","Reiman","6'5”","271","Tight End","Reiman has the body of an NFL tight end. He was a zero-star recruit who played both linebacker and tight end in high school and opted to walk on to Illinois as a tight end. He is well above the 50th percentile in size, but he carries it well. Reiman can push people as a run blocker, but he struggles to line guys up and has a bad tendency to lunge when blocking in space. His feet, hands and balance are all reliable in pass protection. While he doesn't have the suddenness for a diverse route tree/heavy usage in the passing game, his explosiveness can make him a good vertical option in heavy- tight end formations. ","A linear athlete who moves well for his size despite subpar change of direction. Has the strength to sled-push defenders when he gets them between his shoulders. Brings necessary straight-line build-up speed to be a vertical option. Impressive grip strength and balance for sustained blocks in pass protection. ","Is often not square and instead lunges to block in space. Likely not sudden enough in change of direction to be more than a heavy-personnel secondary tight end. Not as reliable in contested-catch situations as expected. ",NA,"Reiman is a throwback tight end with size and physicality. He is limited as a lateral athlete but has the potential to be a TE2 in an NFL offense that likes bigger tight ends."
"88","Ja'Tavion","Sanders","6'4”","245","Tight End","Sanders, a former five-star recruit, looks like a super-sized athlete. Coming mostly from an inline or wing-back position, he is a constant vertical threat and a mismatch for most linebackers in coverage. His hands are reliable, as he did not drop a single pass in 2023. His explosive movement skills allow him to run routes like a receiver. If he wasn't on a team that also included Adonai Mitchell, Xavier Worthy and Jordan Whittington, he could've easily been a 1,000-yard receiver. He possesses all the tools to be an impact blocker, as well. His tape does include snaps where he lacks the necessary blocking physicality against smaller players. ","True athlete for the position, as his long speed, acceleration and change of direction are all All-Pro caliber. He moves like a giant wide receiver — can run any route. Has the intangibles to be a good blocker but just isn't physical enough at times. A lot of his snaps came from inline, which made him a very tough seam and vertical matchup for defenses. ","I wish he approached blocking with more violence (did improve in 2023). Still a bit clunky with some of the nuances for the position (footwork as a split zone blocker, lining up defenders in space). ",NA,"Sanders is a Tier 1 athlete for the tight end position. He is still mastering the nuances of tight end play, and he needs more of a mean streak consistently as a blocker. However, even with those concerns, what he brings to the table as a vertical threat is worth a top-50 pick."
"89","Ben","Sinnott","6'4”","250","Tight End","Sinnott chose to go the walk-on route at Kansas State after playing defensive end and tight end in high school. He was one of the team's most versatile players over the past two years, lining up in the backfield, inline and in the slot. He is quick, which is not an adjective used often for tight ends. His foot speed allows him to accelerate and speedily change directions. While he is a willing blocker, defensive ends can overpower him. He is tough at the catch point but has shorter arms, which hinders his catching ability. His catch rate could also be higher. One would think he could excel on special teams, but he does not have that experience. ","Quick athlete, which is not common for tight ends. Versatile movement skills that allow him to be effective in the slot, inline and out of the backfield. Fast split-zone and lead blocker. Not the strongest but a willing blocker. ","Can get overpowered somewhat easily by bigger defensive ends. Hands are fine but not a major plus. Struggles to get off press coverage. Seems to have shorter arms, which shows up at the catch point and when blocking longer pass-rushers. Surprisingly lacks special teams experience. ",NA,"Sinnot is a true jack-of-all-trades tight end who can line up in the backfield, on the line of scrimmage and at reciever. His game lacks a true trump card, but he's the type of football player every NFL team wants in their tight end room as a versatile role player."
"90","Brevynn","Ford","6'7”","260","Tight End","Spann-Ford is a massive tight end prospect who was a two- year starter for Minnesota. His size can be overwhelming for defensive backs to cover when he is off the line of scrimmage. However, he doesn't move in a way where he can be relied upon there often. He has the build of an inline tight end, but his blocking remains inconsistent. He will go for crushing blocks and whiff quicker defenders too often. He doesn't doesn't pack as much of a punch at contact as you would expect. ","Big, imposing frame. Large catch radius. When he gets to the second level, he can overwhelm some lighter linebackers and defensive backs when blocking. ","Size should make blocking his calling card, but he is not as physical as he needs to be. Does not pack a punch on contact for blocking. Goes for big blocks too often, which yields whiffs. ",NA,"Spann-Ford's unique size will be his biggest asset to making an NFL roster, but his game right now is of a depth or practice squad player."
"91","Cade","Stover","6'4”","247","Tight End","Stover flip-flopped between linebacker and tight end at Ohio State, so it's clear he is a versatile athlete. He has a great build with good body control and balance, which shows up particularly when blocking. He is an intelligent blocker with patience and strength for his size. In the receiving game, he has reliable strong hands for contested catches. He shows good burst out of his stance, but his long speed will not be a major difference-maker at the next level. His intelligence allows him to run a diverse route tree, but his lack of lateral flexibility and explosiveness limits his separation ability beyond vertical routes. ","First step is adequate to get upfield and create some space — you can see the DE background in how he fires off his front foot. Actually has some nice nuance in his routes with hand fighting, tempo and shoulder/head fakes. High blocking intelligence — lining guys up in space, hand placement, etc. He’s reliable and impactful in run blocking. Nice balance through contact. Strong and reliable hands (2 drops on 100+ targets in 2022-23). ","Route tree is pretty diverse, but separation via lateral movements won't be one of his strengths. Won't win with top speed at the next level. ",NA,"Stover is a well-rounded, well-versed football player whose natural athletic ability and fundamentally sound approach to the position should make him a high-floor role player with TE1 potential."
"92","Jared","Wiley","6'6”","249","Tight End","Wiley really was not used in the passing offense until this past year but showed that his best could be ahead of him. Being a tight end at the NFL level can be more demanding than people realize. You have to have a rare blend of size and movement skills that most humans don't have. Wiley has that combination. He maximizes his catch radius and has an extremely low drop rate. His route tree is limited by the number of routes he ran, but he has the natural athleticism to be a decent route runner. He needs to improve both his finishing mentality and footwork in blocking for better consistency. ","Ideal blend of size and natural athleticism for the position. When he gets a defender between the shoulder pads, he has the ability to really lock onto blocks. Can be an effective blocker against linebackers and defensive backs in space. Comfortable maximizing his catch radius for throws away from his body. Explosive getting out of his stance. ","Feet can be slow in blocking at times. Wish there was a bit more fire for finishing blocks. ",NA,"Wiley has an ideal size/athleticism combination to be a contributing TE2/3 at the next level."
"93","Isaiah","Adams","6'4”","315","Interior OL","He is well-built with good height, weight and length, especially for a guard. At tackle this past season, he showed why he likely won't stick there at the NFL level. His hand placement is far too inconsistent to be on an island on the outside, and he is overaggressive while exposing his inside shoulder during pass sets. He has good leg drive and finishing ability in the run game, and his movement skill likely translates best to zone-blocking concepts. ","Well-built guard prospect who has good mobility to boot. Has decent leg drive to move defenders when he hits them between the shoulder pads. Impressive mirror ability (though inconsistent with anticipation). ","Misses on his target acquisition, which is why many worry about him on an island at offensive tackle. High out of his stance — lacks flexibility to really sit and get low. Overaggressive on his pass sets. He just does not have a good feel for staying in front of defenders as a tackle (moving to guard will help). He doesn't really use his length to his advantage consistently. ",NA,"Adams is still a developmental guard prospect. Moving to guard will mitigate some of his biggest issues, as he has the size and movement skills to be a potential starter in a zone-blocking scheme."
"94","Joe","Alt","6'9”","321","Tackle","Alt is an easy first-round offensive lineman on film, bringing a high football IQ at just 21 years old. He started as a true freshman at Notre Dame, playing more than 2,200 snaps in his three-year career. Despite being 6-foot-8, he has good flexibility to get in a three-point stance in run blocking and maintain good drive and leverage off the snap. His footwork is so quick for a player of his size, and his balance and core strength stand out. He is effective in both gap- and zone- blocking schemes. His only true weaknesses come from overextending his arms and getting off balance to dictate contact, and a lack of density when absorbing bull rushes. ","Hands are consistent in their pre-punch placement Extremely impressive athlete Great awareness to look for work and block the most pressing defender Has a finisher’s mentality in the run game ","Kick slides don't have a big stretch to them, but he can manage at 6-foot-8 Can overextend and get a little off balance and out over his skis, at times Arm length is adequate due to his overall frame ",NA,"The NFL draft is all about finding players with size, speed and strength who have the IQ to use those traits optimally. That's Joe Alt, and that should spell a top-10 selection as a future long-term tackle."
"95","Kiran","Amegadjie","6'5”","323","Tackle","Amegadjie looks like a future pro on film when standing next to FCS-level competition. And when the ball is snapped, he plays like it. His 6-foot-5, 325-pound frame can succeed at tackle in the NFL, although he also started at guard for one season at Yale. His feet are heavy at times, given his weight, but his strides cover a ton of ground to mirror defenders. His power at the point of attack is imposing. He brings consistent and impactful power to redirect and displace defenders. Though a bit high-waisted and high in his pad level, he shows a good understanding of winning with leverage, loading his body as low as he can before contact. ","Body is built for the NFL Stride length on his kick slides and shuffles covers a lot of ground to stay in front of guys Really good balance of weight and power at contact Though he has a naturally high pad level, he is conscious of leverage and attempts to dip his shoulders before contact Very impressive displacement/redirect power versus his current competition ","High pad level. High-waisted build at the hips makes it tough for him to sit in his stance at the snap Foot speed is somewhat slow Lack of hip flexibility and ability to sit in pass protection creates some balance issues ",NA,"Projecting a player to go from the FCS level to the NFL level as a starter is tricky, but Amegadjie has the tools and the tape to be a worthwhile investment in the top 50 as a starting-caliber tackle or guard."
"96","Graham","Barton","6'5”","313","Interior OL","Barton should switch from OT to the interior (likely center) in the NFL. He has good quickness and explosiveness from a loaded stance, where he can get low and load his weight on his quads before the snap. His grip strength is impressive, although his tendency to not let go leads to some holding calls. He has a mean streak in the run game with the leg drive to bury defenders. He is a good athlete off the ball and in space to be a successful second-level blocker. Barton struggles against power and will need to improve his anchor against interior defenders. He is experienced at tackle, but his foot speed and length are issues there. ","Well-balanced in his pre-snap base. Butt is a bit high, but he is loaded on his quads to explode off the snap Strong grip strength Has a mean streak in the run game Boasts the athletic ability and coordination to get to the second level and be effective Excellent leg drive, especially on combo blocks Reliable hand placement to control defenders ","Strength trails off after initial punch Grip strength is a plus, but his tendency to clamp on leads to holding penalties Gets tripped up/plays on the ground too much Can get on his toes too much and overextend Foot speed and length are not at the level of an NFL tackle ",NA,"Barton is a tough lineman who moves well and has strong hands and a mean streak in the run game. His best position in the NFL is likely at center, as he brings starting-caliber traits there."
"97","Cooper","Beebe","6'3”","322","Interior OL","Beebe brings experience and versatility from his Kansas State career, with 48 starts combined at left guard, left tackle and right tackle. He is built well for the interior, with a thick lower body, upper body and midsection. His trump card is his football IQ. He has an impressive understanding of why the fundamentals win at the position — leverage, hand placement, angles, timing, etc. Beebe leaves much to be desired as an athlete. He does not get off the ball with explosiveness and thus does not convert speed to power at the punch often. His feet are heavy, and he struggles to recover against twitchier pass rushers. ","Brings a high football IQ and displays a great understanding of angles, leverage and timing Versatile lineman with experience at all three spots on the line Hands are well placed and effective Can effectively move defenders when he maintains good pad level/leverage Good size and technique to anchor straight bull rushes ","Below-average athlete Lets defenders get across his face too easily and struggles to recover Feet are heavy to recover versus twitchier pass rushers Slow off the ball. Doesn't convert speed to power consistently ",NA,"Beebe's high football IQ should lead to a long NFL career. Unfortunately, his athletic limitations will likely limit that career to that of a backup swing lineman."
"98","Tanor","Bortolini","6'4”","303","Interior OL","Bortolini's athletic potential has always been evident. He earned starts at left guard, right guard and center at Wisconsin but projects best to center in the NFL. He can explode out of his stance to reach and wall off defenders, and be effective as a puller on man/gap run-blocking plays. He is a high-intelligence lineman with good hand technique and makes protection calls at the line. His strength is adequate for single blocks, but he isn't a people-mover and may struggle with bigger NFL defensive linemen. Bortolini's biggest weakness is a lack of length, which shows when he is trying to maintain blocks. ","Made protection calls at the line of scrimmage for Wisconsin’s offense. Explosive out of his stance to get across the face or wall off defenders. Athletic and coordinated enough to line up linebackers between the shoulders at the second level. Fast, balanced footwork to mirror in pass protection. ","Late to react to stunt loopers. Strength is adequate to hold up against single blocks, but he isn’t a people-mover and may struggle against stronger guys. Lack of length shows when trying to maintain blocks. Has some bad reps where he lunges and misses while trying to make up for lack of length. ",NA,"Bortolini brings an alluring combination of versatility, high football IQ and top-tier athleticism. He has starter qualities, but his lack of length could be a deal-breaker for NFL success."
"99","Javion","Cohen","6'4”","324","Interior OL","Cohen is a powerful player with a strong lower and upper body, which gives him an impactful punch at contact. He has a finisher's mentality and wants to bury defenders. However, this can sometimes be a negative, as he will be fixated on finishing a block instead of taking a more imminent threat to the quarterback. His base is narrow, which gives him loaded power at the snap but balance issues afterward. Lateral movement also gives him some trouble, as it takes him a bit to stop and start. ","Compact and powerful stance. Can really pack a punch at contact. Finisher's mentality that will bury defenders if he has the chance. Well above-average length for a guard. ","Lateral movements get him in trouble, including when blocking in space as a puller. Has a good length advantage physically but did seem susceptible to push-pull moves. Sometimes loses control when he attempts to pancake defenders. Weight can get over his toes and off balance. Narrow causes some imbalance after the snap. ",NA,"Cohen gives you the power you're looking for as an NFL guard in a man/gap run scheme, but he does need to improve flexibility and anticipation to have better balance and become a more reliable pass protector to get and keep a starting role."
"100","Brandon","Coleman","6'5”","313","Tackle","Coleman has played both left tackle and guard for TCU. His wingspan is massive, and he has great movement skills to go with good length. His feet are quick, and his first step is explosive. He can also move well laterally but does need to anticipate better when passing off defenders. His hand placement and pad level are inconsistent. He also has good core and grip strength to maintain blocks after contact. ","Wingspan and arm length are a big plus. Very good mover — well-built and good all-around athleticism (basketball background). Good core strength and grip strength to latch onto defenders. Good explosiveness and lateral quickness. Has experience at both guard and tackle. ","Doesn't have imposing pop and leg drive at contact. Hand placement can be wide, causing defenders to achieve better positioning. Has the ability to be a quick lateral mover but just needs to anticipate better. Pad level is generally high. ",NA,"Coleman is the ideal developmental offensive line prospect with high percentile athleticism and measurables that present a starting caliber ceiling in the NFL with improved fundamentals."
"101","Ethan","Driskell","6'8”","313","Tackle","Driskell, a former basketball player, is a massive human being on the left side of the line of scrimmage. He has imposing size and strength, and he is a true people mover when he makes contact. He has nice balance to recover from his basketball days. His hand placement is inconsistent and too often ineffective. They are too wide and do not allow him to get controlling leverage inside. His feet are a bit heavy, but his strides are so long that it doesn't affect him much. Better speed rushers will likely still give him trouble in the NFL. I also wish he would play with more pride through the whistle. ","Massive frame. When he can fully extend his arms with leverage, defensive linemen go flying. His feet are a bit heavy, but he makes up for it with long strides. Due to sheer size, when he hits with momentum, he can displace defenders, especially on combination blocks. Has good balance for a big man. ","Does not play with a fiery level of competitiveness. Hands are heavy and late too often. Hand placement is consistently wide right now. His pass protection is more about shoving defenders off their rush path than truly staying in front. ",NA,"Driskell is a massive, powerful left tackle who would work well in a man/gap scheme, where his job is to vertically displace defenders. Even with his slow foot speed, if he can improve his hand placement, he can be a depth tackle prospect."
"102","Olumuyiwa","Fashanu","6'6”","312","Tackle","If it's true that offensive linemen are the best athletes on the field, Fashanu is the poster child. His pass-blocking work is so impressive because of his fast feet. His power profile is adequate but not elite. In the run game, he does not pack a punch at contact and has some flexibility/footwork issues that don't allow him to maintain blocks. He uses a low-hands technique seemingly to make up for a lack of natural pad leverage, as well as to keep pass rushers from knocking his hands away. However, the low hands expose his chest too often. When he does get his arms up and in, he can anchor — even against good speed-to-power rushers. ","Impressive athlete for a player of his size Great foot speed and balance Ability to anchor actually isn't as bad as advertised When he gets his hands inside, he rarely lets the opposition counter him ","Hands were low in pass protection in 2022; exposes his chest and magnifies deficiencies versus power Some natural stiffness; high pad level, shorter strides in kick slides, narrow base to sustain run blocks Needs more of a mean streak in the run game ",NA,"Fashanu is not only incredibly talented but will also be one of the youngest prospects in the 2024 class. He is the type of athlete in the trenches you draft in the first round, even if he needs to get stronger to live up to his very high potential."
"103","Troy","Fautanu","6'4”","317","Interior OL","Fautanu is one of the best athletes in this offensive line class. His flexibility, agility and coordination could allow him to see meaningful reps at all five offensive line spots, but his long- term home is likely at guard or center. He has fast hands for flashes, repositioning and first contact. He also has a motor that never quits and looks to finish defenders whenever he can. Fautanu's aggressiveness is nice to see, but it can get him in trouble. He tends to overextend when punching and oversetting in pass protection. His power profile is good only when he has momentum. His lack of lower-half weight shows up when he is asked to anchor. ","Flexible groin/hips to sit low and get his butt down in his pre-snap stance Fast feet that fire off the ball in run and pass blocking Impressive overall athlete for his size. Full OL position flexibility Has a leg drive that just doesn't quit Excellent hand work to flash/reset/latch on, etc. ","Combo-block strength is hit-or-miss Has some reps where he gets overaggressive Lacks weight in the lower half Power is good when he has momentum. If not, it is not dominant ",NA,"Fautanu is a true athlete of an offensive lineman with starting- caliber traits for center or guard. His movement skills would be a big plus in a zone-blocking scheme."
"104","Blake","Fisher","6'6”","310","Tackle","Fisher is a two-year starter at right tackle for the Fighting Irish. He wins with power in run blocking and pass blocking. He has a wide, strong base that allows him to generate a ton of power through his lower half, making for an impactful punch at contact. He is an ideal comb/duo run blocker for a man/gap scheme. Fisher also checks the box for being able to displace and redirect pass rushers. His foot speed is somewhat limited, and because of that, he may always struggle with speed rushers who attack his outside shoulder. His size and power do mitigate that, though. ","Wide base at the snap to get in a three-point stance for run blocking Impactful combo/duo blocker. Would fit well in a predominantly man/gap scheme Strong player at the point of attack who can really displace and redirect defenders ","Feet hop more than move. Too much time with both feet not grounded Overextended too often Foot speed might be too slow to really protect the outside shoulder without a good jump ",NA,"Fisher has the power to play at the pro level but needs to get quicker to his landmarks. He also needs to be more patient and balanced in his strikes to not be susceptible to NFL level speed rushers. He has starter potential at an ideal age."
"105","Javon","Foster","6'6”","313","Tackle","Foster has been a three-year starter for the Missouri Tigers, all at left tackle (over 900 snaps in each season). His experience is a plus, as he understands angles, leverage, hand usage, and just how to win at the position. While he is explosive for his size to get out of his stance, he is not a very flexible. He has a narrow base pre-snap and on the hoof, which causes some balance issues. He also plays with a high pad level, so despite showing a good understanding of leverage, he doesn't always maintain it. His zone-blocking grades are much higher than his gap scheme grade, as he's better with movement in space than brute strength. ","Nice understanding of angles and leverage. Has decent strength to displace edge rushers. Not a flexible athlete but can be explosive out of his stance (evidenced by vertical and broad jump testing). ","Base is a bit narrow, which causes his hips to be higher at the snap. Naturally high-waisted, which leads to a high pad level. Lacks flexibility in the lower half/groin to really stretch on his kick slides. Balance can be suspect, likely due to his narrow base. Will swing his arms back to generate power. ",NA,"Foster has good length and experience to be a preferred backup offensive tackle in a zone-blocking scheme with enough dependability to be considered a potential starter."
"106","Zach","Frazier","6'3”","313","Interior OL","Frazier has the perfect background for an interior offensive lineman, as he was a four-time state wrestling champion in high school. That built-in core strength is a massive boon to his work on the interior. His body control and forearm/grip strength allow him to latch on to defenders. His flexibility is impressive, and he can get low to consistently win with leverage at the snap, even on quarterback sneaks. His arms are short, which is OK for a center, but he will lose cross-face reps against longer defensive linemen. He won't blow you up with power at contact, but he does have the weight, power and technique to anchor well in pass protection. ","Fantastic flexibility Core strength and body control are a big plus High offensive line IQ Can get low enough for QB sneaks Adequate overall athleticism to shuffle and climb to the second level Excellent forearm/grip strength to latch on ","A little too easy for defenders to toss aside, even when he has good hand placement Can get into trouble when longer interior defenders get across his face ",NA,"Frazier's background and build give him a high floor as a scheme-versatile center who is worthy of an early Day 2 pick and a starting role."
"107","Taliese","Fuaga","6'6”","324","Tackle","Fuaga is the kind of ass-kicker every NFL team wants in the trenches. He has a finisher’s mentality in the run game and takes pride in pushing defenders against their will. In pass protection, his stride length is limited but his foot speed makes up for it. He has a good, wide base to neutralize bull rushes quickly. His hands are consistently up and in the right position to strike with power at any moment. He also possesses the hand quickness to hand fight yet protect his chest. He can be a bit overzealous to make contact in pass protection, which can lead to a vulnerability to swipes and chops. But that patience did improve in 2023. ","Fires off the ball with bad intentions (both in pass protection and run blocking) Good, wide base for quickly mitigating bull rushes Looks to bury defenders out of the play in run blocking Good grip strength to maintain blocks Very fast hands to punch yet recover and replace when getting into hand fights ","Lighter in the lower body; holds a good amount of weight in his midsection Can get overzealous in making contact Can struggle reaching deeper landmarks in pass protection due to stride length (not foot speed) ",NA,"Ultimately, Fuaga’s tape is that of a starting NFL offensive lineman, whether that is at tackle or guard. He brings the powerful mentality needed to stand out in the trenches. I believe he has the adequate length and foot speed, good offensive line IQ and elite strength to succeed at tackle and get a shot there as a first-round pick."
"108","Matt","Goncalves","6'6”","327","Tackle","Goncalves started at both right and left tackle for Pittsburgh over the past three seasons. While he isn't the best athlete, his foot speed is quick, which allows him to redirect and mirror better than one would expect. His hands are fast, and he remains calm when hand-fighting and resetting. He loves to use a hand flash move to bait defenders into throwing their hands first so he can counter or knock them away. He can move people in the run game and has good coordination for second-level blocks. When dealing with bull rushes, he is lighter in the lower half. His vulnerability to inside moves might cause him to play guard in the NFL. ","Good knowledge of what wins at the position Fast, well-positioned hands. Will bait pass rushers with hand flashes Very competitive offensive lineman Feet are fast and controlled Great grip strength ","Doesn't recover as easily as others when caught off guard Arm length may just be adequate at best for NFL thresholds Gives up the inside shoulder too easily Below-average athleticism ",NA,"Goncalves’ 2023 season was cut short due to a season-ending torn ACL. He won't ""wow"" with athleticism or length, but he's a solid prospect who has the chance to be a starter at tackle or guard in the NFL."
"109","Tyler","Guyton","6'8”","322","Tackle","Guyton is a rare athlete for an offensive tackle. He is a former defensive end and didn't start playing offensive tackle until he got to college. That inexperience is still visible. His strike targets to defenders' bodies are inconsistent, as is his hand placement. This has caused him to be more of a pusher than a blocker. But his natural physical ability is evident. Guyton’s foot speed and stride length for a player of his size are impressive, allowing him to mirror without overextending. He can fire off the ball quickly, and that gives him a good punch at contact. ","Truly elite movement skills. Could honestly play tight end Fires off the ball. Defensive end background shows up there Kick slides cover a ton of ground without him having to overextend and get off balance Good power with initial punch Evolved hand techniques from 2022 to 2023 ","Strike placement is off, allowing defenders to more easily roll off his blocks Hand placement is very inconsistent when it comes to strike locations and gripping the right spots to maintain blocks Late to react to stunts/twists/delayed rushes More of a pusher than a blocker High pad level at the snap ",NA,"Guyton is raw in how to win with technique at the position, but there aren't many offensive linemen who have a better athletic mold. He has starting-caliber NFL gifts but must eliminate negatives in both the run and pass games to succeed at the next level."
"110","Christian","Haynes","6'3”","317","Interior OL","Haynes was a four-year starting right guard at UConn. He has the ideal build for an interior offensive lineman: shorter in height for leverage but higher in weight with long arms. His weight is also distributed well, especially in the lower half, which allows him to anchor bull rushes and throw down lighter defenders. He has a good first step off the line of scrimmage, and that makes for some impactful blocks as a puller and a zone blocker. His overall athleticism is good, but he can get off balance when in space. He isn't as much of a people-mover in a man- or gap-blocking scheme. He also doesn't sit as low as he should in pass protection. ","Makes for a great puller and zone blocker Overall athleticism is above average. First step is better than top speed Consistent and strong hand placement to control/throw defenders Properly distributed weight. Good mass in the lower half Ideal build for an interior lineman. Short in height for leverage but above-average weight and arm length ","Not nearly as effective when blocking up the middle in man/gap than as a puller or on zone-blocking plays Doesn't sit in pass protection like he needs to Balance can be an issue ",NA,"Haynes showed in his tape and at the Senior Bowl that he has starting-potential measurables and traits at guard in the NFL. His best work comes on the move, which would bode well for a zone-blocking scheme and as a puller for man/gap schemes."
"111","Christian","Jones","6'5”","306","Tackle","Jones started his high school athletic career playing soccer and didn't start football until his junior season, where he played defensive end before offensive tackle. He played at Texas for six years and started 48 games. That experience is evident in his understanding of leverage, angles and hand placement. His long arms/wingspan can engulf on- and off- ball linebackers. He is a good linear athlete who can function in zone-blocking schemes. However, he will bend at the waist in pass protection with slower footwork, which will get him in trouble in the NFL. His power profile is adequate but not difference-making. ","Strong, wide base in his stance allows him to fire off the ball with balance and power. Adequate athlete as a puller and for zone-blocking schemes. Long arms/wingspan to engulf linebackers at the second level. Fundamentally sound offensive tackle who has good hand placement and understanding of angles and leverage. Good grip strength to maintain blocks. ","Seven holding penalties over the last two seasons. Lacks difference-making punch power. A little light in the pants to anchor and displace. Can get a little over his skis/toes when making contact, as bending at the waist will get him exposed against good edge rushers. Though a good athlete, his feet can be a bit heavy/slow. ",NA,"Jones has a ton of experience, good length, and good linear athleticism for zone-blocking schemes. However, he still has some bad tendencies to clean up before he can be considered a rotational or starting tackle in the NFL."
"112","Trevor","Keegan","6'5”","310","Interior OL","Keegan started 39 games at left guard for Michigan across four seasons. His height doesn't translate to length, as his arm length and wingspan are below the 25th percentile for the position. He is a natural athlete with good flexibility. He can sink low in his wide stance at the line of scrimmage for maximum leverage and explosion out of his stance. He has an impressive success rate when lining defenders up between the shoulders in space and at the second level. This leads to successful blocks in gap/man schemes. Keegan lacks the body density to quickly anchor, and although he can maintain blocks well, he is too easily moved by stronger defenders. ","Coordinated athlete. Covers ground and stays balanced. Good flexibility in hips/groin to sink low in a wide base at snap. Good pad level despite height. Consistent hand placement and maintains blocks well. Impressive success rate when lining guys up in space and at the second level. Doesn’t panic and lunge at defenders. Good eyes for help in pass protection/passing off defenders. ","Is manipulated too easily when locked up with stronger defenders. Lacks the body density for a quick anchor. ",NA,"Keegan is smart and experienced, and he brings coordination, balance and explosiveness as an ideal guard in a man/gap scheme. He lacks true power and body density, which complicates his ceiling, but he does have starting-caliber traits."
"113","JC","Latham","6'6”","342","Tackle","Latham is a dream offensive tackle physically, placing well above the 50th percentile at the position in height, weight and length. Yet, he moves like a player who is 40 pounds lighter. His foot speed and coordination are impressive. He has the flexibility to sit low in his stance at the line of scrimmage for good leverage. He is a true people mover in zone and gap concepts and is a devastating combo blocker. He shows good hand usage and hand speed for baiting pass rushers and resetting his hands after hand fighting. He sometimes struggles to anchor in pass protection, with his worst plays over the past two years coming against strong bull rushes. ","Natural, athletic pre-snap stance Footwork is naturally very balanced and coordinated Shows an understanding of advanced techniques, such as baiting defenders by flashing his hands Arm length is more than adequate for the position at the pro level Hands are up, active and fast for initial contact and resetting Has the power to be a people mover ","For his size, he isn't as imposing with strength as one would think Anchor ability is good due to size and wide base, but he does get punched back a bit on bull rushes Dips his head/eye level too often; allows defenders to counter/swim/avoid the block Can get overaggressive in his pass sets, which opens him up to inside moves ",NA,"Latham is in the mold of an offensive lineman who does not come around often. He will be just 21 years old during his rookie season yet has two years of starting experience in the SEC. Despite garnering 18 penalties over the past two years and having room to improve in some anticipation parts of the position, Latham is a first-round trench player due to his rare combination of size, speed and refinement."
"114","Sataoa","Laumea","6'4”","319","Interior OL","Laumea played defensive tackle and offensive tackle in high school, and he'll bring positional versatility to the NFL, too. He won't be playing both sides of the ball, but he did gain experience at guard and tackle at Utah — though he projects best to guard. He has the size, thickness and power to handle NFL defensive tackles. He has a good punch at contact and can anchor well. His hand usage improved over the years but is still inconsistent when sustaining blocks. His foot speed appears to be an issue, and he struggles to mirror faster defenders. He has a good first step but lacks the long speed to climb to the second level. ","Good power at contact. Adequate size to anchor and handle power. Good core strength to wall off defenders if he gets them between the shoulders. Has experience at right guard and right tackle. ","First punch of contact is good, but he struggles to keep defenders blocked. Hands can be too wide and at the shoulders. Slow feet to react and mirror when defenders go cross-face. Decent first step, but he lacks the running speed to get to second-level defenders. ",NA,"Laumea’s power profile is that of a potential starting guard. His footwork and anticipation must improve to match the speed of NFL rushers."
"115","KT","Leveston","6'4”","326","Interior OL","Leveston was a two-year starter at left tackle at Kansas State, but his best NFL position is on the inside. That's not due to lack of length, as he has adequate weight and length for the guard position. His experience at tackle also gives him a more comfortable baseline for pass sets at guard. He is quite the mauler in the run game, and his frame allows him to generate a ton of power at contact. He is also a fighter when he gets latches onto defenders. His hands are his biggest weakness as a player right now. His hands are too low, which exposes his chest and makes him late to punch. His low hands also cause his hand placement to be too wide. ","Thick, powerful build that can really move people. Lot of fight when he gets his hands locked on defenders. Pass set experience from tackle will be an advantage at guard. Feet are decently light for his size. ","Low hands expose his chest too easily. Hands are too wide at contact too often. ",NA,"Leveston has the build, strength and movement ability of a starting guard in the NFL, but his hand work must improve in order to achieve that."
"116","Beau","Limmer","6'5”","302","Interior OL","Limmer enters the NFL with a ton of experience, starting for the majority of the past four seasons. He has taken snaps at guard and center, but center is likely his best position in the NFL. He has good lower-half flexibility and explosiveness to get out of his stance and drive the legs when engaged with blockers. He also has quick and precise hand placement, which helps mitigate his lack of length. Although Limmer is strong, it feels like he could use more weight — both for anchoring and displacing stronger defenders. He is a coordinated athlete who can also be reliable on second-level blocks. ","Looks to make contact until the whistle. Reliable hand quickness and placement to handle nose tackles. Has the first-step explosiveness to reach and get across a defender’s face at the snap. Coordinated and balanced leg drive when engaged in blocks. ","Strength appears adequate. Could struggle with stronger NFL defensive linemen. Appears light when anchoring. Might need to add more weight. ",NA,"Limmer is an experienced offensive lineman with consistent fundamentals, especially hand placement and leverage. He could use more weight to anchor better but should be a good depth player with starting potential."
"117","Christian","Mahogany","6'3”","314","Interior OL","Mahogany is a throwback type of interior offensive lineman whom run-heavy teams will gravitate toward. He is built well for a guard, with a barrel chest, good weight in his midsection and plenty of sand in the pants (weight in the hamstrings and glutes). This helps him generate a ton of force in run blocking. He has an eraser's mentality and will completely block his guy out of the play. His pass protection needs polish, as his hands are often too low and he makes it easy to get across his face or swipe. His flexibility is also limited, which affects how well he can mirror. But he does bring strength to pass protection when his hands latch on. ","Good build for an interior player. Big chest and midsection with good arm length Power at punch is very impressive Mentality is to bury defenders when he gets the chance Below-average athlete — but a coordinated one Comfortable and confident in man/gap combo-blocking systems ","Despite longer arms, has a tough time getting into a two-point stance due to lack of flexibility Low hand can get him in trouble in pass protection. Makes it easier to swim/club-rip ",NA,"Mahogany is a guard only and a powerful run blocker with inconsistencies in the passing game. He projects into a rotational and potential starting role for a team that is heavier in the run game in mostly man/gap concepts."
"118","Mason","McCormick","6'4”","309","Interior OL","McCormick will enter the NFL with 57 consecutive starts and three years of team captainship under his belt. He was a true mauler at South Dakota State. He will fight defenders in a phone booth and has a leg drive that goes through the whistle, though not overly so. He is a 98th-percentile athlete for the position in the broad and vertical jumps, and you can see that in how he gets out of his stance. He has a narrow base, likely due to some stiffness in his hips/groin. This causes him to struggle with adjusting once moving. It also forces his pad level to be higher at the snap, as he cannot sink his butt as low in his stance. ","Imposing player who dominated his level of competition at South Dakota State. Has a finisher's mentality. Keeps legs driving through the whistle. Willing to ""fight in a phone booth"" in between the tackles. Explosive out of his stance with good foot speed for zone and pulling responsibilities. ","A bit stiff in his change of direction and flexibility movements. Base is more narrow, which causes him to be higher at the snap. Naturally narrow stance causes some additional imbalance. ",NA,"McCormick brings a mauling mentality with explosive athleticism to the guard position. He's a tad stiff in the hips, which limits his flexibility, but he has starting potential in a zone-blocking scheme."
"119","Dylan","McMahon","6'3”","299","Interior OL","McMahon has started at right guard, left guard and center, though center is likely his best chance of finding a starting NFL role. He has a compact frame, which gives him good body control and precise short-area explosiveness. He can really fire off the ball and is often the first to dictate contact with fast, inside hands. He lacks the length to really hold onto blocks against typical NFL-sized rushers. He also struggles to really anchor against players with above-average power. ","Smaller build gives him compact short-area movements and body control. Feet are light and quick. Can get hand defenders very quickly — almost always the first to initiate contact. Hand placement is well-timed and placed. Lots of interior offensive line versatility. ","Even for a center, length is an issue — below 10th percentile arm length and wingspan. Lacks the strength to really maintain blocks. Doesn't have the density to anchor for long. ",NA,"McMahon is a versatile interior offensive lineman who wins with quickness and consistent fundamentals. However, he likely lacks the length and strength of a starting-caliber offensive lineman in the NFL."
"120","Amarius","Mims","6'8”","340","Tackle","It's hard to believe how the 6-foot-7, 340-pound Mims can sit down in his stance and run to cover ground. He also has elite length for the position. While his physical potential is through the roof, he lacks experience. He played only 682 snaps over the past two seasons with just eight starts, due to biding his time at a talented program and injury in 2023. He is a strong player who can maintain blocks well with good upper-body strength. Mims is more smooth than he is truly explosive as an athlete, which takes away some of his punch at contact. His feet are also a bit slow in pass protection, which can cause some clunky kick backs and oversetting. ","Ideal build and elite length for the pro level Fast and fluid movement skills for a player of his size; moves like a giant athlete Impressive flexibility to sit in his stance pre-snap and get a wide base Strong player who can displace and redirect Grip strength is strong when he gets his hands inside ","Feet are heavy Kick slides are a bit slow and strides don't stretch as far as they could, appearing a little clunky in the lower body He is a smooth athlete, especially for his size, but doesn't fire off the ball like Broderick Jones did Inexperienced. Doesn't seem as confident in pass sets ",NA,"Mims is not a polished prospect — a level below former teammate and first-round pick Broderick Jones — but he brings sky-high potential. He'll take some developing, but trench players built like this don't make it out of the top 50."
"121","Jordan","Morgan","6'5”","311","Tackle","Morgan is a smooth-moving prospect whose best position in the NFL might be guard. His track and field background gives him natural balance and core strength for good change-of- direction ability. His arm length isn't elite for offensive tackle play, but it should be adequate. While his footwork is fast, the strides in his kick slide are short. His hand placement, patience and football IQ are all pluses. Though listed at 325 pounds, he lacks density and strength. Bull rushes can overwhelm him if they come at an angle, and though he has the foot speed to stay in front of pass rushers, he doesn't have the natural strength to redirect their momentum. ","Nice overall athlete with good explosiveness and good running speed Wide, imposing base in his stance Strong hand placement in pass protection Good core strength for change of direction and quick reaction to stunts/games ","Can get pushed around a bit, even when he's in front of defenders Has the athleticism to mirror pass rushers but doesn't always have the strength to redirect them Good anchor technique but lacks sand in the pants to truly stop them cold Shorter stride length on his kick slides ",NA,"Morgan needs to get stronger, whether he's at tackle or guard in the NFL, but he has desirable athletic traits with fast hands and feet that bolster his starting-caliber potential."
"122","Hunter","Nourzad","6'3”","317","Interior OL","Nourzard is a versatile center prospect who shows the movement skills and football intelligence to play in a variety of NFL offenses. His base is both wide and loaded, which allows him to play with good pad level while also allowing him to fire off the ball quickly. His wide base also allows him to anchor well. His hand placement is consistently inside and effective in locking defenders up. He doesn't really pack a punch at contact, even on combination blocks, and when it comes to stunts, he has a tough time adjusting to/anticipating the speed of looping defenders. ","Wide yet loaded stance that allows him to fire off the ball and get across defensive tackles' face. Conscious of leverage and can keep a low pad level when moving. Feels so in control at all times. Understands the geometry of offensive line play — how to shift weight and wall players off. Hand placement is consistent and effective. Base is wide and balanced to anchor. ","Doesn't really pack a punch at contact. Ohio State's athletes really gave him trouble. Late to see/adjust to loopers on stunts. ",NA,"Nourzard presents a well-rounded skillset and high-floor fundamentals for almost any offense, though he must get stronger to really garner a full-time starting role in the NFL."
"123","Drake","Nugent","6'2”","298","Interior OL","Nugent spent most of his college career at Stanford before transferring to Michigan for the 2023 season. He is small for the position, at under 6-foot-2 and less than 300 pounds. However, he does have 62nd-percentile arm length for a center. His physical limitations show up often on his tape. Despite a decent first step, he does not cover much ground when running due to shorter strides. He is also without the strength or density to be a reliable anchor at the NFL level at his current weight. Nugent struggles to move laterally and can get exposed against quicker defensive linemen. ","Arm length is above the 50th percentile for centers. His lack of height helps with leverage. Understands what to look at and where to be for angles and walling off defenders. ","Consistently lacks the lateral quickness to recover against quicker interior offensive linemen. Appears to lack the strength to truly displace defenders. Gets pushed back too easily against bull rushers. Does not cover a lot of ground when on the move due to shorter strides. ",NA,"Nugent brings good experience to the table but lacks the physical ability and build to be a starter or rotational lineman at the NFL level."
"124","Patrick","Paul","6'8”","331","Tackle","The 6-foot-7 Paul started 44 games at Houston. In 2022, he won just by being big, but his pad level was high, his balance wasn't stable, his footwork was sloppy and his shoulders and upper back were hunched over and prone to overextension. In 2023, he improved his pre- and post-snap posture for better balance, leverage and strength. It wasn’t perfect, but it was encouraging. His arm length and wingspan are elite for the position. His foot speed and hand speed are slow, which allows defenders to get across his face and leads to inconsistent hand placement. He has the size and density to move people in the run game but lacks a true mean streak. ","Good anchor ability Vines for arms Posture was much improved in 2023 Footwork and initial kick slides were clunky in 2022, but first-step coordination/explosiveness improved in 2023 ","Feet are a bit heavy, which is not unexpected due to his size Arms/hand placement is still erratic, at times. Strike zone is not consistent and inside enough Hand speed is somewhat slow Lacks intensity as a run blocker ",NA,"Paul's size alone makes him worth betting on, and his improvement in his fundamentals from 2022 to 2023 was encouraging. He has the frame of a starting-caliber offensive tackle but does need to get quicker and more fundamentally sound — particularly with his hands and feet — to become a reliable long-term lineman."
"125","Jackson","Johnson","6'3”","328","Interior OL","There just aren't many holes in Powers-Johnson's game, especially since he moved to center. He has complete positional versatility along the interior offensive line. He has a fire hydrant-like build with short arms and a barrel chest/belly, but that build makes him powerful. He has the upper-body strength to bench-press 300-pound defensive linemen and the density to anchor quickly and effectively. He is light on his feet for his size, can climb to the second level and has good balance from his wrestling days. ","A big-time people-mover in the run game Big chest and midsection help generate a ton of upper-body strength Dense player who can anchor quickly and effectively Destroyer-of-worlds type of mentality Very good grip strength to toss defenders to the side ","Short arms, even for an interior player ",NA,"Powers-Johnson possesses starting-caliber power and finesse traits at center or guard for both zone or man/gap-blocking concepts. He is dominant enough at his position to be considered a top-20 talent."
"126","Dominick","Puni","6'5”","313","Interior OL","Puni was a no-star recruit and played at Central Missouri for four seasons before transferring to Kansas in 2022, where he played left guard and left tackle. In his first season with the Jayhawks (left guard), Puni displayed bad posture and poor pad level. That made him susceptible to rushers and didn't allow him to really maintain blocks. His posture was better in 2023 (left tackle), and although he was still standing taller than preferred, he was conscious of leverage and dropped his pads more before contact. He also showed a lot more power in 2023, disrupting and displacing defenders. His power best projects to guard. ","Massive player who is tough to get around from size alone Has the power to displace people when he gets them between the shoulders ","Poor pad level in 2022 but improved in 2023. Might be a hindrance at guard Upright stance after the snap exposes his chest and makes him too easy to manipulate Top heavy in his weight but played with a flatter back in 2023 Does not maintain blocks on tape ",NA,"Puni is much improved from 2022 to 2023, and if he continues on his current trajectory, he has the power profile and size to earn a rotational role at guard with starting potential."
"127","Layden","Robinson","6'5”","313","Interior OL","Robinson is a well-built guard who has a ton of athletic potential. However, his inconsistencies need work if he is to even be considered a preferred backup. His well-distributed weight gives him good leg drive for run blocking and double teams. He also has good burst out of his stance to get on the move as a puller. His upper body doesn't have the power that his lower body does. That, plus a lack of consistent pad level, makes it too easy for defenders to throw him off. Robinson also gets off double teams too quickly and can miss his aiming points when lining up defenders in space. His arm length is a plus, but his hand placement is too wide. ","Well-built offensive lineman whose lower half is good for leg drive. Stretched, wide base at the snap makes it tough to get into a gap next to him. Good first-step burst out of his stance. Quick, balanced footwork from a wide base makes him tough to get around. ","Comes off double teams too quickly Upper-body strength can be an issue, at times, as defenders can throw him off to get off blocks. Misses his aiming points when asked to block at the second level. Hands are often too wide and expose his chest. Lacks consistency in pass protection. ",NA,"Robinson is a good project interior lineman for a zone-blocking scheme. He needs to work on his pass-blocking consistency to become a preferred depth player or a starter."
"128","Roger","Rosengarten","6'5”","308","Tackle","Rosengarten's most alluring trait is how he moves. He is light and explosive on his feet, as evidenced by his 90th-percentile 40-yard dash time. He can really get out of his stance and into defenders quickly, even at the second level. He does struggle with power. Even with momentum, he struggles to displace defenders. When asked to go one-on-one with more powerful defensive ends, he wouldn't give up the fight, but he would give up ground. He does play with a chip on his shoulder and a mean streak to his game, which isn't something you see often from more finesse linemen. ","Lighter weight, but he can really move. Nimble despite being an OT. High-motor player. Looks like he plays with a chip on his shoulder. Has a mean streak, even without a lot of natural power. ","Struggles to generate difference-making power at the point of attack. Got into trouble when asked to block bigger players. Does not sustain blocks consistently. ",NA,"Rosengarten is worth a Day-3 flier as a developmental, athletic offensive tackle. He lacks the power necessary to survive at the NFL level in his current state."
"129","Walter","Rouse","6'6”","313","Tackle","Rouse has played in and started a ton of games in his college career. He is a well-built and smart offensive lineman (biomechanical engineer at Stanford). He has a good understanding of hand placement and angles, and his eyes are consistently looking in the right place for the most dangerous rusher. As for traits, his power is adequate for the NFL. He can move well for his size, but his feet are slow to mirror rushers when he doesn't anticipate. He also has a bad tendency to dip his head at contact. His leverage is inconsistent (often playing high). ","Well-built offensive lineman. Well above average arm length/wingspan. Good eyes on where to look when locking assignment is less obvious. Good understanding of hand placement. Power is adquate for the NFL. ","Slow to react and mirror when he isn't able to anticipate. Does not play with consistent leverage; makes contact high. Head/eyes dip too often at contact. ",NA,"Rouse is an experienced and well-built offensive tackle prospect with good size, length and football intelligence for a man/gap run scheme. In pass protection, he must improve his foot speed and consistency with leverage in order to become a starter at the next level."
"130","Kingsley","Suamataia","6'5”","326","Tackle","Suamataia is an impressive overall athlete with difference making explosiveness and power in the run game. Whether blocking in man/gap or zone concepts, he has the upper and lower body strength to drive and displace. In pass pro, his footwork is natural for a player of his size, but he doesn't move laterally as well as he does forward. Where he is a dream athlete for a tackle, his inexperience leaves his technique in a raw and inconstistent state. His hand placement and timing are a work in progress, and at times he can be more of a shover than a true blocker. ","Versatile starting experience Has impressive posture, weight distribution and balance for a player of his size Upper and lower body power to drive and displace Really explosive athlete in the run game ","Hand placement/timing is too inconsistent and ineffective He is more of a shover than a blocker right now Is green on pass blocking experience; reacting instead of anticipating He can play too upright and abandons pad level in pass pro Explosive off the ball in run blocking, but a bit off balance and not quite the same athlete in pass pro/laterally ",NA,"Suamataia is a dream prospect to draft and develop somewhere on day two. I worry about him being baptized by fire if drafted in the first round and called upon to start right away."
"131","Nathan","Thomas","6'5”","332","Tackle","Thomas didn't play offensive line until he got to ULL, so it is well within reason to believe his best football is still ahead of him. He is a powerful offensive tackle who has a finisher's mentality in the run game. He can anchor well versus speed- to-power in pass protection, and he has good core strength to maintain blocks. His feet are heavy, both in pass protection and when run blocking. His hand placement seems to always be targeted inside, and he does have good power at punch. ","Powerful offensive tackle who has a man/gap blocking mentality. Good core strength to stay balanced through twists and turns. Finisher's mentality who wants to bury his defenders or walk them to the sideline. Can anchor well against speed-to-power moves. ","Not very fleet of foot — teams won't want him zone-blocking too often. Heavy, slow feet in pass protection leave his inside shoulder susceptible. Kickslide footwork is not very balanced. ",NA,"If you keep things in a phone booth, Thomas has the power profile to make the roster as a depth offensive tackle in a man/gap scheme offense."
"132","Sedrick","Pran","6'4”","298","Interior OL","Van Pran is a smart center prospect who projects well to a man/gap scheme in the NFL. He started at center for three straight seasons, and with that workload comes an understanding of how to win with hand placement, leverage and footwork, in addition to pre-snap communication. His strength is adequate, and his hand placement allows him to latch consistently. His wide base gives him a good ability to anchor, but it hinders how well he can mirror in pass protection. His weaknesses show up when he is required to be agile in one-on-ones. More athletic pass rushers gave him trouble. He sets the tone with physical play on every snap. ","Wider base in pass protection makes him powerful to anchor Overall athleticism is below average, but burst/first step quickness is good High football IQ Good hand placement/hand strength Does not shy away from the physicality of the position. Great mentality ","Wide base makes it easier to anchor but tougher to shuffle and mirror against stunt rushers Good in pass protection in a phone booth, but anything that makes him really move is a challenge ",NA,"Van Pran is a high-IQ center prospect whose acumen, experience and physical mentality warrant a shot at a starting role (center only) in a man/gap-heavy scheme despite some athletic limitations."
"133","Zak","Zinter","6'6”","309","Interior OL","Zinter is a powerful interior offensive lineman whose skill set and size fit perfectly with Michigan's power running scheme. He carries a lot of weight in his upper half, giving him good power to push people at contact and latch on to maintain blocks. Despite his lack of weight in the lower half, he anchors well. He is a below-average athlete in movement and flexibility. His size is his best attribute in pass protection, but he is also patient as a pass blocker. ","Good combo block play in power run-blocking concepts Leg drive doesn't quit once he latches on Powerful player who can displace when he hits Upper-body power to anchor despite being lighter in the lower half Size is his best attribute in pass protection. Also shows good patience ","Nimble footwork for a player of his size Light in the pants. Most of his weight and power comes from above his waist Stiff at the hip. A little hunched over in his posture Below-average athlete for the guard position Taller height gives him more length but also makes it tougher for him to get low for leverage, especially with hip stiffness ",NA,"Zinter's movement limitations will likely limit him to man/gap schemes if he is to be successful at the next level, but he does have sufficient power to get a shot at a starting role at some point in such systems."
"134","Khristian","Boyd","6'2”","329",NA,"Boyd's game is built around his power. His weight is appropriate for nose tackle responsibilities, which he executes very well at the FCS level. He is a build-up speed and power player. As a run defender, he is quite stout in a variety of alignments. His biggest detractor is his arm length, as it falls below thw 10th percentile length, which makes it tough for him to get off blocks and pull off pass rush moves. However, he could still stand to throw a good club move in there with as much power as he has, so there is still some upside. ","Powerful leg drive that can really push the pocket, especially with speed-to-power momentum. Powerful crasher on stunts. Strong run defenders who held up well against double teams in the FCS. ","Short arm length makes getting off blocks more of a chore. Build up speed more than twitched-up athleticism. Hands could get faster — could use more rush moves, even just club variations. ",NA,"Boyd likely lacks the length to be a consistent difference-maker in the passing game, but his power and size make him a good candidate to be a backup defensive lineman in odd or even fronts."
"135","DeWayne","Carter","6'2”","302",NA,"Carter, a three-time captain at Duke, brings a pass-rush profile that starts with a strong upper body and an ability to bench-press interior offensive linemen off-balance in his bull rushes. From there, you'll see him use club-rip, club-arm over and spin moves to diversify his pass-rush profile. As a run defender, he is reliable and can even hold up against double teams with good leverage. His overall athleticism feels average, mainly in pursuit speed, but he does have a quick first step. He is also an intelligent player who consistently knows where the ball is and where it is going. ","Strong upper body. High football intellgience. Deep pass-rush bag of moves and counters. Good versatility. Strong player who can hold up against double teams when he gets leverage. ","Get-off was below average in 2022 but improved in 2023. Pursuit speed is average for the NFL level. ",NA,"Carter isn't an elite physical presence, but he is a versatile, smart and consistent football player in both the run and pass games. He projects as a high-floor rotational player with starting potential."
"136","Tyler","Davis","6'2”","301",NA,"He is a steady, impactful, fundamental and high-motor player on the interior who can play anything from a 4i to a 0-tech. His hand placement is consistent and effective, which allows him to make up for less-than-ideal measurables. He also sees gaps/blocking schemes before the snap and knows how to attack. The reason he isn't mocked higher is his physical limitations. Both his arm length and wingspan are below the 10th percentile, which limits a lot of his pass-rush potential. It also makes it tough to get off blocks against the run. He is also lighter in weight for a nose tackle, but his frame appears to be maxed out. ","Intelligent football player who anticipates where the ball is going and how to attack blocking schemes right at the snap. Good initial burst out of his stance (72nd percentile 10-yard split). High motor player who does a lot of the dirty work on the interior. Consistent and effective hand placement. Can play anything from a 4i-0 tech (though you don't want him as a 3-4 DE). ","Fire hydrant build, which comes with leverage benefits but also length deficiencies (arms and wingspan below 10th percentile). Any sort of turn and chase is tough for him due to his shorter strides. It is difficult for him to fully get off blocks due to his lack of length. ",NA,"Davis has the football intelligence and mentality of a depth/rotational defensive lineman for any front. He has physical limitations, which hinder his pass-rush efficacy and block shedding, but he could still become a spot starter at some point due to his intangibles."
"137","Braden","Fiske","6'1”","292",NA,"Fiske played five seasons at Western Michigan, including three as a full-time starter, before transferring to Florida State in 2023. While the Power Five level presented a new challenge, he grew more comfortable over time. Fiske wins with a quick first step and fast hands, allowing him to be an effective one-gap penetrator and making him tough to reach block. His shorter arms limit the depth of his pass-rush tool bag despite his good understanding of moves. His club-arm over/swim is potent. His weight limits his strength in run defense, but he holds up well pound-for-pound and possesses good eyes and anticipation for where the ball is going. ","Good ankle flexibility/ability to corner Active and fast hands Light but smart run defender High-motor player Quickness makes it so difficult to reach block ","Lighter weight means he can get pushed around Shorter arms will show up as an issue ",NA,"Fiske's measurements are not ideal, but he has an NFL-level football IQ and pass-rush quickness to be a potential impact player as a 4-3 defensive tackle, even with some run-defense deficiencies."
"138","Gabe","Hall","6'6”","291",NA,"Hall's best plays are eye-popping, but they are inconsistent. He gives up his chest/leverage and can be manipulated by smaller interior players too often. He also tends to try to shed a block instead of holding the line. He has an explosive first step for a player of his size, and his length on the interior can be devastating. Conditioning is a question because there are some reps where you can tell he's fresh and will shed a block/impose his will while he will abandon his technique and fundamentals to give up a chunk plays on other snaps. ","Length is a big advantage for him versus shorter-armed interior defenders. Above average first-step explosiveness, especially for his size. Will get his long arms up and into throwing lanes. Hands can be violent and devastating. ","Loses leverage too often, especially when asked to two-gap. Loses short-area control once he gets on the hoof — tough to stop his momentum. Inconsistent effort/explosiveness — conditioning could have been an issue in 2023. Prioritizes gap shooting/block shedding over gap integrity, at times. ",NA,"Hall is a very alluring player because of what he brings to the defensive line from a physical and athletic standpoint. He has good rotational potential, but he must become more consistent in his anchor and run-defense responsibilities."
"139","Michael","Hall Jr.","6'3”","280",NA,"At 6-foot-2, Hall is not long enough to be a 3-4/4-3 defensive end. And at 280 pounds, he's not big enough to be a full-time defensive tackle. However, his play is quite productive. At his lower weight, speed and quickness are his calling cards. He loves to get across an offensive lineman's face to shoot a gap and get into the backfield. He does this either with a fast club-arm over or by setting his blockers up with a Euro step before making a move. As a run defender, he is strong for his size, especially when he maintains a lower leverage. But inconsistent — too wide or too low — hand placement negates that, at times. ","Can shoot gaps and get across the face of linemen with consistency. Looks like a basketball player with his euro-step set ups. Decent ability to corner. ","Leg drive is lacking power and displacement strength, even against single blocks. Does not hold up well against combination blocks. ",NA,"Hall's measurements make him a tough player to slot into a specific scheme, but due to how quickly he can win with finesse on the interior, his best spot in the league is likely as a DT/DE in a versatile 4-3 front. His pass-rush abilities give him the chance to be a productive pass-rush specialist."
"140","Marcus","Harris","6'2”","286",NA,"Harris is a compact interior defensive lineman who comes in at a lower weight. He has an explosive first step, fast hands, a good ability to shoot gaps and consistently wins the leverage and pad level battle. He'll be a liability in run defense outside of shooting gaps, and his significantly shorter arms make it tougher to get off blocks when the initial move doesn't hit. ","Compact build gives him good explosiveness out of his stance. Good, natural leverage out of his stance. Strong enough to push-pull and disengage when he gets his hands inside. Quick arm over to disengage and meet backs at the line of scrimmage. ","Shorter arms lead to missed tackles. Tougher for him to break free from offensive linemen that win the length battle. ",NA,"Harris is a one-gap penetrating three-technique defensive tackle for a 4-3 defense whose measurables and run-defense limitations likely limit him to a rotational role as a pass-rusher."
"141","McKinnley","Jackson","6'2”","326",NA,"Jackson's game is all about quick penetration, which stems from a fast first step and arm-over move. His pass-rush profile is more limited, as he ""plays the hits"" more than wins with a diverse bag of moves; it’s not the worst thing, but it’s worth noting. His bull rush and push-pull can be effective if executed quickly, but his leg drive and displacement run out when offensive linemen get to their balance and anchor. He can get off blocks quickly in run defense, though he is inconsistent, likely due to his arm length, which ranks below the 50th percentile for defensive tackles. While he can hold up against double teams, it's not a given. ","Quick one-gap penetrating defensive tackle Effective arm-over move The slipperiest 330-pounder you'll see ","Gets moved easily by double teams Plays on the ground too much Bull rush has a nice push due to quickness, but does not sustain displacement Not an effective stunt player ",NA,"Jackson is a slippery one-gap penetrating defensive lineman who can play nose and three-technique in a 4-3 scheme. A lack of arm length limits his pass-rush/starter potential, but he can be successful as a depth pass rusher in a rotation."
"142","Jordan","Jefferson","6'3”","313",NA,"Jefferson's biggest strength is his strength. He started weightlifting at a young age and even competed in high school. That power shows up in how he dictates contact, enabling him to stack and shed with control and violence. He can be slow to do so, however, which yields limited backfield production. His arms are average for interior defenders, but they seem smaller due to how he struggles to get his arm over on rush moves. He has a good first step to accelerate, but his shorter strides don't cover a ton of ground. He holds up well against double teams, something he will need to continue to do as a projected nose tackle. ","Average arm length for defensive tackles in the NFL. Very strong player who did 34 repetitions on the bench press (weightlifting background). Really impressive core strength and body control. Good strength to stack and shed. Nice first step burst. ","Good first step burst, but his shorter stride doesn't cover a ton of ground. Slower to disengage, which is why he did not have much backfield production. ",NA,"Jefferson has the power of an NFL defensive lineman. He needs to speed up how quickly he gets into the backfield in order to really gain a rotational role in the pros."
"143","Kris","Jenkins","6'3”","299",NA,"Jenkins is one of the strongest players in the draft. He is a run stopper at heart who is most comfortable and confident holding the line. His run-stop percentage ranks in the 99th percentile due to how well he can hold up against double teams and control one-on-one run-blocking situations. He has an explosive lateral first step that allows him to get across a guard's face and into gaps, but he does not bring that same level of explosiveness to getting upfield as a pass rusher. His biggest knock is arm length, which will likely be well below average for NFL standards. This appears as an issue when gaining leverage and separation through contact. ","Holds up very well against double teams. Pound-for-pound, he might be the strongest player in the class. Effective at using the corkscrew technique. Really quick lateral first step to cross face/gaps. ","Shorter arms will get exposed versus longer linemen. Short arms also prove to be an issue when trying to get distance/leverage when disengaging off blocks. Short arms also show up as a weakness when tackling. First step upfield in pass rush is not as explosive as his lateral step. ",NA,"Jenkins is one of the strongest players in the entire draft class, but his arm-length limitations and lack of pass-rush profile will likely limit his draft stock to a mid-to-late Day 2 selection. However, his high floor presents starting potential in a 4-3 scheme."
"144","Logan","Lee","6'5”","281",NA,"Lee is light (below the fifth percentile among DTs). That lack of weight obviously shows up and clouds his home position in the NFL, but if he can gain more weight and play between 285-290 pounds, he can be a solid player. He has fantastic quickness and agility for an interior defender. His shorter arms make block shedding tougher, but he has a nice rip move to attack shoulders. Despite his lack of weight, he is strong and gives great effort at all times. ","Consistent inside hand placement. As expected with lighter weight, elite agility testing drills showcase good ability to corner and bend for an interior player. Quick first step and lateral agility to get across the face of interior offensive linemen. Has the speed to catch hesitant RBs from the backside. Understands corkscrew technique against doubles and executes it well. ","Lighter weight does show up even though he has impressive strength. Run defense is more about gap shooting than holding the line (but he is better at the latter than you expect). ",NA,"Lee has a unique build and skillset for an interior player, and his long-term future might be as an edge defender, but if you get get a bit more weight on him, he has the quickness and effort to be a potential rotational contributor in an even front as a three- technique defensive tackle."
"145","Fabien","Lovett","6'4”","314",NA,"Lovett's height, weight and length are all big pluses physically on the inside. He's strong as an ox, and though he doesn't have many pass-rush moves, his push-pull and arm- over moves can be devastatingly violent. He can hold the point of attack very well against double teams to be a reliable nose tackle. Ultimately, his lower draft profile stems from a lack of first-step explosiveness and pass-rush plan. ","Strong to take double teams in the middle. Violent push-pull and arm-over moves. Massive wingspan and arm length for an interior defender. Junkyard dog in the middle. ","Slower off the ball and into offensive linemen — doesn't have impressive explosion off the snap. Doesn't really show much in terms of pass-rush moves (just looks to win with strength). ",NA,"Lovett is a stout run defender with plus measurables to play in between the B-gaps in the NFL. His lack of pass-rush ability will likely limit him to a rotational player at best, but he can be a useful one for a run-defense role."
"146","Byron","Murphy II","6'1”","297",NA,"The 6-foot-1, 305-pounder brings elite-level strength and athletic ability to trench play, earning a spot on Bruce Feldman's 2023 “Freaks List."" Murphy's punch and press are violent and strong, allowing him to utilize his lower leverage to dictate run-defense battles. Teams may think they can run at him due to his measurables, but he has great lower-body strength and doesn't yield much ground versus combo blocks. Perhaps nothing better sums up Murphy’s strength than that he played nose tackle despite 360-pound T’Vondre Sweat's presence along Texas’ defensive line. His strength and explosiveness led to excellent pass-rush grades and win rates. ","Strong player Violent. Throws offensive linemen aside in run defense Upper-body strength to bench press o-linemen with good leverage Punch and press are so imposing Explosive first step Great balance ","Short arms can become an issue Doesn't have a deep set of pass-rush moves Needs to be quicker to go to counters/fight off blocks ",NA,"Murphy is a gifted defensive lineman in both the strength and speed categories. He is a versatile three-down player who brings plus abilities as a run defender and a pass rusher, projecting as a first-round impact starter for any front."
"147","Jer'Zhan","Newton","6'2”","304",NA,"Newton, the 2023 Big Ten Defensive Player of the Year, is listed at only 6-foot-1.5 and 300 pounds, but he often makes up for it in quickness. Few pass rushers get off blocks better than him. He likes to win by getting his hands on a blocker and using a push-pull or arm over. He brings a wide variety of pass-rush moves and counters. In run defense, he shoots his hands up and in and throws linemen aside after getting them off-balance. If he does not immediately win, he can get controlled at his lower weight. His high run-defense grades come more from gap shooting than from holding the line, and he does not hold up consistently against double teams. ","Possesses quick handwork Feet never stop firing Experienced and effective stunt/loop rusher Motor that never stops Explosive first step ","You can tell he is light Lacks overall flexibility for getting low or bending on a rush High run-defense grade comes more from gap shooting and disengaging blocks than truly holding the line Top speed is limited in pursuit ",NA,"Newton has some physical limitations due to his size and lack of natural flexibility, but his hand usage, pass-rush tools and block-shedding ability allow him to be very productive in any alignment as a three-to-five-technique player."
"148","Ruke","Orhorhoro","6'4”","294",NA,"Orhorhoro weighed just 265 pounds as an edge defender when he joined the Tigers but has since bulked up to around 290 to play inside, as well. His body type makes him a tweener on the defensive line, but he is strong for his frame, and that gives him a ton of versatility. He has played everything from zero-technique to five-technique. He is a reliable player in run defense, consistently staying square with the ball carrier at the line of scrimmage, and is not one to whiff on tackles. As a pass rusher, he wins with speed and power, but his profile outside of his athleticism is lacking — something that could develop during his NFL career. ","Strong pound-for-pound player Versatile. Can line up anywhere from 0-tech to 5-tech Decent upper-body strength to bench press linemen and also push with a good bull rush Fundamentally sound run defender who keeps his shoulders square to the ball Good stunt player as a crasher or a looper ","Leans too much on his athleticism to win as a pass rusher Sometimes struggles to disengage with proper speed due to shorter arms Change of direction and pursuit of athleticism are average ",NA,"Orhorhoro is a versatile defensive lineman who can be a high- floor player at defensive end or defensive tackle. However, he needs to develop technical pass-rush moves to be more than a rotational player at the next level."
"149","Keith","Randolph Jr.","6'4”","296",NA,"Randolph is a high-effort player who wants to get into the backfield on every play. Illinois teaches their defensive linemen to stay square to the line of scrimmage in most situations, and Randolph can do that. His shuffle is adequate, but when asked to turn a corner, he struggles. He wants to get into the backfield every snap, which he does most effectively with an arm-over move. Outside of that, he doesn't have many pass-rush moves, though we have seen a good long arm and some chop-rip reps when aligned as a DE. His feet are heavy, at times, and that goes along with some overall ceiling of athleticism concerns. ","High motor player. Decent first step. Violent hands for club and rip moves. ","Can move side-to-side in a shuffle at the line of scrimmage, but there is tightness in his turns. Give up leverage pretty quickly. He tries the arm-over move instead of holding the line with a push-pull. Lacks overall athleticism to be a difference-maker as a pass -rusher. Feet look heavy at times. ",NA,"Randolph projects as a depth player for even front who can align as 3-4 tech. His gap-shooting mentality will give him some splash plays, but he is inconsistent right now beyond that."
"150","Maason","Smith","6'5”","311",NA,"Smith was a rotational starter as a true freshman at LSU, had his 2022 season ended by a torn ACL and then played 582 snaps in 2023. The 6-foot-6 interior defender’s size jumps out. He has the length and strength to play any alignment. His lack of snaps in college means he is green in the technical aspects of the game. His hands, while active, are often reckless. He leans more on athleticism than the fundamentals and can be a bit slow to react. His explosiveness is good when adjusting for weight, but his burst is lacking. He can hold up decently well in run defense against double teams but is slow to get off single blocks. ","Unique build for a defensive tackle Long arms provide a lot of control to shoot his hand up and peek into the backfield versus the run Has the size and strength to hold ground against double teams Hand placement needs work, but when it's on point, he can dominate a rep ","Slower off the ball Active but reckless hands Leg drive stalls out on bull rushes. Might not trust his knee Slow to see the ball and to disengage ",NA,"Smith is a physically gifted prospect, but one who will need to develop. He has to speed up his play, both in recognition and movements, to be more than a rotational player with plus size."
"151","T'Vondre","Sweat","6'5”","366",NA,"It has been a long journey — five years and 62 games played — for Sweat to become an NFL-caliber defensive tackle. In 2022, though he had the size to be an impact player, his hand usage, conditioning and lack of leverage limited his effectiveness. In 2023, he improved in all areas, as he no longer relies on just being big. His hands are fast and violent, and he has a good understanding of when to throw which moves and counters. He is light on his feet for a player pushing 370 pounds. He doesn't have a mean streak in the run game, but in 2023, he was more stout against double teams and got off single blocks more efficiently. ","Sheer size makes him a tough assignment. Pass rush moves and counters were much improved from 2022 to 2023. Really light on his feet for a player pushing 360-plus pounds. Leg drive was powerful in 2023. Held up against double teams in 2023. ","Pops up high out of his stance naturally. Conditioning will be naturally tough. ",NA,"Sweat has the size that you can't teach. At his best, he's an impact, versatile interior defensive player, but weight and conditioning will determine how often that can be in the NFL."
"152","Leonard","Taylor III","6'4”","303",NA,"Taylor is built like a super-sized linebacker in the middle, at 6-foot-4 and 305 pounds. His best pass-rush moves come from a good first step and violent hands. However, his strike placement is inconsistent. When he doesn't win by shooting a gap or with a good first step, he can struggle to disengage from blocks. He also has a bad tendency to pop out of his stance and get outleveraged. Taylor is a strong player in run defense, but his lack of consistent leverage allows him to be controlled too easily. Though he is explosive on some reps, he is not necessarily twitched-up when it comes to change of direction, block shedding and pursuit. ","Built like a super-sized linebacker Explosive potential is top tier, though not always consistent Hands can be powerful ","Violent and strong, but seems a little out of control when disengaging blocks Hands are powerful, but miss their mark at times While his first step is adequate, he isn't as twitched-up as the best interior defenders Pad level pops up right out of his snap Gets out of his gap too often ",NA,"When Taylor is on, he possesses the power and explosive athletic ability to be an impact player. We don't see that enough, though. He is a young, hot-and-cold interior defensive lineman — and a talent worth drafting in the top 100 to develop."
"153","Mekhi","Wingo","6'0”","284",NA,"The smaller Wingo wins on quickness. His stance is low and loaded, and he can explode off the ball. His hands are well placed, which leads to an effective push-pull, his go-to pass- rush move. But his smaller frame and shorter arms make it tough for him to disengage against better offensive linemen. He has his positive moments in run defense, but his bad plays are too far in the wrong direction. When he has good eye discipline against the run and waits for the back to commit to a lane, he can disengage and make contact at the line of scrimmage. Still, too often he guesses the lane. He also has a bad tendency to get turned around at the line. ","Quick off the snap Violent push-pull move Hand speed and placement are effective. Helps make up for his shorter arms Low and loaded stance before the snap allows him to fire off the ball with power and leverage ","Shorter strides make for quick steps but less ground covered Gets moved out of gaps and turned around too easily Stiff to change direction ",NA,"Wingo's shorter arms and legs limit his efficacy and versatility. He will likely be limited between the 2i and 4i alignments in a 4- 3 scheme. But his quickness and consistent hand placement can lead to some success as a rotational pass rusher in the NFL."
"154","Austin","Booker","6'5”","240","Edge Defender","Booker comes from an athletic family, as both his father and mother played sports at the college level. He approaches offensive tackles as if he's a ball handler trying to get to the basket. He has a slender, long frame with above 50th percentile arms, which he uses well to keep tackles at a distance as well as perform push-pull, speed-to-power and long arm moves. His lack of weight is worrisome, though. He does not carry much weight in his lower half, which limits true explosiveness and leg drive. Despite not having much time as a starter, he has a deep pass-rush bag. ","Really slippery for a player with his length — can get across a blocker's face or shoot a gap pretty easily. Pass-rush plan seems to be built around reading what the OT will do before countering. Long limbs and effort make him very annoying to keep blocked (a compliment). ","Not much weight in his lower half. Run defense is based around an arm-over to shed the block rather than holding the line of scrimmage. I don't love that he's always waiting for the OT to declare what they're going to do with their hands. Doesn't really have that pop at contact. Need to play with better leverage more consistently. ",NA,"Booker is an alluring prospect because of his style of pass- rushing, but his lack of weight is a concern. He must play with better pad level to mitigate that at the NFL level."
"155","Chris","Braswell","6'3”","251","Edge Defender","Braswell is an impressive athlete on the edge. His first-step explosiveness, pursuit speed and natural strength are all starting caliber for the NFL. His speed-to-power bull rush moves even the biggest offensive tackle back at least two or three steps. It has taken him some time to hone his fundamentals to get on the field as a starting outside linebacker — and it didn't help he had Will Anderson Jr. in front of him. He still has some inconsistencies with his hand placement and pass-rush timing, and he needs more counters and better hand usage to get off blocks. Even so, this kind of athlete wins at the professional level. ","A very explosive athlete. Natural strength level is imposing. Has the athleticism to turn and run with tight ends and running backs in coverage when playing an outside linebacker role. Fast hands. ","A bit stiff when it comes to turning the corner. Hand usage and precision are inconsistent. Has a false step that could be cleaned up, and he can get happy feet before the snap. Still learning the timing of when to throw certain pass-rush moves. ",NA,"Even if he doesn't become a pass-rush technician, his power, speed and length present a rotational role as a floor and an impact starter ceiling."
"156","Solomon","Byrd","6'3”","251","Edge Defender","Byrd has taken a long journey from a two-star recruit to an NFL draft prospect in 2024. Byrd's upper body strength is the biggest selling point of his game right now. His push-pull move (while not as twitchy) can ragdoll tight ends and even some offensive linemen. It also helps him hold the line of scrimmage for run defense. However, his technique needs more consistency. He plays a bit too recklessly right now and looks off-balance too often. He also has a repeatable pass- rush path. Sometimes, he's slow off the line and other times, he's trying to go too wide around the arc. His effort and strength are there, but they need to be more repeatable. ","High-effort player who doesn't stop until the whistle is blown. Impactful push-pull move (though it is slower). Really strong upper body. ","Effort is there but feels out of control too often. Balance is a bit of an issue, as he needs to keep his feet grounded and underneath him. Take too long to get into his pass rush too often. ",NA,"Byrd shows promise with good upper body strength as a 3-4 outside linebacker, but his fundamentals must become more consistent to be a reliable depth piece."
"157","Nelson","Ceaser","6'3”","254","Edge Defender","Ceasar is a fundamentally sound outside linebacker who brings plenty of experience. Most of his work has come along the defensive line, but he also played some off-ball linebacker and has played both sides on punt and kick teams. He bases his pass-rush profile on a long-arm technique that is moderately effective due to his use of leverage. He has adequate quickness for club and rip moves. However, his length likely won't be something he can consistently win with in the NFL. His strength profile could also be an issue. He can generate push from bull rushes and when defending the run, but that is more due to correct leverage than natural strength. ","No false steps out of his stance. Decent burst to get off the line of scrimmage and upfield. Maintains leverage well enough to be a better run-stopper than expected for a player at his weight. Good ankle flexibility to corner at above-average angles. ","Likes to use the long-arm technique but doesn't have the length to win there at the NFL level. Does not have the length to get off blocks consistently. Below-average strength and length for counter moves. Speed-to-power does not generate enough force to be effective. Club moves don't really move the offensive tackle's arms/hands away. ",NA,"Ceasar projects as a versatile outside linebacker type of edge player who can be productive in a rotational role in late-down situations."
"158","Myles","Cole","6'6”","278","Edge Defender","Cole's length is a huge plus in the trenches (99th percentile). His measurables make him a potential 3-4 EDGE, but his explosiveness, lateral quickness and fast hands make him a potential 4-3 DE who can give OTs fits due to his arm length. Despite being 6-foot-6, he is flexible enough to play from a two-point stance. Cole still lacks refinement as a pass-rusher. His win percentage is low because he doesn't have many moves outside of a push-pull, long arm or an attempt at speed-to-power, and he does not get to counters quickly. As a run defender, he needs more lower-body strength to not be moved off the ball as easily. ","Extremely long arms allow him to get into offensive tackles with leverage and control. Powerful push-pull to shed blocks. Long arm is very effective when he gets the hand placement right. Explosive pass-rusher who can get off the line with speed and effort. Active, long arms to get up and bat passes in his rush. ","Has a false step, at times, that needs to be cleaned up. Needs counter moves — hands can stop working once he gets engaged with an offensive tackle Struggled in run defense against Texas (lack of anchor). ",NA,"It's often futile to say a six-year player with low production still has potential, but Cole breaks the mold. His length and athleticism give him front versatility, and if he can gain some extra power and hone in on pass-rush moves in the NFL, he can be a contributing player in some way."
"159","Brandon","Dorlus","6'3”","254","Edge Defender","Dorlus is a versatile defensive lineman whom all 32 teams could find a spot for. He played his first two seasons as an interior defender at around 285-290 pounds but has played more as an edge rusher/defensive end at around 280 over the last two years. He is a bit of a tweener but can be a mismatch. He's quick enough to beat interior guards and powerful enough to knock back tackles. He bases his pass- rush plan around a strong punch at contact, whether that be a long arm or a club move. As a run defender, he has the size and strength to set the edge but needs more consistent discipline when doing so. ","OTs are not used to his strength on the edge. Really good punch at contact. Quick enough to win inside and powerful enough to win on the edge. Devastating club move (best paired with the arm-over). Powerful long arm. ","High pad level when asked to rush from a two-point stance (shouldn't be doing that much in the league). A bit sloppy with his discipline for run defense. At times, he loses ground he shouldn't. ",NA,"Though a bit of a tweener, Dorlus has 3-4 and 4-3 versatility with a strong power profile to be a rotational player and potential spot starter."
"160","Khalid","Duke","6'3”","246","Edge Defender","Khalid Duke's calling card is his effort and his fearlessness. Despite smaller measurables, he never backs down from a challenge. Unfortunately, that lack of size could be a dealbreaker at the NFL level. He is too easily walled off by single blocks and cannot stand against doubles. His lack of arm length prohibits him from keeping his distance and getting locked up by offensive tackles. His hands are fast, but they will have to be even faster to remain successful in the NFL. ","Doesn't back down from any assignment, especially the ones against big OL he knows he will likely lose. Quick push-pull to disengage. ","Size is definitely an issue. Single blocks can control him, and he can't hold against doubles. Is thrown on the ground too easily. Doesn't have the strength or length for most pass rush moves in the NFL. ",NA,"Duke is a high-energy and fearless edge rusher who could be used in pass-rush-specific situations, but his lack of size will limit his rosterability."
"161","Justin","Eboigbe","6'4”","297","Edge Defender","Eboigbe is a powerful, versatile player who can line up anywhere from a zero-shade nose tackle to a five-technique defensive end. His size and length are big pluses, especially since he has good hip flexibility to get low in his stance. His pass-rush profile isn't diverse, but his natural strength helps his long-arm and bull-rush moves. He is a great anchor against the run and can be a short-yardage package player. His first step is powerful, but his top gear is average. He doesn't boast much agility or flexibility when changing direction. His hand usage could be more consistent, but when he does hit a swipe, club or rip, it can be effective. ","Ideal size and length for a 3-4 defensive end. Strong anchor at point of attack versus the run. For a player with his height and length, he maintains good pad level for explosive power out of his stance. Strong bull rush. Can eat up double teams without getting blown off the ball. Impactful goal-line/short-yardage player. Hand usage is generally pretty straightforward, but when he goes for swipes, his hands are powerful. ","Limited change of direction ability. Not flexible enough to bend around the edge. First step is powerful but has just an average weight-adjusted top gear. Pass rush profile is very strength-dimensional. Hand usage could be better (more swipes, clubs, rips). ",NA,"Eboigbe brings valuable size and length to the defensive line, and though he likely won't be a consistent pass-rush presence, his strength and size in the run game make for a high-floor player who can be scheme versatile and a valuable mid-round asset."
"162","Jonah","Elliss","6'2”","248","Edge Defender","Elliss comes from an NFL family, and it shows. He's smart and disciplined with his fundamentals, which helps him overcome some strength and length deficiencies. His hands are fast and consistently in the right place inside and at the chest of offensive tackles, which allows him to dictate contact and remain in control, even against stronger players. He has a variety of pass-rush moves, and in 2023, he expanded his repertoire even more with a variety of different swipes and rip combinations. He has an adequate first step for the NFL and can corner better than most in this class. ","Smart hand usage. Hands got even faster in 2023. Improved at mitigating his lack of length in 2023. Pairs fast hands with effective pass-rush moves Flexibility/bend is good for the NFL level. Shifty player, as he always shakes his shoulders to get around blockers. ","Lack of length will be an issue as a full-time edge player. Worried about overall strength. ",NA,"In order for him to remain a difference maker like he was in 2023, he will have to get stronger. If he can add weight but remain as quick and flexible, he can be an impactful pass- rusher."
"163","Jalen","Green","6'1”","245","Edge Defender","Green led the country in both sacks and tackles for loss before suffering a season-ending knee injury in 2023. He is just 6-foot-1 and 245 pounds. That means he'll lose the arm- length battle in the NFL, and his shorter strides limit how much ground he can cover. However, he uses his small size to his advantage. He deploys a subtle shoulder dip to get under taller offensive tackles, and he has good change of direction for stunts. His hands are powerful and violent. He has a knack for consistently getting off blocks, but he could stand to develop better hand swipes to not allow offensive tackles to land as many strikes on his chest. ","Low, loaded three-point stance. Smaller height gives way to good leverage when bull rushing. Smaller, feisty, compact frame could actually lead to holding penalties as offensive tackles try to get a hand on him. Fast, violent hands. Nice subtle shoulder dip to get under taller offensive tackles. Effective stunt/game player due to change of direction from his compact build. ","Will be one of the smaller defensive ends in the NFL once drafted. Will lose the length battle against NFL offensive tackles. Short strides limit how much ground he can cover (even though those legs are churning). Change of direction is adequate, but his hips and ankles are stiff, and his flexibility is likely below average. ",NA,"Green comes in a compact build that limits where you can play him as an edge rusher, but he's a feisty player who consistently plays with good natural leverage. You don't want to make a living betting on size outliers, but (pending recovery from knee surgery) he can be a good depth player."
"164","Jaylen","Harrell","6'4”","250","Edge Defender","Harrell comes from NFL bloodlines, as his father played for nine years as an NFL linebacker. Harrell followed in his father's footsteps as a linebacker in high school but has played on the edge for Michigan. Harrell wins with natural athleticism that allows him to showcase good body control, lateral quickness and short-area burst. His hands are fast and well-timed to stay off blocks and slip off OTs' shoulders. He also has a nice inside spin move. His lack of length for an edge rusher does show up when offensive tackles can get their hands on him. His power also fades quickly after he makes contact. This also shows up in run defense. ","Well-built athlete with good body control and core strength. Above average stop-and-start ability for change of direction. Can rush from both the left and right side. Fast hands, especially for a two-hand swipe after contact. ","Power fades fast versus better offensive tackles. Exclusively a 3-4 OLB. Stiff up the arc; they put him in a wide nine to mitigate that. ",NA,"Harrell's smaller size and lack of power limit his ceiling as a pass-rusher, but he does have the speed game to be an OLB rush specialist for a 3-4 defense. He may enter the NFL as an edge rusher, but he might end up finding a better role as an off- ball linebacker."
"165","Jalyx","Hunt","6'4”","252","Edge Defender","Though a bit undersized (though arm length and wingspan are great for edge) Hunt packs a punch. He is strong at contact and can push back OL or even completely erase TEs. He is very explosive out of his stance to go with decent bend. He lacks a well-rounded pass-rush profile (likely because he didn't really need one to dominate his competition level). ","Good T/E stunt player due to his explosiveness. Quick to get across the face both inside and out. Uniquely long arms for his height (lack thereof). Dense player who can really pack a punch at contact. Impressive pursuit speed. Explosive first step demands OTs make the right first move out of their stance. ","Wins primarily due to being a better athlete than his competition. Lacks natural leverage as primarily a stand-up rusher. ",NA,"Hunt lacks nuance for the position, whether that is in natural leverage, stance or block shedding, but that can all be improved. What he has that you can't teach (explosiveness, length and power) is worth drafting in the mid-rounds to develop as a 3-4 OLB."
"166","Adisa","Isaac","6'4”","247","Edge Defender","Isaac is a very solid edge prospect. First and foremost, he is a stout run defender, even at a low weight. His hand placement and leverage are consistent and effective when holding the line of scrimmage, which allows him to rip off blocks to make tackles after setting the edge. His hands are also active when rushing the passer. He loves the club-rip move, and he uses it consistently to turn the corner and get around blockers quickly. My biggest issue with him stems from concerns about his strength due to his lower weight. His burst and pursuit speed aren't elite, but they are good enough for the next level. ","Fast and violent hands for swipes when rushing the passer. Consistent hand placement to win inside and gain leverage when bull rushing and defending the run. Hands are constantly moving to get off blocks — swipes, rips, clubs. Strong when taking on split-zone blockers coming across the line. ","Lower weight percentile shows up when trying to hold his ground in run defense, even against single blocks. Has the weight and measurables of an outside linebacker, but his game is more suited for a defensive end. ",NA,"If he can pack some extra pounds for added strength and anchor ability while remaining adequately explosive, he has the handwork and pass-rush profile to be an NFL starter."
"167","Brennan","Jackson","6'4”","264","Edge Defender","Now a three-year starter weighing 265 pounds, Jackson has an NFL body type for 4-3 defensive end work. He plays with his hair on fire, as his competitive toughness was a consistent plus in his tape. Though not twitchy, he is explosive with good build-up speed for speed-to-power bull rushes. He also did a good job staying low to maximize explosiveness and leverage for power moves. His hand usage is good for power moves, but he must continue to develop more pass-rush moves. He has the strength to be reliable in run defense, though he does take chances as a gap shoot a bit too much. Shorter arms do hinder his ability to tackle. ","Not the twitchiest player out of his stance, but he has a powerful burst that leads to nice speed-to-power rushes. Low and explosive burst out of his stance leads to good leg drive. Consistent and effective hand placement, especially when bull rushing. Has the strength to totally handle tight ends inline. ","Speed/explosiveness is more build-up than sudden. Change of direction flexibility is adequate, but it takes him a few steps to get going. Shorter arms hinder wrapping up tackles. Tries to shoot gaps in the run games rather than hold his run fit a little too often. ",NA,"Jackson has the power profile and effort of an early rotational 4-3 defensive end with the potential to be a starter at the next level."
"168","Javontae","Baptiste","6'5”","239","Edge Defender","Jean-Baptiste's preferred alignment is as a 3-4 outside linebacker, especially given his weight. He brings ideal height to the edge position at just under 6-5, but his arm length doesn't quite match. His first step explosiveness, lateral explosiveness and pursuit speed are all impressive for his size. When he runs and chases, he stands out. However, as a whole, his power profile is lacking. When he gets his hands and leverage right, he can mitigate strength concerns, but he needs to add weight and density to not get pushed around so much in the NFL. ","Good athlete for an edge player. His first step is explosive, and his top speed in pursuit is impressive. Has good pop at contact despite his lower weight. Strong run defender, especially for his size — has the ability to stack and shed pretty quickly. High-effort player. ","Lighter weight allows him to be pushed around. Bull rush dies and OTs eventually anchor, but he does get some good push. Height is well above average, but length is just average for the league. ",NA,"There are flashes of impactful speed rush elements of Jean- Baptiste's game that pave the way for a pass-rush specialist role in the NFL as a 3-4 OLB. He must get stronger if he wants to become more than that."
"169","Cedric","Johnson","6'3”","260","Edge Defender","Johnson is a well-built edge defender who projects as a heavy-handed 4-3 defensive end in an even front or a 3-4 defensive end in an odd front. He isn't the most twitched-up player, but he does have a powerful lower body that creates good build-up speed. He mostly wins with power, either from a long arm, bull rush or a combination of the two. Even so, the rest of his pass-rush profile — both initial moves and counters — is lacking enough depth to be successful in the NFL. There are times when he gains the outside edge against his blocker, but he just doesn't have the refined rip or arm- over move to truly break free and get to the quarterback. ","Doesn't have twitchy speed, but good lower body power to make for good build-up speed. Powerful first step, especially when pinning his ears back. Better bend than you'd expect for a player who is 6-foot-3 and 265 pounds. Explosiveness shows up the most out of a three-point stance. ","Does not have much in terms of pass-rush plans or counters. Hand emphasis is lacking, as his hands don't move fast when using his initial moves or getting off blocks. A bit flat-footed when lined up in a two-point stance, as he is not as loaded for explosiveness as others. ",NA,"Johnson has the mold of an athlete on the edge teams would want to draft and develop, but he must continue to improve his hand speed and usage when rushing the passer and getting off blocks if he is going to get the playing time needed to showcase that above average weight-adjust athletic ability."
"170","Mohamed","Kamara","6'1”","248","Edge Defender","Kamara is an outlier for an edge player in his measurables. At 6-foot-1, he's below the fifth percentile for all NFL edge rushers, which comes with natural pros and cons. The pros are he can really explode out of a low, loaded stance with good pad level to fuel his preferred move: a bull rush. The cons is a lack of length, which t makes it more difficult for him to really press offensive linemen in his bull rush. It also holds him back from being able to get off blocks. He's a strong player, though, and has a motor that is always running hot. ","Wins with power. Lower height makes for a natural leverage advantage, which maximizes his power output on bull rushes. Compact, loaded stance allows him to accelerate off his front foot with good pad level. ","At 6-foot-1, his length will be an issue. Even with hand moves, it's tough for him to get off blocks due to his lack of length. ",NA,"Kamara's measurables limit his finesse pass-rush potential and ceiling. However, he can be a stout depth defensive lineman due to how much he enjoys the physical aspect of the position."
"171","Marshawn","Kneeland","6'3”","267","Edge Defender","Kneeland's film looks like a car crash from an action movie — in a good way. He puts his big body on the line every snap, and he doesn't want to run around his blockers; he wants to run through them. His pass-rush profile is built around an all- out bull rush. He also likes to combine his gap-shooting ability with a good first step and a violent rip move to get free. He has been an impactful run defender, making frequent tackles for loss. He's a bit stiff when it comes to changing direction and doesn't have the deepest bag of pass-rush moves, as he prefers to win with strength more than finesse. ","Impressive burst for a player at his weight. Unique build that comes with ideal arm length. Pass rush profile is based on imposing strength and converting speed-to-power. Doesn't just want to run around blockers; he wants to run through them. Relentless motor. ","Stiff when changing direction. Lacks flexibility. Frenetic style can be reckless, at times. Not a very deep pass rush arsenal. ",NA,"Overall, his competition wasn't the best, but he absolutely dominated it, especially in 2023. NFL teams will love his passion for physicality. He has the body, explosiveness and mentality of an NFL contributor."
"172","Laiatu","Latu","6'5”","259","Edge Defender","Latu, who suffered a neck injury in 2021 that almost ended his football career, was the most productive pass rusher in college football over the past two seasons. His hand usage is fantastic — fast, precise and, most importantly, with purpose. He has a wide variety of pass-rush moves and counters that appear second nature to him. He is also a versatile edge defender, playing a near-even split of left- and right-side snaps with a good mix of two- and three-point stances. He is just an adequate athlete with sub-50th-percentile arm length. He could also stand to add some density and strength to improve anchor ability and tackling. ","Hands are precise, fast and, most importantly, planned Quickness and agility are a nightmare for interior offensive linemen Vast repertoire of pass-rush moves Eyes are always in the backfield for the ball Above-average bend/corner ability ","Length is adequate but not an advantage First step is adequate, but he won't be blowing by NFL tackles His higher PFF run-blocking grade is due to shooting gaps more than truly holding the line of scrimmage ",NA,"Overall, though somewhat limited athletically, his home is in the offensive backfield due to his hand usage and pass rush moves that will continue to win at the NFL level."
"173","Steve","Linton","6'5”","235","Edge Defender","Linton has a slender build, which gives him both pros and cons as an outside linebacker-type edge rusher. He has long arms and legs to cover ground up the arc when speed rushing on the outside, and he combines that with an effective long-arm pass-rush plan. However, his lower weight profile shows up in troublesome ways. He just does not have the density to hold up as an early down defender at the NFL level — his run defense effectiveness stems from shooting gaps. There are also some durability concerns due to him playing in the trenches below 240 pounds. ","Fast player with a slender build. Good arm length despite his height being a bit fabricated on the team's website. Good flexibility and change-of-direction ability at his lower weight. ","Slender size is an issue in terms of strength and durability. Gap shooting run defender more than a hold-the-line kind of player. ",NA,"Linton is a finesse pass-rusher with good agility and flexibility to pair with adequate length for the position, but his lack of size and strength likely limit him strictly to a pass-rush specialist role."
"174","Braiden","McGregor","6'5”","257","Edge Defender","McGregor is tall, but his arm length does not match his height. He likes to use length moves right now (long arm, stab, speed-to-power bull rush) but will struggle to win like that against NFL OTs. He has a good first step and decent bend to get around the arc on third downs. His hand placement is generally quick and precise, and his two-hand swipe is effective. He is a fundamentally sound run defender but lacks the true size/strength to set the edge. He is a smart player who understands the little things about the game. ","Very quick two-hand swipe. Conscious hand placement and leverage to get blockers on their heels (on skates against tight ends). Versatile rusher who can play on the left and right side of the line. Good (not elite) first step to get up the arc. Smart player — eyes are always looking for the ball, hands get up to bat passes, and he generally knows when to disengage. ","Tall but does not have the arm length to match. Speed-to-power stalls quickly due to lower weight. Likes to win with length moves, but it will be tough to do so against NFL OTs. ",NA,"McGregor has the mindset of a future NFL player to stick around in the league in a 3-4 scheme but may lack the length and strength needed to ever be a consistent starter."
"175","Gabriel","Murphy","6'2”","247","Edge Defender","Gabriel Murphy projects as a specialized outside linebacker type of edge pass rusher at the next level. He is undersized for the position and will have trouble overcoming length deficiencies in the NFL. However, he has lightning-quick hands with a technician's mindset. He has a good understanding of how and why to attack the half-man — reducing his strength and size limitations. He also shows a plethora of pass-rush plans (using speed and quickness as his foundation to win) with a good amount of counters, which he executes quickly (almost second nature). ","Technical, controlled player. Has a good pass-rush plan and is quick to counter. Really fast with his counters, especially in 2023. Hands are fast and well placed inside for initial contact when bull rushing. Great understanding of how to always attack the half-man. ","Not an imposing athlete — strength, density and explosiveness are just adequate or below average by NFL standards. Will not win with length at the NFL level. Can get pushed around versus guards when lined up inside. Has a good punch at contact but doesn't have strong leg drive to continue to beat an offensive tackle's anchor. ",NA,"Murphy is lacking in physical gifts, but he mitigates that with fantastic hand usage and a wisdom of what works as a pass- rusher to find a rotational contributing role as an on-ball outside linebacker in the NFL."
"176","Grayson","Murphy","6'3”","260","Edge Defender","Grayson Murphy, as you may expect, has a very similar build and skill set to his twin brother, Gabriel. Both win with good hand usage and a variety of pass-rush moves. Grayson, like his brother, has limited arm length and overall athleticism (explosiveness, strength, and lack of top-tier flexibility). Grayson appears to win more with strength whereas his brother wins more with quickness. Grayson likes to use the bull rush as the foundation of his pass rush play and evolves from there as the game goes on. ","Like to use the bull rush with good leverage to push the pocket. Decent anchor ability for a player who weighs less than 260 lbs. A little stronger than his brother, Gabriel. ","Not an imposing athlete — strength, density, explosiveness all just adequate or below average. Length adequate at best for the NFL level. Decent first step to threaten the outside shoulder but doesn’t have the bend to corner. Bull rush is strong in its first two steps, but lack of length makes it easier for OTs to anchor and stop him ",NA,"Overall, Grayson Murphy is not imposing with his speed or strength, but he is a more advanced pass-rusher with good initial pass-rush moves (based on strength) and fundamentals as a run defender to make for a good depth edge player."
"177","Eyabi","Anoma","6'5”","260","Edge Defender","Eyabi Okie-Anoma has good natural athletic ability, specifically in his speed-to-power pass-rush profile. However, he lacks the counter moves when the initial move stalls. His motor also seems to run hot and cold — when it's hot, he's a handful. His footwork can sometimes be all over the place, which messes up his ability to consistently get upfield as fast as he can. ","Good acceleration when he pins his ears back to rush. Nice speed-to-power move. ","First step is average at best. At times he can false step out of his stance. When he goes all out, he's tough to handle, but he needs to play that way more often. Played at five schools in six years. Doesn't have the counters to continue to work once his initial move stalls. ",NA,"Eyabi Okie-Anoma is a talented player with a complicated college football past. He remains a developmental edge rusher with good speed-to-power potential, but his game still needs a lot of refinement."
"178","Chop","Robinson","6'3”","254","Edge Defender","Robinson is an alien-like athlete. He has some jaw-dropping plays where he can fire off the line and get into the backfield with ease. However, outside of his first step and fast hands, he is an incomplete pass rusher. Most of his backfield production comes from him feasting off an inferior tackle, if he's facing one that week. He could also struggle with length against NFL-caliber tackles. His pass-rush profile needs to expand, as he does not have a regular rotation of pass-rush moves or counters when he doesn't win with athleticism off the jump. He is a strong run defender but has some reps where he gets out of his gap to try to make a play. ","Naturally low and loaded stance. Explodes off the front foot with consistency. Elite first-step explosiveness and acceleration up the arc. ","Lack of length will likely be a consistent issue for him. Does not have an adequate amount of counters to get off blocks. Shorter strides make for good explosiveness and early acceleration, but he doesn't cover a ton of ground when getting up the arc. Gets locked up when defending the run against Tes too often. Hand usage/placement needs consistency. ",NA,"Regardless of his lack of polish, Robinson is a gifted player athletically — likely on a level that is top of the class. A lot of what leaves you wanting more from Robinson is coachable. Unlocking that is the key for him to go from a boom-or-bust athlete to a dominant edge defender."
"179","Darius","Robinson","6'5”","285","Edge Defender","Robinson has the build of an NFL-type defensive lineman. He spent most of his early years at Missouri as a defensive tackle. He didn't have the typical build of an interior defensive lineman with long arms and a weight profile just above 300 pounds, but his strength allowed him to survive there. In 2023, he moved to edge out of necessity and had his most productive season. His strength on the edge was dominant, as he demolished tight ends and was even able to ragdoll offensive tackle with a violent push-pull move. He has below- average speed, agility and flexibility, but his weight-adjusted explosiveness could still be a strong score. ","Length is a big plus. Bull rush is imposing, even against inferior offensive linemen. You can't single-block this guy with a tight end. When he uses a push-pull technique, he can actually corner well. ","First-step explosiveness is below average for NFL edge defenders. Will not threaten the outside shoulder with speed or bend. Below average change of direction acceleration. ",NA,"Robinson is a powerful lineman who can line up anywhere from zero- to a seven-technique. He won't win with speed much at the next level, but he certainly can with power. His strength profile projects to a rotational role as a floor with starting potential if he can continue to hone in on his pass-rush plans."
"180","Javon","Solomon","6'1”","246","Edge Defender","Solomon may not pass the ""off the bus"" eye test for an NFL edge defender, but he fits the bill as an athlete. He has gained more than 30 pounds since his high school recruiting days and moved from outside linebacker to defensive end throughout his college career. He has a good first step to get off the ball, but his flexibility and change-of-direction ability to give bigger offensive tackles fits are even more impressive. In 2022, he won mostly just on athleticism, but in 2023, his hand usage — speed, violence and precision — improved dramatically, which was a catalyst for his FBS-leading 16 sacks. ","Really impressive all-around athlete for an edge player. Wrestling background shows up in his core strength and balance. 2023 film showed he was aware of his lack of length and consistently used hand swipes before contact. Hands were significantly quicker in 2023. Like his explosiveness from his three-point stance. ","Pops straight up when he's rushing from a two-point stance. Gets happy feet before the snap, at times — leads to false steps. Shorter strides don't cover a ton of ground in pursuit. Will lose the length battle versus NFL offensive tackles. ",NA,"His overall size (length) could prove to be a limiting factor for his potential in the NFL, but his athletic ability should yield a rotational pass-rush role, at worst, with the potential for an impact role as a top-100 pick."
"181","Xavier","Thomas","6'2”","244","Edge Defender","Though he does not bring much from a measurable standpoint, his five-star athleticism is alive and well. His feet are lightning quick, which allows him to consistently get his foot in the ground to drive his legs when bull rushing. He also is an excellent hand fighter. He makes up for his lack of length by always keeping the hands and arms moving to stay unblocked and eventually get away. He is a relentless pass- rusher but is not as an effective run defender when he can't shoot a gap. ","Quick, explosive steps out of his stance — can really stress OTs’ outside shoulder with speed. Relentless pass rush style. He'll take on as many blockers as needed to get to the QB. Feet are incredibly quick. Hand speed is very quick. He can flash the hands to get the OT to commit, then swipe/rip away. ","Likes to use long arm moves right now, but likely will not be effective due to his length at NFL level. Overall size is an issue for trench play — looks to be maxed out at 245 pounds. Explosive player, but shorter strides affect how much ground he can cover. ",NA,"Thomas is a true low-floor/high-ceiling prospect. He is on the older side, but his natural athletic gifts are still worth taking a chance on to continue to develop as a 3-4 pass-rush specialist."
"182","Bralen","Trice","6'4”","245","Edge Defender","Trice is a ""disruption is production"" kind of player. His sack totals over the past two years are low compared to some of his peers, but his name is near the top of the pressures leaderboard. He has a frenetic pass-rush style, which has its pros and cons. On one hand, he's going 100% on every play. On the other, his hands can be erratic and misplaced because of it. He loves the physical parts of trench play, which is good since he'll be one of the bigger edge rushers. Interestingly, most of his snaps are from a stand-up position, but he makes it work. His length is somewhat of an issue, and he won't turn the corner like other edge rushers. ","Loves the physicality part of playing in the trenches. Hands are fast and violent. First step in explosiveness is adequate for the NFL. When he goes all-out speed-to-power, he can really move people. Relentless mentality. ","Arm length appears to be an issue. Higher posture leads to some lack of natural leverage, especially from that two-point stance. Arm length concerns show up the most when attempting to tackle. Good amount of success comes from a wider alignment to mitigate the need to get up and around the arc. ",NA,"This is a powerful edge player who will never shy away from the contact trench play demands. You might have to align him a bit wider to unlock his disruption potential, but he is NFL caliber and should be picked in the top 50."
"183","Zion","Fetui","6'3”","244","Edge Defender","Tupuola-Fetui is a high-effort player who is competitive to the whistle. He has a good feel and understanding of the two- hand swipe, which allows him to stay unblocked when he can keep his distance. When he allows blockers to get into his chest, it is difficult for him to disengage, even against tight ends. However, he does have a nice inside spin as a counter, though he needs more counters. His anchor ability to hold the edge will need work before he can be called upon in that area. He is also a bit stiff, which is why he is most successful in wider alignments. ","Constantly looking for that two-hand swipe to stay unblocked. Nice inside spin as a counter. Good pursuit speed when he turns it on. ","Lacks true power for edge position at the next level. Lack of bend. He aligns wider to mitigate that issue. Too easily moved off the ball by OL or stalled by TEs. Feet can slide out from underneath him when trying to anchor. ",NA,"Tupuola-Fetui is an experienced, high energy, 3-4 outside linebacker who can make a name for himself as a special teamer, but he must get stronger and improve not allowing blockers to get him locked up to become a rotational player on defense."
"184","Dallas","Turner","6'3”","247","Edge Defender","Turner, a former five-star recruit, played opposite Will Anderson Jr. during his first season as a starter and held his own. He developed his pass-rush plans from his physical gifts that year. The following season, he added weight and strength to become a well-rounded and even more disruptive player. He continues to use the long arm successfully and can now generate even more movement on his speed-to- power reps. He doesn't have the deepest pass-rush bag, but what he does, he does well. He was more of a stand-up rusher in Alabama’s system and appears to be most comfortable in that stance, though he can also rush with his hand in the dirt. ","Good arm length Good change of direction and acceleration to be a true outside linebacker in a 3-4 scheme who can drop and cover Did not have the strength in his game to get off blocks in 2022 but was a much stronger player in 2023 Really impressive speed, both right off the snap and in pursuit NFL-level combination of explosiveness and bend ","Hands are fast, but the efficacy of their placement is inconsistent A little too finesse still. Could attack OTs with more ferocity ",NA,"Although he can continue to improve as a run defender and a tackler, Turner is a first-round type of edge rusher with high- ceiling pass-rush traits who can contribute in year one with a bright future ahead."
"185","David","Ugwoegbu","6'4”","250","Edge Defender","Ugwoegbu played off-ball linebacker at Oklahoma for four years before transferring to Houston and playing primarily edge rusher. Whether it's due to experience or total potential, he is better suited as an off-ball player. He has good instincts and downhill pursuit, and he can hit ball carriers with a good pop. As an edge rusher, he is stiff around the arc, lacks pass- rush timing and finesse, and he would need to add more weight for his style of trench play. ","Powerful club move. Extensive experience at every linebacker spot. High-effort player. Good hit power. When playing off the ball, he recognizes where things are going and how to cut them off. ","Stiffness up the arc causes Houston to use him in wide-nine technique. Strong for his weight but lacks strength against NFL edge rushers. Pass-rush flow isn't clean. Needs to expand pass-rush repertoire beyond just strength-based moves. ",NA,"As an edge rusher, Ugwoegbu has a long climb to make a team in the NFL, currently lacking pass rush moves and nuance for that position. However, as an off-ball LB (where he played primarily before 2023), he could be a depth roster special teammer."
"186","Jared","Verse","6'4”","254","Edge Defender","Verse is a devastatingly powerful edge player who brings the gym to the field on all three downs. After his 2020 season at Albany was canceled due to COVID-19, Verse and his father built a home gym and he put on 40 pounds in one year. He came back and was an FCS All-American. He transferred to Florida State the following season and displayed overwhelming strength against LSU in just his second game in the FBS. His speed-to-power is consistently effective. His hands are powerful and violent, and his swipes look like they hurt. His best work comes from the power he generates as a three-point defensive end. ","Very powerful player. Speed-to-power move can be devastating Violent hands First-step explosiveness is NFL-caliber Smart with his swim move. He can go to it quickly and instinctively to counter the momentum and direction of a pulling blocker ","Significantly less power (leverage) when rushing from a two- point stance, though he is familiar with it Lateral flexibility shows some stiffness. Limits how well he can get across the face or shoot inside ",NA,"Verse doesn't have the longest arms, and that shows up in some pass-rush counters and in tackling, but he brings his hard hat and lunch pail to every snap, wins with strength regularly and is built like a first-rounder."
"187","Eric","Watts","6'6”","274","Edge Defender","Watts is at his best when he can use his length with a long arm and push-pull moves. He also has decent first-step explosiveness for a player of his size. He is light in the lower half, which causes a balance issue and when trying to anchor. His height also causes pad-level issues, as he is consistently playing high and losing leverage. His hand placement could use more refinement, and his pass-rush plan needs to be developed further to maximize his size. His flexibility is also lacking, as it is tough for him to bend, corner or change direction (very low agility scores). ","His length is a huge plus on the edge. Above-average straight-line explosiveness, especially for his size. When he can extend his arms with his hands inside, he can really get offensive linemen on their heels. ","Plays with a high pad level, which is unfortunately natural for a player his size. Not very flexible — tough for him to really turn the corner or change direction. Light in the pants to anchor and balance against contact. Hand placement could be more consistent for increased efficiency. ",NA,"Watts has alluring potential as a 4-3 defensive end with his frame, but he must improve his flexibility, hand placement consistency and his balance/lower body strength before a team can see a return on investment due to his measurables."
"188","Michael","Barrett",NA,"233","Linebacker","As a former all-state quarterback in high school, Barrett has a natural feel for the game. Though overall anticipation could be better, his feel for where blockers are going to be is smooth. His downhill speed is adequate, but that mainly comes from good burst — his long speed for the NFL level is an issue. As a blitzer, he brings a pop at contact with a high motor to get to the quarterback. His biggest detractor is his overall size. Though he understands run fits, he is too easily blocked by guards. ","Very natural football player. he has a great feel for the game, where the ball is going and how to make an impact. Adequate speed to close on the ball or get to space. Good A-gap blitzer. He has the speed-to-power to hit/get past blocking RBs. ","Size is a concern for regular linebacker responsibilities at the NFL level. Overpowered by pulling guards. Understands run fits, but his size limits his effectiveness. ",NA,"Barrett is a natural football player, but he's tough to find a home for in the NFL, as he's too small for linebacker but not athletic enough to play safety. He projects as a potential special teams ace with some defensive responsibilities in dime situations."
"189","JD","Bertrand","6'1”","235","Linebacker","Bertrand is an experienced, smart linebacker prospect and an excellent pre-snap anticipator and communicator. He is rarely fooled by the window dressing of play action and pre-snap motion, often cutting off those plays. At 6-foot-1 and 235 pounds, he is on the smaller side. His lack of length is an issue when wrapping up and when getting off blocks. However, he is fundamentally sound in run defense. He is also a smart coverage player but is not as comfortable with shuffling and retreating as he is with keeping things in front of him. Most glaring is that he did not record an interception or a forced fumble in his college career. ","Excellent at pre-snap recognition and communication. Vocal leader Good fundamentals in run defense. Square shoulders at the line, good eyes to find the ball carrier ","Lack of length shows when trying to get off blocks Lack of weight is evident on blocks/tackles Average to below-average athlete for NFL standards ",NA,"Bertrand is a tough, smart and competitive prospect, albeit undersized, who projects as a rotational/backup inside linebacker for 4-3 or 3-4 schemes."
"190","Steele","Chambers","6'1”","226","Linebacker","Chambers' running back background and skillset show up in his short area quickness, body control and change-of- direction ability. This allows him to sift through clutter as well as move well in zone coverage. His lack of size is concerning for the position. He understands where to fit the run, but he is easily handled by offensive linemen and sometimes tight ends. His short arms also make it difficult for him to stack and shed. His long speed appears to be average for NFL linebackers, but shorter strides might make that below average. His effort and willingness to be physical despite his lack of measurables is a calling card. ","Good short area quickness and change of direction, which comes from his running back background. Plays with high effort and aggression. Has the upper body strength to stack and shed blocks (though it takes him a bit to do it). Conscious and consistent run fits. Good recognition speed and even some nice anticipation from him. ","Willing to take on offensive linemen but lacks the true power to hold up. Lacks the length/weight to shed blocks quickly and cleanly. Pursuit speed feels average at best for the NFL level. ",NA,"Chambers plays the position with aggression and decisiveness to be an inside linebacker for 3-4 fronts, but he may just simply lack the overall size required to be a starter at the NFL level."
"191","Junior","Colson","6'2”","238","Linebacker","Colson grew up playing soccer in Haiti and began playing football when he moved to the U.S. He committed to Michigan and started 36 of his 41 games played in just three seasons. He is a strong and reliable run defender who has good discipline at the LOS. His feel for coverage is also above average. He has good pre-snap communication and recognition and does not run himself out of plays with play action or pre-snap motion. His straight-line speed is decent, but his change-of-direction ability is tight (slower to flip the hip). Though he is good at sifting through chaos in run defense, he has some difficulties getting off blocks. ","Willing to be physical to take on blocks Good feel for hook/curl and Tampa drop-zone responsibilities Keeps his shoulders square and sifts through chaos in run defense Doesn't run himself out of position versus play action and pre-snap motion Good pre-snap recognition/communication ","Good, not great, athlete A bit tight to change direction. Hips are tight Decent at getting off blocks, but can still struggle ",NA,"Colson's background and journey to this point are inspiring. He has the size and football IQ to play in the NFL. He is a good but not great athlete, which will likely make him a Day 2 pick as a rotational 4-3 linebacker with starting potential."
"192","Edgerrin","Cooper","6'2”","230","Linebacker","Cooper brings a lot of athleticism to linebacker. He possesses top-tier change of direction, burst and pursuit speed. His best work comes when he keeps things in front of him, flying in for tackles at the line of scrimmage or the sidelines. Cooper's issues come from reacting more than anticipating. He is manipulated off his spot too often against play action and pre-snap motion. He also tends to overpursue tackles, though he was more consistent in 2023. He earned a high coverage grade in 2023, but that was more from defending shallow zones, running backs out of the backfield and QB scrambles than it was from deeper zone assignments. ","Downhill player who is willing to take on blocks at the LOS Top-tier athlete in change of direction, burst and long speed Effective blitzer ","Can be manipulated by pre-snap motion/play action Out of control sometimes. Takes a step too far in one direction and overcommits Reacts more than he anticipates ",NA,"Cooper has the length and the athleticism to be a starting- caliber linebacker in the NFL in a downhill role. His lack of anticipation and instincts for deeper coverage work will likely keep him from being picked in the first round."
"193","Tommy","Eichenberg","6'2”","233","Linebacker","Eichenberg was a two-time captain and a three-year starter at Ohio State. He is a throwback type of linebacker who loves to hit and defend the run near the line of scrimmage. He was superb in that role in 2022, earning an elite PFF run-defense grade. He is slippery between the tackles, quickly sifting through offensive linemen to get to ball carriers. He is a decent athlete when it comes to straight-line speed, but he can get into trouble when asked to flip his hips or change direction. It will be hard to rely on him consistently in spot zones. However, carrying tight ends up the seam or running backs up the sideline is in his wheelhouse. ","Excellent eyes in run defense. Knows where the ball is and how to get to it Slippery between the tackles Good hit power ","Long speed will be average at best Change of direction is below average for an NFL linebacker. Will impact coverage ability ",NA,"Eichenberg is a strong-side linebacker who can find work in early down roles as a Mike/Sam, specifically in a 4-3 defense. However, you won't want him operating in space in sub- package situations in coverage on late downs too often due to a lack of lateral mobility."
"194","Jaylan","Ford","6'2”","234","Linebacker","Ford was a two-year starter at Texas with 29 starts in total and two first-team All-Big 12 honors. He has played a ton of snaps over the last two seasons and brings leadership to the center of the defense. As an athlete, he is adequate for the NFL even when it comes to running downhill, but he is below average when moving laterally and when shuffling in coverage. To make up for this, he will need to anticipate more consistently at the next level. He has a decent feel for coverage but lacks true recovery athleticism if he gets out of position. As a tacker, he is strong to the ball and possesses decent hit power when making contact. ","Good downhill burst. Good hit power when tackling. Constant pre-snap communicator. ","Straight line burst is good but displays stiffness when turning a corner. Can get fooled by play-action. His anticipation needs to improve. Doesn't feel lost in coverage, but if he's a step late, he doesn’t have true recovery athleticism. ",NA,"Ford projects as a high-energy depth linebacker as a MIKE who could be a consistent contributor on special teams."
"195","Cedric","Gray","6'2”","234","Linebacker","His scouting report starts with his speed. He has very good short-area burst and long speed to meet ball carriers at the sideline. He has long arms, which aid him in wrapping up ball carriers. As a blitzer, his lateral movements are quick and explosive. He is a bit light and would do best more as a Will linebacker in space. His coverage in the box is good, but his slot coverage was inconsistent. His biggest area of concern is his anticipation. After three years as a starter, you would like to see him anticipate more than he does now, often reacting to where the ball is going after it moves. ","Above average speed to get to the sideline and cut off ball carriers before they get upfield. Good short-area quickness to avoid blockers and continue moving forward. Useful long arms to wrap up as a tackler. ","Play anticipation could improve, as he is slower to break, at times, when reacting to the ball. Lighter in weight and in the lower half, which makes it difficult to hold a gap when defending the run. ",NA,"Gray is an adequate athlete for Will linebacker responsibilities, but his play recognition must improve to become a starter at the NFL level."
"196","Ty'Ron","Hopper","6'2”","231","Linebacker","Hopper is a roaming middle linebacker who plays with ideal play speed. He has good explosiveness and natural athleticism. However, his lack of arm length and overall weight will raise the question as to whether he can take on blocks consistently at the next level. He has good a rip move when trying to get by blockers in pass-rush situations. In coverage, he moves well enough to have some responsibility there, but he is too overaggressive, which can lead to bigger throwing windows against him. ","Really nice first step explosiveness. Actually has a nice rip move when coming around the edge as a blitzer. Good movement skills to spot drop in coverage. Play speed is ideal — flies in for tackles. ","Lacks both length and mass to be effective taking on and getting off blocks. Need to play more controlled in coverage — he always wants to play fast, but it can hinder him in coverage. ",NA,"Overall, Hopper is a nice athlete who has potential in both coverage and pass rush despite less impressive measurables. His play speed is a pro and a con for him. If he can be more appropriate with when to turn on the jets and when to be patient, he could be a contributing backer and special teams standout."
"197","Curtis","Jacobs","6'1”","241","Linebacker","Jacobs is an elite athlete for the linebacker position. He has showcased good downhill speed and sideline-to-sideline ability. He can run stride for stride with tight ends getting vertical and with backs running wheel routes out of the backfield. Jacobs' issues seem to come between the tackles. He does not shy away from taking on blocks, but he isn't consistently winning when doing so, even against tight ends. When he misses tackles, it appears to be an arm length and lack of overall strength issue. ","Very explosive downhill athlete. Good body control to change direction and accelerate. Hands are fast when disengaging from blocks. Has the athleticism to be a good coverage defender. ","Can get moved off his spot too easily against tight ends. Fast but not overly effective as a pass-rusher. When he misses tackles, it feels like an arm length (25th percentile) and strength issue. ",NA,"Jacobs is a good athlete with starting potential movement skills, but he must get stronger and continue to improve his coverage instincts to shorten throwing windows."
"198","Marist","Liufau","6'2”","234","Linebacker","Liufau is a powerful linebacker at 238 pounds. His first step and speed-to-power ability are imposing, especially as a blitzer. When defending screen and swing passes out of the backfield, he can fly to the ball with a lot of power at contact. That power also shows up when he takes on or sheds blocks. His long speed is likely just average for the position, despite above-average acceleration. He is more comfortable in a downhill role than when retreating in coverage. He has the movement skills to play in coverage, but his instincts and lack of recognition can get him picked on a bit there. ","Nasty when coming downhill Great power at contact despite being just 238 pounds Nice change-of-direction ability/explosiveness Will never shy away from taking on blocks Quick to push/pull blockers in his way ","A little slow to recognize where the ball is going Average long speed ",NA,"Liufau is a powerful downhill linebacker who attacks ball carriers and blockers with bad intentions. His instincts and feel for spot zone coverage still need work if he is to be relied upon consistently. He is projected as a contributing inside linebacker for either a 4-3 or 3-4 defense."
"199","Darius","Muasau","6'0”","225","Linebacker","Muasau loves to be physical and does not shy away from doing the dirty work of playing linebacker. His lower size profile makes him quick and explosive, but that lack of weight really shows up when taking on and shedding blocks. He can also be late to recognize where the ball is going. ","Embraces and welcomes the physical requirements of the position. Comfortable and confident in clutter and chaos. Takes pride in doing the dirty work to contain the run and set the edge. Will bulldoze running backs in pass protection. ","Can be late to recognize where ball carriers are going. Can get overpowered by most offensive linemen due to lower weight (even with momentum). Plays a style that requires more weight. ",NA,"Muasau plays a style of linebacker every defensive coach will love, but he needs to add more strength and must anticipate with more regularity to make up for outlier measurables to be more than a special teamer."
"200","Jeremiah","Trotter Jr.","6'0”","228","Linebacker","Trotter has an incredibly high football IQ, which allowed him to become a starting LB at Clemson as a true sophomore in 2022. He is a fundamentally sound run defender who stays disciplined in his gaps and square to the ball carrier. In coverage, he has good eyes and instincts, which allows him to cover multiple receivers who pass through his area and jump passes. Unfortunately, his measurables are not usually conducive to success in the NFL. His smaller arms make it tougher to wrap up against better ball carriers. His weight means that offensive linemen can move him in run blocking. His pursuit speed will also likely be below average. ","Good instincts/feel in zone coverage Understands the manipulation tactics of play action and pre-snap motion Good patience/eyes for gap shooting Willing to be physical at all times Fundamentally sound run defender ","Size deficiencies show up often Long speed looks below average Shorter arm length limits ability to wrap up against better RBs ",NA,"Trotter is an incredibly smart linebacker who consistently puts himself in the right positions. However, his lack of length, size and explosiveness limit his starting, and even rotational, potential on the NFL stage."
"201","Edefuan","Ulofoshio","6'1”","236","Linebacker","Just a two-star linebacker recruit, Ulofoshio joined Washington as a walk-on. He eventually became a starter and battled through a torn biceps and a torn ACL in the 2021 and 2022 seasons. His perseverance paid off, as he started all 15 games for a Huskies team that made a national championship run in 2023. Ulofoshio's experience allows him to recognize things quickly, especially in coverage. He is still fooled by play action and pre-snap motion. His low recruiting ranking stems from his limited athleticism. When he keeps things in front of him, he can make plays as a tackler. Still, he lacks both straight-line and change-of-direction abilities. ","Significant experience has led to good coverage recognition ","Below-average straight-line athlete Slow to react to who has the ball against RPOs, play action and even straight run plays Does not always take the best paths to the ball Can look wild due to lack of change-of-direction control Lack of strength/length makes it tougher for him to get off blocks ",NA,"Ulofoshio’s journey of hard work and perseverance will have NFL teams enamored. However, his below-average athletic ability limits his ceiling as a likely Day 3 depth linebacker."
"202","Trevin","Wallace","6'1”","237","Linebacker","At the combine, he confirmed that track explosiveness with 80th and 90th percentile scores in the 40-yard dash, vertical and broad jump. That athleticism shows up on tape, especially when triggering downhill. He can cut ball carriers off quickly, and that leg power brings hitting power when he arrives. He can be a good option for QB spy assignments. While he is an adequate athlete, he still needs to be more consistent in play recognition after the snap. He can often make up for it with his speed at the college level, but that won't be as easy in the NFL. ","Athleticism pops immediately — explosive player. Strong, powerful legs lead to good hit power. Can be a QB spy option against mobile QBs. ","Struggles to get off blocks more than he should. Will take aggressive pursuit angles to the ball, which presents a big risk and a big reward. Good burst for pressure off the edge, but he is a bit stiff to turn the corner. ",NA,"Wallace is a top-tier athlete for the position, but he must improve his anticipation and recognition in order to truly be a difference maker with his physical gifts."
"203","Nathaniel","Watson","6'2”","233","Linebacker","Watson is quite strong, and pairing that with his massive wingspan makes a great tackler and gives him an advantage when taking on blockers. Unfortunately, he doesn't have leverage nearly enough and often takes contact with a high pad level. He is strong downhill, as evidenced by his 25 tackles for loss over the last two years, but is limited to a straight-line athlete. If you ask him to flip his hips or quickly move laterally, he struggles, especially in coverage. ","Long arms (93rd percentile) are an asset when pass rushing and tackling. Strong football player — when he gets his hands on you, he’s bringing you to the ground. Patience is a plus — he won't overrun a gap or a ball carrier. ","Lacks the flexibility to stay fluid when changing direction. Too upright when taking on blocks — needs that leverage for better pop. Lack of hip turn quickness limits how effective he can be in coverage. He has the strength and the arm length to stack blockers but doesn't always get off with haste. ",NA,"Watson is a classic between-the-tackles kind of linebacker who wins with strength and length, but his athletic limitations will likely limit him to early-down work and special teams duties."
"204","Payton","Wilson","6'4”","233","Linebacker","Wilson will be one of the older prospects in the 2024 NFL Draft class. He missed time due to injuries at N.C. State, but when on the field, he proved to be one of the best defenders in college football. His 6-foot-4 frame gives him plus pass- rush ability up the middle and around the edge. Despite his knee injuries, he is very fluid for his size, both in coverage and as a pass rusher. That allows him to match and mirror tight ends and running backs, as well as cover a lot of ground in spot-dropping assignments. He can recognize where the flow/ball is going and has the pursuit speed to be impactful. He also has great ball skills for a linebacker. ","Good length to handle blockers and get off blocks Quick trigger downhill Fluid athlete for his size Covers a lot of ground in coverage when shuffling Above-average pursuit speed Good pop at contact despite being listed between 230-235 lbs ","Extensive injury history Slender frame and lack of weight show up at times against bigger players ",NA,"Wilson has the length, movement ability, IQ and tape of a first- round linebacker. What will likely keep him from being drafted on Day 1 is his injury history and age. If healthy, he can be a starting inside linebacker in any defense."
"205","Kris","Draine","6'0”","179","Cornerback","Abrams-Draine started his career at Missouri as a receiver. The three-star recruit even played quarterback in high school as a senior. He moved to defensive back as a sophomore at Missouri and started on the outside in each of the past two seasons. He has a ton of ball production — seven interceptions and 34 forced incompletions — since 2021. Abrams-Draine is a good overall athlete with adequate long speed and recovery speed, fluid hips and an explosive first few steps out of a change in direction. His weight is on the lower side, which is why you won't see him in press coverage much. But he does great work in off-coverage from zone. ","Demonstrates a good feel for off-zone coverage Excels at reading quarterbacks' eyes Has a lot of range in zone coverage, even if he has to flip and turn in the other direction to make a play Shows an impressive ability to flip his hips and get on his horse ","Hips don't flip as quickly and as smoothly as you'd want for a slot defender Does not have the nuances of the position mastered yet. Mistimes punches in press and gets fooled by receivers’ shoulders and fakes Didn’t miss many tackles, but when he did, it was due to a lack of strength ",NA,"Abrams-Draine has a lower weight percentile and is still learning the nuances and anticipation required to play the position at a high level, but he is a fluid athlete with a knack for making plays on the ball. He projects as a CB3 with CB2 potential in a zone- based defense, and he brings special teams experience."
"206","Terrion","Arnold","6'0”","189","Cornerback","Arnold played mostly outside cornerback for Alabama over the past two seasons but gained some experience in the slot in 2023. He has great long speed, recovery speed, acceleration and agility. He also brings impressive ball skills with good on-ball production. With just one year as a full-time starter, he is a bit erratic in his style and had some missteps and whiffs on punches in press that got him turned around or off-balance. When he's aligned and in phase, he has the talent to shut down all kinds of receivers. Though green on total snaps, he does show a good understanding of post- snap adjustments and man-match principles. ","Top-tier athlete for the position. Recovery speed and long speed will allow him to keep up with NFL receivers Elite stop-and-start ability Baseline understanding of man-match principles Not afraid to stick his nose in run defense ","Too comfortable with getting turned around. Knows he's athletic enough to do it Feels too out of control. Some missteps and whiffs on punches in press got him turned around or off-balance A bit too grabby on deep passes Is fooled by footwork too often Leverage is inconsistent. ",NA,"Arnold isn't the most polished cornerback in this class, but his high-percentile athletic abilities give him as high of a ceiling as any cornerback in man or zone systems."
"207","Jarvis","Brownlee Jr.",NA,"194","Cornerback","Brownlee evolved into an NFL-level cornerback in 2023. He likes to be physical and shows that in coverage and run defense. He brings a powerful punch at contact when getting his hands up to disrupt routes and makes things tough for receivers at the catch point. His short-area movement skills are good, from his hip fluidity to his first-step explosiveness. He frequently got his hands on passes due to playing close coverage, but his ball skills don't stand out. He is not as comfortable in off-coverage but could improve there. Brownlee’s biggest issue is his recovery speed, as he lacks the top gear to make up the separation. ","Loves to be physical, especially in press and run defense. Impressive power at the punch when getting hands up in press. Good short-area movement skills. Hips flip quickly and first step is explosive. Will make a receiver really work for it at the catch point. ","Long speed/recovery speed could get him in trouble against faster vertical wideouts. Not as comfortable/aggressive with calculating spacing in off- coverage. Looks less comfortable from the slot, even in press (could be a lack of experience). ",NA,"Brownlee is a competitive player whom press teams will covet, but his middling long speed is a concern when defending vertical routes against NFL athletes."
"208","Javon","Bullard",NA,"198","Cornerback","Bullard is a fiery competitor in the secondary who brings a mentality every NFL team will gravitate toward. He was a starter in the slot in 2022 and at safety in 2023. His best work came from the slot, where he played confidently in press coverage and showed off his willingness and effectiveness in run support. He did not look as comfortable at safety with so much space, and he took overaggressive angles when coming downhill. His in-your-face play style was much more aligned with slot responsibilities. ","Experienced and successful slot defender Fearless tackler for his size Fiery competitor who does not back down from any assignment ","Recovery speed is good but not elite Overaggressive pursuit angles cause him to be out of control at times Much more comfortable playing in the slot than coming from depth ",NA,"Bullard is a versatile secondary player with a fearless mentality. Though he isn't an elite athlete, his competitiveness, quickness and tackling ability project him to a starting role as a nickel defender."
"209","Caelen","Carson","6'0”","199","Cornerback","Carson played more than 2,000 defensive snaps over four years at Wake Forest. His calling card is physicality. Though not overly imposing in height or weight, he likes to get his hands on receivers at the top of the route and when they try to get vertical on him. His best athletic trait is his downhill click-and-close ability. His feet and hips are fast and fluid. However, he may also play a lot of off-coverage because his long speed and recovery speed are average to below average. He recorded strong forced incompletion rates but made just one interception in two seasons as a starter. Carson is an impactful run defender, too. ","Displays quick click-and-close ability downhill Very willing tackler Hips can flip fluidly and quickly Likes to keep it physical through the route Plays above his weight class in run defense ","Lack of weight/strength shows up when tackling Needs to get hands on receivers to keep up with them vertically ",NA,"Carson lacks the long speed/recovery speed to play island coverage. He can be a CB2/3 as an off-coverage defender in a zone-heavy scheme, bringing good downhill closing speed and reliable tackling."
"210","Cooper","DeJean","6'1”","203","Cornerback","DeJean played mostly outside cornerback for Iowa over the past two years. At 6-foot-1 and 205 pounds, he checks the size boxes for the position and brings top-tier natural athleticism. His footwork is quick and controlled, his backpedal and shuffling are smooth, his stop-and-start speed is good for his size and his ball skills are elite. Wrap all that with a bow of high football IQ and instincts. He doesn't have much experience in press coverage but can succeed in that role. DeJean is likely the best run-defending cornerback in the class. There aren't many holes, if any, in his game. ","Great size for a cornerback. Stout in run defense Quick, controlled footwork in his backpedal allows him to veer and break exactly how he needs to Good instincts and football IQ. Communicates and observes the whole field pre- and post-snap Impressive ability to flip his hips and accelerate for his size Has the natural athletic ability to play press Ample special teams experience as a gunner and returner ","Only 199 snaps in press (less than 25% over past two years) Change of direction/acceleration when he's fully flipping his hips can be slow because of his size ",NA,"The talk of DeJean playing outside cornerback or safety or slot cornerback at the next level is not due to lack of a home position; it's because he could truly be an impact player anywhere. His footwork, ball skills and explosive athleticism make him an impactful outside cornerback — one with All-Pro potential."
"211","Johnny","Dixon",NA,"188","Cornerback","Dixon was a starter since his second season at South Carolina. He transferred in 2021 to Penn State and was a consistent player, mostly as a wide cornerback but also in the slot. He is a tough evaluation because his athletic traits indicate he would have more success in the slot, boasting quick, controlled and balanced footwork with good stop-start ability and pass-rush quickness. But he lacks strength. He won't be able to hold the edge or shed blocks, even with a full head of steam. That lack of strength is also a concern if projecting him to play on the outside. It makes more sense for him to be matched up against smaller receivers. ","Gained slot experience in 2022 when Joey Porter Jr. and Kalen King were on the outside Body control and stop-and-start ability stand out. Possesses excellent footwork. A very balanced athlete Calm cornerback in trail technique. Doesn't panic and immediately hit full speed recklessly Savvy with his punches in press and at the contact point of routes when in off-coverage. Not imposing, but annoying for WRs ","Doesn't back down from matching up against tight ends but is overpowered by them fairly easily Quicker than he is fast. Can get taken advantage of when in press and receivers are running vertically Lacks strength in his finishing ability at the catch point and in run defense 30% missed tackle rate against the run ",NA,"Dixon might be a rotational matchup specialist against smaller receivers in the NFL. He is fiery in his approach to the position and possesses adequate agility skills for the NFL level. If he can become a more reliable tackler, he certainly has the coverage skills to see the field in some capacity."
"212","Renardo","Green","6'0”","186","Cornerback","Green loves to get up on the line of scrimmage and have only one thing to worry about: not letting the guy in front of him make a catch. He does that well with patient footwork and well-timed hand strikes when receivers get into their routes. He is rarely fooled to get out of control or show false steps. He is not as comfortable in off-coverage. In run defense, he is a willing tackler and conscious of setting the edge, but his lower weight impacts his effectiveness. Though he recorded just two interceptions in two years, he forced 17 incompletions in 2023. His burst and agility are above average, but his long speed is just average for the NFL. ","Lives for press-man coverage. A true ""don't let him catch it“ cornerback. Quick but patient footwork to mirror releases. Nice control of his speed. Can chop the feet and then immediately accelerate. Good balance and timing with his hand strikes off the line. Calm demeanor about him. Rarely shows panic steps or false moves. ","Can be a bit grabby at the break of routes. Not uncommon for man-coverage cornerbacks. Not a shy tackler, but his lower weight leads to inconsistencies. Not as comfortable or confident to make plays on the ball when in off-coverage. Top-gear speed is just average for the NFL. ",NA,"Green is a calm and confident man-coverage cornerback with CB2 potential for a team that likes to play in press."
"213","Kamal","Hadden","6'1”","196","Cornerback","Hadden has been on a winding college football journey, starting as a zero-star recruit who had to go to community college. However, he showed resilience when roadblocks came up, which helped him earn a shot at the NFL. His size- speed combination is alluring. When in control, he is agile, smooth, sticky and can run with vertical receivers in man coverage. He is confident in press but can also be confident in zone, always trying to manipulate space to bait a throw he can jump. His technique is still a major work in progress in press coverage, with his footwork and when tackling, but all areas did improve from 2022 to 2023. ","Ideal size-speed combination for the NFL level. Smoothly flips his hips for his size. Always looks to bait quarterbacks into a throw when in off coverage – a dangerous game, but he's confident in it. ","Frenetic footwork in press coverage in 2022 — more controlled in 2023. Incorrect hand technique in press causes him to allow separation against vertical routes. Dangerous tackling technique in 2022 — constantly dipped his head to show the crown of the helmet before launching. 2023 showed tackling technique still needs a lot of work. ",NA,"If you draft by the motto of ""just draft talented dudes and let the coaches do the rest,"" Hadden will be a top 100 player. However, the honest assessment is he still has a ways to go in run defense and press coverage techniques before he can showcase his physical gifts in the NFL."
"214","Myles","Harden",NA,"195","Cornerback","Harden is smaller, which will be an issue if he is to stay at outside corner in the NFL. However, he is feisty and a willing run defender. He likes to get his hands on receivers and make them work for their route. His long speed is a concern against vertical receivers, but his short-area quickness makes up for it on in-breaking routes and underneath throws. ","Physical and competitive mentality is evident very quickly when watching his tape. He will not only come up and tackle but will give ball carriers some pop. Controlled, quick athlete. ","Lacks the length to really compete with NFL-size receivers. Long speed is a concern for vertical receivers at the next level. ",NA,"Harden doesn't have much experience in the slot, but a nickel role would emphasize his strengths — quickness, run support and competitiveness — and mitigate his NFL concerns — long speed and length. He could be a starting nickel at some point."
"215","Daequan","Hardy","5'9”","179","Cornerback","Hardy plays with a lot of confidence despite his size. He'll be an outlier in that regard, but that smaller size allows him to flip his hips quickly to adjust to two-way route options when defending the slot. It also empowers him to squeeze between small rush lanes on the blitz. He lacks strength, as one would expect. But when it comes to making contact at the catch point, he is still disruptive enough to cause some drops. There is some concern about his long speed, which is why the team that drafts him won't want him in press coverage, especially on the outside. He does much better with off- coverage spacing in zone. ","Understands how to stay between his man and the ball Good eyes in off-coverage Quick player on the blitz who can fit through small rush lanes Smaller size allows him to flip his hips very quickly, which is important for defending receivers in space ","Limited long speed Quickness is average at best Won't match up well against bigger slot receivers due to small size ",NA,"Hardy is a smaller slot cornerback who plays with a lot of confidence despite his lack of size. He is quick but likely lacks the top-gear speed necessary for successful secondary play at the next level."
"216","Cam","Hart","6'3”","202","Cornerback","Despite injuries, Hart managed to start 32 games at outside cornerback over the past three seasons. He is a physical zone cornerback who is very competitive, showing a willingness and good fundamentals in the run game. His overall athleticism is concerning, though. Too often receivers were able to get even and separate against him when running vertical routes. His acceleration speed is decent, but it is more build-up speed than twitchiness. Overall, Hart has ideal length and experience to be a mid-round off-coverage cornerback in a zone-heavy system. The NFL team that drafts him won't want to use him in press coverage much. ","Fantastic length and size to hold up against press coverage and affect the catch point Brings a willingness to support in run defense Competitive player Good feel for spacing in off-coverage from zone ","Long speed is a concern, which makes a press coverage projection tricky. When receivers get even with him, they create separation Acceleration is more build-up than it is twitchy. Impacts recovery speed Start-and-stop ability is just OK, given his size ",NA,"Hart brings ideal size to the outside cornerback spot. There are some natrural movement concerns that come with a bigger body, but when he anticipates, he can play at a reliable level as a rotational cornerback."
"217","Khyree","Jackson","6'4”","194","Cornerback","Jackson's skill set is that of a press-man cornerback. He is tall and long but also a fluid and explosive athlete — a rare combination. His recovery speed, hip flexibility and footwork are much better than most players with his measurables. He consistently gets his head around to look to bat down or intercept passes. His slender build can hinder him in press coverage and when he is finishing tackles, but his missed tackle rate is quite low and his run-defense grade in 2023 was reliable. The biggest negative in Jackson’s game is his anticipation. Too often the better receivers he faced made cuts that he did not anticipate well enough to mirror. ","Physical player who likes to get hands on receivers early in press and then hand fight through the route Length is a huge plus for press and also for forced incompletions Impressive mirror ability for a player with such long legs Consistently gets his head around to face the passer to try to break up or intercept passes Did not miss many tackles in 2023 on his way to a high run-D grade ","Though he fares well in press, he can get pushed off balance against stronger receivers Has good recovery speed but needs to anticipate better so he isn't as behind when players get vertical ",NA,"Jackson is an alluring prospect because his size and athletic combination doesn't come around often. However, he must anticipate routes better and not rely on his recovery speed as much. If he can do this, he can be a starting-caliber cornerback in the NFL with a shutdown skill set."
"218","D.J.","James","6'0”","175","Cornerback","James is a competitive cornerback who has experience in man and zone, as well as in press and off coverages. He's on the smaller side in weight and length, and that shows up at the catch point and when taking on blocks. With his smaller size, though, he possesses well above-average quickness and acceleration. He has the fluid hips to mirror and match off the line in press. Although he is quick, his long speed is average at best, which might hold him back from being a starter at the next level. ","Spry movement skills at his lower weight profile One of the few players who handled Malik Nabers' quickness Is a fiery competitor who loves man coverage Explosive in short areas and can flip his hips and accelerate quickly Visible pre- and post-snap communicator ","Lower weight profile shows up as a deficiency when taking on blocks and when tackling Though he is feisty, he gets pushed back and walled off decently easily versus blockers Lacks great top speed for in trail technique ",NA,"James brings the competitiveness and mentality you want from a cornerback. His lack of top speed and strength likely limit him to a rotational or spot starter role."
"219","Elijah","Jones","6'2”","185","Cornerback","Most of Jones' work came as an outside CB with a good amount of assignment slot coverage too. He has good height and length for press coverage, which is where he is most comfortable. When he can get hands on receivers early, he can stay on their hip (former track star athleticism shows up there). He also has a good feel for when the ball is arriving for PBUs. He gets in trouble when he's in off coverage, as he is not comfortable in space and lacks the patience and overall discipline to not get put in trail when not in press. His lower weight makes it tougher for him to make tackles (ankle tackler), though he is willing. ","Vast experience has given him a quick sense for reactions pre-snap. Competitive play who is constantly looking to make the big play (and celebrate afterward). Has man coverage experience outside and in the slot. Comfortable and confident when he can get hands on receivers. Instinctive ball skills for when to turn and look and when to swipe. ","Feels out of control too often, especially when asked to play off coverage. Lower weight makes him an ankle tackler. Overaggressive at times. Combine athletic scores were good, but he gets beat in space and is in trail too much with not enough recovery speed to consistently make up for it on tape. ",NA,"Jones has the length and movement skills to find a role as a backup outside corner for a team that likes to play a lot of press-man coverage."
"220","Jarrian","Jones","6'0”","190","Cornerback","Jones transferred to Florida State after one year at Mississippi State, and he blossomed into an impact player. He was primarily an outside cornerback through the first four years of his college career, but his below-average long speed/recovery speed was exposed there, especially when asked to play press. In 2023, he played in the slot and had a career year. He has the traits to succeed as a slot defender at the next level, boasting quick feet, hips and acceleration to stick with players in space. He also brings great awareness of spacing and throwing paths, and he is consistently conscious of putting himself between the receiver and the ball. ","Quick and balanced footwork in his backpedal Quickness is a calling card of his game. It shows in his hips and acceleration Willing run defender. Even executed some rip moves to get around blockers in run defense Reliable tackler Smart from the slot. When in trail technique, knows to take the path that naturally cuts off passes, specifically on deep crossers ","Limited long speed. Likely why he was pushed into the slot ",NA,"It took a while for Jones to find a home at slot cornerback, but since doing so, he has shown valuable skills that should translate to the NFL. His quickness, both physically and mentally, projects well to the slot as a rotational defensive back or nickel starter."
"221","Kalen","King",NA,"191","Cornerback","King started nine games as a true sophomore with the Nittany Lions and was one of the best cornerbacks in the country, posting an elite single-coverage grade. The 2023 campaign was a different story, but he still brings athleticism and smooth movement with explosiveness. His feet are fast but often look on the verge of being out of control. Though his click-and-close ability is above average, he does not anticipate route breaks quickly enough to make an impact or warrant no-throws as much as he should. King is a willing run defender, but his pursuit angles and technique are unreliable, which makes it unlikely he will ever feature in the slot. ","Displayed such good athleticism in 2022 that he didn't even need to get hands on receivers to mirror them in press Rare combination of explosive yet smooth, even in his backpedals Willing run defender, though not a strong or consistent one ","Bad pursuit angles in run defense. Tends to be overaggressive Not a fundamentally sound tackler, even when diving for ankles Anticipation could be better, especially for in-breaking routes. Has the athleticism to make more plays Footwork is fast but can look nearly out of control Shorter arms impact how well he can get his hands to the ball at the catch point ",NA,"Although King has a lot of athletic potential at outside cornerback, his anticipation, instincts and technique are too inconsistent. He projects as a mid-round prospect who needs time to develop, but he offers a starting-caliber payoff if he improves."
"222","Kamari","Lassiter","6'0”","186","Cornerback","Lassiter is a very smart football player, especially for his age and experience. He understands that winning at cornerback starts with anticipation, controlled footwork and fundamentally sound hand placement and hand fighting. He is somewhat limited when it comes to twitchiness. He is controlled and can change direction quickly, but his first step doesn't explode as well as it does for other cornerbacks, and his long speed, while adequate, needs more build-up. In run defense, he is conscious of funneling players inward but does so too conservatively, at times, and then fails to make a good tackle attempt. ","From his hands to his feet, Lassiter is a smart, fundamentally sound player who understands the importance of technique Hand placement and punch timing in press are reliable and consistent Not the fastest footwork, but he looks in control at all times Savvy hand fighter throughout the route Smart and sound run defender who does not give up the sideline and funnels ball carriers in ","A good but not great athlete when it comes to recovery speed and burst Long speed can be adequate, but it needs build-up time Sometimes too conservative with funneling players in run D Not much ball production despite playing more than 1,500 snaps the past two years ",NA,"Lassiter is a competitive, scheme-versatile cornerback who can succeed in both man and zone assignments. While he isn't the best athlete at the position, he makes up for it in many ways, including through instincts and anticipation. He projects as a priority Day 2 selection as a future CB2."
"223","Dwight","McGlothern","6'2”","185","Cornerback","McGlothern might have the height to suggest he'd be a press- man corner, but his best plays come when he can adjust off the line of scrimmage in Cover 3 or quarters coverage. His natural instincts can shine, enabling him to undercut routes for PBUs and INTs. When it comes to tackling, he is wildly inconsistent right now. There are times when effort is lacking, and other times when his fundamentals are. It's hard to rely on him in run support. Back in coverage, he displays the athletic ability to stop, turn and close the gap on comeback routes, but there are also too many times when he just feels out of control. ","Twenty-one forced incompletions and seven interceptions over the last two seasons. Natural feel for coverage — a lot of his best plays are when he can keep his eyes on the ball and make a break. Displays the ability to stop, turn and run to close the gap and make a play on comeback routes. ","He is not interested in doing the dirty work for run defense on the edge. Tackling technique is quite inconsistent. Feels out of control too often — hard to know what you'll get on a play-by-play basis. ",NA,"McGlothern has some fantastic ball production thanks to top- tier instincts in off-coverage, but his freelancing is a gift and a curse. He's a true boom-or-bust player, not just for his career but on a play-by-play basis."
"224","Kool-Aid","McKinstry","6'0”","199","Cornerback","How smart and talented is McKinstry? He started as a true freshman in a Nick Saban defense. At 6-foot-1, he has good size and length to match up on the outside against bigger receivers. He is very comfortable and experienced in press- man coverage and also has a good feel for spacing in zone. He has an uncanny knack for making plays on the ball despite being in trail technique and not having his eyes toward the pocket. McKinstry's best attribute is his demeanor. He never seems panicked — in any facet of play. He is a good athlete but not an elite one for the NFL level when it comes to stop- and-start ability. He is not as twitchy as he is smooth. ","Great balance and fluidity when backpedaling Good, but not great, recovery speed Length is a big plus for press coverage Hands are quick and precise for disrupting receivers out of press Nice shoulder dip reaction time to avoid blocks Comfortable and confident in ""island"" coverage Does not fall for feet chopping of WRs in their releases. Quick to read screens ","Change-of-direction ability and agility are good but not elite for stickiness in coverage when routes are breaking Likes to be physical, which led to some unnecessary holding and DPI penalties Long speed is good but not elite Could stand to be more aggressive when attacking the ball ",NA,"McKinstry plays one of the most difficult positions in the game with so much poise and production. He might not be an elite athlete, but he is one of the smartest cornerback prospects you'll find. He can play in any defensive scheme and is the type of player you draft in the first round."
"225","Max","Melton",NA,"187","Cornerback","Melton’s brother Bo currently plays wide receiver for the Green Bay Packers. Max has been starting since his true freshman season at outside cornerback, but his lack of size and long speed suggests a switch to the slot could be in his NFL future. He has quick and controlled footwork when changing directions, though he isn't as sticky in coverage as one would want for a slot cornerback. That could be more anticipation-related than athletic. He does his best work in off-coverage, where his downhill speed and anticipation shine brightest. He is a willing defender in run support, though he missed many tackles in 2023. ","Strong awareness and anticipation in off-coverage Fluid hips to change direction Quick, controlled footwork which leads to solid stop-and-start ability in space Recovery speed is adequate when he is coming downhill ","Does not seem as fast when running with outside receivers vertically as he does when triggering downhill Experienced in press but better when he can play off-coverage, specifically as an outside CB Not as sticky in coverage when it comes to quick movement in space. Feels like an anticipation thing more than a knock on his athletic ability ",NA,"Melton is an intriguing cornerback prospect because the slot might be his best role in the NFL. He does bring a lot of experience on the outside, though. Melton projects as a priority Day 3 pick with inside-outside versatility."
"226","Quinyon","Mitchell","6'0”","195","Cornerback","No FBS cornerback forced more incompletions over the past two seasons than Mitchell. He did so while playing an off- coverage role in a Cover 3-heavy scheme. He would align himself 8-10 yards off the line of scrimmage, keep his eyes on the quarterback and wait to pounce. His recovery speed and acceleration are both elite, even for NFL standards. He does not have much experience in press, but he has the size and movement skills to succeed there. His instincts in zone are still a work in progress. He didn’t miss many tackles in run defense, but his technique isn't as fundamentally sound as it could be. ","Very impressive athlete. Body control, explosiveness and top speed are all well above average for the pros Backpedal is smooth and loaded to break on the ball at any sec Downhill speed in off-coverage is strong. Quarterbacks threw his way a lot because they didn't believe he could get there, and yet, he often did Anticipation in off-coverage is excellent. ","Still working on his feel/instincts in zone coverage. Can lose guys when they're in his zone but he's not looking right at them Can be overaggressive against double moves Strike timing in press is inconsistent due to a lack of experience ",NA,"Mitchell recorded some of the best advanced coverage metrics over a two-year sample size in the PFF college era. He has all the ability in the world to be a CB1 at the next level, but his lack of experience in press coverage could stop him from being a unanimous first-round pick on every team's board."
"227","Josh","Newton",NA,"190","Cornerback","Newton was a two-star wide receiver recruit before making the switch to cornerback when he enrolled at Louisiana- Monroe. He spent three seasons there before transferring to TCU. He brings a ton of experience, starting 58 games in college while playing more than 1,700 snaps over the past two years alone. In 2022, he showed a lot of confidence and quickness, leading to plenty of forced incompletions and interceptions. But he was not the same player in 2023. His anticipation of routes, releases and breaks was a step behind. While he is quick, his long speed proved to be an issue against NFL-caliber receivers. ","Very fast footwork. Smooth when transitioning from backpedal into his strides Hips flip quickly, which helps when in press to be able to adjust in either direction Calm and confident in trail technique ","Doesn't sink super low in his backpedal and can look off-balance Anticipation got worse in 2023 Long-speed issues showed up in 2023, especially against Texas ",NA,"Newton's 2022 tape was much better than his 2023 film as primarily a press-man coverage defender. Depending on which teams believe in more, he could be drafted anywhere from the second round to the fifth round."
"228","Andru","Phillips",NA,"190","Cornerback","Phillips did not gain much starting experience from his four years at Kentucky. He played in every game in 2022 but was a rotational player in the slot and on the outside. In 2023, he was a consistent starter at outside cornerback. He brings a physical brand of play to the position, and that lends itself well to press coverage, where he is most confident. He is a strong run defender from the slot and can set the edge, stop screens and make tackles. Phillips’ deficiencies are on display in play off-coverage. His lack of starting experience shows in his spacing and timing for contact. He also must improve the fluidity and precision in his hip turns. ","Impressive run defender from the slot. Has the mentality, fundamentals and strength to set the edge, blitz effectively and collapse Plays a physical brand of coverage. Works well from press Seems more confident in his movement skills in press ","Relies on the speed turn too much. Yields separation when the receiver breaks from his leverage Hip flips aren't as smooth as they need to be for off-coverage Is not as confident in zone coverage. Spacing is off and contact is mistimed ",NA,"Phillips' physical profile makes him an interesting cornerback to develop in the Day 3 range for a team that likes to play heavy press coverage."
"229","Nehemiah","Pritchett","6'0”","190","Cornerback","Pritchett proved quite versatile at Auburn, playing mostly outside cornerback but also seeing some snaps in the slot and as a punt and kick returner. His first-step acceleration and hip fluidity are above average for a player of his size. His long speed is decent, but when he faces quicker, faster receivers, he gets too grabby. He is more effective in off- coverage. His lower weight profile shows up when tackling. He dives at ankles too often, and when he does tackle with sound technique, he lacks the density and strength to truly stop ball carriers. He uses his long arms to force incompletions, but he lacks natural takeaway abilities. ","Has nice first-step acceleration, allowing him to close downhill quickly Hips are decently fluid for a player over 6-foot ","Ankle-diver when tackling Does not have the strength/density for physicality in the run game in the NFL Balance in his backpedal can be an issue out of press. Weight is too far back Needs to grab to keep up with quicker receivers ",NA,"Pritchett's quickness and special teams experience make him a cornerback to draft and develop. But unless he gets stronger, it will be tough to keep him on the field in a full-time role in the NFL."
"230","Ennis","Rakestraw Jr.",NA,"183","Cornerback","Rakestraw is an incredibly smart and savvy off-coverage cornerback who plays in a way that makes watching his film a joy. Before the ball is even snapped, you can see evidence of his football IQ in his pre-snap communication and adjustments to motion. He does most of his work in off- coverage (Cover 3, quarters and underneath zones), but does so beautifully, showing excellent spacing and an ability to pass off routes with ease. He is not asked to play press or single coverage often, which makes his true mirror/recovery speed a question. But his fluid hips, quick feet, good burst and excellent instincts are starting-caliber traits. ","Excellent eyes and instincts in zone coverage. Consistent pre-snap communicator Patient player who is in control at all times. No panic in him Quick feet for change of direction Smooth hips when changing direction Not a strong run defender, but still likes to be physical Reliable when funneling ball carriers to sideline and back inside Experienced and comfortable in the slot ","True recovery speed/straight-line speed are worries. Might be why he's primarily a zone cornerback, but seems adequate enough Lack of ball production in his final year ",NA,"Rakestraw possesses a high football IQ and does great work in off-coverage when he can anticipate with space. He is a quick and controlled cornerback who will provide plus reliability as a run defender. His traits are worthy of a top-50 draft pick, but his lack of ball production might have him drafted just outside that range."
"231","Decamerion","Richardson","6'2”","188","Cornerback","Richardson possesses ideal size, speed and length combination for the NFL level, especially when he can play closer to the line of scrimmage. Such an alignment also allows one of his biggest strengths to shine: His willingness and reliability in run support. When in coverage, Richardson's biggest weakness is his lack of feel and anticipation. He isn't as comfortable and confident as required when playing certain leverage, and he does not have a good feel for when the ball is arriving, hence the lack of ball production over the years (no interceptions in his career). ","Willing to come up in run support despite lower weight. Strong tackler when he gets his hands on ball carriers. Good size, speed and length combination to be sticky in coverage. ","Naturally upright position makes it tougher for him to really flip the hips and change direction with balance and explosiveness. Needs to improve anticipation so he can play more in control. Doesn't have a ton of confidence in how to play leverages correctly — can get turned around too much. Did not record an interception in his college career (only 10 forced incompletions in four years as well). ",NA,"Richardson is a good athlete to bet on early day three with plus run support skills, but he has to anticipate better to remain in control down the field and to get his hands on the football every now and then."
"232","Mike","Sainristil","5'9”","182","Cornerback","Sainristil played receiver in his first three years at Michigan before moving to defensive back full time in 2022. He has excellent body control and athletic ability for the position. His feet are quick, controlled and loaded to break on the ball right when he needs to. His long speed isn't elite, but it is adequate. His wide receiver skill set has translated to cornerback in the form of top-tier ball skills. On top of all that, he is fearlessly physical at the catch point, when attacking blocks and when tackling. Though he tends to go for ankle tackles regularly due to his smaller size, he doesn't shy away from physicality. ","Impressive reaction speed Well-above-average click-and-close ability Fearless physical player in run defense and when taking on blocks Smart zone player. Doesn't just drop to a spot. Footwork is quick, controlled, balanced and loaded to accelerate and break on the ball Consistently disruptive/physical at the catch point Fiery competitor ","Lacking in long speed. Ohio State’s Emeka Egbuka exposed that in 2022 Can be too aggressive to make plays in run defense and loses contain to the sideline ",NA,"Every NFL team would love to have a player like Sainristil. He brings a great skill set and mentality to be a starting slot cornerback, with safety and special teams versatility to boot. He should be viewed as one of the top ""football players"" in this draft, regardless of position."
"233","Tykee","Smith",NA,"202","Cornerback","Smith was a three-star recruit out of high school but very quickly outplayed that rating. He is a bigger slot player, which comes with useful extra power. He played the STAR position, a hybrid between a slot defender and linebacker, in Georgia’s system. In that role, he showcased his strength of taking on tight ends and offensive tackles better than most defensive backs. He is limited athletically, with adequate first-step explosiveness to change direction but below-average recovery speed and long speed. He is an aggressive tackler who sometimes takes poor pursuit angles. He also has ample experience and success as a gunner on punt and kick teams. ","Powerful and bigger than most slot CBs. Comes with plus ability to take on blocks and play near the box Good tackler with some hit power for forcing fumbles Can set the edge well against tight ends Good first-step explosiveness ","Limited in his top speed/cover speed. Was replaced by Kamari Lassiter against Missouri for the Luther Burden III matchup Takes some overaggressive pursuit angles that he doesn't have the speed for ",NA,"NFL teams that like to stack the box and be more aggressive on the line of scrimmage will be drawn to Smith’s power when setting the edge in run defense. Ultimately, his lack of long speed could cause him to have issues in coverage."
"234","Chau","Wade",NA,"184","Cornerback","Smith-Wade's coaches have raved about his maturity levels now compared to when he was coming out of high school, and his development as a player correlates with his off-field growth. Smith-Wade is small, even for a smaller position, but he doesn't let that hold him back from going all out in the physical parts of the game, tackling and press coverage. His size would make outside coverage tough, but his short-area movement skills hint at potential starting ability as a slot cornerback in the NFL. ","Does not let his lack of size affect how hard he plays. Short-area movement skills are ideal for slot coverage. Feet are lightning quick. ","Lack of weight may not affect his mentality, but it does allow receivers to push him around. Doesn't bring a powerful presence for tackles. Often dives at ankles. ",NA,"Smith-Wade is the manifestation of the phrase ""It's not the size of the dog in the fight, but the size of the fight in the dog."" His lack of NFL measurables limits his potential as an outside cornerback, but his short-area movement skills could yield a starting role in the slot."
"235","T.J.","Tampa","6'1”","189","Cornerback","It's impressive to watch a cornerback of Tampa's size move the way he does. His start-and-stop ability for a player who has more mass and longer legs is well above average. As one would expect, his long arms are excellent for ball production. He ranked in the 98th percentile for forced incompletion rate on passes thrown his way in college. He is physical in coverage but still dives at ankles for tackles quite a bit. His footwork is good in his initial backpedal, but he can get turned around and lose his leverage, at times, leading to separation. If Tampa can clean that up, he can be a very sticky cornerback. ","Impressive foot speed and fluidity for as tall as he is Long legs and strides typically make it tough for defensive backs to change direction and close, but not for Tampa Long arms are very advantageous for forced incompletions Physical when getting off block. Long arms help there, too Is eager to get his head around to make a play on the ball Is as confident in the slot as he is on the outside Loves the bump-and-run style of coverage ","Not as much experience in press man as you would think when looking at his measurables Physical as a tackler, but does dive at ankles quite a bit Long speed is an issue, at times, but it's plenty adequate and not as bad as you might expect for a player his size Can get turned around by more agile receivers ",NA,"Tampa's unique fluidity and size for a cornerback make him worthy of a top-75 pick. If he can clean up his footwork, he can be a starting outside cornerback in the NFL with the potential to be an impact player."
"236","Nate","Wiggins","6'1”","173","Cornerback","Wiggins' 6-foot-2 frame and length allow him to disrupt receivers in the contact window and at the catch point. He also has above-average athleticism for the position. His footwork is quick and controlled, his hips flip fluidly and fast and he has impressive recovery speed. Although Wiggins didn’t have many interceptions, his forced incompletion percentage and awareness prove that he is impactful. The best part about him is he remains confident in both man and zone responsibilities. He has a slender build, and that shows up when tasked with tackling, getting off blocks and handling stronger receivers in their routes. ","Rare athleticism. Smooth yet explosive Elite recovery speed Really good arm length to hand fight in press and disrupt the catch point Very quick and fluid hips Feet are light, quick and balanced Equally as confident in man or zone Competitive player who does not back down ","Slender build. Shows up in run defense, though he did improve there in 2023 Lack of weight allows offensive players to push him around, especially in the run game ",NA,"Wiggins has the tools of a first-round, high-impact cornerback. His athleticism will never be in question, nor will his competitiveness. Those two characteristics should yield a long- term starting player."
"237","Cole","Bishop","6'2”","206","Box Safety","Despite playing only three years of college ball, Bishop has 35 games and 29 starts under his belt. He is a box/slot- safety type of player who does his best work coming downhill. His feet are constantly moving and light, which allows him to break on the ball or a receiver at any moment. He is often square with his form when approaching ball carriers and can wrap up. His slot coverage grade hasn't been great over the last few years, but he is versatile enough to play there. He does not have a good feel for single-high responsibilities, and his overall feel for space in zone coverage is still a work in progress. ","Feet are constantly moving. He's always at the ready to break on the ball or a receiver Reliable tackler who will rally to the ball but not get overaggressive Pretty good block shedding for a defensive back. He is a strong wrap-up tackler Slot coverage grade isn't great, but he is versatile enough to play there vs. certain receivers ","Not a single-high-safety type of player, which is fine Lack of length does show up when wrapping up tackles and also in getting off blocks Still working on the feel for zone coverage Gets trigger-happy coming downhill. It leaves him open for double moves, pump fakes and over pursuit. ",NA,"Bishop has starting potential as a strong safety and slot defender, but his overaggressive tendencies and lack of patience in zone will require more discipline at the NFL level."
"238","Beau","Brade","6'0”","203","Box Safety","Brade is a physical safety who is a willing and effective tackler against even the biggest ball carriers. He played more than 1,500 snaps over the last two seasons alone at a near- even split between free safety and strong safety. He is most confident when kept in a downhill role closer to the linebacker level. When he has to play deep coverage, he does not look as comfortable and can lose receivers passing through his zone. He is a decent athlete overall, but his change of direction and acceleration appear below average for the position. ","Willing tackler with good size to bring down bigger ball carriers/tight ends Confident player when he can keep his eyes and momentum downhill ","Overall athleticism is middling Recovery speed is average at best Heavy feet for a DB Can get turned around/lost in deep coverage ",NA,"Brade comes with good size and a willingness to tackle as an experienced defensive back. However, a lack of NFL-level athleticism will likely limit him to a rotational role as a box safety."
"239","Calen","Bullock","6'2”","188","Free Safety","Bullock has top-tier range and does his best work from a single-high alignment. He has the long speed, hip fluidity and footwork to break on the ball and cover a ton of ground. He is also good at reading and baiting quarterbacks into throws. He shows off wide receiver-like ball skills when defending the pass. Most of the negatives on his scouting report are in run defense. He is slender and currently lacks NFL-level strength/density to be reliable there. Though his movement skills are cornerback-like and can translate to slot coverage, his strength is an issue when playing near the line of scrimmage or against tight ends in man coverage. ","Elite movement skills/range Hips/feet are like a cornerback Wide receiver-like ball skills Good ability to watch a QB’s eyes and bait them into throws ","Lacks NFL-level strength/density when tackling Struggles to match up with tight ends due to lack of strength Can get lost in his gap fits Lack of strength causes him to get reckless when tackling ",NA,"Bullock's lack of strength will limit how much an NFL team can trust him to play early in his career. But if he can get stronger, he possesses elite range as an impactful single-high safety for any defense, especially in Cover 3 and Cover 1."
"240","Jaden","Hicks","6'2”","211","Box Safety","Hicks played in just one game as a true freshman at Washington State, enduring some early struggles that lit a fire under him. As a redshirt freshman, he started 11 of 13 games, and he was once again a full-time starter in 2023. He is a consistent pre-snap communicator when the offense uses motion and does well to anticipate where the ball is going in zone/roaming coverage roles. Hicks demonstrates tone-setting tackling. His cornerback background gives him a good baseline for slot man coverage assignments. He still lacks long speed and twitch, but when he can keep things in front of him, he has good speed to make plays downhill. ","Solid tackler Consistent pre-snap communication Adequate linear athlete in split-safety roles Viable slot player, especially against tight ends Good eyes for robber coverage roles Comfortable and capable when playing at the linebacker level ","Man coverage ability is there in flashes but is inconsistent Straight-line speed is good, not great Can be a bit overaggressive in pursuit angles ",NA,"Hicks is a well-built strong safety who can play at all three levels of the field. He is a tone-setting tackler and has starting potential in two-safety systems, especially as a strong safety/robber over the middle."
"241","Kamren","Kinchens",NA,"203","Free Safety","As a true freshman, Kinchens played in all 12 games, starting the final five. He then became a full-time starter in 2022 and 2023. Kinchens is a good all-around athlete who has made plays in both the run and pass games. Most of his experience and production is from a free safety spot, including 12 interceptions. His range from a single-high role is good, but a big boon to that is his anticipation rather than rare athletic ability. In the run game, he is willing and in control, but his lower weight shows up in the form of missed tackles. He just doesn't pack a big punch at contact. ","Adequate overall athlete Good eyes in zone when watching the quarterback Impressive ball skills at the catch point ","Lighter weight/frame shows up when tackling downhill A little reserved when coming downhill to tackle Has lapses in judgment when in zone Explosion and change of direction are decent but not great Taller posture in his backpedal. Doesn't seem to affect his change-of-direction ability much ",NA,"Kinchens is a solid all-around athlete with a good eye for where quarterbacks are going with the ball. He possesses great ball skills to come down with interceptions when he anticipates throws. A little lighter in size, he is projected as a potential starter at free safety."
"242","Malik","Mustapha",NA,"209","Box Safety","Mustapha is a throwback tone-setter over the middle of the field. His measurables and mentality are reminiscent of Bob Sanders. Unfortunately, he doesn't have the plus athletic ability — specifically, fluidity and top speed — of Sanders. He does his best work coming from a two-deep safety shell where he can keep the play in front of him and fire downhill when needed. He is an all-out blitzer, even from a deep safety spot. His shorter arms can cause problems when wrapping up tackles, but when he hits players, they feel it. ","Will hit with everything he's got Mentality for physical play stands out in run defense, blitzing and coverage Can play fast yet decently in control when coming downhill from depth ","Desire for hit power leads to missed tackles, at times Shorter arms affect tackling ability, especially when flying in at high speeds Side shuffles to retreat deep, likely to avoid backpedal and turning his hips ",NA,"Mustapha has the skill set and mentality of a throwback strong safety. He does not have the fluidity or long speed to be relied upon in single-high roles, but his toughness, power and motor make him an ideal depth safety to draft and develop, likely starting with a special teams role."
"243","Tyler","Nubin","6'1”","199","Free Safety","After committing to Minnesota, Nubin waited his turn behind Antoine Winfield Jr. before becoming a full-time starter in 2021. Since then, he's become Minnesota's all-time leader in interceptions (13). His athleticism — an explosive first step, controlled and quick footwork and fluid hips — provides him with good range in coverage from a free safety role. He pairs that with good eyes and anticipation for where passes and ball carriers are going. In run defense, he is consistently willing to be physical but tends to lead with the crown of his helmet. He also can be a bit overaggressive in pursuit angles. ","Quick, controlled backpedal Good first-step explosiveness Desire to make impactful hits on ball carriers/pass catchers Impressive ability to flip his hips to run Effective blitzer, even from deep alignments Top-tier ball skills for a safety Excellent eyes/anticipation for where the ball is going ","Leads with the crown of his helmet too much Lighter run defender Can be overaggressive in pursuit angles ",NA,"Nubin possesses the athleticism, football IQ and run-defense potential to be a versatile and impactful safety in any scheme, though he would likely make the most plays in a system that consistently uses two-deep coverages, allowing him to play free, robber and box safety roles."
"244","Kitan","Oladapo","6'2”","216","Box Safety","Oladapo is a team captain and multi-year starter. His size is a big plus, and he has more fluidity in his change of direction than most safeties who try to play at that size. He's a strong tackler but does fail to wrap up at times. His ball skills are lacking, but he can still play close coverage and be physical in man enough to warrant incompletions and drops. He doesn't have a ton of ball production, but he'll be more of a box defender anyway. He is also a good nickel option against tight ends in the slot. ","Is a more fluid mover than safeties who try to play the position around his size. Good athleticism to match up against tight ends in man coverage. Good pre-snap communicator. Has the size and speed to play around the edge as a blitzer and on the goal line. ","Has decently long arms but still fails to wrap up sometimes. Bigger frame comes with a natural weakness against quicker route runners. Top gear is lacking and will limit him in range on the back end. ",NA,"Oladapo brings unique agility and fluidity to the position at his size. He has the body to play in the box as well as split safety duties on the back end, but his long speed limits his range to a two-safety system."
"245","Tyler","Owens","6'2”","206","Box Safety","Owens is an incredibly gifted athlete. His size/speed combination is rare. His power at contact (due to his explosive movements) is imposing for ball carriers. He can also recover when beat in coverage better than most. His combination of measurables and athleticism make him an ideal match for tight ends in man coverage. He has only started one year of college ball, likely due to his lack of anticipation. Whether it's in run defense or coverage, he is often slow to recognize where the play is going and relies too heavily on his athleticism to make up for it. His pursuit angles could also stand to be more direct. ","Has the size and athleticism to cover tight ends in man coverage. His contact when the ball arrives is imposing. Movement skills and explosiveness are hard to believe at his size. Plays at the linebacker level quite a bit, which could be his calling in the league. Speed-to-power hits are imposing and can dislodge the ball. ","Anticipation in coverage could be better (though his athleticism makes up for it). Needs better flow recognition for where the ball carrier is going when defending the run. Pursuit angles could be more direct. Larger body makes it tougher to flip the hips in deep free safety coverage. ",NA,"Owens is light on experience and polish, but his physical gifts are truly rare. He might be more of a linebacker at the next level, but this is the kind of player you take early on Day 3 just because his potential doesn't come around often."
"246","Josh","Proctor","6'2”","199","Box Safety","Proctor is not afraid to come up and tackle. Whether he's at the second level, creeping down as a strong safety or even playing from depth as a free safety, if it's a run play, he's rallying to it with pace. Sometimes he does come in too hot, which affects tackling efficiency. He has the length and the physical style to be a good man coverage defender against running backs and tight ends. As for ball skills, it's a total toss-up whether or not he'll come down with a pick, as he had more dropped interceptions in his career than interceptions. ","Will come from depth to make tackles at the line of scrimmage or in the backfield. Played Malachi Corley pretty well in man coverage. He wants to make the play — whether that's combined tackles, solo tackles or PBUs. Good short-area control to not miss a tackle or be fooled on options. ","Anticipation makes it look like he's faster than he is. Love his eagerness to make tackles, but he can come in too reckless and miss wrapping up. Has more dropped interceptions in his career than interceptions. ",NA,"Proctor is a versatile safety who has a physical mentality that every team would like to draft on Day 3 as a depth and special teams player."
"247","Jaylin","Simpson","6'0”","179","Free Safety","When Simpson arrived at Auburn, he weighed just 160 lbs. He played cornerback for four seasons before moving to more of a safety role in 2023. Simpson was a below-average athlete for a wide CB, specifically in his run-and-change speed. But that isn't the case at safety. He shows decent long speed for range and plus fluidity for change of direction. This translates well to slot coverage assignments from his safety spot. He is still learning spacing, both in coverage and run fits. His biggest issues stem from his weight when he is asked to be physical, in both man coverage and tackling. NFL tight end assignments will be tougher for him. ","CB movement skills come in handy when changing direction and covering ground Footwork/corner skills translate to slot coverage Attacks the ball in the air for forced incompletions ","Lack of weight shows up when asked to be physical/tackle Still getting the hang of spacing from the backend Plays very upright. High pad level Athleticism is below average for a cornerback, adequate for a safety ",NA,"Simpson's cornerback background gives him good versatility as a free safety/slot defender in two-deep safety systems. His overall size would make him an outlier as a contributor, but his movement skills give him a shot to be that as a Day 3 developmental player."
"248","Trey","Taylor","6'0”","206","Free Safety","Taylor, who is the cousin of Hall of Fame safety Ed Reed, won the Jim Thorpe Award as the best defensive back in college football in 2023. He is a versatile safety who can interchange between free and strong safety roles. He has a good feel for where the ball is going and is a well-timed blitzer as well. As an athlete, he is balanced and in control of his movement. His issues stem from his long speed. If he is ever in trail, likely from the slot, it is tough for him to catch up. He really needs to keep things in front of him to make a play. ","Looks comfortable in both free and strong safety alignments. Will do the dirty work to take on lead blockers to fit the run. Makes well-timed blitzes. Has good all-around athleticism to seem in control at all times — no recklessness to his game. ","Doesn't have great recovery/long speed. Has to keep everything in front of him to make a play. ",NA,"Taylor has decent all-around size, body control and football intelligence to put himself in the right positions consistently. His lack of a top gear limits how much he can be relied upon as a backend defender, but he can be a solid depth and special teams defensive back."
"249","Dadrion","Demerson","6'0”","197","Free Safety","Taylor-Demerson is a high-football-IQ type of free safety who calculates space and timing well on the back end. He can bait quarterbacks into throws and cut off vertical routes with good anticipation. He has adequate speed for pursuit angles, but his good long speed is more build-up speed. There is a lack of suddenness with changing direction, which is a concern. He plays with a lot of control, but that sometimes comes off as playing slower than what will be required in the pros. He can be a reliable tackle but slows down for tackles, opting not to take chances to miss, which sometimes leads to a lack of physicality. ","Constant pre-snap communicator Adequate long speed in pursuit Has some really impressive plays where he anticipates to make plays on the ball Inate feel for spacing and timing on the backend ","Feet are heavy and late when aligned in the slot Doesn't always play at a high speed Lacks true single-high athleticism Pursuit angles can be too rounded. He is not a super sudden player Slows down to tackle and dips his head too often ",NA,"Taylor-Demerson sees the back end of coverage with excellent vision and anticipation. However, his overall play speed must improve to make plays at the NFL level."
"250","Sione","Vaki",NA,"210","Box Safety","Vaki is one of the most unique prospects in the 2024 class. He played both sides of the ball (running back, slot receiver and safety) in high school. He was recruited in the 2019 class, so he is an older prospect, but he has only two years of college football experience due to going on a two-year church mission before playing football for Utah. His straight- line explosiveness is impressive. He has some of the best click-and-close pursuit speed of any safety in the class. He also hits like a truck. He brings versatility, with experience in the slot, in the box and at free safety. ","Impressive top-speed and straight-line acceleration Click-and-close ability stands out when triggering downhill Likes to be physical from the slot When he hits players, they move back Reps at running back are very impressive ","Hips are a bit stiff Shorter strides Straight-line athleticism doesn't translate to confidence from a free safety role ",NA,"While Vaki is very athletic in linear areas, his hips are a bit stiff, so the NFL team that drafts him should limit putting him in situations where he has to change direction and track deep as a free safety. As a primary slot/box safety in zone roles, however, he can be an impact player."
"251","James","Williams",NA,"203","Box Safety","Williams' scouting report starts with his rare size. At just over 6-foot-4 and 230 pounds, he is 99th percentile in both height and weight for the safety position. His size means he is suitable for playing at the second level and blitzing off the edge. It also means he has the potential to hang with tight ends in man coverage. Where he is athletic, he does not consistently show it. He shows a quickness to break on ball carrier in pursuit, but his timing and speed to break on a receiver's route with them lagging. He can also get heavy and slow feet when lining defenders up in space. ","Certainly big enough to play in the box at the second level Ideal measurables to cover tight ends as a nickel defender Really impressive size-speed combination ","Not very comfortable when asked to play in single-high or two- high situations. He wants to keep his eyes in front of him Not a great feel for zone responsibilities Fast to break on a running back in pursuit but slow to break on a receiver's route in coverage Feet can get in quicksand when he is lining up a ball carrier in space ",NA,"Williams brings a rare build to the safety position, but his reaction timing and feel for zone coverage need improving. However, he can be drafted right away as a potential chess piece to try to match against receiving tight ends in man coverage."
