"","summary","pros_and_cons"
"1","Brosmer made his way to Minnesota after a successful career at New Hampshire, following his recruitment as a zero-star prospect out of high school. He doesn’t possess above-average NFL arm talent and will struggle to truly threaten defenses with his arm, though he does have decent zip on passes up to 30 yards. His lack of NFL height is noticeable when throwing over the offensive line, particularly over the middle of the field—there are reps where he’s visibly throwing on his tiptoes. However, he is generally a good decision-maker, especially in 2024, as he kept the ball out of harm’s way and avoided unnecessary sacks. His quick footwork and fast release allow him to navigate pressure well within the pocket.","Crisp footwork in dropbacks. Fluid, high-paced movements let him react quickly to pressure. Tough quarterback who can absorb contact. Displays decent zip on short and intermediate throws. Generally makes smart decisions with the football. Smaller-than-ideal frame, especially for a QB with limited mobility. Struggles with consistency under pressure. Arm strength is below average to average by NFL standards."
"2","Dart is a former four-star quarterback recruit who was not only a record-breaker on the gridiron—throwing 67 touchdowns to just four interceptions as a senior — but also a two-time all-state baseball player as a third baseman. He began his college career at USC but transferred to Ole Miss after Lincoln Riley brought in Caleb Williams. A natural athlete and solid playmaker, Dart has earned an elite passing grade over the last two seasons. His playing style is enticing — he is light on his feet in the pocket, capable of slipping sacks and possesses a decently quick release. His arm strength appears average by NFL standards. He is too comfortable throwing off his back foot, even when not under pressure. While his tape shows plenty of deep throws, his ball placement on those attempts leaves more to be desired. He is experienced in throwing concept routes that put a single defender in conflict (e.g., slant-flat, curl-flat, smash) but lacks anticipation when making full-field reads. His mobility is solid, and he is best suited for a shotgun-based system, having taken just eight snaps under center over the last two seasons.","Natural poise, both in and out of structure. Feet are light, balanced and ready to take off. Willingness to step up in the pocket. Above-average mobility/escapability. Average arm strength for the NFL level. Deep ball accuracy and touch is lacking. Eyes/anticipation must improve."
"3","Ewers is a former five-star quarterback and the No. 1 player in the 2021 recruiting class. He was also the 13th highest-ranked player in 247Sports history. His scouting report—both out of high school and now—starts with his unique arm talent. His high-point, explosive, sidearm release is something rarely seen. It allows him to attempt and complete impressive throws from all platforms. He also displays impressive touch, showcasing his natural playmaking ability when he isn’t overthinking. However, while his release is eye-catching, it is inconsistent. The timing and placement of the ball coming out of his hand are erratic, and his sloppy footwork only exacerbates the issue. He is skittish in the pocket, often muddying clean pockets himself due to poor awareness of when to step up and when to escape. As a result, he appears uncomfortable in clean situations. His accuracy on downfield throws is inconsistent. Despite this, he possesses the arm talent to be a three-level threat as a passer.","Has the arm talent to release the ball with zip and accuracy. Explosive, flick-of-the-wrist throwing motion. Has some truly special ""feel"" or touch throws. Backyard-football-type playmaker. Showed more confidence in 2024. Bad lower-body habits. Inconsistent throwing mechanics lead to inconsistent accuracy. Holds the ball low and loose in his stance."
"4","Gabriel has been on a long college football journey, but the road has led him to an ideal destination. A former three-star recruit and Gatorade High School Football Player of the Year for Hawaii, he traveled about as far from home as possible to play at UCF. After three years there, he transferred to Oklahoma for two seasons before finishing his career at Oregon. A natural left-handed passer, Gabriel is small—below the 10th percentile in both height and weight for the NFL level—but he simply knows how to play the position better than most, reminiscent of Bryce Young in that regard. He throws the most catchable passes in the class. His feet are lightning-quick, allowing him to reset for every throw, and his throwing motion is compact and efficient. He demonstrates a high IQ for the position, navigating the pocket smoothly and confidently while showing the ability to scan the entire field. His overall arm talent is limited and average at best for the NFL. He often has to put his entire body into his throws.","Quick movements for fast releases. Quick footwork in the pocket to avoid pressure. Does not panic under pressure. Knows how to get through his progressions, even under duress. Lefty quarterback, which can an adjustment for some receivers. Wide leg kick and open hips compromises accuracy on quick throws. Height will make middle-of-the-field throws a challenge in the NFL. Mobility is adequate for college but won't be as effective in NFL."
"5","Henigan is a former three-star quarterback who was a highly accomplished passer at Billy Ryan High School in Denton, Texas. Over his four-year high school career, he threw for more than 7,000 yards with over 70 passing touchdowns and just 14 interceptions. That starting streak continued at Memphis, where he has been the team's starting quarterback for the past four seasons. He is smaller in stature compared to NFL standards, which contributes to his below-average NFL arm talent. His throwing motion is compact and quick, but he has a tendency to short-arm his follow-through, which negatively impacts his accuracy. Henigan’s footwork on dropbacks is clean, but his lower-body mechanics can become erratic when throwing on the run. He also has a bad habit of retreating in the pocket and throwing off his back foot. His speed won’t be a difference-maker at the next level. That said, he plays with plenty of moxie, which makes him an intriguing player when the ball is in his hands.","Displays adequate NFL velocity on short/ intermediate throws. Experienced passer when targeting the middle of the field. Compact and quick throwing motion. Confident, moxie-driven play style. Tends to retreat too far and too often when pressured. Lower-body mechanics can be erratic on follow-throughs. Smaller stature with below-average overall arm talent."
"6","Howard is a former three-star quarterback who excelled in both football and basketball at Downingtown West High School, scoring over 1,000 points on the court. He committed to Kansas State, where he played for four seasons, earning sporadic starts in his first three years before locking down the full-time starting job in 2023. He then transferred to Ohio State, where he had his most effective and productive season, leading the team through the College Football Playoff. He brings adequate size to the pros, ranking above the 75th percentile in both height and weight. He is also a good athlete for his size, making him a viable threat on scrambles and RPOs. While his arm strength isn’t elite, it’s good enough to attack every level of a defense. He is experienced in reading all forms of coverage and is particularly comfortable throwing hole shots against Cover 2. His fundamentals are generally solid, though he has an elongated follow-through with his back leg.","Ideal NFL size for the position. Not hesitant to throw on the run and “be an athlete”. Above-average arm strength. Made every throw in the book at some point in 2024. Real experience under center. 35% of passes on third-and-long were short of the sticks. Some inconsistency with his release point, which affects accuracy. Not as experienced or confident throwing over the middle."
"7","Leonard is a former three-star quarterback from Fairhope, Alabama, where he was a two-sport athlete. He received basketball offers from Samford, Missouri State and North Alabama after averaging more than 20 points per game as a senior but ultimately chose football, committing to Duke. He made one start as a true freshman before becoming the full-time starter for the next two seasons, though he missed a significant portion of the 2023 season due to an ankle injury. He transferred to Notre Dame, where he helped propel the team to a College Football Playoff berth and eventually played for a national championship. Leonard is a well-built quarterback whose most alluring trait is his dual-threat ability. He is a battering-ram-style runner who isn’t afraid to take off, absorb hits and do the dirty work to move the chains. However, his passing remains too inconsistent. While he displays good throwing fundamentals, his accuracy and ball placement are issues.","Mobility and escapability are pluses to his game. Has some big plays when scrambling. Willing to go through progressions, front and back side. Can put adequate zip on short and intermediate passes. Consistent throwing fundamentals. Accuracy and ball placement are consistent issues. Pocket management is up and down. Velocity is better than distance."
"8","McCord was a high school football legend, winning three straight state championships and earning Pennsylvania Gatorade Player of the Year honors as a senior. He committed to Ohio State— alongside his high school teammate Marvin Harrison Jr.—and sat behind C.J. Stroud for two seasons before taking over as the full-time starter in 2023. After one year as the starter, McCord transferred to Syracuse for his final season. His play style is a mix of Baker Mayfield and Brock Purdy. He has the mindset of a gunslinger but lacks a true gunslinger arm. His feet are quick and light, allowing him to make throws on short notice with a quick release and follow-through, leading to a fast average time to throw over the last two seasons. He is a fiery competitor but remains relatively calm—or at least confident—in the pocket. McCord led the Power Five in big-time throws but ranked just 22nd in big-time throw percentage. Unfortunately, he also led the Power Five in turnover-worthy plays.","Light on his feet, constantly bouncing. Ideal throwing mechanics. Great touch passer, including over the middle. Smart football player who knows how to scan the field. Is a fiery competitor but looks calm in the pocket. Baker Mayfield mentality without a Baker Mayfield arm. Too comfortable throwing off his back foot and fading away. Arm strength appears below average to average for the NFL level."
"9","Mertz is a former four-star quarterback who led his team to back- to-back high school state championship appearances, winning the first and falling short in the second. He was named the Gatorade Kansas Football Player of the Year as a senior in 2018 before committing to Wisconsin. After redshirting his first season, he started the next three years before transferring to Florida, where he was the starting quarterback in 2023 and 2024 before tearing his ACL in Week 7. An older, experienced quarterback, Mertz’s decision-making reflects his extensive starting experience. He generally knows where to go with the ball and when to fire. He has ample experience operating under center from his Wisconsin days. Mertz possesses good size and adequate NFL arm strength, along with decent escapability. His experience serves him well under pressure. He reads defenses well pre-snap and does a good job manipulating defenders with his eyes while working through his progressions on time.","Fundamentally sound passer with consistent footwork. Strong understanding of pre-snap reads and progression timing. Adequate arm strength for the pro level. Effectively manipulates defenders with his eyes. Significant experience under center at Wisconsin. Accuracy declines when touch is required. His release causes ball placement issues. Struggled with deep-ball efficiency and accuracy in 2024."
"10","Milroe has one of the strongest arms in the class, and if he isn’t in the Tier 1 NFL arm category, he’s not far behind in Tier 2. That track background also makes him a lethal rushing threat. While his physical gifts make him an alluring prospect to invest in, his inconsistencies are why drafting and playing him early could end poorly. He is not consistently accurate. His twitchy throwing motion means that any deviation in his fundamentals can negatively impact ball placement. He also holds onto the ball too long, averaging over 3.00 seconds per dropback, leading to a high sack rate. He also struggles to read non-primary defenders — he can key in on one or two defenders pre-snap but fail to see the full coverage picture post-snap. Though he is a great athlete, his passing grades and efficiency on the run are poor. He does, however, post strong numbers on third-and-long, with more than 50% of his throws going beyond the sticks and a solid number of big-time throws.","Not just escapability but a true dual-threat athlete. Good enough athlete to force missed tackles in space. Twitchy athleticism evident in throwing motion speed. Can show really nice touch/accuracy on deep passes. Experienced RPO quarterback. Accuracy/decision-making variance is large right now. Holds the ball low and loose in his stance. Accuracy can dip when he takes speed off his throws. Time to throw/sacks taken is far too high."
"11","Rourke hails from the Great White North of Oakville, Ontario, where he led his team to a Halton Championship as a junior and finished as a runner-up the following season. He spent four years at Ohio as a multi-year starter before transferring to Indiana for his final season of eligibility. As a Hoosier, he had his most productive and efficient year. At over 6-foot-4 and 230 pounds, Rourke ranks above the 75th percentile in both height and weight. In 2024, he posted a career-low 2.5% turnover-worthy play rate while recording a 5.9% big-time throw rate, the second- highest of his career. His footwork and follow-through are solid, creating an aesthetically clean throwing motion for a passer his size. His accuracy is generally good, though not elite, and he has shown the ability to make impressive touch throws. However, his reliance on touch throws is partly due to a backhanded compliment—he has had plenty of practice with them because his arm strength and velocity are lacking, even for his size.","Smooth, fundamentally sound throwing motion. Touch is a plus in his passing game. Has some excellent ball-placement throws. Lacks expected velocity for his size. He is slow-moving outside the pocket. Tends to lock onto reads, struggling to feel and react to pressure."
"12","If you didn’t know his last name, you’d still recognize that Shedeur has NFL bloodlines—or at least that he’s been around high-level football minds—just from watching his tape. He has followed his father as head coach from Jackson State to Colorado and has developed into a legitimate NFL prospect. His scouting report starts with his clean fundamentals. At under the 30th percentile in both height (6-foot-1.5) and weight (215 pounds), those fundamentals are paramount, allowing him to maximize his average arm talent. His throwing motion is highly repeatable, leading to good accuracy and ball placement. His experience at the position helps him see the field well, both pre- and post-snap, resulting in very few turnovers and turnover- worthy plays throughout his career. His mobility is limited, especially by NFL standards. His top trait is likely his mentality— he’s tough as nails in the pocket and has delivered some true “ice in his veins” throws under pressure and on big downs.","Strong, wide base with good size in the lower half. Repeatable, fundamentally sound throwing. Good zip on passes within 25 yards. Mental and physical toughness to step up and take a hit. Good feel/anticipation for attacking zone. Ball speed can die on him in the air beyond 40 yards. Release speed is average-to-below-average. Arm strength is average for NFL standards."
"13","Shough is a big-bodied quarterback with ideal NFL size. He has a good but not great arm. He can zip passes into tight windows over the middle and has a higher big-time throw percentage than turnover-worthy play percentage in that area. He is at his best when throwing with velocity but also displays good touch and ball placement on deep passes—though he becomes more inconsistent at shorter distances. One of the older prospects in the class, coming from the 2018 recruiting cycle. He spent three years at Oregon before playing three more at Texas Tech and finishing his career at Louisville. His injury history is concerning, with two season-ending collarbone injuries and a broken fibula on his record. In terms of pocket management, he must be more willing to step up. Too often, he fades away on throws even when pressure is not imminent. While he won’t offer much in terms of mobility or playmaking outside of structure, he has the arm talent to attempt and complete throws from various arm angles.","Adequate height to make throws over the middle of the field. NFL-caliber arm talent with the ability to throw with good velocity. Arm strength is good, though not great. Shows the ability to apply the correct touch on passes. Extensive injury history. Limited mobility and escapability by NFL standards. Footwork and ability to align with his target are inconsistent."
"14","Ward's journey from zero-star recruit to potentially the top quarterback in his class is inspiring. His overlooked and underappreciated path shapes his character and gameplay. He believed in himself when most others didn’t, making him one of the most confident quarterbacks in any situation. His arm strength is good for the NFL, though not in the top tier. His throwing style is unorthodox and unique—he consistently throws with a sidearm motion, holds the ball low and often misaligns his hips and feet when throwing. As a result, his ball placement can be erratic, though it has also produced some incredible throws. His reads and progressions are generally correct, but he too often locks onto the biggest or longest throw. Despite the chaotic nature of his play style, he has graded highly in almost every stable category — an ironic truth, given the visual instability of his quarterback play.","True sidearm release that is David Carr-esque. Experienced and successful middle-of-field passer. Never say die type of playmaker with good escapability. Adequate arm strength for the NFL level. Impressive and natural touch passer. Holds the ball below the shoulders, making for a longer release. Side arm release is exotic but feels too varied throw-to-throw. Accuracy numbers are high, but ball placement isn't consistent."
"15","Allen is a former statsback three-star running youfrom won’t find Millville, N.J. At Millville Senior High School, he played running back, wide anywhere else. Alongside receiver and defensive back, earning Gatorade New Jersey that, Football Player of theplayer each Year honors alsoas ahas senior. He also competed career in track as a sprinter and in the shot put. In his three-year career at Syracuse, information, in-depth Allen started 27 of the 39 games he scouting played, earning two All-ACC selections. He holds the program record for most profiles, player comps, athletic receptions (119) and receiving yards (848) by a running back. He testing, is a reliable pass catcher,strengths/weaknesses and his receiver background givesand him confidence running routes. He is also a willing and tenacious pass protector,much makingmore. him an ideal third-down back. However, Allen is relatively thin for the position, ranking below the 30th percentile in weight. This affects his pass-blocking effectiveness Thanks so much for reading and as well as his ability to generate yards after contact. His vision is adequate, particularly behind man/gap-blocking concepts enjoy! between the tackles. Trevor Sikkema","Plus height and length for a running back. Massive hands aid in both ball security and pass catching. Former wide receiver with natural confidence in route running. Though lighter, runs behind his pads with maximum effort. Willing and tenacious in pass protection. High-waisted build and long legs limit agility. Struggles with balance, often stumbling after light contact. Lacks flexibility, limiting his ability to force missed tackles."
"16","Blue is a former stats four-star recruit fromyou won’t Houston, find Texas. At Klein Cain High School, he rushed for over 1,600 yards as a anywhere else. Alongside that, sophomore and more than 2,100 yards as a junior before opting out of his senior eachseason to focus player on college also has preparation. career He also competed as a sprinter, running the 100m and 200m, with a personal bestinformation, of 10.71 seconds in in-depth the 100m asscouting a junior. He spent 2022 and 2023 primarily as a backup before splitting carries with profiles, player comps, Tre Wisner in a two-back committee. His best trait athletic is his excellent long speed—if testing, strengths/weaknesses he finds a crease, he can take any carry the and distance. His movements are also sharp and explosive. His much vision and skill set seemore. best suited for a man/gap-blocking scheme, where he can make quick cuts around blockers to find open space. He has natural hands as a receiver but lacks the Thanks so much for reading and density to consistently hold up in pass protection. He must get stronger to play through contact more effectively and reduce the enjoy! fumbling issues that surfaced in 2024. Trevor Sikkema","Quick, agile footwork for hops, cuts, and forcing missed tackles. Precise movement skills translate well to route running. Game-changing long speed at the NFL level. Smooth yet explosive acceleration. Natural hands as a receiver. Needs to improve ball security after fumbling four times in 2024. Lacks the strength and density to be effective in pass protection."
"17","Brooks has beenadvanced racking upstats youhiswon’t yards since findyear of sophomore high school, as he recorded over 1,000 rushing yards in three anywhere else. Alongside that, straight seasons before committing to Texas Tech. As the full- time starter ineach 2023 and 2024, he player rushed also has for career over 1,500 yards in back-to-back seasons. He approaches rushing like a hunter— information, baiting defenders in-depth with patience before burstingscouting through tight spaces with quick footwork. This calculated style makes him profiles, player comps, athletichis film most comfortable running between the tackles. However, testing, strengths/weaknesses often leaves you wanting more once he reaches and open space—he hesitates to plant his foot and reach top speed. That hesitation much likely stems from more. top-end speed, contributing his below-average to his lower production and grades in zone-blocking schemes. Though not heavily used as a receiver, Brooks has extensive Thanks so much for reading and experience running routes. He is also a reliable and fundamentally sound pass protector. enjoy! Trevor Sikkema","Very willing pass blocker. Extensive experience as a receiver. Ironman—second-most snaps among FBS RBs in 2023. Fast footwork to evade defenders in tight spaces. Playmaker mentality, creating missed tackles in the open field. Low yards per route run (YPRR) average. Can hesitate when faced with unexpected looks. Vision and feel for the best rushing lanes can be inconsistent."
"18","Edwards is aadvanced former five-starstats youwas recruit who won’t namedfindGatorade Michigan Football Player of the Year and Mr. Football in Michigan anywhere else. Alongside that, as a senior. Edwards began his college career as a rotational back before serving each asplayer Blake Corum’s also has backup as a sophomore career and junior. In 2024, he started the season as Michigan’s lead back but laterinformation, moved into the RB2 in-depth role behind scouting Kalel Mullings. He tied for the FBS lead in 50-yard runs in 2022, but the bigger issue profiles, player comps, athletic is how he gets to open space. At 6-foot-1, his taller frame is an asset in termstesting, strengths/weaknesses of measurables, but it seems to hinder and his flexibility and change-of-direction ability, making him look stiff. He also struggles withmuch more. vision, often lowering his head and plowing into the back of his offensive linemen rather than making a simple cut into an open lane. His cuts also take multiple steps, leading to Thanks so much for reading and inconsistent success in zone schemes. He offers value on third downs. He has soft hands as a receiver and has shown promise enjoy! in pass protection. Trevor Sikkema","Explosive once he commits to a direction. Maintains good balance and quick feet in pass protection. Decent top-end speed for breaking long runs. Strong awareness and technique in pass protection. Soft hands make him a reliable option in the receiving game. One-cut moves take a few extra steps to fully change. Didn’t play with the same speed in 2023/2024. Needs to process space and blocking developments more quickly."
"19","Etienne didn’tadvanced stats have to look far youback for running won’t find inspiration—his older brother, Travis, was a three-time All-American at Clemson anywhere else. Alongside and a first-round pick by the Jacksonville Jaguars, where hethat, remains theireach lead back. Trevor,also player a four-star hasrecruit career out of Louisiana, signed with Florida over offers from Clemson and LSU. After two information, productive seasons in-depth scouting with the Gators, he transferred to Georgia for his final year. While he isn’t a first-round profiles, player comps, athletic talent like his brother, Etienne has a clear role in the NFL for testing, teams that utilize strengths/weaknesses a zone-blocking scheme. He has quick and footwork and runs with more physicality than expected for a 202- pound back. much However,more. that size likely limits his ability to be an effective downhill runner or a reliable pass protector. Etienne also wasn’t heavily utilized as a receiver in college, though he flashed Thanks so much for reading and high-level ability as a pass catcher at the Senior Bowl, hinting at untapped potential in that area. enjoy! Trevor Sikkema","Makes sharp cuts at full speed with excellent quickness. Runs with physicality and finishes through contact. Flashed receiving upside at the Senior Bowl. Undersized at 5-foot-8.5 and 202 pounds. Scheme-dependent—best suited for a zone-heavy system. Underwhelming receiving production in college."
"20","Giddens worked advanced his way fromstats youat won’t a walk-on Kansas Statefindto a starting role, rushing for over 2,500 yards over the last two anywhere else. Alongside that, seasons. His high school grades—not a lack of talent—were the primary hurdle in his recruitment. each player also He ishas a taller back, and with that career bigger frame comes longer strides that give him good long speed. information, Overall, his athleticism in-depth appears above averagescouting for the NFL level. He is shifty with impressive vision and anticipation, particularly profiles, player comps, behind man- and gap-blocking schemes. He excels athletic when he can testing, strengths/weaknesses set up defenders in space and make sharp cuts and to force missed tackles. His patience as a runner is a strength, but he lacks some muchofmore. physicality because how cerebral he tries to be. He has a decent amount of experience as a receiver, though most of his work has come on flat and wheel routes. He shows good eyes Thanks so much for reading and and anticipation in pass protection but needs to sustain his blocks longer to be a reliable asset. enjoy! Trevor Sikkema","Above-average athlete for the NFL level. Long strides provide good top-end speed. Displays nice wiggle and one-cut ability for a taller back. Has the frame to hold up in pass protection. Shows decent potential as a receiver. Patient runner but could play with more explosiveness. Lacks a true violent edge to his game. Inconsistent at generating yards after contact."
"21","Gordon is a former four-star stats youaveraged recruit who won’t9.9find yards per carry as a senior, racking up over 2,500 rushing yards and 35 anywhere else. Alongside that, touchdowns. He chose Oklahoma State, and after serving as a backup in 2022, eachbecame the full-time player also starter as a sophomore. He has career went on to win the Doak Walker Award as the nation’s top running back. At overinformation, in-depth 6-foot-1 and 220 pounds, Gordon scouting has an enticing frame. He possesses nimble feet, allowing him to maneuver profiles, player comps, athletic behind man- and gap-blocking schemes. In 2023, he displayed testing, strong balance, brushingstrengths/weaknesses and off arm tackles and keeping runs alive. However, his 2024 season was a step back. His game lacked the muchofmore. physicality expected a big back, and his patience often crossed into hesitation. Flexibility and agility have never been his calling cards. He also has minimal experience as a receiver. In pass Thanks so much for reading and protection, his size gives him the potential to be an asset, but much of his blocking effectiveness comes from chop blocks enjoy! rather than proper technique. Trevor Sikkema","Prototypical NFL size for a running back. Impressive top-end speed for his frame, adequate for the NFL. Nimble footwork behind the line of scrimmage. Strong balance and power to absorb contact and shed tackles. Willing pass blocker, but lacks sound technique. More of a buildup-speed runner than an explosive one. Stiff in stop-start situations and lateral direction changes."
"22","Even before donning stats Carolina you won’t blue, Hampton find — a four-star running back — was a state star as a high schooler. As a senior, anywhere else. Alongside that, he was named the North Carolina Gatorade Football Player of the Year and North Carolina's each playerMr. also Football. hasHecareer then contributed for the Tar Heels right away as a true freshman before earning full- time starting information, roles as a sophomore in-depth and junior. scouting At 6 feet and 220 pounds, he brings ideal size to the position for the NFL. Hampton profiles, player comps, athletic is also one of the class’ most physically gifted backs, boasting testing, strengths/weaknesses top-tier explosiveness for his size. He has a high and missed tackles forced average, which is rooted in his ability to stay balanced and drive throughmuch contact.more. His vision as a runner can be hit-and-miss. He is better behind zone blocking where he can hit a running lane with momentum. When asked to truly read behind inside zone Thanks so much for reading and and gap concepts, Hampton can get impatient and get north before it is necessary. As a pass blocker, he has the frame to do enjoy! it. He is also a good option out of the backfield as a receiver. Trevor Sikkema","Built like an NFL back in measurables, weight and athleticism. Change-of-direction explosiveness is impressive for his size. Relishes in the physical aspects of the position. Wants to erase people in pass protection. Inconsistent blend of patience and hesitancy behind the line. Can be overeager to get upfield. Sometimes second-guesses himself when setting up defenders."
"23","Harvey was aadvanced stats multi-sport athlete youschool in high won’t findtrack, (football, basketball and baseball). That translated to him being a dual- anywhere else. Alongside threat quarterback throughout his high school career. Hethat, committed toeach Virginiaplayer to play quarterback also hasbutcareer transferred back home to UCF after just one year, switching positions to running information, back during the process. Harveyin-depth was vying for scouting UCF’s RB1 spot in 2021 before tearing his ACL. He didn’t return to form until 2023, profiles, player comps, and he then rushed for more than 2,900 combined athletic yards in 2023 testing, strengths/weaknesses and and 2024. Harvey is a natural playmaker. He processes defensive movement and blocking quickly to find daylight behind muchbutmore. man/gap concepts, he is more productive behind zone as a slasher type. His missed tackles forced average ranked above the 96th percentile. He also brings natural hands as a receiver Thanks so much for reading and and good receiving production. The big concern with Harvey is his overall play speed. He takes too long to read the blocking and enjoy! defense and so he doesn’t have enough power to hit the LOS. Trevor Sikkema","Fast first step, even when changing direction. Elusive player with good short-area burst. Good (not great) long speed. Playmaker mentality to set up defenders and make them miss. Patient with good vision, especially behind zone. Willing pass blocker but lacks the weight to stand up to defenders. Can be hesitant behind man/gap blocking concepts. Overall play speed concerns."
"24","At Ohio State, advanced stats you Henderson contributed won’t since his true find freshman season, rushing for more than 1,200 yards in his first year. But a anywhere else. Alongside that, foot injury hampered his sophomore and junior seasons, and he did not look the same. each Fully healthy player alsoagain hasin career 2024, he played like a promising NFL running back. He shows good patience and one- information, cut ability to find in-depth space behind man/gap scheme scouting blocks but isn't as successful doing so behind zone right now. It's almost as if he profiles, player comps, athletic is confident being patient behind the line, but once he kicks it into high gear, hetesting, homes in onstrengths/weaknesses and getting upfield (not the worst mindset at all). When Henderson commits to that top gear, it is impressive. He much is also more. quick and agile when he wants to be, with a decent missed tackles forced average in 2024. He looks like a natural receiver with soft hands and quick footwork for routes. His Thanks so much for reading and body isn't made for bulldozing through tacklers, but he does play with high effort through contact. enjoy! Trevor Sikkema","Gets up to full speed very quickly. Fast footwork to force missed tackles and find running lanes. Very agile back- balances momentum well at high speeds. Soft hands and good potential as a receiving back. One fumble lost in his career (573 carries and 75 receptions). Not much body density to power through full tackles. Isn't as decisive behind zone blocking compared to man. Tends to want to bounce to the sideline a little too much."
"25","Hunter startedadvanced stats games in all four yearsyou of hiswon’t find Auburn career, serving as the full-time starter for the last two. He finished his anywhere else. Alongside that, career fourth on Auburn’s all-time rushing list, trailing only James Brooks, Carnell Williams each and Bo player Jackson. also hasHunter careeris small — below the 25th percentile in both height and weight — which information, impacts his ability in-depth to take on tacklers, scouting his long speed and his effectiveness in pass protection. However, he doesn’t let that profiles, player comps, athletic affect his mentality. He welcomes contact and often dictates it. testing, His smaller frame allows strengths/weaknesses and him to slip through tight spaces, making for impressive runs between the tackles. He is also patient when working behindmuch pullingmore. blockers and zone-blocking schemes. He is quick, but he lacks the elite flexibility to consistently make defenders miss or change direction on a dime. Still, he earned Thanks so much for reading and rushing grades above 80.0 in all four years. He was on the honor roll all four years at Auburn and graduated with a degree in enjoy! natural resource management in just three years. Trevor Sikkema","Earned rushing grades above 80.0 in all four collegiate seasons. Patient running style allows him to read blocks. Compact build and strong core help him shrug off arm tackles. Smooth acceleration to reach top speed efficiently. Natural leverage against defenders in pass protection. Patience in reading blocks can sometimes lead to hesitation. Smaller frame limits overall effectiveness in blocking."
"26","A dual-threatadvanced quarterback instats youJackson high school, won’tearnedfind a four- star recruiting grade from 247Sports and committed to Texas, anywhere else. Alongside that, where he redshirted in 2020. He transferred to Utah the following season and over each the player next threealso years transitioned has career from backup QB to QB/RB/special teams player before ultimately becoming information, the team's starting back. In 2024,in-depth he transferredscouting to Arkansas and surpassed 800 rushing yards for the second straight season. profiles, player comps, athletic Jackson is taller than the typical running back at over 6-foot-2. His height andtesting, frame givestrengths/weaknesses and him long strides, allowing for decent top-end speed when he reaches open space. He also shows much However, good foot quickness. more. his lack of experience is evident. His vision is inconsistent—he struggles with patience in waiting for blocks to develop and sometimes fails to attack rushing lanes Thanks so much for reading and with purpose (or misses them entirely). And while he has the frame to be a strong pass protector, his technique and enjoy! anticipation need significant refinement. Trevor Sikkema","Fluid movement skills for a taller, bigger back. Long strides generate solid getaway speed. Decent footwork for his size. Strong frame to develop into a reliable pass protector. Good top-end speed once he builds momentum. Needs to recognize when to lower his shoulder and fight for yards. Higher pad level limits natural balance and yards after contact. Lack of full-time experience at running back."
"27","James was aadvanced four-star recruitstats you won’t out of Nashville, find Tennessee, choosing Oregon over offers from Georgia, Tennessee, and anywhere else. Alongside Alabama. As a sophomore, he served as the Ducks' No. 2 back that, behind BuckyeachIrving, player flashing brilliance also has in that role—his 94.8 career rushing grade led all FBS backs. Once Irving departed for the NFL, where he information, had a stellar rookiein-depth season withscouting the Tampa Bay Buccaneers, James took full advantage of the starting job, profiles, player comps, earning a 90.9 rushing grade, which tied for seventh athletic in the nation. testing, strengths/weaknesses As his elite grades suggest, James is a no-nonsense runnerand who takes care of the football while maximizing his yardage. At this much stage, he projects as anmore. early-down back due to his inconsistent hands and lack of experience in pass protection. While he isn't an elite athlete, he is an efficient runner capable of succeeding in Thanks so much for reading and any scheme within a committee. enjoy! Trevor Sikkema","Not the biggest back, but runs with power and physicality. Gets north-south quickly with minimal wasted movement. Scheme-versatile—effective in both gap and zone schemes. Excellent ball security—zero fumbles on 429 career touches. Lacks top-end speed and isn’t much of a home-run threat. Limited experience in pass protection. Has not been a major receiving threat and has issues with drops."
"28","Though smaller in height, hestats youforwon’t is built well findat 5- an NFL back foot-8 and 215 pounds. His body is dense and powerful, as anywhere else. Alongside that, evidenced by any play where he makes contact with a defender. He ranks in the 99th percentile each player also in yardshas aftercareer contact, and his total rushing yards after contact would have led college football in information, 2024 if compared in-depth to others’ overall scouting yardage totals. But that's not to say he can't make people miss in space. His 0.39 missed profiles, player comps, athletic tackles forced per attempt average placed in the 98th percentile. testing, Jeanty is a quick strengths/weaknesses processor and and has good vision for space behind zone and gap blocking schemes. His footwork is fast and much explosive, and more. although he isn't the fastest, his long speed will allow him to rip off 30-40-yard runs in the league. He is a willing blocker in pass protection, but his size affects his efficiency. He Thanks so much for reading and shows soft hands in the receiving game, and once he catches the ball, his ability to force missed tackles comes into play. enjoy! Trevor Sikkema","Dense, compact frame for good center of gravity/balance. Long speed adequate to break off big runs in NFL. Naturally soft hands in the receiving game. Does not shy away from contact. Excellent one-cut vision behind zone blocking concepts. Size makes pass blocking difficult, but he is willing to do it. Can shimmy too much when setting up a defender up space."
"29","At 6 feet and advanced stats isyou 225 pounds, Johnson won’t an NFL find back. His speed-to- power conversion is very impactful for broken tackles and yards anywhere else. Alongside that, after contact. But he has surprisingly light and quick feet to read line play and each find open space rather player alsothanhasbattering career through the line of scrimmage. On outside-zone plays, his build-up speed makes him look information, like he's shot outin-depth of a cannon. scouting He recorded a very impressive 97.9 PFF Game Athleticism Score in 2024. While Johnson is an incredibly impressive runner and athletic profiles, player comps, playmaker with the ball in histesting, strengths/weaknesses hands, he lacks and polish and reliability as a third-down back. He had some bad misses and displayed poor technique in pass protectionmuch more. at Iowa, leading to a low PFF grade in that department. He also didn’t do much as a receiver outside of 2024. Thanks so much for reading and enjoy! Trevor Sikkema","Strong north-to-south runner between the tackles. Really nice burst and top speed for his weight. Has the balance to shrug off arm tackles for yards after contact. Good vision, especially behind zone schemes. Constantly cuts to find open space. Not much receiving experience. Upfield urgency can lead to blocks not getting set up. Some bad misses in pass protection (lack of feel for pressure)."
"30","Johnson began advanced his career bystats youtowon’t committing find Billy Napier at Louisiana-Lafayette and ended it playing for Napier again at anywhere else. Alongside Florida. The trust shown in Johnson across two different that, programs and competition each playerlevels stems also fromcareer has his consistency and physicality. Johnson understands that success at the position requires bothinformation, in-depth delivering and absorbing scouting punishment—something he embraces. He is at his best running between the tackles in man and gap-blocking schemes. His footwork isathletic profiles, player comps, decently light, allowing him testing, strengths/weaknesses to bounce behind and the line and find rushing lanes. However, he is limited in both long speed and elusiveness, likely muchat best ranking as average more.for the pro level. He has found success on third downs, contributing as both a receiver and a pass blocker. However, his tendency to lead with his shoulder in Thanks so much for reading and pass protection could get him into trouble against NFL rushers and blitzers. enjoy! Trevor Sikkema","Physical, determined runner who embraces contact. Light footwork to find rushing lanes in man/gap schemes. Strong awareness in pass protection. Brings strength and violence to pass protection. Has reliable hands as a receiver. One-cut moves take a few extra steps to fully change direction. Didn’t play with the same speed in 2023/24 as in previous seasons. Needs to process space and blocking developments more quickly."
"31","Judkins was advanced stats a star running back you at Ole Miss won’t find for two seasons before transferring to Ohio State. He rushed for more than 1,000 anywhere else. Alongside yards in each of his two underclassman seasons in Oxford, that, largely due toeach his athletic gifts. He player is built also has likecareer an NFL back, with a good blend of size, speed and power. That power is the root of his information, success. Judkins in-depth is strong in both his upper and scouting lower body to run through tackles and consistently gain yards after contact. profiles, player comps, athletic That physical play style also shows up in pass protection, where he made some testing, devastatingstrengths/weaknesses blocks and impressive plays in and college. In 2024, while splitting time with TreVeyon Henderson, Judkins lackedmuch more. creativity. His solid missed tackles forced average was largely from broken tackles — not making defenders miss in open space. He was less of a playmaker and more of a Thanks so much for reading and north-to-south runner, albeit a good one. He does not have much experience or success in the receiving game. enjoy! Trevor Sikkema","Quick, explosive footwork in the backfield to jump gaps. Willing, fundamentally sound pass blocker. Strong core. Impressive balance for yards after contact. Long speed appears above average for the NFL. Plays with good level of competitiveness/toughness. Not relied on much in the passing game. Lacked creativity in 2024. Weight can get too far over his toes, causing him to lose balance."
"32","Marks was a advanced four-star runningstats back andyouhigh won’t school find track standout at Carver High School in Atlanta, Georgia, where he anywhere else. Alongside that, rushed for over 6,300 career yards while averaging 10.4 yards per carry. On theeach track, he competed player in thehas also 100m and 4x100 relay. career Marks started all four seasons at Mississippi State before information, transferring to in-depth USC for his final year scouting of eligibility. His athleticism is his calling card—he is explosive in short areas and has profiles, player comps, athletic impressive long speed. His quick footwork allows him to shift around behind testing, strengths/weaknesses man and gap-blocking schemes, while his strong and momentum speed makes him effective in zone concepts. He also much more. has ample experience as a receiver. His biggest drawbacks as a prospect stem from inconsistent vision and indecisiveness when lining up defenders one-on-one. Despite his athletic ability, his Thanks so much for reading and forced missed tackle rate is lower than expected. He is a willing pass protector but likely won’t be a mainstay in that role at the pro enjoy! level due to his lighter frame. Trevor Sikkema","Smooth acceleration and top-end speed. Lighter back but generates power through speed. Quick, explosive footwork. Plenty of experience as a receiving option out of the backfield. Indecisive when faced with one-on-one situations. Willing pass protector but lacks the natural strength to anchor. Lacks the density to consistently bounce off tackles."
"33","Martinez wasadvanced statsback a three-star running you outwon’t findTexas. of Lewisville, In addition to being a standout football player, he was a sprinter anywhere else. Alongside who competed in the 100m and 4x100 relay. He committed tothat, Oregon Stateeach and amassed player over 2,100has also yards in his first two career seasons before transferring to Miami in 2024, where he once again eclipsedinformation, in-depth 1,000 yards. At 6 feet scouting tall and 235 pounds, Martinez has legitimate NFL size and a playstyle to match. He profiles, player comps, athletic refuses to go down on first contact, generating yards after contact and pushing testing, strengths/weaknesses the pile. He does his best work running behindand the man- and gap-blocking concepts between the tackles. His muchgives sprinter background more.him impressive explosiveness and top speed. His high forced missed tackle rate is more due to breaking tackles than making defenders miss. While he has the frame for Thanks so much for reading and pass protection, he is not as aggressive as desired and lacks discipline in his fundamentals. He has some experience as a enjoy! receiver but does not have natural hands. Trevor Sikkema","Massive build with a powerful frame. Strong enough to hold up in pass protection. Light feet allow him to move well behind man/gap schemes. Impressive balance for a player of his size. Good long speed for his frame, aided by a track background. Needs to play with more aggression in pass protection. Drops his head and lacks proper discipline in pass protection. Not a natural receiver out of the backfield."
"34","Monangai is hoping stats to become you won’t the second member find of his family to reach the NFL—his brother, Kevin, rushed for over 3,000 yards anywhere else. Alongside at Villanova and spent time with the Eagles and Vikings. that, Monangai is a tone-setter each who relishes player contact—it’s also has careerwhat drives him. However, his physical play style also highlights his information, limitations. He lacks the ability toin-depth scouting consistently make defenders miss or outrun them in space. As a pass blocker, he takes pride in profiles, player comps, athletic his work, embracing contact and bringing the fight to pass rushers. He istesting, strengths/weaknesses also exceptionally and secure with the football, having recorded zero fumbles on 676 career carries. While some teams much may not prioritize more. style, those that do will value his power-rushing him as a depth or rotational back who can help establish a physical culture in their running back room. Thanks so much for reading and enjoy! Trevor Sikkema","Tough, physical runner who refuses to go down on first contact. Explosive in short areas with strong movement skills. Dense muscle mass delivers powerful blows. Dominant in pass protection. Excellent ball security—zero fumbles on 676 rushing attempts. Long speed is average by NFL standards. Shorter arms make pass protection more challenging. Minimal experience as a pass catcher."
"35","Mullings’ college stats football career youbegan actually won’t find on the other side of the ball as a four-star linebacker recruit. Through his first two anywhere else. Alongside that, seasons at Michigan, he primarily contributed on special teams and as a reserve each linebacker. playerIn also 2022, he has played 10 games at career linebacker and three at running back before transitioning to running backinformation, full-time in 2023 andin-depth scouting earning a starting role in 2024. His limited time at the position shows up in moments of profiles, player comps, athletic indecisiveness and a lack of patience, but there is plenty to like. He knows how testing, strengths/weaknesses to make tacklers miss—because he used toand be one. Having played two of the most physical positions in the muchcontact game, he welcomes more. and runs with toughness. He also possesses light footwork, executing jump cuts and one-cuts effectively behind man and gap-blocking schemes. Mullings has Thanks so much for reading and very limited experience as a receiver but shows promise as a pass blocker, an area where his defensive background could enjoy! serve him well at the next level. Trevor Sikkema","Physical, bruising play style. LB background provides a natural feel for cutbacks and lanes. Surprisingly light on his feet for making quick jumps. Ball security is a plus — zero fumbles on 185 carries. Possesses the physical traits to be a reliable pass protector. Virtually no experience as a receiver. North-south running style can lead to a lack of patience. Still developing high-level vision and anticipation."
"36","Neal is a former stats four-star recruit whoyou won’t got plenty find I looks of Division for his baseball skills in addition to his football production. He anywhere else. Alongside committed to Kansas planning for both sports, and he playedthat, baseball for two eachseasons playerbeforealso fully committing has career to football. He has since become Kansas' all-time leader in rushing yards, information, rushing touchdowns and 100-yard in-depth scouting rushing games. Neal operates with great vision and high playmaking intelligence. He has good profiles, player comps, athletic footwork and one-cut ability to succeed behind man/gap blocking concepts. Histesting, strengths/weaknesses explosiveness and long speed feel slightly aboveand average for the NFL, and he has some scoot when he gets to the much open field. Neal is alsomore. a natural receiver and a fundamentally sound pass blocker with good eyes and awareness for pressure (though he does lack some sand in the pants for anchoring). Thanks so much for reading and Kansas also trusted Neal a lot as a Wildcat quarterback because of his vision in short-yardage situations and his arm as a trick enjoy! passer from his baseball days. Trevor Sikkema","Very efficient, explosive one-cut ability. Patient, but not hesitant, behind the line. Good vision for open space. Natural athlete. Impressive footwork. Natural receiver out of the backfield. Playmaker after the catch. Long speed will be average for the NFL. Lacks some sand in the pants for pass blocking."
"37","Sampson’s favorite statsupyou player growing waswon’t findand his Reggie Bush, speedy style emulates the memorable parts of Bush’s game. He anywhere else. Alongside posted a high missed tackles forced rate as a runner and a that, receiver. His each footworkplayer is quick and explosive also for difference- has career making cuts and agility. He pairs that with good vision and patience to beinformation, successful behindin-depth gap and zonescouting blocking schemes (though man/gap schemes tend to yield better results). profiles, player comps, Sampson’s lighter weight affects his ability to push athletic through testing, strengths/weaknesses contact, but he brings the necessary mentality and effort to and gain extra yards. The Tennessee product had limited receiving production inmuch more. college but still brings good traits in that area. His weight impacts his pass-blocking efficacy, and he finished 2024 with a decently high fumble rate. Thanks so much for reading and enjoy! Trevor Sikkema","Quick pace of play, consistently moving forward. Has the long speed to erase angles to the sideline in pursuit. Good one-cut agility and explosiveness. Great vision for cut-back lanes behind zone blocking schemes. Explosive footwork to make decisive cuts. Smaller, but not outlier small. Willing pass blocker, but efficacy can be spotty due to weight. Handful of fumbles in 2024."
"38","As the Sun Devils’ statsinyou full-time starter 2024,won’t find he eclipsed 2,000 total yards and finished fifth in the Heisman voting. He was anywhere else. Alongside that, everything for their offense, from rushing to receiving to Wildcat quarterbacking to even each punting.also player His mentality as a rusher is his has career identity. The next time he goes down on first contact will be the first. His fightinformation, and effort every timein-depth he touches scouting the ball are noteworthy and led to very high PFF rushing grades and profiles, player comps, impressive metrics. Skattebo also has ample experienceathleticas a receiver. His testing, long speed andstrengths/weaknesses wiggle appear to be average forand the NFL, but he's all-out at all times with both. His vision shines much brightest between the more. tackles, but he can take some mid- and outside-zone runs for big gains, too. His pass-blocking work is surprisingly erratic and inconsistent. He goes for big blocks and Thanks so much for reading and has some bad whiffs because of it. He needs to be more fundamentally sound there, but when he's squared up, he has the enjoy! strength to be effective. Trevor Sikkema","Determined running style. Willingness to be physical as a rusher and a blocker. Slippery to force missed tackles. Decent vision/feel for blocks and open space. Ample experience as a receiver. Limited long speed. Stiff movements when changing direction/slashing. Feet can look a bit heavy when jump-cutting."
"39","Smith is a former stats wide receiver you won’t who transitioned find back to running after transferring from Miami to SMU in 2024. His receiving anywhere else. Alongside that, background and how it translated to his new position make him more of an offensive weapon than each player alsoa traditional has careerrunning back. Smith quickly became the engine of SMU’s offense, racking up information, over 1,600 total in-depth yards. He displayed scouting strong vision and elusiveness in his new role, particularly when bouncing runs to profiles, player comps, athletic the outside. His electric footwork and versatility give him a real testing, chance to carve strengths/weaknesses out a valuable role in an NFL committee and backfield. much more. Thanks so much for reading and enjoy! Trevor Sikkema","Light on his feet with open-field speed to break off big runs. Arguably the best route runner among RBs in this class. Versatile receiving threat who can win from any alignment. Uses quick feet to break down defenders and make them miss. Likely too small to handle an every-down workload. Thin build makes him easier to bring down on first contact. Limited effectiveness in pass protection."
"40","Tuten is a former statswho zero-star recruit you won’t worked find his way from North Carolina A&T to Virginia Tech. A high school track standout, he anywhere else. Alongside that, recorded the eighth-fastest 60-meter time in South Jersey history in 2021 at 7.03 seconds. each That speed player alsodefines his game — he has career always looks for a rushing lane to showcase his top gear. However, that information, in-depth mindset can sometimes scouting work against him, as he tends to bounce runs outside too often. He finds most of his profiles, player comps, athletic success behind zone-blocking schemes. His one-cut ability and testing, quick explosiveness strengths/weaknesses serve him well between the tackles, butand his vision appears less comfortable in those situations. His compact much build helps him bounce more. off tackles. Tuten was used more as a receiver at North Carolina A&T than at Virginia Tech. In pass protection, he is inconsistent, either due to improper recognition Thanks so much for reading and or his lack of weight. Ball security is also a major concern — he ranks in the first percentile in fumble rate, with nine fumbles over enjoy! the last two seasons. Trevor Sikkema","Strong and compact build allows him to bounce off tackles. Explosive footwork for sharp cuts in zone-blocking schemes. Good blend of acceleration and top-end speed. Generally finds the right running lane in zone concepts. Some experience as a kick and punt returner. Inconsistent awareness of pressure in pass protection. Ball security is a concern—nine fumbles over the last two seasons. Tends to develop tunnel vision, particularly between the tackles."
"41","Yarns is a former statsfrom zero-star recruit you won’tMaryland, Salisbury, find who played defensive back and running back in high school while also anywhere else. Alongside that, playing basketball and lacrosse. He was voted team captain in both football each and basketball player during alsohishas juniorcareer and senior seasons, which is no surprise, given the reports about his character. At 5- information, foot-10, 190 pounds, in-depth Yarns is slender scouting for the running back position at the NFL level. However, he leans into his lighter frame profiles, player comps, with good long speed, quickness and a “make-you-miss”athletic mentality whentesting, the ball isstrengths/weaknesses and in his hands. His quick footwork helps him navigate man and gap-blocking schemes, but he seems much most comfortable more. in zone schemes. His vision and processing are pro-caliber, though he can be a bit impatient. Due to his lower weight profile, he won’t offer much in terms of yards after contact. Thanks so much for reading and This also affects his effectiveness in pass protection, though he displays good awareness and recognition of pressure. He was enjoy! used heavily as a receiver over the last two seasons. Trevor Sikkema","Highly athletic with impressive speed and agility. Big-play potential with straight-line burst. Excellent flexibility and body control to make sharp cuts. Strong awareness in pass protection, recognizing pressure well. High usage and effectiveness in the passing game. Smaller frame — teams will have to accept that limitation. Needs to develop more patience. Stature limits overall effectiveness in pass protection."
"42","The big-bodiedadvanced stats you Ayomanor possesses won’t a high footballfind IQ and ideal size. His lack of production in 2024 spoke more to the rest of anywhere else. Alongside that, Stanford’s offense than him. He does well to get off press coverage with smart releases, each player different also has speeds and active hands. career Ayomanor’s release package is diverse — diamond release, speed release,information, in-depth split-step, skip-go, scouting double-up (two-step), etc. He produced high separation rates versus zone coverage but lacked profiles, player comps, athletic that same success against single coverage. He also needs to be more reliabletesting, strengths/weaknesses in contested-catch situations. He does so many and subtle things well to create little windows of separation (shoulder muchveering and hand shimmies, more. his long routes, eating up space against off coverage, attacking blind spots, etc.). Though his long speed doesn't show up consistently, he does bring a high school Thanks so much for reading and track background. His big plus as a prospect is his blocking. He was called for zero holding penalties on 517 run-blocking reps enjoy! from 2023 to 2024. Trevor Sikkema","Frame and willingness help him effectively block. Explosive athlete who can accelerate quickly. Conscious of release technique to attack different leverages. Showcases a high football IQ and awareness. Effective at getting off press. Hands could be stronger, especially in traffic. Takes extra time to stop or truly change direction. Low separation rates vs. single coverage."
"43","Bech was a highly decoratedstats youathlete, high chool won’twinning findthree basketball and two football state championships. He originally anywhere else. Alongside that, committed to Vanderbilt before flipping to LSU, then transferring to TCU in 2023.each He has battled also player injurieshas and missed career games in every season over the past three years. When on the field, Bech displays a lotinformation, to like. He started as in-depth scouting a tight end but was on the smaller side for the position. As a bigger receiver, his movement profiles, player comps, athletic abilities stand out and allow him to line up as an X, flanker and testing, slot. His flexibility strengths/weaknesses and agility are impressive for his size, andand his high catch rates make him targetable in any situation (90.0%- much more. plus catch percentage in all four years). Despite Bech’s size, he lacks experience against press coverage. That also limits his release versatility. Ultimately, Bech’s tape is about trusting the Thanks so much for reading and high of a player. His best 15 plays stack up with any Tier 2 receiver in this class. But that nuance does come and go. enjoy! Trevor Sikkema","Power slot type of receiver who has spent time at TE and WR. Impressive quickness in his footwork/releases for a big receiver. Playmaker mentality. Doesn't go down on first contact. Long speed is adequate as a slot or outside receiver. Very sure hands. Won't be a purely athletic winner in the NFL. Routes can lack nuance outside of breaks. Little experience vs. press outside of 2024."
"44","As a receiveradvanced in college, bothstats youand at Alabama won’t Texas,find his speed has obviously been his calling card. Anytime he is on the field, the anywhere else. Alongside that, safeties have to pay attention — whether they are in single or split deep coverage.each His acceleration player also and long hasspeed careerare Tier 1 for the NFL level, and his agility and flexibility are well above average as information, well. As a route in-depth runner, he does lack scouting nuance beyond vertical stems. He needs to be better at tempoing his speeds to time profiles, player comps, athletic throwing windows and also learn to stop when he finds soft spots against zonetesting, coverage. He strengths/weaknesses is decently strong for his size, butand it comes with inconsistencies. His contested-catch percentages much are low, but he more. does have some strong receptions on tape. He struggles to stay clean if defenders bump him at the break point. As a blocker, he lacks the size and strength to be reliable or have Thanks so much for reading and run plays to his side. He has enough speed to accumulate a lot of YAC, but he doesn't force many missed tackle as a ball carrier. enjoy! Trevor Sikkema","Top-tier athlete. Not afraid to put his body on the line when hauling in receptions. Great stop-and-start body control. Has lined up in the slot and on the outside. ADOT/YAC combination both land above the 60th percentile. Releases and routes lack nuance. Struggles to limit contact in and out of his breaks. Needs to understand how to stop when he finds space."
"45","Bryant is a former three-starstats youworked recruit who won’t findinto his way being the focal point of Illinois' passing attack. His frame lends anywhere else. Alongside that, itself to his “possession receiver” label. He is a strong player with good catch rates eachthrough playercontact and has also on open targets. He is career more nuanced in his release and routes than is typical for an X receiver. He doesinformation, in-depth lack the long speed scouting to be a constant threat up the sideline but can generate separation there when he sets up profiles, player comps, athletic defenders with his route running. Sometimes, getting off contact is difficult for testing, strengths/weaknesses Bryant, but he and makes up for it with good contested- catch numbers. Bryant is also a big-time plus as a blocker and can be used at much the topmore. of triangles for bunch sets and as a blocker an offense can run toward on outside run plays. Thanks so much for reading and enjoy! Trevor Sikkema","Showed strong hands in 2024, including through contact. Plus blocker in space for screen and swing passes. Useful in condensed sets due to blocking ability. Above the rim type of catcher. Shows good nuance in his route running and releases. Lacks separation against single coverage. Hands could be more active against press. Doesn't have the long speed to punish a defense."
"46","Burden is a true statswith all-around athlete you won’t adequate find height and weight. He is also agile and explosive yet powerful and balanced. anywhere else. Alongside that, He has experience and success on and off the line of scrimmage as an X, flanker and slot each receiver, player and has also he is often used as a career move receiver before the snap. His first-step explosiveness is information, impressive, allowing in-depth him to win quickly againstscouting press. He also has the body control, flexibility and explosiveness to be a sharp profiles, player comps, route runner for high separation scores. His hands athletic are generally testing, strengths/weaknesses reliable and strong, evidenced by high catchable pass and percentages and a contested catch percentage above 50% two much years in a row. Despitemore. a dense build, he has some reps where he struggles as a blocker. When the ball gets in his hands, he becomes a running back with good vision and contact balance for Thanks so much for reading and high YAC averages. His low production in 2024 seemed to be more of a product of secondaries keying on him with enjoy! double/tight/cap coverage instead of anything on his end. Trevor Sikkema","Great all-around athlete. Natural playmaker with the ball in his hands. Sharp, explosive route runner. Very elusive after the catch. Good balance for YAC. Can get pushed around some in the blocking game. Doesn't always attack the ball in the air."
"47","Egbuka is suchadvanced stats a smooth, smart you route won’t runner, find by as evidenced his very high separation scores versus zone and single coverage. anywhere else. Alongside that, His breaks aren't as sharp or twitchy as some, but he attacks leverages and adjusts each when healso player breakshasbased on the coverage. career His long speed isn't Tier 1, but it is certainly adequate enough to information, threaten vertically, especially duein-depth scouting to how quickly he reaches top speed. His hands are reliable, posting catch percentages above profiles, player comps, athletic 93.0% in each of the last two years. He was also a consistent testing, third-down receiver, strengths/weaknesses garnering a 29.8% THREAT on third downs and in 2024 (top 30 in the FBS at 33.1% and top 10 if you add his 2022 season). much more. As a blocker, there are snaps where he is an impact player, but there are others where he just does not stay in front of his guys (the Penn State game was the worst). Thanks so much for reading and enjoy! Trevor Sikkema","Very quick, controlled player. High separation scores due to elite body/speed control. Willing, feisty blocker. High-IQ player who knows how to attack and find space. Good balance through contact for yards after the catch. Can just be inconsistent as a blocker. Lack of size does limit his blocking abilities against LBs. Route breaks could be sharper."
"48","Felton is a former three-star stats youcontributed recruit who won’t to find Maryland's offense from his true freshman season to his senior campaign. anywhere else. Alongside that, He has a lot of experience, and 2024 was his most productive season. Felton has decent each player height and has also lengthcareer for the position but is on the smaller side at just under 190 pounds. His solid information, receiving production in-depth in 2024 hinged on hitchesscouting and screen passes versus off coverage. As a route runner, he lacks the profiles, player comps, nuance to really attack defenders’ leverage or set athletic them up to testing, strengths/weaknesses create separation at the breakpoint. Felton also and seems to lack the flexibility and true change-of-direction ability to be a top-tier route much runner. His overall more. catch and contested-catch rates are lower than ideal, which does not bode well for him as a below-average separator. He doesn't have a ton of experience versus press and Thanks so much for reading and struggles to get free against press-man coverage. As a blocker, his lack of weight limits his efficacy. enjoy! Trevor Sikkema","Good height and length for the position. Great feel for soft spots in zone coverage. Straight-line speed is adequate for the NFL level. Forced a lot of missed tackles after the catch in 2024. Weight profile makes him easier to tackle. Not much of a blocker due to weight. Lacks the short-area explosiveness to be a great separator."
"49","Golden's gameadvanced is built around stats you movement impressive won’t find skills. His footwork is quick yet explosive, which allows him to get off press anywhere else. Alongside that, and regularly create separation. He also understands some of the nuances of the eachposition alreadyalso player — active has hands with good timing career to clear press, choosing the correct release moves versus certain leverage andinformation, in-depth veering routes to create throwingscouting windows. He has some very impressive sideline catches this year, where he is asked to go up and pluck passes with maximumathletic profiles, player comps, catch radius testing, while toe-tapping strengths/weaknesses inbounds. He is fast but not a true blazer byand NFL standards. He is also pretty light in the blocking game despite beingmuch used onmore. the line of scrimmage a good amount this past season. Thanks so much for reading and enjoy! Trevor Sikkema","Inside-out versatility as a slot and flanker. Plus return ability. Fast but controlled route runner. Footwork off the line is quick and decisive. Excellent sideline receiver with great footwork. Light in the blocking game. Runs a little hot and cold when he knows he's not involved. He has the movement skills to be more dynamic after the catch."
"50","Harris was anadvanced stats under-recruited athleteyou out ofwon’t find high school who mainly played quarterback but transitioned to receiver when he anywhere else. Alongside arrived at Louisiana Tech. He played three seasons with thethat, Bulldogs before eachjoining Ole Miss player and becoming also has career the go-to receiver in Lane Kiffin's spread, vertical offense. He brings above-average information, size to the position and has a tonin-depth of experiencescouting catching deep passes. But despite Harris’ size and outside skill set, he does not profiles, player comps, have much experience versus press due to the nature athletic of Ole Miss’ offense.testing, strengths/weaknesses He also lacks varied releases off the andof line, outside a speed release. Harris’ contested-catch numbers are lower than ideal, and hismuch more. separation rate against single coverage is below 20%. His long speed is adequate for his role, even if it is more build-up speed than quick-twitch speed. He possesses quick feet Thanks so much for reading and and hips for his size, but he doesn't run many routes outside of basic gos, posts and comebacks. He also has some nice impact enjoy! blocks on tape. Trevor Sikkema","Not a very diverse route runner, but does well to get vertical. Good contact balance and strength for YAC. Was Ole Miss’ go-to receiver the past two years. Shows active hands/arms to chop when running by defenders. Slow feet out of his release. Mainly uses a speed release. Does not get off press as well as a player of his size should. Creates separation with strength and push-offs too frequently."
"51","Higgins cameadvanced statsfootball from humble college you won’t beginningsfind as a zero- star recruit. He spent his first two seasons at Eastern Kentucky anywhere else. Alongside that, before jumping to Iowa State in the transfer portal, hoping to continue the each pipelineplayer of NFL receivers coming also has out of Ames, Iowa career — including Hakeem Butler, Allen Lazard and Xavier Hutchinson. Higgins is well information, in-depth built for an X receiver, with somescouting added wiggle and agility for a big man. As a possession type, he has reliable hands profiles, player comps, and consistently catches the ball away from his body. athletic He brings good footwork testing, strengths/weaknesses and a variety of releases to effectively get off and press coverage. He also knows how to run almost all routes in the tree. While Higginsmuch more. winner with athleticism before isn't a consistent and after the catch, he can still create separation due to his savviness and foot quickness. He is a willing blocker with good length. Thanks so much for reading and enjoy! Trevor Sikkema","Smooth hips in his breaks for a bigger receiver. Quick chops/footwork when he is about to make contact. Natural hands-catcher, consistently catches away from body. Good route-running nuance with head and shoulder fakes. Can run the whole route tree. Top speed will be average at best in the NFL. Pushes off a decent amount to create separation. Won't be a consistent YAC producer."
"52","Horton comes advanced stats from an athletic you family: won’t His sister playsfind volleyball professionally, and his brother was a cornerback at Boise State. anywhere else. Alongside that, He looks like a natural, even with a slender build. As a true possession receiver, his handsalso each player are legitimate. He has a long has career catch radius, helping him record an 86th-percentile contested- information, catch rate and a catch percentage in-depth above 92.0% scouting in each of the past two seasons. Despite limited flexibility, acceleration and profiles, player comps, athletic long speed, Horton is a nuanced player. He has quick feet out of testing, his releases with strengths/weaknesses active hands to be an effective receiver offand press coverage. He knows how to set up defenders with shoulder much fakes. Essentially, more.separation in more subtle ways. He he creates takes pride in all facets and is a clearly competitive player. That includes taking on defenders as a blocker. Horton’s strides are Thanks so much for reading and long, helping him cover more ground despite what seems like subpar explosiveness. enjoy! Trevor Sikkema","Great route runner for his size. Strong hands and big catch radius. Hands are up and ready to fight to get off press/contact. Long strides help him cover ground, even without great speed. Nuanced in his releases versus press. Slender build means he can get moved off his routes easier. Average to below-average top speed for the NFL. Takes him a handful of steps to reach top speed."
"53","Hudson is a fun prospect. Hestats you won’t was a dual-threat find in quarterback high school. His playmaker mentality and agility are reasons why. anywhere else. Alongside that, His basketball background is very evident in how he runs his routes — when eachhe is player getting off also press and hassetting careerdefenders up downfield, it's like he has a basketball in his hands as he uses crossovers andinformation, in-depth head fakes. Because scouting of this, he creates little windows of separation as a flanker and slot receiver. As a route profiles, player comps, athletic runner, he knows how to attack leverages and blind spots. testing, Though a natural mover, strengths/weaknesses he does seem to lack difference-makingand athleticism for the NFL level. His long speed is capped and often muchcornerbacks allows more athletic more. to recover after he beats them with agility. His catch percentages are also lower than ideal over the last two seasons — both when open and through contact. Thanks so much for reading and enjoy! Trevor Sikkema","Runs routes like a point guard crossing up a defender. Will tempo his routes and releases to set up defenders. He’s an effective hand fighter. Knows how to attack defensive back leverages. Too inconsistent with hand-fighting. Top speed appears average, at best, for the NFL. Lower catchable pass and contested-catch percentages."
"54","Hunter was theadvanced No. 1 overallstats player inyou won’t the 2022 findclass recruiting and was named the Georgia High School Player of the Year as a anywhere else. Alongside that, senior due to what he did as a wide receiver and cornerback, including breaking eachtheplayer state career alsoTDhas record. Whether at career Jackson State or Colorado, he has lived up to his recruiting hype. information, As both a full-time cornerback and in-depth scouting wide receiver, he is an NFL starter at both positions. As a receiver, he doesn't have as much profiles, player comps, athletic polish in releases, route nuance and beating press. However, all testing, that can be improved andstrengths/weaknesses andto explained by not devoting all his time one position. His playmaker mentality after the catch and much separation ability more.to stand out in the league. He has will continue long arms and attacks the ball in the air with full arm extension for high catch and contested-catch percentages. Thanks so much for reading and enjoy! Trevor Sikkema","Insane stamina and talent to play both sides of the ball. Well above average acceleration and long speed for the position. Long arms and consistent catches with arms extended. Impressive ability to track and haul in passes through contact. Playmaker mentality at all times and is elusive after the catch. Lean frame, so he gets thrown around at contact. Footwork and fundamentals aren't precise. Can get bumped off his route easily."
"55","Johnson's story is as uniquestats you won’t as his prospect profile. find He played high school football with Broncos quarterback Bo Nix and was anywhere else. Alongside taken in as a member of the Nix family. He and Nix won statethat, championship with the each team coached player also hasby Nix's father. Eventually, career their paths merged at Oregon, where Johnson, like Nix, blossomed intoinformation, a promising NFLin-depth scouting prospect. Johnson’s 5-foot-10, 160-pound frame comes with natural drawbacks: a lack of profiles, player comps, athletic strength versus press and at the catch point, a smaller catch testing, radius and a shorter stridestrengths/weaknesses length. However, he possesses ideal and skills and great football intelligence. Despite small hands and a slender build,much Johnsonmore.is reliable at the catch point. He boasts top-tier quickness that yielded a 99th-percentile separation rate. His agility after the catch makes him tough to corral. He Thanks so much for reading and understands winning with nuance and technique. He is naturally limited as a blocker, but it is one of the many areas where his enjoy! competitiveness shines. Trevor Sikkema","Very quick and explosive. Long speed is well above average. Body control allows for crisp routes. Blocking strength is limited, but he gives it his all. Playmaker mentality with elite flexibility after the catch. Remarkably small player. Size/strength limitations keep him from being a key blocker."
"56","Lacy is a former stats four-star recruit whoyou had towon’t findbehind wait his turn Malik Nabers and Brian Thomas Jr. As a full-time starter in 2024, anywhere else. Alongside that, he enjoyed his most productive season. His calling card is his long arms, which each he uses playerto consistently also has attack the ball in the air career with outstretched hands. He also shows good footwork at the sideline as aninformation, in-depth outside receiver (6.6% slot repsscouting in 2024). His long speed and acceleration are adequate, but it does feel hot and cold. His game lacks nuance in its current form. athletic profiles, player comps, He doesn't show many releases testing, strengths/weaknesses off press outside of a split release. He can falseand step out of his stance as well. His routes are basic with vertical much stems right now. more. His breaks tend to be more rounded than sharp, preventing him from creating true separation. For as long as his arms are and as impressive of catches he’s made this past Thanks so much for reading and season, he does have a good amount of drops and a lower contested-catch percentage. He is also not a consistent plus blocker. enjoy! Trevor Sikkema","Long arms for a wide catch radius. Consistently extends his hands to get the ball in the air. Long, smooth strides at top speed. Shows good footwork near the sideline. Can false step when releasing off the line of scrimmage. Slower to accelerate out of his release. Long speed won't put fear in the NFL DBs’ hearts."
"57","McMillan wasadvanced stats a multi-sport star you in high won’t school, findin excelling football, basketball and volleyball. His coordination and strength anywhere else. Alongside that, allow him to maximize his ntire catch radius to haul in a high rate of passes. Heeach doesn'tplayer make manyalsofalse steps has and is smooth and career quick out of his release. He has a good route-running IQ to information, lengthen or shorten routes/breaksin-depth scouting depending on the coverage, but his routes tend to be more rounded than sharp due to his long profiles, player comps, athletic frame. The Arizona product is more smooth than explosive in his movements, testing, but he knows strengths/weaknesses and how to squeeze out extra separation. He pairs a great contested-catch ability with the mindset for much generating yards aftermore. the catch. His slender build is less of an issue than it originally seems, as he is strong and competitive when catching and blocking. One of the few negatives in Thanks so much for reading and McMillan’s scouting report is his separation percentage, but he was more than adequate there in 2024. enjoy! Trevor Sikkema","Height stands out on tape. Difference-making size. Hip flips/agility much better than expected for his size. Impressive acceleration for his size. Rarely see false steps in his release. Comfortable maximizing a huge catch radius. Very slender build, which can impact blocking efficacy. Likely won't be a consistent separator vs. single coverage."
"58","Nash was a two-star stats dual-threat you won’t quarterback findbaseball and played in high school. He committed to San Jose State as a quarterback anywhere else. Alongside that, and played sparingly from 2019-2022 before switching to wide receiver. He was each a go-to target over player alsothehas pastcareer two years and took it to another level in 2024, leading the country in receptions, information, receiving touchdowns in-depth and receiving yards. Nashscouting played more than 30% of his snaps in 2024 in the slot as a big slot type at 6- profiles, player comps, athletic foot-3 and 195 pounds. Despite his plus size and length, he has a dancer's feettesting, — quick andstrengths/weaknesses controlled — which you can tell he and works on a lot. His releases off press are varied and thought out, muchowmore. as he understands to attack different leverages with different releases. He is a bit stiff in his change-of-direction movements, especially when running near his top speed, hurting his ability to Thanks so much for reading and separate. He has limited long speed, but his footwork for his size makes him very intriguing. enjoy! Trevor Sikkema","Good footwork for a big man. Wins with both hands and feet. Impressive release package. Knows how to attack different leverages. A little stiff in his change-of-direction movement. Limited long speed despite long strides."
"59","Noel was notadvanced only good high stats schoolyou won’t football player find but also an all-conference high jumper and sprinter. That track background is anywhere else. Alongside that, the baseline of how he wins as a receiver. His first step has a lot of power and explosion, which helps each player himhas also win off press and out of his career breaks. His explosiveness and separation ability make him an information, effective horizontal in-depth player for dig/mesh routes scouting and crossers. Though Noel’s acceleration is very good, his long speed is profiles, player comps, athletic average for the NFL level. He has strong but unspectacular hands with a testing, limited catchstrengths/weaknesses and radius due to shorter arms. He could use more of a playmaker's mentality for forcing missed tackles after catches.much more.struggles with getting off press if a Noel sometimes defensive back gets hands on him early. Thanks so much for reading and enjoy! Trevor Sikkema","Compact build makes him powerful through contact. Controlled, explosive short-area movements. Shows an understanding of nuanced releases. Quick, precise footwork. Explosive, but missing the top speed to be a vertical threat. Doesn't have a lot of experience lined up outside the numbers. Arm length makes him an inconsistent run blocker."
"60","Prather was aadvanced statsplayer two-way high school you whowon’t findto committed receiver work at West Virginia before transferring to Maryland. anywhere else. Alongside that, He's a big-bodied X receiver who can fight off press coverage with active hands each andplayer good length. alsoHishas catchcareer percentages in and out of contested situations are fine but could be better. Prather information, moves well for a player who ranks in-depth scouting above the 70th percentile in height and weight among wide receivers. His routes, while profiles, player comps, athletic somewhat limited in flexibility and wiggle due to his size, have some nuancetesting, strengths/weaknesses in how he tries and to set up off-coverage defenders. He won't be a burner with his long speed, but he can still create muchHemore. vertical separation. doesn’t provide much after the catch. Maryland seemed to underutilize Prather, who never eclipsed more than an 18.5% threat rate (target rate on routes run) and Thanks so much for reading and posted low yards per route numbers. He has adequate size and length for blocking to boost his chances of making an NFL roster. enjoy! Trevor Sikkema","Good size for an NFL outside receiver. Long limbs gives him a big catch radius and long strides. Quick to flip his hips, especially given his size. A natural at hauling in passes away from the body. Has the size and hand-fighting ability to work off press. Low success rate vs. single coverage. Limited top speed. Very little experience in the slot."
"61","Restrepo wasadvanced a high school stats football you star whowon’t stuffedfind the stat sheet on offense and defense. In college, he focused on receiver anywhere else. Alongside that, over defensive back — and that looks like it was a good decision. His quickness, short-area each playerexplosiveness, also hashand strength and career body control made him one of the most productive slot receivers information, in college football in-depth two years in a row. Restreposcouting generated high separation rates overall and against single coverage. His route profiles, player comps, breaks can be explosive, sharp and tough to stick athletic with. When the testing, strengths/weaknesses ball reaches his hands, he rarely drops it. There are some and drawbacks to Restrepo’s game, such as a lack of truly much threatening long speed.more. He is also short on experience versus press, meaning he doesn't have a ton of developed releases. He can be overwhelmed as a blocker due to a lack of length and Thanks so much for reading and mass. Despite his quickness and separation numbers, he doesn't blow you away with after-the-catch production. enjoy! Trevor Sikkema","All-around athlete with a good blend of strength and quickness. Impactful first-step explosiveness and initial acceleration. Looks strong for his size. Good balance to take on and dish out contact. Precise route runner with sharp movements. Lacks difference-making top speed. Limited YAC ability, even from the slot. Smaller catch radius."
"62","As a zero-star advanced stats recruit out of high youRoyals school, won’t find worked his way from Georgia Military College (JUCO) to Utah State, eventually anywhere else. Alongside that, becoming one of the most productive and reliable receivers in the Mountain West Conference. each playerRoyals alsohashasa compact career build at just above 6 feet and 200 pounds. That frame gives him plus strength when workinginformation, through contact and in-depth scouting running after the catch while breaking tackles. His strength doesn't stop there, as his hands profiles, player comps, athletic are reliable in open and contested situations. He shows fast feet against presstesting, strengths/weaknesses coverage and and when breaking on routes. However, Royals’ athleticism appears limited for the NFL. He won't be a much vertical separator withmore. just speed, and his acceleration can run hot and cold. He does have ample experience as a slot and outside receiver. Thanks so much for reading and enjoy! Trevor Sikkema","Strong hands at the catch point. Consistently extends his hands to attack the ball in the air. Nuanced route runner who shows awareness to vary his speed. Strong vs. press with active hands to fight free. Will bounce off low/ankle tackles for YAC. Acceleration can be hot and cold. Long speed appears average for the NFL level. Great at contested catches but often lacks separation."
"63","Wells was notadvanced stats heavily recruited out ofyou won’tduefind high school to his grades, so he started his college football career at Fork Union anywhere else. Alongside that, Military Academy in Virginia before transferring to James Madison the each following season. He player washas also a record-breaker career during his one season at JMU and made the jump to South Carolina after that. Heinformation, in-depth had a great 2022 season scouting at South Carolina, but a foot injury derailed his 2023 year. He moved to Ole Miss that profiles, player comps, athletic offseason. Unfortunately, the Ole Miss version of Wells was a testing, shell of the future strengths/weaknesses NFL player we saw in 2022. At his best, heand has a good size and speed combination, has impactful short-area explosiveness much more. and is at best at the catch point. However, all of that seemed to disappear in 2024, as he looked disinterested and less competitive. Thanks so much for reading and enjoy! Trevor Sikkema","Good size and speed combination. Strong core and balance for yards after the catch/contact. Explosive first step for releases and acceleration after the catch. Routes are more rounded than crisp. Most of his route tree is vertical. Inconsistent blocker."
"64","White was a highly stats productive receiveryou won’t in UNLV's findover the offense past two seasons. His threat rate (target rate on routes run) was anywhere else. Alongside that, above 35% in 2023 and 2024. He's on the smaller side for an NFL receiver, but each he makes up for it.also player White has is verycareer competitive as a blocker despite his size, and he has decent nuance to his game. However, he information, could be even morein-depth precise in isscouting movements to set up defenders and make up for a lack of explosiveness and long profiles, player comps, speed. His movements are smooth, which is both athletic good and bad when it comes testing, strengths/weaknesses to separating; he just has to know and that and use it correctly. White’s catch percentage dipped in 2024 but is much generally fine. more. effort on certain plays seemed to The 23-year-old’s fluctuate in 2024, as did his overall play speed. He didn't line up a ton in the slot at UNLV, but that might be his best position in the Thanks so much for reading and NFL due to his strengths being short-area separation and after- the-catch playmaking. enjoy! Trevor Sikkema","Natural playmaker's mentality to make defenders miss. Manages his routes well to create separation. Competitive blocker against DBs. Good base of releases off press. Limited long speed to threaten vertically off press. Slender size makes it tough to create a catch point through contact. Down-to-down play speed is slower than you'd like."
"65","It took a whileadvanced statsa you for Savion Williams, won’t four-star recruit,find to become the staple of TCU's offense, but it was worth the wait. His verified anywhere else. Alongside that, height is a shade under 6-foot-4, but he is all of 225-228 pounds, and that shows up onplayer each tape. He started also hashis career at TCU as a kick career returner before primarily playing wide receiver, and his high information, school quarterback in-depth days give him scouting plenty of versatility out of the backfield as a running back or Wildcat quarterback. Williams is a profiles, player comps, athletic monster at the catch point, possessing very strong hands with testing, high catch rates through strengths/weaknesses contact, but he did have some and frustrating drops in 2024. He has some wiggle and nuance as a route runner much but couldmore. be more polished there. He needs to win with his feet more in the NFL, especially on his releases against press. He has some false steps and could attack leverage better. Thanks so much for reading and But he also had plenty of snaps in college where he got off the line cleanly due to his explosiveness. He is also a reliable blocker. enjoy! Trevor Sikkema","Elite contested-catch receiver. Impressive explosiveness and long speed for his size. Very strong upper body for blocking. Active hands at his break points to clear DBs/create separation. Used out of the backfield as a Wildcat QB and RB. Extends his hands a bit too much to push off defenders. Footwork isn't as precise as it needs to be. Some bad drops in 2024."
"66","At 6-foot-4, 245 stats pounds, he has you won’t a receiving tight endfind skill set. His movement skills are above average from his straight-line speed anywhere else. Alongside that, to how quickly he flips his hips when running routes and earning yards after the catch.player each In the lonealso seasonhasas acareer starter, he displayed reliable hands with just one drop from 50 targets. He is not a information, reliable blocker. in-depth He lacks the strength scouting to stay engaged with linebackers and even when throwing his full body into defensive profiles, player comps, athletic ends, it doesn't move them much. He also has some bad testing, technique, dipping strengths/weaknesses his head before big contact and lacking and leverage when engaging drive blocks. His competitive toughness and effort aremuch more. big plusses, even in blocking situations where he is outmatched. He truly plays with a chip on his shoulder with good urgency in his movements. Thanks so much for reading and enjoy! Trevor Sikkema","Good all-around athlete for the position. Has a good sense of urgency/effort. Plays with a chip on his shoulder. Good physicality at the breakpoints of his routes. Just one drop from 50 targets in 2024. Will dip his head when loading up for bigger blocks. Consistent false steps getting out of his stance. Doesn't have NFL-level impact run-blocking strength."
"67","The 6-foot-6,advanced 230-pound tight stats youmore end looks won’t findreceiver like a wide than a tight end — likely how he will be deployed in the NFL. His anywhere else. Alongside that, long arms and strides lend themselves well to a big target over the middle and near the each sidelinealso player as anhas X receiver. career He also plays with a chip on his shoulder. He plays with an edge each play, information, something coaches in-depth will like. His game scouting lacks strength for any sort of tight end projection. He has a low-impact run-blocking grade, profiles, player comps, athletic and his blocking fundamentals are undisciplined. His main work testing, comes as a receiver. strengths/weaknesses However, he needs more nuance as aand route runner to make a transition to wide receiver full-time, and he could be more much dynamic more. after the catch. Thanks so much for reading and enjoy! Trevor Sikkema","Height/length is a big plus. Smooth mover for his size. Above average top speed with long strides. Reliable hands — high catch percentages in last two years. Plays with an edge. Does not have the mass to be a reliable blocker inline/wingback. Does not consistently square up defenders when blocking. Needs to improve route running nuance."
"68","He became the advanced stats full-time starter you in 2023 butwon’t find tore his ACL and MCL eight games in. He returned to play a full season in 2024. His 6- anywhere else. Alongside that, foot-5, 260-pound frame gives him versatility for the position. He can comfortably eachline up inline, and player alsohe has hasthecareer body mass and overall strength to hold up in pass protection and when run blocking. He information, can also play in the in-depth slot and as anscouting outside receiver. He isn't a rare athlete for the position — his lateral movements feel a bit stiff, and his top speed and accelerationathletic profiles, player comps, appear average. However, when testing, the ball isstrengths/weaknesses in his catch radius, he has strong and hands to haul passes in, including through contact, which makes him a receiving much option more. over the middle. He lacks some balance and wiggle for dynamic yards after the catch, but he can move well once he gets in motion. He appears to be a competitive Thanks so much for reading and player in any assignment. enjoy! Trevor Sikkema","Has the frame and measurables to line up inline and off the ball. Adequate strength to move LBs and slow down DEs. Strong hands — reliable in contested-catch situations. Not a twitchy player. Top speed and acceleration are below average. A bit unbalanced through contact after the catch — limits YAC."
"69","At 6-foot-3 and 230 pounds,statsFannin you won’t looks like find a player who could play tight end on one side of the ball and linebacker on the other. anywhere else. Alongside that, He has an explosive first step to get out of his stance inline or in the slot. His hands eachareplayer strong and reliable also haswith catch percentages career above 90% all three years at BGSU. He has a playmaker's information, mentality after in-depth the catch and maximizes scouting his ROI every time he touches the ball. He is a bit stiff in his lateral movements from profiles, player comps, athletic route running to agility. That does show up in some lack of separation andtesting, diversity instrengths/weaknesses his routes. However, as a verticaland receiver, he is still tough to contain — even against good much competition like Texasmore. A&M and Penn State in 2024. His weight profile is lighter, but he is a competitive blocker with good strength at the POA. Thanks so much for reading and enjoy! Trevor Sikkema","Has a playmaker mentality when the ball is in his hands. Good burst out of his stance (inline or in the slot). Has the balance to create yards after contact. Strong hands at the catch point. Can play in the slot or outside as an ""X"" receiver. Movements can look a bit lumbering (out-toed stance). Requires gather steps when truly changing direction. Lateral stiffness limits pass-blocking ability and route diversity."
"70","At 6-foot-5 and 255 pounds,stats you he has an NFLwon’t body type.find Though he will lineup attached to the line of scrimmage, he is more of a anywhere else. Alongside that, move tight end in wingback and slot alignments. He has some good natural each movements playerfor a player also with hashiscareer measurables, and he has a high YAC percentile over the last two years because of information, it. He has good in-depth hands with generally high catchscouting percentages throughout his career, but in contested situations, he could profiles, player comps, athletic attack the ball more when it's in the air. As a blocker, he leaves testing, strengths/weaknesses much to be desired. Though he has the frame for and run blocking, he must get much stronger to be considered a full TE1 with inline much responsibilities. more. He can struggle to block defensive backs between the shoulders and locked up, let alone hold on to box defenders. Thanks so much for reading and enjoy! Trevor Sikkema","Carries 255 pounds very well. Overall athleticism is above average for a player his size. Has a good top speed once built up. Versatile enough to line up on and off the line. Can sometimes be a lumbering mover off the line. Has frame to be solid blocker but lacks the strength/ technique. Doesn't consistently square up his blocks when in space."
"71","At 6-foot-4, 260 stats pounds, Hawes is a you won’t blocker at heart.find Beyond just physical qualifications, he has a great approach to blocking, as anywhere else. Alongside that, he can anticipate a pass-rusher’s attack. His feet are married with his hands to mirror eachdefenders, player and alsohe has has strong legs for push career and leg drive. He has plenty of experience blocking inline, as a puller and asinformation, in-depth a lead-blocking fullback. scouting As a receiver, his profile is severely lacking. He never had more than 200 receiving yards in profiles, player comps, athletic any of his four years. His catch percentages are also lower than testing, ideal, including strengths/weaknesses in contested situations, but they were highestandin 2024. He also lacks general coordination and natural feel to be a much receiver (which more. does make sense given that he was a linebacker in high school). He knows what he is on the field for (blocking) and takes a ton of pride in it, consistently blocking his Thanks so much for reading and assignments through the whistle. enjoy! Trevor Sikkema","Blocking is his bread and butter. Good frame and weight for NFL blocking responsibilities. Plenty of experience as a lead blocker from a wingback position. Good approach to pass protection — high-IQ blocker. Lower body strength is NFL-caliber. Can dip his head a bit too much before a block. Very limited experience and production as a receiver. Has never had more than 200 receiving yards in a single season."
"72","At 6-foot-5 and 250 pounds,stats Helm's you bread won’t and butterfind is now in the passing game as a receiver. He is a natural playmaker after anywhere else. Alongside that, the catch in mentality and movement abilities — he has one of the higher missed eachtackles playerforced totalshas also among tight ends over the career last two years. He has the flexibility to sink his hips and turn information, quickly for comeback in-depth and curl routes. scouting He displays good core strength for balance through contact at the line of scrimmage. As profiles, player comps, athletic a blocker, he lacks the pop at contact to really be a mover in the run game, buttesting, his feet arestrengths/weaknesses wide, nimble and balanced. He has and some nice pass protection snaps against edge defenders and much blitzers. His hands canmore. be a bit wide, which can lead to penalties. Thanks so much for reading and enjoy! Trevor Sikkema","Good core and grip strength to wall off defensive linemen. Balanced receiver after the catch. Sink his hips well to change direction. Good wiggle and playmaker mentality for YAC. Good hands to create separation at the break/contact point. Struggles against more powerful edge rushers. Lacks that true punch at contact when run-blocking. Wide hands when blocking can lead to holding calls."
"73","At 6-foot-6 and 250 pounds,stats youlength he has good won’t andfind height to play tight end. His blocking fundamentals are generally good due anywhere else. Alongside that, to quick feet married with inside hands to latch on. However, he lacks the strength eachto be consistent player alsoandhas may career be a net negative blocker in the league. As a receiver, he has strong and reliable information, hands, however, in-depth his movement skills scouting are lacking. He feels stiff changing direction, and his top speed after his broken ankle does profiles, player comps, not seem to be average for the NFL level. athletic testing, strengths/weaknesses and much more. Thanks so much for reading and enjoy! Trevor Sikkema","Good size for the NFL. His run blocking has some nastiness. Catch percentages were very high in the two years he started. Shows good fundamentals with his hands when run blocking. Struggles to separate — likely below-average athlete. Gets pushed around in the run game versus defensive ends. Weight can get a bit too over his toes when blocking."
"74","At 6-foot-5, 240 pounds, Loveland is lean but presents a big catch radius with natural hands in the receiving game. He also has good movement skills for his position, showcasing the ability to sink his hips to turn, a good first step out of his stance, quick hips and agile lower body movements for high separation scores. His contested-catch numbers are lower than you'd like, but he does show flashes to make those catches. As a blocker, his lean and long frame does give him a length advantage against linebackers and secondary defenders, but when going up against trench players as an inline tight end, he can get pushed around. As a blocker, his hand positioning is generally well-placed with good footwork and leg drive to maintain blocks and at least wall defenders off for rush lanes, even if he isn't truly able to move them off their spot.","Very impressive athlete, even for a lighter tight end. Long arms, big catch radius. Natural pass catcher. Crisp routes with good juice. Scrappy pound-for-pound blocker. A solid blocker but lacks the true size to handle DEs. Lower than ideal contested-catch percentage in 2024. Could be more creative after the catch."
"75","At 6-foot-5, 255 stats pounds, he has youbuild an NFL won’t for tightfind end, though his body could use more density and strength to be a reliable anywhere else. Alongside that, inline presence. His blocking is decent right now, but he does need to get stronger each toplayer maintainalso blocks better. has As a receiver, he career has a decent first step but lacks difference-making total information, athleticism. His separation scoresin-depth are low, butscouting the good news is he has very strong hands through contact. He is a legit receiving option for in-breaking routes in the slot and evenathletic profiles, player comps, out wide. He is also married testing, strengths/weaknesses and has a son, Mac. and much more. Thanks so much for reading and enjoy! Trevor Sikkema","Seems to be a legitimate 6-foot-5 with good length. Long arms make for a big catch radius. First step has decent explosiveness. Has movement skills to be a lead blocker in space. Very strong hands through contested situations. Doesn't appear to be a dense 255 pounds. Top speed appears below average. Lacks the strength to be a full-time inline tight end."
"76","His best workadvanced statsHe comes as a receiver. you won’tthan is smoother findhe is explosive and twitchy out of his stance. He has some nuance to anywhere else. Alongside that, his route running but lacks difference-making agility and flexibility for a full routeeach tree (effective player as also a vertical has receiver). career His separation scores are good versus zone but land in just the 29th percentile against singleinformation, coverage over thein-depth last two years.scouting He also didn't give much ROI after the catch from a dynamic make guys miss profiles, player comps, athletic standpoint. At his current weight, he should not be put on the line of scrimmage. testing, strengths/weaknesses His blocking technique can be good, but he lacksand the true strength to create push in run-blocking situations or maintain blocks much more. situations. In order to be a true in pass-blocking versatile tight end threat, he will need to get stronger. His hands are generally reliable in contested and non-contested situations. Thanks so much for reading and enjoy! Trevor Sikkema","Well-built athletic frame. Has the size and experience to play inline as well as in the slot. Looks to have long arms for the position — big catch radius. Decent amount of nuance in his routes. Lack of weight shows up when fighting in the trenches. Not an overly twitchy or explosive athlete. Hand placement when blocking is wide too often."
"77","Warren’s 6-foot-6, 260-pound stats frameyouis builtwon’t find for the NFL. His weight is well distributed, and it allows him to be strong in both the anywhere else. Alongside that, lower and upper half of his body to check the boxes as a run and pass blockereach (51st percentile playerinalsopositively hasgraded run-blocking career plays). His THREAT percentage shot up from 16.1% in 2023 to 30.2% in 2024.information, He has incrediblyin-depth strong hands, scouting even through contact. He is not afraid to be physical in all aspects of his game, profiles, player comps, athletic but he has some good straight-line athleticism as a vertical receiver and testing, strengths/weaknesses for yards after the catch — though he takes a few and steps to accelerate. Due to his frame, he is a bit stiff in his change much more. of direction compared to his peers, but that is more of a product of being a bigger tight end — it does limit his route tree. He shows good dip in his shoulders for clean speed releases off the line of Thanks so much for reading and scrimmage, and he has position versatility to play inline, in the slot, out wide or even as a wingback or fullback. enjoy! Trevor Sikkema","Has the frame to play inline, as a wingback and fullback. Long arms help his catch radius and blocking ability. Held up well versus power against most defensive ends. Very strong player. Strong hands — high catch percentage in 2024. A bit stiffer when changing direction, which limits his route tree. Top speed takes a handful of steps to get to. Good strength as a run blocker but could hold blocks a bit longer."
"78","Yurosek committed stats to Stanford you out of highwon’t find school and played for three seasons before transferring to Georgia in 2024. He didn't anywhere else. Alongside that, get as much playing time as he's used to in Athens due to a deep tight end room, but even each in limited player snaps, also hashecareer showcased NFL potential. At 6-foot-4 and 245 pounds, he presents a long frame information, with good length for blocking. Hein-depth scouting is on the slender side for the position, but pound-for-pound, he is a strong and impact run profiles, player comps, athletic blocker inline, as a wide receiver and even as a fullback on goal- testing, line situations. He is alsostrengths/weaknesses and a good athlete. He has a nice first step out of his stance with good top speed and decent wiggle for route much running — higher more. separation scores of 89th and 62nd percentile in all coverage and single coverage situations. His catch percentage could be better, and he could do a better job Thanks so much for reading and attacking the ball in the air. His competitiveness and willingness to do whatever the offense needs him to do won't go unnoticed enjoy! with NFL teams. Trevor Sikkema","Athletic enough to play WR spots. Pound-for-pound a strong, competitive blocker. Very quick out of a three-point stance to get into his route. Strong, reliable hands — very few drops. Very competitive player. Lacks the mass to be a full-time inline tight end at the next level. Has the athleticism for more yards after the catch than stats show. Lower catch percentiles in contested situations than you'd want."
"79","McLaughlin played over 1,800 snaps as Alabama before transferring to Ohio State and winning the Rimington Award as the nation's best center. Though his grading profile was closer to above average than elite, McLaughlin allowed just 1 sack and 8 quarterback hits in his career. His extensive big game experience is an asset, though he missed the Buckeyes' playoff run due to a torn Achilles suffered in November.","Good sense of where he needs to be at all times. Functional enough athlete to fit in most schemes. Works hard to create proper angles in run game. Torn achilles puts 2025 status in doubt. Struggles with snaps that included tinkering with mechanics. Has a hard time staying in front of defenders with quicker first step."
"80","Monheim is a highly athletic player who played four of the five offensive line positions at USC. He put together two solid seasons at tackle before moving inside to center in 2024, where he did not allow a sack and earned the second-highest PFF run- blocking grade of his career. Despite a couple of tough performances against top defenses like Michigan and Notre Dame, Monheim showed that he has a chance to function in an NFL offense with his combination of quickness and football IQ if he can get stronger and play in the right system.","Plus athlete with experience at 4 of 5 offensive line positions. Very light on his feet. Moves laterally with ease. Plenty capable of getting out on screens or long pulls. Quickness and high IQ allow him to make adjustments on the fly. Moved inside from tackle due to very short arms. Lack of length causes him to reach at defenders. Below-average lower-body strength."
"81","Slater earned 44 starts in his four-year college career, capping it off as an FCS All-American in 2024. He has an ideal interior offensive lineman build with good total weight and weight distribution. He is light on his feet despite his bigger size. That helps him get his whole body into recovery/reaction mode when pass-rushers hit their moves, especially across his face. He has a wide, low base in his pre-snap stance, which creates consistent leverage when firing off the ball. He has some reps where he dips his eyes or gets a bit too far on his toes and allows quicker pass- rushers to cross his face or attack a shoulder more easily. He has good but not elite grip strength, which can get him in trouble when his hands shoot too narrowly and defensive linemen can disengage quickly. Though he is at a good weight, it can look like he lacks some density to be a boulder to move in the middle. He will need to lean into his quickness as a difference-making trait.","Ideal interior offensive lineman build. Long arms for a center. Light on his feet in pass protection and when climbing or pulling. Natural athlete who just happens to play offensive line. Wide, low base pre-snap. Lack a powerful punch at contact. Hand placement can be too narrow. Can dip his eyes and get crossed up by quicker interior rushers."
"82","Wilson ranked in the 97th percentile in PFF’s Game Athleticism Score metric in each of the past two seasons. His movement skills are a plus in many areas. Beyond just being able to get out on the hoof for mid and outside zone, his explosive first step allows him to dictate contact for pin-and-pull power concepts and slide protections. His hands are generally well placed and fast enough to get inside consistently. Wilson does seem to lack some length, causing him to be a bit on his toes and leaning if asked to reach for contact. He doesn't have imposing strength but does mitigate that well with good anchoring technique and flexibility. He shows some inexperience with a lack of anticipation when guessing wrong one-on-one with defensive tackles.","Excellent movement skills. Flexible hips and hamstrings to get low in his stance. Coordinated footwork for long shuffles when mirroring. Quick hands to get up and inside of defenders after the snap. Good anchoring technique to counter bull rushes. Doesn't possess imposing strength. Inexperience shows in lack of anticipation w/pass-rush set-ups."
"83","Zabel started his career as a reserve lineman at North Dakota State before becoming a full-time starter in 2022. He earned FCS All-American honors in his final season. He is a well-built prospect who wins in very translatable ways. His lack of length will likely kick him inside, but he could play tackle in a pinch. Zabel’s feet are light and can mirror pass-rushers well. He has excellent grip strength to latch on and maintain blocks. His plus core strength helps there, too. His leg drive is consistent and effective, though he will likely be a better zone blocker than a man/gap scheme blocker due to NFL-level strength and size. His power at punch can be average, and his hands can shoot high. His patience in pass blocking is a big plus, as is his hip/hamstring flexibility to stay low in his stance despite his 6-foot-6 frame. He brings great balance to recover against unexpected power. At the Senior Bowl, he was lights-out at guard and center.","Top-tier grip strength. Very good at lining up tackles between the shoulders. Great athlete. Explosive first step to thrive in a zone blocking scheme. Leg drive is constant and effective. Length will likely kick him inside. 90th-percentile height/weight. Smaller hands and shorter arms. Hands can slide up and off target against more powerful players."
"84","At 6-foot-5 and near 330 pounds, he checks all the size boxes. He has excellent pre-snap posture thanks to his long arms — he can touch the ground while keeping his back flat. He has very high football intelligence. His weight is well distributed with minimal bad weight and good mass/power in the lower half. He could use a bit more force at contact on a consistent basis, but it is nothing glaring, and he even has some snaps where he can really move defenders against their will. His functional athleticism is adequate — he can get on the hoof as a puller and not look unnatural. If there is a potential glaring issue, it likely comes from his foot speed. When he is braced and ready, he can have a strong base, but when caught off guard, he doesn't have elite core strength and can get knocked off balance more easily than expected. He is praised for his competitiveness, leadership, high football IQ and work ethic.","Well-built guard with NFL size. Strong hands and core to not disengage after moves. Very long arms for an interior player. High IQ lineman. Finisher's mentality. Balance can be off at times. Below average foot speed. Can get caught behind when defender cross his face."
"85","Colby is a rugged zone blocking guard who twice earned All-Big Ten team selections, including a First-Team selection in 2024. Listed at 6-foot-6 and 310 pounds, Colby has an ideal build and a mean streak that presents itself well in the run game. He turned in his best season in 2024 as a run blocker under Tim Lester, who shifted the Hawkeyes' offense to more of an outside zone-based scheme. Colby's flaws lie in his consistent struggles in pass protection regardless of position. He likely is a depth piece in an outside zone offense because his pass-blocking needs major development before he can be considered a starting-caliber player.","Mean streak in the run game. Found comfort on outside zone runs in 2024. Nice drive in his lower half when he engages defenders downhill. Consistent problems in true pass sets. Struggles with length despite being listed at 6-foot-6. Tendency to lunge toward pass-rushers instead of staying patient."
"86","Cooper is a functional zone-blocking guard who spent six years in college, earning a starting spot in the last two. As a five-time All-Big Ten Academic Team selection, he makes up for mediocre athleticism and below-average strength by understanding where he needs to be at all times while creating proper angles at the point of attack. Cooper is likely to fit in an outside zone scheme, where his positive traits in the run game can shine while he continues to get stronger. His experience at both guard spots gives him at least some versatility, assuming he starts his NFL career as a backup.","Understands where he needs to be in the run game/pass pro. Above average technique and movement skills. Moves feet well to create proper angles. Experience at both guard spots. Lack of strength shows when run-blocking / dealing with bull rushes. Shorter arms create problems dealing with lengthier DTs. Average athleticism doesn’t make up for below-average power."
"87","Dellinger is a sturdy guard who has posted consistently positive pass blocking production after arriving at LSU as a four-star prospect. He boasts enough strength to handle stronger defensive tackles by himself in pass protection and gives a nice initial punch in the run game. His 2024 season was unfortunately cut short due to injury, but returned in time to perform reasonably well at the Senior Bowl, even taking some reps at center in the process.","Good initial punch in the run game. Functional strength that can match up well with stronger DTs. Experience at four different OL positions. Below average length leads to lunging and balance issues. Tendency to sell out for big blocks. Mediocre lateral movement."
"88","Fairchild is a two-year starter at left guard for Georgia who posted a nearly elite 89.2 pass blocking grade across the past two seasons. While he isn't quite as powerful as his teammate Tate Ratledge, he is equally adept with his footwork in pass protection and is athletic enough to function as a puller or at the second level. Fairchild has a reasonably high floor as a candidate to serve as interior depth for a team in need of functional pass protectors. If he can get stronger over the next couple of years, he could develop into something more.","Well-taught interior pass protector. Keeps feet moving to maintain leverage and angles in run game. Quick out of his stance in pass protection. Doesn't have a singular trait that would be considered dominant. Middling upper body strength doesn’t let him displace defenders. Tendency to lean into run blocks with shoulders/chest."
"89","Frazier started his career as a left tackle at FIU, earning one of the higher grades in Conference USA at his position as a redshirt freshman in 2021. He then transferred to LSU and kicked inside where his athleticism made him a plus pass protector. That ability allowed him to not allow a sack in the final 20 games of his career, including his final game against Baylor in which he started at right tackle. Frazier's athleticism and versatility give him a chance to at least stick in the NFL as a swingman.","Former tackle with above average athleticism inside. Doesn't panic when presented with stunts up front. Solid footwork and balance in pass sets. Average length is a problem when defenders get into his pads. Some struggles to adjust when defenders cross his face. Occasionally caught lunging due to length issues."
"90","Gray was a four-year starter at left tackle for Oregon State and was one of the few players to stay in Corvallis after head coach Jonathan Smith’s departure heading into 2024. He moved inside to left guard for his final season, improving his overall grade from 2023, albeit against weaker competition. He's a functional zone blocker who adjusted reasonably well to a greater variety of schemes this past season. Gray’s biggest question is whether he can effectively pass protect at the next level after posting sub- 65.0 pass-blocking grades in each of his five seasons as a starter.","Versatility that could help him stick on a roster. Functional outside zone blocker. Climbs to the second level with urgency. Makes a point to finish linebackers once he seals them off. Not long/nimble enough for OT. Not strong enough for OG. Consistently below-average pass protector regardless of position. Shorter arms and lack of strength are an issue against bigger DTs."
"91","Jackson was the top interior offensive line recruit in the nation in 2021 and certainly didn't disappoint during his time in Columbus. He earned three First-Team All-Big Ten selections, including in 2024 when he moved to left tackle during the team's final nine games and performed admirably. Jackson has a high floor with an ideal guard build and enough consistency to project as an NFL starter. While he isn't always the most dominant player on the field, his combination of footwork and technique could help just about any team looking for a starting-caliber guard.","Sound footwork in all phases. Works hard to gain proper positioning in zone run game. Rarely overpowered in pass protection. Moved to LT over final nine games and performed well. More consistently stable than dominant style of play. Can get caught off guard by stunts. Needs to work on pace and leverage when getting to second level."
"92","Jones was a top-100 recruit in the 2022 high school class and the No. 6 interior offensive lineman overall. Despite his listed position coming out of high school, he started for the Tigers at right tackle immediately as a true freshman and has been there for his entire three-year career. However, it seems like the recruiting services nailed Jones' projection because he'd likely be best at guard in the NFL. That's because he has heavy footwork in pass protection, which makes him susceptible to being beaten around the edge. He's a powerful player with excellent length, though, and those traits should still shine at guard.","Long arms, especially for a guard - 92nd percentile. Big, heavy hands that shock on impact. Good anchor in pass protection. Three years of starting experience in the SEC. Heavy feet at tackle can expose him against speed rushers. Inconsistent hand placement lets defenders to get into his chest. Plays on his toes too much in the run game."
"93","Kandra is a former three-star prospect who played on both sides of the ball in high school prior to committing to Louisville. He followed head coach Scott Satterfield to Cincinnati, where he became one of the more effective all-around guards in the country over the past two seasons. Standing at 6-foot-4, Kandra is a high-cut athlete who wins with plus athleticism and consistent technique. His lack of bend and shorter arms are a cause for concern regarding his ceiling, but there is enough to work with to think he could be developed into a starter in due time.","Measured approach in the run game, gaining proper leverage. Much improved in pass protection in 2024, particularly 1v1. Few consistently poor habits with regard to technique. High pad level leads to bending at the waist. Most of his pressures in 2024 involved him as the target on stunts. Rarely a powerful force, which could limit him to outside zone."
"94","Lampkin is a fascinating case of a player testing the limits of how small a player can be on the offensive line. Standing at just 5-foot- 10 and 270 pounds, Lampkin put together a dominant five-year career spread across Coastal Carolina and North Carolina. He overcomes his diminutive stature with top-tier competitive spirit and excellent technique, particularly in the zone running game, where he's earned an elite 90.6 run-blocking grade over the past two seasons. Lampkin also shined as the last player added to the Senior Bowl roster, showing off his skills and determination against some of the nation's best defensive tackles.","Five years of excellent production across two schools. High level of competitive spirit, consistently plays to the whistle. Excellent footwork on zone runs. Understands that he has a leverage advantage due to his height. Significant experience at all three interior positions. Lack of height can leave him overwhelmed vs powerful bull rushes. Lack of length is an issue when defenders hold his shoulder pads. Doesn't cover a ton of ground with his first step."
"95","On 1,155 pass blocking snaps at left tackle over that three year period, he did not allow a single sack. His best reps come when run blocking. He shows good tenacity with a strong punch at contact before following it up with great grip strength to latch on and take defenders for a ride. He has the initial explosiveness to block inside and mid-zone concepts but is most impactful when blocking power. Though he is listed at 6-foot-6, his arm length is well below average for offensive tackle play in the league. This causes him to lean into contact at times, often becoming unbalanced and too on his toes. Where he has good first-step quickness, some stiffness in his lower half movements make shuffling with a defender across his face and deep dropbacks in pass protection a challenge. He is also upright in his stance, which can cause some balance issues when asked to pivot and anchor. When he can keep defenders square between the shoulders, he has good anchoring technique and strength.","Good balance when taking contact. Really strong grip strength. Sound, consistent anchoring technique. Reliable run blocking in both man and zone. Smart, aware player. First step is slower; struggles to catch up against speed rushers. Too much on his toes; leaning into contact gets him in trouble. Appears to have some stiffness in his hips."
"96","Ratledge has been a three year-starter at right guard for Georgia, including their national championship run during the 2022 season. He dealt with injury in 2024, but allowed just 7 pressures and 1 sack across just over 300 opportunities. He has been consistently one of the best interior pass protectors in the nation throughout his career while steadily improving in the run game. While he isn't the fleetest of foot, Ratledge's solid technique gives him a chance to be a starter at the next level.","Initial punch plays up on first level in duo/inside zone schemes. Consistently sound pass sets. Light on his feet and quick with his hands early in pass reps. Average athleticism. Tendency to lose angles in run game. Susceptible to counter moves in run game after initial punch."
"97","Rivers is a former four-star prospect who battled through injuries during his time at Miami. He was an All-ACC selection in his lone healthy season in 2023, which was also his only season solely playing left tackle. He followed that up in 2024 with a career-high 78.8 pass-blocking grade while oscillating between left guard and left tackle within games during the second half of the season. That versatility could serve him well in the NFL, but middling athleticism and foot speed likely make him a better option as a guard.","Guard/tackle versatility. Keeps legs driving downhill in the run game. Proper hand setup in pass protection, particularly at tackle. Tries to strike first. Middling athleticism causes problems against quicker rushers. Slower feet limit him to down blocks and short pulls in run game. Slightly high pad level doesn’t let him readjust feet sometimes."
"98","Webb is a former five-star recruit and state champion wrestler who played his first two seasons at Georgia before transferring to Jacksonville State and starting at left guard for three years. He immediately became the Gamecocks' best offensive lineman and earned First-Team All-Conference USA selections in 2023 and 2024. Webb appears to be a bit on the smaller side, though weighing in at 310 pounds at the Senior Bowl helps his cause. He makes up for that size with solid athleticism and a willingness to finish his blocks.","Grinder who keeps his feet moving and aims to finish blocks. Quick enough to play in any scheme but likely a better fit in zone. Some production as a puller. Mirrors feet well in pass protection. Very few true pass-blocking reps in Jacksonville State's scheme. Lack of length is an issue when engaging in pass protection. Inconsistent hand placement."
"99","Wehr is a former defensive lineman who spent two years as Montana State's right tackle before moving inside to right guard in 2024. He earned a top-10 grade among all FCS offensive linemen in each of his three seasons as a starter, as he used his powerful initial punch and lower body to maul defensive linemen in the run game. He also excelled as a pass protector at the FCS level, allowing just eight pressures and zero sacks in his three seasons on offense. Wehr's ceiling is likely capped by his lack of arm length and lateral quickness, but he could get a chance to stick as a developmental gap scheme guard.","Nice punch in downhill run schemes. Strong enough to anchor against bull rushes. Aggressiveness as a former defensive linemen shows often. Doesn't win with much aside from strength advantage. Short arms that are susceptible to counter moves. Below-average lateral quickness limits his scheme flexibility."
"100","Banks, a five-star recruit, started at left tackle for Texas since his true freshman season. He is on the smaller side (6-foot-5) for an NFL tackle. His arm length isn't a strength, evident in how he leans into contact and onto his heels at times. Long defensive linemen can easily get their hands inside and pull him to the side on push-pull moves. There is otherwise a lot to love. Banks is a great athlete, especially for a 320-pounder. He carries a good amount of weight in his lower half and posterior chain to create power and anchor against bull rushes. He is excellent on the hoof in mid- and outside-zone blocking schemes (though his feet can get clumsy). As a pulling blocker, he is a heat-seeking missile at the second level. Banks has the balance and foot speed to mirror pass-rushers and hit appropriate depth, but he needs to work on his grip strength to maintain blocks longer. His run-blocking ability and length could push him inside to guard.","Flexible hips and wide base for powerful stance. Foot speed/explosiveness is top tier. Great second-level/space blocker. Natural athleticism gives him high zone-blocking potential. Really impressive balance for 320-plus-pound player. Height hints at shorter arm length, which shows on tape. Too susceptible to push-pull moves. Needs to improve grip strength to latch on and hold blocks."
"101","A zero-star recruit from the 2019 class, Belton spent his first few seasons at the JUCO level before transferring to NC State. After sitting for one year behind a top-10 pick in Ikem Ekwonu, he took over for him at left tackle in 2022 and held that spot for the following three seasons. Like Ekwonu, Belton has the length and strength to overpower defenders. He's also more explosive than most 350-pound tackles, as he can fire off the ball to find defenders at the second level or seal them off at the line of scrimmage. His raw power also gives him a good anchor in pass protection against bull rushes. Belton is still raw in a number of areas, including his punch timing, pad level and footwork. While he's an explosive athlete, he's not very quick. He has had issues with speed rushers in the past. Even though a sixth-year prospect with as many technical issues as Belton has could put off some teams, he has the tools to become a starting-caliber tackle down the line.","Good length and raw power at 345 pounds. More explosive than expected. Gets to second level with ease. Stonewalls power rushers with strength in pass protection. Lacks high-end lateral quickness. Late hands in pass protection, letting defenders into his chest. Footwork needs work. Causes him to be off-balance at times."
"102","Campbell is a former four-star recruit who started every game he played in (38) across three years at LSU. Campbell isn't shy about communicating pre-snap. He makes calls and adjustments, and he'll even look back to tell the running back where the extra pressure is coming from. That football IQ gives him a high floor projection at tackle, guard or even center. His footwork, balance and posture are all fantastic. His hands are quick, precise and patient to frustrate rushers. He has good technique to handle power in pass protection but doesn't dish out punishment in the run game as well. He is listed at 6-foot-6, but his arm length doesn't match. You can tell his length is below ideal NFL thresholds. That shows up against longer, quicker edge players — and could be a reason why NFL teams don't see him as a starting offensive tackle. He also has a narrower, higher pad level base. If you can live with some of those deficiencies, there is so much to love.","Narrow base, but generally strong and balanced. Body movements are quick, compact and precise. Hands are up and active, always ready to strike with power. Great grip and core strength to maintain blocks. Foot speed is quick enough and well balanced, but not top tier. Higher pre-snap stance leads to high pad level when engaging. Shorter arm length. Lack of flexibility in groin to stretch kicks/protect outside shoulder."
"103","Conerly was the highest-rated offensive lineman to ever commit to Oregon, so it’s no surprise that he played more than 100 snaps as a true freshman before earning a starting job for 2023 and 2024. His movement skills and length are starting-caliber for the NFL, and his pre-snap stance is wide and athletic, leaving him ready to explode up or back. His foot speed allows him to run gracefully in zone blocking and mirror pass-rushers. His hands are quick to strike and reset but inconsistent in placement and patience. He can be a strong player but doesn't always show it. When he confidently lines up defenders between the shoulders, he packs a good punch. When caught off guard, he is too easily discarded. The 21-year-old lacks consistent displacement strength for power blocking schemes. He is a competitive player who shows good effort through the whistle. Ideally, he won't have to start right away in the NFL, giving him time to improve and unlock a high talent ceiling.","Quick, explosive offensive tackle. Quick footwork to keep his weight under him while mirroring. Good on the hoof in a zone blocking scheme. Quick hands for hand fighting/resetting. Shows competitive toughness and fight through reps. Inconsistent hand placement/striking location. Lower weight profile does limit displacement strength in run game. Must continue to get functionally stronger."
"104","Cornelius was once a zero-star offensive guard recruit before manning the right side of Oregon's offensive line after transferring to the team in 2023. He is a big-bodied player who is listed below the 50th percentile in height and weight but doesn't play like it. His arms appear to be longer and much closer to average for the NFL, and he carries a good amount of his weight in his middle and upper body, as well as in his glutes, to give him a more hulking appearance and play style. Cornelius’ feet can look heavy, and his first step isn't overly impressive. But he does have long strides to not be a liability in space when run blocking. He has long arms but needs to be more consistent in maximizing them. There are plenty of reps where he engages and pushes defenders off him but then allows them to get right back into his chest instead of latching on to maintain blocks.","Covers a lot of ground despite not being explosive or quick. Arm length appears to be well above average for the NFL. Adequate lower-body strength for anchor and leg drive. Good anchoring technique versus bull rushes. Good combo blocker. Not overly quick in his first movements. Does not play with his arm fully extended enough. Can get beat on the outside shoulder versus top speed rushers."
"105","Crenshaw-Dickson played a lot of college football. Across five years at San Diego State and one year at Florida, he logged more than 3,000 snaps. He has a massive frame at 6-foot-7 and 315 pounds with long arms. But beyond just being able to match the long arms of defensive linemen, he knows his length allows him to be patient and wait for pass-rushers to show their hands before countering. The 24-year-old is a smart, patient blocker who possesses good anticipation and pre-snap recognition for pass- rush plans. His somewhat leaner frame gives him decent mobility, and his weight distribution gives him good balance. He seems to lack some strength. He's a decent athlete but doesn't have the speed-to-power explosiveness to truly move people in the run game. Crenshaw-Dickson’s intelligence for angles and landmarks makes him more effective as a zone blocker. He doesn't make many mistakes, and most of his bad plays stem from facing quicker or stronger players.","Tall offensive tackle with good arm length. Somewhat slender build gives him athletic movement skills. Constantly communicating pre-snap to call out potential blitzers. Highly intelligent player with good patience and anticipation. Coordinated at lining up defenders in space. Lacks the weight/density to slow down power quickly. Doesn't show imposing strength in man/gap run blocking. Can struggle to reposition his hands vs. speed moves."
"106","Ersery was a three-year starter at left tackle for Minnesota from 2022-2024. His size stands out, as he measures 6-foot-6 and 330 pounds. He is light on his feet despite his size and has an explosive first step that yielded high PFF run-blocking grades in zone assignments. Ersery has the foot quickness to make it to his landmarks in pass protection but can struggle against fast edge rushers, sometimes because he’s high-waisted. His pad level is high pre-snap and he pops up high when the ball is snapped, which allows bendier edge rushers to get under his arm. To mitigate that, he lunges — which gets his weight too far on his toes and off balance. When Ersery keeps rushers between the shoulders, he has the girth and weight to anchor, neutralize and move them. He has good eyes on stunts and twists but can struggle to stay in front of rushers when they get across his face one-on-one.","Adequate size and length for the NFL. Light on his feet for a player of his size. Explosive first step and top speed for 330 pounds. Impressive pass-blocking hand work. Good footwork when anchoring. High-waisted player. Weight is too on his toes right now. Can struggle to mirror versus cross-face moves."
"107","Grant is a late bloomer who didn't step on a football field until his junior year of high school. His background as an all-state high school wrestler gives him an edge up front that he often uses to his advantage. Grant is quick and powerful on his feet with the ability to get to any spot in the run game. He also sets up and anchors well when presented with an opposing bull rush. While he could play a bit more in control in space and needs to refine his hand technique in pass protection, the true question for Grant is how he will adjust to NFL competition after spending all five of his collegiate seasons at the FCS level.","Light and powerful in lower body. Above-average lateral quickness. Gets across defenders on reach blocks with ease. Advances to second level quickly. Wrestling background gives him a finisher's mentality. Will face a serious jump in competition. Low hand setup in pass protection allows defenders into his chest. Struggles to gear his feet down when sizing up defenders."
"108","Lundt was a two-star recruit after playing just two years of high school football. He committed to UConn, and after redshirting the 2019 season and losing the 2020 season to the pandemic, he started at right tackle for four straight seasons. Lundt’s calling card is his length (around 6-foot-7). His long arms allow him to keep distance between himself and defenders to mitigate long- arm moves. They also help him dictate contact. His footwork (coordination and speed) improved over his college career, and he is decently balanced for his taller frame. He is listed below 290 pounds, which would rank in the last percentile for the NFL, but his weight is distributed evenly. Lundt’s best run-game work comes in zone blocking concepts, as his movements and length allow him to angle defenders. He struggles to get push when blocking power concepts. He also lacks the necessary sand in the pants to anchor, especially when defenders get a leverage advantage on him.","Elite length thanks to 6-foot-8 frame. Good eyes when climbing to the second level. Decent foot speed for a player of his size. Only four penalties across 1,700 snaps in two years. Nearly 0-percentile weight right now. Lacks the strength to get in the way of defenders. Hands can be erratic before the punch in pass protection."
"109","Mbow started at guard and tackle for Purdue, and he played right tackle in 2024. He's only 300 pounds — and looks like he could be even slimmer. He has a fast play style with an explosive first step and quick footwork. He can reach any depth in pass blocking and easily mirrors cross-face moves. He dictates contact by getting his hands on defenders first. Mbow absorbs contact and stays balanced with excellent core strength and an ability to redirect. He creates a pop at contact but struggles with strength overall. He is too easy to stack and shed for NFL-caliber linemen. He also struggles to anchor at times. He is more impactful as a zone blocker than a man/gap blocker. His hands are fast, but they can be wide and misplaced, creating more of a hug than a block (which can cause holding penalties). Mbow’s competitiveness will never be in question. He could be a starter at all five line positions, although he must improve his pad level to play center.","Fleet of foot, getting out in space as a puller or in zone blocking. Quick, well-coordinated footwork in pass protection. Relentless leg drive when run blocking. Adequate arm length for tackle position in NFL. Always generates a ""pop"" at contact. Lighter weight makes run blocking/displacing more challenging. Wide hands to hug defenders too often. Naturally high in his pre-snap stance."
"110","Membou was a multi-sport athlete in high school, participating in football, wrestling and tennis. He committed to Missouri and started for the Tigers over the past three years. He has excellent natural flexibility, foot coordination and balance. That allows him to move well when blocking for zone concepts and when taking on contact. He also has an explosive first step for combo blocks. He is listed at 325 pounds but could use more consistency in his power. He may give up a good amount of ground against NFL- level bull rushes and needs to really lean and engage his leg drive to displace between the tackles. He was much improved in how controlled he played from 2023 to 2024, which makes him someone you want to buy into as just a true junior heading to the NFL. He is very impressive in jump, 45-degree and vertical sets in pass protection.","Good hip/hamstring flexibility to sit in his stance. Low and explosive out of his stance. Naturally coordinated in his movements and footwork. Feet can move quickly. Looks great on the hoof as a puller and lead blocker. Can struggle to anchor on the edge despite being 325 pounds. Needs more strength for maintaining blocks. Could use more of a finisher's mentality."
"111","Nelson is an experienced offensive tackle prospect who started at guard and tackle for Wisconsin over the past four years. He sizes up well at just over 6-foot-6, but his weight (around 310 pounds) is lower for NFL standards. However, his lower weight does align with his play strengths. Nelson has quick footwork and a nice first step to be an effective zone run blocker. He shows good technique and timing to wall off defenders and create rushing lanes. He mirrors decently well in pass protection. When he gets his hands inside to latch on, he has good grip strength, footwork and balance to maintain blocks. However, his pad level is naturally high and he lacks some sand in his pants, which causes him to get off balance. Although he is without displacement power and doesn't consistently make an impact in man/gap run-blocking concepts, he can be an effective combo blocker. His hands are often too low before he makes contact, exposing his chest.","Long frame with good length for the NFL. Quick footwork out of his stance. Good grip strength to maintain blocks. Good anchoring technique to get under and elevate. High pad level pre- and post-snap. Shows some stiffness/inflexibility to really get his butt down. Looks off balance when retreating in kick slides."
"112","Pierce is a former walk-on who became Rutgers' first offensive lineman to earn All-Big Ten honors. He carries a massive 6-foot-8 frame that he has worked to slim down to less than 350 pounds over the past four years. All that work paid off in a big way in 2024, as he ranked among the 12 highest-graded tackles in the FBS. Pierce's height and length jump off the tape, and his lateral quickness has improved as he has slimmed down his frame. He still needs some work and will continue to battle with a lack of bend, but his potential at this size is certainly something to dream about.","Ridiculous frame. 6-foot-8 and 345 pounds. Can overwhelm smaller defenders with height and length. Slightly better lateral quickness in 2024 than in previous years. Good initial hand usage in pass protection. Lower half isn't as strong as frame suggests. Struggles to bend and can get caught lunging in pass protection. Difficulties stopping and readjusting his feet."
"113","Savaiinaea was a three-year college starter with significant experience at three different positions across the line. He made PFF's All-Freshman team while playing right guard in 2022 before moving to tackle over the past two seasons. Savaiinaea has long been a competent pass protector whose footwork and hand usage are among his greatest assets. His ability to stay light on his feet allows him to deter outside speed rushes, though he could be better at reacting back to counter inside moves. The real issue in his game is a lack of strength, particularly in the run game, where he will likely fit better in a zone scheme. At the very least, an NFL team is getting a reliable swingman with the potential to turn into a starter if he can develop in the weight room.","Substantial experience at tackle and guard. Competent pass protector, regardless of position. Active feet in pass protection. Rarely caught on his heels. Engages hands quickly to deter outside rush. Lack of strength shows in consistently below-average run blocking. Trouble adjusting back to inside moves. Issues dealing with length due to lack of upper-body strength."
"114","Simmons was a three-star interior offensive lineman recruit before committing to San Diego State. He redshirted his first year with the Aztecs and started every game at right tackle the following season. He then transferred to Ohio State, where he flipped to the left side. Simmons was having his best year yet before tearing his ACL five games into the 2024 season. Before his injury, he displayed high-level NFL traits. He isn't the biggest or longest tackle, but he makes up for it with elite flexibility. He can get very low pre-snap and impressively maintains that pad level while moving in a loaded and squatted position to maximize power at punch and neutralize bull rushes. The 22-year-old has quick, precise hands, always looking to get inside leverage. His footwork is balanced, and his core strength is excellent for maintaining blocks while twisting and turning. He lacks some strength to displace defenders in the run game, but he has enough to counter rushes.","Fantastic balance and can slide and mirror while squatted. Consistently low pad level at contact. Adequate length for the NFL. Footwork is quick and slide length is adequate. Competitive, consistently plays through the whistle. Hands have a low starting point. No true displacement strength in the run game. Lower weight makes anchoring tougher."
"115","Trapilo was a four-star recruit, and his father, Steve, was an All- American offensive lineman at Boston College and played in the NFL. Trapilo opted to continue the Boston College lineage, becoming a full-time starter in 2022. Trapilo, after playing left tackle in his first year as a starter, featured at right tackle for the past two seasons. He has ideal length and size at 6-foot-7 and 310 pounds. He is patient with good eyes for where and how pressure might arise before the ball is snapped. He is a bit lighter on the scale for an offensive tackle but doesn't play like it. He has a strong first step and a strong punch at contact with good leg drive for combo blocking. He consistently tries to maximize his length advantage in pass protection. He has a bit of an imbalance because of his height, and there are a handful of reps each game where he is slower than he needs to be when trying to mirror stunts and twists.","Ideal height and length for the NFL. Strong initial first step to get his body going where it needs. Eyes always searching for something to block. Patient hands in pass protection. Good leg drive to displace on combo blocks. Plays with his head down too much. Needs to keep his eyes up. Height comes with some natural imbalance. Slow to turn to face stunts and twists."
"116","Williams is built like an NFL offensive tackle, checking all the boxes for height, weight and length. He is a younger player with only one year of starting experience at Texas. His game is more about flashes than consistency, but the flashes are why we're talking about him. Williams’ arm length allows him to keep pass- rushers at bay — at least when he gets his hands up quickly enough. He has good power when making contact but must do a better job of keeping defenders between his shoulders to showcase that. His pass-blocking reps lack anticipation, as does most of his game. His hands are often off, both in their placement (usually very wide) and timing (late). Once he locks on, he can take defenders for a ride. Although he can explode well off the first step, his feet can appear heavy. He was also called for 13 penalties in 2024 (seven false starts and five holding).","Excellent size for an offensive tackle. Ideal arm length that looks longer than height suggests. First-step explosiveness is noteworthy for his weight. Strong grip once he locks on. Finisher's mentality. Only a one-year starter. Can explode well for his size, but feet are heavy. Punch timing and placement are inconsistent."
"117","Alexander was a two-star recruit and received only two Division I offers, one of which was Toledo. He redshirted his first year and was a rotational lineman for the next four seasons before earning a full-time starting spot in 2023 and 2024. He brings ideal size at just under 6-foot-4 and 305 pounds with 34-inch arms. That build gives him the potential to play at 3-technique or 3-4 defensive end in the NFL for odd or even fronts. Alexander is strong as an ox, resulting in elite PFF run-defense grades. He has a violent club move that he pairs with a rip or an arm-over to get into the backfield (14.0% pass-rush win rate). He can hold up well against double teams and forklift blockers onto their heels and into the pocket. He could clean up some technical things, such as snap anticipation and maintaining leverage longer out of his stance. He also looks too top-heavy at times. He was one of the Senior Bowl’s standouts, showing a nice twitch as a pass-rusher.","Explosive first step gives him a quick speed-to-power transition. Powerful leg drive even when OL are in anchor. Good power in his initial punch to knock OL back on their heels. Violent club move when crossing the face of OL. Strong as an ox in run defense, even against doubles. Tends to pop up quickly and rush high. Can be the last one out of his stance. Weight can be a little too top-heavy and cause imbalance."
"118","Biggers is a former three-star defensive line recruit from Mount Ulla, NC, where he was a three-sport athlete in football, basketball and track at West Rowan High School. He committed to Georgia Tech and saw the field immediately, playing in nine games as a true freshman. He became a full-time starter in 2023 and remained in that role through 2024. At 6-foot-5 and 320 pounds with 35-inch arms, Biggers' sheer size and length stand out before the first snap on tape. His frame challenges interior offensive linemen, particularly shorter-armed centers and guards, especially when he fires off the ball with a solid first step. His length gives him unique advantages in leverage battles, but he struggles to maximize his natural power due to his high pad level. His pass-rush production has been minimal, with a low win percentage over the last two seasons. However, he has a good sense of where the ball is going and plays with solid effort for a player of his size.","Massive frame that is difficult to move off the line. Exceptional arm length for an interior lineman, particularly at NT. Strong instincts and awareness to track the ball’s direction. Uses long arms to disrupt passing lanes and bat down throws. Reliable motor and effort level, especially for a player of his size. Struggles to keep pad level low at the snap, giving OL leverage. Despite his length, he misses too many wrap-up tackles. Lacks explosive first step to effectively convert speed to power."
"119","Caldwell was a zero-star offensive line recruit and tried to play offensive line at Hutchinson Community College, but their 2020 season was canceled due to the COVID-19 pandemic. He later walked on at Independence Community College as a defensive lineman, playing one season there before transferring to Sam Houston State for two seasons and then making a big impact as a nose tackle at Oregon in 2024. He brings adequate girth for nose tackle duties at 330-plus pounds. He also has surprisingly quick feet and decent pursuit speed for a player carrying that much weight. He can hold up in double-team situations, which gives him some versatility to play all interior spots in an odd front. He tends to play on the ground/on his knees a bit too much. His short arms also impact how quickly he can disengage blocks and how well he can wrap up ball carriers.","Quick feet for a big nose tackle. Can play any interior alignment in an odd front. Solid pursuit speed for a player of his size. Plays on the ground/on his knees too much. Block-shed ability falls off quickly if his first move fails. Noticeably short arms make it tough for him to get off blocks."
"120","Collins is a former five-star recruit from Bastrop, Texas, where he competed in football, basketball and track (shot put and discus). As a true freshman in college, he played in 10 games but made just one start, a theme that continued for most of his Longhorns career. That changed in 2024 when Collins stepped into a full- time starting role and became a positive presence. At 6-foot-5 and 315 pounds, Collins now profiles more as an interior defensive lineman than an edge. He has good length for an interior player, paired with a strong upper body and powerful hands that allow him to dictate stack-and-shed moves and fight through double teams. However, his height and length also present challenges, as he naturally struggles with leverage. His biggest drawback is how slow he can be to disengage. It's not that he can’t shed blockers, but rather that he lacks urgency. A quicker processing speed in this area would make him a more impactful pass rusher.","Excellent length for an interior defensive lineman. Strong upper body with an effective long-arm move. Well-built frame with good lower-body weight distribution. Violent, powerful hands to control blockers. Strong enough to fight through double teams. Lacks pursuit speed on plays outside the tackles. Can be slow to disengage and shed blocks. Naturally plays with a high pad level."
"121","Farmer was a three-star recruit in the 2021 class. While the 250- pounder was seen as too small to play defensive line full time in Division I, he committed to Florida State and has put on a good 60 pounds to now look and play like a stout defensive tackle. He was a consistent starter over the past two seasons. First-step explosiveness is important for trench players, but Farmer also has impressive burst and acceleration on his second and third steps. That allows him to create a strong pop at contact. He has good flexibility and a naturally low pad level to maintain good leverage out of his pre-snap stance. He also brings uniquely long arms and large hands for the position. Farmer’s pass-rush wins are often a result of those first few explosive steps, lacking many true finesse wins with moves and a plan. He is strong in the run game but too easily gets walled off and moved out of his gap. He projects as a rotational player with the athletic build to be more.","Low pad level in his stance and after the snap. Good pop at contact to knock back blockers. Plus arm length for an interior defender. First few steps have impressive explosiveness. Needs a deeper pass-rush bag. Could stand to make a rip move more of a constant finisher. Gets walled off/angled too easily in run defense."
"122","Graham was a four-star recruit and a two-time state champion wrestler. He initially wanted to play linebacker, but his coach convinced him his best shot at a top Division I offer and the NFL was in the trenches. His PFF pass-rush grade on true pass sets, PFF run-defense grade, pass-rush win rate and solo run-stop rate over the past two years at Michigan are all above the 95th percentile. He has adequate size to play 3-technique in the NFL, but he played at just about every alignment on the defensive front over the past two years. Graham is explosive in his first step, giving him good speed-to-power conversion and effective push- pull moves. He shows good bend, and his hands are fast, violent and well placed, especially in run defense. He likes to use a two- hand swipe or a club-arm over as his main pass-rush moves. His biggest issues stem from a lack of arm length, but there is still so much to like. His competitive toughness and motor are ideal.","Elite first-step explosiveness. Excellent bend and flexibility for an interior player. Wins the leverage battle consistently. Fast, powerful hands. Devastating push-pull move. Arms appear to be well below average. Lack of length affects rip/swipe efficiency. Shorter arms make it tougher for him to disengage."
"123","Grant is a former four-star recruit from Merrillville, Indiana. In high school, he played on both sides of the ball as a guard and defensive tackle while also competing in the shot put in track and field. At Michigan, he has played exclusively on the defensive line, serving as a reserve in 2022 before becoming a full-time starter in 2023 and 2024. Grant has ideal size for the nose tackle position, standing 6-foot-3 and weighing nearly 340 pounds. He also possesses rare quickness for his size. That quickness flashes in pure pass-rush situations and when shooting gaps. His hand speed can match his lower-body quickness, but not always. Too often, his hands are slow or appear flailing. His biggest issue is that he isn’t always in attack mode. While some of his assignments involve looping or containing, there are too many snaps where he hesitates rather than attacks. When he does play with aggression, he is a force.","Exceptional quickness for a player of his size. Quick to counter moves and adjust mid-rush. Active hands in passing lanes, leading to batted passes. Impressive overall athleticism for his frame. Executes E-T stunts effectively when looping inside. Plays too high at times, losing leverage. Hand usage can be erratic and lack purpose. Accuracy numbers are high, but ball placement isn't consistent."
"124","Harmon committed to Michigan State as a three-star recruit, and after redshirting his first season, he was a rotational starter in 2022 and a full-time starter in 2023 before transferring to Oregon. Harmon wins with quickness — a quick first step, quick hands into the body and an ability to dictate contact. He can get low and maintain a low pad level in a four-point stance, but his high- waisted build is more obvious in a three-point stance, making it tough for him to get low and not pop up immediately after the snap. He pairs his long arms with upper-tier hand speed to make initial contact or execute a pass-rush move. He always finishes his gap-shooting and cross-face moves with a rip to get clean. His hand work is where he disrupts; he is difficult to stay in front of and latched onto. He displays a high football IQ and the why of defensive line play. Harmon constantly communicates pre-snap and has a good motor and a competitive attitude through the whistle.","Good arm length for the interior. Quick first step and quick footwork. Fast hands off the snap to get inside and dictate first moves. Push-pull and arm-over moves are natural and smooth. Competitive player with a good motor. Build is naturally a little high-waisted. Pops up and loses leverage out of his stance. Lighter in the lower half at current weight."
"125","At 6-foot-6 and 280 pounds, he is built for the NFL. His size and strength create versatility as a defensive end in odd or even fronts. He doesn't have a ton of pass-rush moves, but the ones he does know (bull rush, swim, club-rip) can be very effective, especially anything with a club-arm over that he pairs with getting across a blocker's face. His punch at contact is imposing for just about anyone. He generates a crazy amount of power and movement from his hands when bull rushing and stacking blocks. He doesn't have rare first-step explosiveness to really threaten the outside shoulder, so he would likely fit best sliding inside to a 3-4 defensive end. He must continue to improve anticipating blocks. If he can do that, he might just become unblockable.","Naturally one of the strongest DL on the field. Has the size to play inside and out along the DL. Quick hands, especially when executing an arm-over move. Has the power to square up OTs and hold POA versus the run. Long arms to create PBUs in the throwing window. Need to anticipate blockers/contact better. Pops up and loses leverage almost immediately out of stance. Can get bounced around as blockers can get under his pads."
"126","Originally a four-star recruit from Louisiana, Jones chose to stay in his home state over offers from Ole Miss, Texas A&M and others. After seeing action in a rotational role as a freshman and sophomore, he became a full-time starter in 2023 and had his best year yet as a senior this past season. His 43 pressures were tied for eighth among all edge defenders in the SEC. While Jones was primarily an edge for the Tigers, he's able to line up anywhere on the defensive line at 6-foot-5, 280 pounds. He pairs that size with a motor that never quits while having solid tools at that size. While Jones employs multiple pass-rushing moves, his hand usage is still relatively unrefined. He also could afford to be more physical in the run game as he gets washed out of plays far too often right now.","Can win from both a two-point and three-point stance. Relentless motor shows maximum effort on every play. Adequate length with good power and bend as a pass-rusher. Explosive first-step at 280 pounds. Needs to work on his hand usage as a pass-rusher. Has had tackling issues due to playing off balance. Not a very stout run-defender routinely gets washed out of plays."
"127","At 6-foot-5, 295 pounds, Mills is lean but long. This makes him an easier projection to a 3-4 defensive end spot due to his versatility in his build (length to play more of a defensive end spot, weight to hold up well enough on the inside). He is a better pass-rusher than he is a run defender. He has a quick first step and active, violent hands to stay clean when shooting gaps. He does struggle to get off blocks if he doesn't win early. He can play with a high pad level, which limits his efficacy when anchoring against the run. His pass-rush win percentage will be one of the higher marks of the interior defensive line class thanks to a well- executed long arm, club-rip and bull rush (though his leg drive can die out quickly). He has long arms to bat down passes in throwing windows. He also has good lateral quickness for stunts as a crasher or looper. As a whole, he plays with a good motor for all four quarters.","Shows good strength and instinct to stack and shed blocks. Hands are strong and violent. Good lateral quickness for stunts. Has the length to play almost any defensive line spot. Long arms to get in passing lanes for PBUs. Hands are violent but out of control at times. Naturally high pad level. Must play more in control/balanced."
"128","Nolen was a five-star recruit and the No. 2 player in the 2022 class, according to 247Sports. He started his college career at Texas A&M as a rotational defensive lineman for two years before transferring to Ole Miss and becoming a consensus All- American in 2024. At 6-foot-3 and 295 pounds, Nolen has so much natural power. His upper body is incredibly strong, helping him throw off blockers or crash through double teams. Because of that, he is an impactful run defender. If Nolen doesn't win with his first step or speed-to-power bull rush, his efforts can stall. He also relies too much on power to fight through once blocked. His hand usage improved in 2024 but needs more precision and purpose. That would also help him not expose his chest as much to linemen. He got better in all those areas from 2023 to 2024, but more growth is needed. Nolen has long arms (67th percentile), giving him some positional versatility, but he will be best as a 3- technique in the NFL.","Incredibly strong, especially with momentum. Clear raw strength and explosiveness. Has the build to play defensive end and defensive tackle. Very strong tackler with a low missed tackle rate. Good effort to the whistle. Needs to be more purposeful, but looked less reckless in 2024. Lacks a go-to pass-rush move. Exposes his chest too easily."
"129","Norman-Lott was a spot starter in 2022 at Arizona State before transferring to Tennessee, where he featured in a deep defensive line rotation over the past two seasons. The Volunteers rotated their linemen constantly, causing Norman-Lott to record less than 500 snaps over the past two years. He has a strong first step that converts speed to power easily. His shorter stature gives him leverage out of three- and four-point stances. He has above- average arms for bull rushes and massive hands to strike with power at his punches. He wins primarily with athleticism and some surprising flexibility and agility, but his game lacks technique. Too often he approaches pass rushing with a hesitation move that lacks purpose. Yet, he recorded a high pass-rush win rate because of the violence and speed in his hands, as well as his burst. He is strong at around 300 pounds and can take on double teams decently well, but he will need better technique to do so in the NFL.","Explosive and powerful 3-technique. Natural four-point stance rusher with great leverage off snap. Impressive upper-body strength to bench press linemen back. Surprising flexibility and bend for an interior player. Massive hands and above-average arm length. Needs more of a pass-rush plan. Lower measurables in height and weight. Freelances too much as a run defender."
"130","Peebles, a three-star recruit, committed to Duke and was more of a spot starter and rotational player in four seasons with the Blue Devils. But at Virginia Tech in 2024, he was a starter and one of the top defensive linemen in college football. Peebles’ measurables won't do him any favors — sub-10th percentile in height, weight and arm length — but his film is better than that. He has a stocky build with a quick first step and purposeful hands off the line of scrimmage. He brings a good game plan at the snap, but if his first move doesn't hit, his effectiveness can stall. He is a high-effort player and always looks to get closer to the ball until the whistle. He has a solid bag of pass-rush moves, including a shoulder dip and spin move. He shows good instincts for the snap count and where the ball is going through play action or pre-snap motion. He struggles with power aspects, but if he can avoid those situations more often than not, he can be a solid pro.","Quickness is his calling card. Instinctive to dip his shoulder when cornering. Good eyes for where the ball is going. Effective hand placement and arm extension to maintain control. High-effort player. Low weight percentile shows up when taking on combo blocks. Struggles to shed blocks once linemen get hands on him. Can look a little off balance when going all out to match power."
"131","The word to describe Pegues is versatile. He was originally a four- star tight end coming out of Oxford, Mississippi and chose to play at Auburn over his hometown school, Ole Miss. After spending a year as a tight end with the Tigers, he made the move over to defense for his sophomore season. He then came back home to play for the Rebels for his final three years. Pegues isn't a versatile player only due to his ability to play on two sides of the ball, he's versatile because he played all along Ole Miss' defensive line. He has excellent agility at over 300 pounds which allows him to win on the interior or on the edge. Pegues is still learning how to play defense, which is evident by his slow reaction time on some runs. He also doesn't have great length or pad level right now. And hey, if a career at defensive tackle doesn't work out, he could always play fullback.","Elite quickness and change-of-direction ability. Versatile player who won both on the interior and on the edge. Pops offensive linemen on first contact. Was a weapon as a blocker and even as a ball-carrier. Can get too upright at times. Still reacting more than anticipating as processing speed lags. Doesn't have great length and didn’t test well."
"132","Phillips is a former three-star recruit from Ocoee, Florida, who was also a standout weightlifter and wrestler. He initially signed with Tennessee in the 2022 recruiting class but transferred to Maryland after redshirting, where he became a full-time starter for two seasons. He will be one of the youngest players in the class, having declared with multiple years of eligibility remaining. Phillips was ranked No. 51 on Bruce Feldman’s College Football Freaks list, boasting a 665-pound squat, 365-pound power clean and the ability to overhead press 365 pounds for two reps. That power translates to the field, where he is incredibly strong at holding the point of attack. He is below the 20th percentile in height, hand size and arm length. However, his strength and explosiveness compensate for those deficiencies. Even in his current form, he is already a pro-caliber run defender at nose tackle.","Low, loaded and wide pre-snap stance provides a strong base. Well-built frame with no obvious weaknesses in size or strength. Carries significant weight and power in his lower half. Lack of arm length makes it difficult to disengage from blockers. Lacks pass-rusher’s mentality, limiting his impact as a disruptor."
"133","He is built very well at 290 pounds with hand size and arm length in the 60th percentile for the defensive end position. He is a tad shorter, and that, plus his sub-34-inch reach, makes me believe playing more of an interior defensive end spot could be best for him in the NFL. He not only has experience but also successfully aligned anywhere from a 4i DE to a wide-7 OLB. He is explosive, especially when adjusting his speed with his size, but I wouldn't say he is twitchy. He uses a variety of pass-rush moves, but they don't always result in the cleanest wins. He also struggles to get off blocks once linemen get in front of him. His linear explosiveness off the line is good, but his later movements can look slow, and overall, he lacks the bend needed to win as a full- time edge.","Dense, powerful defensive lineman. Has experience and success at many spots on the DL. Explosive for his size. Can be slow to recognize/anticipate misdirection plays. Lateral stop-and-start can be stiff/slow. Lacks the bend to be considered a full-time edge defender."
"134","Sanders played defensive line and tight end in high school while also shining in basketball. He ultimately pursued football and committed to South Carolina. He was a rotational player in 2022 before starting in 2023 and 2024. The 6-foot-3 ½, 290-pound interior defender wins with a quick first step and a knack for shooting gaps. He crosses up linemen with unique lateral quickness and has longer arms, well above the 50th percentile for the position, to help him bat passes. His PFF pass-rush grades are high, but his true win rate is low because he often generated pressure with his first step and long arms but lacked the strength and precise hands to win cleanly. Sanders has a variety of pass- rush moves, but his hand placement is inconsistent. He can hold the line in two-gap situations but, for the most part, is pushed off the ball by NFL-level strength. He is an unreliable tackler, too often diving at ankles. His motor runs hot, especially on key downs.","Quick hands to engage and get off blocks. Plus arm length for the interior. Explosive first step laterally and linearly. Has some twitch for 290-pounder. Long arms for pass breakups. Gives up leverage quickly post-snap. Can get overzealous to shoot a gap in run defense. Does not hold up well against doubles."
"135","Smith committed to Alabama over Florida, Miami, Clemson and others. He was a depth defensive lineman as a true freshman but worked his way up and started 13 games in 2024. At just over 6- foot-4 and 311 pounds, Smith brings ideal size for the NFL. His arm length is also right around the 50th percentile. Pass rushing won't be Smith’s strong suit in the league. His pass-rush win rate was never above 8.0% in a season, and he lacks the requisite first-step explosiveness. That also limits his speed-to-power conversion on bull rushes. He is reliable as a run defender with decently high marks in that facet over his final two seasons, but his lack of pop at contact shows up there, as well. He has good grip strength to stack and shed versus the run, showcasing that best against Michigan in the ReliaQuest Bowl to end the 2024 season.","Well-built interior defender. Low pad level in his preferred four-point stance. Big, strong hands that consistently hit aiming points. Played everything from 0-technique to 4i defensive end. Plays off balance/on the ground too much. Middling first-step explosiveness. Strength is decent but not difference-making."
"136","Tafuna, a former high school linebacker, bulked up from 225 pounds in his recruiting days to more than 300 pounds now as a defensive tackle. He recorded 45 starts at the position over the past four years at Utah. His linebacker background gives him unique quickness, laterally and up the field. He can shoot gaps and catch offensive linemen off guard by how quickly he gets across their faces. Tafuna also shows active hands to stay clean throughout a rep, which is important because his strength and speed often die out after those first few steps. His linebacker history provides him with good pursuit speed, tackling fundamentals and a strong feel for where the ball is going. However, he still lacks the overall build for an NFL defensive tackle. It is a challenge for him to hold up against double teams and just play with the anchor often required to be a full-time defensive tackle. His effort is consistently high, though, which should help him stick on a roster.","Unique first-step quickness for an interior defender. Good lateral movements to get across the face of blockers. Hands are up and active to keep his chest clean. Quick reaction time to cut blocks and swing passes. Good pursuit speed. Doesn't have the best build for a defensive tackle in the NFL. Power dies out quickly if he doesn't shoot a gap cleanly."
"137","Turner was a four-star recruit in the 2021 class. He played in eight games as a true freshman at Texas A&M in 2021 before starting in his last three college seasons. He is listed at 6-foot-4 and 300 pounds but appears to be on the smaller side for an NFL defensive lineman, specifically in arm length. What Turner lacks in length he makes up for in hand usage and effort. His hands are active and fast to swipe and chop off the snap, helping him stay clean or fight through with counters to disengage. His consistent leverage allows him to hold the line of scrimmage well in run defense, and his active, strong hands give him the upper hand to stack and shed when the ball carrier arrives. He likes to use a swim/arm-over move to shoot gaps, but his arm length can stop him from winning cleanly. Turner can also struggle to hold his own against double teams, making it tough to say he will be truly versatile in the NFL despite his experience at 0-1-technique nose tackle.","High-motor player. Fast, active hands. Good instincts for where the ball is going. Lower weight profile so he gets pushed around vs. doubles. Seems to have shorter arms than his frame indicates."
"138","Walker’s measurables land in the 90th percentile or above in height, weight, hand size and arm length. His sheer mass makes him a daunting assignment for an interior offensive lineman, and he has some unique quickness at his size. His build also gives him versatility for odd and even fronts. He has quick hands and a nice club-arm over off the snap as a go-to, but overall, he needs more precision in his pass-rush moves. He tips the scale, but his weight distribution is to his disadvantage. He carries a good amount of his weight in his midsection, and his calves/ankles are narrow. This, along with him tending to pop up right out of his stance, makes him easier to move, especially when being pushed laterally. He gives good effort for a big man and loves to get his long arms up for PBUs.","Very quick first step for a player of his size. Possesses a baseline for a variety of pass-rush moves. Has the length to play 3-4 DE. Hand usage is quick despite also very long length. Good natural power in his upper body. Not a lot of weight in his lower half despite weighing 340 pounds. High-waisted so tougher for him to sit in his stance. Pops up quickly out of his stance."
"139","West is on the smaller side for an NFL defensive tackle (length- wise) at just over 6-foot-1 with 31 1/2-inch arms, both ranking below the 10th percentile. But you don't have to worry about mass, as he plays around 315 pounds, which is more than adequate for the position. He has a quick first step and a high- energy style that makes him tough to stay in front of in pass-rush situations. He can stop, start and explode in linear movements upfield and lateral movements when shuffling along the line. His active hands help him hit moves and get clean. He can also slice through gaps like butter, usually combining his first step with a swim/arm-over move. He has impressive strength to two-gap when needed. For a player who should always win the leverage battle, West gives up his leverage superiority too often. His shorter arms also impact his ability to wrap up and make plays in the backfield. His motor runs hot, so effort should not be a question.","High-energy play style makes it tough to keep him blocked. Good first-step explosiveness to set up vs. run and pass. Explosive in linear and lateral movements. Quick, strong, active hands. Can knife through a gap like butter. Could use more violence in his club move. Gives up leverage quicker than you want for a smaller DT. Shorter arms for an NFL DT."
"140","Williams is a former four-star defensive tackle recruit from Manassas, VA. He didn’t play his senior year of high school after Virginia canceled the season due to COVID-19, and by his own admission, he let himself go. When he enrolled at Ohio State, he weighed 360 pounds, but after reshaping his body to a more controlled 325-330 pounds, he became a much more consistent player. Williams was a rotational player in 2021 and 2022 before becoming a full-time starter in 2023 and 2024. His calling card is his power. He plays with a compact, explosive stance that allows him to fire off the ball and convert speed to power. He has the frame to play both interior spots (nose and 3-tech), but his skill set is best suited for a run-stuffing nose tackle role. However, he lacks a well-developed pass-rush arsenal. His career pass-rush win rate has remained below 10.0%, and he doesn’t showcase many finesse moves. If he doesn’t win with his first step, his rushes tend to stall out.","Compact, powerful stance pre-snap for a strong base. Versatile frame to play both nose tackle and 3-technique. Explosive first step to shoot gaps and generate power. Vastly improved hand speed, precision, and purpose in 2024. Effective corkscrew technique to hold up against double teams. Tends to pop up too quickly, causing him to lose leverage. Struggles to hold ground against combo blocks. Needs to develop a deeper arsenal of pass-rush moves."
"141","Baron is a former 4-star defensive end recruit from Knoxville, Tennessee. He first attended The Ensworth School in Nashville, Tennessee, before transferring to Knoxville Catholic High School back in Knoxville. He then committed to stay close to home at UT, playing as a spot starter for his first three seasons until becoming a regular starter in 2023. He then chose to transfer to Miami for his final year in 2024. Overall his game seems to lack some strength and violence to take his all-around ability to an impactful level. His speed-to-power conversion is middling and stalls out too quickly, even against tight ends. His missed tackle percentage shot up in 2024, and there just seems to be a lack of density and power when he's hitting.","NFL caliber frame in both height and weight. Good natural athlete with balance, strength and speed. Consistent leg drive for bull rushes and getting off blocks. Decent agility to cross face of blockers. Too many snaps he has a false start or doesn't fire off his front foot. Pass rush moves lack precision and purpose right now. Needs to develop more counters to get off blocks quicker."
"142","His 6-foot-5, 290-pound measurables give him true scheme versatility, which he shows in his tape, aligning anywhere from a 3-technique defensive tackle to a 7-technique outside linebacker. After re-shaping his body in the summer of 2024, he currently has his best combination of size, speed and strength (which has been a journey to find the sweet spot throughout his career). He has always been a very good weight-adjusted athlete and continues to be, winning with a nice first step and good leg drive as a pass- rusher. Right now, his game lacks a consistent approach for a pass rush plan — the ball will be snapped before he'll fire off the line and not know which move he'll throw (too often not throwing one). Though he has a strong first step, he lacks the bend and flexibility to be a constant threat to the outside shoulder. He is improving as a passer-rusher, though, as 2024 was by far his most effective year in that category. He is a decent run defender but could stand to have a high floor.","Great measurables for the edge position. Scheme versatile defender who can play multiple positions. Frame is well filled out for all that height and weight. Very nice first-step explosiveness for his size. Extremely low missed tackle percentage. Needs more of a pass rush plan before the ball is snapped. Hands lack purpose. Lacks the bend to truly threaten the outside shoulder with speed."
"143","At 6-foot-3 and 255 pounds, it is hard not to see another former No.11 from Penn State (Micah Parsons) in his play. Carter is incredibly explosive in his movements and has some of the best bend, not just in this class but in the NFL. He has a very explosive and violent rip move. His speed-to-power conversion allows him to be a decently high-floor run defender, though he might struggle there early on as he acclimates to NFL size and strength. He does have shorter arms for an edge rusher. This impacts his ability to stack and shed, fully disengage from blocks, get his hands up in passing lanes and wrap up QBs. His pass-rush bag, as expected, is a work in progress, as 2024 was his first year as a full-time edge rusher. His hand usage and effectiveness only improved as the year went on. He has the build of an OLB pass- rusher, but if his weight is right, he could succeed as a 4-3 edge as well.","Rare athlete for the position — Tier 1 NFL speed. Natural explosiveness and bend are both elite. Willingness to play physical despite lighter weight. Pass rushes like a basketball guard — cross over style. Good speed-to-power conversion for a player of his size. Has a small false step. Arms will likely be on the shorter side. Can lead with the shoulder too often when taking on puller."
"144","Ezeiruaku is smaller for an NFL edge rusher at just over 6-foot-2 and around 240 pounds. Without an elite first step, he fails to converge speed-to-power to really boast a strong bull rush or long arm. He also isn't very dense when trying to hold the point of attack in traditional run defense assignments. His first step might not be the most explosive, but it is quick and smooth into his top speed. He also has some very impressive bend to execute dip-rip moves as well as cross chop moves with precision and effectiveness. His hand usage is fast and precise to stay clean, and he consistently maximizes leverage with good pad level and long arms. He is a high IQ player with great eyes for the ball. He is also very sound as a tackler with a low missed tackle percentage. He might not be able to hold the point of attack great when square to the line of scrimmage, but when given the freedom to defend the run by attacking, he has graded very well defending the run.","First step is both explosive and smooth. His arm length can be an advantage and uses it consistently. Maximizes leverage to make up for lack of weight. Good eyes and anticipation for the ball. Very sound tackler with a very low missed tackle percentage. Tough for him to take on pullers and lead blockers. Pursuit speed and explosiveness are average-to-below average. Does not convert speed-to-power in an imposing manner."
"145","He is small at just over 6-foot-2, but he is strong as an ox at 265 pounds — he weighed 220 pounds as a recruit. He carries a lot of his mass in his quads, hamstrings and glutes, which manifests into a very strong leg drive when bull rushing and anchoring versus the run. He has a physical play style — every time the ball is snapped, he looks to make contact. He likes a long arm move to get blockers on their heels, but his lack of arm length (well below average) limits how effective it is past initial contact. His hands are fast and violent, but the lack of length makes it tough for him to get off blocks, even with his relentlessness. Pound-for- pound, he is an impressive run defender and can even slide into play 3-technique or 4i defensive tackle. His pass-rush win percentage and pressure numbers are high, but he doesn't turn those into sacks at a high rate.","Good weight in lower half for strong leg drive. Lacks height but consistently wins leverage battle. Good first-step explosiveness with no false steps. Has a physical mentality needed for trench play. Hands are violent when he throws any sort of chop or swipe. Likes to push his blockers but needs to get off blocks quicker. Hands are fast but not precise. Arm length will be below the threshold for some teams."
"146","Listed at 6-foot-4, 248 pounds, he has a nice first step and some twitchy change of direction suddenness. Green’s hand usage and pass-rush moves aren't mastered yet, but there is a lot of potential in the speed and violence with which he attempts his moves. He is also constantly working to get free if his initial move doesn't work. He has a nice cross chop move he likes to go to, and he has a few snaps where his spin move is devastating. He needs to make sure he is launching off his front foot with no false step to improve his first-step effectiveness even more. He is also a stout run defender at sub-250 pounds to project as a full-time edge defender. His hands, which fast, can be a bit reckless with plenty of reps where he is hitting and grabbing the face of his blocker, and he needs to keep his eyes up to make sure he sees what he hits — since he's not shy for physical play.","Adequate length for the position at the NFL level (long arms). Well built and balanced. Explosive first step to threaten OT's balance and quickness. Good lateral quickness to shoot gaps inside. Always working to get clean, even if he hasn't mastered how yet. Launching off his back foot could help when attacking outside. Needs to keep his eyes up consistently when making contact. Hands can be high and get up into the facemask of blockers."
"147","Despite lacking ideal height and length, Hassanein is well built and plays stronger than his listed size would suggest, largely due to his excellent leverage and pad level. He lacks the first-step quickness needed to penetrate gaps or win the edge, but he can defeat blockers quickly with heavy and quick hands. He plays with a relentless motor and will give maximum effort on every down, allowing him to be an effective clean-up player in pursuit. While he is very adept at defeating blocks at the line of scrimmage, Hassanein doesn't finish as many plays as he should because he tends to lunge at the ball carrier instead of staying on his feet to drive through and wrap up his target. His lack of length is a concern against bigger NFL linemen, and he was too easily displaced when trying to slant into gaps as opposed to engaging blockers head-up.","Wins at line of scrimmage with pad level and hand usage. Stays square to line of scrimmage and in position. Works hard to shed blocks and win gaps. 27 bench reps at combine translates to field. High-motor guy, plays through whistle and chases plays down. Doesn’t have ideal NFL length. Gets washed out too easily when not engaging his blocker. Needs a better assortment of pass-rush moves."
"148","At just under 6-foot-6 and 270 pounds, he has the size to play in odd and even fronts on the defensive line. One of his go-to moves is a cross chop that he finishes with a rip move. He also likes to use a long arm move to get linemen on their heels, and he can also hit a two-hand swipe cleanly. He has a large tackling radius and a low missed tackle percentage over the last two seasons. He is sound defending the run — wins with leverage, gets his hands inside and arms fully extended and keeps his shoulders square with his eyes on the ball to read at the right time. He has some snaps where he shows off more flexibility and bend than expected for his regular game and size — though overall, he does lack some agility to be a top-tier pass-rusher. His first-step explosiveness is decent but is more build-up than twitched-up. As much as he is a hard worker, he is also smart. He has a good understanding of where the ball is going and when it is being snapped.","Height, weight and length above 90th percentile for edge. Adequate strength to hold the line and take on pulling blockers. Surprising flexibility (at times) for his size. Maintains good leverage despite taller frame. Long arms make for an extensive tackling radius. Injury history that includes two ACL injuries. Larger frame limits twitch/change of direction. First step is decent, but his speed is more build up."
"149","Kennard’s arm length looks like a plus, even beyond his 6-foot-5 height. He has a good understanding of pass-rush plans. He has a good variety of pass-rush moves that involve crossing face, single-arm chops and rips, push-pull moves as well as outside attacks, too. As a run defender, he is aggressive in shooting gaps and getting to landmarks when slanting or versus zone, but his leaner frame does give him trouble to really hold the point of attack. His fundamentals show a great baseline. He rarely has any false steps out of his stance, consistently launching off the front foot. His hands are always active to stay clean, and he is a reliable tackler. When he rushes from a two-point stance, he can lose the leverage battle pretty easily. The only thing really holding him back from a very high grade is that his athleticism and flexibility are good but not elite.","Explosive first step — good speed-to-power rusher. Zero wasted steps in his rush up the arc. Very fast hands make him tough to stay in front of. Looks to have plus arm length for the position. Good bag of initial pass rush moves. Naturally rushes high from a two-point stance. Needs to develop more counters when the first move fails. Lean frame."
"150","Oladejo was a three-star prospect who played his first two college seasons at Cal in an off-ball linebacker role. He improved his PFF defensive grade each year in college, from 54.8 in 2021 to 56.4 in 2022 to 70.9 in 2023 to 73.8 in 2024. After two seasons with the Golden Bears, Oladejo transferred to UCLA. It wasn’t until two games into his senior season with the Bruins that he played the majority of his snaps in an edge role, so he lacks experience and a fully formed pass-rush repertoire. Oladejo impressed at Senior Bowl practices by winning the majority of his pass-rush one-on- one reps. He is an inexperienced pass-rusher that teams will want to take a chance on due to his athleticism and 33 3/8-inch arms.","Wins with athleticism and quickness as a run defender. Plays with effort to the whistle. Long arms keep blockers at a distance. Positional versatility and can play off-ball LB or on the edge. Overeager when tracking the ball carrier and gets out of his gap. Still inexperienced at the edge position with only 10 starts. Not a fully polished pass-rusher yet."
"151","Pearce has one of the quickest first steps you'll see of any rusher in this class and others. His feet fire fast, as do his hands. He can knock away offensive linemen's punches and has incredibly quick club, swipe and rip moves to get around the outside shoulder. He is not only very twitchy in his movements but also flexible, as he can get down in a 3/4-point stance and fire off the ball with leverage, though he does look more natural as a 2-point standout outside linebacker. As a run defender, he can get handled one-on-one against tackles and tight ends, but he does have some good speed-to-power pop versus the run. Though his pass-rush grade and win percentages are both already very high, he could have a true pass-rush plan more consistently. He could also more consistently launch off his front foot. His snap count is lower than most of his peers due to Tennessee's hockey-like defensive line lines that they would rotate throughout games.","Very twitchy player with an explosive first step. Decent speed-to-power punch given his low weight. Good anticipation for snap count/appropriate pre-snap shifts. Knows how to attack the half-man consistently. Excellent pursuit speed to the ball carrier. Light weight makes it easier to lock him up/get him to the ground. Not much flexibility to play him anywhere inside 5-tech. Need more of a true pass-rush plan more often."
"152","His shorter stature (6-foot-2, 240 pounds) does impact how well he can get off blocks and hold the line in run defense, but it also makes him a quick and explosive player. His speed and strength shine brightest when in a standup 3-4 OLB alignment where he can angle himself toward the pocket. His hand speed and precision are easy to love — his swipes, club and rip moves are very fast and allow him to stay clean up the arc when attacking the outside shoulder. In run defense, his initial first step gives him a good pop at contact thanks to speed-to-power conversion, but his leg drive quickly dies out after that. He also lacks the consistent leverage to be surprisingly strong and durable in true run defense assignments. His pass-rush bag is pretty deep headed into the NFL, led by a strong and effective spin move.","More compact frame does give him some good power/burst. Powerful spin move that he uses at the right times. Hand usage is generally precise and effective with leverage. Very fast hands for swipes, clubs and rips to stay clean. Shorter strides limit how much ground he covers. Lower percentile arm length does show up against NFL-level OTs. Lack of arm length limits pass-rush moves."
"153","Robinson, after playing mainly behind Will Anderson Jr., Chris Braswell and Dallas Turner in a talented edge room, got his chance to start at Alabama as a redshirt senior in 2024. He played in just nine games, missing the rest due to an elbow injury, and recorded only 341 snaps over the past two years. At 6-foot-4 with 33 1/2-inch arms, he brings adequate NFL height and length to the edge. His weight (around 243 pounds) is lighter than ideal, but he plays strong. His first-step explosiveness was the catalyst for a 19.0% pass-rush win rate over the past two seasons. That speed rush can be even better if he becomes comfortable firing off his front foot instead of his back foot in his stance. Robinson’s game lacks diversity. He has a strong long-arm move, but he doesn't have much of a pass-rush plan aside from winning with speed and length. His lateral quickness is effective, but his bend is a bit stiff for being just a speed rusher.","Ideal height and length for the NFL. Length gives him an advantage with stack and shed. Most comfortable rushing from a two-point stance. Very good first-step burst. Pound-for-pound a strong player. Lack of weight/leverage shows up in negative run-defense plays. Lacks top-level flexibility/bend. Still raw in overall anticipation and pass-rush moves/timing."
"154","Rucker brings a stronger bull rush than you'd expect for a player who is under 6-foot-2, though he weighs around 255 pounds. He is a fundamentally sound player with precise hands, square shoulders to the LOS and good eyes into the backfield. His pass- rush plan feels well thought out and with purpose. He is also a natural mover, so teams can feel comfortable spot-dropping him into zone coverage every now and then. His pass-rush scores were high, including a 93rd-percentile win percentage, though his sack production was low throughout his career. He also seems like a guy who just loves football — he talked about how happy he was to just put on his uniform again to play on nine snaps the first game back from injury. He is also a reliable tackler with a low missed tackle percentage.","Active hands are always trying to keep him clean. Packs a punch at contact due to his frame and natural leverage. Has decent burst and bend on passing downs. Sound tackler with good tackling technique. Natural movement skills as a drop zone defender. Short strides don't cover a ton of ground in pursuit. Change of direction is a bit stiff/doesn't cover a lot of ground. Unsure he has the frame to be more than a pass rush specialist."
"155","He has high grades defending the run and rushing the passer over the last two seasons, and he has a 6-foot-5, 265-pound frame to project a high floor at the NFL level. He has a strong first step that is consistently clean off his front foot with no false steps as a pass-rusher. He also has good speed-to-power conversion and bases most of his pass rush success around a bull rush. He has a developing spin move and two-handed swipe but is still working on hitting them cleanly. He has good length, strength and hand technique to consistently stack and shed on his terms and quickly. He also has long arms and a good feel for when the ball is coming out to get his hands up for PBUs. He is also a good enough athlete to spot-drop into coverage a handful of times per game. He is a consistent competitor with a good motor.","Good eyes, timing and strength to stack and shed against run. First step is consistently from the front foot in his stance. Fundamentally sound player who is rarely out of position. Good feel for when and where passes are going to get PBUs. Athletic enough to spot-drop from an edge spot in coverage. Needs a deeper pass rush bag beyond power moves. Not a bendy pass-rusher on the outside. Arms are average to below average."
"156","He's listed at 6-foot-4, 280 pounds. That size profile gives him the ability to line up anywhere from a 4i DE to a 7-tech OLB. He has a strong upper body but plays with high pad leverage when aligned as an OLB — naturally better from three-point stance. At Purdue, he showed a wide variety of pass-rush moves, both in power and finesse. He also has a really nice spin move that he goes to when tackles over set to the outside. In 2024, we didn't see all those moves as much or as effectively, but they are still there. His hand work is fast but felt more ineffective this season when it came to staying clean and truly winning a rep. He also seems to lack the flexibility to really turn the corner at a high level, which is understandable given his size. His frame gives him a good ability to anchor versus the run, though he would rather defend the run by attacking the backfield. His arm length appears to be below average for the NFL, which shows up in some difficulty getting off blocks when OL get hands on him.","Carries 280 pounds very well for an edge who can be OLB or DE. Experience playing both right and left side of the line. Many pass-rush moves already feel like second nature. Has a natural instinct to swipe his hands and stay clean. Comfortable shallow zone dropping from OLB spot. Isn't as violent defending the run as he could be. Loads/launches off his back foot. Plays with high pad level."
"157","Stewart is smaller for full-time edge work in the NFL, listed at 6- foot-1 and 242 pounds. However, he packs a punch at contact with good leverage despite those deficiencies. He is explosive and consistently launches off the front foot to give himself the best chance to beat blockers to the outside. His hands are fast, but they can be purposeless at times. Right now, he primarily wins due to a great first step with good leverage and high effort. He doesn't have a lot of pass-rush moves. On the line of scrimmage, he can get handled one-on-one in the run game, but then there are other reps where he'll give you a surprising win versus a player much bigger than him. He is strong as a tackler, though his tackle radius is smaller. He honestly feels like a player who might be more of an off-ball linebacker than an edge rusher when it comes to an NFL projection.","Not afraid to be physical despite smaller stature. All-around explosive athlete. Can attack both shoulders when aligned wide. Better than expected run defender via leverage and effort. Lack of stride length impact pursuit. Can be handled, strength-wise, one on one against TEs. Still working on hand precision with rush moves."
"158","Standing at 6-foot-6, 285 pounds with good length in his arms and explosiveness out of his stance, those long arms give Stewart an advantage to keep offensive tackles on their heels when he's driving with his legs, but his aiming points with his hands remain high, wide and overall inconsistent. He hasn’t mastered many pass-rush moves and wins mainly off athletic ability right now. When he fires off his front foot in his stance, he can really give offensive tackles trouble to protect their outside shoulder — but he consistently launches off his back foot, which helps them match his speed. He also lets blockers get their hands on him first too often. His anticipation improved in 2024, but he remains a player who often has to see it to react to it. His speed-to-power, specifically from a 3- and 4-point stances is imposing and can really move linemen multiple steps back. He also takes that strong approach to anchoring against the run.","Imposing size, even for NFL standards. Top-tier explosiveness at his size. Speed to power can be dominant. Violent hands to disengage. Willing and able to hold the POA against the run. Lets OTs get hands on him first. Pass-rush plans need refinement and more finesse. Hand placement can be wide and off target."
"159","Swinson’s hands are fantastic, whether that be placement and power when stacking or how active and quick they are to stay clean and hit pass-rush moves. He has a good array of pass-rush moves, such as a cross chop, two-hand swipe, and a quick arm- over swim move. His pass-rush win percentage has been exceptionally high for three straight seasons. When engaging to hold the point of attack, his posture can be a bit over his toes and hunched. He also has a bad habit of dropping his eyes. This can cause some balance issues and delays how quickly he can shed blockers after stacking them. Overall, he has very fluid movement skills in both the linear and lateral categories. His movements allow teams to place him in spot-drop zone coverage situations, but his feel and anticipation in coverage need work. He also tends to over pursue misdirection plays in the backfield.","Good burst both laterally and linear. Decent speed and bend around the arc. Natural movement skills to drop back into shallow zones. Active hands to hit moves and stay clean when pass rushing. High pass-rush win percentage each of the last three seasons. Hand placement when stacking is good, but slower to shed. Posture is a bit hunched over with weight more on his toes. Has some false/unnecessary steps off the snap."
"160","At 6-foot-4, 270 pounds, he presents good measurables for edge play at the NFL level -- though his arm length does appear to be average or below average. He has a powerful first step and likes to play through contact. He has the flexibility to get low and often makes contact with favorable leverage. He has consistent hand placement for stack and shed in the run game and some fast swipes to stay clean when pass-rushing. He does lack some flexibility to corner and can struggle against offensive tackles with longer arms. His anticipation can be a tick slow at times, but he did play faster and less hesitant in 2024.","Powerful first step with few, if any, false steps. Can get low and powerful in pre-snap stance. Strong leg drive that moves OL beyond first contact. Consistent hand placement with good leverage. Fearless to crash down against pulling linemen. Ability to corner is limited due to lack of speed and bend. Anticipation can be a tick slow at times. Can struggle against OTs with long arms."
"161","At just over 6-foot-3 and around 255 pounds, Umanmielen wins with a very impressive first step with some top-tier flexibility and bend. This lends itself to a dip and rip around the outside shoulder and an inside spin move to switch it up — he does both at NFL level. He also has the ability to cross the face of offensive linemen with a nice hesitation move. The rest of his game, however, is a bit erratic. His footwork could be cleaned up. His hands can be fast, but he doesn't use them in a timely manner to keep himself clean when he isn't executing one of his top two moves. He also stays blocked too long. He can be off balance and plays on the ground a bit too much. Though his run-defense grade is strong, that is more from a penetration aspect than an anchoring one.","Twitchy player with good at changing directions. Naturally and effectively gets across the face of OL. Longer arms than his height indicates. Has the movement skills to spot drop in coverage. Posses the speed to catch RBs from the backside. Footwork could be cleaned up. Needs to be more consistent snap-to-snap. Crashing stunt plays lack speed-to-power push at contact."
"162","He's small at just 6-foot-1, but his basketball background shows up in his style of setting up blockers. His quick and controlled movements enable him to cross up blockers. This familiar movement also makes him confident as a stunt player — crashing and looping. He is able to mitigate some of his length deficiencies with active hands and a second-nature rip move that he adds to basically every pass-rush move he has. His first step is decent and forced blockers at his level of competition to be quick to set up (or he makes them pay). He also does a nice job of consistently attacking the half-man instead of taking on bigger and longer offensive tackle. When he does go to a bull rush, his lack of height enables him to win the leverage battle consistently for a good pop at contact. Though smaller in size and most experienced in a stand-up pass rush position, there likely isn't much versatility for him to play off-ball linebacker in a large role.","Shorter stature gives him leverage for power against OTs. Well-filled out frame top to bottom. Quick and explosive in short areas to cross up blockers. Understands how and why to attack the half man. Good first step to dictate reps and force quick decisions by OTs. Shorter legs make for shorter strides up the arc. Easily pushed aside when OL can square him up. Well below average arm length for the NFL."
"163","In his first year at Georgia, he was a reserve LB and special teams player. In his second year, he played some as an inside linebacker, but he had never played inside linebacker. In 2024, he was a roaming box defender. He played anything from inside linebacker to edge, and he lined up in any gap because his explosiveness, strength and body density made him a versatile player. That versatility had its pros — tons of snap experience attacking the line of scrimmage from all angles. However, it has also clouded his scouting profile — anticipation, instincts and technique all show signs of a tweener player who hasn't mastered one position label. His natural athletic and physical gifts lend themselves to pass rush and edge play in the NFL, but his measurables don’t stack up to most NFL edge defenders. As an off-ball linebacker, he is explosive in pursuit but has some lateral stiffness that makes different drop coverages more of a challenge. He spends most of his time standing up as a 3-4 OLB.","Natural pass-rusher off the edge. Adequate size to play ILB/OLB in the NFL. Explosive first step in all directions. Powerful upper body to stack blockers at contact punch. Long arms for a 6-foot-2 frame. Does not have a lot of experience/success in coverage. Currently lacks the lateral quickness needed for off-ball LB work. Instincts and anticipation are still a work in progress."
"164","At 6-foot-5, 265 pounds, Williams is an excellent run defender who is as strong as an ox but also possesses good speed-to- power conversion —- even after just his first step. That first step is also on the better side of average for the NFL level. Though he is still mastering pass-rush moves, he has one of the nastiest and most violent club moves and can combine that with an arm- over/swim or rip move that is tough for anyone to handle. His long-arm move also has a ton of potential. He does need to improve his precision and purpose with his hands to get clean — low pass-rush win percentage in his career. He also needs to develop more counters to quickly and cleanly get off blocks if the first move doesn't work. As for his competitive toughness, his motor runs hot at all times, and he is in no way shy when engaging in contact, no matter the assignment.","Great build — weight and length are NFL-caliber. Good understanding of the advantages of his arm length. First-step is explosive and can cover a ton of ground. A violent and fast arm-over/swim move when attacking inside. Strong, reliable run defender who can stack blocks/anchor well. Consistently one of the last linemen out of his stance. Hands are active but could be more purposeful and precise. Must develop more counters."
"165","Bassa was a full-time starter in 2023 and 2024 at Oregon. As a former safety, he is a smooth mover at the second level. He has good pursuit speed to the sideline, and as he is pursuing ball carriers, he is always conscious to square his shoulders and remain sound in his tackling technique. Bassa also plays with an attitude; his competitive toughness will never be in question. He is a constant communicator in the middle of the defense. His top speed is better than his twitch in terms of stop-and-start ability and first-step explosiveness. His smaller size does make it more difficult to get off blocks, but he often makes it so blockers can't line him up. For NFL defenses that don't mind a smaller coverage linebacker, Bassa is a very intriguing player, especially if he can improve his anticipation even more to make up for the lack of twitch.","Good athlete who is assigned slot coverage duties versus TEs. Fast to the sideline, but keeps shoulders square when tackling. Plays with an attitude (in a good way). Constant communicator. Advanced feel/ability in coverage with safety background. Slender build could get picked on by pulling linemen. Doesn’t have top-tier twitch when changing direction."
"166","Campbell has major height and length advantages for the position. His height allows him to scan the trenches and backfield, while his long arms can get into passing lanes for PBUs, knock passes away at the catch point, stay clean and hit pass-rush moves when blitzing and punch the ball out across the body when tackling. Speaking of, those long arms have also yielded very low missed tackle numbers over the last two years. He lacks some true off-ball linebacker instincts and anticipation, but that makes sense given he's only played the position full-time for two seasons. His linear and lateral movements are excellent. This gives him some eye-popping coverage reps in man and zone. Though his listed weight is right around the 50th percentile for the position, there are times when you'd like for him to play with more power. He can also lack some violence to his game, but that feels more due to being patient and controlled rather than a lack of ability to convert speed into power.","Ideal size and length for an off-ball backer at the NFL level. Long strides make pursuit a breeze. Viable speed-rush option as a pass-rushing OLB. Long arms for batted passes and pass breakups. Low missed tackle percentage. Anticipation is still a tick slow for where the ball is going. Still developing that ""feel"" in coverage. Could play with a bit more urgency/at a higher speed."
"167","Carter was one of three linebackers in the Power Five that year to earn 75.0-plus grades as a run defender, pass-rusher and in coverage. While his grades dipped in the following two seasons (70.6 in 2023 and 68.0 in 2024), there are still plenty of reasons to like him in this linebacker class. He's a versatile defender with the ability to succeed in coverage from any alignment, thanks to his range. Carter's biggest issues are his lack of physicality as an undersized linebacker at 6 feet, 231 pounds.","Good instincts in zone coverage. Has the range and athleticism to succeed in coverage. Diagnoses plays quickly and gets in positions to make plays. A violent and fast arm-over/swim move when attacking inside. Has been an impactful pass rusher over last three seasons. Undersized player. Has issues stacking and shedding blocks. Tackling issues need to be addressed."
"168","Though he will be one of the older prospects in the class, Knight is close to a finished product. He brings adequate size for linebacker play in the NFL at 6-foot-2 and 245 pounds. He frequently aligns in the middle of South Carolina's defense and has good size to take on pulling linemen and finish tackles (low missed tackle percentage). He is also a fast processor and always seems to be one of the first to take a step in the right direction. His movement skills are very good and appear NFL- caliber. He can flip his hips with natural movements as a ball carrier from his days on offense, and his first step, as well as his top speed, are well above average. These movement skills yielded high coverage scores this past season. He is also a highly competitive player whose motor and toughness will never be in question. His all-out playstyle does come with overaggressive pursuit angles at times.","Adequate size for off-ball LB work. Strong tackler with a low missed tackle percentages. Fast processor. Explosive first step, great top speed and a natural lateral mover. Fast hands give him some pass rush potential as a blitzer. All-out play style yields overaggressive angles to the ball. Will be one of the oldest prospects in the class."
"169","The Georgia native saved his best for last as a senior with a career-best 72.4 PFF grade. As his recruiting profile would suggest, Mondon is a gifted athlete with top-notch explosiveness and good speed for the position. He combines that with excellent tackling technique that makes him a dangerous player downhill. That burst and technique are needed because he's not the strongest player right now. Mondon's ability to diagnose plays is still a work in progress as well.","Elite explosiveness. Good speed means he has no issues sticking with tight ends. Fantastic tackler — 98th percentile since 2023. Below-average size for the position. Processing speed lags behind right now. Concerning injury history missing four games in 2024."
"170","Paul’s 87.2 PFF grade ranked seventh among all FBS linebackers, and he was one of three who posted 78.0-plus grades in run-defense, coverage and as a pass-rusher. He's a fluid and explosive player who rarely misses tackles. Paul's biggest issues are his lack of length and strength, which show up most when he's taking on blocks. He projects as an impact special-teamer while he adds weight to his frame.","Fluid athlete allowing him to make plays sideline-to-sideline. Outstanding tackler missing only 6.2% of attempts since 2023. Weapon as a blitzer, explosive downhill. Excellent communicator pre-and-post snap. Very undersized. His lack of size shows up when attempting to shed blocks. Not as good in tight spaces as he is in open field."
"171","Schwesinger is light for NFL standards at 6-foot-2 and 225 pounds (242 at combine). However, he plays like he weighs 240. He gives defenses everything he has on every snap but doesn't do so recklessly — his motor runs hot, but his discipline and fundamentals remain. Despite only one year as a starter, he shows elite processing speed and understanding of the game. His pursuit speed is adequate for the NFL level, and his vision to the ball carrier is top tier. His quickness, combined with his processing, is where he shines. Because of how controlled and agile he is, there is not a lot of separation created against him when using misdirection and play-action. This also aids him in his pass-rush reps. His lack of mass does show up when taking on pulling OL, and he can get blocked up against tight ends one-on- one. However, he does not shy away from the physical requirements of playing the position, even in those situations.","Pursuit speed and vision are NFL-caliber. Controlled footwork to not bite versus misdirection/play action. Consistently has his shoulders square to the ball/defenders. Is not shy for physical play despite lower weight profile. Consistent wrap-up effort and discipline. Lighter weight gets him in trouble against pullers/climbing OL. Lacks density, so he needs to wrap up to bring players down."
"172","Simon is a traditional inside linebacker who is most comfortable between the tackles. His run fits are sound, and he generally is where he has to be to impact the game. He has high coverage grades from defending running backs in the flat, but his coverage grade drops significantly when asked to perform more difficult coverage responsibilities. He is a smaller linebacker in terms of weight, which shows up when taking on blocks. He also appears to have shorter arms than average, which affects how well he gets off blocks and wraps up ball carriers. He could stand to play with more violence at contact, but he does do it occasionally. He does have a nice first step and some quick movements but lacks some long speed to be a difference-making pursuit player. He does have some slipperiness between offensive linemen when blitzing the A and B gaps.","Traditional between-the-tackle linebacker. Good feel for run defense. Sound between his gaps. Lower weight profile shows up when trying to disengage blocks. Could be more violent when taking on blocks. Seems to have shorter arms than average."
"173","The former four-star recruit's calling card is his run defense, as he leads all Power Four linebackers in stops and tackles for loss/no- gain over the last couple of seasons. Stutsman's football intelligence shows up in that respect, as does his excellent athletic gifts. However, the opposite is true for him in coverage. He's often a step behind there, whether it be because he recognized a route concept in zone too slowly or an inability to change directions and stick with his receiver in man coverage.","Elite run defender who recognizes concepts pre-and-post snap. Very good at stacking and shedding blocks. Good size and speed for the position. Effective blitzer up the middle. Awareness in coverage is subpar so is often a tick late to react. Struggles flipping his hips in coverage. Just an average tackler in his career."
"174","Alexander originally committed to Southeastern Louisiana, the only school to keep its scholarship offer to him after a broken collarbone cost him his senior season of sports in high school. He played with the Lions for three seasons and was an FCS All- American in his sophomore campaign and a two-time all- conference selection. Alexander then transferred to LSU but tore his ACL after starting eight games. He returned for 2024 as a full- time starter once again. He is a smart, fluid mover, but does seem to lack NFL-level top speed and explosiveness for the position. Though he has the length and fundamentals to play in press-man coverage, limited athleticism can get him in trouble. He had consistent ball production throughout all five years of his college career. He is reliable as a tackler and dependable in run defense.","Experienced man coverage defender. Anticipates movements from press well. Can read receivers’ eyes and anticipate with his back turned. Willing tackler with a very low missed tackle rate. Experience hand-fighting and disrupting receivers' routes. Not the most explosive or twitchy athlete in the class. Could clean up footwork. Top speed vs. vertical receivers is not great."
"175","In addition to football, Amos was a standout in track and field in high school, running the 100-meter and 200-meter dashes and winning the state title in the long jump. He committed to Louisiana-Lafayette and played there for three seasons before transferring to Alabama in 2023 and Ole Miss in 2024. Amos has ideal size for a cornerback — better-than-50th percentile numbers in height, weight and length. This allows him to play press-man coverage with quick footwork and sound hand technique at the line of scrimmage. He can also play off-zone coverage. He does some of his best work from Cover 3 and quarters schemes. He notched just four interceptions in five years (three in 2024), but he recorded a forced incompletion percentage above 20% in each of the past three seasons. His enthusiasm for tackling can run hot and cold, but he is generally a good wrap-up tackler and understands his assignment in run fits.","Good athlete in all facets with a multi-sport background. Very high forced incompletion rates over past three seasons. Great coverage instincts. Likes to get hands on receivers and be physical to stay on them. Good strength to rip off WR blocks. Top speed won't ""wow"" you despite sprinter background. Tendency to tackle high."
"176","Barron, a four-star recruit, was a wide receiver, defensive back and punt returner in high school. He also ran track, recording a personal-best 10.95 in the 100-meter dash. He began his Texas career at safety before moving to more of a nickel role in 2023 and then started as a wide cornerback in 2024. The 5-foot-11, 195-pound defensive back has a ton of versatility. He is well built and athletic, and he tackles and defends the run well enough to start as a safety, as a nickel or out wide. He brings excellent instincts, anticipation and spatial awareness in zone to make plays on the ball or warrant no-throws. He was often running in- breaking routes for receivers before they broke on their route. Despite his track background, Barron doesn't have the best long speed, which is why he shines brightest in zone assignments off the line. He plays with the right amount of competitive toughness. Texas put a ton on his plate, and he always rose to the occasion.","Adequate size and strength for run defense/tackling from slot. Good closing speed. Very good feel for spot zone coverage. Good eyes and anticipation no matter where he is lined up. Versatility for any DB spot. Hips a little slower to flip to match route breaks. Can get uncomfortable when his back is to the ball. Gets handsy if he doubts his speed in a situation."
"177","Bowman was four-star recruit coming out of Denton, Texas and chose to play at Oklahoma over Alabama, Texas and others. He saw playing time immediately with the Sooners, starting seven games as a true freshman. While spending the majority of his career at free safety, Bowman has also seen 500-plus snaps both in the box and as a slot corner. His evaluation is a fairly simple one. Bowman is one of the best ball-hawks in this class thanks to his elite combination of range, ball skills and instincts. On the other hand, he's missed over a quarter of his career tackle attempts due to a lack of length and his slight frame.","Outstanding ball skills and instincts. Elite speed. Versatility to man up in the slot or play centerfield at free safety. Powerful upper body to stack blockers at contact punch. Long arms for a 6-foot-2 frame. Undersized to be a true safety. Has had major issues over his career bringing down ballcarriers. Big-bodied receivers can box him out in contested situations."
"178","Bryant, who is indeed named after the late NBA legend Kobe Bryant, was a full-time starter at Kansas over the past three seasons. At 5-foot-10 and 170 pounds, he is near the lowest weight percentile for an NFL cornerback. Yet, how he plays the game makes him impossible to write off. Beyond his good movement skills and plus arm length, Bryant is a top-tier competitor. He plays with an attitude you want from a defensive back. He yearns to be physical and is comfortable hand-fighting to disrupt and annoy receivers. This can get him in trouble with penalties, but it has its pros, too. He has ideal ball skills, notching multiple interceptions in every year of his college career. His feet and change-of-direction speed are slower than ideal, which likely limits him to off-zone coverage roles to keep things in front of him and downhill. His long speed appears average for the position. Despite his smaller and slender frame, he is a competitive run defender and tackler.","Fiery competitor. Will run at tackles full speed with a hitter's mentality. Playmaker who wants to make the biggest play, every play. Closing speed in off coverage is good enough to jump passes. Long arms to get hands on receivers and disrupt catch point. Very slender build limits how well he can wrap up tackles. High-waisted build makes change of direction less sharp. Aggressive mentality can get him in trouble."
"179","Burke missed all but one game in his senior high school season due to a dislocated shoulder, but that didn't stop him from making an immediate impact at Ohio State, as he started 11 games as a true freshman. He went on to start in every season of his four- year career with the Buckeyes. He's a natural mover and has plenty of experience in man and zone, but his skill sets lend themselves to a zone-heavy scheme in the NFL. That’s because of his lack of long speed/recovery speed. When Burke can space himself in off coverage correctly, he can mitigate his lack of long speed with some savvy bump-and-run coverage. If he can't dictate the route with good physicality in press, he can get beat over the top too easily. He put himself in good positions to make tackles but wasn't a reliable finisher in college. He was more reliable in 2024, though. Burke recorded just four interceptions in his career, but his forced incompletion rate was high across his first three seasons.","Natural, smooth mover. Good eyes in zone. Good feel for spacing to bait throws/warrant no throws. Willing to be in position in run defense. High forced incompletion rate despite lack of INTs. Feet can be a tick slow to mirror out of press. Top speed is average so, he can get grabby against faster WRs. Instincts and anticipation are still a work in progress."
"180","Dotson was named a second-team All-American at Kansas in 2024. He has a good build, ranking above the 50th percentile in height and length, though he is around the 40th percentile in weight. He has a good understanding of technique and spacing and can stop to change direction and trigger downhill at an adequate pace for the NFL. His arm length yielded a decent forced incompletion rate over the past two years, with multiple interceptions in each of the past three seasons. He has decent strength for run defense and tackling, though getting off blocks can be a struggle. He has suitable movement skills but leaves room for receivers to separate; he's never too far away, but he isn't as sticky as you want. Dotson is smooth in his backpedals and shuffle technique, which helps him stay close to receivers and lends itself to him playing in press man. While his teammate Cobee Bryant did most of the talking in Kansas’ cornerback group, Dotson was more of a silent killer.","Good twitch and change-of-direction movement ability. Nice recovery speed. Keeps his shoulders square when lining up tackles. Oily hips. Good stop-and-start control and explosiveness. Can get pushed off the line in press against bigger receivers. Foot speed could be faster, more precise and ready to explode."
"181","Fortune arrived at South Carolina as a safety but moved to cornerback in his redshirt season. He played as a rotational cornerback over the following two years before becoming a full- time starter in 2023 and 2024. He has a long, athletic build at over 6 feet. That length and strength help him disrupt the catch point in close coverage. He has a slender build but brings good pound- for-pound strength. Despite his safety background, he is an inconsistent tackler in timing and technique. He lacks the overall long speed and hip fluidity for press-man coverage. Fortune is more experienced, controlled and effective as an off-zone cornerback, primarily in Cover 3. He brought in nine interceptions over the past three seasons but recorded a low forced incompletion rate as a starter. That seems to stem from a lack of stickiness in single coverage over a lack of ball skills (he is a pretty natural catcher). He also consistently has his eyes on punching the ball out.","Ideal length (height and arms) for the NFL. Good length to disrupt the catch point when close in coverage. Always has his eyes on punching the ball out. Lateral movements are good for a player of his size. High missed tackle percentages in each of past three seasons. Currently lacks the lateral quickness needed for off-ball LB work. Anticipation needs to be a bit quicker for zone coverage."
"182","Hairston became a full-time starting cornerback in 2023 at Kentucky and missed a good chunk of 2024 with a shoulder injury. Mad Max, as he is nicknamed, has a quick play style that makes for a fun watch. He is a constant pre- and post- snap communicator and also gets verbal with wide receivers throughout the game. His height and length appear to be average for the position, but his 180-pound weight profile ranks in the single-digit percentiles (8th). Hairston’s hands are active in press, at the catch point and through the route. His interception total in 2023 stemmed more from bad throws, but his forced incompletion rate was above 10% over the past two seasons. He brings a feisty play style that, of course, can lead to penalties. He is one of the more explosive cornerbacks in the draft with some of the best top speed in the class.","Solid wrap-up tackler. Visible communicator pre- and post-snap. Shows a good understanding of run-fit duties. Adequate first-step quickness and acceleration. Very light build. Hands get grabby when he’s in trouble. Lacks true anticipation and can look of control at times."
"183","Hill committed to Arizona State but transferred to Nebraska after one season. He played as a full-time outside cornerback in 2024 but missed most of the year due to plantar fasciitis. Hill plays a physical brand of football. He knows he brings plus size for the position at over 6 feet and 210 pounds. He is a bit clunky when flipping his hips out of press and looks more natural in off coverage. He has the physical profile to play man but lacks the savviness to do so. His best work comes in zone assignments where he can keep things in front and come downhill. Because of his build, Hill is a strong run defender and tackler, making it tempting to put him closer to the line of scrimmage. He has some fluidity stiffness, so a move to safety could be in his NFL future, but he did not play there much in college. Despite his receiver background, he didn’t have much ball production outside of 2023. His overall athleticism seems good, but it’s hard to see it at all times.","Massive measurements for an outside cornerback. Good baseline of natural movement skills. Strong player, given his build. Shows flashes of good anticipation for breaking on the ball. Good understanding of spacing/leverage. Not super comfortable in straight backpedal from press. Footwork is clunky out of press. Athleticism could be lacking for the NFL."
"184","The No. 1 overall recruit in the 2022 class, Hunter is a legitimate NFL starter at cornerback and wide receiver. He lived up to the hype as the Heisman Trophy winner and a consensus All- American in 2024. His profile starts with a rare playmaker's mentality. Hunter’s long, lean frame gives him plus length at cornerback. His feet move fast, and his first-step explosiveness is very good to break on passes. He has the best ball skills of any defensive back I have ever scouted. He has good instincts in space but can get erratic, stemming from a desire to make a big play. His frame is lighter, leading to some strength and tackling deficiencies, but it looks like he can put on good weight in the NFL. His movements out of press-man coverage can be out of control. Playing him more in off-coverage zone allows him to hawk the ball and limit missteps. He also has plenty of talent to play man coverage. Most negatives feel like nitpicking, as Hunter boasts an All-Pro ceiling.","Impressive top speed/recovery speed. Height/length is a big plus in press coverage. Some of the best ball skills you'll ever see in a DB. Knack for baiting QBs and making them pay in zone. Elite zone coverage player in every way. Foot speed can be delayed due to longer legs. Lack of weight shows up when tackling and hand-fighting. Can be a bit out of control at times."
"185","Johnson earned five starts in 2022 as a true freshman before starting 11 games in Michigan's national championship campaign in 2023. He missed most of his 2024 season due to a severe case of turf toe, as well as a minor shoulder injury. The 6-foot-2, 200-pound outside cornerback has some of the quickest feet you will see. Though his limited long speed makes zone schemes his best fit, he can play press-man due to how quick he is to stop, start and change direction. His long arms come in handy for forced incompletions, a number that was near the 55th percentile over the past two years. His frame is leaner and lighter, but he still shows decent effort in run defense. Strength and tackling aren't his strong suits, though, and he was even more inconsistent there in 2024. When Johnson keeps his eyes on the quarterback in off-zone coverage, he has good instincts to jump routes and bait throws, as evidenced by his nine interceptions and three pick-sixes in college.","Change-of-direction ability is that of a much smaller corner. Versatile to play on left or right side. Very good understanding of leverages. Smooth when passing off receivers and picking them up in zone. Fluid transitions from backpedal to shuffle to full stride. Some inconsistent/ineffective timing with punches in press. Top speed is good, but doesn't appear to be great with recovery. Sloppy with tackling attempts in 2024."
"186","Longerbeam is a fast, explosive athlete, but he currently weighs only 175 pounds. He plays bigger than his size in coverage, and the vast majority of his college snaps came at outside cornerback. Longerbeam can frequently put himself in a good enough position in zone coverage to read the quarterback and impact coverage zones outside of his own. His tremendous foot quickness makes him a sticky red-zone coverage player. He has the long speed to stay with bigger wide receivers in press coverage. Longerbeam also has a knack for making plays on the ball, tallying two interceptions and nine pass breakups in 2024. He will need to add some weight and strength, but his quick feet, deep speed and long arms are a valuable combination.","Elite change-of-direction ability. Very good recovery speed. Long arms come into play at the catch point. Timed physicality at the catch point to prevent completions. Will overrun the ball carrier on run plays. Thin frame can get pushed around by run blockers. Peeks at the QB for too long and get beat deep in off coverage."
"187","Morrison started nine games as a true freshman at Notre Dame and then started 11 the following season. He was a full-time starter again in 2024 but missed a good chunk of the Irish's national championship run due to a hip injury that shouldn't affect him long term. He has a long, lean frame at 6 feet and around 190 pounds. That’s evident in his very high forced incompletion rate (20.5%) over the past two seasons. His short-area movements are explosive yet fluid, which allows him to play press-man coverage, mirror releases inside or out and transition from backpedal to full strides seamlessly. Morrison’s lean frame does come with drawbacks. While he is a willing and smart run defender, he lacks the strength to be a great tackler or to get off blocks quickly. He also may lack true long speed and can get grabby with receivers if they can stack him vertically. He is praised for his high football IQ and maturity, even as a true junior entering the draft.","Appears to have very long arms, even for a 6-footer. Hands are up and active in press. Quick to transition from shuffle to full strides. Good awareness for getting his head around to find the ball. Very high football IQ. Strength is a concern with getting off blocks and tackling. Start-stop ability is good, especially for his size, but not top-tier. Can get grabby to stick with WRs on comeback routes."
"188","Parrish is a former three-star cornerback recruit from Olathe, Kansas. At Olathe North High School, he played receiver, defensive back and even running back and set the school record for receiving yards. He was also a standout track athlete, winning the state title in the 100m with a time of 10.47 seconds. After playing as a rotational member of the secondary as a true freshman in 2022, he became a full-time starter in 2023 and 2024. He is smaller in stature but a feisty competitor. His best projection is as a slot defender, where his body control and short- area explosiveness can shine. His track background gives him outstanding recovery speed. Against bigger receivers, Parrish tends to get overly physical. While he can sometimes be an ankle-biter as a tackler, he gives strong effort and shows high football IQ when fitting the run. He is most confident in press-man coverage from the slot and consistently stuck to receivers' hips at the college level.","Impressive acceleration and top speed despite short strides. Fluid and fast footwork. Strong body control to stop and start efficiently. Consistently dives at ankles when tackling. Needs to be more subtle with contact at receivers' break points. Good body control, but feet slide out from under him too often."
"189","Porter committed to Iowa State as a wide receiver and played mostly on special teams before moving to cornerback in 2022. His primary role remained special teams until 2024, when he was a full-time starter. He is a rare prospect in many ways. The first is his elite track background, which gives him great explosiveness and recovery speed. The second is his measurables, with his height and arms ranking above the 95th percentile. He didn’t have much time to showcase his ball skills, but he has great hands. His build is on the slender side, and though the effort is there, he lacks strength in multiple areas — mainly tackling and getting off blocks. His lack of experience has led to clunkiness in his backpedals and a lack of anticipation for receiver movements and punch timing. Porter is at his best when he can play off the line of scrimmage in zone and close downhill faster than the offense expects. He blocked five kicks in college: four punts and one field goal.","Very alluring length. Elite recovery speed and acceleration. Really smooth and natural mover, given his height and length. Receiver background makes him a natural at the catch point. Takes on blocks and funnels ball carriers back inside. Does not have much experience as a starting CB. Handled fairly easily against pulling blockers in run defense. Lacks anticipation, especially when approaching to tackle."
"190","Ransaw is a former two-star cornerback recruit from Harvest, Alabama, where he played defensive back and served as a returner at Sparkman High School. He spent three seasons at Troy before transferring to Tulane for his final year of college football. In the two seasons where he saw the most playing time, he primarily lined up as a nickel defender. His strengths stem from his plus size, tackling power and reliability. He posted a very low missed tackle percentage in each of the last two seasons. He likes to use his length to get his arms up and bump receivers in man coverage, but his anticipation is lacking. His footwork can be sluggish in press, often putting him in recovery mode. Although he tested as an elite athlete at the combine, that athleticism doesn’t always translate into big plays on the field. His best NFL position may be as a downhill safety, where he wouldn’t be tasked with covering quick slot receivers and could instead maximize his tackling ability.","Strong run defender with good play strength. Very low missed tackle percentage throughout his career. Not as fast as his Combine numbers would suggest. Lacks anticipation, limiting the effectiveness of his athleticism. Slow feet off the line of scrimmage."
"191","Revel transferred to East Carolina in 2022 and played in nine games before becoming a full-time starter in 2023. He began the 2024 season as a starter before tearing his ACL in the third game. At 6-foot-3, Revel brings ideal height and length to the position. He has a slender build, which impacts his effectiveness in tackling and getting off blocks, but he shows no hesitancy in either situation. His athleticism is rare, even independent of his size. His recovery speed and explosiveness are both top-tier. He possesses rare nuance and technique. As a press-man cornerback, he can mirror and stick with any receiver. But he can get lost in space in off-zone coverage. Revel’s punch timing and hand placement in press can also be inconsistent, leading to him playing catch-up more than dictating routes (which works for him because his recovery athleticism is elite). He brings strong forced incompletion production but few interceptions due to a lack of coordination.","Very explosive athlete, especially for his size. Top speed will be in the top percentile. Willing and physical run defender. Footwork is fast enough to match WR movements. Bully in press coverage. Explosive, but out of control at times. Anticipation and spacing are still inconsistent. Has the strength to get off blocks, but needs to get clean faster."
"192","Riley committed to Middle Tennessee State out of high school and played there for three seasons before transferring to Louisville. He was a two-year starter with more than 1,500 snaps played in 2023 and 2024. He is a smaller cornerback, placing below the 50th percentile in all measurables, but he makes up for it with twitchiness in his movements. Riley lacks the instincts and feel to really stick with receivers, whether that be in press man or off coverage, though he is best in man. He notched 17 career interceptions and a high forced incompletion rate in college. His biggest negatives are evident when he has to be physical. Even when he puts his whole body into tackles, ball carriers bounce off him. He has a hard time getting off all blocks and can get erased by pullers. His skill set and movements lend themselves more to the slot, but he doesn’t defend the run well enough to play there.","Versatile to play left and right CB. Comfortable in man or zone, confident in press. Overall athleticism is adequate. Flashes of good effort in run defense. Impressive ball skills with 17 career INTs. Can get lost in Cover 3 with blind spots. Stays close on comebacks but lacks true stickiness in coverage. Struggles with faster receivers vertically."
"193","Strong committed to Virginia Tech out of the 2020 class and was a consistent starter over the past four years when healthy. He has good height and length at just under 6-foot-1 with just over 31- inch arms. He does have a slender build, and his sub-180 weight ranks in the 6th percentile. He lacks the strength to get off blocks and is generally an unreliable run defender. However, he was a much-improved tackler in 2024. Although he has experience in press, his lack of strength causes issues with punches off the line and hand-fighting. Those weaknesses are mitigated more in an off-quarters/Cover 3 shell. Strong is good at giving receivers the appropriate amount of space to make quarterbacks hesitate. He also knows his closing and recovery speed well; though both are good, they are not elite. His foot quickness is a plus. His receiver background helped him record seven career interceptions and a forced incompletion rate above 13.0% in all five years.","Receiver background shows up at the catch point. Quickness and foot speed are adequate for the NFL. Nice feel for Cover-3 assignments. Much more confident as a tackler in 2024. Very competitive. Tough for him to get off blocks to fit the run. Isn't as comfortable in press. Punch technique/timing is inconsistent."
"194","Thomas brings ideal length to the cornerback position with 85th- percentile arms. He uses those well and effectively at the line of scrimmage in press coverage with massive hands that can really knock receivers off their routes and out of their releases. His overall athleticism is good, but his foot quickness is his calling card. He can sometimes be late or slow with his footwork out of press, which forces him into recovery mode early, but he usually makes up for it. With his receiver background, he has a good feel for where the ball is when in flight, even with his back turned. He is also impactful in Cover 3 roles in a shuffle technique in off coverage. Thomas is a highly competitive player but does lack some strength when getting off blocks and tackling. He will be just 20 years old on draft day and 21 in his rookie season.","Constant pre-snap communicator. Punch in press can really jolt receivers back. Competitiveness is evident every game. Good baseline of instincts in man and zone that can get better. Appears to process the game at a high level. Can get taken for a ride vs. pulling blockers and tight ends. Doesn't have rare stop-and-start ability for a longer cornerback. Slender build could use more weight. Shows when tackling."
"195","At 6-foot-1 and 195 pounds, Williams has the size for press coverage assignments. It also happens to be where he is most comfortable and confident. He likes to be physical in how he covers receivers. He wants to dictate contact right at the snap with good, strong hands out of the receiver's release. He is comfortable hand-fighting all the way through the route, but that can get him in trouble, as he can get a bit grabby, especially against vertical routes. Williams’ long speed is likely average for the NFL, and his feet and hips are a bit heavy when changing direction. He has a lot of career interceptions (15), but his forced incompletion rate was still below 15% in each of the past two seasons. He is a reliable tackler with good run-defense instincts and strength.","Sense of confidence when the ball is coming his way. Feels at home when there's contact with the receiver. Good ball skills from receiver background. Consistently high run-defense grades over his career. Low and loaded in his shuffle to step and accelerate at any time. Feet could be a bit lighter off the line. Less consistency in off-zone coverage. Tackling form can be up and down."
"196","Clark has a low margin for error due to his lack of recovery speed, so his movements must be precise and well thought out, but they generally are. He lacks the rare athletic ability to be a full-time NFL single high safety, but his anticipation and body placement allow him to be impactful in two-high shells. In the slot, you don't want him playing off coverage, but when lined up against bigger receivers, such as tight ends, he is comfortable getting his hands on them to remain sticky. He is an excellent tackler with good strength and fundamentals for a relatively low missed tackle percentage. He has good ball skills with five interceptions. He plays the game with a strong competitiveness and is willing to do any assignment the safety position may bring.","Sound tackler with good technique. Quick footwork in his backpedal form a free safety spot. Extensive experience and football intelligence show up. Highly competitive player. Good ball skills. Doesn't possess top speed for full-time single high work. Acceleration when triggering is below average."
"197","Emmanwori’s elite size and speed combination will undoubtedly draw evaluators’ attention, as he possesses numerous tools that are proven assets at the NFL level. However, his stiffness and lack of anticipation leave him playing catch-up often. He tends to grab receivers and is most effective as a box/slot defender who can match up with tight ends, where his tools work to his advantage. He can get washed down in the run game and over run ball carriers.","Size and length are elite, freakish athletic testing. Effective playing in the box/slot/near the line of scrimmage. Makes good use of range paired with ball skills. Flashes makeup speed to undercut crossing routes. Arm tackler in open space led to misses. Stiff hips make life harder on himself. Bailed out from poor reads/recognition by his length and speed. Gets handsy when late to react or behind."
"198","Mukuba transferred from Clemson to Texas for his senior season, and while his three years of starting experience certainly helped, the fact he thrived in a new system with new coaches makes his field command in 2024 all the more impressive. He can transition out of his pedal in a flash and cover a ton of ground, allowing him to make plays on the ball and take aggressive angles in pursuit. He consistently tracks the ball in the air efficiently without compromising his defensive positioning, recording six picks and a 25% forced incompletion rate in 2024. Mukuba’s biggest concern is tackling. His frame looks slight, and his game lacks physicality. While he uses his natural athleticism and instincts to get in position, he tends to leave his feet and tackle with his arms, causing him to fall off too many attempts in the open field. He can still win with pure explosiveness, but there are concerns about his ability to play the run in the box or blitz.","Fluid change of direction and top-end speed in space. Decisive/explosive click-and-close ability. Consistently demonstrates a command of his role. Plays the ball in the air, not the receiver. Flashes range and closing burst needed to take strong angles. Slight build. Misses too many tackles by ankle-biting. Lack of physicality also shows up on limited pass rush reps."
"199","Ransom played a pivotal role in Ohio State’s championship run in 2024, providing the Buckeyes defense with a tone-setter on the back end. He's a disruptive force in the run game, where he earned the highest grade (93.5) in the nation thanks to his penchant for punching the ball loose. However, missed tackles litter his tape. His instincts are strong, but he can lack the tools (speed/burst) to execute at times.","Has tenacity and physicality in spades. Trusts his instincts and is always around the ball. Delivers hits with authority and is disruptive over the middle. Downhill aggressor playing the run. Always looking to punch out the football. Trouble mirroring breaks. Has middling burst to make up ground. Doesn’t possess high-end speed to match vertically."
"200","Starks is a former five-star athlete recruit and was an instant starter at Georgia in his true freshman season. He earned first- team All-American honors as a sophomore in 2023. He is smaller for a safety, likely slightly below the 50th percentile in height and weight. He has smooth movement skills that allow him to play as a free safety, strong safety and slot defender. As a free safety, his range is good but not elite. His best coverage plays come more from anticipation than incredible top speed. As a strong safety and slot defender, he is a very reliable tackler. As a slot, he is fluid enough to play man coverage against many types of receivers but lacks the elite twitchiness to be a true shutdown slot. Starks’ ball skills are top-tier, and he has some of the most impressive interceptions you'll see from a safety. His play in 2024 dipped due to worse judgment and anticipation, for whatever reason.","Lower weight, but a well-built safety. Long wingspan for pass breakups. Top speed is very impressive (sprinter background). Smooth, fluid hips to maximize range in deep coverage. Elite ball skills. Movements can look out of control at times. Can be a little too aggressive in his pursuit angles. Judgment was significantly off in 2024."
"201","Watts, listed as a wide receiver coming out of high school and having played there in his freshman season for the Fighting Irish, unsurprisingly has the best ball skills of any safety in this draft. He picked off 13 passes over the past two seasons; no other defender in the nation had more than nine in that span. While his hands obviously helped with that, it’s his anticipation and intelligence that put him in position to make plays on the ball. The main drawback in Watts’ game is his tackling, though he doesn’t lack physicality. He too often takes bad angles to the ball carrier and plays too off-balance, though he did improve in his fifth and final season. Watts is a versatile coverage defender who can thrive at free safety, in the slot or in the box.","Great hands and always in the right place to make plays. High-IQ player with quick twitch. Outstanding when asked to cover man to man in 2024. Versatility to cover at free safety, in the slot and in the box. Diagnoses plays pre- and-post snap. Tackling issues, needs to take better angles and stay balanced. Sometimes gets caught flat-footed in coverage. A little stiff when forced to flip his hips and change directions."
"202","A partially torn ACL prematurely ended Winston’s junior season after just two games and thus ended his first-round hype for the draft. However, his sophomore tape in 2023 is good enough to still consider him at the top of this safety class. The Maryland native was the only safety in the nation with 85.0-plus grades as a run defender and in coverage that year. Winston is also as elite as they come as a tackler, missing just two of his 89 career attempts. He’s a very good athlete for the position, as he has fluid hips and sideline-to-sideline range. Truthfully, the only major question mark in his game is how he recovers from his knee injury. If his medicals check out and he still slips into the third round, Winston could become one of the steals of the draft.","As good of a tackler as you’ll find in this class. Diagnoses plays pre- and post-snap and make plays on the ball. Was outstanding when asked to cover man-to-man this season. Versatility to cover at free safety, in the slot and in the box. Partially torn ACL ended his junior season after just two games. Only one interception in his career. Reaction time can be a tick behind sometimes."
