"","url","title","h1","player_from_title","date","where_he_wins","areas_of_improvement","grade_block","measurables_block","article_grade","comparable_grade","overall_rank","position_rank","pro_comparison","height","weight","hand_size","arm_length","wingspan","dash40","split10","vertical","broad","cone3","shuttle","bench"
"1","https://bleacherreport.com/articles/25248468-nfl-draft-2026-scouting-report-ohio-state-s-caleb-downs","NFL Draft 2026 Scouting Report for Ohio State S Caleb Downs","NFL Draft 2026 Scouting Report for Ohio State S Caleb Downs","Caleb Downs",NA,"— Understands how best to use his abilities with body positioning and physicality. | — Sees route concepts unfold and matches them with the quarterback's eyes to break on routes. | — A great communicator in the secondary when it comes to passing of routes and lining up the defense. | — Versatile skillset to succeed wherever a defense needs him, making him the ultimate chess piece. | — Athleticism to smoothly transition from zone to running in man coverage and changing direction. | — Quick to trigger on run plays downhill and create negative plays for the offense. | —Will be one of the smartest players on the field each and every time he steps on it.","— Will get locked into man coverage at times and plays the receiver instead of looking for the football. | — Adjusting pursuit angles and running through tackles to not fall to the ball carrier's ankles. | — Show more from a single-high skillset with speed and range moving backward. The instincts are there, but seeing more proof of concept would help.",".css-1582m2i{margin:0;font:inherit;font-weight:700;}GRADE: 9.2 (Pro Bowl Player — 1st Round) | COMPARABLE GRADE: CB Travis Hunter, Colorado (9.2 in 2025), Kyle Hamilton, S, Notre Dame (8.9 in 2022) | OVERALL RANK: 1 | POSITION RANK: S1 | PRO COMPARISON: Eric Berry","Height: 5'11⅝"" Weight: 206 Hand Size: 9½"" Arm Length: 30¼"" Wingspan: 73¼"" | 40-Yard Dash: N/A 10-Yard Split: N/A Vertical: N/A Broad: N/A 3-Cone: N/A Shuttle: N/A Bench: N/A","9.2 (Pro Bowl Player — 1st Round)","CB Travis Hunter, Colorado (9.2 in 2025), Kyle Hamilton, S, Notre Dame (8.9 in 2022)","1","S1","Eric Berry","5'11⅝"" Weight: 206 Hand Size: 9½"" Arm Length: 30¼"" Wingspan: 73¼""","206 Hand Size: 9½"" Arm Length: 30¼"" Wingspan: 73¼""","9½"" Arm Length: 30¼"" Wingspan: 73¼""","30¼"" Wingspan: 73¼""","73¼""","N/A 10-Yard Split: N/A Vertical: N/A Broad: N/A 3-Cone: N/A Shuttle: N/A Bench: N/A","N/A Vertical: N/A Broad: N/A 3-Cone: N/A Shuttle: N/A Bench: N/A","N/A Broad: N/A 3-Cone: N/A Shuttle: N/A Bench: N/A","N/A 3-Cone: N/A Shuttle: N/A Bench: N/A","N/A Shuttle: N/A Bench: N/A","N/A Bench: N/A","N/A"
"2","https://bleacherreport.com/articles/25249523-nfl-draft-2026-scouting-report-miami-edge-rueben-bain-jr","NFL Draft 2026 Scouting Report for Miami Edge Rueben Bain Jr.","NFL Draft 2026 Scouting Report for Miami Edge Rueben Bain Jr.","Rueben Bain Jr.",NA,"- Good size with an NFL-ready body. Doesn't carry much bad weight and has a thick lower half. | - Good quickness for his size and impressive movement skills. | - Strong and physical at the point of attack to gain control of the block and set the edge against offensive tackles. Also, Bain is solid at holding ground against combo blocks from tackles and tight ends. | - Has shown the ability to shed blocks from offensive linemen and make tackles near the line of scrimmage. | - Can collapse the pocket when bull rushing and has impressive change-of-direction skills to be effective when turning speed to power. | - Flashed decent rip and cross-chop moves as secondary move options. Also, he has the athleticism to be an effective looper in line games. | - Good bend at the top of the rush to take efficient paths to the quarterback.","- Lacks some explosion off the line to win with speed around the edge as a pass-rusher at the next level. | - Timing/consistency with his hands when rushing the quarterback is a work in progress. Bain is often late and doesn't play the hands well after contact. | - Isn't gap disciplined against the run. He has a habit of leaving his assignment/gap early and can lose outside contain when setting the edge. He likes to gamble to make plays and can get burned by running backs who are good at setting defenders up on zone runs. | - Very short arms for an NFL edge defender. | Grade, Rank, and Pro Comparison | .css-1582m2i{margin:0;font:inherit;font-weight:700;}GRADE: 8.5 (Impact Player — 1st Round) | COMPARABLE GRADE: Nolan Smith, Georgia (8.3 in 2023), Dallas Turner, Alabama (8.4 in 2024), Laiatu Latu, UCLA (8.4 in 2024) | OVERALL RANK: 5 | POSITION RANK: EDGE1 | PRO COMPARISON: Brandon Graham",NA,"Height: 6'2"" Weight: 263 Hand: 9⅛"" Arm: 30⅞"" Wing: 79½"" | 40-Yard Dash: N/A10-Yard Split: N/A 3-Cone: N/A Shuttle: N/A Vertical: N/ABroad: N/A","8.5 (Impact Player — 1st Round)","Nolan Smith, Georgia (8.3 in 2023), Dallas Turner, Alabama (8.4 in 2024), Laiatu Latu, UCLA (8.4 in 2024)","5","EDGE1","Brandon Graham","6'2"" Weight: 263 Hand: 9⅛"" Arm: 30⅞"" Wing: 79½""","263 Hand: 9⅛"" Arm: 30⅞"" Wing: 79½""",NA,NA,NA,"N/A10-Yard Split: N/A 3-Cone: N/A Shuttle: N/A Vertical: N/ABroad: N/A","N/A 3-Cone: N/A Shuttle: N/A Vertical: N/ABroad: N/A","N/ABroad: N/A","N/A","N/A Shuttle: N/A Vertical: N/ABroad: N/A","N/A Vertical: N/ABroad: N/A",NA
"3","https://bleacherreport.com/articles/25248572-nfl-draft-2026-scouting-report-notre-dame-rb-jeremiyah-love","NFL Draft 2026 Scouting Report for Notre Dame RB Jeremiyah Love","NFL Draft 2026 Scouting Report for Notre Dame RB Jeremiyah Love","Jeremiyah Love",NA,"- Love runs with good patience behind the offensive line to maximize their blocks before finding daylight. | - Great combination of top-end speed, agility, and explosiveness, making him a dangerous threat with the football at all times. The defense must close the space between them quickly, or he will hit the sideline in full stride after breaking through the first level. | - Ability to decelerate and re-accelerate to evade incoming defenders and make sudden cuts/change of direction in the open field. He possesses the lateral explosiveness and agility to press a rush lane and jump-cut to evade closing defenders, while working into a vacated space for positive yards. | - Talented receiving skill set out of the backfield. He can be deployed in the slot and run routes in space to create mismatches for the offense. | - Runs behind his pads downhill with good balance to finish plays through contact and fall forward. | - He has been great at protecting the football throughout his career (267 rushing attempts without a fumble).","- Love must prioritize protecting himself from big hits. He attempts to hurdle over defenders, placing himself in a vulnerable position in the air. | - Leaner build/frame can raise questions for some NFL teams and evaluators on whether he can handle a ""bell cow"" workload.",NA,"Height: 6'0"" Weight: 214 HAND: 9⅛ Arm: 32"" 40-Yard DASH: 4.36"" Vertical Jump: N/A Broad Jump: N/A 3-Cone Drill: N/A 20-Yard Shuttle: N/A Bench Press: N/A","9.0 (Pro Bowl Player — 1st Round)","Bijan Robinson (9.0 in 2023), Ashton Jeanty (8.5 in 2025), Omarion Hampton (8.0 in 2025)","2nd","RB1","Jamaal Charles","6'0"" Weight: 214 HAND: 9⅛ Arm: 32"" 40-Yard DASH: 4.36"" Vertical Jump: N/A Broad Jump: N/A 3-Cone Drill: N/A 20-Yard Shuttle: N/A Bench Press: N/A","214 HAND: 9⅛ Arm: 32"" 40-Yard DASH: 4.36"" Vertical Jump: N/A Broad Jump: N/A 3-Cone Drill: N/A 20-Yard Shuttle: N/A Bench Press: N/A",NA,NA,NA,NA,NA,NA,NA,NA,"N/A Bench Press: N/A",NA
"4","https://bleacherreport.com/articles/25248189-nfl-draft-2026-scouting-report-indiana-qb-fernando-mendoza","NFL Draft 2026 Scouting Report for Indiana QB Fernando Mendoza","NFL Draft 2026 Scouting Report for Indiana QB Fernando Mendoza","Fernando Mendoza",NA,"- High football IQ and quick post-snap processing. | - Possesses good arm talent/strength to drive the ball past linebackers with good velocity against both zone and man coverages. | - Dissects defenses quickly and efficiently from the pocket with his decision-making. | - He excels at layering the football over the defense and dropping it into the bucket at all three levels. | - Accurate passer at all three-levels, layers the football into tight windows. | - He is a functional, above-average straight-line athlete who will take free yards with his legs. | - Overall toughness, he has taken big hits and punishment, but never stayed down.","- Pocket mobility is average, does not climb or slide to reset and throw. | - Rushing his process when pressured, leading to inaccurate and off-target throws | - Inconsistent with decision-making under pressure; needs to learn to take the check/hot routes and take the profit. | - Developing answers at the line of scrimmage against simulated pressure looks. | - Functional athlete who is unable to consistently escape pressure in the pocket. | - Played in an RPO-heavy offense at Indiana, limited the amount of NFL throws on tape in 2025.",NA,"Height: 6'4¾"" Weight: 236 Hand: 9½"" Arm: 31⅞"" Wingspan: 76¾ | 40-YARD DASH: N/A Vertical: N/A Broad Jump: N/A 3-Cone Drill: N/A 20-Yard Shuttle: N/A Bench Press: N/A","8.6 (Impact Player — 1st Round)","Cam Ward (8.3 in 2025), Bryce Young (8.2 in 2023), Desmond Ridder (8.4 in 2022)","3rd","QB1","Matt Ryan with mobility","6'4¾"" Weight: 236 Hand: 9½"" Arm: 31⅞"" Wingspan: 76¾","236 Hand: 9½"" Arm: 31⅞"" Wingspan: 76¾",NA,NA,"76¾",NA,NA,"N/A Broad Jump: N/A 3-Cone Drill: N/A 20-Yard Shuttle: N/A Bench Press: N/A",NA,NA,"N/A Bench Press: N/A",NA
"5","https://bleacherreport.com/articles/25250719-nfl-draft-2026-scouting-report-lsu-cb-mansoor-delane","NFL Draft 2026 Scouting Report for LSU CB Mansoor Delane","NFL Draft 2026 Scouting Report for LSU CB Mansoor Delane","Mansoor Delane",NA,"— Sticky, man-cover corner who presents a physical presence on the outside. He doesn't back down to bigger, ball-winning wide receivers. | — Reactive athleticism paired with a great ability to read receivers and route combinations. It allows him to break quickly and disrupt the catchpoint. | — Delane is a smooth athlete when moving backward and triggering downhill. Paired with his reactive athleticism, he can impact the run game. | — Doesn't panic when the ball is in there air and locates it well. He attacks the football with regularity. | — Football IQ to play zone at a high level and maintain responsibilities.","— Tends to let his eyes wander from responsibilities in zone coverage. Keeping his eyes on receivers entering his zone and shifting to the quarterback will be key. | — Pursuing downhill to the ball carrier and wrapping up, particularly in the run game. The want to is there, but some tackling technique improvement would make a difference. | — Learning to read quick receivers in soft press and maintain patience. Can trust his feet more in change of direction.",".css-1582m2i{margin:0;font:inherit;font-weight:700;}GRADE: 8.2 (Impact Player - 1st Round) | COMPARABLE GRADE: Devon Witherspoon, CB, Illinois (8.5 in 2023), CB Quinyon Mitchell. Toledo (8.5 in 2024), CB Christian Gonzalez, Oregon (8.3 in 2023) | OVERALL RANK: 8 | POSITION RANK: CB1 | PRO COMPARISON: Quinyon Mitchell | TOP NEWS | Fernando Mendoza Scouting Report 📋 | New WR Has 'Explosive' Ability | Mocks One Week From Draft","Height: 6'0"" Weight: 187 Hand Size: 8 ⅞"" Arm Length: 30"" Wingspan: 74 ½"" 40-yard dash: 4.35 10-yard split: N/A Vertical: N/A Broad: N/A 3 cone: N/A Shuttle: N/A Bench: N/A","8.2 (Impact Player - 1st Round)","Devon Witherspoon, CB, Illinois (8.5 in 2023), CB Quinyon Mitchell. Toledo (8.5 in 2024), CB Christian Gonzalez, Oregon (8.3 in 2023)","8","CB1","Quinyon Mitchell","6'0"" Weight: 187 Hand Size: 8 ⅞"" Arm Length: 30"" Wingspan: 74 ½"" 40-yard dash: 4.35 10-yard split: N/A Vertical: N/A Broad: N/A 3 cone: N/A Shuttle: N/A Bench: N/A","187 Hand Size: 8 ⅞"" Arm Length: 30"" Wingspan: 74 ½"" 40-yard dash: 4.35 10-yard split: N/A Vertical: N/A Broad: N/A 3 cone: N/A Shuttle: N/A Bench: N/A","8 ⅞"" Arm Length: 30"" Wingspan: 74 ½"" 40-yard dash: 4.35 10-yard split: N/A Vertical: N/A Broad: N/A 3 cone: N/A Shuttle: N/A Bench: N/A","30"" Wingspan: 74 ½"" 40-yard dash: 4.35 10-yard split: N/A Vertical: N/A Broad: N/A 3 cone: N/A Shuttle: N/A Bench: N/A","74 ½"" 40-yard dash: 4.35 10-yard split: N/A Vertical: N/A Broad: N/A 3 cone: N/A Shuttle: N/A Bench: N/A",NA,NA,"N/A Broad: N/A 3 cone: N/A Shuttle: N/A Bench: N/A","N/A 3 cone: N/A Shuttle: N/A Bench: N/A",NA,"N/A Bench: N/A","N/A"
"6","https://bleacherreport.com/articles/25261843-nfl-draft-2026-scouting-report-ohio-state-lb-arvell-reese","NFL Draft 2026 Scouting Report for Ohio State LB Arvell Reese","NFL Draft 2026 Scouting Report for Ohio State LB Arvell Reese","Arvell Reese",NA,"- Great size and carries his frame well with no bad weight, giving him room for growth if need be. Also, has good arm length for an off-ball linebacker. | - Shows good instincts against the run to consistently be in the right spot. | - Physical and elite strength at the point of attack to stand up offensive linemen when taking on blocks on the second level. | - Impressive speed and pop behind his pads when coming downhill. | - Has experience playing on the edge as a stand-up outside linebacker and has shown the ability to set the edge against offensive tackles or pullers. | - Sure tackler overall who wraps up and has a large radius due to his long arms. | - In pursuit, he maintains proper leverage on ball carriers, has good speed to increase his range and breaks down to make tackles in space. | - Adds value as a blitzer on third downs, strong and physical to beat running backs with power, can execute coffee house stunts and has impressive closing speed on the quarterback. | - Experience playing in an NFL-level defensive scheme with former New England Patriots defensive coordinator and Detroit Lions head coach Matt Patricia taking over as Ohio State's defensive coordinator in 2025.","- Change of direction, lateral movement skills and lack of short-area quickness hinder his ability to cover tight ends and running backs in man coverage or make plays on the ball in zone coverage. | - Slow/late to get depth against play-action passes, leaving the middle of the field open. | - Bad eyes in zone coverage and often ends up covering grass. | - Has a habit of taking blocks square instead of getting on an edge, causing him to occasionally lose gap control. | Grade, Rank, and Pro Comparison | .css-1582m2i{margin:0;font:inherit;font-weight:700;}GRADE: 8.5 (Impact Player — 1st Round) | COMPARABLE GRADE: Micah Parsons, Penn State (8.3 in 2021), Jeremiah Owusu-Koramoah, Notre Dame (8.5 in 2021), Nakobe Dean, Georgia (8.2 in 2022) | OVERALL RANK: 4 | POSITION RANK: LB1 | PRO COMPARISON: Demario Davis with more length",NA,"Height: 6'4"" Weight: 241 Hand: 9½"" Arm: 32½"" Wingspan: 79½"" | 40-Yard Dash: 4.46 10-Yard Split: 1.58 3-Cone: N/A Shuttle: N/A Vertical: N/A Broad: N/A","8.5 (Impact Player — 1st Round)","Micah Parsons, Penn State (8.3 in 2021), Jeremiah Owusu-Koramoah, Notre Dame (8.5 in 2021), Nakobe Dean, Georgia (8.2 in 2022)","4","LB1","Demario Davis with more length","6'4"" Weight: 241 Hand: 9½"" Arm: 32½"" Wingspan: 79½""","241 Hand: 9½"" Arm: 32½"" Wingspan: 79½""",NA,NA,"79½""","4.46 10-Yard Split: 1.58 3-Cone: N/A Shuttle: N/A Vertical: N/A Broad: N/A","1.58 3-Cone: N/A Shuttle: N/A Vertical: N/A Broad: N/A","N/A Broad: N/A","N/A","N/A Shuttle: N/A Vertical: N/A Broad: N/A","N/A Vertical: N/A Broad: N/A",NA
"7","https://bleacherreport.com/articles/25258657-nfl-draft-2026-scouting-report-texas-tech-edge-david-bailey","NFL Draft 2026 Scouting Report for Texas Tech Edge David Bailey","NFL Draft 2026 Scouting Report for Texas Tech Edge David Bailey","David Bailey",NA,"- Impressive athlete who is quick-twichted and has very smooth/easy change of direction skills to beat offensive linemen across faces. | - Good acceleration off the line of scrimmage to win around the edge with speed. | - Bailey uses his hands well as a pass-rusher, showing quick and active hands to ""defeat the hands, defeat the man"" against offensive tackles. | - Shown several pass-rush moves that he can with: hand swipe, rip, ghost rush, inside spin and long-arm. | - Good bend to corner at the top of the rush. | - Very agile to be an effective looper in line games, he can gain ground vertically while moving laterally.","- Slightly undersized to be a full-time edge defender in the NFL, Stanford had Bailey listed at 238 pounds in 2024, meaning he has already put on 13 pounds and might have maxed out his frame. | - Lacks the strength to be an effective run defender; he struggles to get extension on blocks and has skinny legs, which makes setting the edge against offensive linemen difficult. | - Not very physical at the point of attack. | - Has a habit of working around blocks, even against tight ends, often vacating his gap. | - Doesn't have the mass and strength to effectively turn speed to power against good competition. | Grade, Rank, and Pro Comparison | .css-1582m2i{margin:0;font:inherit;font-weight:700;}GRADE: 8.4 (Year 1 Starter — 1st Round) | COMPARABLE GRADE: Jaelan Phillips, Miami (8.1 in 2021), Dallas Turner, Alabama (8.4 in 2024), Laiatu Latu, UCLA (8.4 in 2024) | OVERALL RANK: 7 | POSITION RANK: EDGE2 | PRO COMPARISON: Jaelan Phillips",NA,"Height: 6'4"" Weight: 251 Hand: 10¼"" Arm: 33¾"" Wingspan: 79¾"" | 40-Yard Dash: 4.50 10-Yard Split: 1.62 3-Cone: N/A Shuttle: N/A Vertical: 35"" Broad: 10'9""","8.4 (Year 1 Starter — 1st Round)","Jaelan Phillips, Miami (8.1 in 2021), Dallas Turner, Alabama (8.4 in 2024), Laiatu Latu, UCLA (8.4 in 2024)","7","EDGE2","Jaelan Phillips","6'4"" Weight: 251 Hand: 10¼"" Arm: 33¾"" Wingspan: 79¾""","251 Hand: 10¼"" Arm: 33¾"" Wingspan: 79¾""",NA,NA,"79¾""","4.50 10-Yard Split: 1.62 3-Cone: N/A Shuttle: N/A Vertical: 35"" Broad: 10'9""","1.62 3-Cone: N/A Shuttle: N/A Vertical: 35"" Broad: 10'9""","35"" Broad: 10'9""","10'9""","N/A Shuttle: N/A Vertical: 35"" Broad: 10'9""","N/A Vertical: 35"" Broad: 10'9""",NA
"8","https://bleacherreport.com/articles/25248631-nfl-draft-2026-scouting-report-arizona-state-wr-jordyn-tyson","NFL Draft 2026 Scouting Report for Arizona State WR Jordyn Tyson","NFL Draft 2026 Scouting Report for Arizona State WR Jordyn Tyson","Jordyn Tyson",NA,"- Twitchy route runner; consistently wins leverage and creates separation | - Sudden mover with short-area quickness; effective at all three levels | - Alignment-versatile; He projects best as a movable Z-receiver that creates advantageous matchups. | - Flashes late hands and wins through contact; strong ball skills at the catch point | - Excellent body control, high points, and adjusts well to passes downfield | -Vertical speed to threaten and beat defenses over the top","- Inconsistent route efficiency with wasted movements at breaking points | - Struggles with physical press coverage, delayed, and inconsistent hand usage | - Injury history raises durability concerns | - Doesn't maximize his physical ability to create YAC; Athleticism is there but development is needed",NA,"Height: 6'2"" Weight: 203 HAND: 9⅛"" ARM: 30¼"" Wingspan: 75¼"" | 40-Yard DASH: N/A 3-Cone Drill: N/A Shuttle: N/A Vertical: N/A Broad: N/A Bench Press: 26","8.20 (Year 1 Starter — 1st Round)","Quentin Johnston (8.4 in 2023), Jaxson Smith-Njigba (8.3 in 2023), Jameson Williams (8.4 in 2022)","9","WR1","Amari Cooper","6'2"" Weight: 203 HAND: 9⅛"" ARM: 30¼"" Wingspan: 75¼""","203 HAND: 9⅛"" ARM: 30¼"" Wingspan: 75¼""",NA,NA,"75¼""",NA,NA,"N/A Broad: N/A Bench Press: 26","N/A Bench Press: 26",NA,"N/A Vertical: N/A Broad: N/A Bench Press: 26",NA
"9","https://bleacherreport.com/articles/25248167-nfl-draft-2026-scouting-report-clemson-dl-peter-woods","NFL Draft 2026 Scouting Report for Clemson DL Peter Woods","NFL Draft 2026 Scouting Report for Clemson DL Peter Woods","Peter Woods",NA,"- Good size with impressive movement skills and quickness for a defensive tackle. | - Plenty of upper body strength and pop in his hands to stand up offensive linemen and gain control of the block. Also is quick to shoot his hands and keeps his hands tight to protect his chest. | - Very good at getting off blocks, stack-and-shedding looks easy for him and has a hump move to escape, too. | - Against double teams, Woods attacks the man he's lined up across and has showed the ability to get skinny and occasionally split combo blocks. | - Has the combination of power and movement skills to develop into a quality pass-rusher down the line.","- Minimal pass-rush production, doesn't have a go-to move and is still learning how to use his hands as a rusher. Only had five career sacks over three seasons. | - Pad level off the line of scrimmage is subpar, hurting the effectiveness of his bull rush, and Woods struggles to sink his hips and anchor against down blocks. | - Has balance issues when shedding blocks or breaking into the backfield, which can lead to missed tackles. | - In 2024, he played with some bad weight and admitted he was too heavy (h/t The Clemson Insider), will need to keep his weight under control at the next level. | Grade, Rank, and Pro Comparison | .css-1582m2i{margin:0;font:inherit;font-weight:700;}GRADE: 8.0 (Impact Player — 1st Round) | COMPARABLE GRADE: Derrick Harmon, Oregon (8.0 in 2025), Byron Murphy II, Texas (8.1 in 2024), Jer'Zhan Newton, Illinois (8.0 in 2024) | OVERALL RANK: 21 | POSITION RANK: DL2 | PRO COMPARISON: Jeffery Simmons",NA,"Height: 6'3"" Weight: 298 Hand: 9⅛"" Arm: 31¼"" Wingspan: 76⅝"" | 40-Yard dash: N/A 10-Yard split: 1.67 3-Cone: 7.70 Shuttle: 4.53 Vertical: 29"" Broad: 8'8""","8.0 (Impact Player — 1st Round)","Derrick Harmon, Oregon (8.0 in 2025), Byron Murphy II, Texas (8.1 in 2024), Jer'Zhan Newton, Illinois (8.0 in 2024)","21","DL2","Jeffery Simmons","6'3"" Weight: 298 Hand: 9⅛"" Arm: 31¼"" Wingspan: 76⅝""","298 Hand: 9⅛"" Arm: 31¼"" Wingspan: 76⅝""",NA,NA,"76⅝""",NA,NA,"29"" Broad: 8'8""","8'8""","7.70 Shuttle: 4.53 Vertical: 29"" Broad: 8'8""","4.53 Vertical: 29"" Broad: 8'8""",NA
"10","https://bleacherreport.com/articles/25252853-nfl-draft-2026-scouting-report-ohio-state-wr-carnell-tate","NFL Draft 2026 Scouting Report for Ohio State WR Carnell Tate","NFL Draft 2026 Scouting Report for Ohio State WR Carnell Tate","Carnell Tate",NA,"- Advanced route runner; consistently manipulates leverage and creates separation | - Sells vertical stems effectively, forces defenders to open hips early | - Long strider, covers ground quickly with free releases | - Strong ball skills, fully extends outside frame, and wins at the catch point | - Excellent body control, adjusts to off-target throws | - Competitive perimeter run blocker","- Build-up speed, lacks initial burst versus physical press coverage | - Questionable play strength; can get stalled by physical cornerbacks | - Limited YAC creativity, relies on angles rather than elusiveness in the open field | - Saw favorable coverage matchups across from Jeremiah Smith, raising questions on how he will handle WR1 workload and defensive attention",NA,"Height: 6'2"" Weight: 192 HAND: 10¼"" ARM: 31¾"" | 40-Yard Dash: 4.53 3-Cone: N/A Shuttle: N/A Vertical: N/A Broad: N/A","8.15 (Year 1 Starter— 1st Round)","Quentin Johnston (8.4 in 2023), Jaxson Smith-Njigba (8.3 in 2023), Jameson Williams (8.4 in 2022)","11","WR2","DeVonta Smith","6'2"" Weight: 192 HAND: 10¼"" ARM: 31¾""","192 HAND: 10¼"" ARM: 31¾""",NA,NA,NA,"4.53 3-Cone: N/A Shuttle: N/A Vertical: N/A Broad: N/A",NA,"N/A Broad: N/A","N/A","N/A Shuttle: N/A Vertical: N/A Broad: N/A","N/A Vertical: N/A Broad: N/A",NA
"11","https://bleacherreport.com/articles/25260194-nfl-draft-2026-scouting-report-usc-wr-makai-lemon","NFL Draft 2026 Scouting Report for USC WR Makai Lemon","NFL Draft 2026 Scouting Report for USC WR Makai Lemon","Makai Lemon",NA,"- Lemon is a dangerous run-after-catch threat, using contact balance, lateral agility, and vision to create extra yardage | - Great play strength allows him to break tackles and finish plays through traffic | - Displays strong, dependable hands and consistently catches away from his frame | - Excellent ball tracking and timing his hands late in the process, limiting opportunities for defenders to disrupt the catch point | - His toughness shines when he's asked to work in the middle of the field. Lemon does the dirty work in the short- and intermediate-area of the field | - Highly competitive over the middle target, he shows zero hesitation working in high-traffic areas | - Adequate run blocker and does not back down at the point of attack | - A nuanced route-runner who understands leverage and spacing. Strong use of tempo variation, sharp footwork, and physicality at the top of his routes for separation","- Struggles against physical and long press corners can be disrupted at the line. Needs a more reliable release package to avoid being rerouted | - Limited catch radius due to average length and wingspan. Will have difficulty consistently converting contested catches against longer NFL defensive backs | - Lacks an elite initial burst and top-end explosiveness. More of a build-up speed athlete, limiting his ability to consistently threaten vertically from the perimeter",NA,"Height: 5'11"" Weight: 192 HAND: 8¾"" ARM: 30½"" | 40-Yard Dash: 4.46 (Pro-day) 3-Cone: N/A Shuttle: N/A Vertical: N/A Broad: N/A","8.1 (Year 1 Starter — Late 1st Round)","Treylon Burks (8.1 in 2022), Brian Thomas Jr. (8.1 in 2024), Keon Coleman (8.0 in 2024)","14","WR3","Parker Washington / Amon Ra-St. Brown-style impact player","5'11"" Weight: 192 HAND: 8¾"" ARM: 30½""","192 HAND: 8¾"" ARM: 30½""",NA,NA,NA,"4.46 (Pro-day) 3-Cone: N/A Shuttle: N/A Vertical: N/A Broad: N/A",NA,"N/A Broad: N/A","N/A","N/A Shuttle: N/A Vertical: N/A Broad: N/A","N/A Vertical: N/A Broad: N/A",NA
"12","https://bleacherreport.com/articles/25249795-nfl-draft-2026-scouting-report-utah-ot-spencer-fano","NFL Draft 2026 Scouting Report for Utah OT Spencer Fano","NFL Draft 2026 Scouting Report for Utah OT Spencer Fano","Spencer Fano",NA,"- Loose, fluid mover with very good athletic ability, balance and recovery skills. | - Rangy pass protector who mixes up his set lines and works independent hands to manipulate space, disrupt and dictate terms to rushers. | - Very good short-area quickness and contact balance to get out of compromising positions. | - Strong hands and firm center of gravity to brace, stay centered and maintain his posture on blocks once latched. | - Plays with excellent effort and strain regardless of game situation or opponent.","- Lean build and light in the pants results in him getting stalemated and pried open too easily, especially on angle-drive blocks. | - Overly reliant on the flash technique in pass protection, which exposes his chest and leads to erratic strike timing and susceptibility to refined inside counters.",".css-1582m2i{margin:0;font:inherit;font-weight:700;}GRADE: 8.0 (Year 1 Starter - 1st Round) | COMPARABLE GRADE: Bernhard Raimann (8.0 in 2022), Graham Barton (8.0 in 2024), Kelvin Banks Jr. (7.8 in 2025) | OVERALL RANK: 15 | POSITION RANK: OT1 | PRO COMPARISON: Zach Tom | TOP NEWS | Report: Falcons, Jags Make DT Trade | Brissett Wants Starter Money | Every Team's Ideal 1st-Round Pick 👌","Height: 6'5"" Weight: 311 Arm: 32 ⅛"" Hand: 9"" | 40-Yard Dash: 4.91 10-Yard Split: 1.72 Vertical: 32"" Broad: 9'3"" Shuttle: 4.67 3-Cone: 7.34 Bench: NA","8.0 (Year 1 Starter - 1st Round)","Bernhard Raimann (8.0 in 2022), Graham Barton (8.0 in 2024), Kelvin Banks Jr. (7.8 in 2025)","15","OT1","Zach Tom","6'5"" Weight: 311 Arm: 32 ⅛"" Hand: 9""","311 Arm: 32 ⅛"" Hand: 9""",NA,NA,NA,"4.91 10-Yard Split: 1.72 Vertical: 32"" Broad: 9'3"" Shuttle: 4.67 3-Cone: 7.34 Bench: NA","1.72 Vertical: 32"" Broad: 9'3"" Shuttle: 4.67 3-Cone: 7.34 Bench: NA","32"" Broad: 9'3"" Shuttle: 4.67 3-Cone: 7.34 Bench: NA","9'3"" Shuttle: 4.67 3-Cone: 7.34 Bench: NA","7.34 Bench: NA","4.67 3-Cone: 7.34 Bench: NA","NA"
"13","https://bleacherreport.com/articles/25249903-nfl-draft-2026-scouting-report-ohio-state-lb-sonny-styles","NFL Draft 2026 Scouting Report for Ohio State LB Sonny Styles","NFL Draft 2026 Scouting Report for Ohio State LB Sonny Styles","Sonny Styles",NA,"- Very good athlete for a linebacker who has good eyes in man and zone coverages to locate threats and/or avoid pick routes. | - Movement skills, fluid hips and speed allow him to cover tight ends and running backs in man coverage or carry wide receivers on vertical routes when playing Tampa 2. | - Impressive speed to close on ball carriers, either when clicking and closing in coverage or when it comes to his sideline-to-sideline range against the run. | - Effective open-field tackler, Styles has the athleticism to avoid getting juked out in space, breaks down before contact and has long arms to increase his tackle radius. | - Physical player against the run and takes on blocks with his hands to help get extension when he adds more strength. | - Has showed the ability to use his movement skills to slip blocks from offensive linemen when they climb to the second level.","- Can get caught staring into the backfield against the run, putting him in a bad position to take on blocks and occasionally leading to him getting caught in the trash. | - A little thin for his height, could afford to add some size and strength to have more pop behind his pads when coming downhill and hold his ground against stronger offensive linemen. | - Also lacks some upper body strength to stack and shed blocks, and needs to develop a move to escape. | - Bites hard against run fakes on play action. | Grade, Rank, and Pro Comparison | .css-1582m2i{margin:0;font:inherit;font-weight:700;}GRADE: 8.4 (Year 1 Starter — 1st Round) | COMPARABLE GRADE: Nakobe Dean, Georgia (8.2 in 2022), Jalon Walker, Georgia (8.1 in 2025), Jeremiah Owusu-Koramoah, Notre Dame (8.5 in 2021) | OVERALL RANK: 6 | POSITION RANK: LB2 | PRO COMPARISON: Skinny Anthony Barr (NFL version)",NA,"Height: 6'5"" Weight: 244 Hand: 10"" Arm: 32⅞"" Wingspan: 80⅞"" | 40-Yard Dash: 4.46 10-Yard Split: 1.56 3-Cone: 7.09 Shuttle: 4.26 Vertical: 43.5 Broad: 11'2""","8.4 (Year 1 Starter — 1st Round)","Nakobe Dean, Georgia (8.2 in 2022), Jalon Walker, Georgia (8.1 in 2025), Jeremiah Owusu-Koramoah, Notre Dame (8.5 in 2021)","6","LB2","Skinny Anthony Barr (NFL version)","6'5"" Weight: 244 Hand: 10"" Arm: 32⅞"" Wingspan: 80⅞""","244 Hand: 10"" Arm: 32⅞"" Wingspan: 80⅞""",NA,NA,"80⅞""","4.46 10-Yard Split: 1.56 3-Cone: 7.09 Shuttle: 4.26 Vertical: 43.5 Broad: 11'2""","1.56 3-Cone: 7.09 Shuttle: 4.26 Vertical: 43.5 Broad: 11'2""","43.5 Broad: 11'2""","11'2""","7.09 Shuttle: 4.26 Vertical: 43.5 Broad: 11'2""","4.26 Vertical: 43.5 Broad: 11'2""",NA
"14","https://bleacherreport.com/articles/25250168-nfl-draft-2026-scouting-report-miami-iol-francis-mauigoa","NFL Draft 2026 Scouting Report for Miami IOL Francis Mauigoa","NFL Draft 2026 Scouting Report for Miami IOL Francis Mauigoa","Francis Mauigoa",NA,"- Thick, sturdy and well-rounded build with very good play strength and square power. | - Delivers knock-back power at the point of attack with good grip strength and leg drive to uproot defenders on angle-drive, double-team and pin blocks. | - Good body control and fluidity allow him to reposition, reset and recover better than most players his size. | - Shows a good feel on spacing and timing in the zone run game to timely overtake/release off of combo blocks and 'collect' movement across his face. | - Commanding, elite-level anchor to halt the bull-rush. | - Utilizes independent, active hands in pass protection to bait and disrupt rushers.","- Adequate foot quickness and range on an island in pass protection result in a short corner once rushers get perpendicular to his frame. | - Feet do not always come with him during the 'drive' portion of run blocks, leaving him overextended and susceptible to getting slipped clean late in the rep.",".css-1582m2i{margin:0;font:inherit;font-weight:700;}GRADE: 8.0 (Year 1 Starter - 1st Round) | COMPARABLE GRADE: Tyler Booker (7.8 in 2025), Taliese Fuaga (7.9 in 2024), Steve Avila (7.6 in 2023) | OVERALL RANK: 16 | POSITION RANK: IOL2 | PRO COMPARISON: Stronger Jermaine Eluemunor | TOP NEWS | NFL Not Investigating Mike Vrabel | Jeremiyah Love on Giants' Radar | Mock NFL Expansion Draft 📋","Height: 6'5"" Weight: 329 Arm: 33 ¼"" Hand: 10 ⅝"" | 40-Yard Dash: NA 10-Yard Split: NA Vertical: NA Broad: NA Shuttle: NA 3-Cone: NA Bench: NA","8.0 (Year 1 Starter - 1st Round)","Tyler Booker (7.8 in 2025), Taliese Fuaga (7.9 in 2024), Steve Avila (7.6 in 2023)","16","IOL2","Stronger Jermaine Eluemunor","6'5"" Weight: 329 Arm: 33 ¼"" Hand: 10 ⅝""","329 Arm: 33 ¼"" Hand: 10 ⅝""",NA,NA,NA,"NA 10-Yard Split: NA Vertical: NA Broad: NA Shuttle: NA 3-Cone: NA Bench: NA","NA Vertical: NA Broad: NA Shuttle: NA 3-Cone: NA Bench: NA","NA Broad: NA Shuttle: NA 3-Cone: NA Bench: NA","NA Shuttle: NA 3-Cone: NA Bench: NA","NA Bench: NA","NA 3-Cone: NA Bench: NA","NA"
"15","https://bleacherreport.com/articles/25248486-nfl-draft-2026-scouting-report-oregon-te-kenyon-sadiq","NFL Draft 2026 Scouting Report for Oregon TE Kenyon Sadiq","NFL Draft 2026 Scouting Report for Oregon TE Kenyon Sadiq","Kenyon Sadiq",NA,"— Uses superior physicality and multi-functional utility as a blocker to open up the run and screen games. | — Alignment versatility to create mismatches in the passing game. | — His athletic ability creates missed tackles with the ball in his hands. | — He's a speed threat down the seam and after the catch who alters pursuit angles with burst. | — Runs routes with intention and has quick breaks at the top of routes to separate from man coverage.","— His frame and anchor will be tested at the NFL level against bigger and stronger athletes. | — Growing as a route salesman to win when superior athleticism is matched. Need to see him give consistent effort in routes. | — Showcase the ability to consistently win contested catch situations. | — Football IQ in reading leverage and zone defenses to create throwing lanes for his quarterback.",".css-1582m2i{margin:0;font:inherit;font-weight:700;}GRADE: 8.0 (Impact Player — 1st Round) | COMPARABLE GRADE: Dalton Kincaid, TE, Utah (7.8 in 2023), TE Tyler Warren, Penn State (8.1 in 2025) | OVERALL RANK: 17 | POSITION RANK: TE1 | PRO COMPARISON: George Kittle | TOP NEWS | NFL Not Investigating Mike Vrabel | Jeremiyah Love on Giants' Radar | Mock NFL Expansion Draft 📋","Height: 6'3"" Weight: 241 Hand Size: 10"" Arm Length: 31 ½"" Wingspan: 78 ¼"" 40-yard dash: 4.39 10-yard split: 1.54 Vertical: 43.5"" Broad: 11'1"" 3 cone: N/A Shuttle: N/A Bench: 26","8.0 (Impact Player — 1st Round)","Dalton Kincaid, TE, Utah (7.8 in 2023), TE Tyler Warren, Penn State (8.1 in 2025)","17","TE1","George Kittle","6'3"" Weight: 241 Hand Size: 10"" Arm Length: 31 ½"" Wingspan: 78 ¼"" 40-yard dash: 4.39 10-yard split: 1.54 Vertical: 43.5"" Broad: 11'1"" 3 cone: N/A Shuttle: N/A Bench: 26","241 Hand Size: 10"" Arm Length: 31 ½"" Wingspan: 78 ¼"" 40-yard dash: 4.39 10-yard split: 1.54 Vertical: 43.5"" Broad: 11'1"" 3 cone: N/A Shuttle: N/A Bench: 26","10"" Arm Length: 31 ½"" Wingspan: 78 ¼"" 40-yard dash: 4.39 10-yard split: 1.54 Vertical: 43.5"" Broad: 11'1"" 3 cone: N/A Shuttle: N/A Bench: 26","31 ½"" Wingspan: 78 ¼"" 40-yard dash: 4.39 10-yard split: 1.54 Vertical: 43.5"" Broad: 11'1"" 3 cone: N/A Shuttle: N/A Bench: 26","78 ¼"" 40-yard dash: 4.39 10-yard split: 1.54 Vertical: 43.5"" Broad: 11'1"" 3 cone: N/A Shuttle: N/A Bench: 26",NA,NA,"43.5"" Broad: 11'1"" 3 cone: N/A Shuttle: N/A Bench: 26","11'1"" 3 cone: N/A Shuttle: N/A Bench: 26",NA,"N/A Bench: 26","26"
"16","https://bleacherreport.com/articles/25293025-nfl-draft-2026-scouting-report-texas-am-wr-kc-concepcion","NFL Draft 2026 Scouting Report for Texas A&M WR KC Concepcion","NFL Draft 2026 Scouting Report for Texas A&M WR KC Concepcion","KC Concepcion",NA,"- Concepcion is an explosive playmaker in space. Once he secures the football, he puts defenders at odds. | - He excels in creating plays after the catch with his toughness, elusiveness, and explosiveness. His versatility opens up the playbook because he's also dangerous on bubble screens, pre-snap motion, jet sweeps, and handoffs. | - He is a deceptive and sudden route-runner who effectively attacks both man and zone coverages. Concepcion has a strong release package using quick lateral footwork to suddenly move his defender in the contact window. | - Against zone, he finds the open void quickly and stems his routes to manipulate second-level spot droppers. He reads zone defenders' leverage well, locating the soft spots in coverage. | - At Texas A&M, his usage allowed him to display vertical ability. Concepcion is an explosive athlete with top-end speed. Paired with his short-area quickness, he takes the top off the defense from the slot and works on the outside. | - With the ball in the air, the dynamic transfer receiver shines. He tracks the ball's trajectory without breaking stride or losing balance when working down the field. He will go up and make a play as it begins to descend. | - Concepcion fits the mold as a dynamic do-it-all, run-after-catch receiver in today's NFL. | - West Coast offenses will fit him like a glove because of his effectiveness in the short and intermediate levels, since he's a threat to convert short receptions into much larger gains.","- Concepcion has experienced focus drops throughout his career. He transitions from receiver to runner quickly. | - Sometimes, he will take his eyes off the ball before properly securing the catch. By slowing his process to ensure the ball is secure, he then becomes a playmaker. | - His wingspan is functional but appears to be limited. Longer and more adept playmaking corners in the NFL can create issues in contested-catch situations. | - He is a leaner receiver who could add a few more pounds without sacrificing his dynamic speed and acceleration. Some teams may pigeonhole him as a slot-only receiver. | - Run-blocking consistency. Improving his technique when attacking perimeter defenders at the point of attack.",NA,"Height: 6'0"" Weight: 196 HAND: 9¼"" ARM: 30¼"" | 40-Yard DASH: N/A Broad Jump: N/A 3-Cone Drill: N/A 20-Yard Shuttle: N/A Bench Press: N/A","8.08 (Year 1 Starter — Late 1st-Early 2nd Round)","Treylon Burks (8.1 in 2022), George Pickens (7.9 in 2022), Keon Coleman (8.0 in 2024)","16","WR4","Emmanuel Sanders","6'0"" Weight: 196 HAND: 9¼"" ARM: 30¼""","196 HAND: 9¼"" ARM: 30¼""",NA,NA,NA,NA,NA,NA,NA,NA,"N/A Bench Press: N/A",NA
"17","https://bleacherreport.com/articles/25252318-nfl-draft-2026-scouting-report-clemson-cb-avieon-terrell","NFL Draft 2026 Scouting Report for Clemson CB Avieon Terrell","NFL Draft 2026 Scouting Report for Clemson CB Avieon Terrell","Avieon Terrell",NA,"— Terrell gets proper depth in zone coverage and uses exceptional eyes to break on route concepts and throws. | —He's has a great competitive nature across the board and won't back down to anyone. He's improved strength and leverage understanding to deliver hits and get off blocks. | — Smooth backpedal and hip-flip to match to maintain connectivity in man coverage and zone match principles. | — Breaks on the football quickly and regularly attacks the catch point with his hands and ball tracking skills. | — Has a nose for the football, even without the interception numbers. His 25 passes defensed and eight forced fumbles are a tantalizing combo.","— Terrell shows the ability, but there needs to be more urgency to attack downhill against the run. | — Locating the football down the field against bigger receivers will improve his ability to disrupt the catch point. | — Soft press technique can be slightly slow, leading to quicker receivers beating him quickly across his face.",".css-1582m2i{margin:0;font:inherit;font-weight:700;}GRADE: 8.0 (Year 1 Starter - First Round) | COMPARABLE GRADE: CB Benjamin Morrison, Notre Dame (7.9 in 2025), CB Clark Phillips III, Utah (7.9 in 2023), CB Andrew Booth Jr., Clemson (8.1 in 2022) | OVERALL RANK: 21 | POSITION RANK: CB3 | PRO COMPARISON: DJ Turner | TOP NEWS | Report: Falcons, Jags Make DT Trade | Fans' picks for NFL mock draft | Re-Drafting Every Team's Worst Draft Pick of the Century 😡","Height: 5'10 ¾"" Weight: 186 Hand Size: 8 ⅝"" Arm Length: 31"" Wingspan: N/A 40-yard dash: N/A 10-yard split: N/A Vertical: 34"" Broad: 10'3"" 3 cone: N/A Shuttle: N/A Bench: 17","8.0 (Year 1 Starter - First Round)","CB Benjamin Morrison, Notre Dame (7.9 in 2025), CB Clark Phillips III, Utah (7.9 in 2023), CB Andrew Booth Jr., Clemson (8.1 in 2022)","21","CB3","DJ Turner","5'10 ¾"" Weight: 186 Hand Size: 8 ⅝"" Arm Length: 31"" Wingspan: N/A 40-yard dash: N/A 10-yard split: N/A Vertical: 34"" Broad: 10'3"" 3 cone: N/A Shuttle: N/A Bench: 17","186 Hand Size: 8 ⅝"" Arm Length: 31"" Wingspan: N/A 40-yard dash: N/A 10-yard split: N/A Vertical: 34"" Broad: 10'3"" 3 cone: N/A Shuttle: N/A Bench: 17","8 ⅝"" Arm Length: 31"" Wingspan: N/A 40-yard dash: N/A 10-yard split: N/A Vertical: 34"" Broad: 10'3"" 3 cone: N/A Shuttle: N/A Bench: 17","31"" Wingspan: N/A 40-yard dash: N/A 10-yard split: N/A Vertical: 34"" Broad: 10'3"" 3 cone: N/A Shuttle: N/A Bench: 17","N/A 40-yard dash: N/A 10-yard split: N/A Vertical: 34"" Broad: 10'3"" 3 cone: N/A Shuttle: N/A Bench: 17",NA,NA,"34"" Broad: 10'3"" 3 cone: N/A Shuttle: N/A Bench: 17","10'3"" 3 cone: N/A Shuttle: N/A Bench: 17",NA,"N/A Bench: 17","17"
"18","https://bleacherreport.com/articles/25253200-nfl-draft-2026-scouting-report-toledo-s-emmanuel-mcneil-warren","NFL Draft 2026 Scouting Report for Toledo S Emmanuel McNeil-Warren","NFL Draft 2026 Scouting Report for Toledo S Emmanuel McNeil-Warren","Emmanuel McNeil-Warren",NA,"— A willing and effective run supporting safety who can set the tone with big hits. | — McNeil-Warren plays with sound tackling technique and attacks the football with regularity. | — Zone eyes show up in identifying route concepts underneath and matching that with quarterback eyes. | — Can man-up on tight ends and athletically stay with them in routes. Throwing off the timing and not backing down to bigger receivers gives him versatility. | — He is always around the football and uses his instincts to sniff out underneath plays.","— Learn to better use his length to take on blocks in the run game. Extending and peaking to locate the football will give him more impact. | — Recovery top-end speed is limited, and his backpedal can be choppy, contributing to recovery time. | — Impact as a true single high defender will be determined on continued growth of instincts.",".css-1582m2i{margin:0;font:inherit;font-weight:700;}GRADE: 8.0 (Year 1 Starter - Late First Round) | COMPARABLE GRADE: CB Benjamin Morrison, Notre Dame (7.9 in 2025), Jaquan Brisker, S, Penn State (8.0 in 2022), Clark Phillips III, CB, Utah (7.9 in 2023) | OVERALL RANK: 20 | POSITION RANK: S3 | PRO COMPARISON: Justin Reid | TOP NEWS | NFL Not Investigating Mike Vrabel | Jeremiyah Love on Giants' Radar | Mock NFL Expansion Draft 📋","Height: 6'3 ¼"" Weight: 201 Hand Size: 9 ¼"" Arm Length: 32 ⅛"" Wingspan: 78 ¼"" 40-yard dash: 4.52 10-yard split: 1.58 Vertical: 35.5"" Broad: 10'2"" 3 cone: N/A Shuttle: N/A Bench: N/A","8.0 (Year 1 Starter - Late First Round)","CB Benjamin Morrison, Notre Dame (7.9 in 2025), Jaquan Brisker, S, Penn State (8.0 in 2022), Clark Phillips III, CB, Utah (7.9 in 2023)","20","S3","Justin Reid","6'3 ¼"" Weight: 201 Hand Size: 9 ¼"" Arm Length: 32 ⅛"" Wingspan: 78 ¼"" 40-yard dash: 4.52 10-yard split: 1.58 Vertical: 35.5"" Broad: 10'2"" 3 cone: N/A Shuttle: N/A Bench: N/A","201 Hand Size: 9 ¼"" Arm Length: 32 ⅛"" Wingspan: 78 ¼"" 40-yard dash: 4.52 10-yard split: 1.58 Vertical: 35.5"" Broad: 10'2"" 3 cone: N/A Shuttle: N/A Bench: N/A","9 ¼"" Arm Length: 32 ⅛"" Wingspan: 78 ¼"" 40-yard dash: 4.52 10-yard split: 1.58 Vertical: 35.5"" Broad: 10'2"" 3 cone: N/A Shuttle: N/A Bench: N/A","32 ⅛"" Wingspan: 78 ¼"" 40-yard dash: 4.52 10-yard split: 1.58 Vertical: 35.5"" Broad: 10'2"" 3 cone: N/A Shuttle: N/A Bench: N/A","78 ¼"" 40-yard dash: 4.52 10-yard split: 1.58 Vertical: 35.5"" Broad: 10'2"" 3 cone: N/A Shuttle: N/A Bench: N/A",NA,NA,"35.5"" Broad: 10'2"" 3 cone: N/A Shuttle: N/A Bench: N/A","10'2"" 3 cone: N/A Shuttle: N/A Bench: N/A",NA,"N/A Bench: N/A","N/A"
"19","https://bleacherreport.com/articles/25258484-nfl-draft-2026-scouting-report-penn-state-iol-olaivavega-ioane","NFL Draft 2026 Scouting Report for Penn State IOL Olaivavega Ioane","NFL Draft 2026 Scouting Report for Penn State IOL Olaivavega Ioane","Olaivavega Ioane",NA,"— Stout, densely-built body type with heavy hands and very good square power. | — Jarring power in hips and hands to deliver jolt on contact and excavate smaller defenders on the move. | — Excellent grip strength to strike through pass-rush moves, latch on target and end reps on command. | — Plays on the plus side of the line of scrimmage in the run game by covering up targets and creating displacement to form lanes on combinations, angle-drive and base blocks. | — Does a nice job using shoe and short sets to play with inside-out positional leverage in pass protection to harden his inside shoulder and force rushers to work down the middle or high-side.","— Solid rather than a very good or elite athlete. | — Rigid approach as a pass protector results in adequate fluidity and recovery skills once rushers get on his edge.",".css-1582m2i{margin:0;font:inherit;font-weight:700;}GRADE: 8.1 (Year 1 Starter - Round 1) | COMPARABLE GRADE: Tyler Booker (7.8 in 2025), Steve Avila (7.6 in 2023), Zion Johnson (8.3 in 2022) | OVERALL RANK: 13 | POSITION RANK: IOL1 | PRO COMPARISON: Mike Iupati | TOP NEWS | Report: Falcons, Jags Make DT Trade | Mock NFL Expansion Draft 📋 | Every Team's Ideal 1st-Round Pick 👌","Height: 6'4"" Weight: 320 Arm: 32¾"" Hand: 10 ½"" | 40-Yard Dash: N/A 10-Yard Split: N/A Vertical: 31½"" Broad: 8'8"" Shuttle: N/A 3-Cone: N/A Bench: N/A","8.1 (Year 1 Starter - Round 1)","Tyler Booker (7.8 in 2025), Steve Avila (7.6 in 2023), Zion Johnson (8.3 in 2022)","13","IOL1","Mike Iupati","6'4"" Weight: 320 Arm: 32¾"" Hand: 10 ½""","320 Arm: 32¾"" Hand: 10 ½""",NA,NA,NA,"N/A 10-Yard Split: N/A Vertical: 31½"" Broad: 8'8"" Shuttle: N/A 3-Cone: N/A Bench: N/A","N/A Vertical: 31½"" Broad: 8'8"" Shuttle: N/A 3-Cone: N/A Bench: N/A","31½"" Broad: 8'8"" Shuttle: N/A 3-Cone: N/A Bench: N/A","8'8"" Shuttle: N/A 3-Cone: N/A Bench: N/A","N/A Bench: N/A","N/A 3-Cone: N/A Bench: N/A","N/A"
"20","https://bleacherreport.com/articles/25252729-nfl-draft-2026-scouting-report-auburn-edge-keldric-faulk","NFL Draft 2026 Scouting Report for Auburn DL Keldric Faulk","NFL Draft 2026 Scouting Report for Auburn DL Keldric Faulk","Keldric Faulk",NA,"- Great size and frame for a defensive lineman, Faulk has an ""NFL-ready"" body and has very long arms. | - Impressive strength and physicality at the point of attack, which combined with his arm length, allows him to get extension on blocks. | - Pretty good at shedding blocks against offensive linemen to make plays in the running game. | - Good against pullers as a run defender, he's quick to recognize when he's unblocked and either get underneath the puller as the spill player or be stout and set the edge as the force player. | - Solid long-arm, rip and swim moves that he can win with occasionally as a pass-rusher. | - High motor pass-rusher to get coverage sacks or clean up sacks when the quarterback leaves the pocket. | - Experience playing several different defensive line alignments, from a shade-nose tackle to standup outside linebacker. He's best in odd fronts as a 4i-technique and can be a base end in even fronts if needed in the NFL.","- Lacks some twitch and overall athleticism for a prospect of his caliber. This plays into his projection as more of an interior lineman. | - Not explosive off the line of scrimmage to threaten offensive tackles with speed as a pass-rusher. Also, impacts his ability to collapse the pocket when bull rushing. | - Use of hands as a pass-rusher is still a work in progress, Faulk often lets offensive tackles make the first significant contact and ends up chest-to-chest too often. Also, he doesn't work the tackle's hands after contact, nor does he have a good counter move. | - Subpar bend to turn tight corners at the top of the rush, shows some stiffness in his lower body. | - Against reach blocks, he's reliant on winning at the point of attack due to his lack of lateral movement skills. | Grade, Rank, and Pro Comparison | .css-1582m2i{margin:0;font:inherit;font-weight:700;}GRADE: 8.0 (Year 1 Starter — Late 1st - Early 2nd Round) | COMPARABLE GRADE: Derrick Harmon, Oregon (8.0 in 2025), Jer'Zhan Newton, Illinois (8.0 in 2024), Tyree Wilson, Texas Tech (8.1 in 2023) | OVERALL RANK: 19 | POSITION RANK: DL1 | PRO COMPARISON: Carlos Dunlap",NA,"Height: 6'6"" Weight: 276 Hand: 9¾"" Arm: 34⅜"" Wingspan: 82¼"" | 40-yard dash: N/A 10-yard split: N/A 3-Cone: N/A Shuttle: N/A Vertical: 35"" Broad: 9'9""","8.0 (Year 1 Starter — Late 1st - Early 2nd Round)","Derrick Harmon, Oregon (8.0 in 2025), Jer'Zhan Newton, Illinois (8.0 in 2024), Tyree Wilson, Texas Tech (8.1 in 2023)","19","DL1","Carlos Dunlap","6'6"" Weight: 276 Hand: 9¾"" Arm: 34⅜"" Wingspan: 82¼""","276 Hand: 9¾"" Arm: 34⅜"" Wingspan: 82¼""",NA,NA,"82¼""",NA,NA,"35"" Broad: 9'9""","9'9""","N/A Shuttle: N/A Vertical: 35"" Broad: 9'9""","N/A Vertical: 35"" Broad: 9'9""",NA
"21","https://bleacherreport.com/articles/25250796-nfl-draft-2026-scouting-report-texas-am-edge-cashius-howell","NFL Draft 2026 Scouting Report for Texas A&M Edge Cashius Howell","NFL Draft 2026 Scouting Report for Texas A&M Edge Cashius Howell","Cashius Howell",NA,"- Impressive athlete overall, who wins with quickness and has smooth movement skills. | - Can win as a pass-rusher in a handful of ways, including turning speed to power, cross-chop and inside spin moves. | - Good bend to corner at the top of the rush. | - Gets his hands up to bat passes at the line of scrimmage when Howell doesn't win as a pass-rusher. | - Physical and displays decent strength at the point of attack against the run, can set the edge against tight ends. | - Good speed to make tackles near the line of scrimmage when unblocked on the backside of zone runs. | - Athletic enough to drop in coverage occasionally as a 34 outside linebacker. Also, looks comfortable dropping in coverage and can make tackles in space.","- Lean frame, could afford to add some size and strength to help anchor as a run defender against bigger offensive linemen. | - Turns his shoulders perpendicular to the line of scrimmage when setting the edge. | - Likes to gamble and duck inside blocks against the run, making him susceptible to getting reached. | - Despite being athletic and quick, Howell doesn't threaten offensive tackles with speed of the line of scrimmage as a pass-rusher. | - Very short arms for an NFL edge defender. | Grade, Rank, and Pro Comparison | .css-1582m2i{margin:0;font:inherit;font-weight:700;}GRADE: 7.8 (Key Contributor — 2nd) | COMPARABLE GRADE: James Pearce Jr., Tennessee (7.9 in 2025), BJ Ojulari, LSU (7.9 in 2023), Jermaine Johnson II, Florida State (7.9 in 2022) | OVERALL RANK: 32 | POSITION RANK: EDGE5 | PRO COMPARISON: Harold Landry III",NA,"Height: 6'2"" Weight: 253 Hand: 9¼"" Arm: 30¼"" Wingspan: 74¼"" | 40-Yard Dash: 4.59 10-Yard Split: 1.58 3-Cone: N/A Shuttle: N/A Vertical: 32.5"" Broad: 9'7""","7.8 (Key Contributor — 2nd)","James Pearce Jr., Tennessee (7.9 in 2025), BJ Ojulari, LSU (7.9 in 2023), Jermaine Johnson II, Florida State (7.9 in 2022)","32","EDGE5","Harold Landry III","6'2"" Weight: 253 Hand: 9¼"" Arm: 30¼"" Wingspan: 74¼""","253 Hand: 9¼"" Arm: 30¼"" Wingspan: 74¼""",NA,NA,"74¼""","4.59 10-Yard Split: 1.58 3-Cone: N/A Shuttle: N/A Vertical: 32.5"" Broad: 9'7""","1.58 3-Cone: N/A Shuttle: N/A Vertical: 32.5"" Broad: 9'7""","32.5"" Broad: 9'7""","9'7""","N/A Shuttle: N/A Vertical: 32.5"" Broad: 9'7""","N/A Vertical: 32.5"" Broad: 9'7""",NA
"22","https://bleacherreport.com/articles/25248619-nfl-draft-2026-scouting-report-clemson-edge-tj-parker","NFL Draft 2026 Scouting Report for Clemson Edge T.J. Parker","NFL Draft 2026 Scouting Report for Clemson Edge T.J. Parker","T.J. Parker",NA,"- Thick build with good size for an NFL defensive end. Appears to have good arm length. | - Strong and physical at the point of attack to set the edge against the run and win with power as a pass-rusher. Also has a good long-arm move to collapse the pocket. | - Plays with his hands in front of him in both phases of the game to protect his chest. | - Active hands when rushing the passer, has shown a solid cross-chop move. | - Smooth change of direction and lateral movement skills for his size. | - Looked comfortable in zone coverage when asked to drop in coverage.","- Doesn't display good burst off the line of scrimmage to win around the edge with speed. | - Lacks some twitch and quickness for a prospect of his caliber. | - Struggles to work the hands after contact and doesn't have a counter move to win as a pass-rusher if he doesn't make the first significant contact. | - Average at best bend, ankles are a little stiff to turn tight corners at the top of the rush. | - Pays high and struggles to sink his hips to avoid getting pushed inside by down blocks from offensive linemen. | Grade, Rank, and Pro Comparison | .css-1582m2i{margin:0;font:inherit;font-weight:700;}GRADE: 7.9 (Key Contributor — 2nd Round) | COMPARABLE GRADE: Jermaine Johnson II (7.9 in 2022), BJ Ojulari, LSU (7.9 in 2023), Mykel Williams, Georgia (7.9 in 2025) | OVERALL RANK: 24 | POSITION RANK: EDGE3 | PRO COMPARISON: Less explosive Bradley Chubb",NA,"Height: 6'4"" Weight: 263 Hand: 9½"" Arm: 33⅛"" Wingspan: 79"" | 40-Yard Dash: 4.68 10-Yard Split: 1.61 3-Cone: N/A Shuttle: N/A Vertical: 34"" Broad: 10'0""","7.9 (Key Contributor — 2nd Round)","Jermaine Johnson II (7.9 in 2022), BJ Ojulari, LSU (7.9 in 2023), Mykel Williams, Georgia (7.9 in 2025)","24","EDGE3","Less explosive Bradley Chubb","6'4"" Weight: 263 Hand: 9½"" Arm: 33⅛"" Wingspan: 79""","263 Hand: 9½"" Arm: 33⅛"" Wingspan: 79""",NA,NA,"79""","4.68 10-Yard Split: 1.61 3-Cone: N/A Shuttle: N/A Vertical: 34"" Broad: 10'0""","1.61 3-Cone: N/A Shuttle: N/A Vertical: 34"" Broad: 10'0""","34"" Broad: 10'0""","10'0""","N/A Shuttle: N/A Vertical: 34"" Broad: 10'0""","N/A Vertical: 34"" Broad: 10'0""",NA
"23","https://bleacherreport.com/articles/25293715-nfl-draft-2026-scouting-report-ohio-state-dl-kayden-mcdonald","NFL Draft 2026 Scouting Report for Ohio State DL Kayden McDonald","NFL Draft 2026 Scouting Report for Ohio State DL Kayden McDonald","Kayden McDonald",NA,"- McDonald presents good size and a thick build with massive legs to help him absorb contact as a run-defender. | - Solid get-off, quick reaction to the snap and decent acceleration off the line of scrimmage. | - Plenty of strength and power at the point of attack to stand up interior offensive linemen and reset the line of scrimmage when he plays with good pad-level. | - Solid at running his feet and moving laterally to avoid getting reached. | - When he gets out of position or loses his gap against the run, his combination of strength, athleticism and quickness can help him recover and still make tackles near the line of scrimmage. | - Has the quickness and a hump-move to escape blocks. | - Showed the ability to use his quickness and athleticism to make offensive linemen miss a change of pace, keeping linemen on their toes throughout the game.","- McDonald plays with his hands down, allowing offensive linemen to get into his chest, thus preventing him from getting extension on blocks. However, he did show growth in this area down the stretch of last season. | - Block recognition is subpar, causing him to get into bad positions. | - His ability to recover isn't as effective against higher-level competition. Penn State's Olaivavega Ioane, a potential first-round guard, was able to stay attached and prevent him from making tackles. | - Has a habit of standing up out of his stance and playing with a narrow base, causing issues holding his gap against double-teams. | - Offers little as a pass-rusher. His wide hands and inconsistent pad-level hurt the effectiveness of his bull rush. | - Pass-rush motor isn't good, either. McDonald often stops rushing when his first move doesn't work. | Grade, Rank, and Pro Comparison | .css-1582m2i{margin:0;font:inherit;font-weight:700;}GRADE: 7.9 (High-Level Backup/Starter Upside — 3rd Round) | COMPARABLE GRADE: Kenneth Grant, Michigan (7.9 in 2025), Jer'Zhan Newton, Illinois (8.0 in 2024), Devonte Wyatt, Georgia (8.1 in 2022) | OVERALL RANK: 25 | POSITION RANK: DL3 | PRO COMPARISON: Shades of Vince Wilfork",NA,"Height: 6'2"" Weight: 326 Hand: 9⅝"" Arm: 32¼"" Wingspan: 78⅛"" | 40-Yard Dash: N/A 10-Yard Split: N/A 3-Cone: N/A Shuttle: N/A Vertical: N/A Broad: N/A","7.9 (High-Level Backup/Starter Upside — 3rd Round)","Kenneth Grant, Michigan (7.9 in 2025), Jer'Zhan Newton, Illinois (8.0 in 2024), Devonte Wyatt, Georgia (8.1 in 2022)","25","DL3","Shades of Vince Wilfork","6'2"" Weight: 326 Hand: 9⅝"" Arm: 32¼"" Wingspan: 78⅛""","326 Hand: 9⅝"" Arm: 32¼"" Wingspan: 78⅛""",NA,NA,"78⅛""","N/A 10-Yard Split: N/A 3-Cone: N/A Shuttle: N/A Vertical: N/A Broad: N/A","N/A 3-Cone: N/A Shuttle: N/A Vertical: N/A Broad: N/A","N/A Broad: N/A","N/A","N/A Shuttle: N/A Vertical: N/A Broad: N/A","N/A Vertical: N/A Broad: N/A",NA
"24","https://bleacherreport.com/articles/25361375-nfl-draft-2026-scouting-report-notre-dame-wr-malachi-fields","NFL Draft 2026 Scouting Report for Notre Dame WR Malachi Fields","NFL Draft 2026 Scouting Report for Notre Dame WR Malachi Fields","Malachi Fields",NA,"- Fields has outstanding leaping ability and body control to win contested catches. He dominates defenders at the catch point with aggression and fully extends his frame. | - He offers more fluidity and agility than meets the eye. Fields can take short passes and gain yards after the catch. He has quick feet and uses a tight spin maneuver to evade incoming defenders. | - His ball skills are incredible; if the ball enters his area code, he brings it in. This makes him a difficult cover in the red zone on fade and back shoulder fade routes. | - Plus-level run blocker who uses his frame and grip strength to maintain control of the defender. | - He settles into the soft spots in the zone well. As an outside receiver, Fields works into the hole versus cover 2. With his size, he takes advantage of the void on the sideline for chunk plays.","- Fields is not a dynamic route runner and can struggle to uncover from man coverage. This emphasizes the importance of dominating the catch point. | - He lacks explosiveness and top-end speed to threaten and pull away from defenders vertically down the field.",NA,"Height: 6'4½"" Weight: 222 HAND: 9"" ARM: 31⅛"" | 40-Yard Dash: 4.61"" Vertical Jump: 38"" Broad Jump: 10'4"" 3-Cone: 6.98"" 20-Yard Shuttle: 4.35""","7.7 (Key Contributor — 2nd Round)","Emeka Egbuka (7.9 in 2025), Tre Harris (7.9 in 2025), Jordan Addison (7.9 in 2023)","42","WR9","Shades of Brandon Marshall","6'4½"" Weight: 222 HAND: 9"" ARM: 31⅛""","222 HAND: 9"" ARM: 31⅛""",NA,NA,NA,"4.61"" Vertical Jump: 38"" Broad Jump: 10'4"" 3-Cone: 6.98"" 20-Yard Shuttle: 4.35""",NA,NA,NA,"6.98"" 20-Yard Shuttle: 4.35""","4.35""",NA
"25","https://bleacherreport.com/articles/25248478-nfl-draft-2026-scouting-report-oregon-s-dillon-thieneman","NFL Draft 2026 Scouting Report for Oregon S Dillon Thieneman","NFL Draft 2026 Scouting Report for Oregon S Dillon Thieneman","Dillon Thieneman",NA,"— Willing and able run defender in the box and from depth. He triggers and flows downhill in the run gamne and looks to make an impact. | — Defensive backfield alignment versatility from a two-high alignment to the robber. He has the range and instincts to give a defense single-high impact as well. | — He sees the field well from all levels and locates the football. Allows him to vary between playing the run and the pass. | — His backpedal and athleticism let him mirror and trigger on throws. Paired with his ball skills to attack the catch point, he can dislodge the football. | — Plays the game with top-tier effort and will track down ball carriers from any depth. He just loves to compete.","— Pursuit angles to properly line up the ball carrier when triggering downhill. That can change angles from reaching at the ankles to running through a tackle. | — He's a smart player and wants to quickly get downhill, but can get caught with eyes in the backfield. Needs to be a tick more patient on play fakes to not get taken advantage of. | — Processing speed and urgency when identifying route combinations will let him flow and pass off responsibilites at a better rate.",".css-1582m2i{margin:0;font:inherit;font-weight:700;}GRADE: 8.0 (Key Contributor - Second Round) | COMPARABLE GRADE: Andrew Booth Jr., CB, Clemson (8.1 in 2022), Christian Gonzalez, CB, Oregon (8.3 in 2023), S Brian Branch, Alabama (7.8) | OVERALL RANK: 18 | POSITION RANK: S2 | PRO COMPARISON: Daxton Hill but wants to tackle | TOP NEWS | Mock NFL Expansion Draft 📋 | Breaking News | Every Team's Ideal 1st-Round Pick 👌","Height: 6'0 ⅛"" Weight: 201 Hand Size: 9"" Arm Length: 31 ⅜"" Wingspan: 78 ⅛"" 40-yard dash: 4.35 10-yard split: 1.52 Vertical: 41"" Broad: 10'5"" 3 cone: N/A Shuttle: N/A Bench: 18","8.0 (Key Contributor - Second Round)","Andrew Booth Jr., CB, Clemson (8.1 in 2022), Christian Gonzalez, CB, Oregon (8.3 in 2023), S Brian Branch, Alabama (7.8)","18","S2","Daxton Hill but wants to tackle","6'0 ⅛"" Weight: 201 Hand Size: 9"" Arm Length: 31 ⅜"" Wingspan: 78 ⅛"" 40-yard dash: 4.35 10-yard split: 1.52 Vertical: 41"" Broad: 10'5"" 3 cone: N/A Shuttle: N/A Bench: 18","201 Hand Size: 9"" Arm Length: 31 ⅜"" Wingspan: 78 ⅛"" 40-yard dash: 4.35 10-yard split: 1.52 Vertical: 41"" Broad: 10'5"" 3 cone: N/A Shuttle: N/A Bench: 18","9"" Arm Length: 31 ⅜"" Wingspan: 78 ⅛"" 40-yard dash: 4.35 10-yard split: 1.52 Vertical: 41"" Broad: 10'5"" 3 cone: N/A Shuttle: N/A Bench: 18","31 ⅜"" Wingspan: 78 ⅛"" 40-yard dash: 4.35 10-yard split: 1.52 Vertical: 41"" Broad: 10'5"" 3 cone: N/A Shuttle: N/A Bench: 18","78 ⅛"" 40-yard dash: 4.35 10-yard split: 1.52 Vertical: 41"" Broad: 10'5"" 3 cone: N/A Shuttle: N/A Bench: 18",NA,NA,"41"" Broad: 10'5"" 3 cone: N/A Shuttle: N/A Bench: 18","10'5"" 3 cone: N/A Shuttle: N/A Bench: 18",NA,"N/A Bench: 18","18"
"26","https://bleacherreport.com/articles/25258050-nfl-draft-2026-scouting-report-alabama-qb-ty-simpson","NFL Draft 2026 Scouting Report for Alabama QB Ty Simpson","NFL Draft 2026 Scouting Report for Alabama QB Ty Simpson","Ty Simpson",NA,"- Simpson's dropbacks are rhythmic and well-timed with the route concepts down the field. | - His dropbacks are urgent and have great cadence. Simpson is loaded and ready to throw at the apex of his drop. | - Excels at working quick and intermediate passing plays, like stick, spot, and dagger concepts. | - Climbs vertically in the pocket to avoid the edge pressure and deliver catchable passes to all levels of the field. | - He utilizes eye manipulation to either hold defenders in place or displace them, creating open voids for his targets. | - Reading the entire field and working through his progressions; going from first to last read in the progression. | - Simpson is a highly accurate quarterback who fits passes between defenders with immense touch.","- Quick interior pressure will speed up Simpson's process and force him into misfires. | - He will throw off his back foot or, with a slight lean, backwards as the pressure closes in. | - Simpson is not a dynamic lateral athlete; interior pressure highlights his lack of acceleration to win the corner and outrun angles. | - Simpson must improve his anticipation of throwing from the pocket, which is most likely a result of being a first-year starter. | He waits for his target to complete their break, specifically on out-breaking routes, leading to late throws. | - He will stare down a receiver whenever he predetermines; veteran defenders will follow his eyes into the throwing lane, creating a turnover-worthy play. | - Ball placement is erratic on downfield throws; Needs to be consistent with hitting targets in stride",NA,"Height: 6'1"" Weight: 211 HAND: 9 ⅜ inches ARM: 30⅞ inches Wingspan: 76½ | 40-YARD DASH: N/A Vertical: N/A Broad Jump: N/A 3-Cone: N/A 20-yard Shuttle: N/A Bench Press: N/A","7.7 (Key Contributor — 2nd Round)","Will Levis (8.0 in 2023), 8.2 (Bryce Young in 2023), Shedeur Sanders (8.0 in 2025)","44","QB2","An athletic Kirk Cousins","6'1"" Weight: 211 HAND: 9 ⅜ inches ARM: 30⅞ inches Wingspan: 76½","211 HAND: 9 ⅜ inches ARM: 30⅞ inches Wingspan: 76½",NA,NA,"76½",NA,NA,"N/A Broad Jump: N/A 3-Cone: N/A 20-yard Shuttle: N/A Bench Press: N/A",NA,"N/A 20-yard Shuttle: N/A Bench Press: N/A","N/A Bench Press: N/A",NA
"27","https://bleacherreport.com/articles/25292962-nfl-draft-2026-scouting-report-indiana-cb-dangelo-ponds","NFL Draft 2026 Scouting Report for Indiana CB D'Angelo Ponds","NFL Draft 2026 Scouting Report for Indiana CB D'Angelo Ponds","D'Angelo Ponds",NA,"— Ponds plays with fantastic zone awareness in any variation thanks to his quick feet and track background. His instincts are tied to strong eye discipline and make him a formidable opponent when reading the quarterback. | — Ultra-competitive. Ponds is not afraid to mix it up with any receiver, play physical man coverage and trust his mirroring ability/athleticism to recover throughout the route. | — He recognizes route-combinations well, while maintaining proper depth and zone responsibility, passes off routes and communicates with his teammates at a high level. | — Doesn't panic with the ball in the air and plays with the mindset of a bigger corner when working downfield. He attacks the catchpoint with authority and timing to disrupt catches. | —The twitched-up athlete offers special teams upside in both return aspects. In fact, he returned a punt against the Illinois Fighting Illini for a touchdown in Week 4 of the 2025 campaign.","— Ponds is undersized with shorter arms that limit his ability to play the ball against taller and longer receivers. His lack of length could impact his ball production at the next level. | — While he's a willing participant against the run, he struggles to get off blocks and wrapping up consistently is a challenge. Instead, he falls down around the ankles too often, which creates missed tackles. | — When dealing with comeback routes or hitches at full speed, he displays a slight hitch within his deceleration. This slight pause allows receivers to sell deep and break him off at the top of routes.",".css-1582m2i{margin:0;font:inherit;font-weight:700;}GRADE: 7.8 (Key Contributor — 2nd Round) | COMPARABLE GRADE: CB Nate Wiggins, Clemson (7.5 in 2024), CB Martin Emerson, Mississippi State (7.5 in 2022), CB Trey Amos, Ole Miss (7.6 in 2025) | OVERALL RANK: 27 | POSITION RANK: CB4 | PRO COMPARISON: Jason Verrett | TOP NEWS | NFL Not Investigating Mike Vrabel | Jeremiyah Love on Giants' Radar | Mock NFL Expansion Draft 📋","Height: 5'8 ⅝"" Weight: 182 Hand Size: 9 ⅝"" Arm Length: 29 ⅜"" Wingspan: 72 ¼"" 40-yard dash: N/A 10-yard split: N/A Vertical: 43.5"" Broad: N/A 3 cone: N/A Shuttle: N/A Bench: N/A","7.8 (Key Contributor — 2nd Round)","CB Nate Wiggins, Clemson (7.5 in 2024), CB Martin Emerson, Mississippi State (7.5 in 2022), CB Trey Amos, Ole Miss (7.6 in 2025)","27","CB4","Jason Verrett","5'8 ⅝"" Weight: 182 Hand Size: 9 ⅝"" Arm Length: 29 ⅜"" Wingspan: 72 ¼"" 40-yard dash: N/A 10-yard split: N/A Vertical: 43.5"" Broad: N/A 3 cone: N/A Shuttle: N/A Bench: N/A","182 Hand Size: 9 ⅝"" Arm Length: 29 ⅜"" Wingspan: 72 ¼"" 40-yard dash: N/A 10-yard split: N/A Vertical: 43.5"" Broad: N/A 3 cone: N/A Shuttle: N/A Bench: N/A","9 ⅝"" Arm Length: 29 ⅜"" Wingspan: 72 ¼"" 40-yard dash: N/A 10-yard split: N/A Vertical: 43.5"" Broad: N/A 3 cone: N/A Shuttle: N/A Bench: N/A","29 ⅜"" Wingspan: 72 ¼"" 40-yard dash: N/A 10-yard split: N/A Vertical: 43.5"" Broad: N/A 3 cone: N/A Shuttle: N/A Bench: N/A","72 ¼"" 40-yard dash: N/A 10-yard split: N/A Vertical: 43.5"" Broad: N/A 3 cone: N/A Shuttle: N/A Bench: N/A",NA,NA,"43.5"" Broad: N/A 3 cone: N/A Shuttle: N/A Bench: N/A","N/A 3 cone: N/A Shuttle: N/A Bench: N/A",NA,"N/A Bench: N/A","N/A"
"28","https://bleacherreport.com/articles/25345435-nfl-draft-2026-scouting-report-miami-edge-akheem-mesidor","NFL Draft 2026 Scouting Report for Miami Edge Akheem Mesidor","NFL Draft 2026 Scouting Report for Miami Edge Akheem Mesidor","Akheem Mesidor",NA,"- Mesidor is a good overall athlete who is quick and has impressive change-of-direction skills to beat offensive tackles across their faces as a pass-rusher. | - Solid at setting up his pass rush moves by stemming to one direction and using his movement skills to win in on the other side of the offensive lineman. | - Very good use of hands as a pass-rusher, he has active hands and has shown the ability to consistently ""beat the hands to beat the man"". This allows him to have effective double-hand swipe and cross chop moves. | - Also has shown a solid bull to rip move and a non-stop pass-rush motor, constantly working counter moves if he doesn't win initially. | - Good bend at the top of the rush to corner and take efficient paths to the quarterback. | - Can be an effective looper on line game with his athleticism and bend. | - Has shown the ability to beat guards and offensive tackles as a pass-rusher, giving him some inside/outside versatility on third downs.","- Mesidor will be an older rookie, turning 25 years old on April 5, which will limit his perceived ceiling for some teams. | - Has subpar strength to beat offensive tackles who have good anchors when trying to win with power or turn speed to power as a pass-rusher. | - Turns his shoulders perpendicular to the line of scrimmage when setting the edge, pointing to a lack of strength. | - Likes to duck inside blocks and loses edge contain, both against the run and as a pass-rusher. | - Struggles to disengage from blocks in the run game. | - Balance is an issue, often falls when breaking through into the backfield. | - Lacks awareness in zone to be relied on to drop in coverage. | - Has a lingering foot injury, missing the majority of the 2023 season before having surgery in 2024 and sitting out for one game in 2025. | Grade, Rank, and Pro Comparison | .css-1582m2i{margin:0;font:inherit;font-weight:700;}GRADE: 7.8 (Key Contributor — 2nd Round) | COMPARABLE GRADE: Nic Scourton, Texas A&M (7.8 in 2025), Will McDonald IV, Iowa State (7.7 in 2023), David Ojabo, Michigan (7.8 in 2022) | OVERALL RANK: 27 | POSITION RANK: EDGE4 | PRO COMPARISON: Byron Young (LAR/Tennessee)",NA,"Height: 6'3"" Weight: 265 Hand: 10"" Arm: 32⅛"" Wingspan: 75½"" | 40-Yard Dash: N/A 10-Yard Split: N/A 3-Cone: N/A Shuttle: N/A Vertical: N/A Broad: N/A","7.8 (Key Contributor — 2nd Round)","Nic Scourton, Texas A&M (7.8 in 2025), Will McDonald IV, Iowa State (7.7 in 2023), David Ojabo, Michigan (7.8 in 2022)","27","EDGE4","Byron Young (LAR/Tennessee)","6'3"" Weight: 265 Hand: 10"" Arm: 32⅛"" Wingspan: 75½""","265 Hand: 10"" Arm: 32⅛"" Wingspan: 75½""",NA,NA,"75½""","N/A 10-Yard Split: N/A 3-Cone: N/A Shuttle: N/A Vertical: N/A Broad: N/A","N/A 3-Cone: N/A Shuttle: N/A Vertical: N/A Broad: N/A","N/A Broad: N/A","N/A","N/A Shuttle: N/A Vertical: N/A Broad: N/A","N/A Vertical: N/A Broad: N/A",NA
"29","https://bleacherreport.com/articles/25252759-nfl-draft-2026-scouting-report-texas-cb-malik-muhammad","NFL Draft 2026 Scouting Report For Texas CB Malik Muhammad","NFL Draft 2026 Scouting Report For Texas CB Malik Muhammad","Malik Muhammad",NA,"— Uses elite short-area footwork to mirror receivers movements in man coverage. | — Athletic ability shows up in his smooth backpedal and hip-sink to decelerate. | — His speed translates downhill against ball carriers and receivers as well as turning and running. | — Muhammad does a great job passing off route responsibilities in zone coverage. | — A willing run-defender who wants to be a physical player and deliver momentum-altering hits.","— Muhammad has room to add weight, which can help physically shed blocks in the run game and bring down bigger ball carriers. | — Start using more single hand-jam technique to not lock his hips in press coverage. | — Tends to bite on route movements quickly and is susceptible to double-moves and route nuance.",".css-1582m2i{margin:0;font:inherit;font-weight:700;}GRADE: 7.7 (Key Contributor- 2nd round) | COMPARABLE GRADE: Kyler Gordon, CB, Washington (7.7 in 2022), Deonte Banks, CB, Maryland (7.6 in 2023), CB Maxwell Hairston, Kentucky (7.8 in 2025) | OVERALL RANK: 40 | POSITION RANK: CB7 | PRO COMPARISON: Nate Wiggins | TOP NEWS | NFL Not Investigating Mike Vrabel | Jeremiyah Love on Giants' Radar | Mock NFL Expansion Draft 📋","Height: 6'0"" Weight: 182 Hand Size: 9 ⅞"" Arm Length: 32 ⅜"" Wingspan: N/A 40-yard dash: 4.42 10-yard split: 1.51 Vertical: 39"" Broad: 10'10"" 3 cone: N/A Shuttle: N/A Bench: N/A","7.7 (Key Contributor- 2nd round)","Kyler Gordon, CB, Washington (7.7 in 2022), Deonte Banks, CB, Maryland (7.6 in 2023), CB Maxwell Hairston, Kentucky (7.8 in 2025)","40","CB7","Nate Wiggins","6'0"" Weight: 182 Hand Size: 9 ⅞"" Arm Length: 32 ⅜"" Wingspan: N/A 40-yard dash: 4.42 10-yard split: 1.51 Vertical: 39"" Broad: 10'10"" 3 cone: N/A Shuttle: N/A Bench: N/A","182 Hand Size: 9 ⅞"" Arm Length: 32 ⅜"" Wingspan: N/A 40-yard dash: 4.42 10-yard split: 1.51 Vertical: 39"" Broad: 10'10"" 3 cone: N/A Shuttle: N/A Bench: N/A","9 ⅞"" Arm Length: 32 ⅜"" Wingspan: N/A 40-yard dash: 4.42 10-yard split: 1.51 Vertical: 39"" Broad: 10'10"" 3 cone: N/A Shuttle: N/A Bench: N/A","32 ⅜"" Wingspan: N/A 40-yard dash: 4.42 10-yard split: 1.51 Vertical: 39"" Broad: 10'10"" 3 cone: N/A Shuttle: N/A Bench: N/A","N/A 40-yard dash: 4.42 10-yard split: 1.51 Vertical: 39"" Broad: 10'10"" 3 cone: N/A Shuttle: N/A Bench: N/A",NA,NA,"39"" Broad: 10'10"" 3 cone: N/A Shuttle: N/A Bench: N/A","10'10"" 3 cone: N/A Shuttle: N/A Bench: N/A",NA,"N/A Bench: N/A","N/A"
"30","https://bleacherreport.com/articles/25252048-nfl-draft-2026-scouting-report-washington-wr-denzel-boston","NFL Draft 2026 Scouting Report for Washington WR Denzel Boston","NFL Draft 2026 Scouting Report for Washington WR Denzel Boston","Denzel Boston",NA,"- Boston is known for his outstanding body control and ball skills, which enable him to consistently win contested catches. Boston tracks the football well as he works further down the field. | - He is a red-zone weapon on fade throws, getting his head and eyes around to the football quickly, flashing his hands late as the football arrives. | - For a receiver of his size and stature, Boston is surprisingly quick. He runs efficient in-breaker and crossing routes, working into the soft spots of the coverage. | - He is an intentional route runner who doesn't waste movements or time. With hard plants to drive out of his breaks with efficiency. | - Boston stresses defense with his blend of size, physicality, and alignment versatility. He is a matchup nightmare for smaller nickel cornerbacks when aligned in the slot. He uses his strong frame to box defenders out at the catch point on in-breaking routes and is a quarterback-friendly target. | - Boston is a physical and willing run blocker on the perimeter. He seals off cornerbacks to create lanes for his running backs. He is deployed as a crack blocker against defensive ends, outside linebackers, and stand-up edge rushers.","- Defeating bump and run press corners at the line of scrimmage. He lacks the lateral quickness and vertical explosion to create clean wins at the LOS. | - He is not a threat to stack corners vertically. Being jammed disrupts timing and limits natural separation. | - An expanded release package will be an important part of Boston's development. More variety and craftiness at the line of scrimmage will free him from physical coverage more quickly, allowing him to enter his route phase. | - Boston must continue to display his ability to run a diverse route-tree. He is a physical route-runner, but adding more finesse can enhance his game. | - Lacks second-gear or top-end speed to optimize early separation. The further down the field he is, the more his separation declines.",NA,"Height: 6'4"" Weight: 212"" HAND: 9¾ Arm: 32"" Vertical Jump: 35"" | 40-Yard DASH: N/A Broad Jump: N/A 3-Cone Drill: N/A 20-Yard Shuttle: 4.28"" Bench Press: N/A","7.85 (Key Contributor — 2nd Round)","Zay Flowers (7.5 in 2023), Cedric Tillman (7.4 in 2023), Jalen McMillan (7.5 in 2024)","30","WR7","Michael Pittman","6'4"" Weight: 212"" HAND: 9¾ Arm: 32"" Vertical Jump: 35""","212"" HAND: 9¾ Arm: 32"" Vertical Jump: 35""",NA,NA,NA,NA,NA,NA,NA,NA,"4.28"" Bench Press: N/A",NA
"31","https://bleacherreport.com/articles/25253011-nfl-draft-2026-scouting-report-georgia-lb-cj-allen","NFL Draft 2026 Scouting Report for Georgia LB CJ Allen","NFL Draft 2026 Scouting Report for Georgia LB CJ Allen","CJ Allen",NA,"- Very good athlete and smooth mover to cover tight ends and running backs when playing man coverage or tighten throwing windows in zone. | - Impressive hand-eye coordination and vertical jump to make plays on the ball in the air that most linebackers won't. | - Good speed to help carry wide receivers on vertical routes when playing Tampa 2 and gives him sideline-to-sideline range against the run. | - As a run defender, Allen can defeat blocks with his athleticism and a shoulder dip move. | - Also, he takes on blocks with his hands and has good pad level to get some extension and be solid at holding his ground. | - Sure tackler who wraps up and consistently brings running backs to the ground, has had very few misses in his career.","- Doesn't have much pop behind his pads when coming downhill, offensive linemen can absorb contact from him. Allen could afford to add some extra mass. | - Can be slow to key and diagnose run plays, leading to him getting caught in the trash or offensive linemen beating him to the spot. | - Late run-pass transitions against play action, leaving the middle of the field open. | - Showed a few mental lapses in coverage, occasionally playing the wrong assignment and leaving his man or area open, or taking the cheese on checkdowns in zone coverage. | Grade, Rank, and Pro Comparison | .css-1582m2i{margin:0;font:inherit;font-weight:700;}GRADE: 7.8 (Key Contributor — 2nd Round) | COMPARABLE GRADE: Devin Lloyd, Utah (7.9 in 2022), Jack Campbell, Iowa (7.8 in 2023), Quay Walker, Georgia (7.6 in 2022) | OVERALL RANK: 31 | POSITION RANK: LB3 | PRO COMPARISON: Daiyan Henley",NA,"Height: 6'1"" Weight: 230 Hand: 10⅛"" Arm: 31½"" Wingspan: 75½"" | 40-Yard Dash: N/A 10-Yard Split: N/A 3-Cone: N/A Shuttle: N/A Vertical: N/A Broad: N/A","7.8 (Key Contributor — 2nd Round)","Devin Lloyd, Utah (7.9 in 2022), Jack Campbell, Iowa (7.8 in 2023), Quay Walker, Georgia (7.6 in 2022)","31","LB3","Daiyan Henley","6'1"" Weight: 230 Hand: 10⅛"" Arm: 31½"" Wingspan: 75½""","230 Hand: 10⅛"" Arm: 31½"" Wingspan: 75½""",NA,NA,"75½""","N/A 10-Yard Split: N/A 3-Cone: N/A Shuttle: N/A Vertical: N/A Broad: N/A","N/A 3-Cone: N/A Shuttle: N/A Vertical: N/A Broad: N/A","N/A Broad: N/A","N/A","N/A Shuttle: N/A Vertical: N/A Broad: N/A","N/A Vertical: N/A Broad: N/A",NA
"32","https://bleacherreport.com/articles/25258822-nfl-draft-2026-scouting-report-duke-cb-chandler-rivers","NFL Draft 2026 Scouting Report for Duke CB Chandler Rivers","NFL Draft 2026 Scouting Report for Duke CB Chandler Rivers","Chandler Rivers",NA,"— Rivers excels in zone coverage where he can see the quarterback and read the field. His feel for space and ability to jump routes with anticipation can spark a defense. | — His versatility to play in zone and man with proper footwork and technique pairs well with his inside and outside positional flexability. | — He possess a natural feel for where the football is going. Those instincts help create incompletions and turnovers for the defense. | — Hip and ankle flexability allow him to turn and run to carry receivers downfield. He sinks his hips to decelerate and change direction quickly, too. | — Plays with an aggressive mindset when triggering on quick throws to the flat. He doesn't avoid tackling despite his smaller stature at the position (5'10"", 185).","— Rivers isn't afraid to man up against bigger tight ends and receivers, but he needs to time his hands and jumps more consistently at the catch point to disrupt throws. | — He tends to be a touch late opening his gate to open up with receivers who stack him vertically. His recovery speed to close that space is lacking. | — While he doesn't avoid the run game, he could bring the same mentality downhill that he does blowing up screens. Improving his technique to square and wrap up ball carriers in space will help his all-around impact.",".css-1582m2i{margin:0;font:inherit;font-weight:700;}GRADE: 7.8 (Second round - Key contributor) | COMPARABLE GRADE: Kyler Gordon, CB, Washington (7.7 in 2022), Clark Phillips III, CB, Utah (7.9 in 2023), CB Maxwell Hairston, Kentucky (7.8 in 2025) | OVERALL RANK: 34 | POSITION RANK: CB6 | PRO COMPARISON: Skinny Trent McDuffie | TOP NEWS | NFL Not Investigating Mike Vrabel | Jeremiyah Love on Giants' Radar | Mock NFL Expansion Draft 📋","Height: 5'9 ½"" Weight: 185 Hand Size: 9 ½"" Arm Length: 29 ⅜"" Wingspan: N/A 40-yard dash: 4.4 10-yard split: 1.55 Vertical: 39"" Broad: 10'10"" 3 cone: N/A Shuttle: N/A Bench: N/A","7.8 (Second round - Key contributor)","Kyler Gordon, CB, Washington (7.7 in 2022), Clark Phillips III, CB, Utah (7.9 in 2023), CB Maxwell Hairston, Kentucky (7.8 in 2025)","34","CB6","Skinny Trent McDuffie","5'9 ½"" Weight: 185 Hand Size: 9 ½"" Arm Length: 29 ⅜"" Wingspan: N/A 40-yard dash: 4.4 10-yard split: 1.55 Vertical: 39"" Broad: 10'10"" 3 cone: N/A Shuttle: N/A Bench: N/A","185 Hand Size: 9 ½"" Arm Length: 29 ⅜"" Wingspan: N/A 40-yard dash: 4.4 10-yard split: 1.55 Vertical: 39"" Broad: 10'10"" 3 cone: N/A Shuttle: N/A Bench: N/A","9 ½"" Arm Length: 29 ⅜"" Wingspan: N/A 40-yard dash: 4.4 10-yard split: 1.55 Vertical: 39"" Broad: 10'10"" 3 cone: N/A Shuttle: N/A Bench: N/A","29 ⅜"" Wingspan: N/A 40-yard dash: 4.4 10-yard split: 1.55 Vertical: 39"" Broad: 10'10"" 3 cone: N/A Shuttle: N/A Bench: N/A","N/A 40-yard dash: 4.4 10-yard split: 1.55 Vertical: 39"" Broad: 10'10"" 3 cone: N/A Shuttle: N/A Bench: N/A",NA,NA,"39"" Broad: 10'10"" 3 cone: N/A Shuttle: N/A Bench: N/A","10'10"" 3 cone: N/A Shuttle: N/A Bench: N/A",NA,"N/A Bench: N/A","N/A"
"33","https://bleacherreport.com/articles/25250463-nfl-draft-2026-scouting-report-penn-state-s-zakee-wheatley","NFL Draft 2026 Scouting Report for Penn State S Zakee Wheatley","NFL Draft 2026 Scouting Report for Penn State S Zakee Wheatley","Zakee Wheatley",NA,"— Always around the football whether it's against the run or the pass. His instincts take him to where the plays go in every game. | — His single-high ability, paired with his instincts, let him flow around the back end of the defense. Has real range to make plays. | — Locates the football in the run game and triggers downhill with intent. He wants to make big hits and will wrap up the ball carrier. | — His naturtal athleticism to mirror the quarterback and break on throws makes him a dangerous player against tough sideline throws and slighty under thrown balls.","— Tackling technique when wrapping up to not fall around ankles. Drive through tackles more often. | — Aggression to trigger downhill quickly on play fakes makes him susceptible to double moves or deep shots over the top with play-action. | — Playing more physically against tight ends in man coverage will help round out his impact against the pass.",".css-1582m2i{margin:0;font:inherit;font-weight:700;}GRADE: 7.7 (Key Contributor - 2nd Round) | COMPARABLE GRADE: Brian Branch, S, Alabama (7.8 in 2023), S Tyler Nubin, Minnesota (7.7 in 2024), S Xavier Watts, Notre Dame (7.9 in 2025) | OVERALL RANK: 41 | POSITION RANK: S4 | PRO COMPARISON: Kyle Hamilton | TOP NEWS | NFL Not Investigating Mike Vrabel | Jeremiyah Love on Giants' Radar | Mock NFL Expansion Draft 📋","Height: 6'3"" Weight: 203 Hand Size: 9 ½"" Arm Length: 31"" Wingspan: N/A 40-yard dash: N/A 10-yard split: N/A Vertical: 32.5"" Broad: 10'2"" 3 cone: N/A Shuttle: N/A Bench: N/A","7.7 (Key Contributor - 2nd Round)","Brian Branch, S, Alabama (7.8 in 2023), S Tyler Nubin, Minnesota (7.7 in 2024), S Xavier Watts, Notre Dame (7.9 in 2025)","41","S4","Kyle Hamilton","6'3"" Weight: 203 Hand Size: 9 ½"" Arm Length: 31"" Wingspan: N/A 40-yard dash: N/A 10-yard split: N/A Vertical: 32.5"" Broad: 10'2"" 3 cone: N/A Shuttle: N/A Bench: N/A","203 Hand Size: 9 ½"" Arm Length: 31"" Wingspan: N/A 40-yard dash: N/A 10-yard split: N/A Vertical: 32.5"" Broad: 10'2"" 3 cone: N/A Shuttle: N/A Bench: N/A","9 ½"" Arm Length: 31"" Wingspan: N/A 40-yard dash: N/A 10-yard split: N/A Vertical: 32.5"" Broad: 10'2"" 3 cone: N/A Shuttle: N/A Bench: N/A","31"" Wingspan: N/A 40-yard dash: N/A 10-yard split: N/A Vertical: 32.5"" Broad: 10'2"" 3 cone: N/A Shuttle: N/A Bench: N/A","N/A 40-yard dash: N/A 10-yard split: N/A Vertical: 32.5"" Broad: 10'2"" 3 cone: N/A Shuttle: N/A Bench: N/A",NA,NA,"32.5"" Broad: 10'2"" 3 cone: N/A Shuttle: N/A Bench: N/A","10'2"" 3 cone: N/A Shuttle: N/A Bench: N/A",NA,"N/A Bench: N/A","N/A"
"34","https://bleacherreport.com/articles/25297372-nfl-draft-2026-scouting-report-texas-tech-dl-lee-hunter","NFL Draft 2026 Scouting Report for Texas Tech DL Lee Hunter","NFL Draft 2026 Scouting Report for Texas Tech DL Lee Hunter","Lee Hunter",NA,"- Hunter is built like a true NFL nose tackle. | - Takes on blocks with his hands and displays impressive upper body strength to stand up offensive linemen at the line of scrimmage. | - Hard to move with one-on-one blocks and holds his gap when he keeps his pads down against double-teams, solid at absorbing contact against the run. | - Recognizes down blocks, shifting his eyes and hands to hold ground and avoid getting washed inside. | - Presents several ways to escape blocks, with the strength to stack-and-shed, while also showing hump and arm-over moves to catch offensive linemen leaning. | - Showed flashes of working the hands as a pass-rusher. | - Good pass-rush motor to get coverage or clean-up sacks when the quarterback steps up in the pocket.","- Subpar athleticism and quickness, even for a nose tackle. | - A little late off the ball with a habit of playing too high, preventing him from collapsing the pocket as a bull-rusher consistently. Also, Hunter can cause him to concede some ground against double-teams and combo blocks. | - A waist-bender instead of a knee-bender. | - Lack of agility leads to Hunter taking long and inefficient paths in line games and makes him susceptible to getting reached or scooped. | - Hand placement when taking on blocks can get a little wide, limiting his extension against blocks. | - Struggles to sink his hips and bend in the backfield, leading to him getting too far up the field. | - Has lapses in gap integrity where he'll leave his assignment and create a cutback lane. | Grade, Rank, and Pro Comparison | .css-1582m2i{margin:0;font:inherit;font-weight:700;}GRADE: 7.7 (Key Contributor — 2nd Round) | COMPARABLE GRADE: Tyleik Williams, Ohio State (7.6 in 2025), Calijah Kancey, Pittsburgh (7.6 in 2023), Travis Jones, UConn (7.6 in 2022) | OVERALL RANK: 40 | POSITION RANK: DL4 | PRO COMPARISON: Dalvin Tomlinson",NA,"Height: 6'4"" Weight: 318 Hand: 9¼"" Arm: 33¼"" Wingspan: 80⅝ | 40-Yard Dash: 5.19 10-Yard Split: 1.70 3-Cone: N/A Shuttle: N/A Vertical: 21.5"" Broad: 8'4""","7.7 (Key Contributor — 2nd Round)","Tyleik Williams, Ohio State (7.6 in 2025), Calijah Kancey, Pittsburgh (7.6 in 2023), Travis Jones, UConn (7.6 in 2022)","40","DL4","Dalvin Tomlinson","6'4"" Weight: 318 Hand: 9¼"" Arm: 33¼"" Wingspan: 80⅝","318 Hand: 9¼"" Arm: 33¼"" Wingspan: 80⅝",NA,NA,"80⅝","5.19 10-Yard Split: 1.70 3-Cone: N/A Shuttle: N/A Vertical: 21.5"" Broad: 8'4""","1.70 3-Cone: N/A Shuttle: N/A Vertical: 21.5"" Broad: 8'4""","21.5"" Broad: 8'4""","8'4""","N/A Shuttle: N/A Vertical: 21.5"" Broad: 8'4""","N/A Vertical: 21.5"" Broad: 8'4""",NA
"35","https://bleacherreport.com/articles/25260055-nfl-draft-2026-scouting-report-tennessee-wr-chris-brazzell-ii","NFL Draft 2026 Scouting Report for Tennessee WR Chris Brazzell II","NFL Draft 2026 Scouting Report for Tennessee WR Chris Brazzell II","Chris Brazzell II",NA,"- Explosive athlete with great length. Brazzell has the height of a traditional X-receiver with field-stretching top-end speed. He will take the top off the defense and force defensive backs to play off-ball with a cushion to lessen the chances he strides past them. | - The former 3-star receiver has a solid release package against press-man coverage. He uses hard jab steps and well-timed punches/clubs to clear the defender's hands quickly. His club maneuver is effective in keeping defenders' hands off his frame mid-route. | - He is proficient in attacking leverage and different defensive alignments. The Vols' leading receiver does a good job locating and working into the defender's blind spot. He is more than a vertical threat. | - He plays with excellent body control to make difficult catches look routine. Whether on the sideline for toe-dragging receptions or highly contested targets down the field, he finds a way to reel them in. He tracks the ball with good vision and patience, never panicking when the ball arrives in contested catch situations. | - He is a tall and leggy athlete, but it does not negatively impact his route running. He creates space and separation at the break point of his routes. The threat of his speed pushes defenders upfield and into turn/run mode, opening short and intermediate routes. He drops his weight to sink at the apex of his routes on hitches, curls, and comebacks.","- Brazzell's overall play strength can improve. Physical defenders will make contact and disrupt his timing mid-route. | - Tennessee's WR1 must improve his timing on contested catches. He will benefit from developing late hands to avoid tipping off defenders that he is about to make a play on the football. | - He does not often drop the football, but he tends to let the ball enter his body during contested catches. | - Developing more savviness with using his frame to create space will help him against NFL cornerbacks. Right now, he initiates contact and extends his arms on the push off, opening the door to Offensive Pass Interference penalties. | - Do not expect a highly productive yard after catch receiver. He lacks the lateral agility and transitional fluidity to change directions suddenly after the catch to make defenders miss for maximum yardage.",NA,"Height: 6'4"" Weight: 198"" HAND: 9"" ARM: 32⅜"" | 40-Yard Dash: 4.37"" Vertical: N/A Broad Jump: N/A 3-Cone Drill: N/A 20-Yard Shuttle: N/A Bench Press: N/A","7.90 (Key Contributor — 2nd Round)","Jordan Addison (7.9 in 2023), Alec Pierce (7.8 in 2022), Khalil Shakir (7.9 in 2022)","26","WR6","Martavis Bryant","6'4"" Weight: 198"" HAND: 9"" ARM: 32⅜""","198"" HAND: 9"" ARM: 32⅜""",NA,NA,NA,"4.37"" Vertical: N/A Broad Jump: N/A 3-Cone Drill: N/A 20-Yard Shuttle: N/A Bench Press: N/A",NA,"N/A Broad Jump: N/A 3-Cone Drill: N/A 20-Yard Shuttle: N/A Bench Press: N/A",NA,NA,"N/A Bench Press: N/A",NA
"36","https://bleacherreport.com/articles/25284911-nfl-draft-2026-scouting-report-missouri-edge-zion-young","NFL Draft 2026 Scouting Report for Missouri Edge Zion Young","NFL Draft 2026 Scouting Report for Missouri Edge Zion Young","Zion Young",NA,"- Young has a good frame and build, and has good arm length. | - Solid strength at the point of attack and the long arms help him get extension on blocks from offensive tackles. | - Consistently resets the line of scrimmage against tight ends. | - Decent at setting the edge and running his feet to avoid getting reached against the run. | - Solid power and leg drive as a pass-rusher to occasionally collapse the pocket when bull rushing or turning speed to power. | - Active hands as a pass-rusher and has shown improvement with his use of hands from 2024 to 2025. | - Good pass-rusher motor to get coverage sacks.","- Lacks burst/acceleration off the line of scrimmage to threaten offensive tackles with speed around the edge. | - Not very twitchy and doesn't show high-level athleticism as a pass-rusher. | - Use of hands when rushing the passer is still a work in progress, his timing is off which limits his ability to take advantage of his long arms. | - Subpar bend and angles around the edge, impacting his ability to corner at the top of the rush and leading to inefficient paths to the quarterback. | - Has a habit of occasionally working around blocks. | - Turns his shoulders perpendicular to the line of scrimmage when setting the edge. | - As a freshman at Michigan State, he was involved in a fight in the tunnel after the game against Michigan and pled guilty to misdemeanor assault charges while also serving a suspension. Also, he was arrested for DWI on Dec. 13, two weeks before Missouri's bowl game, per KOMU 8. | Grade, Rank, and Pro Comparison | .css-1582m2i{margin:0;font:inherit;font-weight:700;}GRADE: 7.7 (2nd Round — Key Contributor) | COMPARABLE GRADE: JT Tuimoloau, Ohio State (7.6 in 2025), Keion White, Georgia Tech (7.7 in 2023), Drake Jackson, USC (7.7 in 2022) | OVERALL RANK: 38 | POSITION RANK: EDGE6 | PRO COMPARISON: Tyree Wilson",NA,"Height: 6'5"" Weight: 262 Hand: 9½"" Arm: 33"" Wingspan: N/A | 40-Yard Dash: N/A 10-Yard Split: N/A 3-Cone: N/A Shuttle: N/A Vertical: N/A Broad: N/A","7.7 (2nd Round — Key Contributor)","JT Tuimoloau, Ohio State (7.6 in 2025), Keion White, Georgia Tech (7.7 in 2023), Drake Jackson, USC (7.7 in 2022)","38","EDGE6","Tyree Wilson","6'5"" Weight: 262 Hand: 9½"" Arm: 33"" Wingspan: N/A","262 Hand: 9½"" Arm: 33"" Wingspan: N/A",NA,NA,"N/A","N/A 10-Yard Split: N/A 3-Cone: N/A Shuttle: N/A Vertical: N/A Broad: N/A","N/A 3-Cone: N/A Shuttle: N/A Vertical: N/A Broad: N/A","N/A Broad: N/A","N/A","N/A Shuttle: N/A Vertical: N/A Broad: N/A","N/A Vertical: N/A Broad: N/A",NA
"37","https://bleacherreport.com/articles/25240068-nfl-draft-2026-scouting-report-alabama-ot-kadyn-proctor","NFL Draft 2026 Scouting Report for Alabama OT Kadyn Proctor","NFL Draft 2026 Scouting Report for Alabama OT Kadyn Proctor","Kadyn Proctor",NA,"- Massive frame with a dense build and a rare amount of lean muscle mass. | - Jarring power at the point of attack to uproot and overwhelm defenders. | - Flashes of anchoring and ending reps on command once latched. | - Rugged, aggressive demeanor leads to some punishing finishes and body blows on defenders.","- Undisciplined, erratic positional leverage in pass protection creates soft edges and short corners. | - Bad habit of dipping head into contact results in getting overextended when the picture changes post-snap, causing him to fall off of blocks too easily. | - Upright playing style saps his power and results in him 'catching' too many blocks.",".css-1582m2i{margin:0;font:inherit;font-weight:700;}GRADE: 7.7 (Key Contributor - 2nd Round) | COMPARABLE GRADE: Anton Harrison (7.8 in 2023), Amarius Mims (7.9 in 2024), Daniel Faalele (7.6 in 2022) | OVERALL RANK: 33 | POSITION RANK: OT2 | PRO COMPARISON: Rodger Saffold | TOP NEWS | NFL Not Investigating Mike Vrabel | Jeremiyah Love on Giants' Radar | Mock NFL Expansion Draft 📋","Height: 6'7"" Weight: 352 Arm: 33 ⅜"" Hand: 9 ¾"" | 40-Yard Dash: 5.21 10-Yard Split: 1.84 Vertical: 32 ½"" Broad: 9'1"" Shuttle: 4.78 3-Cone: 7.78 Bench: 25","7.7 (Key Contributor - 2nd Round)","Anton Harrison (7.8 in 2023), Amarius Mims (7.9 in 2024), Daniel Faalele (7.6 in 2022)","33","OT2","Rodger Saffold","6'7"" Weight: 352 Arm: 33 ⅜"" Hand: 9 ¾""","352 Arm: 33 ⅜"" Hand: 9 ¾""",NA,NA,NA,"5.21 10-Yard Split: 1.84 Vertical: 32 ½"" Broad: 9'1"" Shuttle: 4.78 3-Cone: 7.78 Bench: 25","1.84 Vertical: 32 ½"" Broad: 9'1"" Shuttle: 4.78 3-Cone: 7.78 Bench: 25","32 ½"" Broad: 9'1"" Shuttle: 4.78 3-Cone: 7.78 Bench: 25","9'1"" Shuttle: 4.78 3-Cone: 7.78 Bench: 25","7.78 Bench: 25","4.78 3-Cone: 7.78 Bench: 25","25"
"38","https://bleacherreport.com/articles/25262645-nfl-draft-2026-scouting-report-usc-s-kamari-ramsey","NFL Draft 2026 Scouting Report for USC S Kamari Ramsey","NFL Draft 2026 Scouting Report for USC S Kamari Ramsey","Kamari Ramsey",NA,"— Ramsey has fantastic eyes in zone coverage and his instincts take him to the football regularly. His athleticism allows him to mirror the quarterback and stay in phase beautifully. | — He does a great job recognizing plays and route concepts. He's always around the play, whether it's a run or a pass. | — As an off coverage defender, he reads route breaks and receiver deceleration in an instant. He triggers downhill or to the receiver while regularly attacking the catch point. | — His athleticism is an asset and allows him to maintain backpedal speed and flip his hips while reading leverage and the quarterback's eyes. He sinks his hips to decelerate quickly, too. | — He's a willing participant downhill in the screen and run game. His quick trigger let's him flow in the direction of the ball carrier/throw before other defenders.","— When Ramsey gets stacked vertically, his recovery speed is questionable and receivers can gain separation. His lateral burst to turn and run can be late, putting him behind speedy receivers. | — While he's a willing participant in the run game, he must improve his tackling technique to not fall off as many tackles. | — His upside as a nickel defender is limited by his short area lateral burst, effectiveness as a man defender and tackling ability in the run game can still create an impact.",".css-1582m2i{margin:0;font:inherit;font-weight:700;}GRADE: 7.4 (High-Level Backup/Starter Upside - Third Round) | COMPARABLE GRADE: S Dante Trader Jr., Maryland (7.4 in 2025), S Kitan Oladapo, Oregon State (7.5 in 2024), CB Kelee Ringo, Georgia (7.4 in 2023) | OVERALL RANK: 76 | POSITION RANK: S8 | PRO COMPARISON: Ashton Davis | TOP NEWS | Mock NFL Expansion Draft 📋 | Breaking News | Every Team's Ideal 1st-Round Pick 👌","Height: 6'0 ¼"" Weight: 202 Hand Size: 9 ¼"" Arm Length: 30 ⅝"" Wingspan: N/A 40-yard dash: 4.47 10-yard split: 1.57 Vertical: 37"" Broad: 10'0"" 3 cone: N/A Shuttle: N/A Bench: 16","7.4 (High-Level Backup/Starter Upside - Third Round)","S Dante Trader Jr., Maryland (7.4 in 2025), S Kitan Oladapo, Oregon State (7.5 in 2024), CB Kelee Ringo, Georgia (7.4 in 2023)","76","S8","Ashton Davis","6'0 ¼"" Weight: 202 Hand Size: 9 ¼"" Arm Length: 30 ⅝"" Wingspan: N/A 40-yard dash: 4.47 10-yard split: 1.57 Vertical: 37"" Broad: 10'0"" 3 cone: N/A Shuttle: N/A Bench: 16","202 Hand Size: 9 ¼"" Arm Length: 30 ⅝"" Wingspan: N/A 40-yard dash: 4.47 10-yard split: 1.57 Vertical: 37"" Broad: 10'0"" 3 cone: N/A Shuttle: N/A Bench: 16","9 ¼"" Arm Length: 30 ⅝"" Wingspan: N/A 40-yard dash: 4.47 10-yard split: 1.57 Vertical: 37"" Broad: 10'0"" 3 cone: N/A Shuttle: N/A Bench: 16","30 ⅝"" Wingspan: N/A 40-yard dash: 4.47 10-yard split: 1.57 Vertical: 37"" Broad: 10'0"" 3 cone: N/A Shuttle: N/A Bench: 16","N/A 40-yard dash: 4.47 10-yard split: 1.57 Vertical: 37"" Broad: 10'0"" 3 cone: N/A Shuttle: N/A Bench: 16",NA,NA,"37"" Broad: 10'0"" 3 cone: N/A Shuttle: N/A Bench: 16","10'0"" 3 cone: N/A Shuttle: N/A Bench: 16",NA,"N/A Bench: 16","16"
"39","https://bleacherreport.com/articles/25253135-nfl-draft-2026-scouting-report-ohio-state-te-max-klare","NFL Draft 2026 Scouting Report for Ohio State TE Max Klare","NFL Draft 2026 Scouting Report for Ohio State TE Max Klare","Max Klare",NA,"— Has a workmanlike mentality as a blocker who can help from multiple alignments. | — Showcases route-stem nuance to read defenders' leverage and manipulate body position. | — Explosive seam threat who gets on second level defenders in a hurry. | — Once Klare catches the football, he gets upfield quickly and can reduce defenders angles. | — Settling in zone to become available to the quarterback.","— In-line blocking, functional strength and hand placement to increase effectiveness. | — Consistently uses his hands at the top of his route to not get caught by physical defenders. | — Lining up blocks on the move to stay connected and free up running backs.",".css-1582m2i{margin:0;font:inherit;font-weight:700;}GRADE: 7.7 (Key Contributor - 2nd Round) | COMPARABLE GRADE: Greg Dulcich, TE, UCLA (7.5 in 2022), Tucker Kraft, TE, South Dakota State (7.5 in 2023), TE Harold Fannin Jr., Bowling Green (7.6 in 2025) | OVERALL RANK: 43 | POSITION RANK: TE2 | PRO COMPARISON: Mark Andrews | TOP NEWS | Breaking News | Mock NFL Expansion Draft 📋 | Jeremiyah Love on Giants' Radar","Height: 6'4"" Weight: 246 Hand Size: 9 ⅛"" Arm Length: 32 ⅛"" Wingspan: 77 ⅞"" 40-yard dash: N/A 10-yard split: N/A Vertical: N/A Broad: N/A 3 cone: N/A Shuttle: N/A Bench: N/A","7.7 (Key Contributor - 2nd Round)","Greg Dulcich, TE, UCLA (7.5 in 2022), Tucker Kraft, TE, South Dakota State (7.5 in 2023), TE Harold Fannin Jr., Bowling Green (7.6 in 2025)","43","TE2","Mark Andrews","6'4"" Weight: 246 Hand Size: 9 ⅛"" Arm Length: 32 ⅛"" Wingspan: 77 ⅞"" 40-yard dash: N/A 10-yard split: N/A Vertical: N/A Broad: N/A 3 cone: N/A Shuttle: N/A Bench: N/A","246 Hand Size: 9 ⅛"" Arm Length: 32 ⅛"" Wingspan: 77 ⅞"" 40-yard dash: N/A 10-yard split: N/A Vertical: N/A Broad: N/A 3 cone: N/A Shuttle: N/A Bench: N/A","9 ⅛"" Arm Length: 32 ⅛"" Wingspan: 77 ⅞"" 40-yard dash: N/A 10-yard split: N/A Vertical: N/A Broad: N/A 3 cone: N/A Shuttle: N/A Bench: N/A","32 ⅛"" Wingspan: 77 ⅞"" 40-yard dash: N/A 10-yard split: N/A Vertical: N/A Broad: N/A 3 cone: N/A Shuttle: N/A Bench: N/A","77 ⅞"" 40-yard dash: N/A 10-yard split: N/A Vertical: N/A Broad: N/A 3 cone: N/A Shuttle: N/A Bench: N/A",NA,NA,"N/A Broad: N/A 3 cone: N/A Shuttle: N/A Bench: N/A","N/A 3 cone: N/A Shuttle: N/A Bench: N/A",NA,"N/A Bench: N/A","N/A"
"40","https://bleacherreport.com/articles/25294697-nfl-draft-2026-scouting-report-nebraska-rb-emmett-johnson","NFL Draft 2026 Scouting Report for Nebraska RB Emmett Johnson","NFL Draft 2026 Scouting Report for Nebraska RB Emmett Johnson","Emmett Johnson",NA,"- Patient runner with great vision to find running lanes. Johnson presses the line of scrimmage with a ""slot too, fast through"" mentality. He possesses the acceleration and burst to explode through a lane once a crease is created. He patiently attacks the LOS, essentially setting up his blocks and reading them well in real time. | - Johnson is a creative runner with run discipline to stay on the design run path for positive yards. He is a dangerous back because he will take what the offensive line blocks/creates, but has the elusiveness and electric footwork to create for himself. He possesses a twitchy lower half and will string together cuts to jump cut outside the tackle box into the open field. | - Nebraska's star back executes inside zone, outside zone, and duo run concepts well. He reads his keys and picks his spot on when to bounce or cut runs upfield. Johnson maximizes the OL's run blocking with good decision-making. | - Adept at getting skinny through small creases and reducing the strike zone for incoming defenders. He avoids big clean hits from defenders, preserving his body and health. | - Johnson runs with a low center of gravity and good contact balance. He can pinball off tackles and run through arm tackles. He keeps his feet driving forward even after contact. He will push some piles with his tenacity and effort.","- Johnson's dynamic lateral agility and cuts can result in chasing the big play on the outside. He will try to jump cut one too many times instead of planting and getting upfield. | - His speed is good but not great. He does not present a constant threat to take runs the distance and outrun high-end athletic pursuing defenders for explosive gains. | - Pass protection is inconsistent and needs refining. Johnson is a high-motor player, but he needs to improve his technique as a pass protector against pressure packages. It would be good to see him scan the field better for potential threats and step up to meet the defender with physicality at the POA. | Grade, Rank, and Pro Comparison | .css-1582m2i{margin:0;font:inherit;font-weight:700;}GRADE: 7.37 (High-Level Backup/Starter Upside — 3rd Round) | COMPARABLE GRADE: TreVeyon Henderson (7.5 in 2025), Quinshon Judkins (7.5 in 2025), Devon Achane (7.6 in 2023) | OVERALL RANK: 78 | POSITION RANK: RB5 | PRO COMPARISON: Jashaun Corbin",NA,"Height: 5'10"" Weight: 200 HAND: 9¾ Arm: 30 ¼"" 40-Yard DASH: 4.56 Vertical Jump: 35.5"" Broad Jump: 10'0"" 3-Cone Drill: 7.32"" 20-Yard Shuttle: 4.29"" Bench Press: 16","7.37 (High-Level Backup/Starter Upside — 3rd Round)","TreVeyon Henderson (7.5 in 2025), Quinshon Judkins (7.5 in 2025), Devon Achane (7.6 in 2023)","78","RB5","Jashaun Corbin","5'10"" Weight: 200 HAND: 9¾ Arm: 30 ¼"" 40-Yard DASH: 4.56 Vertical Jump: 35.5"" Broad Jump: 10'0"" 3-Cone Drill: 7.32"" 20-Yard Shuttle: 4.29"" Bench Press: 16","200 HAND: 9¾ Arm: 30 ¼"" 40-Yard DASH: 4.56 Vertical Jump: 35.5"" Broad Jump: 10'0"" 3-Cone Drill: 7.32"" 20-Yard Shuttle: 4.29"" Bench Press: 16",NA,NA,NA,NA,NA,NA,NA,NA,"4.29"" Bench Press: 16",NA
"41","https://bleacherreport.com/articles/25259039-nfl-draft-2026-scouting-report-georgia-dl-christen-miller","NFL Draft 2026 Scouting Report for Georgia DL Christen Miller","NFL Draft 2026 Scouting Report for Georgia DL Christen Miller","Christen Miller",NA,"- Miller has good size and carries his weight well. Also shows impressive quickness and movement skills. | - Quick to get his hands up against the run and has very good upper body strength to gain control of and shed blocks. | - Takes on blocks from interior offensive linemen with good pad level and a wide base to stay in his gap when left one-on-one. Is also quick to recognize down blocks to avoid getting washed inside. | - Has the agility and quickness to fill his gap and cross the offensive lineman's face to make tackles in the adjacent gap. Agility also helps him avoid getting reached and be an effective looper as a pass-rusher. | - Potential to develop as a pass rusher, he has shown flashes of winning with a bull rush and a decent swim move. | - Experience playing several alignments on the defensive line from a 0-technique nose tackle to a 4i-technique defensive end. He has some position versatility in the pros.","- Often late to react to the snap, hurting Miller's get-off and effectiveness/consistency when bull rushing. | - Doesn't anticipate double teams and combo blocks well, resulting in him getting pushed out of his gap against better competition. | - Isn't gap disciplined against the run, he'll often get set up by running backs and leave his assignment early to try and make a play. | - Hands are often late as a pass-rusher, allowing offensive linemen to get into his chest. He doesn't have a go-to pass-rush move that he can win with yet. | - Minimal production, he's never had 30 or more tackles or two full sacks in a single season. | Grade, Rank, and Pro Comparison | .css-1582m2i{margin:0;font:inherit;font-weight:700;}GRADE: 7.6 (Key Contributor — 2nd Round) | COMPARABLE GRADE: Milton Williams, Louisiana Tech (7.6 in 2021), Levi Onwuzurike, Washington (7.7 in 2021), Tyleik Williams, Ohio State (7.9 in 2025) | OVERALL RANK: 50 | POSITION RANK: DL5 | PRO COMPARISON: Kenny Clark",NA,"Height: 6'4"" Weight: 321 Hand: 10"" Arm: 33"" Wingspan: 80⅛"" | 40-Yard Dash: N/A 10-Yard Split: N/A 3-Cone: N/A Shuttle: N/A Vertical: N/A Broad: N/A","7.6 (Key Contributor — 2nd Round)","Milton Williams, Louisiana Tech (7.6 in 2021), Levi Onwuzurike, Washington (7.7 in 2021), Tyleik Williams, Ohio State (7.9 in 2025)","50","DL5","Kenny Clark","6'4"" Weight: 321 Hand: 10"" Arm: 33"" Wingspan: 80⅛""","321 Hand: 10"" Arm: 33"" Wingspan: 80⅛""",NA,NA,"80⅛""","N/A 10-Yard Split: N/A 3-Cone: N/A Shuttle: N/A Vertical: N/A Broad: N/A","N/A 3-Cone: N/A Shuttle: N/A Vertical: N/A Broad: N/A","N/A Broad: N/A","N/A","N/A Shuttle: N/A Vertical: N/A Broad: N/A","N/A Vertical: N/A Broad: N/A",NA
"42","https://bleacherreport.com/articles/25327600-nfl-draft-2026-scouting-report-oklahoma-wr-deion-burks","NFL Draft 2026 Scouting Report for Oklahoma WR Deion Burks","NFL Draft 2026 Scouting Report for Oklahoma WR Deion Burks","Deion Burks",NA,"- Playmaking explosivity! Burks is a threat to make big plays at all times. He possesses the acceleration and top-end speed to beat defenses over the top routinely. If untouched at the line, Burks will run past defenders and stack them, creating an out-of-phase rep for the defensive back. | - Tracking the football down the field is an underrated part of Burks' game. He locates the ball in the air and adjusts to its arc and descent. He has good hand-eye coordination to see the ball in on over-the-shoulder throws, even in hole-shot vs. cover-two defenses. | - Burks displays good football IQ by settling into the soft spots versus zone coverages. He attacks zone defenses with patience and awareness. | - The Sooners' second-leading receiver excels with the football. He handles manufactured touches, like screens, jet sweep pop passes, and jet sweeps. With his speed and explosiveness in space, he is dangerous to create YAC. | - Burks is a natural hands catcher who plucks the ball out of the air with confidence. | - Good route running ability vs man coverage. Burks sells the vertical, steps on the DB's toes, and stops on a dime to work back down the route stem. Outstanding stop/start ability to sell double moves to their maximum. From stutter/Go, sluggos, etc, he will put the defensive back in conflict if they're playing with a cushion.","- Staying healthy to continue his development and sharpening his craft. Burks sustained soft-tissue injuries, a concussion, and a minor neck injury during the 2023 Citrus Bowl while at Purdue. | - Burks is an undersized receiver with a limited wingspan. He will have trouble fending off longer-limbed cornerbacks at the catch point. | - The former Boilermaker will be challenged when facing quick-footed and long cornerbacks at the next level. They will be able to crowd his space at the line of scrimmage, eliminating free releases to gear up to top speed and neutralizing his best attribute early in reps.",NA,"Height: 5'10"" Weight: 180 HAND: 9½"" ARM: 29⅜"" | 40-Yard DASH: 4.3"" Vertical Jump: 42.5"" Broad Jump: 10'11"" 3-Cone Drill: N/A 20-Yard Shuttle: N/A Bench Press: 26","7.55 (Key Contributor — 2nd Round)","Amon-Ra St. Brown (7.7 in 2021), Kadarius Toney (7.71 in 2021), Skyy Moore (7.6 in 2022)","56","WR10","Sterling Shepard","5'10"" Weight: 180 HAND: 9½"" ARM: 29⅜""","180 HAND: 9½"" ARM: 29⅜""",NA,NA,NA,NA,NA,NA,NA,NA,"N/A Bench Press: 26",NA
"43","https://bleacherreport.com/articles/25317002-nfl-draft-2026-scouting-report-illinois-edge-gabe-jacas","NFL Draft 2026 Scouting Report for Illinois Edge Gabe Jacas","NFL Draft 2026 Scouting Report for Illinois Edge Gabe Jacas","Gabe Jacas",NA,"- Jacas has good size and carries his frame well with little to no bad weight. | - Impressive pass-rush production with 27 career sacks in 50 games (as of Dec. 4). | - Has the combination of strength and change of direction skills to be very effective when turning speed to power as a pass-rusher. | - Good quickness for his size to beat offensive tackles across their faces and take advantage of oversets or use as a counter move to his ability to turn speed to power. | - Recognizes when he's even with the quarterback and has a solid inside spin move to avoid rushing too far up the field and get pressure. | - Good pass-rush motor, allowing him to get coverage sacks. | - Solid at running his feet to avoid getting reached in the run game. | - Can create stalemates against pullers as the force player in run fits.","- Jacas is a below-average run defender, Illinois would often take him out of the game on key run downs. | - Not very physical at the point of attack when taking on blocks against the run. | - Plays high and has issues anchoring against down blocks or when setting the edge versus offensive tackles who play with good leverage. | - Doesn't use his arm length well in the run game, limiting the extension he can get on blocks and making it difficult for him to shed/escape. | - Lacks some explosion off the line of scrimmage to threaten offensive tackles with speed as a pass-rusher. | - Use of hands when rushing the passer is a work in progress, he's often late and isn't good at working the offensive lineman's hands. | Grade, Rank, and Pro Comparison | .css-1582m2i{margin:0;font:inherit;font-weight:700;}GRADE: 7.6 (Key Contributor — 2nd Round) | COMPARABLE GRADE: JT Tuimoloau, Ohio State (7.6 in 2025), Keion White, Georgia Tech (7.7 in 2023), Tuli Tuipulotu, USC (7.6 in 2023) | OVERALL RANK: 51 | POSITION RANK: EDGE8 | PRO COMPARISON: Jonathan Greenard without the length",NA,"Height: 6'4"" Weight: 260 Hand: 10"" Arm: 33"" Wingspan: N/A | 40-Yard Dash: N/A 10-Yard Split: N/A 3-Cone: N/A Shuttle: N/A Vertical: N/A Broad: N/A","7.6 (Key Contributor — 2nd Round)","JT Tuimoloau, Ohio State (7.6 in 2025), Keion White, Georgia Tech (7.7 in 2023), Tuli Tuipulotu, USC (7.6 in 2023)","51","EDGE8","Jonathan Greenard without the length","6'4"" Weight: 260 Hand: 10"" Arm: 33"" Wingspan: N/A","260 Hand: 10"" Arm: 33"" Wingspan: N/A",NA,NA,"N/A","N/A 10-Yard Split: N/A 3-Cone: N/A Shuttle: N/A Vertical: N/A Broad: N/A","N/A 3-Cone: N/A Shuttle: N/A Vertical: N/A Broad: N/A","N/A Broad: N/A","N/A","N/A Shuttle: N/A Vertical: N/A Broad: N/A","N/A Vertical: N/A Broad: N/A",NA
"44","https://bleacherreport.com/articles/25291291-nfl-draft-2026-scouting-report-cincinnati-lb-jake-golday","NFL Draft 2026 Scouting Report for Cincinnati LB Jake Golday","NFL Draft 2026 Scouting Report for Cincinnati LB Jake Golday","Jake Golday",NA,"- Golday has good size and length with room for growth. Also, he's a very good athlete for the linebacker position. | - Fluid hips and impressive speed to turn and run in coverage, allowing him to quickly get depth against play-action passes or carry vertical routes. Loose hips can also help him stay in phase or recover when playing man-coverage. | - Use his hands and gets physical in zone coverage to help force reroutes against wide receivers. | - Accelerates really well to be quite effective when closing in coverage. | - Against the run, Golday takes on blocks with his hands, plays physically and presents solid strength to get extension and escape from offensive linemen. He has little-to-no issues stacking and shedding against tight ends. | - Has some pop behind his pads when coming downhill. | - Plenty of speed for impressive sideline-to-sideline range. | - A sure-tackler who wraps up and rarely misses, while also being decent and breaking down when tackling in space. | - Offers value as a blitzer on third downs thanks to his background as an edge-rusher, with a repertoire to win with ghost, long-arm and stick moves.","- Golday's awareness in zone coverage is poor; he'll drift out of his zone and miss opportunities to help his teammates. | - Covers grass instead of adjusting to route concepts too often when playing in space. | - Gets caught with his eyes in the backfield as the hook defender and isn't good at reading the quarterback's eyes to anticipate throws and/or tighten windows. | - Instincts as a run-defender are subpar, as he's a tick slow to key and diagnose, making it difficult for him to beat offensive linemen to the spot. | - Could afford to add lower-body strength to anchor against bigger offensive linemen. | Grade, Rank, and Pro Comparison | .css-1582m2i{margin:0;font:inherit;font-weight:700;}GRADE: 7.7 (Key Contributor — 2nd Round) | COMPARABLE GRADE: Jack Campbell, Iowa (7.8 in 2023), Quay Walker, Georgia (7.6 in 2022), Nick Bolton, Missouri (7.5 in 2021) | OVERALL RANK: 44 | POSITION RANK: LB4 | PRO COMPARISON: Devin Lloyd",NA,"Height: 6'4"" Weight: 239 Hand: 9½"" Arm: 31⅞"" Wingspan: 76⅞"" | 40-Yard Dash: 4.62 10-Yard Split: 1.60 3-Cone: 7.02 Shuttle: 4.34 Vertical: 39"" Broad: 10'5""","7.7 (Key Contributor — 2nd Round)","Jack Campbell, Iowa (7.8 in 2023), Quay Walker, Georgia (7.6 in 2022), Nick Bolton, Missouri (7.5 in 2021)","44","LB4","Devin Lloyd","6'4"" Weight: 239 Hand: 9½"" Arm: 31⅞"" Wingspan: 76⅞""","239 Hand: 9½"" Arm: 31⅞"" Wingspan: 76⅞""",NA,NA,"76⅞""","4.62 10-Yard Split: 1.60 3-Cone: 7.02 Shuttle: 4.34 Vertical: 39"" Broad: 10'5""","1.60 3-Cone: 7.02 Shuttle: 4.34 Vertical: 39"" Broad: 10'5""","39"" Broad: 10'5""","10'5""","7.02 Shuttle: 4.34 Vertical: 39"" Broad: 10'5""","4.34 Vertical: 39"" Broad: 10'5""",NA
"45","https://bleacherreport.com/articles/25289844-nfl-draft-2026-scouting-report-florida-dl-caleb-banks","NFL Draft 2026 Scouting Report for Florida DL Caleb Banks","NFL Draft 2026 Scouting Report for Florida DL Caleb Banks","Caleb Banks",NA,"- Banks has a good combination of size, strength, athleticism and quickness for an NFL defensive tackle. | - Accelerates off the line of scrimmage well for a good get-off. | - Combines quickness and a good arm-over move to beat offensive linemen across their faces as a pass-rusher and run defender. | - Also displays a hump-move that he can catch offensive linemen leaning and flashes a solid inside spin move that he can develop when rushing the passer at the next level. | - Good change-of-direction skills to pivot and take advantage of oversets from offensive linemen. | - When Banks shoots his hands against the run, he presents solid knockback power to occasionally reset the line of scrimmage.","- Banks stands up out of his stance and plays with high pad-level, causing him to get pushed out of his gap by double-teams and combo blocks. | - Also, he'll get kicked inside by down-blocks, because he struggles to sink his hips and anchor. | - Has a habit of taking on blocks with his forearms instead of his hands, preventing him from capitalizing on his strength and length at the point of attack. | - Hips are a little tight to clear his lower half when working finesse moves. | - Needs to learn how to work the hands as a pass-rusher. | - Gets knocked off his path too easily for someone of his size when rushing the passer. | - Foot injury could be a lingering issue. He missed spring practices and the first two games of the 2025 season because of it, then re-injured it during his first game back and had to have surgery. Also, broke his foot at the NFL Combine. | Grade, Rank, and Pro Comparison | .css-1582m2i{margin:0;font:inherit;font-weight:700;}GRADE: 7.5 (Key Contributor — 2nd Round) | COMPARABLE GRADE: Tyleik Williams, Ohio State (7.6 in 2025), Ruke Orhorhoro, Clemson (7.5 in 2024), Calijah Kancey, Pittsburgh (7.6 in 2023) | OVERALL RANK: 55 | POSITION RANK: DL6 | PRO COMPARISON: Gervon Dexter",NA,"Height: 6'6"" Weight: 327 Hand: 10⅞"" Arm: 35"" Wingspan: 85¾"" | 40-Yard Dash: 5.05 10-Yard Split: 1.76 3-Cone: N/A Shuttle: N/A Vertical: 32"" Broad: 9'6""","7.5 (Key Contributor — 2nd Round)","Tyleik Williams, Ohio State (7.6 in 2025), Ruke Orhorhoro, Clemson (7.5 in 2024), Calijah Kancey, Pittsburgh (7.6 in 2023)","55","DL6","Gervon Dexter","6'6"" Weight: 327 Hand: 10⅞"" Arm: 35"" Wingspan: 85¾""","327 Hand: 10⅞"" Arm: 35"" Wingspan: 85¾""",NA,NA,"85¾""","5.05 10-Yard Split: 1.76 3-Cone: N/A Shuttle: N/A Vertical: 32"" Broad: 9'6""","1.76 3-Cone: N/A Shuttle: N/A Vertical: 32"" Broad: 9'6""","32"" Broad: 9'6""","9'6""","N/A Shuttle: N/A Vertical: 32"" Broad: 9'6""","N/A Vertical: 32"" Broad: 9'6""",NA
"46","https://bleacherreport.com/articles/25252312-nfl-draft-2026-scouting-report-south-carolina-cb-brandon-cisse","NFL Draft 2026 Scouting Report for South Carolina CB Brandon Cisse","NFL Draft 2026 Scouting Report for South Carolina CB Brandon Cisse","Brandon Cisse",NA,"— The 5'11"", 189-pound corner looks the part on the field and on paper. His footwork is quick, while he keeps his center of gravity low to flip his hips and run downfield when he needs to. | — He sees the perimeter game quickly, run or pass, and explodes downhill to contribute and blow plays up. | — From hard/soft press to catch technique and trail, his array of man coverage tools gives him different ways to win on any given rep. | — He attacks the catch point with his arms, both down the field and triggering underneath to dislodge footballs.","— Cisse's zone instincts are lacking, and he does better when he can focus on one receiver or the quarterback. | — While he's willing to click downhill in run and screen support, he's not always willing to wrap up and tackle. | —Too many misses and avoidances in tackling on his tape, to go with his inability to stack and shed blocks. | — He tends to open his hips early in release packages, relying on his natural gifts to recover.",".css-1582m2i{margin:0;font:inherit;font-weight:700;}GRADE: 7.4 (High-Level Backup/Starter Upside— Third Round) | COMPARABLE GRADE: CB Cobee Bryant, Kansas (7.4 in 2025), CB Khyree Jackson, Oregon (7.5 in 2024), CB Coby Bryant, Cincinnati (7.4 in 2022) | OVERALL RANK: 69 | POSITION RANK: CB10 | PRO COMPARISON: Jaycee Horn | TOP NEWS | Mock NFL Expansion Draft 📋 | Breaking News | Every Team's Ideal 1st-Round Pick 👌","Height: 6'0"" Weight: 189 Hand Size: 8 ½"" Arm Length: 30 ¾"" Wingspan: 75 ⅞"" 40-yard dash: 4.42 10-yard split: N/A Vertical: 41"" Broad: 10'11"" 3 cone: N/A Shuttle: N/A Bench: 15","7.4 (High-Level Backup/Starter Upside— Third Round)","CB Cobee Bryant, Kansas (7.4 in 2025), CB Khyree Jackson, Oregon (7.5 in 2024), CB Coby Bryant, Cincinnati (7.4 in 2022)","69","CB10","Jaycee Horn","6'0"" Weight: 189 Hand Size: 8 ½"" Arm Length: 30 ¾"" Wingspan: 75 ⅞"" 40-yard dash: 4.42 10-yard split: N/A Vertical: 41"" Broad: 10'11"" 3 cone: N/A Shuttle: N/A Bench: 15","189 Hand Size: 8 ½"" Arm Length: 30 ¾"" Wingspan: 75 ⅞"" 40-yard dash: 4.42 10-yard split: N/A Vertical: 41"" Broad: 10'11"" 3 cone: N/A Shuttle: N/A Bench: 15","8 ½"" Arm Length: 30 ¾"" Wingspan: 75 ⅞"" 40-yard dash: 4.42 10-yard split: N/A Vertical: 41"" Broad: 10'11"" 3 cone: N/A Shuttle: N/A Bench: 15","30 ¾"" Wingspan: 75 ⅞"" 40-yard dash: 4.42 10-yard split: N/A Vertical: 41"" Broad: 10'11"" 3 cone: N/A Shuttle: N/A Bench: 15","75 ⅞"" 40-yard dash: 4.42 10-yard split: N/A Vertical: 41"" Broad: 10'11"" 3 cone: N/A Shuttle: N/A Bench: 15",NA,NA,"41"" Broad: 10'11"" 3 cone: N/A Shuttle: N/A Bench: 15","10'11"" 3 cone: N/A Shuttle: N/A Bench: 15",NA,"N/A Bench: 15","15"
"47","https://bleacherreport.com/articles/25262883-nfl-draft-2026-scouting-report-oklahoma-edge-r-mason-thomas","NFL Draft 2026 Scouting Report for Oklahoma Edge R Mason Thomas","NFL Draft 2026 Scouting Report for Oklahoma Edge R Mason Thomas","R Mason Thomas",NA,"- Impressive athlete with good quickness/twitch, acceleration and change of direction skills. | - Has a good get-off and burst off the line of scrimmage to threaten offensive tackles with speed around the edge. | - Change-of-direction skills, suddenness and physicality make him very good at turning speed to power as a pass-rusher. Also, Thomas keeps his feet moving through contact to collapse the pocket against offensive tackles. | - Good bend and angles as a pass-rusher to take efficient paths to the quarterback. | - Has shown a solid ghost rush as a counter move to his ability to turn speed to power. | - Non-stop pass-rush motor with a decent spin move to get back in the picture and either force quarterbacks out of the pocket or pickup coverage sacks. | - Against the run, he takes on blocks with physicality and low pad level to gain a leverage advatange. | - Has solid upper body strength to get some extension against blocks from weaker offensive tackles.","- Sawed-off frame and has short arms. | - Lack of arm length limits how much extension he can get on blocks, making it difficult for him to escape or shed. | - Combined with often being late and inaccurate with his hands, the shorter arms often allow offensive tackles to make the first significant contact and get into his body when rushing the passer. | - Subpar lower body strength to anchor against the run, especially when taking on down blocks or combos. Thomas is going to struggle setting the edge against better/stronger competition in the NFL. | - Also, the lower body strength issues will lead to him getting washed inside when offensive tackles can stay on balance when he tries to turn speed to power. | - Injury history with a high-ankle sprain in each ankle is concerning. | Grade, Rank, and Pro Comparison | .css-1582m2i{margin:0;font:inherit;font-weight:700;}GRADE: 7.5 (Key Contributor — 2nd Round) | COMPARABLE GRADE: Tuli Tuipulotu, USC (7.5 in 2023), Felix Anudike-Uzomah, Kansas State (7.5 in 2023), Princely Umanmielen, Ole Miss (7.5 in 2025) | OVERALL RANK: 58 | POSITION RANK: EDGE9 | PRO COMPARISON: Shades of Nik Bonitto",NA,"Height: 6'2"" Weight: 249 Hand: 8⅞"" Arm: 31⅝"" Wingspan: 77⅛"" | 40-Yard Dash: 4.67 10-Yard Split: 1.63 3-Cone: N/A Shuttle: N/A Vertical: N/A Broad: N/A","7.5 (Key Contributor — 2nd Round)","Tuli Tuipulotu, USC (7.5 in 2023), Felix Anudike-Uzomah, Kansas State (7.5 in 2023), Princely Umanmielen, Ole Miss (7.5 in 2025)","58","EDGE9","Shades of Nik Bonitto","6'2"" Weight: 249 Hand: 8⅞"" Arm: 31⅝"" Wingspan: 77⅛""","249 Hand: 8⅞"" Arm: 31⅝"" Wingspan: 77⅛""",NA,NA,"77⅛""","4.67 10-Yard Split: 1.63 3-Cone: N/A Shuttle: N/A Vertical: N/A Broad: N/A","1.63 3-Cone: N/A Shuttle: N/A Vertical: N/A Broad: N/A","N/A Broad: N/A","N/A","N/A Shuttle: N/A Vertical: N/A Broad: N/A","N/A Vertical: N/A Broad: N/A",NA
"48","https://bleacherreport.com/articles/25252260-nfl-draft-2026-scouting-report-utah-ot-caleb-lomu","NFL Draft 2026 Scouting Report for Utah OT Caleb Lomu","NFL Draft 2026 Scouting Report for Utah OT Caleb Lomu","Caleb Lomu",NA,"- Excellent recovery skills due to very good body control and balance. | - Has the foot quickness and range to expand his set points and widen the corner against high-side rushes. | - Knows how to reset his hands and hips to get into his anchor and not panic against power. | - Showed an impressive ability to adapt in-game against Texas Tech's Romello Height's inside counters to not lose to the same move twice. | - Fluid mover in the zone run game with the burst and quickness to intersect targets on the move.","- Inconsistent set lines and positional leverage in pass protection result in him floating/drifting past his spot to overset or too quickly opening up that prematurely shortens the corner. | - Below average play strength shows up primarily in the run game, leading to quick stalemates, soft edges and shaky sustain skills, especially on angle-drive blocks.",".css-1582m2i{margin:0;font:inherit;font-weight:700;}GRADE: 7.5 (Key Contributor - 2nd Round) | COMPARABLE GRADE: Tyler Guyton (7.6 in 2024), Amarius Mims (7.9 in 2024), Walker Little (7.7 in 2021) | OVERALL RANK: 57 | POSITION RANK: OT5 | PRO COMPARISON: Walker Little | TOP NEWS | Report: Falcons, Jags Make DT Trade | Brissett Wants Starter Money | Every Team's Ideal 1st-Round Pick 👌","Height: 6'6"" Weight: 313 Arm: 33 ⅜"" Hand: 9 ½"" | 40-Yard Dash: 4.99 10-Yard Split: 1.74 Vertical: 32 ½"" Broad: 9'5"" Shuttle: NA 3-Cone: NA Bench: NA","7.5 (Key Contributor - 2nd Round)","Tyler Guyton (7.6 in 2024), Amarius Mims (7.9 in 2024), Walker Little (7.7 in 2021)","57","OT5","Walker Little","6'6"" Weight: 313 Arm: 33 ⅜"" Hand: 9 ½""","313 Arm: 33 ⅜"" Hand: 9 ½""",NA,NA,NA,"4.99 10-Yard Split: 1.74 Vertical: 32 ½"" Broad: 9'5"" Shuttle: NA 3-Cone: NA Bench: NA","1.74 Vertical: 32 ½"" Broad: 9'5"" Shuttle: NA 3-Cone: NA Bench: NA","32 ½"" Broad: 9'5"" Shuttle: NA 3-Cone: NA Bench: NA","9'5"" Shuttle: NA 3-Cone: NA Bench: NA","NA Bench: NA","NA 3-Cone: NA Bench: NA","NA"
"49","https://bleacherreport.com/articles/25260916-nfl-draft-2026-scouting-report-south-carolina-cb-jalon-kilgore","NFL Draft 2026 Scouting Report for South Carolina DB Jalon Kilgore","NFL Draft 2026 Scouting Report for South Carolina DB Jalon Kilgore","Jalon Kilgore",NA,"— Kilgore is a physically gifted athlete who excels in the short area. He triggers on quick routes and underneath plays fast and with intent. | — He's a willing run defender who identifies the ball carrier quickly and attacks. He has the length and play strength to consistently make sure tackles. | — A coverage versatile defender who sees route combinations in zone quickly and mirrors the quarterback. He gets proper depth and passes off routes out of his zone. | — Flashes hand-usage in man coverage to throw off the timing and keep himself in phase. When combined with his burst, he can disrupt the catch point and find the football.","— At his size, Kilgore should play with more physicality in all aspects of his game and be more willing to take on blocks in the run game. | — He gives receivers free releases too often and his deep recovery speed is a question mark. He should be square and more patient against releases to stay in phase. | — His ball tracking down the field is hit or miss and receivers who play with strong hands and good timing can out work him at the catch point.",".css-1582m2i{margin:0;font:inherit;font-weight:700;}GRADE: 7.5 | COMPARABLE GRADE: CB Khyree Jackson, Oregon (7.5 in 2024), Kelee Ringo, CB, Georgia (7.4 in 2023), CB Shavon Revel Jr., East Carolina (7.6 in 2025) | OVERALL RANK: 58 | POSITION RANK: S6 | PRO COMPARISON: Jamel Dean | TOP NEWS | Report: Falcons, Jags Make DT Trade | Fans' picks for NFL mock draft | Re-Drafting Every Team's Worst Draft Pick of the Century 😡","Height: 6'1 ⅜"" Weight: 210 Hand Size: 9 ⅜"" Arm Length: 32 ⅞"" Wingspan: N/A 40-yard dash: 4.4 10-yard split: 1.56 Vertical: 37"" Broad: 10'10"" 3 cone: N/A Shuttle: 4.32 Bench: 16","7.5","CB Khyree Jackson, Oregon (7.5 in 2024), Kelee Ringo, CB, Georgia (7.4 in 2023), CB Shavon Revel Jr., East Carolina (7.6 in 2025)","58","S6","Jamel Dean","6'1 ⅜"" Weight: 210 Hand Size: 9 ⅜"" Arm Length: 32 ⅞"" Wingspan: N/A 40-yard dash: 4.4 10-yard split: 1.56 Vertical: 37"" Broad: 10'10"" 3 cone: N/A Shuttle: 4.32 Bench: 16","210 Hand Size: 9 ⅜"" Arm Length: 32 ⅞"" Wingspan: N/A 40-yard dash: 4.4 10-yard split: 1.56 Vertical: 37"" Broad: 10'10"" 3 cone: N/A Shuttle: 4.32 Bench: 16","9 ⅜"" Arm Length: 32 ⅞"" Wingspan: N/A 40-yard dash: 4.4 10-yard split: 1.56 Vertical: 37"" Broad: 10'10"" 3 cone: N/A Shuttle: 4.32 Bench: 16","32 ⅞"" Wingspan: N/A 40-yard dash: 4.4 10-yard split: 1.56 Vertical: 37"" Broad: 10'10"" 3 cone: N/A Shuttle: 4.32 Bench: 16","N/A 40-yard dash: 4.4 10-yard split: 1.56 Vertical: 37"" Broad: 10'10"" 3 cone: N/A Shuttle: 4.32 Bench: 16",NA,NA,"37"" Broad: 10'10"" 3 cone: N/A Shuttle: 4.32 Bench: 16","10'10"" 3 cone: N/A Shuttle: 4.32 Bench: 16",NA,"4.32 Bench: 16","16"
"50","https://bleacherreport.com/articles/25270635-nfl-draft-2026-scouting-report-georgia-wr-zachariah-branch","NFL Draft 2026 Scouting Report for Georgia WR Zachariah Branch","NFL Draft 2026 Scouting Report for Georgia WR Zachariah Branch","Zachariah Branch",NA,"- Electric playmaker in space with the football. Branch is a dynamic mover who puts defenders in conflict in the open field. His agility and elusiveness make it difficult for defenders to bring him down in one-on-one situations. | - His speed and acceleration are dangerous and emphasize pursuit angles for defenders. At top speed, Branch can outrun defenders and beat their angles, creating big plays after the catch. | - Usage versatility is one of the best parts of his skill set. The USC transfer can be infused into the offensive game plan in multiple ways: in the backfield as an RB, in the slot, in bunch sets, and in stacked alignments. He has taken handoffs from the backfield, and those reps looked natural. | - Branch transitions from receiver to runner quickly. He shows good contact balance, along with his athletic ability, to stay upright for extra yardage. | - Georgia's explosive weapon adds special teams value. He has two return touchdowns in his career. Branch's elusiveness and explosiveness make him a dangerous return specialist.","- Branch has a limited wingspan and catch radius. He will struggle to make contested catches against tight-man coverage. This creates issues for the quarterback when targeting him downfield. | - He is an undersized receiver. He will need a creative playcaller to maximize his talents. NFL teams will potentially view Branch as a slot-only weapon, limiting his overall ceiling. | - Refining his route tree will have an impact on how NFL teams decide to deploy him. Branch needs to develop counters at the line of scrimmage against longer and more physical corners if he wants to have a chance as a predominant outside threat.",NA,"Height: 5'9"" Weight: 177 HAND: 9"" ARM: 29⅜"" | 40-YARD DASH: 4.35"" Vertical Jump: 38"" Broad Jump: 10'5"" 3-Cone Drill: N/A 20-Yard Shuttle: N/A Bench Press: 20","7.66 (Key Contributor — 2nd Round)","Xavier Worthy (7.4 in 2024), Zay Flowers (7.5 in 2023), Rashee Rice (7.4 in 2023)","49","WR10","Zay Flowers","5'9"" Weight: 177 HAND: 9"" ARM: 29⅜""","177 HAND: 9"" ARM: 29⅜""",NA,NA,NA,NA,NA,NA,NA,NA,"N/A Bench Press: 20",NA
"51","https://bleacherreport.com/articles/25250740-nfl-draft-2026-scouting-report-texas-te-jack-endries","NFL Draft 2026 Scouting Report for Texas TE Jack Endries","NFL Draft 2026 Scouting Report for Texas TE Jack Endries","Jack Endries",NA,"— Multiple alignment skill set. He's at his best as a detached tight end with free releases. | — Does his best work in the run game as a motion blocker and puller to create better angles. | — Endries is a vertical route salesman, who stresses defenses down the seam. | — Has a great catch to attack mentality to get upfield quickly. | — Showcases top end ball skills and hands to make plays at all levels of the field.","— In-line blocking capabilities with functional strength and anchor to give the block and play it's best chance. Straining blocks are important for run game success. | — Route stem manipulation against man coverage to create space. Finds it tough to shake physical defenders. | — Endries struggles to make defenders miss post-catch, and his athleticism is lacking.",".css-1582m2i{margin:0;font:inherit;font-weight:700;}GRADE: 7.0 (High-Level Backup/Starter Upside - 3rd Round) | COMPARABLE GRADE: TE Jake Briningstool, Clemson (7.0 in 2025), TE Ja'Tavion Sanders, Texas (7.1 in 2024), TE Luke Schoonmaker, Michigan (6.9) | OVERALL RANK: 115 | POSITION RANK: TE9 | PRO COMPARISON: Souped-up Dalton Schultz | TOP NEWS | Report: Falcons, Jags Make DT Trade | Mock NFL Expansion Draft 📋 | Every Team's Ideal 1st-Round Pick 👌","Height: 6'4 ⅝"" Weight: 245 Hand Size: 9 ⅝"" Arm Length: 31 ⅛"" Wingspan: N/A 40-yard dash: 4.62 10-yard split: 1.59 Vertical: 36"" Broad: 9'11"" 3 cone: N/A Shuttle: N/A Bench: N/A","7.0 (High-Level Backup/Starter Upside - 3rd Round)","TE Jake Briningstool, Clemson (7.0 in 2025), TE Ja'Tavion Sanders, Texas (7.1 in 2024), TE Luke Schoonmaker, Michigan (6.9)","115","TE9","Souped-up Dalton Schultz","6'4 ⅝"" Weight: 245 Hand Size: 9 ⅝"" Arm Length: 31 ⅛"" Wingspan: N/A 40-yard dash: 4.62 10-yard split: 1.59 Vertical: 36"" Broad: 9'11"" 3 cone: N/A Shuttle: N/A Bench: N/A","245 Hand Size: 9 ⅝"" Arm Length: 31 ⅛"" Wingspan: N/A 40-yard dash: 4.62 10-yard split: 1.59 Vertical: 36"" Broad: 9'11"" 3 cone: N/A Shuttle: N/A Bench: N/A","9 ⅝"" Arm Length: 31 ⅛"" Wingspan: N/A 40-yard dash: 4.62 10-yard split: 1.59 Vertical: 36"" Broad: 9'11"" 3 cone: N/A Shuttle: N/A Bench: N/A","31 ⅛"" Wingspan: N/A 40-yard dash: 4.62 10-yard split: 1.59 Vertical: 36"" Broad: 9'11"" 3 cone: N/A Shuttle: N/A Bench: N/A","N/A 40-yard dash: 4.62 10-yard split: 1.59 Vertical: 36"" Broad: 9'11"" 3 cone: N/A Shuttle: N/A Bench: N/A",NA,NA,"36"" Broad: 9'11"" 3 cone: N/A Shuttle: N/A Bench: N/A","9'11"" 3 cone: N/A Shuttle: N/A Bench: N/A",NA,"N/A Bench: N/A","N/A"
"52","https://bleacherreport.com/articles/25250636-nfl-draft-2026-scouting-report-lsu-qb-garrett-nussmeier","NFL Draft 2026 Scouting Report for LSU QB Garrett Nussmeier","NFL Draft 2026 Scouting Report for LSU QB Garrett Nussmeier","Garrett Nussmeier",NA,"- Inside the structure and confines of the offensive scheme. He runs plays as designed and has complete control at the line of scrimmage to make any protection checks and route changes based on what the defense shows pre-snap. | - Quick processor of information post-snap. Recognizes post-snap defensive shifts and rolls with the coverage shell to locate the open receiver. He's smart enough to handle full-field reads and work through his progressions efficiently. | - A calm and cool operator against the blitz. Nussmeier identifies the potential blitzers and helps his offensive line prepare for the extra defenders. | - Nussmeier is more athletic than he appears. He quickly senses and evades edge pressure, using his legs to break the pocket, and keeps his eyes down the field for an open target. | - High football IQ and understanding of playing the quarterback position and the responsibilities that come with it. From making pre-snap checks and route adjustments based on the defensive formation to sliding protections against incoming pressure packages. | - Accuracy, ball placement, and anticipating throws are his A-traits. Nussmeier sees the field well and delivers accurate passes at all levels of the field. When kept clean, he places the football precisely where his receiver needs it.","- Battled a serious core injury, which led to throwing with poor mechanics and bad habits | - When forced to roll to his weak side, his passes lose steam. | - His gunslinger mentality needs to be kept under control. Nussmeier's worst plays happen when he makes those ""I can make this work"" decisions with the football. | - Interior pressure gives him trouble in the pocket. This typically forces him off his spot quickly, and he begins to drift in the pocket. | - He puts the ball in harm's way when pressured. He must learn to either take the sack or throw the ball away. | - Physically, he will not check the boxes in the height and weight department.",NA,"Height: 6'2"" Weight: 203 HAND: 9 ⅛ inches ARM: 30⅜ inches Wingspan: 75¼"" | 40-YARD DASH: N/A Vertical: N/A Broad Jump: N/A 3-Cone Drill: N/A 20-Yard Shuttle: N/A Bench Press: N/A","7.05 (High-Level Backup/Starter Upside— 3rd Round)","JJ McCarthy (7.5 in 2023), Malik Willis (7.6 in 2022), Kenny Pickett (7.4 in 2022)","107","QB4","Brock Purdy","6'2"" Weight: 203 HAND: 9 ⅛ inches ARM: 30⅜ inches Wingspan: 75¼""","203 HAND: 9 ⅛ inches ARM: 30⅜ inches Wingspan: 75¼""",NA,NA,"75¼""",NA,NA,"N/A Broad Jump: N/A 3-Cone Drill: N/A 20-Yard Shuttle: N/A Bench Press: N/A",NA,NA,"N/A Bench Press: N/A",NA
"53","https://bleacherreport.com/articles/25293122-nfl-draft-2026-scouting-report-texas-am-iol-chase-bisontis","NFL Draft 2026 Scouting Report for Texas A&M IOL Chase Bisontis","NFL Draft 2026 Scouting Report for Texas A&M IOL Chase Bisontis","Chase Bisontis",NA,"— Light-footed mover with very good short-area quickness. | — Strikes with tight hand placement and elbows connected to hips to maximize his power output. | — Operates with a flat-back posture and even weight distribution in his pass sets. | — Balanced pass protector who can utilize independent hands to leverage and mirror rushers once engaged. | — Quality move blocker who can intersect and kick out smaller targets on climbs, screens and pulls.","— Will open his hips early, drift and overset when being lured upfield to create a soft inside shoulder. | — Eyes tend to drop him into overextension against head-up down linemen when in the post on doubles/combo blocks. | — Below average mass and square power can knock him on his heels against power down the middle of his frame.",".css-1582m2i{margin:0;font:inherit;font-weight:700;}GRADE: 7.5 (Key Contributor — 2nd Round) | COMPARABLE GRADE: Jared Wilson (7.3 in 2025), Joe Tippmann (7.4 in 2023), Dylan Parham (7.3 in 2022) | OVERALL RANK: 56 | POSITION RANK: IOL4 | PRO COMPARISON: Mark Glowinski | TOP NEWS | Report: Falcons, Jags Make DT Trade | Re-Drafting Every Team's Worst Draft Pick of the Century 😡 | Every Team's Ideal 1st-Round Pick 👌","Height: 6'5"" Weight: 315 Arm: 31 ¾"" Hand: 9 ¾"" | 40-Yard Dash: 5.02 10-Yard Split: 1.76 Vertical: 32"" Broad: 8'9"" Shuttle: 4.78 3-Cone: 7.53 Bench: 29","7.5 (Key Contributor — 2nd Round)","Jared Wilson (7.3 in 2025), Joe Tippmann (7.4 in 2023), Dylan Parham (7.3 in 2022)","56","IOL4","Mark Glowinski","6'5"" Weight: 315 Arm: 31 ¾"" Hand: 9 ¾""","315 Arm: 31 ¾"" Hand: 9 ¾""",NA,NA,NA,"5.02 10-Yard Split: 1.76 Vertical: 32"" Broad: 8'9"" Shuttle: 4.78 3-Cone: 7.53 Bench: 29","1.76 Vertical: 32"" Broad: 8'9"" Shuttle: 4.78 3-Cone: 7.53 Bench: 29","32"" Broad: 8'9"" Shuttle: 4.78 3-Cone: 7.53 Bench: 29","8'9"" Shuttle: 4.78 3-Cone: 7.53 Bench: 29","7.53 Bench: 29","4.78 3-Cone: 7.53 Bench: 29","29"
"54","https://bleacherreport.com/articles/25263600-nfl-draft-2026-scouting-report-alabama-lb-deontae-lawson","NFL Draft 2026 Scouting Report for Alabama LB Deontae Lawson","NFL Draft 2026 Scouting Report for Alabama LB Deontae Lawson","Deontae Lawson",NA,"- Impressive athlete overall who has springy legs to move laterally easily. Also, appears to have good arm length and room for growth on his frame to add some size. | - Combines movement skills, quickness and a good ability to read the quarterback's eyes to tighten throwing windows and/or make plays on the ball. Good ball production for a linebacker with 16 career defended passes. | - Plenty of speed to close against underneath routes when playing zone coverage. | - While Lawson hasn't been used in man coverage much, he shows the athleticism to be able to match up with tight ends and running backs at the next level. | - Eyes in zone coverage have significantly improved during the 2025 season. He's also done a much better job of getting depth. | - Times up and disguises his blitzes well to get unblocked tackles for loss or find an open pass-rush lane to get pressure. | - Quick and agile to occasionally make offensive linemen miss on the second level.","- Questionable instincts against zone runs, Lawson often freezes and gets caught in the trash. | - Subpar strength when taking on blocks as a run defender, he struggles to get extension and will get pushed around by offensive linemen. Will need some time in the weight room to add size and strength. | - Doesn't have much pop behind his pads when coming downhill. | - Angles in pursuit are often too shallow. | - Has a habit of lunging or diving at a ball carrier's feet when tackling, leading to misses. | - Concerning injury history that included a torn ACL at the end of the 2024 season and a quad injury that caused him to miss three games in 2023. He's also exited a handful of games early with more minor injuries. | Grade, Rank, and Pro Comparison | .css-1582m2i{margin:0;font:inherit;font-weight:700;}GRADE: 7.1 (Key Contributor — 2nd Round) | COMPARABLE GRADE: Danny Stutsman, Oklahoma (7.1 in 2025), Daiyan Henley, Washington State (7.0 in 2023), Owen Pappoe, Auburn (7.1 in 2023) | OVERALL RANK: 102 | POSITION RANK: LB8 | PRO COMPARISON: Shaq Thompson",NA,"Height: 6'3"" Weight: 226 Hand: 9¼"" Arm: 31⅞"" Wingspan: N/A | 40-Yard Dash: N/A 10-Yard Split: N/A 3-Cone: N/A Shuttle: N/A Vertical: N/A Broad: N/A","7.1 (Key Contributor — 2nd Round)","Danny Stutsman, Oklahoma (7.1 in 2025), Daiyan Henley, Washington State (7.0 in 2023), Owen Pappoe, Auburn (7.1 in 2023)","102","LB8","Shaq Thompson","6'3"" Weight: 226 Hand: 9¼"" Arm: 31⅞"" Wingspan: N/A","226 Hand: 9¼"" Arm: 31⅞"" Wingspan: N/A",NA,NA,"N/A","N/A 10-Yard Split: N/A 3-Cone: N/A Shuttle: N/A Vertical: N/A Broad: N/A","N/A 3-Cone: N/A Shuttle: N/A Vertical: N/A Broad: N/A","N/A Broad: N/A","N/A","N/A Shuttle: N/A Vertical: N/A Broad: N/A","N/A Vertical: N/A Broad: N/A",NA
"55","https://bleacherreport.com/articles/25265220-nfl-draft-2026-scouting-report-ohio-state-cb-davison-igbinosun","NFL Draft 2026 Scouting Report for Ohio State CB Davison Igbinosun","NFL Draft 2026 Scouting Report for Ohio State CB Davison Igbinosun","Davison Igbinosun",NA,"— Igbinosun excels in press-man alignment where he can use his physicality to throw off timing and frustrate receivers. His compete level is extremely high. | — He does a great job of getting off blocks while maintaining proper leverage to force ball carriers inside. Then, he finishes plays with good tackling technique. | — He identifies route concepts and quick screens rapidly and triggers downhill with a purpose. His football IQ for passing off routes and staying in phase is noticeable. | — He's improved how quickly he gets his head around to locate the football when it's in the air. Preventing panic mode and allowing him to use his length better at the catch point.","— Igbinosun's feel for off-coverage is inconsistent. He opens his hips too early, allowing receivers an easy path to manipulation. | — His backpedal deceleration transition is segmented and jarring. | — While he's cleaned up the penalties more this season, he's a grabby corner who likes to make contact through the route. | — Lateral agility to cover shiftier receivers is lacking, and he will get beaten across his face.",".css-1582m2i{margin:0;font:inherit;font-weight:700;}GRADE: 7.5 (2nd Round - Key Contributor) | COMPARABLE GRADE: CB Martin Emerson, Mississippi State (7.5in 2022), CB Nate Wiggins, Clemson (7.5 in 2024), CB Shavon Revel Jr., East Carolina (7.6 in 2025) | OVERALL RANK: 63 | POSITION RANK: CB9 | PRO COMPARISON: Charvarius Ward | TOP NEWS | Breaking News | Mock NFL Expansion Draft 📋 | Jeremiyah Love on Giants' Radar","Height: 6'2 ⅛"" Weight: 189 Hand Size: 9 ⅛"" Arm Length: 32 ⅞"" Wingspan: N/A 40-yard dash: 4.45 10-yard split: 1.58 Vertical: 34"" Broad: 10'0"" 3 cone: N/A Shuttle: N/A Bench: N/A","7.5 (2nd Round - Key Contributor)","CB Martin Emerson, Mississippi State (7.5in 2022), CB Nate Wiggins, Clemson (7.5 in 2024), CB Shavon Revel Jr., East Carolina (7.6 in 2025)","63","CB9","Charvarius Ward","6'2 ⅛"" Weight: 189 Hand Size: 9 ⅛"" Arm Length: 32 ⅞"" Wingspan: N/A 40-yard dash: 4.45 10-yard split: 1.58 Vertical: 34"" Broad: 10'0"" 3 cone: N/A Shuttle: N/A Bench: N/A","189 Hand Size: 9 ⅛"" Arm Length: 32 ⅞"" Wingspan: N/A 40-yard dash: 4.45 10-yard split: 1.58 Vertical: 34"" Broad: 10'0"" 3 cone: N/A Shuttle: N/A Bench: N/A","9 ⅛"" Arm Length: 32 ⅞"" Wingspan: N/A 40-yard dash: 4.45 10-yard split: 1.58 Vertical: 34"" Broad: 10'0"" 3 cone: N/A Shuttle: N/A Bench: N/A","32 ⅞"" Wingspan: N/A 40-yard dash: 4.45 10-yard split: 1.58 Vertical: 34"" Broad: 10'0"" 3 cone: N/A Shuttle: N/A Bench: N/A","N/A 40-yard dash: 4.45 10-yard split: 1.58 Vertical: 34"" Broad: 10'0"" 3 cone: N/A Shuttle: N/A Bench: N/A",NA,NA,"34"" Broad: 10'0"" 3 cone: N/A Shuttle: N/A Bench: N/A","10'0"" 3 cone: N/A Shuttle: N/A Bench: N/A",NA,"N/A Bench: N/A","N/A"
"56","https://bleacherreport.com/articles/25294718-nfl-draft-2026-scouting-report-indiana-wr-omar-cooper-jr","NFL Draft 2026 Scouting Report for Indiana WR Omar Cooper Jr.","NFL Draft 2026 Scouting Report for Indiana WR Omar Cooper Jr.","Omar Cooper Jr.",NA,"- Cooper is a compactly built wide receiver. He excels working over the middle of the field on digs, crossers, and slant routes. | - He displays good contact-balance to absorb hits and keep working upfield. His ability to generate yards after the catch opens up diverse ways to deploy him. | - The Hoosiers' leading receiver turns into a running back once the football is in his hands. He reads blocks well on screens and manufactured touches. | - Good tempo and pacing as a route-runner. Cooper adds an element of deception to keep defenders' backs off-balance. He attacks coverage by varying his speed based on the defender's leverage. | - Cooper exhibits outstanding body control when high-pointing passes. When working near the sideline, he controls his body well to get his feet/toes inbounds for a completed pass. | - He excels working against zone coverage. Cooper finds the voids and nestles into them thanks to excellent football IQ.","- Cooper lacks the length/wingspan to dominate the catch point. He is an average winner of contested catches. | - Lacks acceleration out of his breaks to generate instant separation on intermediate routes. | - Cooper will benefit from expanding his route-tree. He runs what the offense requires of him, but his current route-tree is limited based on Indiana's RPO-heavy scheme.",NA,"Height: 6'0"" Weight: 200 HAND: 9⅝"" ARM: 30¼"" | 40-Yard Dash: 4.42 Vertical Jump: 37""","7.95 (Key Contributor — 2nd Round)","Keon Coleman (8.0 in 2024), Jordan Addison (7.9 in 2023), George Pickens (7.9 in 2022)","23","WR5","Shades of DJ Moore","6'0"" Weight: 200 HAND: 9⅝"" ARM: 30¼""","200 HAND: 9⅝"" ARM: 30¼""",NA,NA,NA,"4.42 Vertical Jump: 37""",NA,NA,NA,NA,NA,NA
"57","https://bleacherreport.com/articles/25325883-nfl-draft-2026-scouting-report-georgia-ot-monroe-freeling","NFL Draft 2026 Scouting Report for Georgia OT Monroe Freeling","NFL Draft 2026 Scouting Report for Georgia OT Monroe Freeling","Monroe Freeling",NA,"— Broad frame with long torso, well-rounded build with good arm length. | — Good quickness with fluid hips to hit and expand his set points when on an island. | — Very good peeling off double-teams and intersecting scraping backers to seal lanes off his backside at the second-level. | — Functional anchor with the contact balance to absorb force and dissipate the bull-rush. | — Clearly improved as the season went on with his best football ahead of him.","— Upright play style leaves him lunging into overextension as a drive-blocker, leading to shaky sustain skills on angle-drive, base and down blocks. | — Susceptible to drift, overset and chase stutters, hesitations and feints against tightly-aligned rushers.",".css-1582m2i{margin:0;font:inherit;font-weight:700;}GRADE: 7.6 (Key Contributor — 2nd Round) | COMPARABLE GRADE: Patrick Paul (7.2 in 2024), Tyler Guyton (7.6 in 2024), Anton Harrison (7.8 in 2023) | OVERALL RANK: 45 | POSITION RANK: OT4 | PRO COMPARISON: Anthony Castonzo | TOP NEWS | Report: Falcons, Jags Make DT Trade | Brissett Wants Starter Money | Every Team's Ideal 1st-Round Pick 👌","Height: 6'7"" Weight: 315 Arm: 34 ¾"" Hand: 10 ¾"" | 40-Yard Dash: 4.93 10-Yard Split: 1.71 Vertical: 33 ½"" Broad: 9'7"" Shuttle: NA 3-Cone: NA Bench: NA","7.6 (Key Contributor — 2nd Round)","Patrick Paul (7.2 in 2024), Tyler Guyton (7.6 in 2024), Anton Harrison (7.8 in 2023)","45","OT4","Anthony Castonzo","6'7"" Weight: 315 Arm: 34 ¾"" Hand: 10 ¾""","315 Arm: 34 ¾"" Hand: 10 ¾""",NA,NA,NA,"4.93 10-Yard Split: 1.71 Vertical: 33 ½"" Broad: 9'7"" Shuttle: NA 3-Cone: NA Bench: NA","1.71 Vertical: 33 ½"" Broad: 9'7"" Shuttle: NA 3-Cone: NA Bench: NA","33 ½"" Broad: 9'7"" Shuttle: NA 3-Cone: NA Bench: NA","9'7"" Shuttle: NA 3-Cone: NA Bench: NA","NA Bench: NA","NA 3-Cone: NA Bench: NA","NA"
"58","https://bleacherreport.com/articles/25260206-nfl-draft-2026-scouting-report-indiana-wr-elijah-sarratt","NFL Draft 2026 Scouting Report for Indiana WR Elijah Sarratt","NFL Draft 2026 Scouting Report for Indiana WR Elijah Sarratt","Elijah Sarratt",NA,"- Controlled and crafty route running. Sarratt specializes in remaining under control at the breaking point of his routes. His salesmanship is believable to push defensive backs vertically. He forces DBs to open their hips (gate) before intended, creating more segmented coverage reps. | - The Indiana transfer will excel on in-breaking routes at the NFL level. Whether shallow crossers, deep overs, slants, or dig routes (dagger concept), Sarratt is comfortable working across the field. He does a good job attacking inside leverage on these routes to stack the DB and place them out of phase and in trail position. | - Sarratt is comfortable playing through contact during his routes. Good use of hands (UOH) to dislodge the DB's punches to prevent latching and timing disruption. Effectively fighting through early contact in his reps will translate well to the NFL. | - The Hoosiers' top receiver displays the requisite body control to uncover from man coverage at any moment. Sarratt is a threat on back shoulder and slot fades. The combination of strong hands, patience, and body control is key to his success. He knows how to separate late in reps as the ball arrives, especially in the red zone. | - Reliability in late-game situations has become Sarratt's calling card. Against both Iowa and Oregon this season on the road, he caught the game-winning touchdowns. Even on the final offensive drives, he was pivotal to their success, driving down the field and into scoring range. Mentally, he relishes the big moments with the game on the line.","- Lacks explosiveness and top-end speed. He is not a dynamic vertical threat to win foot races down the sideline. This could limit how specific teams plan to deploy him and where they value his overall skill set during the draft. | - Sarratt's wingspan/arm length appears to be functional but may not be the longest. Raising issues or challenges in contested catch situations when he doesn't own the size advantage. He isn't expected to be a springy leaper, and this will limit his ability to high-point passes over the top of defenders on the outside. | - The development of his release package and craft to quickly overcome physical DBs in the NFL. Since he is not the most outstanding athlete, continuing his development as a craftsman will only benefit him. | - Positional role in the NFL will be questioned if he does not test well this draft season. It is possible that teams prefer to place him inside as a power slot rather than a traditional X or Z receiver.",NA,"Height: 6'2½"" Weight: 210 HAND: 10"" Arm: 31¼"" Vertical Jump: N/A 40-Yard DASH: N/A Broad Jump: N/A 3-Cone Drill: N/A 20-Yard Shuttle: N/A Bench Press: N/A","7.4 (High-Level Backup/Starter Upside — 3rd Round)","Skyy Moore (7.6 in 2022), Jalen Royals (7.6 in 2025), Jalen McMillan (7.5 in 2024)","72","WR14","Shades of Keenan Allen","6'2½"" Weight: 210 HAND: 10"" Arm: 31¼"" Vertical Jump: N/A 40-Yard DASH: N/A Broad Jump: N/A 3-Cone Drill: N/A 20-Yard Shuttle: N/A Bench Press: N/A","210 HAND: 10"" Arm: 31¼"" Vertical Jump: N/A 40-Yard DASH: N/A Broad Jump: N/A 3-Cone Drill: N/A 20-Yard Shuttle: N/A Bench Press: N/A",NA,NA,NA,NA,NA,NA,NA,NA,"N/A Bench Press: N/A",NA
"59","https://bleacherreport.com/articles/25271599-nfl-draft-2026-scouting-report-sdsu-cb-chris-johnson","NFL Draft 2026 Scouting Report for SDSU CB Chris Johnson","NFL Draft 2026 Scouting Report for SDSU CB Chris Johnson","Chris Johnson",NA,"— Johnson has good size and athleticism to compete on the outside at the NFL level. His hip fluidity helps him stay in phase at every level. | — Scheme versatility to toggle between man and zone while having the football IQ to stay in his responsibilities in each. He sees route combinations well and uses his eyes well in off coverage. | —He maintains a good athletic position in his backpedal to remain smooth which aids in change of dircection. He has the speed to turn and run and recover down the field. | — Plays with instinctual movements in off coverage and reads receivers well to trigger on routes. He attacks the football in the air and times his burst to close on the football to break up the catch point or take the ball away. | — A willing participant in the run game, Johnson always stays ready to tackle and wraps up to finish plays.","— Johnson has a hitch in his trigger when he gets momentum running upfield. Receivers who sell vertically with speed and decelerate create separation on comebacks and out breakers. | — When in press alignment, using more jam technique and timing hands at release points will aid the former 3-star corner in staying on top of routes and not getting stacked vertically. | — Down the field he locates the football, but will get out-timed at the catch point. Focusing on the catch point and hands of the receiver while timing his jumps better can create more difficult catches.",".css-1582m2i{margin:0;font:inherit;font-weight:700;}GRADE: 7.7 (Key Contributor - Second Round) | COMPARABLE GRADE: CB Azareye'h Thomas, Florida State (7.6 in 2025), CB Cooper DeJean, Iowa (7.7 in 2025), CB Deonte Banks, Maryland (7.6 in 2023) | OVERALL RANK: 30 | POSITION RANK: CB5 | PRO COMPARISON: Coby Bryant | TOP NEWS | NFL Not Investigating Mike Vrabel | Jeremiyah Love on Giants' Radar | Mock NFL Expansion Draft 📋","Height: 6'0"" Weight: 193 Hand Size: 9 ⅞"" Arm Length: 30 ⅝"" Wingspan: N/A 40-yard dash: 4.4 10-yard split: 1.54 Vertical: 38"" Broad: 10.6"" 3 cone: N/A Shuttle: N/A Bench: 17","7.7 (Key Contributor - Second Round)","CB Azareye'h Thomas, Florida State (7.6 in 2025), CB Cooper DeJean, Iowa (7.7 in 2025), CB Deonte Banks, Maryland (7.6 in 2023)","30","CB5","Coby Bryant","6'0"" Weight: 193 Hand Size: 9 ⅞"" Arm Length: 30 ⅝"" Wingspan: N/A 40-yard dash: 4.4 10-yard split: 1.54 Vertical: 38"" Broad: 10.6"" 3 cone: N/A Shuttle: N/A Bench: 17","193 Hand Size: 9 ⅞"" Arm Length: 30 ⅝"" Wingspan: N/A 40-yard dash: 4.4 10-yard split: 1.54 Vertical: 38"" Broad: 10.6"" 3 cone: N/A Shuttle: N/A Bench: 17","9 ⅞"" Arm Length: 30 ⅝"" Wingspan: N/A 40-yard dash: 4.4 10-yard split: 1.54 Vertical: 38"" Broad: 10.6"" 3 cone: N/A Shuttle: N/A Bench: 17","30 ⅝"" Wingspan: N/A 40-yard dash: 4.4 10-yard split: 1.54 Vertical: 38"" Broad: 10.6"" 3 cone: N/A Shuttle: N/A Bench: 17","N/A 40-yard dash: 4.4 10-yard split: 1.54 Vertical: 38"" Broad: 10.6"" 3 cone: N/A Shuttle: N/A Bench: 17",NA,NA,"38"" Broad: 10.6"" 3 cone: N/A Shuttle: N/A Bench: 17","10.6"" 3 cone: N/A Shuttle: N/A Bench: 17",NA,"N/A Bench: 17","17"
"60","https://bleacherreport.com/articles/25315217-nfl-draft-2026-scouting-report-michigan-edge-derrick-moore","NFL Draft 2026 Scouting Report for Michigan Edge Derrick Moore","NFL Draft 2026 Scouting Report for Michigan Edge Derrick Moore","Derrick Moore",NA,"- Moore has solid size and frame, and has good arm length. | - Acceleration off the line of scrimmage improved in 2025 to help threaten offensive tackles with speed and get them to open their hips. | - Good at turning speed to power as a pass-rusher, using good pad level and tight hands to get three points of contact on the offensive tackle. Also, keeps his feet moving through contact to collapse the pocket. | - Has shown a solid long arm move as a change up to shorten the corner around the edge, and has the change of direction to win with an inside counter move. | - Decent at working the offensive lineman's hands to win inside or outside against tackles. | - Comfortable dropping into coverage and has enough athleticism to spot drop occassionally. | - Against the run, he's physical at the point of attack and has enough strength to beat blocks from tight ends. | - Solid speed and doesn't get too far up the field to make tackles near the line of scrimmage when unblocked on the backside of zone runs.","- Isn't much of a factor as a run defender; Michigan often took Moore out of the game in key run situations. | - Doesn't have much pop behind his hands when taking on blocks as a run defender, making it difficult for him to get extension against offensive tackles. | - Will struggle to set the edge consistently against offensive linemen at the next level. While he's good at turning speed to power as a pass-rusher, he has subpar strength when he can't build up a head of steam and has to take on blocks at the line of scrimmage. | - The lack of extension and subpar strength can also lead to him getting stuck on blocks against offensive linemen. | - Hips and ankles look a little stiff, leading to questionable bend to corner at the top of the rush. | Grade, Rank, and Pro Comparison | .css-1582m2i{margin:0;font:inherit;font-weight:700;}GRADE: 7.4 (High-Level Backup/Starter Upside — 3rd Round) | COMPARABLE GRADE: Dayo Odeyingbo, Vanderbilt (7.4 in 2021), Boye Mafe, Minnesota (7.3 in 2022), Donovan Ezeiruaku, Boston College (7.4 in 2025) | OVERALL RANK: 68 | POSITION RANK: EDGE10 | PRO COMPARISON: Boye Mafe",NA,"Height: 6'4"" Weight: 255 Hand: 9⅛"" Arm: 33⅜"" Wingspan: N/A | 40-Yard Dash: N/A 10-Yard Split: N/A 3-Cone: N/A Shuttle: N/A Vertical: N/A Broad: N/A","7.4 (High-Level Backup/Starter Upside — 3rd Round)","Dayo Odeyingbo, Vanderbilt (7.4 in 2021), Boye Mafe, Minnesota (7.3 in 2022), Donovan Ezeiruaku, Boston College (7.4 in 2025)","68","EDGE10","Boye Mafe","6'4"" Weight: 255 Hand: 9⅛"" Arm: 33⅜"" Wingspan: N/A","255 Hand: 9⅛"" Arm: 33⅜"" Wingspan: N/A",NA,NA,"N/A","N/A 10-Yard Split: N/A 3-Cone: N/A Shuttle: N/A Vertical: N/A Broad: N/A","N/A 3-Cone: N/A Shuttle: N/A Vertical: N/A Broad: N/A","N/A Broad: N/A","N/A","N/A Shuttle: N/A Vertical: N/A Broad: N/A","N/A Vertical: N/A Broad: N/A",NA
"61","https://bleacherreport.com/articles/25299813-nfl-draft-2026-scouting-report-tennessee-cb-colton-hood","NFL Draft 2026 Scouting Report for Tennessee CB Colton Hood","NFL Draft 2026 Scouting Report for Tennessee CB Colton Hood","Colton Hood",NA,"— Hood showcases high-level understanding and a variety of man coverage techniques, making it difficult to separate from him. His patience and lateral explosion/agility let him thrive and recover against styles of play. | — As a zone corner, Hood is most comfortable in Cover 2, where he can play closer to the line of scrimmage, carry receivers to different zones, and trigger quickly on underneath throws. | — His closing and recovery speed is an asset to drive on throws downhill and deter quarterbacks from challenging him downfield. When trailing receivers, he focuses on playing the catch point and timing strikes to disrupt targets. | — Physical playstyle helps throw off timing and keeps him in the receiver's hip pockets during route breaks. He does a nice job of sinking his hips and decelerating to match breakpoint comebacks.","— In off coverage or when asked to cover a zone downfield, Hood will open his hips to run downfield early, allowing easy access to inside route breaks. | — As a hard press corner, he uses a physical two-hand jam technique. Learning to use one hand and not locking his hips will let him close the space even more quickly. His physicality in routes can also lead to penalties. | — As a tackler, Hood needs to be more consistent in his technique. He leads with his shoulder and lunges at the legs even if he's in a good position. Wrapping as a tackler will clean up some missed tackles.",".css-1582m2i{margin:0;font:inherit;font-weight:700;}GRADE: 7.6 (Key Contributor — Second Round) | COMPARABLE GRADE: CB Trey Amos, Ole Miss (7.6 in 2025), CB Nate Wiggins, Clemson (7.5 in 2024), CB Deonte Banks, Maryland (7.6) | OVERALL RANK: 54 | POSITION RANK: CB8 | PRO COMPARISON: Kamari Lassiter | TOP NEWS | NFL Not Investigating Mike Vrabel | Jeremiyah Love on Giants' Radar | Mock NFL Expansion Draft 📋","Height: 5'11 ⅝"" Weight: 193 Hand Size: 9"" Arm Length: 31 ⅜"" Wingspan: 74 ⅞"" 40-yard dash: 4.44 10-yard split: 1.58 Vertical: 40.5 Broad: 10'5"" 3 cone: N/A Shuttle: N/A Bench: N/A","7.6 (Key Contributor — Second Round)","CB Trey Amos, Ole Miss (7.6 in 2025), CB Nate Wiggins, Clemson (7.5 in 2024), CB Deonte Banks, Maryland (7.6)","54","CB8","Kamari Lassiter","5'11 ⅝"" Weight: 193 Hand Size: 9"" Arm Length: 31 ⅜"" Wingspan: 74 ⅞"" 40-yard dash: 4.44 10-yard split: 1.58 Vertical: 40.5 Broad: 10'5"" 3 cone: N/A Shuttle: N/A Bench: N/A","193 Hand Size: 9"" Arm Length: 31 ⅜"" Wingspan: 74 ⅞"" 40-yard dash: 4.44 10-yard split: 1.58 Vertical: 40.5 Broad: 10'5"" 3 cone: N/A Shuttle: N/A Bench: N/A","9"" Arm Length: 31 ⅜"" Wingspan: 74 ⅞"" 40-yard dash: 4.44 10-yard split: 1.58 Vertical: 40.5 Broad: 10'5"" 3 cone: N/A Shuttle: N/A Bench: N/A","31 ⅜"" Wingspan: 74 ⅞"" 40-yard dash: 4.44 10-yard split: 1.58 Vertical: 40.5 Broad: 10'5"" 3 cone: N/A Shuttle: N/A Bench: N/A","74 ⅞"" 40-yard dash: 4.44 10-yard split: 1.58 Vertical: 40.5 Broad: 10'5"" 3 cone: N/A Shuttle: N/A Bench: N/A",NA,NA,"40.5 Broad: 10'5"" 3 cone: N/A Shuttle: N/A Bench: N/A","10'5"" 3 cone: N/A Shuttle: N/A Bench: N/A",NA,"N/A Bench: N/A","N/A"
"62","https://bleacherreport.com/articles/25336527-nfl-draft-2026-scouting-report-lsu-s-aj-haulcy","NFL Draft 2026 Scouting Report for LSU S AJ Haulcy","NFL Draft 2026 Scouting Report for LSU S AJ Haulcy","AJ Haulcy",NA,"— Haulcy is a top-down playmaker who excels at reading out plays, exploding downhill, and playing through the whistle. He's a physical hitter and wants to set the tone early against the run or pass. | — His prowess as a zone defender is special to witness, with trust to pass off, track route concepts development, and instincts to trigger on throws with anticipation. He mirrors the quarterback's eyes and shows off his impressive ball skills and timing. | — The 5'11"", 215-pound defender held many responsibilities for the LSU defense as a senior and never panicked, showcasing a ""never say die"" mentality. He showcased his leadership through communication and effort. | — He can play down around the line of scrimmage and isn't afraid to stick his nose into the fire. A willing participant in the run and screen game, Haulcy is always around the football. | —Showcased better ability to carry tight ends in man coverage while at LSU, and improved footwork to match quicker movements. There's upside as a big slot with his skill set.","— Haulcy leads with his shoulder and tends to fall off tackles far too often. He has many shoestring tackles on tape and can take poor angles to the football. Needs to wrap up consistently to be a trusted last line of defense. | — His short area movement against quicker receivers sees him get stacked quickly and unable to keep pace down the field, particularly from the slot. | — He will out-leverage himself as a post safety, committing too much space to one side based on the quarterback's eyes and putting himself out of position with his recovery speed.",".css-1582m2i{margin:0;font:inherit;font-weight:700;}GRADE: 7.6 (Key Contributor -Second Round) | COMPARABLE GRADE: S Dante Trader Jr., Maryland (7.4 in 2025), S Javon Bullard, Georgia (7.4 in 2024), CB Deommodore Lenoir, Oregon (7.4 in 2021) | OVERALL RANK: 53 | POSITION RANK: S5 | PRO COMPARISON: Xavier Watts | TOP NEWS | Report: Falcons, Jags Make DT Trade | Re-Drafting Every Team's Worst Draft Pick of the Century 😡 | Fans' picks for NFL mock draft","Height: 5'11 ⅝"" Weight: 215 Hand Size: 9 ¼"" Arm Length: 30 ⅞"" Wingspan: N/A 40-yard dash: 4.52 10-yard split: 1.62 Vertical: N/A Broad: N/A 3 cone: N/A Shuttle: N/A Bench: N/A","7.6 (Key Contributor -Second Round)","S Dante Trader Jr., Maryland (7.4 in 2025), S Javon Bullard, Georgia (7.4 in 2024), CB Deommodore Lenoir, Oregon (7.4 in 2021)","53","S5","Xavier Watts","5'11 ⅝"" Weight: 215 Hand Size: 9 ¼"" Arm Length: 30 ⅞"" Wingspan: N/A 40-yard dash: 4.52 10-yard split: 1.62 Vertical: N/A Broad: N/A 3 cone: N/A Shuttle: N/A Bench: N/A","215 Hand Size: 9 ¼"" Arm Length: 30 ⅞"" Wingspan: N/A 40-yard dash: 4.52 10-yard split: 1.62 Vertical: N/A Broad: N/A 3 cone: N/A Shuttle: N/A Bench: N/A","9 ¼"" Arm Length: 30 ⅞"" Wingspan: N/A 40-yard dash: 4.52 10-yard split: 1.62 Vertical: N/A Broad: N/A 3 cone: N/A Shuttle: N/A Bench: N/A","30 ⅞"" Wingspan: N/A 40-yard dash: 4.52 10-yard split: 1.62 Vertical: N/A Broad: N/A 3 cone: N/A Shuttle: N/A Bench: N/A","N/A 40-yard dash: 4.52 10-yard split: 1.62 Vertical: N/A Broad: N/A 3 cone: N/A Shuttle: N/A Bench: N/A",NA,NA,"N/A Broad: N/A 3 cone: N/A Shuttle: N/A Bench: N/A","N/A 3 cone: N/A Shuttle: N/A Bench: N/A",NA,"N/A Bench: N/A","N/A"
"63","https://bleacherreport.com/articles/25260928-nfl-draft-2026-scouting-report-baylor-te-michael-trigg","NFL Draft 2026 Scouting Report for Baylor TE Michael Trigg","NFL Draft 2026 Scouting Report for Baylor TE Michael Trigg","Michael Trigg",NA,"— Trigg is a true matchup problem, who presents alignment versatility. He has the physical gifts to create space against a multitude of defenders. | — He's a route craftsman, who uses explosive movements in the stem to attack leverage. He manipulates defenders well and his feel at the top of routes is clean. | — Showcases the tracking, ball skills and timing to routinely make plays outside of his frame and down the field in contested windows. | — An explosive mover in his routes and after the catch with enough speed to threaten the seams. Shows toughness after the catch to fight for yards.","— While Trigg shows physicality after the catch, his all-around game needs more. He must impose his will as a blocker and move people. | — He particularly needs to improve his technique as a blocker in the run game. He plays with high pad level and regularly opens his chest for defenders to gain control. | — Concentration drops are littered throughout his tape. The oversized wide receiver needs to attack the ball in the air and not let it travel into the body. | — Effort concerns are littered throughout his tape.",".css-1582m2i{margin:0;font:inherit;font-weight:700;}GRADE: 7.4 (Third Round-High-Level Backup/Starter Upside) | COMPARABLE GRADE: Tucker Kraft, TE, South Dakota State (7.5 in 2023), TE Harold Fannin Jr., Bowling Green (7.6 in 2025), Greg Dulcich, TE, UCLA (7.5 in 2022) | OVERALL RANK: 77 | POSITION RANK: TE3 | PRO COMPARISON: Evan Engram | TOP NEWS | Report: Falcons, Jags Make DT Trade | Fans' picks for NFL mock draft | Re-Drafting Every Team's Worst Draft Pick of the Century 😡","Height: 6'4"" Weight: 240 Hand Size: 10 ½"" Arm Length: 34 ½"" Wingspan: 84 ⅜"" 40-yard dash: N/A 10-yard split: N/A Vertical: N/A Broad: N/A 3 cone: N/A Shuttle: N/A Bench: N/A","7.4 (Third Round-High-Level Backup/Starter Upside)","Tucker Kraft, TE, South Dakota State (7.5 in 2023), TE Harold Fannin Jr., Bowling Green (7.6 in 2025), Greg Dulcich, TE, UCLA (7.5 in 2022)","77","TE3","Evan Engram","6'4"" Weight: 240 Hand Size: 10 ½"" Arm Length: 34 ½"" Wingspan: 84 ⅜"" 40-yard dash: N/A 10-yard split: N/A Vertical: N/A Broad: N/A 3 cone: N/A Shuttle: N/A Bench: N/A","240 Hand Size: 10 ½"" Arm Length: 34 ½"" Wingspan: 84 ⅜"" 40-yard dash: N/A 10-yard split: N/A Vertical: N/A Broad: N/A 3 cone: N/A Shuttle: N/A Bench: N/A","10 ½"" Arm Length: 34 ½"" Wingspan: 84 ⅜"" 40-yard dash: N/A 10-yard split: N/A Vertical: N/A Broad: N/A 3 cone: N/A Shuttle: N/A Bench: N/A","34 ½"" Wingspan: 84 ⅜"" 40-yard dash: N/A 10-yard split: N/A Vertical: N/A Broad: N/A 3 cone: N/A Shuttle: N/A Bench: N/A","84 ⅜"" 40-yard dash: N/A 10-yard split: N/A Vertical: N/A Broad: N/A 3 cone: N/A Shuttle: N/A Bench: N/A",NA,NA,"N/A Broad: N/A 3 cone: N/A Shuttle: N/A Bench: N/A","N/A 3 cone: N/A Shuttle: N/A Bench: N/A",NA,"N/A Bench: N/A","N/A"
"64","https://bleacherreport.com/articles/25352707-nfl-draft-2026-scouting-report-arizona-cb-treydan-stukes","NFL Draft 2026 Scouting Report for Arizona CB Treydan Stukes","NFL Draft 2026 Scouting Report for Arizona CB Treydan Stukes","Treydan Stukes",NA,"— As a versatile nickel/safety hybrid, Stukes excels in zone coverage where he can read receivers' leverage, match route combinations, and see the quarterback's eyes to trigger on throws. | — He's an aggressive downhill playmaker with explosive click and close ability to take on blocks in the run and screen game or to just blow them up entirely. He drives through ball carriers and finishes plays. | — His natural instincts, matched with adept ball skills, driving downhill, turning, and running up the field, make him a risky option to test. He plays with excellent timing, and the ball production across his career speaks for itself. | — The 6'0"", 190-pound defensive back communicates and passes off routes cleanly underneath while feeling routes come in and out of his zone and playing with good depth and footwork in zone coverage.","— In man coverage, Stukes gives up too much ground inside to the receiver; opening the gate inside and backing off to the outside, giving easy access. He needs to stay more patient and mirror movements more clearly in man. | — He can get caught with his eyes in the backfield or wandering away from his assignment, leading to lapses in trigger efficiency and hurried recovery overtop. | — A willing run defender, he'll need to clean up his angles to the football and stop falling around ankles to continue being an impactful player in the run game.",".css-1582m2i{margin:0;font:inherit;font-weight:700;}GRADE: 7.4 (High-Level Backup/Starter Upside — 3rd Round) | COMPARABLE GRADE: CB Kelee Ringo, Georgia (7.4 in 2023), CB Denzel Burke, Ohio State (7.4 in 2025), CB Nate Wiggins, Clemson (7.5 in 2024) | OVERALL RANK: 73 | POSITION RANK: CB11 | PRO COMPARISON: Shades of Devon Witherspoon | TOP NEWS | Report: Falcons, Jags Make DT Trade | Fans' picks for NFL mock draft | Re-Drafting Every Team's Worst Draft Pick of the Century 😡","Height: 6'1"" Weight: 190 Hand Size: 8 ½"" Arm Length: 31 ¾"" Wingspan: N/A 40-yard dash: 4.33 10-yard split: 1.5 Vertical: 38"" Broad: 10'10"" 3 cone: N/A Shuttle: N/A Bench: N/A","7.4 (High-Level Backup/Starter Upside — 3rd Round)","CB Kelee Ringo, Georgia (7.4 in 2023), CB Denzel Burke, Ohio State (7.4 in 2025), CB Nate Wiggins, Clemson (7.5 in 2024)","73","CB11","Shades of Devon Witherspoon","6'1"" Weight: 190 Hand Size: 8 ½"" Arm Length: 31 ¾"" Wingspan: N/A 40-yard dash: 4.33 10-yard split: 1.5 Vertical: 38"" Broad: 10'10"" 3 cone: N/A Shuttle: N/A Bench: N/A","190 Hand Size: 8 ½"" Arm Length: 31 ¾"" Wingspan: N/A 40-yard dash: 4.33 10-yard split: 1.5 Vertical: 38"" Broad: 10'10"" 3 cone: N/A Shuttle: N/A Bench: N/A","8 ½"" Arm Length: 31 ¾"" Wingspan: N/A 40-yard dash: 4.33 10-yard split: 1.5 Vertical: 38"" Broad: 10'10"" 3 cone: N/A Shuttle: N/A Bench: N/A","31 ¾"" Wingspan: N/A 40-yard dash: 4.33 10-yard split: 1.5 Vertical: 38"" Broad: 10'10"" 3 cone: N/A Shuttle: N/A Bench: N/A","N/A 40-yard dash: 4.33 10-yard split: 1.5 Vertical: 38"" Broad: 10'10"" 3 cone: N/A Shuttle: N/A Bench: N/A",NA,NA,"38"" Broad: 10'10"" 3 cone: N/A Shuttle: N/A Bench: N/A","10'10"" 3 cone: N/A Shuttle: N/A Bench: N/A",NA,"N/A Bench: N/A","N/A"
"65","https://bleacherreport.com/articles/25353590-nfl-draft-2026-scouting-report-ole-miss-wr-dezhaun-stribling","NFL Draft 2026 Scouting Report for Ole Miss WR De'Zhaun Stribling","NFL Draft 2026 Scouting Report for Ole Miss WR De'Zhaun Stribling","De'Zhaun Stribling",NA,"- Stribling is a long-strider, who eats up cushion quickly versus off-man coverage or bail techniques. He sells vertical routes well. | - A good combination of size, strength, and hand-eye coordination to high-point and secure catches. Stribling possesses the height and weight to be a true outside receiver. | - The native Hawaiian is a three-level threat. | - Stribling is effective on over-the-ball, hitch, curl, and comeback routes. He plays with good pacing to reach his designed spots. | - He showcases the skill set to defeat press-man alignment. Stribling uses his feet to move or freeze the defensive back, then delivers well-timed punches to clear their hands and get into his route. | - With the ball in flight, he has strong ball-tracking, field awareness, and ball skills to convert for explosive downfield plays. | - Stribling plays with good spatial awareness. He has a good feel for where defenders are to spin away and immediately get upfield for yards after catch.","- Short-area quickness in the contact window versus press alignment. Patient and athletic cornerbacks can mirror his releases. | - Stribling needs to expand his release package for consistent execution when pressed. | - Playing through contact at the catch point. Physical DBs can out battle him for the football. | - Stribling possesses build-up speed rather than instantaneous speed, which takes him a little longer to get into his routes and stack defenders. | - His hip sinkagae is average at best, does not snap off his routes for space creation.",NA,"Height: 6'2"" Weight: 210 HAND: 10"" Arm: 31⅝"" | 40-Yard DASH: 4.36"" Vertical Jump: 36"" Broad Jump: 10'7"" 3-Cone Drill: N/A 20-Yard Shuttle: N/A Bench Press: N/A","7.4 (High-Level Backup/Starter Upside — Third Round)","Ja'Lynn Polk (7.4 in 2024), Roman Wilson (7.4 in 2024), Xavier Worthy (7.4 in 2024)","69","WR13","Shades of Romeo Doubs","6'2"" Weight: 210 HAND: 10"" Arm: 31⅝""","210 HAND: 10"" Arm: 31⅝""",NA,NA,NA,NA,NA,NA,NA,NA,"N/A Bench Press: N/A",NA
"66","https://bleacherreport.com/articles/25360237-nfl-draft-2026-scouting-report-arkansas-cb-julian-neal","NFL Draft 2026 Scouting Report for Arkansas CB Julian Neal","NFL Draft 2026 Scouting Report for Arkansas CB Julian Neal","Julian Neal",NA,"— Neal is a proficient man-coverage boundary corner with the ideal body type who uses his length and powerful stab to re-route receivers and throw off their timing. He's comfortable with both hard and soft presses, giving him multiple ways to attack. | — The 6'1"", 203-pound corner has loose hips for his size, enabling him to turn and run with receivers at all three levels. He does a good job maintaining connection in man coverage throughout the route with his length and taking away throws. | — His ability to impact the catch point jumps off the screen, not just with his length, but the timing and quickness with which he throws his hands. Shows off some quick tracking when the ball is in the air with good ball skills to match. | — Physicality in every phase helps him be a contributor in the run and screen game. He attacks blocks on the perimeter and maintains outside leverage to drive ball carriers inside. Neal is a sure and intimidating tackler as well.","— Neal's instincts and route recognition are still developing; he's late to pass off routes to safety help and take underneath routes entering his zone, giving up big plays. Maintaining eye discipline and film study will be important. | — He has good movement skills for his size, but he struggles to decelerate and change direction at high speeds. There's a hitch in his trigger, downhill and accelerating after flipping his hips. | — His press technique and overall consistency are lacking in regard to jam timing and using the proper hand. He tends to lock his hips with a cross-body jam, which can give receivers an easier release when the jam timing is off.",".css-1582m2i{margin:0;font:inherit;font-weight:700;}GRADE: 7.2 (High-Level Backup/Starter Upside — 3rd Round) | COMPARABLE GRADE: CB Zy Alexander, LSU (7.3 in 2025), CB T.J. Tampa, Iowa State (7.4 in 2024), CB Kamari Lassiter, Georgia (7.4 in 2024) | OVERALL RANK: 87 | POSITION RANK: CB13 | PRO COMPARISON: Riq Woolen | TOP NEWS | Report: Falcons, Jags Make DT Trade | Brissett Wants Starter Money | Every Team's Ideal 1st-Round Pick 👌","Height: 6'2"" Weight: 203 Hand Size: 9 ½"" Arm Length: 32 ¾"" Wingspan: N/A 40-yard dash: 4.49 10-yard split: 1.59 Vertical: 40"" Broad: 11'2"" 3 cone: 7.13 Shuttle: 4.2 Bench: 16","7.2 (High-Level Backup/Starter Upside — 3rd Round)","CB Zy Alexander, LSU (7.3 in 2025), CB T.J. Tampa, Iowa State (7.4 in 2024), CB Kamari Lassiter, Georgia (7.4 in 2024)","87","CB13","Riq Woolen","6'2"" Weight: 203 Hand Size: 9 ½"" Arm Length: 32 ¾"" Wingspan: N/A 40-yard dash: 4.49 10-yard split: 1.59 Vertical: 40"" Broad: 11'2"" 3 cone: 7.13 Shuttle: 4.2 Bench: 16","203 Hand Size: 9 ½"" Arm Length: 32 ¾"" Wingspan: N/A 40-yard dash: 4.49 10-yard split: 1.59 Vertical: 40"" Broad: 11'2"" 3 cone: 7.13 Shuttle: 4.2 Bench: 16","9 ½"" Arm Length: 32 ¾"" Wingspan: N/A 40-yard dash: 4.49 10-yard split: 1.59 Vertical: 40"" Broad: 11'2"" 3 cone: 7.13 Shuttle: 4.2 Bench: 16","32 ¾"" Wingspan: N/A 40-yard dash: 4.49 10-yard split: 1.59 Vertical: 40"" Broad: 11'2"" 3 cone: 7.13 Shuttle: 4.2 Bench: 16","N/A 40-yard dash: 4.49 10-yard split: 1.59 Vertical: 40"" Broad: 11'2"" 3 cone: 7.13 Shuttle: 4.2 Bench: 16",NA,NA,"40"" Broad: 11'2"" 3 cone: 7.13 Shuttle: 4.2 Bench: 16","11'2"" 3 cone: 7.13 Shuttle: 4.2 Bench: 16",NA,"4.2 Bench: 16","16"
"67","https://bleacherreport.com/articles/25260525-nfl-draft-2026-scouting-report-oregon-iol-emmanuel-pregnon","NFL Draft 2026 Scouting Report for Oregon IOL Emmanuel Pregnon","NFL Draft 2026 Scouting Report for Oregon IOL Emmanuel Pregnon","Emmanuel Pregnon",NA,"— Good arm length with large, heavy hands and good grip strength. | — Reliable, stout presence in the run game. Pregnon can cover up, lift and uproot targets on base, double and combination blocks. | — Efficient short setter in pass protection, with the length and strike-timing to establish first meaningful contact. | — Firm anchor and presence to pass off and pick up defensive line movement effectively, with pocket-clearing power when uncovered. | — Brings an enforcing mentality, with an affinity for contact, straining and finishing through the whistle.","— Adequate athletic ability and redirect skills create soft edges against movement across his face. | — Will lean and get heavy on his hands upon first contact, leaving him vulnerable to the push-pull and overextending against counter moves.",".css-1582m2i{margin:0;font:inherit;font-weight:700;}GRADE: 7.5 (Key Contributor - Round 2) | COMPARABLE GRADE: Tate Ratledge (7.6 in 2025), Donovan Jackson (7.5 in 2025), O'Cyrus Torrence (7.5 in 2023) | OVERALL RANK: 62 | POSITION RANK: IOL5 | PRO COMPARISON: Robert Hunt | TOP NEWS | Report: Falcons, Jags Make DT Trade | Brissett Wants Starter Money | Every Team's Ideal 1st-Round Pick 👌","Height: 6'4"" Weight: 314 Arm: 33 ⅝"" Hand: 11"" | 40-Yard Dash: 5.21 10-Yard Split: 1.82 Vertical: 35"" Broad: 9'3"" Shuttle: NA 3-Cone: NA Bench: NA","7.5 (Key Contributor - Round 2)","Tate Ratledge (7.6 in 2025), Donovan Jackson (7.5 in 2025), O'Cyrus Torrence (7.5 in 2023)","62","IOL5","Robert Hunt","6'4"" Weight: 314 Arm: 33 ⅝"" Hand: 11""","314 Arm: 33 ⅝"" Hand: 11""",NA,NA,NA,"5.21 10-Yard Split: 1.82 Vertical: 35"" Broad: 9'3"" Shuttle: NA 3-Cone: NA Bench: NA","1.82 Vertical: 35"" Broad: 9'3"" Shuttle: NA 3-Cone: NA Bench: NA","35"" Broad: 9'3"" Shuttle: NA 3-Cone: NA Bench: NA","9'3"" Shuttle: NA 3-Cone: NA Bench: NA","NA Bench: NA","NA 3-Cone: NA Bench: NA","NA"
"68","https://bleacherreport.com/articles/25250725-nfl-draft-2026-scouting-report-alabama-dl-lt-overton","NFL Draft 2026 Scouting Report for Alabama DL LT Overton","NFL Draft 2026 Scouting Report for Alabama DL LT Overton","LT Overton",NA,"- Has experience playing several alignments along the defensive line, lining up anywhere from a 2i- to a 7-technique. | - Strong and physical at the point of attack to stand up offensive tackles and get extension on blocks. Good at shedding blocks, too. | - Plays with a wide base and has a thick lower half to be solid at absorbing contact and staying his gap against combo blocks from offensive tackles and tight ends. | - Solid bull rush to collapse the pocket when he keeps his pads down. | - Has decent change-of-direction movements and agility to be an effective looper on stunts and develop a finesse move if his hand usage improves/becomes more consistent. | - Decent bend for his size.","- Has a bit of a tweener body type; a little bulky for a defensive end and too light for a 3-technique. | - Not explosive off the line of scrimmage and has a habit of doing too much dancing as a pass-rusher. | - Accuracy with his hands as a pass-rusher is below average, Overton often misses and exposes his chest. Also, isn't good at working the hands after contact. | - Can get caught playing with subpar pad level against the run. | Grade, Rank, and Pro Comparison | .css-1582m2i{margin:0;font:inherit;font-weight:700;}GRADE: 7.1 (High-Level Backup/Starter Upside — 3rd Round) | COMPARABLE GRADE: T.J. Sanders, South Carolina (7.1 in 2025), Michael Hall Jr., Ohio State (7.1 in 2024), Gervon Dexter Sr., Florida (7.2 in 2023) | OVERALL RANK: 101 | POSITION RANK: DL9 | PRO COMPARISON: Pre-injuries Mario Edwards Jr.",NA,"Height: 6'5"" Weight: 283 Hand: 10⅝"" Arm: 33¼"" Wingspan: 33¼"" | 40-Yard Dash: 4.87 10-Yard Split: 1.70 3-Cone: N/A Shuttle: N/A Vertical: N/A Broad: N/A","7.1 (High-Level Backup/Starter Upside — 3rd Round)","T.J. Sanders, South Carolina (7.1 in 2025), Michael Hall Jr., Ohio State (7.1 in 2024), Gervon Dexter Sr., Florida (7.2 in 2023)","101","DL9","Pre-injuries Mario Edwards Jr.","6'5"" Weight: 283 Hand: 10⅝"" Arm: 33¼"" Wingspan: 33¼""","283 Hand: 10⅝"" Arm: 33¼"" Wingspan: 33¼""",NA,NA,"33¼""","4.87 10-Yard Split: 1.70 3-Cone: N/A Shuttle: N/A Vertical: N/A Broad: N/A","1.70 3-Cone: N/A Shuttle: N/A Vertical: N/A Broad: N/A","N/A Broad: N/A","N/A","N/A Shuttle: N/A Vertical: N/A Broad: N/A","N/A Vertical: N/A Broad: N/A",NA
"69","https://bleacherreport.com/articles/25286209-nfl-draft-2026-scouting-report-texas-am-cb-will-lee-iii","NFL Draft 2026 Scouting Report for Texas A&M CB Will Lee III","NFL Draft 2026 Scouting Report for Texas A&M CB Will Lee III","Will Lee III",NA,"— Lee is a premier man coverage corner with the size, speed, and length to transition seamlessly to the next level. He's patient in press coverage and uses his impressive short-area twitch to turn and run. | — Mirroring receiver movements to run routes with and for them is where he excels. Reading intention, sinking his hips to decelerate, and closing the gap allow him to stay attached. | — He tracks the football well in the air and looks to get his head around down the field. When driving on throws, his length is an asset to break up potential catches by attacking the catch point. | —When pursuing the ball carrier, he flashes the ability to deliver technical, big hits at speed. Closes on targeted receivers quick and wraps up to limit yards after the catch.","— In zone, Lee's eyes wander leading to open receivers underneath due to not recognizing route combinations. His instincts come into question in off coverage with hesitant play. | — He tends to get grabby in man when he's late to turn and run and gets stacked vertically. Tugging on receivers could lead to more penalties in the NFL. | — There's far too many instances of avoiding coming downhill in the run game, taking a poor angle to a ball carrier with speed, and out leveraging himself to make a tackle on the running back.",".css-1582m2i{margin:0;font:inherit;font-weight:700;}GRADE: 6.9 (Role Player/Part-Time Contributor — Fourth Round) | COMPARABLE GRADE: CB Jermari Harris, Iowa (6.9 in 2025), CB Mike Sainristil, Michigan (6.9 in 2024), CB Rejzohn Wright, Oregon State (6.9 in 2023) | OVERALL RANK: 126 | POSITION RANK: CB19 | PRO COMPARISON: Carrington Valentine | TOP NEWS | NFL Not Investigating Mike Vrabel | Jeremiyah Love on Giants' Radar | Mock NFL Expansion Draft 📋","Height: 6'1 ½"" Weight: 189 Hand Size: 9"" Arm Length: 32 ¾"" Wingspan: N/A 40-yard dash: 4.54 10-yard split: 1.56 Vertical: 42"" Broad: 11"" 3 cone: N/A Shuttle: N/A Bench: N/A","6.9 (Role Player/Part-Time Contributor — Fourth Round)","CB Jermari Harris, Iowa (6.9 in 2025), CB Mike Sainristil, Michigan (6.9 in 2024), CB Rejzohn Wright, Oregon State (6.9 in 2023)","126","CB19","Carrington Valentine","6'1 ½"" Weight: 189 Hand Size: 9"" Arm Length: 32 ¾"" Wingspan: N/A 40-yard dash: 4.54 10-yard split: 1.56 Vertical: 42"" Broad: 11"" 3 cone: N/A Shuttle: N/A Bench: N/A","189 Hand Size: 9"" Arm Length: 32 ¾"" Wingspan: N/A 40-yard dash: 4.54 10-yard split: 1.56 Vertical: 42"" Broad: 11"" 3 cone: N/A Shuttle: N/A Bench: N/A","9"" Arm Length: 32 ¾"" Wingspan: N/A 40-yard dash: 4.54 10-yard split: 1.56 Vertical: 42"" Broad: 11"" 3 cone: N/A Shuttle: N/A Bench: N/A","32 ¾"" Wingspan: N/A 40-yard dash: 4.54 10-yard split: 1.56 Vertical: 42"" Broad: 11"" 3 cone: N/A Shuttle: N/A Bench: N/A","N/A 40-yard dash: 4.54 10-yard split: 1.56 Vertical: 42"" Broad: 11"" 3 cone: N/A Shuttle: N/A Bench: N/A",NA,NA,"42"" Broad: 11"" 3 cone: N/A Shuttle: N/A Bench: N/A","11"" 3 cone: N/A Shuttle: N/A Bench: N/A",NA,"N/A Bench: N/A","N/A"
"70","https://bleacherreport.com/articles/25294704-nfl-draft-2026-scouting-report-ole-miss-qb-trinidad-chambliss","NFL Draft 2026 Scouting Report for Ole Miss QB Trinidad Chambliss","NFL Draft 2026 Scouting Report for Ole Miss QB Trinidad Chambliss","Trinidad Chambliss",NA,"- Dual-threat playmaking and extending plays with legs. Chambliss creates second reaction throws by escaping the pocket and breaking the defensive containment. | - Throwing off play action and RPO concepts. The former Ferris Bulldog identifies the first read off the run action and delivers the football—his ball fakes and handling force second-level defenders to take false steps. | - Chambliss possesses good arm strength, equipped with velocity and zip for short and intermediate throws. He displays the ability to power passes past underneath defenders. | - Usage in short yardage situations, running QB power and draw concepts to convert and move the chains.","- Chambliss is a shorter/undersized quarterback, which leads to issues seeing the field inside of a muddy pocket. His passes are susceptible to being batted down at the line of scrimmage by defensive linemen. | - Poor use of eye manipulation to look defenders off and move them. He stares down initial reads, making it easy for defenders to read his eyes and jump into throwing lanes. Chambliss must work through his progressions more quickly to find the open receiver. | - Chambliss struggles with post-snap coverage rotations and disguises. He can be outsmarted by dropping rushers into coverage. He does not confirm the defender's positioning before deciding whether to throw. This leads to turnover-worthy plays and testing compromised windows. Zone defenders have tricked him into making dangerous throws by masking their coverage responsibilities. | - Ole Miss's starting QB does not have strong pre-snap recognition. He needs to make protection checks and calls to account for simulated pressure looks. Typically, he turns and checks the cards from the staff on the sideline to make any pre-snap adjustments. This is not an NFL process and will need to learn/adapt to the next level. | - When facing pressure, Chambliss brings his eyes down to the rush and away from the routes down the field. He bails the pocket too quickly, not allowing routes to develop. The NFL is a timing-and-rhythm game; roughly 80% of the time, quarterbacks will need to adjust and mesh their skill set with the league's play style. | Grade, Rank, and Pro Comparison | .css-1582m2i{margin:0;font:inherit;font-weight:700;}GRADE: 7.40 (High-Level Backup/Starter Upside — 3rd Round) | COMPARABLE GRADE: JJ McCarthy (7.5 in 2023), Malik Willis (7.6 in 2022), Kenny Pickett (7.4 in 2022) | OVERALL RANK: 72 | POSITION RANK: QB4 | PRO COMPARISON: Shades of Russell Wilson",NA,"Height: 6'0"" Weight: 205 | Workout numbers and data will be added at a later date.","7.40 (High-Level Backup/Starter Upside — 3rd Round)","JJ McCarthy (7.5 in 2023), Malik Willis (7.6 in 2022), Kenny Pickett (7.4 in 2022)","72","QB4","Shades of Russell Wilson","6'0"" Weight: 205","205",NA,NA,NA,NA,NA,NA,NA,NA,NA,NA
"71","https://bleacherreport.com/articles/25336309-nfl-draft-2026-scouting-report-miami-s-jakobe-thomas","NFL Draft 2026 Scouting Report for Miami S Jakobe Thomas","NFL Draft 2026 Scouting Report for Miami S Jakobe Thomas","Jakobe Thomas",NA,"— Thomas is a playmaker, triggering downhill in all phases of the game while packing a punch as a hitter and bringing the energy all game. His reactive athleticism is always on display, no matter where he's lined up. | — The 6'1"", 211-pound safety has been weaponized against quarterbacks as a blitzer while also racking up tackles for loss. He gets in the backfield and causes havoc for blockers and ball carriers alike. | — With eyes constantly on the quarterback, Thomas shows middle of the defense 'robber' qualities to mirror the quarterback and make plays on the football. He has the ball skills to be a ballhawk-type safety with good range. | — He shows the capability and has the body type to man up against tight ends and be sticky. His length and quickness flash nickel upside, giving him functional versatility.","— Thomas keys on the quarterback's eyes in the passing game to a fault. It tends to take him away from responsibilities as a split or single high safety, and takes longer to trigger on route combinations. | — His aggressive mindset is an asset to defenses, but more controlled movements downhill will help his tackling technique. Too often, he was left grasping at air and leaving his feet, and he needs to clean up his pursuit angles. | — Growing from a play development standpoint. Thomas clicks and closes well, but he can be a step behind the play while his processing catches up.",".css-1582m2i{margin:0;font:inherit;font-weight:700;}GRADE: 7.3 (High-Level Backup/Starter Upside — Third Round) | COMPARABLE GRADE: S Billy Bowman Jr., Oklahoma (7.5 in 2025), S Richie Grant, UCF (7.5 in 2021), S Calen Bullock, USC (7.5 in 2024) | OVERALL RANK: 84 | POSITION RANK: S10 | PRO COMPARISON: Minkah Fitzpatrick-lite | TOP NEWS | NFL Not Investigating Mike Vrabel | Jeremiyah Love on Giants' Radar | Mock NFL Expansion Draft 📋","Height: 6'1 ¼"" Weight: 211 Hand Size: 10 ⅝"" Arm Length: 31 ⅞"" Wingspan: 76"" 40-yard dash: N/A 10-yard split: N/A Vertical: N/A Broad: N/A 3 cone: N/A Shuttle: N/A Bench: N/A","7.3 (High-Level Backup/Starter Upside — Third Round)","S Billy Bowman Jr., Oklahoma (7.5 in 2025), S Richie Grant, UCF (7.5 in 2021), S Calen Bullock, USC (7.5 in 2024)","84","S10","Minkah Fitzpatrick-lite","6'1 ¼"" Weight: 211 Hand Size: 10 ⅝"" Arm Length: 31 ⅞"" Wingspan: 76"" 40-yard dash: N/A 10-yard split: N/A Vertical: N/A Broad: N/A 3 cone: N/A Shuttle: N/A Bench: N/A","211 Hand Size: 10 ⅝"" Arm Length: 31 ⅞"" Wingspan: 76"" 40-yard dash: N/A 10-yard split: N/A Vertical: N/A Broad: N/A 3 cone: N/A Shuttle: N/A Bench: N/A","10 ⅝"" Arm Length: 31 ⅞"" Wingspan: 76"" 40-yard dash: N/A 10-yard split: N/A Vertical: N/A Broad: N/A 3 cone: N/A Shuttle: N/A Bench: N/A","31 ⅞"" Wingspan: 76"" 40-yard dash: N/A 10-yard split: N/A Vertical: N/A Broad: N/A 3 cone: N/A Shuttle: N/A Bench: N/A","76"" 40-yard dash: N/A 10-yard split: N/A Vertical: N/A Broad: N/A 3 cone: N/A Shuttle: N/A Bench: N/A",NA,NA,"N/A Broad: N/A 3 cone: N/A Shuttle: N/A Bench: N/A","N/A 3 cone: N/A Shuttle: N/A Bench: N/A",NA,"N/A Bench: N/A","N/A"
"72","https://bleacherreport.com/articles/25325473-nfl-draft-2026-scouting-report-indiana-s-louis-moore","NFL Draft 2026 Scouting Report for Indiana S Louis Moore","NFL Draft 2026 Scouting Report for Indiana S Louis Moore","Louis Moore",NA,"— Moore can handle the roof of a defense with the instincts and range to take away deep routes. He's an excellent in zone coverage and consistently rotates post-snap to fool quarterbacks. | — Operates well as a robber in the middle of the field, reading route combinations, offensive leverage and the quarterback's eyes to take him where he's needed. Quick to collapse on stop and crossing routes while maintaining proper depth. | — The first-team All-Big Ten performer is an assignment-sound defender and rarely finds himself out of position where he can't recover. Has good reactive athleticism to flip his hips and trigger downhill on screens and against the run. | — The former JUCO wide receiver is a ball-hawking safety. Moore tracks the ball well with good hands to create turnovers. | — Not afraid to get his nose dirty in the run game and throw his body around at the line of scrimmage. Moore does well attempting to stay square as a tackler when possible.","— Moore's man-coverage skills are raw, with this being only his fourth season as a defender. Playing in the nickel against quicker receivers and nuanced tight ends can be a difficult assignment. | — The 5'11"", 191-pound safety is a willing tackler, but shorter arms and limited lateral agility place him at a disadvantage when working in space. Better athletes will force missed tackles in one-on-one situations. | — Moore needs to play with more consistent pad level in his backpedal. He displays a hitch when asked to change directions, which can make him late at the next level where everything happens faster.",".css-1582m2i{margin:0;font:inherit;font-weight:700;}GRADE: 7.1 (High-Level Backup/Starter Upside - Third Round) | COMPARABLE GRADE: S Cole Bishop, Utah (7.5 in 2024), S Nick Cross, Maryland (7.4 in 2022), S Malachi Moore, Alabama (7.3 in 2025) | OVERALL RANK: 102 | POSITION RANK: S11 | PRO COMPARISON: Geno Stone | TOP NEWS | NFL Not Investigating Mike Vrabel | Jeremiyah Love on Giants' Radar | Mock NFL Expansion Draft 📋","Height: 5'11"" Weight: 191 Hand Size: 9 ⅞"" Arm Length: 29 ½"" Wingspan: N/A 40-yard dash: N/A 10-yard split: N/A Vertical: N/A Broad: N/A 3 cone: N/A Shuttle: N/A Bench: N/A","7.1 (High-Level Backup/Starter Upside - Third Round)","S Cole Bishop, Utah (7.5 in 2024), S Nick Cross, Maryland (7.4 in 2022), S Malachi Moore, Alabama (7.3 in 2025)","102","S11","Geno Stone","5'11"" Weight: 191 Hand Size: 9 ⅞"" Arm Length: 29 ½"" Wingspan: N/A 40-yard dash: N/A 10-yard split: N/A Vertical: N/A Broad: N/A 3 cone: N/A Shuttle: N/A Bench: N/A","191 Hand Size: 9 ⅞"" Arm Length: 29 ½"" Wingspan: N/A 40-yard dash: N/A 10-yard split: N/A Vertical: N/A Broad: N/A 3 cone: N/A Shuttle: N/A Bench: N/A","9 ⅞"" Arm Length: 29 ½"" Wingspan: N/A 40-yard dash: N/A 10-yard split: N/A Vertical: N/A Broad: N/A 3 cone: N/A Shuttle: N/A Bench: N/A","29 ½"" Wingspan: N/A 40-yard dash: N/A 10-yard split: N/A Vertical: N/A Broad: N/A 3 cone: N/A Shuttle: N/A Bench: N/A","N/A 40-yard dash: N/A 10-yard split: N/A Vertical: N/A Broad: N/A 3 cone: N/A Shuttle: N/A Bench: N/A",NA,NA,"N/A Broad: N/A 3 cone: N/A Shuttle: N/A Bench: N/A","N/A 3 cone: N/A Shuttle: N/A Bench: N/A",NA,"N/A Bench: N/A","N/A"
"73","https://bleacherreport.com/articles/25261690-nfl-draft-2026-scouting-report-iowa-state-dl-domonique-orange","NFL Draft 2026 Scouting Report for Iowa State DL Domonique Orange","NFL Draft 2026 Scouting Report for Iowa State DL Domonique Orange","Domonique Orange",NA,"- Thick build and good size for an NFL nose tackle. | - Good initial quickness to get penetration when shooting gaps. | - Impressive pop in Orange's hands, with accompanying upper body strength, to generate knockback power and reset the line of scrimmage when taking on blocks. | - Plays with good pad-level and attacks the man he's lined up across to help stay in his gap assignment when taking on double-team blocks. | - Runs his feet to help avoid getting reached or scooped. | - Can make tackles with offensive linemen hanging onto him. | - Active hands as a pass-rusher.","- Orange has room for improvement when it comes to disengaging and escaping from blocks. | - Struggles to break down in the backfield and often runs too far up the field upon gaining penetration. | - Plays with a narrow base, which can get him in trouble against combo blocks if the offensive linemen can survive initial contact. | - Minimal pass-rush production. Orange isn't an effective bull-rusher to consistently collapse the pocket. Projects as a two-down player at the next level. | Grade, Rank, and Pro Comparison | .css-1582m2i{margin:0;font:inherit;font-weight:700;}GRADE: 7.3 (High-Level Backup/Starter Upside — 3rd Round) | COMPARABLE GRADE: Bobby Brown III, Texas A&M (7.2 in 2021), Perrion Winfrey, Oklahoma (7.2 in 2022), Mazi Smith, Michigan (7.3 in 2023) | OVERALL RANK: 79 | POSITION RANK: DL7 | PRO COMPARISON: T.J. Slaton",NA,"Height: 6'2"" Weight: 322 Hand: 10¼"" Arm: 33⅝"" Wingspan: N/A | 40-Yard Dash: N/A 10-Yard Split: N/A 3-Cone: N/A Shuttle: N/A Vertical: N/A Broad: N/A","7.3 (High-Level Backup/Starter Upside — 3rd Round)","Bobby Brown III, Texas A&M (7.2 in 2021), Perrion Winfrey, Oklahoma (7.2 in 2022), Mazi Smith, Michigan (7.3 in 2023)","79","DL7","T.J. Slaton","6'2"" Weight: 322 Hand: 10¼"" Arm: 33⅝"" Wingspan: N/A","322 Hand: 10¼"" Arm: 33⅝"" Wingspan: N/A",NA,NA,"N/A","N/A 10-Yard Split: N/A 3-Cone: N/A Shuttle: N/A Vertical: N/A Broad: N/A","N/A 3-Cone: N/A Shuttle: N/A Vertical: N/A Broad: N/A","N/A Broad: N/A","N/A","N/A Shuttle: N/A Vertical: N/A Broad: N/A","N/A Vertical: N/A Broad: N/A",NA
"74","https://bleacherreport.com/articles/25297868-nfl-draft-2026-scouting-report-penn-state-rb-kaytron-allen","NFL Draft 2026 Scouting Report for Penn State RB Kaytron Allen","NFL Draft 2026 Scouting Report for Penn State RB Kaytron Allen","Kaytron Allen",NA,"- Allen is a scheme-versatile runner. He executes both gap and zone rushing concepts. He possesses great patience to press the line of scrimmage before declaring which lane he will choose. His vision guides him to daylight as he follows the lead blockers. | - He's equipped with a powerful and dense build suited for contact between the tackles. Allen is a physical runner who powers through tackles for extra yards. He runs with a forward lean, which causes him to fall forward upon contact. | - He displays quicker feet than expected. Allen can weave through congestion in the box to get into open space. He possesses enough acceleration to get to top speed quickly and rumble through the defense at full speed. | - Although he is not the workhorse back and has operated in a timeshare backfield, Allen puts points on the board. He has 36 rushing touchdowns in his career. Teams that need a running back suited for the red zone and to operate their eight-minute offense with a lead in the 4th quarter, Allen is the guy.","- Allen is a big, stout running back, but he is a limited athlete. He lacks breakaway speed to generate explosive plays on the ground or in the air. He is quicker than fast. | - His receiving skill set is limited to screens and shallow checkdowns. Allen does not possess the athleticism to run an expanded route tree. | - As a result of his limited athletic profile, Allen's ceiling will be capped. He will be viewed as an early down runner but offers little value in the passing game. | Grade, Rank, and Pro Comparison | .css-1582m2i{margin:0;font:inherit;font-weight:700;}GRADE: 7.51 (Key Contributor — 2nd Round) | COMPARABLE GRADE: Tyler Allgeier (7.2 in 2022), Kyren Williams (7.1 in 2022), Zach Evans (7.1 in 2023) | OVERALL RANK: 61 | POSITION RANK: RB4 | PRO COMPARISON: Rhamondre Stevenson",NA,"Height: 5'11"" Weight: 216 HAND: 9½"" Arm: 29 ½,"" Vertical Jump: N/A 40-Yard DASH: N/A Broad Jump: N/A 3-Cone Drill: N/A 20-Yard Shuttle: N/A Bench Press: N/A","7.51 (Key Contributor — 2nd Round)","Tyler Allgeier (7.2 in 2022), Kyren Williams (7.1 in 2022), Zach Evans (7.1 in 2023)","61","RB4","Rhamondre Stevenson","5'11"" Weight: 216 HAND: 9½"" Arm: 29 ½,"" Vertical Jump: N/A 40-Yard DASH: N/A Broad Jump: N/A 3-Cone Drill: N/A 20-Yard Shuttle: N/A Bench Press: N/A","216 HAND: 9½"" Arm: 29 ½,"" Vertical Jump: N/A 40-Yard DASH: N/A Broad Jump: N/A 3-Cone Drill: N/A 20-Yard Shuttle: N/A Bench Press: N/A",NA,NA,NA,NA,NA,NA,NA,NA,"N/A Bench Press: N/A",NA
"75","https://bleacherreport.com/articles/25361369-nfl-draft-2026-scouting-report-miami-ot-markel-bell","NFL Draft 2026 Scouting Report for Miami OT Markel Bell","NFL Draft 2026 Scouting Report for Miami OT Markel Bell","Markel Bell",NA,"— Fluid mover with good redirect skills for a gargantuan tackle prospect. | — Premier length. Bell has gotten progressively better at weaponizing his length with independent strikes that keep him in-phase against counter-moves. | — Brings his feet with him in the run game to create torque and alleys on frontside kick-outs, down-blocks and double-team feeds. | — Has made significant strides with his technique and been on an upwards trajectory since arriving at Miami.","— Height and upright playing style make him vulnerable to the forklift technique from defenders working underneath his pads to pry him open, thus negating his size advantage. | — Susceptible to biting on inside-out stutters into high-side rushes, thus giving up short corners.",".css-1582m2i{margin:0;font:inherit;font-weight:700;}GRADE: 7.3 (High-Level Backup/Starter Upside - Round 3) | COMPARABLE GRADE: Cameron Williams (7.3 in 2025), Dawand Jones (7.6 in 2023), Larnel Coleman (6.8 in 2021) | OVERALL RANK: 79 | POSITION RANK: OT7 | PRO COMPARISON: King Dunlap | TOP NEWS | Mock NFL Expansion Draft 📋 | Report: Falcons, Jags Make DT Trade | Every Team's Ideal 1st-Round Pick 👌","Height: 6'9"" Weight: 346 Arm: 36 ⅜"" Hand: 9"" | 40-Yard Dash: 5.36 10-Yard Split: 1.84 Vertical: NA Broad: NA Shuttle: NA 3-Cone: NA Bench: NA","7.3 (High-Level Backup/Starter Upside - Round 3)","Cameron Williams (7.3 in 2025), Dawand Jones (7.6 in 2023), Larnel Coleman (6.8 in 2021)","79","OT7","King Dunlap","6'9"" Weight: 346 Arm: 36 ⅜"" Hand: 9""","346 Arm: 36 ⅜"" Hand: 9""",NA,NA,NA,"5.36 10-Yard Split: 1.84 Vertical: NA Broad: NA Shuttle: NA 3-Cone: NA Bench: NA","1.84 Vertical: NA Broad: NA Shuttle: NA 3-Cone: NA Bench: NA","NA Broad: NA Shuttle: NA 3-Cone: NA Bench: NA","NA Shuttle: NA 3-Cone: NA Bench: NA","NA Bench: NA","NA 3-Cone: NA Bench: NA","NA"
"76","https://bleacherreport.com/articles/25261646-nfl-draft-2026-scouting-report-penn-state-edge-dani-dennis-sutton","NFL Draft 2026 Scouting Report for Penn State Edge Dani Dennis-Sutton","NFL Draft 2026 Scouting Report for Penn State Edge Dani Dennis-Sutton","Dani Dennis-Sutton",NA,"- Good size and has long arms. Looks the part of an NFL defensive end. | - Quick to shoot his hands and take on blocks, while also showing impressive upper-body strength to get extension and set the edge. Dennis-Sutton physically dominates tight ends, too. | - Solid when taking on pullers, either getting underneath them as the spill player or creating a stalemate as the force player. | - Decent at shedding and getting off blocks to make tackles against the run. | - Solid power-rusher with a decent long-arm to occasionally collapse the pocket. | - Also showed solid hand-swipe and a rip move to win when working around the edge. Dennis-Sutton displays a good motor to generate coverage sacks.","- Lacks twitch and displays subpar athleticism. | - Heavy-footed and isn't explosive off the snap. Dennis-Sutton doesn't threaten offensive tackles with speed as an edge-rusher. | - Bend is below-average to turn tight corners. Combined with his lack of quick-twitch fibers, his makeup limits the ability to make backside tackles when unblocked. | - Struggles to break down in the backfield. His subpar athletic ability will cause him to miss sacks and let mobile quarterbacks escape the pocket. | - Needs to improve his rotational strength and avoid getting his shoulders turned against combo/scoop blocks. | Grade, Rank, and Pro Comparison | .css-1582m2i{margin:0;font:inherit;font-weight:700;}GRADE: 7.3 (High-Level Backup/Starter Upside — 3rd Round) | COMPARABLE GRADE: Jack Sawyer, Ohio State (7.3 in 2025), Isaiah Foskey, Notre Dame (7.4 in 2023), Dayo Odeyingbo, Vanderbilt (7.4 in 2021) | OVERALL RANK: 81 | POSITION RANK: EDGE11 | PRO COMPARISON: Dorance Armstrong",NA,"Height: 6'5"" Weight: 256 Hand: 10⅛"" Arm: 33⅜"" Wingspan: N/A | 40-Yard Dash: 4.63 10-Yard Split: 1.63 3-Cone: 6.90 Shuttle: N/A Vertical: 39.5"" Broad: 10'11""","7.3 (High-Level Backup/Starter Upside — 3rd Round)","Jack Sawyer, Ohio State (7.3 in 2025), Isaiah Foskey, Notre Dame (7.4 in 2023), Dayo Odeyingbo, Vanderbilt (7.4 in 2021)","81","EDGE11","Dorance Armstrong","6'5"" Weight: 256 Hand: 10⅛"" Arm: 33⅜"" Wingspan: N/A","256 Hand: 10⅛"" Arm: 33⅜"" Wingspan: N/A",NA,NA,"N/A","4.63 10-Yard Split: 1.63 3-Cone: 6.90 Shuttle: N/A Vertical: 39.5"" Broad: 10'11""","1.63 3-Cone: 6.90 Shuttle: N/A Vertical: 39.5"" Broad: 10'11""","39.5"" Broad: 10'11""","10'11""","6.90 Shuttle: N/A Vertical: 39.5"" Broad: 10'11""","N/A Vertical: 39.5"" Broad: 10'11""",NA
"77","https://bleacherreport.com/articles/25251782-nfl-draft-2026-scouting-report-texas-lb-anthony-hill-jr","NFL Draft 2026 Scouting Report for Texas LB Anthony Hill Jr.","NFL Draft 2026 Scouting Report for Texas LB Anthony Hill Jr.","Anthony Hill Jr.",NA,"- Good size with a thick build and carries his frame well with no bad weight. Also, appears to have good arm length. | - Quick to key and diagnose running plays, constantly putting himself in a position to take on blocks or shoot gaps. Instinctual, consistently in the right spot and/or around the ball. Sniffs out screens well, too. | - Shown impressive lateral quickness and movement skills to move gap-to-gap on the second level or slip blocks with a shoulder dip move. | - Takes on blocks with his hands and has some upper body strength and the arm length to get extension against offensive linemen. | - Sure tackler who wraps up and rarely misses, long arms also increase his tackle radius. | - Still young, will be 21 years old on Feb. 14.","- Doesn't make much of an impact in coverage, primarily just a spot-dropper in zone coverage. | - Shown some hip stiffness, impacting his ability to turn and run when playing Cover 2 or stay in phase against running backs on choice routes. | - Questionable eyes in zone coverage, will get caught staring into the backfield and doesn't locate threats coming into his area well. | - Hasn't shown the ability to consistently stack and shed as a run defender. | - Tackles high which can lead to extra yards after contact from physical running backs. | Grade, Rank, and Pro Comparison | .css-1582m2i{margin:0;font:inherit;font-weight:700;}GRADE: 7.4 (High-Level Backup/Starter Upside — 3rd Round) | COMPARABLE GRADE: Pete Werner, Ohio State (7.5 in 2021), Nick Bolton, Missouri (7.5 in 2021), Quay Walker, Georgia (7.6 in 2022) | OVERALL RANK: 72 | POSITION RANK: LB6 | PRO COMPARISON: Kenneth Murray",NA,"Height: 6'3"" Weight: 238 Hand: 9⅝"" Arm: 32⅜"" Wingspan: 79"" | 40-Yard Dash: 4.51 10-Yard Split: 1.58 3-Cone: N/A Shuttle: N/A Vertical: 37"" Broad: 10'5""","7.4 (High-Level Backup/Starter Upside — 3rd Round)","Pete Werner, Ohio State (7.5 in 2021), Nick Bolton, Missouri (7.5 in 2021), Quay Walker, Georgia (7.6 in 2022)","72","LB6","Kenneth Murray","6'3"" Weight: 238 Hand: 9⅝"" Arm: 32⅜"" Wingspan: 79""","238 Hand: 9⅝"" Arm: 32⅜"" Wingspan: 79""",NA,NA,"79""","4.51 10-Yard Split: 1.58 3-Cone: N/A Shuttle: N/A Vertical: 37"" Broad: 10'5""","1.58 3-Cone: N/A Shuttle: N/A Vertical: 37"" Broad: 10'5""","37"" Broad: 10'5""","10'5""","N/A Shuttle: N/A Vertical: 37"" Broad: 10'5""","N/A Vertical: 37"" Broad: 10'5""",NA
"78","https://bleacherreport.com/articles/25316391-nfl-draft-2026-scouting-report-georgia-cb-daylen-everette","NFL Draft 2026 Scouting Report for Georgia CB Daylen Everette","NFL Draft 2026 Scouting Report for Georgia CB Daylen Everette","Daylen Everette",NA,"— With a prototypical NFL build, Everette has the size and length to contribute on the boundary with deep speed, foot quickness, and physicality to match. He uses his length to throw off timing and impact the catch point. | — He's an effective press man cover corner who showcases patience and jam technique to stay in phase. His mirroring ability and hip fluidity keep him right in hip pockets on route breaks and down the field. | — Closing speed shows up on route breaks and as a blitzer. He hides his intentions well and can cover ground in a hurry to impact the quarterback or at the catch point. | — He can stay on top of receivers and play trail technique adequately while using his deceleration ability to come back on comeback routes. Shows a wide range of man coverage techniques.","—Everette's zone instincts are a work in progress, and keep him a second slow to the football. He needs to see route combinations better and match them to the quarterback to speed up his process. | — In off coverage, his eyes wander and linger too long. Making him slower in reacting to plays, while looking far less comfortable in space with his movements. | — Overall consistency needs to be cleaned up, and the effort in the run game comes into question. His length allows him to wrap up well, but his pursuit angles and being too patient leave him diving at feet and missing tackles.",".css-1582m2i{margin:0;font:inherit;font-weight:700;}GRADE: 7.3 (High-Level Backup/Starter Upside — 3rd Round) | COMPARABLE GRADE: CB Zy Alexander, LSU (7.3 in 2025), CB Max Melton, Rutgers (7.2 in 2024), CB Tariq Woolen, UTSA (7.2 in 2022) | OVERALL RANK: 83 | POSITION RANK: CB12 | PRO COMPARISON: Deonte Banks | TOP NEWS | NFL Not Investigating Mike Vrabel | Jeremiyah Love on Giants' Radar | Mock NFL Expansion Draft 📋","Height: 6'1 ¼"" Weight: 196 Hand Size: 9 ⅝"" Arm Length: 31 ⅞"" Wingspan: N/A 40-yard dash: 4.38 10-yard split: 1.54 Vertical: 37.5"" Broad: 10'4"" 3 cone: N/A Shuttle: N/A Bench: N/A","7.3 (High-Level Backup/Starter Upside — 3rd Round)","CB Zy Alexander, LSU (7.3 in 2025), CB Max Melton, Rutgers (7.2 in 2024), CB Tariq Woolen, UTSA (7.2 in 2022)","83","CB12","Deonte Banks","6'1 ¼"" Weight: 196 Hand Size: 9 ⅝"" Arm Length: 31 ⅞"" Wingspan: N/A 40-yard dash: 4.38 10-yard split: 1.54 Vertical: 37.5"" Broad: 10'4"" 3 cone: N/A Shuttle: N/A Bench: N/A","196 Hand Size: 9 ⅝"" Arm Length: 31 ⅞"" Wingspan: N/A 40-yard dash: 4.38 10-yard split: 1.54 Vertical: 37.5"" Broad: 10'4"" 3 cone: N/A Shuttle: N/A Bench: N/A","9 ⅝"" Arm Length: 31 ⅞"" Wingspan: N/A 40-yard dash: 4.38 10-yard split: 1.54 Vertical: 37.5"" Broad: 10'4"" 3 cone: N/A Shuttle: N/A Bench: N/A","31 ⅞"" Wingspan: N/A 40-yard dash: 4.38 10-yard split: 1.54 Vertical: 37.5"" Broad: 10'4"" 3 cone: N/A Shuttle: N/A Bench: N/A","N/A 40-yard dash: 4.38 10-yard split: 1.54 Vertical: 37.5"" Broad: 10'4"" 3 cone: N/A Shuttle: N/A Bench: N/A",NA,NA,"37.5"" Broad: 10'4"" 3 cone: N/A Shuttle: N/A Bench: N/A","10'4"" 3 cone: N/A Shuttle: N/A Bench: N/A",NA,"N/A Bench: N/A","N/A"
"79","https://bleacherreport.com/articles/25262493-nfl-draft-2026-scouting-report-louisville-wr-chris-bell","NFL Draft 2026 Scouting Report for Louisville WR Chris Bell","NFL Draft 2026 Scouting Report for Louisville WR Chris Bell","Chris Bell",NA,"- Bell is a powerful pass-catcher who welcomes contact. He possesses a physical and dense frame, allowing him to pinball off would-be tackles in space. He is a glue-guy receiver who is fearless working in the middle of the defense, where the linebackers roam. | - He is an explosive athlete after the catch. When Bell secures a pass in the open field, he shifts gears quickly and erases pursuit angles. He displays strong spatial awareness during the transition from receiver to runner. | - He is best-used as an in-breaking route runner. Bell excels at locating and occupying free space in the middle of the field. He decelerates well to hit his landmarks on time for his quarterback. Bell can dominate as a between-the-hashes receiver. | - Bell plays to his strong frame when attacking the football in contested situations. He makes combat or collision catches with defenders, initiating contact with his body. He possesses good ball skills and hand-eye coordination, allowing him to track the ball effectively before making a play on it. Bell has outstanding body control to decelerate and adjust to the ball's trajectory, such as back-shoulder fades and underthrown passes. | - His alignment versatility will assist the offense in manufacturing advantageous matchups to exploit. He presents a difficult matchup for small nickel corners to cover with a two-way go out of the slot. | - Bell displays good football IQ. He comprehends how to attack different coverages. He locates and attacks Cover 3/bail-technique cornerbacks' blind spot. He pushes corners off the ball before working across their face on in-breaking routes.","- Bell is not a natural hands-catcher. He has moments of double-catching passes and trapping them into his pads. This can be an issue against the active-handed NFL cornerbacks who will punch through the receiver's hands. | - He displays lateral rigidness within his release package at the line of scrimmage. This causes limitations in defeating press coverage quickly. | - He can benefit from better run blocking technique and effectiveness on the perimeter. | - He is a solid route-runner, but needs to improve his ability to separate from man coverage. Handsy and physical cornerbacks are difficult to disengage from in the contact window.",NA,"Height: 6'2"" Weight: 222 HAND: 10"" Arm: 31¾"" | 40-Yard DASH: N/A Vertical Jump: N/A Broad Jump: N/A 3-Cone Drill: N/A 20-Yard Shuttle: N/A Bench Press: N/A","7.80 (Key Contributor — 2nd Round)","Ricky Pearsall (7.2 in 2024), Adonai Mitchell (7.3 in 2024), Ladd McConkey (7.3 in 2024)","35","WR8","Xavier Legette","6'2"" Weight: 222 HAND: 10"" Arm: 31¾""","222 HAND: 10"" Arm: 31¾""",NA,NA,NA,NA,NA,NA,NA,NA,"N/A Bench Press: N/A",NA
"80","https://bleacherreport.com/articles/25260922-nfl-draft-2026-scouting-report-notre-dame-te-eli-raridon","NFL Draft 2026 Scouting Report for Notre Dame TE Eli Raridon","NFL Draft 2026 Scouting Report for Notre Dame TE Eli Raridon","Eli Raridon",NA,"— Raridon's combination of vertical speed and size make him an easy target over the middle of the field. He can stretch the field for an offense and create explosives. | — Builds his route stem manipulation tactics with speed dialation and leverage understanding. He moves defenders where he wants and gets into space. | — He breaks off routes at the proper depth and with good timing regularly. The ability to play on time within the offensive structure is critical at the next level. | — He possesses three-down ability and positional versatility from the tight end position. He's a willing and effective blocker with a good understanding of run blocks and timing.","— Raridon needs to continue developing his technique as a blocker. With his height, getting outleveraged is the battle, and staying low and keeping his hands inside will improve connectivity. | — He's a limited linear athlete who struggles to make defenders miss in the short area. Changing direction and getting upfield from a linear route takes too long. | — While he plays with good timing at the top of routes, improving hand usage and intention will create more separation on in breaking routes and curls.",".css-1582m2i{margin:0;font:inherit;font-weight:700;}GRADE: 7.2 (Third round - High-Level Backup/Starter Upside) | COMPARABLE GRADE: Trey McBride, Colorado State (7.3 in 2022), Hunter Long, Boston College (7.3 in 2021), Cade Stover, Ohio State (7.2 in 2024) | OVERALL RANK: 86 | POSITION RANK: TE4 | PRO COMPARISON: Kyle Rudolph-lite | TOP NEWS | Mock NFL Expansion Draft 📋 | Breaking News | Every Team's Ideal 1st-Round Pick 👌","Height: 6'6"" Weight: 245 Hand Size: 10 ¾"" Arm Length: 32 ¾"" Wingspan: N/A 40-yard dash: 4.62 10-yard split: 1.6 Vertical: 36"" Broad: 10'3"" 3 cone: N/A Shuttle: N/A Bench: 20","7.2 (Third round - High-Level Backup/Starter Upside)","Trey McBride, Colorado State (7.3 in 2022), Hunter Long, Boston College (7.3 in 2021), Cade Stover, Ohio State (7.2 in 2024)","86","TE4","Kyle Rudolph-lite","6'6"" Weight: 245 Hand Size: 10 ¾"" Arm Length: 32 ¾"" Wingspan: N/A 40-yard dash: 4.62 10-yard split: 1.6 Vertical: 36"" Broad: 10'3"" 3 cone: N/A Shuttle: N/A Bench: 20","245 Hand Size: 10 ¾"" Arm Length: 32 ¾"" Wingspan: N/A 40-yard dash: 4.62 10-yard split: 1.6 Vertical: 36"" Broad: 10'3"" 3 cone: N/A Shuttle: N/A Bench: 20","10 ¾"" Arm Length: 32 ¾"" Wingspan: N/A 40-yard dash: 4.62 10-yard split: 1.6 Vertical: 36"" Broad: 10'3"" 3 cone: N/A Shuttle: N/A Bench: 20","32 ¾"" Wingspan: N/A 40-yard dash: 4.62 10-yard split: 1.6 Vertical: 36"" Broad: 10'3"" 3 cone: N/A Shuttle: N/A Bench: 20","N/A 40-yard dash: 4.62 10-yard split: 1.6 Vertical: 36"" Broad: 10'3"" 3 cone: N/A Shuttle: N/A Bench: 20",NA,NA,"36"" Broad: 10'3"" 3 cone: N/A Shuttle: N/A Bench: 20","10'3"" 3 cone: N/A Shuttle: N/A Bench: 20",NA,"N/A Bench: 20","20"
"81","https://bleacherreport.com/articles/25308282-nfl-draft-2026-scouting-report-arkansas-rb-mike-washington-jr","NFL Draft 2026 Scouting Report for Arkansas RB Mike Washington Jr.","NFL Draft 2026 Scouting Report for Arkansas RB Mike Washington Jr.","Mike Washington Jr.",NA,"- Washington Jr. has a muscle-bound frame equipped to absorb the physicality that comes with playing running back. | - He has a downhill punishing running style. He runs with aggression and wants to impose his will on closing defenders in space. He runs behind his pad with a strong forward lean, then falls forward after contact. | - The Razorbacks' leading rusher hits open lanes with decisiveness and quickness to maximize the blocking from his offensive line. Getting downhill with momentum allows him to put pressure on the defense to match his physicality. | - Washington Jr.'s stop/start ability freezes defenders and will throw them off balance. He is surprisingly agile for his size. He deploys quick jump cuts at or behind the line of scrimmage to negotiate quick backfield penetration. | - He plays with good acceleration through rushing lanes and reaches top speed quickly. Washington Jr. can outrun defenders once he's in the open field.","- Washington Jr.'s physical play style has led to ball security issues. Over his career, he has ten fumbles. Prioritizing the protection of the football at the POA will be paramount to staying on the field. | - As a result of his muscle-bound frame, there is some rotational hip stiffness that limits sudden movement changes. Issues are running wide zone where he is expected to attack the perimeter and cut upfield with suddenness. | - His pass protection technique is unrefined. He plays with the necessary power in pass pro, but lacks the technique. Washington Jr. tends to bend at the waist and lunge forward to make contact. If he learns to shoot with his hands and anchor with balance, it will increase his argument for playing time. | - Arkansas's leading rusher is a functional receiver out of the backfield, but he does not have a wide route tree. | Grade, Rank, and Pro Comparison | .css-1582m2i{margin:0;font:inherit;font-weight:700;}GRADE: 7.71 (Key Contributor — 2nd Round) | COMPARABLE GRADE: Kylin Hill (7.2 in 2021), Trey Sermon (7.1 in 2021), Zach Evans (7.1 in 2023) | OVERALL RANK: 38 | POSITION RANK: RB3 | PRO COMPARISON: Chris Carson",NA,"Height: 6'1"" Weight: 223 HAND: 9¼"" Arm: 33 ⅝"" | Vertical Jump: 39"" 40-Yard DASH: 4.33"" Broad Jump: 10'8"" 3-Cone Drill: N/A 20-Yard Shuttle: N/A Bench Press: N/A","7.71 (Key Contributor — 2nd Round)","Kylin Hill (7.2 in 2021), Trey Sermon (7.1 in 2021), Zach Evans (7.1 in 2023)","38","RB3","Chris Carson","6'1"" Weight: 223 HAND: 9¼"" Arm: 33 ⅝""","223 HAND: 9¼"" Arm: 33 ⅝""",NA,NA,NA,NA,NA,NA,NA,NA,"N/A Bench Press: N/A",NA
"82","https://bleacherreport.com/articles/25292325-nfl-draft-2026-scouting-report-clemson-ot-blake-miller","NFL Draft 2026 Scouting Report for Clemson OT Blake Miller","NFL Draft 2026 Scouting Report for Clemson OT Blake Miller","Blake Miller",NA,"— Utilizes effective high-low hand carriage and approach in pass protection to strike and latch the outer pec of rushers with a responsive catch hand to corral his target. | — Capable anchor to regain balance and die slowly after initially getting jolted against the bull-rush. | — Active drag hand with good spacing to overtake and sort out basic line games and stunts. | — Churns and strains to capitalize on drive-block momentum to displace and steer defenders away from the ball. | — Uncorks into contact with aggression and pop in his hands to deliver initial jolt. | — Does a decent job on angle-drive blocks of walling off and securing rush lanes.","— Upright playing style with shaky body control leads to leaning and consistently being overextended, especially against the push-pull technique. | — Struggles to timely adjust and stay in front of moves across his face in the run and pass game. | — Choppy feet lead to being tardy getting his second step in the ground and generate power on contact. | — Takes erratic angles to backers on climbs that results in a boom-or-bust hit rate.",".css-1582m2i{margin:0;font:inherit;font-weight:700;}GRADE: 7.7 (Key Contributor — 2nd Round) | COMPARABLE GRADE: Ozzy Trapilo (7.4 in 2025), Anton Harrison (7.8 in 2023), Sam Cosmi (7.7 in 2021) | OVERALL RANK: 35 | POSITION RANK: OT3 | PRO COMPARISON: Colton McKivitz | TOP NEWS | NFL Not Investigating Mike Vrabel | Jeremiyah Love on Giants' Radar | Mock NFL Expansion Draft 📋","Height: 6'7"" Weight: 317 Arm: 34 ¼"" Hand: 9 ¾"" | 40-Yard Dash: 5.04 10-Yard Split: 1.75 Vertical: 32"" Broad: 9'5"" Shuttle: NA 3-Cone: NA Bench: 32","7.7 (Key Contributor — 2nd Round)","Ozzy Trapilo (7.4 in 2025), Anton Harrison (7.8 in 2023), Sam Cosmi (7.7 in 2021)","35","OT3","Colton McKivitz","6'7"" Weight: 317 Arm: 34 ¼"" Hand: 9 ¾""","317 Arm: 34 ¼"" Hand: 9 ¾""",NA,NA,NA,"5.04 10-Yard Split: 1.75 Vertical: 32"" Broad: 9'5"" Shuttle: NA 3-Cone: NA Bench: 32","1.75 Vertical: 32"" Broad: 9'5"" Shuttle: NA 3-Cone: NA Bench: 32","32"" Broad: 9'5"" Shuttle: NA 3-Cone: NA Bench: 32","9'5"" Shuttle: NA 3-Cone: NA Bench: 32","NA Bench: 32","NA 3-Cone: NA Bench: 32","32"
"83","https://bleacherreport.com/articles/25313048-nfl-draft-2026-scouting-report-florida-state-dl-darrell-jackson-jr","NFL Draft 2026 Scouting Report for Florida State DL Darrell Jackson Jr.","NFL Draft 2026 Scouting Report for Florida State DL Darrell Jackson Jr.","Darrell Jackson Jr.",NA,"- Jackson has great size, carries his frame well and has long arms. | - Strong and violent at the point of attack when taking on blocks against the run. Has plenty of knockback power and can stand up offensive linemen with his upper body strength. | - Also, takes on blocks with a wide base. He's hard to move one-on-one and can effectively two-gap against base blocks from centers. | - Has little to no issues stacking and shedding and has also shown a solid arm-over move to escape blocks. | - Can make tackles with offensive linemen hanging onto him. | - When he shoots his hands as a pass-rusher, he can overwhelm interior offensive linemen with a long-arm move by using his strength and length. | - Hustle player who will factor into gang tackles down the field.","- Jackson isn't very quick and lacks athleticism overall. | - Often plays with his hands down when rushing the passer, doesn't have any counter moves or work the offensive lineman's hands well. | - Slow off the ball and stands up out of his stance, impacting his ability to collapse the pocket when bull rushing. Offers very little as a pass-rusher at the next level. | - High pad level and stopping his feet on contact can cause him to concede some ground against double teams/combo blocks. | - Shows some stiffness in his knees and hips, impacting his ability to sink his hips and anchor against doubles. | Grade, Rank, and Pro Comparison | .css-1582m2i{margin:0;font:inherit;font-weight:700;}GRADE: 7.2 (High-Level Backup/Starter Upside — 3rd Round) | COMPARABLE GRADE: Deone Walker, Kentucky (7.0 in 2025), Michael Hall Jr., Ohio State (7.1 in 2024), Gervon Dexter Sr., Florida (7.2 in 2023) | OVERALL RANK: 88 | POSITION RANK: DL8 | PRO COMPARISON: Dalvin Tomlinson",NA,"Height: 6'6"" Weight: 315 Hand: 11"" Arm: 34¾"" Wingspan: N/A | 40-Yard Dash: N/A 10-Yard Split: N/A 3-Cone: N/A Shuttle: N/A Vertical: N/A Broad: N/A","7.2 (High-Level Backup/Starter Upside — 3rd Round)","Deone Walker, Kentucky (7.0 in 2025), Michael Hall Jr., Ohio State (7.1 in 2024), Gervon Dexter Sr., Florida (7.2 in 2023)","88","DL8","Dalvin Tomlinson","6'6"" Weight: 315 Hand: 11"" Arm: 34¾"" Wingspan: N/A","315 Hand: 11"" Arm: 34¾"" Wingspan: N/A",NA,NA,"N/A","N/A 10-Yard Split: N/A 3-Cone: N/A Shuttle: N/A Vertical: N/A Broad: N/A","N/A 3-Cone: N/A Shuttle: N/A Vertical: N/A Broad: N/A","N/A Broad: N/A","N/A","N/A Shuttle: N/A Vertical: N/A Broad: N/A","N/A Vertical: N/A Broad: N/A",NA
"84","https://bleacherreport.com/articles/25263485-nfl-draft-2026-scouting-report-alabama-cb-domani-jackson","NFL Draft 2026 Scouting Report for Alabama CB Domani Jackson","NFL Draft 2026 Scouting Report for Alabama CB Domani Jackson","Domani Jackson",NA,"— Jackson is a bigger corner who plays like it with physicality through the route and the length to impact the catch point. | — He is confident as a press-man style cover corner with the footwork and hips to flip and run vertical. He mirrors well from a press alignment and has the athletecism to execute. | — Shows the football IQ to transition from man coverage to Cover 2 or 3 but is more comfortable in two-high. He passes off receivers to the next zone well. | — He's not shy coming downhill against ball carriers. He sniffs out screens and tackles well with his length in pursuit.","— Jackson isn't afraid to trigger downhill, but he can be overeager in off-coverage, biting on fakes, which leads to double-moves from the offense. | — He can be grabby downfield, and his being late to turn his head and locate the football creates penalties and losses in one-on-one situations. | — Timing his jam in press coverage will help prevent receivers from crossing his face too quickly and stacking him. | — Recognizing the run game and path of the ball carrier will help keep him in the proper position. He allows runners outside and gives up explosive plays with hesitancy and poor pursuit angles.",".css-1582m2i{margin:0;font:inherit;font-weight:700;}GRADE: 6.8 (Role Player/Part-Time Contributor - Fourth Round) | COMPARABLE GRADE: CB Upton Stout, Western Kentucky (6.9 in 2025), CB Kris Abrams-Draine, Missouri (6.8 in 2024), CB Riley Moss, Iowa (6.8) | OVERALL RANK: 137 | POSITION RANK: CB20 | PRO COMPARISON: Greedy Williams | TOP NEWS | Report: Falcons, Jags Make DT Trade | Brissett Wants Starter Money | Every Team's Ideal 1st-Round Pick 👌","Height: 6'1"" Weight: 194 Hand Size: 9 ⅛"" Arm Length: 31 ⅛"" Wingspan: N/A 40-yard dash: 4.41 10-yard split: 1.58 Vertical: N/A Broad: N/A 3 cone: N/A Shuttle: N/A Bench: N/A","6.8 (Role Player/Part-Time Contributor - Fourth Round)","CB Upton Stout, Western Kentucky (6.9 in 2025), CB Kris Abrams-Draine, Missouri (6.8 in 2024), CB Riley Moss, Iowa (6.8)","137","CB20","Greedy Williams","6'1"" Weight: 194 Hand Size: 9 ⅛"" Arm Length: 31 ⅛"" Wingspan: N/A 40-yard dash: 4.41 10-yard split: 1.58 Vertical: N/A Broad: N/A 3 cone: N/A Shuttle: N/A Bench: N/A","194 Hand Size: 9 ⅛"" Arm Length: 31 ⅛"" Wingspan: N/A 40-yard dash: 4.41 10-yard split: 1.58 Vertical: N/A Broad: N/A 3 cone: N/A Shuttle: N/A Bench: N/A","9 ⅛"" Arm Length: 31 ⅛"" Wingspan: N/A 40-yard dash: 4.41 10-yard split: 1.58 Vertical: N/A Broad: N/A 3 cone: N/A Shuttle: N/A Bench: N/A","31 ⅛"" Wingspan: N/A 40-yard dash: 4.41 10-yard split: 1.58 Vertical: N/A Broad: N/A 3 cone: N/A Shuttle: N/A Bench: N/A","N/A 40-yard dash: 4.41 10-yard split: 1.58 Vertical: N/A Broad: N/A 3 cone: N/A Shuttle: N/A Bench: N/A",NA,NA,"N/A Broad: N/A 3 cone: N/A Shuttle: N/A Bench: N/A","N/A 3 cone: N/A Shuttle: N/A Bench: N/A",NA,"N/A Bench: N/A","N/A"
"85","https://bleacherreport.com/articles/25355189-nfl-draft-2026-scouting-report-usc-wr-jakobi-lane","NFL Draft 2026 Scouting Report for USC WR Ja'Kobi Lane","NFL Draft 2026 Scouting Report for USC WR Ja'Kobi Lane","Ja'Kobi Lane",NA,"- Lane has an outstanding combination of ball skills, body control, and acrobatics at the catch point. He excels at dominating the catch point, turning 50/50 passes into 80/20 in his favor. | - USC's second-leading receiver uses his frame to box defenders out at the catch point on slants, hitches, and fade routes. | - He flashes deceptive route running to fool out defenders with head fakes at the top of his routes, especially on double moves. | - Lane displays high football IQ, understanding how to out-leverage defensive backs in off and zone coverages.","- Lane struggles to pull away from defenders on vertical, downfield routes. His top-end speed is questionable. This puts more onus on his release package for quick wins. | - His frame is lean and susceptible to being rerouted in press-man situations. He will benefit from adding counters in the contact window to lessen its effectiveness. | - His routes lack urgency from a salesmanship standpoint. He gives indicators of his breaks to tip off the defensive backs.",NA,"Height: 6'4"" Weight: 200 HAND: 10"" Arm: 32 ½"" Vertical Jump: 40"" 40-Yard DASH: 4.47"" Broad Jump: 10'9"" 3-Cone Drill: N/A 20-Yard Shuttle: N/A Bench Press: N/A","7.0 (High-Level Backup/Starter Upside — 3rd Round)","Jalen McMillan (7.4 in 2024), Ja'Lynn Polk (7.4 in 2024), Roman Wilson (7.4 in 2024)","115","WR20","Shades of Corey Davis","6'4"" Weight: 200 HAND: 10"" Arm: 32 ½"" Vertical Jump: 40"" 40-Yard DASH: 4.47"" Broad Jump: 10'9"" 3-Cone Drill: N/A 20-Yard Shuttle: N/A Bench Press: N/A","200 HAND: 10"" Arm: 32 ½"" Vertical Jump: 40"" 40-Yard DASH: 4.47"" Broad Jump: 10'9"" 3-Cone Drill: N/A 20-Yard Shuttle: N/A Bench Press: N/A",NA,NA,NA,NA,NA,NA,NA,NA,"N/A Bench Press: N/A",NA
"86","https://bleacherreport.com/articles/25286597-nfl-draft-2026-scouting-report-texas-tech-edge-romello-height","NFL Draft 2026 Scouting Report for Texas Tech Edge Romello Height","NFL Draft 2026 Scouting Report for Texas Tech Edge Romello Height","Romello Height",NA,"- Height is very quick and a good overall athlete whose impressive change of direction skills allow him to glide from one edge to the other and beat offensive tackles across their faces. | - Explosive off the line of scrimmage to threaten offensive tackles with speed around the edge. | - Sets up his pass-rush moves well by stemming inside or outside to win in the opposite direction, or gets to square to give himself a two-way go. | - Also is effective using head and shoulder fakes to get offensive tackles to stop their feet. | - Active hands as a pass-rusher and has shown a handful of moves that he can win with, like a cross-chop, spin move or ghost rush. | - Uses good angles and has good bend to corner at the top of the rush and take efficient paths to the quarterback. | - Good pass-rush motor. | - Against the run, he stays tight to the line of scrimmage when unblocked and has the speed to make tackles from the backside of zone runs. | - Comfortable dropping into zone coverage occasionally as a standup outside linebacker.","- Height is undersized, lacking the size and strength to hold up against the run in the NFL. | - Could afford to add some more mass to be more effective when turning speed to power. | - Doesn't have the lower body strength to effectively set the edge. | - Ends up chest-to-chest frequently when taking on blocks, struggling to get extension and escape from offensive linemen. | - Timing with his hands as a pass-rusher can be late, making it harder for him to win against offensive tackles who don't fall for his tricks and can stay in front of him. | - Older prospect who will be a 25-year-old rookie and took several years to become a productive player in college. | Grade, Rank, and Pro Comparison | .css-1582m2i{margin:0;font:inherit;font-weight:700;}GRADE: 7.2 (3rd Round — High-Level Backup/Starter Upside) | COMPARABLE GRADE: Jonah Elliss, Utah (7.2 in 2024), Donovan Ezeiruaku, Boston College (7.4 in 2025), Isaiah Foskey, Notre Dame (7.4 in 2023) | OVERALL RANK: 89 | POSITION RANK: EDGE12 | PRO COMPARISON: Nick Herbig",NA,"Height: 6'3"" Weight: 239 Hand: 9½"" Arm: 32¼"" Wingspan: N/A | 40-Yard Dash: 4.64 10-Yard Split: 1.63 3-Cone: N/A Shuttle: N/A Vertical: 39"" Broad: 10'5""","7.2 (3rd Round — High-Level Backup/Starter Upside)","Jonah Elliss, Utah (7.2 in 2024), Donovan Ezeiruaku, Boston College (7.4 in 2025), Isaiah Foskey, Notre Dame (7.4 in 2023)","89","EDGE12","Nick Herbig","6'3"" Weight: 239 Hand: 9½"" Arm: 32¼"" Wingspan: N/A","239 Hand: 9½"" Arm: 32¼"" Wingspan: N/A",NA,NA,"N/A","4.64 10-Yard Split: 1.63 3-Cone: N/A Shuttle: N/A Vertical: 39"" Broad: 10'5""","1.63 3-Cone: N/A Shuttle: N/A Vertical: 39"" Broad: 10'5""","39"" Broad: 10'5""","10'5""","N/A Shuttle: N/A Vertical: 39"" Broad: 10'5""","N/A Vertical: 39"" Broad: 10'5""",NA
"87","https://bleacherreport.com/articles/25344776-nfl-draft-2026-scouting-report-baylor-wr-josh-cameron","NFL Draft 2026 Scouting Report for Baylor WR Josh Cameron","NFL Draft 2026 Scouting Report for Baylor WR Josh Cameron","Josh Cameron",NA,"- Cameron is a compactly built receiver, who runs routes with enough physicality to fight through contact. He also snaps off his routes with quality suddenness to create space. | - He excels when running shorter, in-breaking routes, such as slants, whips, hitches and curls. These specific routes showcase his short-area quickness. | - The Baylor product can be a weapon by getting the ball into his hands quickly and letting him go to work. Cameron's play-strength to pinball off contact and wrestle through arm-tackles aids his overall playmaking ability. | - Strong and reliable hands allow the receiver to pluck the football out of the air and away from his frame. As a result, Cameron is a good red-zone target on fade and back-shoulder throws. He helps his cause with late hands to attack the football at the last minute. | - Cameron offers alignment versatility. He can play the Z- and slot-receiver positions to generate advantageous matches.","- Cameron's release package in the contact window is telegraphed and easy for cornerbacks to identify and counter. | - Improve refinement of his routes. There are instances of wasted movement that reduce a route's crispness and efficiency. | - He appears to lack the foot-speed and explosiveness to make cornerbacks pay for aligning tight to the line of scrimmage. | - He's susceptible to punches from patient, long-armed cornerbacks, who can disrupt his release and timing.",NA,"Height: 6'1"" Weight: 224 | Workout numbers and data will be added at a later date.","7.0 (High-Level Backup/Starter Upside — 3rd Round)","Xavier Legette (7.1 in 2024), Troy Franklin (7.1 in 2024), Malachi Corley (7.1 in 2024)","101","WR16","A Quicker Hakeem Nicks","6'1"" Weight: 224","224",NA,NA,NA,NA,NA,NA,NA,NA,NA,NA
"88","https://bleacherreport.com/articles/25352435-nfl-draft-2026-scouting-report-arizona-s-genesis-smith","NFL Draft 2026 Scouting Report for Arizona S Genesis Smith","NFL Draft 2026 Scouting Report for Arizona S Genesis Smith","Genesis Smith",NA,"— Smith is tall, long, and rangy from the safety position. His athletic gifts allow him to cover ground quickly both downhill and down the field from the post. | — His man coverage technique and footwork are sound and give him nickel ability against bigger receivers and tight ends. He's sticky and reads receiver movements well. | — He triggers downhill in the run and screen game while mirroring tight end motions and pulls. He's comfortable playing at or near the line of scrimmage and has the tools to battle blocks. | — The 6'2"", 202-pound safety locates the ball in the air quickly and tracks it well. With his length and timing, he does a good job of impacting the catch point and knocking the ball away.","— Smith takes aggressive and poor angles to the line of scrimmage from the post position and gives running backs easier access to the field. He needs to be more patient and take efficient angles to the ball carrier. | — Tackling technique is inconsistent, and he doesn't drive through ball carriers enough, allowing them to break tackles. Using his length to wrap up better and driving his legs will clean up missed tackles. | — He's still growing as an instinctual player in zone coverage; he relies too heavily on the quarterback's eyes to take him to the play. Continuing to watch film and feel routes developing quicker will help him take more options away in different roles.",".css-1582m2i{margin:0;font:inherit;font-weight:700;}GRADE: 7.3 (High-Level Backup/Starter Upside — 3rd Round) | COMPARABLE GRADE: S Malachi Moore, Alabama (7.3 in 2025), CB Max Melton, Rutgers (7.2 in 2024), S Jartavius Martin, Illinois (7.2 in 2023) | OVERALL RANK: 82 | POSITION RANK: S9 | PRO COMPARISON: Shades of Jaquan Brisker | TOP NEWS | Every Team's Ideal 1st-Round Pick 👌 | Report: Falcons, Jags Make DT Trade | Brissett Wants Starter Money","Height: 6'2 ⅛"" Weight: 202 Hand Size: 8 ⅞"" Arm Length: 32 ½"" Wingspan: 79 ¼"" 40-yard dash: N/A 10-yard split: N/A Vertical: 42.5"" Broad: 10'8"" 3 cone: N/A Shuttle: 4.18 Bench: N/A","7.3 (High-Level Backup/Starter Upside — 3rd Round)","S Malachi Moore, Alabama (7.3 in 2025), CB Max Melton, Rutgers (7.2 in 2024), S Jartavius Martin, Illinois (7.2 in 2023)","82","S9","Shades of Jaquan Brisker","6'2 ⅛"" Weight: 202 Hand Size: 8 ⅞"" Arm Length: 32 ½"" Wingspan: 79 ¼"" 40-yard dash: N/A 10-yard split: N/A Vertical: 42.5"" Broad: 10'8"" 3 cone: N/A Shuttle: 4.18 Bench: N/A","202 Hand Size: 8 ⅞"" Arm Length: 32 ½"" Wingspan: 79 ¼"" 40-yard dash: N/A 10-yard split: N/A Vertical: 42.5"" Broad: 10'8"" 3 cone: N/A Shuttle: 4.18 Bench: N/A","8 ⅞"" Arm Length: 32 ½"" Wingspan: 79 ¼"" 40-yard dash: N/A 10-yard split: N/A Vertical: 42.5"" Broad: 10'8"" 3 cone: N/A Shuttle: 4.18 Bench: N/A","32 ½"" Wingspan: 79 ¼"" 40-yard dash: N/A 10-yard split: N/A Vertical: 42.5"" Broad: 10'8"" 3 cone: N/A Shuttle: 4.18 Bench: N/A","79 ¼"" 40-yard dash: N/A 10-yard split: N/A Vertical: 42.5"" Broad: 10'8"" 3 cone: N/A Shuttle: 4.18 Bench: N/A",NA,NA,"42.5"" Broad: 10'8"" 3 cone: N/A Shuttle: 4.18 Bench: N/A","10'8"" 3 cone: N/A Shuttle: 4.18 Bench: N/A",NA,"4.18 Bench: N/A","N/A"
"89","https://bleacherreport.com/articles/25299835-nfl-draft-2026-scouting-report-arizona-state-cb-keith-abney-ii","NFL Draft 2026 Scouting Report for Arizona State CB Keith Abney II","NFL Draft 2026 Scouting Report for Arizona State CB Keith Abney II","Keith Abney II",NA,"— Abney can align as a boundary or nickel corner and shows good technique from multiple zone and man coverages. He plays with sound footwork, smooth hip transitions, and focused eyes in coverage. | — The former speed skating champion has a track background that allows him to turn and run downfield in man and click and close downhill with urgency. He disrupts catch points regularly with his quickness and ID skills. | — Communication, route recognition, and sound technique give him the tools to see plays as they happen, pass off routes into other zones, while maintaining proper depth, and take options away from quarterbacks. | — Plays with a physical and competitive style in man coverage through the route stem and down the field. His processing gets him in the right spots and then he attacks the catch point with great timing.","— Abney's physicality can translate to holds and interference calls at the top of routes and down the field when he can't locate the football. There are moments of ball-tracking lapses when his instinct is to grab the receiver. | — Overcommitting to releases and route intention causes his hips to open prematurely downfield, giving a receiver easier paths to getting open. | — While he isn't afraid to throw his body around in the run game or downhill, he gets caught on blocks and struggles to disengage.",".css-1582m2i{margin:0;font:inherit;font-weight:700;}GRADE: 7.1 (High-Level Backup/Starter Upside — 3rd Round) | COMPARABLE GRADE: CB Chau Smith-Wade, Washington State (7.1 in 2024), CB Quincy Riley, Louisville (7.1 in 2025), CB Derion Kendrick, Georgia (7.1 in 2022) | OVERALL RANK: 95 | POSITION RANK: CB14 | PRO COMPARISON: Michael Carter II | TOP NEWS | Every Team's Ideal 1st-Round Pick 👌 | Report: Falcons, Jags Make DT Trade | Brissett Wants Starter Money","Height: 5'10"" Weight: 187 Hand Size: 9 ¾"" Arm Length: 30"" Wingspan: N/A 40-yard dash: N/A 10-yard split: N/A Vertical: N/A Broad: N/A 3 cone: N/A Shuttle: N/A Bench: 15","7.1 (High-Level Backup/Starter Upside — 3rd Round)","CB Chau Smith-Wade, Washington State (7.1 in 2024), CB Quincy Riley, Louisville (7.1 in 2025), CB Derion Kendrick, Georgia (7.1 in 2022)","95","CB14","Michael Carter II","5'10"" Weight: 187 Hand Size: 9 ¾"" Arm Length: 30"" Wingspan: N/A 40-yard dash: N/A 10-yard split: N/A Vertical: N/A Broad: N/A 3 cone: N/A Shuttle: N/A Bench: 15","187 Hand Size: 9 ¾"" Arm Length: 30"" Wingspan: N/A 40-yard dash: N/A 10-yard split: N/A Vertical: N/A Broad: N/A 3 cone: N/A Shuttle: N/A Bench: 15","9 ¾"" Arm Length: 30"" Wingspan: N/A 40-yard dash: N/A 10-yard split: N/A Vertical: N/A Broad: N/A 3 cone: N/A Shuttle: N/A Bench: 15","30"" Wingspan: N/A 40-yard dash: N/A 10-yard split: N/A Vertical: N/A Broad: N/A 3 cone: N/A Shuttle: N/A Bench: 15","N/A 40-yard dash: N/A 10-yard split: N/A Vertical: N/A Broad: N/A 3 cone: N/A Shuttle: N/A Bench: 15",NA,NA,"N/A Broad: N/A 3 cone: N/A Shuttle: N/A Bench: 15","N/A 3 cone: N/A Shuttle: N/A Bench: 15",NA,"N/A Bench: 15","15"
"90","https://bleacherreport.com/articles/25326833-nfl-draft-2026-scouting-report-kansas-state-iol-sam-hecht","NFL Draft 2026 Scouting Report for Kansas State IOL Sam Hecht","NFL Draft 2026 Scouting Report for Kansas State IOL Sam Hecht","Sam Hecht",NA,"— Thick, well-rounded build with solid play strength. | — Keeps elbows connected to hips with tight hand placement. | — Clear eyes to make quick decisions, sort and stay on schedule against post-snap movement. | — Sturdy presence on down linemen to cover up and occupy on angle-drive and double-team blocks.","— Below average fluidity and redirect skills create soft edges late in the rep and against counter moves. | — Middling power result in limited ability to uproot defenders on command or finish with authority.",".css-1582m2i{margin:0;font:inherit;font-weight:700;}GRADE: 7.2 (High-Level Backup/Starter Upside — 3rd Round) | COMPARABLE GRADE: Hunter Nourzad (6.9 in 2024), Joe Tippmann (7.4 in 2023), Luke Fortner (7.2 in 2022) | OVERALL RANK: 89 | POSITION RANK: IOL6 | PRO COMPARISON: Tyler Biadasz | TOP NEWS | Report: Falcons, Jags Make DT Trade | Mock NFL Expansion Draft 📋 | Every Team's Ideal 1st-Round Pick 👌","Height: 6'4"" Weight: 303 Arm: 31 ⅝"" Hand: 9 ⅞"" | 40-Yard Dash: 5.1 10-Yard Split: 1.73 Vertical: 28"" Broad: 8'5"" Shuttle: 4.71 3-Cone: 7.75 Bench: NA","7.2 (High-Level Backup/Starter Upside — 3rd Round)","Hunter Nourzad (6.9 in 2024), Joe Tippmann (7.4 in 2023), Luke Fortner (7.2 in 2022)","89","IOL6","Tyler Biadasz","6'4"" Weight: 303 Arm: 31 ⅝"" Hand: 9 ⅞""","303 Arm: 31 ⅝"" Hand: 9 ⅞""",NA,NA,NA,"5.1 10-Yard Split: 1.73 Vertical: 28"" Broad: 8'5"" Shuttle: 4.71 3-Cone: 7.75 Bench: NA","1.73 Vertical: 28"" Broad: 8'5"" Shuttle: 4.71 3-Cone: 7.75 Bench: NA","28"" Broad: 8'5"" Shuttle: 4.71 3-Cone: 7.75 Bench: NA","8'5"" Shuttle: 4.71 3-Cone: 7.75 Bench: NA","7.75 Bench: NA","4.71 3-Cone: 7.75 Bench: NA","NA"
"91","https://bleacherreport.com/articles/25259988-nfl-draft-2026-scouting-report-miami-qb-carson-beck","NFL Draft 2026 Scouting Report for Miami QB Carson Beck","NFL Draft 2026 Scouting Report for Miami QB Carson Beck","Carson Beck",NA,"- Beck is an anticipatory thrower. He sees things quickly and throws before the wide receiver's break. | - He is a rhythm and timing passer. Beck works best as a hit-and-throw passer, where his back foot hits at the top of his drop, and the ball is out quickly. | - Well-experienced quarterback, three years as a starter, and has seen a lot of football. Especially in big/high-leverage games. | - Beck throws a very catchable football. He throws with pace and knows how to apply the right amount of touch. | - When protected inside the pocket, Beck effectively goes through his progressions and is comfortable with full-field reads. | - Above average athlete who will use his legs to break contain and run for first downs.","- Beck is prone to putting the ball in harm's way, testing occupied throwing lanes. | - He must reduce his turnover-worthy plays and protect the football with better decision-making. | - He struggles under pressure, specifically interior pressure right in his face. Beck will throw off his back foot to avoid being hit or contacted. | - Suffered a UCL injury, and his arm strength has not been the same post-surgery. He can struggle to drive the ball into tighter windows. | - Too many passes batted down at the line of scrimmage for a 6'5 quarterback. | - He is prone to locking into his first read or pre-determining his reads before the snap. | - Accuracy and ball placement deteriorate when forced off his spot and to reset his feet in the pocket. | - Improving his pocket presence and feel for pressure with a better internal clock to reduce chances for strip sacks.",NA,"Height: 6'5"" Weight: 233 HAND: 10"" ARM: 30⅝"" Wingspan: 75"" | 40-YARD DASH: N/A Vertical: N/A Broad Jump: N/A 3-Cone Drill: N/A 20-Yard Shuttle: N/A Bench Press: N/A","6.97 (Role Player/Part-Time Contributor — 4th Round)","Spencer Rattler (7.2 in 2024), Kenny Pickett (7.4 in 2022), Bo Nix (7.2 in 2024)","120","QB5","Kenny Pickett","6'5"" Weight: 233 HAND: 10"" ARM: 30⅝"" Wingspan: 75""","233 HAND: 10"" ARM: 30⅝"" Wingspan: 75""",NA,NA,"75""",NA,NA,"N/A Broad Jump: N/A 3-Cone Drill: N/A 20-Yard Shuttle: N/A Bench Press: N/A",NA,NA,"N/A Bench Press: N/A",NA
"92","https://bleacherreport.com/articles/25260738-nfl-draft-2026-scouting-report-northwestern-ot-caleb-tiernan","NFL Draft 2026 Scouting Report for Northwestern OT Caleb Tiernan","NFL Draft 2026 Scouting Report for Northwestern OT Caleb Tiernan","Caleb Tiernan",NA,"— Excellent hand-placement and strike-timing to bait rushers, establish quick leverage and reset when needed. | — Efficient footwork, with balanced weight distribution, which consistently keeps him in-phase and in position to control blocks. | — Smooth transition into his anchor by getting his hips back, bracing and cutting grass to withstand power. | — Fluidly navigates space to intersect targets as a featured part of the screen game.","— Looks to have a sawed-off frame for an offensive tackle of his stature | — Can step under himself when moving laterally and leave him late when forced to redirect to inside counters. | — Inside hand can drift up high on the near shoulder pad of rushers as he's carrying them up the arc, thus creating some leakage at the top of the quarterback's drop.",".css-1582m2i{margin:0;font:inherit;font-weight:700;}GRADE: 7.1 (High-Level Backup/Starter Upside - Round 3) | COMPARABLE GRADE: Wyatt Milum (7.1 in 2025), Isaiah Adams (7.2 in 2024), Tyler Steen (7.1 in 2023) | OVERALL RANK: 99 | POSITION RANK: OT8 | PRO COMPARISON: Doug Free | TOP NEWS | Report: Falcons, Jags Make DT Trade | Brissett Wants Starter Money | Every Team's Ideal 1st-Round Pick 👌","Height: 6'8"" Weight: 323 Arm: 32 ¼"" Hand: 9"" | 40-Yard Dash: NA 10-Yard Split: NA Vertical: 35 ½"" Broad: 9'3"" Shuttle: NA 3-Cone: NA Bench: NA","7.1 (High-Level Backup/Starter Upside - Round 3)","Wyatt Milum (7.1 in 2025), Isaiah Adams (7.2 in 2024), Tyler Steen (7.1 in 2023)","99","OT8","Doug Free","6'8"" Weight: 323 Arm: 32 ¼"" Hand: 9""","323 Arm: 32 ¼"" Hand: 9""",NA,NA,NA,"NA 10-Yard Split: NA Vertical: 35 ½"" Broad: 9'3"" Shuttle: NA 3-Cone: NA Bench: NA","NA Vertical: 35 ½"" Broad: 9'3"" Shuttle: NA 3-Cone: NA Bench: NA","35 ½"" Broad: 9'3"" Shuttle: NA 3-Cone: NA Bench: NA","9'3"" Shuttle: NA 3-Cone: NA Bench: NA","NA Bench: NA","NA 3-Cone: NA Bench: NA","NA"
"93","https://bleacherreport.com/articles/25294726-nfl-draft-2026-scouting-report-tcu-s-bud-clark","NFL Draft 2026 Scouting Report for TCU S Bud Clark","NFL Draft 2026 Scouting Report for TCU S Bud Clark","Bud Clark",NA,"— Clark is always around the football and it shows in his ball production. He's a true ballhawk safety who operates best as a free-flowing defender or robber where he can read the quarterback and break on throws. | — Showcases the tools to flex to nickel and man up against tight ends, and he has the experience to handle a variety of roles. | — He's a long-limbed athlete who can cover ground forward or backward, but triggering downhill and jumping routes is where his closing speed shines. He's always looking to generate turnovers with an aggressive mindset. | — The three-time team captain contributes on special teams and is a willing participant against the run. He navigates blocks and looks to deliver big hits when the opportunity presents itself.","— Always looking to jump routes and create turnovers has its downside when quarterbacks can take you away from the play with their eyes. Clark will bail to one side of the field or trigger on an underneath route too quickly, and leave zones to do it. | — In man coverage, he opens his hips prematurely and allows receivers to attack his space to create separation. When patient, he can be grabby at the top of routes which can generate more penalties at the next level. | — He finds himself in the right positions downfield, but lacks the ball tracking and change of direction, due to high pad level, to consistently make plays turning and running. Receivers outwork him and have better timing at the catch point. | — Tackling technique needs to be cleaned up as he frequently lunges at ballcarriers legs and goes low, missing tackles and allowing for broken tackle opportunities. Putting on more mass will help him take on blocks at the next level.",".css-1582m2i{margin:0;font:inherit;font-weight:700;}GRADE: 7.4 (High-Level Backup/Starter Upside- 3rd Round) | COMPARABLE GRADE: S Billy Bowman Jr., Oklahoma (7.5 in 2025), S Javon Bullard, Georgia (7.4 in 2024), CB Garrett Williams, Syracuse (7.4 in 2023) | OVERALL RANK: 70 | POSITION RANK: S7 | PRO COMPARISON: Calen Bullock | TOP NEWS | NFL Not Investigating Mike Vrabel | Jeremiyah Love on Giants' Radar | Mock NFL Expansion Draft 📋","Height: 6'1"" Weight: 188 Hand Size: 9"" Arm Length: 31 ½"" Wingspan: N/A 40-yard dash: 4.41 10-yard split: 1.56 Vertical: 38"" Broad: 10'7"" 3 cone: N/A Shuttle: N/A Bench: N/A","7.4 (High-Level Backup/Starter Upside- 3rd Round)","S Billy Bowman Jr., Oklahoma (7.5 in 2025), S Javon Bullard, Georgia (7.4 in 2024), CB Garrett Williams, Syracuse (7.4 in 2023)","70","S7","Calen Bullock","6'1"" Weight: 188 Hand Size: 9"" Arm Length: 31 ½"" Wingspan: N/A 40-yard dash: 4.41 10-yard split: 1.56 Vertical: 38"" Broad: 10'7"" 3 cone: N/A Shuttle: N/A Bench: N/A","188 Hand Size: 9"" Arm Length: 31 ½"" Wingspan: N/A 40-yard dash: 4.41 10-yard split: 1.56 Vertical: 38"" Broad: 10'7"" 3 cone: N/A Shuttle: N/A Bench: N/A","9"" Arm Length: 31 ½"" Wingspan: N/A 40-yard dash: 4.41 10-yard split: 1.56 Vertical: 38"" Broad: 10'7"" 3 cone: N/A Shuttle: N/A Bench: N/A","31 ½"" Wingspan: N/A 40-yard dash: 4.41 10-yard split: 1.56 Vertical: 38"" Broad: 10'7"" 3 cone: N/A Shuttle: N/A Bench: N/A","N/A 40-yard dash: 4.41 10-yard split: 1.56 Vertical: 38"" Broad: 10'7"" 3 cone: N/A Shuttle: N/A Bench: N/A",NA,NA,"38"" Broad: 10'7"" 3 cone: N/A Shuttle: N/A Bench: N/A","10'7"" 3 cone: N/A Shuttle: N/A Bench: N/A",NA,"N/A Bench: N/A","N/A"
"94","https://bleacherreport.com/articles/25347491-nfl-draft-2026-scouting-report-nc-state-te-justin-joly","NFL Draft 2026 Scouting Report for NC State TE Justin Joly","NFL Draft 2026 Scouting Report for NC State TE Justin Joly","Justin Joly",NA,"— While predominantly used as a detached tight end, Joly creates mismatch opportunities from multiple alignments, while adding value as a blocker. | — The 6'3"", 241-pound tight end shows off excellent manipulation tactics at the top of his routes to move defenders where he wants. | — His receiving prowess extends to recognizing zone defense and reading leverage to settle and exploit soft spots. He's a smart player with a physical presence after the catch, too. | — Joly has fantastic hands. His ball skills and catch radius make him a red-zone threat, helping him score eleven touchdowns over the last two seasons. He times jumps well and contact at the catch point doesn't stop him from completing the process.","— Joly needs to improve his functional strength to help him block more consistently and play through contact in man coverage. | — The 21-year-old prospect will become a viable in-line option by cleaning up his blocking technique, high pad level and wide base. | — He isn't a very explosive mover. At the top of his routes, Joly's quickness is inconsistent. An increased emphasis on foot-speed and explosion through route-breaks will create more separation across his route tree.",".css-1582m2i{margin:0;font:inherit;font-weight:700;}GRADE: 7.1 (High-Level Backup/Starter Upside - Third round) | COMPARABLE GRADE: TE Jake Briningstool, Clemson (7.0 in 2025), TE Cade Stover, Ohio State (7.2 in 2024), TE Jake Ferguson, Wisconsin (6.9 in 2022) | OVERALL RANK: 98 | POSITION RANK: TE8 | PRO COMPARISON: Isaiah Likely | TOP NEWS | NFL Not Investigating Mike Vrabel | Jeremiyah Love on Giants' Radar | Mock NFL Expansion Draft 📋","Height: 6'3 ⅝"" Weight: 241 Hand Size: 10 ½"" Arm Length: 32 ¼"" Wingspan: N/A 40-yard dash: N/A 10-yard split: N/A Vertical: N/A Broad: N/A 3 cone: N/A Shuttle: N/A Bench: N/A","7.1 (High-Level Backup/Starter Upside - Third round)","TE Jake Briningstool, Clemson (7.0 in 2025), TE Cade Stover, Ohio State (7.2 in 2024), TE Jake Ferguson, Wisconsin (6.9 in 2022)","98","TE8","Isaiah Likely","6'3 ⅝"" Weight: 241 Hand Size: 10 ½"" Arm Length: 32 ¼"" Wingspan: N/A 40-yard dash: N/A 10-yard split: N/A Vertical: N/A Broad: N/A 3 cone: N/A Shuttle: N/A Bench: N/A","241 Hand Size: 10 ½"" Arm Length: 32 ¼"" Wingspan: N/A 40-yard dash: N/A 10-yard split: N/A Vertical: N/A Broad: N/A 3 cone: N/A Shuttle: N/A Bench: N/A","10 ½"" Arm Length: 32 ¼"" Wingspan: N/A 40-yard dash: N/A 10-yard split: N/A Vertical: N/A Broad: N/A 3 cone: N/A Shuttle: N/A Bench: N/A","32 ¼"" Wingspan: N/A 40-yard dash: N/A 10-yard split: N/A Vertical: N/A Broad: N/A 3 cone: N/A Shuttle: N/A Bench: N/A","N/A 40-yard dash: N/A 10-yard split: N/A Vertical: N/A Broad: N/A 3 cone: N/A Shuttle: N/A Bench: N/A",NA,NA,"N/A Broad: N/A 3 cone: N/A Shuttle: N/A Bench: N/A","N/A 3 cone: N/A Shuttle: N/A Bench: N/A",NA,"N/A Bench: N/A","N/A"
"95","https://bleacherreport.com/articles/25250183-nfl-draft-2026-scouting-report-georgia-tech-iol-keylan-rutledge","NFL Draft 2026 Scouting Report for Georgia Tech IOL Keylan Rutledge","NFL Draft 2026 Scouting Report for Georgia Tech IOL Keylan Rutledge","Keylan Rutledge",NA,"- Broad frame, solid arm length and heavy hands. | - Can brace and anchor on command against the bull-rush, penetrators and speed-to-power pass-rush moves. | - Has solid burst and movement skills on the move, with the power to jar smaller defenders lift them off of their feet. | - Firm presence on base, angle-drive and overtake blocks to cover up his target, and enough leg drive to solidify lanes when defenders reach into gaps. | - Excellent competitive toughness and effort with a nasty demeanor as a finisher.","- Inconsistent positional leverage in pass protection creates soft edges due to setting too flat or too far against loose/wide rushers. | - Upright playing style with wide hand-placement leads to quick stalemates, which force him into recovery mode to regain leverage. | - Unrefined footwork results in some uncoordinated, disjointed positions against movement across his face.",".css-1582m2i{margin:0;font:inherit;font-weight:700;}GRADE: 7.6 (Key Contributor - 2nd Round) | COMPARABLE GRADE: Dominick Puni (7.4 in 2024), Christian Mahogany (7.2 in 2024), Cade Mays (6.9 in 2022) | OVERALL RANK: 52 | POSITION RANK: IOL3 | PRO COMPARISON: Dylan Fairchild | TOP NEWS | NFL Not Investigating Mike Vrabel | Jeremiyah Love on Giants' Radar | Mock NFL Expansion Draft 📋","Height: 6'4"" Weight: 316 Arm: 33 ¼"" Hand: 10"" | 40-Yard Dash: 5.05 10-Yard Split: 1.81 Vertical: 32 ½"" Broad: 8'8"" Shuttle: 4.54 3-Cone: 7.54 Bench: NA","7.6 (Key Contributor - 2nd Round)","Dominick Puni (7.4 in 2024), Christian Mahogany (7.2 in 2024), Cade Mays (6.9 in 2022)","52","IOL3","Dylan Fairchild","6'4"" Weight: 316 Arm: 33 ¼"" Hand: 10""","316 Arm: 33 ¼"" Hand: 10""",NA,NA,NA,"5.05 10-Yard Split: 1.81 Vertical: 32 ½"" Broad: 8'8"" Shuttle: 4.54 3-Cone: 7.54 Bench: NA","1.81 Vertical: 32 ½"" Broad: 8'8"" Shuttle: 4.54 3-Cone: 7.54 Bench: NA","32 ½"" Broad: 8'8"" Shuttle: 4.54 3-Cone: 7.54 Bench: NA","8'8"" Shuttle: 4.54 3-Cone: 7.54 Bench: NA","7.54 Bench: NA","4.54 3-Cone: 7.54 Bench: NA","NA"
"96","https://bleacherreport.com/articles/25259294-nfl-draft-2026-scouting-report-texas-am-lb-taurean-york","NFL Draft 2026 Scouting Report for Texas A&M LB Taurean York","NFL Draft 2026 Scouting Report for Texas A&M LB Taurean York","Taurean York",NA,"- Constant pre-snap communicator, who takes command of the defense to get everyone lined up correctly. | - Recognizes play designs based on pre-snap motion and displays good instincts to quickly read his key and diagnose run plays post-snap. | - Has the lateral movement skills to mirror running backs on zone runs. York recognizes when he can shoot gaps with the speed and quickness to capitalize. | - Solid speed overall to increase sideline-to-sideline range, help close in coverage or when rushing the passer. He takes good angles in pursuit, too. | - In zone coverage, he has good eye discipline to locate threats coming into his area and is quick to reach his landmarks. | - Quickness and agility allow him to tighten throwing windows when playing zone coverage. | - Consistently sniffs out screens to make tackles for short gains or behind the line of scrimmage. | - Sure tackler who wraps up and rarely misses.","- Undersized. Lacks height and appears to have short arms. | - A combination of shorter arms and subpar upper body strength make it difficult for York to get extension on blocks, leading to struggles when asked to stack and shed or escape. York even has a tough time getting off blocks from tight ends. | - Could afford to be more physical at the point of attack when taking on blocks. | - Has issues anchoring against offensive linemen when he can't use his instincts and movement skills to beat them to the spot. | - Lack of size creates issues in man coverage against tight ends. He'll get boxed out by bigger-bodied pass-catchers, which creates a problem when asked to defend contested catches. | Grade, Rank, and Pro Comparison | .css-1582m2i{margin:0;font:inherit;font-weight:700;}GRADE: 7.0 (High-Level Backup/Starter Upside — 3rd Round) | COMPARABLE GRADE: Monty Rice, Georgia (7.0 in 2021), Malcolm Rodriguez, Oklahoma State (6.9 in 2022), Barrett Carter, Clemson (6.9 in 2025) | OVERALL RANK: 110 | POSITION RANK: LB9 | PRO COMPARISON: Shades of Zach Thomas",NA,"Height: 5'11"" Weight: 226 Hand: 8⅜"" Arm: 30"" Wingspan: N/A | 40-Yard Dash: N/A 10-Yard Split: N/A 3-Cone: 7.32 Shuttle: 4.48 Vertical: N/A Broad: N/A","7.0 (High-Level Backup/Starter Upside — 3rd Round)","Monty Rice, Georgia (7.0 in 2021), Malcolm Rodriguez, Oklahoma State (6.9 in 2022), Barrett Carter, Clemson (6.9 in 2025)","110","LB9","Shades of Zach Thomas","5'11"" Weight: 226 Hand: 8⅜"" Arm: 30"" Wingspan: N/A","226 Hand: 8⅜"" Arm: 30"" Wingspan: N/A",NA,NA,"N/A","N/A 10-Yard Split: N/A 3-Cone: 7.32 Shuttle: 4.48 Vertical: N/A Broad: N/A","N/A 3-Cone: 7.32 Shuttle: 4.48 Vertical: N/A Broad: N/A","N/A Broad: N/A","N/A","7.32 Shuttle: 4.48 Vertical: N/A Broad: N/A","4.48 Vertical: N/A Broad: N/A",NA
"97","https://bleacherreport.com/articles/25294411-nfl-draft-2026-scouting-report-florida-ot-austin-barber","NFL Draft 2026 Scouting Report for Florida OT Austin Barber","NFL Draft 2026 Scouting Report for Florida OT Austin Barber","Austin Barber",NA,"— Good play strength with pop in his hands and a tight clench to control and steer. | — Fluid to the spot on climbs and pulls to line up and wall off smaller targets. | — Effective snatch technique to steal leverage and defeat the long-arm. | — Cuts grass with his in-steps to anchor effectively against the bull-rush. | — Excels using jump sets on play-action when he can manipulate space, establish first meaningful contact and force rushers to work through him.","— Mediocre range and ability to expand his set points against high-side speed rushes. | — Rigid striker who is overly reliant on two-hand punching, leaving him susceptible to clean, glaring losses against counter moves. | — Will dip his head into contact and get overextended against the push-pull, gap exchanges and slants across his face. | — Feet get stuck in a wide base against speed-to-power that result in him getting jolted on contact.",".css-1582m2i{margin:0;font:inherit;font-weight:700;}GRADE: 7.0 (High-Level Backup/Starter Upside — 3rd Round) | COMPARABLE GRADE: Roger Rosengarten (7.0 in 2024), Carter Warren (7.0 in 2023), Max Mitchell (6.9 in 2022) | OVERALL RANK: 108 | POSITION RANK: OT10 | PRO COMPARISON: Ezra Cleveland | TOP NEWS | Mock NFL Expansion Draft 📋 | Breaking News | Every Team's Ideal 1st-Round Pick 👌","Height: 6'7"" Weight: 318 Arm: 33 ⅛"" Hand: 9 ⅝"" | 40-Yard Dash: 5.04 10-Yard Split: 1.75 Vertical: 32"" Broad: 9'5"" Shuttle: NA 3-Cone: NA Bench: 32","7.0 (High-Level Backup/Starter Upside — 3rd Round)","Roger Rosengarten (7.0 in 2024), Carter Warren (7.0 in 2023), Max Mitchell (6.9 in 2022)","108","OT10","Ezra Cleveland","6'7"" Weight: 318 Arm: 33 ⅛"" Hand: 9 ⅝""","318 Arm: 33 ⅛"" Hand: 9 ⅝""",NA,NA,NA,"5.04 10-Yard Split: 1.75 Vertical: 32"" Broad: 9'5"" Shuttle: NA 3-Cone: NA Bench: 32","1.75 Vertical: 32"" Broad: 9'5"" Shuttle: NA 3-Cone: NA Bench: 32","32"" Broad: 9'5"" Shuttle: NA 3-Cone: NA Bench: 32","9'5"" Shuttle: NA 3-Cone: NA Bench: 32","NA Bench: 32","NA 3-Cone: NA Bench: 32","32"
"98","https://bleacherreport.com/articles/25265402-nfl-draft-2026-scouting-report-iowa-s-xavier-nwankpa","NFL Draft 2026 Scouting Report for Iowa S Xavier Nwankpa","NFL Draft 2026 Scouting Report for Iowa S Xavier Nwankpa","Xavier Nwankpa",NA,"— Nwankpa is routinely in the right place. As such, he can wear a multitude of hats for a defense. He excels as a box safety, reading out plays and triggering downhill to make big hits. | — The defensive back reads the quarterbacks eyes and locates the football at a high level, adding to his impact as a read-and-react defender, particularly in the run game. He's a well-equipped tackler and understands leverage. | — He's a willing run defender and adds an extra power player when operating in the box. Nwankpa has the strength and ""want to"" to take on blocks and shed from any offensive player. | — He has the size, length and athleticism to take on tight ends in man coverage. He works to create contact at the top of routes to throw off timing and displays the presence of mind to pass off in zone coverage while mirroring the quarterback.","— Nwankpa is more of a reactionary defender when working on the back end, rather than playing with instinctual movements. He will lock onto a quarterback's eyes and needs to remain more disciplined in zone coverage. | — He's rigid in his backpedal, which impacts his ability to fluidly turn his hips and close space. His reactionary play ties to his rigidity and makes him late at the catch point when working down the field. | — He's improved his physicality as a tackler this season, but he must consistently wrap up and not lower his head.",".css-1582m2i{margin:0;font:inherit;font-weight:700;}GRADE: 6.8 (Role Player/Part-Time Contributor - Fourth Round) | COMPARABLE GRADE: S R.J. Mickens, Clemson (6.8 in 2025), S Jaylin Simpson, Auburn (6.8 in 2024), S Sydney Brown, Illinois (6.6 in 2023) | OVERALL RANK: 136 | POSITION RANK: S12 | PRO COMPARISON: Bryan Cook | TOP NEWS | Breaking News | Jeremiyah Love on Giants' Radar | Mock NFL Expansion Draft 📋","Height: 6'2 ½"" Weight: 208 Hand Size: 8 ¼"" Arm Length: 30 ¾"" Wingspan: N/A 40-yard dash: 4.48 10-yard split: 1.62 Vertical: 37.5"" Broad: N/A 3 cone: N/A Shuttle: N/A Bench: N/A","6.8 (Role Player/Part-Time Contributor - Fourth Round)","S R.J. Mickens, Clemson (6.8 in 2025), S Jaylin Simpson, Auburn (6.8 in 2024), S Sydney Brown, Illinois (6.6 in 2023)","136","S12","Bryan Cook","6'2 ½"" Weight: 208 Hand Size: 8 ¼"" Arm Length: 30 ¾"" Wingspan: N/A 40-yard dash: 4.48 10-yard split: 1.62 Vertical: 37.5"" Broad: N/A 3 cone: N/A Shuttle: N/A Bench: N/A","208 Hand Size: 8 ¼"" Arm Length: 30 ¾"" Wingspan: N/A 40-yard dash: 4.48 10-yard split: 1.62 Vertical: 37.5"" Broad: N/A 3 cone: N/A Shuttle: N/A Bench: N/A","8 ¼"" Arm Length: 30 ¾"" Wingspan: N/A 40-yard dash: 4.48 10-yard split: 1.62 Vertical: 37.5"" Broad: N/A 3 cone: N/A Shuttle: N/A Bench: N/A","30 ¾"" Wingspan: N/A 40-yard dash: 4.48 10-yard split: 1.62 Vertical: 37.5"" Broad: N/A 3 cone: N/A Shuttle: N/A Bench: N/A","N/A 40-yard dash: 4.48 10-yard split: 1.62 Vertical: 37.5"" Broad: N/A 3 cone: N/A Shuttle: N/A Bench: N/A",NA,NA,"37.5"" Broad: N/A 3 cone: N/A Shuttle: N/A Bench: N/A","N/A 3 cone: N/A Shuttle: N/A Bench: N/A",NA,"N/A Bench: N/A","N/A"
"99","https://bleacherreport.com/articles/25259248-nfl-draft-2026-scouting-report-duke-iol-brian-parker-ii","NFL Draft 2026 Scouting Report for Duke IOL Brian Parker II","NFL Draft 2026 Scouting Report for Duke IOL Brian Parker II","Brian Parker II",NA,"— Very good quickness, burst and agility. | — Accurate, tight hand placement with very good grip strength and lower half mobility to latch, re-leverage and sustain blocks. | — Surges into contact with aggressiveness and physicality before consistently running his feet and straining to finish. | — Skilled, efficient zone run blocker who hits his landmarks and aiming points on backside cut-offs, overtakes and releases to the second-level.","— Sawed-off frame with below-average arm length creates soft edges and leaves Parker too easily stacked. | — Mediocre mass, girth and square power. | — Will drop his eyes and dip his head into contact, leaving him vulnerable to whiffing against movement across his face.",".css-1582m2i{margin:0;font:inherit;font-weight:700;}GRADE: 7.0 (High-Level Backup/Starter Upside - Round 3) | COMPARABLE GRADE: Joe Tippmann (7.4 in 2023), Cole Strange (7.1 in 2022), Robert Hainsey (7.6 in 2021) | OVERALL RANK: 114 | POSITION RANK: IOL10 | PRO COMPARISON: Ryan Bates | TOP NEWS | Report: Falcons, Jags Make DT Trade | Brissett Wants Starter Money | Every Team's Ideal 1st-Round Pick 👌","Height: 6'5"" Weight: 309 Arm: 32 ⅞"" Hand: 10"" | 40-Yard Dash: 5.14 10-Yard Split: 1.78 Vertical: NA Broad: 9'1"" Shuttle: 4.8 3-Cone: 7.66 Bench: 29","7.0 (High-Level Backup/Starter Upside - Round 3)","Joe Tippmann (7.4 in 2023), Cole Strange (7.1 in 2022), Robert Hainsey (7.6 in 2021)","114","IOL10","Ryan Bates","6'5"" Weight: 309 Arm: 32 ⅞"" Hand: 10""","309 Arm: 32 ⅞"" Hand: 10""",NA,NA,NA,"5.14 10-Yard Split: 1.78 Vertical: NA Broad: 9'1"" Shuttle: 4.8 3-Cone: 7.66 Bench: 29","1.78 Vertical: NA Broad: 9'1"" Shuttle: 4.8 3-Cone: 7.66 Bench: 29","NA Broad: 9'1"" Shuttle: 4.8 3-Cone: 7.66 Bench: 29","9'1"" Shuttle: 4.8 3-Cone: 7.66 Bench: 29","7.66 Bench: 29","4.8 3-Cone: 7.66 Bench: 29","29"
"100","https://bleacherreport.com/articles/25358046-nfl-draft-2026-scouting-report-washington-iol-carver-willis","NFL Draft 2026 Scouting Report for Washington IOL Carver Willis","NFL Draft 2026 Scouting Report for Washington IOL Carver Willis","Carver Willis",NA,"— Operates on time with snap out of his stance and into contact. | — Excellent hand placement generates quick, sustained leverage on blocks. | — Fluid, refined run blocker who regularly hits his landmarks with proper fits. | — Plays with very good effort, strain and physicality.","— Mediocre length and mass creates soft edges that will necessitate a move inside as a pro. | — Vulnerable to being overextended against the push-pull technique and walked back against the long-arm bull-rush.",".css-1582m2i{margin:0;font:inherit;font-weight:700;}GRADE: 6.7 (Role Player/Part-Time Contributor — 4th Round) | COMPARABLE GRADE: Jackson Slater (6.6 in 2025), Luke Fortner (7.2 in 2022), Will Fries (7.0 in 2021) | OVERALL RANK: 150 | POSITION RANK: IOL17 | PRO COMPARISON: Robert Hainsey | TOP NEWS | Report: Falcons, Jags Make DT Trade | Brissett Wants Starter Money | Every Team's Ideal 1st-Round Pick 👌","Height: 6'5"" Weight: 303 Arm: 32 ½"" Hand: 9 ½"" | 40-Yard Dash: 5.11 10-Yard Split: 1.84 Vertical: 26 ½"" Broad: 9'0"" Shuttle: NA 3-Cone: NA Bench: NA","6.7 (Role Player/Part-Time Contributor — 4th Round)","Jackson Slater (6.6 in 2025), Luke Fortner (7.2 in 2022), Will Fries (7.0 in 2021)","150","IOL17","Robert Hainsey","6'5"" Weight: 303 Arm: 32 ½"" Hand: 9 ½""","303 Arm: 32 ½"" Hand: 9 ½""",NA,NA,NA,"5.11 10-Yard Split: 1.84 Vertical: 26 ½"" Broad: 9'0"" Shuttle: NA 3-Cone: NA Bench: NA","1.84 Vertical: 26 ½"" Broad: 9'0"" Shuttle: NA 3-Cone: NA Bench: NA","26 ½"" Broad: 9'0"" Shuttle: NA 3-Cone: NA Bench: NA","9'0"" Shuttle: NA 3-Cone: NA Bench: NA","NA Bench: NA","NA 3-Cone: NA Bench: NA","NA"
"101","https://bleacherreport.com/articles/25292445-nfl-draft-2026-scouting-report-tennessee-edge-joshua-josephs","NFL Draft 2026 Scouting Report for Tennessee Edge Joshua Josephs","NFL Draft 2026 Scouting Report for Tennessee Edge Joshua Josephs","Joshua Josephs",NA,"- Josephs has a solid frame with room to add weight and very long arms. | - Combines good overall athleticism with quickness and twitch to win as a pass-rusher. | - Quick to react to the snap and accelerates off the line of scrimmage well to win or at least threaten offensive tackles with speed around the edge. | - Decent at setting his pass-rush moves by getting to square on the offensive lineman and giving himself a two-way go. | - Has shown several moves he can win with, like a cross-chop, bull-to-rip and push-pull. Also, improved his timing with his hands this season and has gotten better at working the hands after contact. | - Good closing speed on the quarterback. | - Physical and has shown solid strength at the point of attack as a run defender. | - Can create stalemates against pullers as the force player in run fits.","- Could afford to add more size and strength to be more stout against the run. | - Struggles to get extension and lock out offensive tackles when setting the edge/taking on blocks. | - Will get collapsed inside by down blocks from tight ends and doesn't see/anticipate crack blocks against pin-and-pull concepts, even when wide receivers are in a reduced split. | - Lacks the mass and strength to be effective when turning speed to power against NFL offensive tackles. | - Ankles are a little stiff, hurting his ability to corner and consistently finish pass-rush wins with sacks. | Grade, Rank, and Pro Comparison | .css-1582m2i{margin:0;font:inherit;font-weight:700;}GRADE: 7.0 (High-Level Backup/Starter Upside — 3rd Round) | COMPARABLE GRADE: Austin Booker, Kansas (7.0 in 2024), Byron Young, Tennessee (7.0 in 2023), Alex Wright, UAB (7.0 in 2022) | OVERALL RANK: 106 | POSITION RANK: EDGE13 | PRO COMPARISON: Uchenna Nwosu",NA,"Height: 6'3"" Weight: 242 Hand: 10"" Arm: 34¼"" Wingspan: N/A | 40-Yard Dash: N/A 10-Yard Split: N/A 3-Cone: N/A Shuttle: N/A Vertical: N/A Broad: N/A","7.0 (High-Level Backup/Starter Upside — 3rd Round)","Austin Booker, Kansas (7.0 in 2024), Byron Young, Tennessee (7.0 in 2023), Alex Wright, UAB (7.0 in 2022)","106","EDGE13","Uchenna Nwosu","6'3"" Weight: 242 Hand: 10"" Arm: 34¼"" Wingspan: N/A","242 Hand: 10"" Arm: 34¼"" Wingspan: N/A",NA,NA,"N/A","N/A 10-Yard Split: N/A 3-Cone: N/A Shuttle: N/A Vertical: N/A Broad: N/A","N/A 3-Cone: N/A Shuttle: N/A Vertical: N/A Broad: N/A","N/A Broad: N/A","N/A","N/A Shuttle: N/A Vertical: N/A Broad: N/A","N/A Vertical: N/A Broad: N/A",NA
"102","https://bleacherreport.com/articles/25312723-nfl-draft-2026-scouting-report-stanford-te-sam-roush","NFL Draft 2026 Scouting Report for Stanford TE Sam Roush","NFL Draft 2026 Scouting Report for Stanford TE Sam Roush","Sam Roush",NA,"— Multi-functional player who brings in-line ability to go with the multitude of ways he can impact an offense as a blocker. He shines in pass protection and consistently works his hands to find proper leverage. | — The 6'6"", 267-pound tight end showcases a well-balanced route tree and timing. Roush reads defensive leverage and can adjust his route while manipulating defenders in man coverage. | — With enough speed to work the seam, Roush can sell routes vertically. He also sinks his hips and decelerates at the top of his routes to create separation. | — Flashes the tools to catch the ball away from his body and turn upfield, while churning out physical yards after the catch. He plays with great effort.","— When blocking, Roush tends to create a wide base, which makes it difficult to absorb and redistribute power. He will lunge and lower his head, thus falling off some blocks. | — He must refine his technique since his film is littered with concentration drops and inconsistent hand placement when the ball is in the air (alligator arms). | — Fighting through contact in his routes, as well as at the catch point, will allow him to create more separation. | — Roush must continue to develop his feel for zone-coverage and locate soft spots to exploit in the passing game.",".css-1582m2i{margin:0;font:inherit;font-weight:700;}GRADE: 7.2 (High-Level Backup/Starter Upside - Third Round) | COMPARABLE GRADE: TE Jake Briningstool, Clemson (7.0 in 2025), TE Cade Stover, Ohio State (7.2 in 2024), TE Luke Musgrave, Oregon State (7.4 in 2023) | OVERALL RANK: 91 | POSITION RANK: TE5 | PRO COMPARISON: Tucker Kraft | TOP NEWS | Breaking News | Mock NFL Expansion Draft 📋 | Jeremiyah Love on Giants' Radar","Height: 6'6"" Weight: 267 Hand Size: 10"" Arm Length: 30 ⅝"" Wingspan: 76 ⅜"" 40-yard dash: 4.7 10-yard split: 1.61 Vertical: 38.5 Broad: 10'6"" 3 cone: 7.08 Shuttle: 4.37 Bench: 25","7.2 (High-Level Backup/Starter Upside - Third Round)","TE Jake Briningstool, Clemson (7.0 in 2025), TE Cade Stover, Ohio State (7.2 in 2024), TE Luke Musgrave, Oregon State (7.4 in 2023)","91","TE5","Tucker Kraft","6'6"" Weight: 267 Hand Size: 10"" Arm Length: 30 ⅝"" Wingspan: 76 ⅜"" 40-yard dash: 4.7 10-yard split: 1.61 Vertical: 38.5 Broad: 10'6"" 3 cone: 7.08 Shuttle: 4.37 Bench: 25","267 Hand Size: 10"" Arm Length: 30 ⅝"" Wingspan: 76 ⅜"" 40-yard dash: 4.7 10-yard split: 1.61 Vertical: 38.5 Broad: 10'6"" 3 cone: 7.08 Shuttle: 4.37 Bench: 25","10"" Arm Length: 30 ⅝"" Wingspan: 76 ⅜"" 40-yard dash: 4.7 10-yard split: 1.61 Vertical: 38.5 Broad: 10'6"" 3 cone: 7.08 Shuttle: 4.37 Bench: 25","30 ⅝"" Wingspan: 76 ⅜"" 40-yard dash: 4.7 10-yard split: 1.61 Vertical: 38.5 Broad: 10'6"" 3 cone: 7.08 Shuttle: 4.37 Bench: 25","76 ⅜"" 40-yard dash: 4.7 10-yard split: 1.61 Vertical: 38.5 Broad: 10'6"" 3 cone: 7.08 Shuttle: 4.37 Bench: 25",NA,NA,"38.5 Broad: 10'6"" 3 cone: 7.08 Shuttle: 4.37 Bench: 25","10'6"" 3 cone: 7.08 Shuttle: 4.37 Bench: 25",NA,"4.37 Bench: 25","25"
"103","https://bleacherreport.com/articles/25263436-nfl-draft-2026-scouting-report-iowa-iol-gennings-dunker","NFL Draft 2026 Scouting Report for Iowa IOL Gennings Dunker","NFL Draft 2026 Scouting Report for Iowa IOL Gennings Dunker","Gennings Dunker",NA,"— Thick, rugged build and playing style with the power to back it up. | — Excels at creating lift to pry open and displace defenders on base and angle-drive blocks, with very good upper-body strength and leg drive. | — Delivers knock-back power upon contact that can jar second-level targets and knock them off of their feet. | — Does a solid job bracing and finding his anchor to maintain the width of the pocket.","— Rigid, lumbering mover who struggles redirecting and staying in front of defenders as a pass protector. | — Mediocre foot quickness creates short corners that will necessitate a move inside to guard instead of staying at offensive tackle. | — Too easily pulled into overextension when defenders are able to stack, move their feet and change the blocking angle.",".css-1582m2i{margin:0;font:inherit;font-weight:700;}GRADE: 7.1 (High-Level Backup/Starter Upside - Round 3) | COMPARABLE GRADE: Christian Mahogany (7.2 in 2024), Cade Mays (6.9 in 2022), Robert Jones (7.3 in 2021) | OVERALL RANK: 94 | POSITION RANK: IOL7 | PRO COMPARISON: Mason McCormick | TOP NEWS | Report: Falcons, Jags Make DT Trade | Brissett Wants Starter Money | Every Team's Ideal 1st-Round Pick 👌","Height: 6'5"" Weight: 319 Arm: 33 ½"" Hand: 10"" | 40-Yard Dash: 5.18 10-Yard Split: 1.83 Vertical: 32 ½"" Broad: 9'0"" Shuttle: 4.63 3-Cone: NA Bench: NA","7.1 (High-Level Backup/Starter Upside - Round 3)","Christian Mahogany (7.2 in 2024), Cade Mays (6.9 in 2022), Robert Jones (7.3 in 2021)","94","IOL7","Mason McCormick","6'5"" Weight: 319 Arm: 33 ½"" Hand: 10""","319 Arm: 33 ½"" Hand: 10""",NA,NA,NA,"5.18 10-Yard Split: 1.83 Vertical: 32 ½"" Broad: 9'0"" Shuttle: 4.63 3-Cone: NA Bench: NA","1.83 Vertical: 32 ½"" Broad: 9'0"" Shuttle: 4.63 3-Cone: NA Bench: NA","32 ½"" Broad: 9'0"" Shuttle: 4.63 3-Cone: NA Bench: NA","9'0"" Shuttle: 4.63 3-Cone: NA Bench: NA","NA Bench: NA","4.63 3-Cone: NA Bench: NA","NA"
"104","https://bleacherreport.com/articles/25307776-nfl-draft-2026-scouting-report-clemson-qb-cade-klubnik","NFL Draft 2026 Scouting Report for Clemson QB Cade Klubnik","NFL Draft 2026 Scouting Report for Clemson QB Cade Klubnik","Cade Klubnik",NA,"- Klubnik is best when throwing off play action or RPO concepts. These plays allow him to read the field with a little extra time and identify false steps by second-level defenders to attack the voids within the coverage. | - His athleticism helps set his floor as a prospect. He is a straight-line athlete with a track background (400-meter state HS champion in Texas). He will add an adequate element to the playbook/playcalling and ground game. | - When he's playing on schedule, it looks good. Klubnik flashes anticipation on various throws. Throws very catchable passes at all three levels of the field. | - He delivers passes with good touch and arc, layering the football over the heads of defenders. | - Clemson's 5-star QB flashes pocket mobility when given time. He maneuvers nicely to evade the rush and deliver the football. Just needs to be consistent. | - Creating explosive plays down the middle of the field. He throws accurately on seams, posts, and deep in-breakers (Dagger). | - Klubnik is good when facing the blitz. When he reads the defensive shells pre-snap and the picture doesn't change, he will beat the blitz.","- Decision-making on true dropback sets. Klubnik has struggled to play with consistency without the threat of a running game. | - Feeling pressure inside the pocket for Clemson's third-year starter comes and goes. Sometimes he feels and evades, other times, he's locked into a read and takes unnecessary sacks. | - He struggles with post-snap reads. Too often, Klubnik believes what the defense is showing pre-snap, and the transition post-snap after the picture changes creates delayed reads and confusion for the QB. | - Klubnik's processing of information needs to speed up. He teeters between being early and being late. When he throws late, the ball enters vulnerable windows, giving the defenders an opportunity to make a play. Improve overall decision-making. | - Poor field vision and struggles to progress through his reads. More equipped to handle half-field reads. | - Lacks the lateral agility and elusiveness to make plays in the pocket if protection breaks down.",NA,"Height: 6'2"" Weight: 207 HAND: 9¼"" ARM: 31 ⅛"" Wingspan: 77¼ | 40-YARD DASH: N/A Vertical: N/A Broad Jump: N/A 3-Cone Drill: N/A 20-Yard Shuttle: N/A Bench Press: N/A","6.0 (Role Player/Part-Time Contributor — 4th Round)","Bo Nix (7.2 in 2024), Spencer Rattler (7.2 in 2024), Tanner McKee (7.0 in 2023)","231","QB8","Matt Corrall","6'2"" Weight: 207 HAND: 9¼"" ARM: 31 ⅛"" Wingspan: 77¼","207 HAND: 9¼"" ARM: 31 ⅛"" Wingspan: 77¼",NA,NA,"77¼",NA,NA,"N/A Broad Jump: N/A 3-Cone Drill: N/A 20-Yard Shuttle: N/A Bench Press: N/A",NA,NA,"N/A Bench Press: N/A",NA
"105","https://bleacherreport.com/articles/25288898-nfl-draft-2026-scouting-report-alabama-wr-germie-bernard","NFL Draft 2026 Scouting Report for Alabama WR Germie Bernard","NFL Draft 2026 Scouting Report for Alabama WR Germie Bernard","Germie Bernard",NA,"- Muscular frame with good play strength. Bernard displays good contact balance with the ball in space, leaving defenders in a position of conflict and bringing him down on the first attempt. He is a physical playmaker with good acceleration in the open field, generating yards after the catch and contact. | - Bernard is a refined route runner with precision cuts at the breaking point of his stem. He understands pacing and leveraging to create pockets and space between himself and the defensive back. He excels at attacking defenses between the hashes in the MoF—in-breaking routes like dig, shallow crossers, slants, and deep over routes. He has a winnable release package against man coverage using his strength and hands to deflect the DB's punches. | - Attacking and exploiting zone defenses with high-level football IQ and processing. The former Michigan Spartan excels at finding open grass against zone coverages and makes himself available for the quarterback. He has a great feel for space, knowing when to extend his route and sit it down in an open void. | - Bernard's positional flexibility helps create mismatches and easy outlet targets for the quarterback. He aligns in the backfield and every receiver position. Alabama will motion him out of the backfield into the slot or the end of a three-receiver set, generating a mismatch against a safety and/or linebacker. | - Bernard displays strong and reliable hands to pluck the football away from his frame. This shows up on the slot and back shoulder fades. He is a tough, physical playmaker who is not afraid to work into high-traffic areas.","- Bernard does not possess great top-end speed to win the vertical plane often on the outside. This puts more onus on his technique to defeat tight-man coverage at the line of scrimmage. | - As a YAC threat, his calling card is physicality. Alabama's leading receiver is not overly agile or twitchy enough to consistently make defenders miss in a phone booth at the next level. | - He is a strong and muscular pass catcher, but his length/wingspan is questionable. Bernard has not dominated the contested catch opportunities this season. This must improve to ensure he will maintain his outside receiver tag heading into an NFL offense.",NA,"Height: 6'1"" Weight: 206 HAND: 9⅞"" Arm: 30⅜"" Vertical Jump: 32.5"" 40-Yard DASH: 4.48"" Broad Jump: 10.5"" 3-Cone Drill: 6.71"" 20-Yard Shuttle: 4.31"" Bench Press: N/A","7.11 (High-Level Backup/Starter Upside — 3rd Round)","Johnny Wilson (7.0 in 2024), Xavier Legette (7.1 in 2024), Troy Franklin (7.1 in 2024)","101","WR18","Shades of Jarvis Landry","6'1"" Weight: 206 HAND: 9⅞"" Arm: 30⅜"" Vertical Jump: 32.5"" 40-Yard DASH: 4.48"" Broad Jump: 10.5"" 3-Cone Drill: 6.71"" 20-Yard Shuttle: 4.31"" Bench Press: N/A","206 HAND: 9⅞"" Arm: 30⅜"" Vertical Jump: 32.5"" 40-Yard DASH: 4.48"" Broad Jump: 10.5"" 3-Cone Drill: 6.71"" 20-Yard Shuttle: 4.31"" Bench Press: N/A",NA,NA,NA,NA,NA,NA,NA,NA,"4.31"" Bench Press: N/A",NA
"106","https://bleacherreport.com/articles/25285123-nfl-draft-2026-scouting-report-georgia-te-oscar-delp","NFL Draft 2026 Scouting Report for Georgia TE Oscar Delp","NFL Draft 2026 Scouting Report for Georgia TE Oscar Delp","Oscar Delp",NA,"— Delp is a multi-functional tight end who has run and pass blocking ability to aid on all three downs. | — Possesses NFL size and athleticism to transition to the next level and has room to add mass without losing a step. That size helps him move people in the run game, along with relocating his hands to get better leverage and drive blocks. | — His speed down the seam is a weapon; second and third-level defenders have to respect it, or he will run right by them. That speed greatly helps reduce pursuit angles after the catch. | — Plays with good timing as a route runner and when jumping for the football. Delp shows soft hands and quick transition after the catch.","— Physical defenders can bump him off his route and maintain connectivity in man coverage without much difficulty. He needs to add more route nuance, manipulation tactics, and expand his route tree to keep defenders guessing. | — As a blocker, Delp can be too top heavy and fall over his feet, giving smarter defenders quick paths by him. Shoring up his footwork and limiting the lunging can clean up his technique. | — His playstyle needs a physicality boost. From in-line blocking to outworking defenders at the catch point and everywhere in between, his game would benefit from a greater effort to use his size.",".css-1582m2i{margin:0;font:inherit;font-weight:700;}GRADE: 7.1 (High-Level Backup/Starter Upside — 3rd round) | COMPARABLE GRADE: TE Luke Schoonmaker, Michigan (6.9 in 2023), TE Ja'Tavion Sanders, Texas (7.1 in 2024), TE Jake Briningstool, Clemson (7.0 in 2025) | OVERALL RANK: 96 | POSITION RANK: TE7 | PRO COMPARISON: Robert Tonyan | TOP NEWS | NFL Not Investigating Mike Vrabel | Jeremiyah Love on Giants' Radar | Mock NFL Expansion Draft 📋","Height: 6'5"" Weight: 245 Hand Size: 9 ½"" Arm Length: 31 ⅝"" Wingspan: N/A 40-yard dash: N/A 10-yard split: N/A Vertical: N/A Broad: N/A 3 cone: N/A Shuttle: N/A Bench: N/A","7.1 (High-Level Backup/Starter Upside — 3rd round)","TE Luke Schoonmaker, Michigan (6.9 in 2023), TE Ja'Tavion Sanders, Texas (7.1 in 2024), TE Jake Briningstool, Clemson (7.0 in 2025)","96","TE7","Robert Tonyan","6'5"" Weight: 245 Hand Size: 9 ½"" Arm Length: 31 ⅝"" Wingspan: N/A 40-yard dash: N/A 10-yard split: N/A Vertical: N/A Broad: N/A 3 cone: N/A Shuttle: N/A Bench: N/A","245 Hand Size: 9 ½"" Arm Length: 31 ⅝"" Wingspan: N/A 40-yard dash: N/A 10-yard split: N/A Vertical: N/A Broad: N/A 3 cone: N/A Shuttle: N/A Bench: N/A","9 ½"" Arm Length: 31 ⅝"" Wingspan: N/A 40-yard dash: N/A 10-yard split: N/A Vertical: N/A Broad: N/A 3 cone: N/A Shuttle: N/A Bench: N/A","31 ⅝"" Wingspan: N/A 40-yard dash: N/A 10-yard split: N/A Vertical: N/A Broad: N/A 3 cone: N/A Shuttle: N/A Bench: N/A","N/A 40-yard dash: N/A 10-yard split: N/A Vertical: N/A Broad: N/A 3 cone: N/A Shuttle: N/A Bench: N/A",NA,NA,"N/A Broad: N/A 3 cone: N/A Shuttle: N/A Bench: N/A","N/A 3 cone: N/A Shuttle: N/A Bench: N/A",NA,"N/A Bench: N/A","N/A"
"107","https://bleacherreport.com/articles/25322985-nfl-draft-2026-scouting-report-florida-iol-jake-slaughter","NFL Draft 2026 Scouting Report for Florida IOL Jake Slaughter","NFL Draft 2026 Scouting Report for Florida IOL Jake Slaughter","Jake Slaughter",NA,"— Solid play strength to clench, close space and wall off down linemen on base, back and double-team overtake blocks. | — Sound anchor technique to get his hips back, hands on and reset to grind down power and die slowly. | — Alert and spatially aware in pass protection keeps him square and on the same level with his guards to keep the 'A' gaps shored up. | — Fluid enough on the move to intersect targets on climbs and screens. | — Two-time team captain.","— Adequate mass, length and power make it a chore to own and command ground when isolated against long, hulking defensive tackles. | — Vulnerable to getting push-pulled into overextension. | — Mediocre redirect skills creates soft, accessible edges if forced to adjust mid-rep.",".css-1582m2i{margin:0;font:inherit;font-weight:700;}GRADE: 7.0 (High-Level Backup/Starter Upside — 3rd Round) | COMPARABLE GRADE: Drew Kendall (6.5 in 2025), Hunter Nourzad (6.9 in 2024), Luke Fortner (7.2 in 2022) | OVERALL RANK: 111 | POSITION RANK: IOL9 | PRO COMPARISON: Chase Roullier | TOP NEWS | Report: Falcons, Jags Make DT Trade | Brissett Wants Starter Money | Every Team's Ideal 1st-Round Pick 👌","Height: 6'5"" Weight: 303 Arm: 32 ⅜"" Hand: 10"" | 40-Yard Dash: 5.1 10-Yard Split: 1.74 Vertical: 32 ½"" Broad: 9'2"" Shuttle: NA 3-Cone: NA Bench: NA","7.0 (High-Level Backup/Starter Upside — 3rd Round)","Drew Kendall (6.5 in 2025), Hunter Nourzad (6.9 in 2024), Luke Fortner (7.2 in 2022)","111","IOL9","Chase Roullier","6'5"" Weight: 303 Arm: 32 ⅜"" Hand: 10""","303 Arm: 32 ⅜"" Hand: 10""",NA,NA,NA,"5.1 10-Yard Split: 1.74 Vertical: 32 ½"" Broad: 9'2"" Shuttle: NA 3-Cone: NA Bench: NA","1.74 Vertical: 32 ½"" Broad: 9'2"" Shuttle: NA 3-Cone: NA Bench: NA","32 ½"" Broad: 9'2"" Shuttle: NA 3-Cone: NA Bench: NA","9'2"" Shuttle: NA 3-Cone: NA Bench: NA","NA Bench: NA","NA 3-Cone: NA Bench: NA","NA"
"108","https://bleacherreport.com/articles/25253258-nfl-draft-2026-scouting-report-auburn-c-connor-lew","NFL Draft 2026 Scouting Report for Auburn C Connor Lew","NFL Draft 2026 Scouting Report for Auburn C Connor Lew","Connor Lew",NA,"- Snaps out of his stance and plays with a flat-back posture, head out of blocks and active hands. | - Quick, accurate and independent striker in pass protection allow him to latch and control reps early in the down. | - Alert, clear eyes to process movement and secondary threats before providing timely help to secure the A gaps against loopers and blitzes. | - Solid athletic ability and movement skills allow him to timely negotiate combo blocks and intersect backers on climbs.","- Adequate play strength results in regularly getting stalemated, flattened out on overtakes and pried open as the rep progresses. | - Average size, weight and mass leave him conceding ground more than owning it.",".css-1582m2i{margin:0;font:inherit;font-weight:700;}GRADE: 7.0 (High-Level Backup/Starter Upside - 3rd Round) | COMPARABLE GRADE: Beaux Limmer (6.8 in 2024), Dylan Parham (7.3 in 2022), Luke Fortner (7.2 in 2022) | OVERALL RANK: 116 | POSITION RANK: IOL11 | PRO COMPARISON: Matt Hennessy | TOP NEWS | NFL Not Investigating Mike Vrabel | Jeremiyah Love on Giants' Radar | Mock NFL Expansion Draft 📋","Height: 6'3"" Weight: 310 Arm: 32 ⅜"" Hand: 9"" | 40-Yard Dash: NA 10-Yard Split: NA Vertical: NA Broad: NA Shuttle: NA 3-Cone: NA Bench: NA","7.0 (High-Level Backup/Starter Upside - 3rd Round)","Beaux Limmer (6.8 in 2024), Dylan Parham (7.3 in 2022), Luke Fortner (7.2 in 2022)","116","IOL11","Matt Hennessy","6'3"" Weight: 310 Arm: 32 ⅜"" Hand: 9""","310 Arm: 32 ⅜"" Hand: 9""",NA,NA,NA,"NA 10-Yard Split: NA Vertical: NA Broad: NA Shuttle: NA 3-Cone: NA Bench: NA","NA Vertical: NA Broad: NA Shuttle: NA 3-Cone: NA Bench: NA","NA Broad: NA Shuttle: NA 3-Cone: NA Bench: NA","NA Shuttle: NA 3-Cone: NA Bench: NA","NA Bench: NA","NA 3-Cone: NA Bench: NA","NA"
"109","https://bleacherreport.com/articles/25261188-nfl-draft-2026-scouting-report-alabama-dl-tim-keenan-iii","NFL Draft 2026 Scouting Report for Alabama DL Tim Keenan III","NFL Draft 2026 Scouting Report for Alabama DL Tim Keenan III","Tim Keenan III",NA,"- As a run-defender, Keenan is quick to get his hands up and is very strong at the point of attack to gain control of the block and a leverage advantage against interior offensive linemen. | - He also does a good job of disrupting offensive linemen's path to the second-level, which frees up linebackers. | - Takes on blocks with a wide base and attacks the man he's lined up across to absorb contact against combo blocks and double-teams, thus maintaining his gap responsibilities. | - Effective when two-gapping as a 0-technique. | - Recognizes down-blocks and presents the lower-body strength to avoid getting pushed out of his gap. | - Raw strength to make tackles with offensive linemen hanging onto him.","- Subpar athlete overall, who lacks lateral movement skills, making Keenan susceptible to getting reached or scooped. | - Has short arms, limiting the amount of extension he can get on blocks and making it more difficult to stack and shed. Also leads to offensive linemen making the first significant contact when he's trying to rush the passer. | - Isn't explosive off the line of scrimmage to consistently collapse the pocket when bull-rushing. | - Doesn't have any pass-rush moves he can win with due to the lack of athleticism and limited hand-usage. He'll be a two-down player in the NFL. | - Keeping Keenan's weight under control is a potential issue. He reportedly showed up to Alabama at 380 pounds after recovering from the high school knee injury, per Sports Illustrated's Katie Windham. His profile on the school's website notes that he ""worked to get his weight down"" ahead of the 2023 campaign. He also looked heavier after coming back from an ankle injury this year, carrying some bad weight. | Grade, Rank, and Pro Comparison | .css-1582m2i{margin:0;font:inherit;font-weight:700;}GRADE: 6.7 (Role Player/Part-Time Contributor — 4th Round) | COMPARABLE GRADE: Elijah Roberts, SMU (6.7 in 2025), McKinnley Jackson, Texas A&M (6.7 in 2024), Byron Young, Alabama (6.6 in 2023) | OVERALL RANK: 148 | POSITION RANK: DL12 | PRO COMPARISON: Davon Godchaux",NA,"Height: 6'1"" Weight: 327 Hand: 8⅝"" Arm: 30½"" Wingspan: N/A | 40-Yard Dash: 5.31 10-Yard Split: 1.84 3-Cone: N/A Shuttle: N/A Vertical: 30"" Broad: 8'4""","6.7 (Role Player/Part-Time Contributor — 4th Round)","Elijah Roberts, SMU (6.7 in 2025), McKinnley Jackson, Texas A&M (6.7 in 2024), Byron Young, Alabama (6.6 in 2023)","148","DL12","Davon Godchaux","6'1"" Weight: 327 Hand: 8⅝"" Arm: 30½"" Wingspan: N/A","327 Hand: 8⅝"" Arm: 30½"" Wingspan: N/A",NA,NA,"N/A","5.31 10-Yard Split: 1.84 3-Cone: N/A Shuttle: N/A Vertical: 30"" Broad: 8'4""","1.84 3-Cone: N/A Shuttle: N/A Vertical: 30"" Broad: 8'4""","30"" Broad: 8'4""","8'4""","N/A Shuttle: N/A Vertical: 30"" Broad: 8'4""","N/A Vertical: 30"" Broad: 8'4""",NA
"110","https://bleacherreport.com/articles/25294690-nfl-draft-2026-scouting-report-connecticut-wr-skyler-bell","NFL Draft 2026 Scouting Report for Connecticut WR Skyler Bell","NFL Draft 2026 Scouting Report for Connecticut WR Skyler Bell","Skyler Bell",NA,"- Bell is a good route runner who creates natural separation from defenders. He uses hard/quick plants and cuts to lose his defensive back and get into an open window. He is effective at stacking and leaning the defender in the opposite direction of his intended breaking point. | - He has good stop/start ability to sell and execute double moves. Good short area quickness to operate out of the slot on choice/option routes. He displays a high football IQ, reading defensive leverage well post-snap. | - He attacks zone coverages with patience, reading the depth of the defender's drop before settling into the void. Bell works well on crossers and mesh concepts, where he can make the catch before transitioning into a runner. | - After the catch, Bell displays the foot quickness and agility to make defenders miss in a phone booth. His lateral movement skills and wiggle make him difficult to track down in the open field. | - Effectiveness on slot fades and vertical routes. With a two-way go, Bell puts defensive backs in conflict with his suddenness and foot speed at the line of scrimmage to get past them quickly.","- Bell's frame is slender and lean without much muscle mass. After the catch, he lacks the physicality to break away from defenders if his elusiveness fails. | - Play strength average at best. At the line of scrimmage, UConn's best receiver can struggle to detach from press-man coverage. Physical corners can slow down his route momentum with early contact in his release. | - He must develop a consistent approach against press alignment. His release can be elongated, taking up too much time. He freelances and spends too much time on route fakes instead of being deliberate with every step. | - Playing through contact is not one of Bell's shining traits. Physicality and contact impede his timing and disrupt his process overall. In contested situations, his effectiveness dips noticeably when he is contacted by a defender. On shallow crossers, underneath zone defenders can easily push him off his route path.",NA,"Height: 6'0"" Weight: 192 HAND: 10"" Arm: 31 ⅛"" | 40-Yard DASH: 4.4"" Vertical Jump: 41"" Broad Jump: 11'1"" 3-Cone Drill: N/A 20-Yard Shuttle: N/A Bench Press: N/A","7.5 (Key Contributor— 2nd Round)","Jamari Thrash (6.9 in 2024), Malik Washington (6.9 in 2024), Devontez Walker (6.8 in 2024)","62","WR12","Jayden Reed","6'0"" Weight: 192 HAND: 10"" Arm: 31 ⅛""","192 HAND: 10"" Arm: 31 ⅛""",NA,NA,NA,NA,NA,NA,NA,NA,"N/A Bench Press: N/A",NA
"111","https://bleacherreport.com/articles/25324593-nfl-draft-2026-scouting-report-texas-tech-lb-jacob-rodriguez","NFL Draft 2026 Scouting Report for Texas Tech LB Jacob Rodriguez","NFL Draft 2026 Scouting Report for Texas Tech LB Jacob Rodriguez","Jacob Rodriguez",NA,"- Great production over the last two seasons. | - Good instincts against the run to quickly key and diagnose plays, putting himself in positions to make tackles for short gains. | - Sifts through trash and mirrors running backs well. | - Solid lateral movement skills to make offensive linemen miss in space. | - Decent tackler who wraps up and brings his feet with him. Also has decent pad level. | - Has mastered the ""Peanut Punch"" to create turnovers, evidenced by his 13 career forced fumbles. | - Good at recognizing play-action passes and has solid hip fluidity to turn and ROBOT, also showing a decent ability to locate threats when ROBOTing. | - Impressive ability to track the ball and has good hands for a linebacker to get interceptions. Wide receiver/tight end background helps him here.","- Rodriguez lacks the ideal height and has shorter arms for an NFL linebacker. | - Combination of arm length and below-average strength limits his extension and leads to him getting stuck on blocks from offensive linemen. | - Also doesn't have much knockback power when coming downhill, either when taking on blocks or making tackles against bigger running backs. The latter can lead to extra yards after contact. | - Struggles to anchor when taking on blocks from offensive linemen. | - Subpar speed, limiting his sideline-to-sideline range and making him a liability when playing Tampa 2. His 40-time at the combine doens't always show up on film. | - Eye discipline and awareness in zone coverage are lacking, too often he leaves threats open in his area and covers grass. | Grade, Rank, and Pro Comparison | .css-1582m2i{margin:0;font:inherit;font-weight:700;}GRADE: 7.3 (High-Level Backup/Starter Upside — 3rd Round) | COMPARABLE GRADE: Demetrius Knight Jr., South Carolina (7.2 in 2025), Edgerrin Cooper, Texas A&M (7.3 in 2024), Brandon Smith, Penn State (7.3 in 2022) | OVERALL RANK: 78 | POSITION RANK: LB7 | PRO COMPARISON: Jack Sanborn",NA,"Height: 6'1"" Weight: 231 Hand: 9¼"" Arm: 30⅞"" Wingspan: N/A | 40-Yard Dash: 4.57 10-Yard Split: 1.60 3-Cone: 6.90 Shuttle: 4.19 Vertical: 38.5 Broad: 10'1""","7.3 (High-Level Backup/Starter Upside — 3rd Round)","Demetrius Knight Jr., South Carolina (7.2 in 2025), Edgerrin Cooper, Texas A&M (7.3 in 2024), Brandon Smith, Penn State (7.3 in 2022)","78","LB7","Jack Sanborn","6'1"" Weight: 231 Hand: 9¼"" Arm: 30⅞"" Wingspan: N/A","231 Hand: 9¼"" Arm: 30⅞"" Wingspan: N/A",NA,NA,"N/A","4.57 10-Yard Split: 1.60 3-Cone: 6.90 Shuttle: 4.19 Vertical: 38.5 Broad: 10'1""","1.60 3-Cone: 6.90 Shuttle: 4.19 Vertical: 38.5 Broad: 10'1""","38.5 Broad: 10'1""","10'1""","6.90 Shuttle: 4.19 Vertical: 38.5 Broad: 10'1""","4.19 Vertical: 38.5 Broad: 10'1""",NA
"112","https://bleacherreport.com/articles/25295941-nfl-draft-2026-scouting-report-arizona-state-ot-max-iheanachor","NFL Draft 2026 Scouting Report for Arizona State OT Max Iheanachor","NFL Draft 2026 Scouting Report for Arizona State OT Max Iheanachor","Max Iheanachor",NA,"— Loose, fluid mover out of his stance to reach landmarks on time. | — Excels at closing space and walling off defenders on down-blocks and double-team feeds. | — Active inside hand in pass protection with the redirect skills to cut off inside counters. | — Raw but has an intriguing size/athleticism combo without many ingrained bad habits to detangle.","— Raw, unintentional footwork on drive-blocks saps his power and leads erratic sustain skills. | — Lapses in spatial awareness and timing leave him out of sync within the intent of the play. | — Shaky anchor due to passivity and late, wide hand-placement causes him to 'catch' too many blocks and concede ground initially. | — Pass protection consistency significantly drops off against widely-aligned rushers that force him onto an island.",".css-1582m2i{margin:0;font:inherit;font-weight:700;}GRADE: 7.4 (High-Level Backup/Starter Upside — 3rd Round) | COMPARABLE GRADE: Kiran Amegadjie (6.4 in 2024), Nicholas Petit-Frere (7.2 in 2022), Spencer Brown (7.5 in 2021) | OVERALL RANK: 67 | POSITION RANK: OT6 | PRO COMPARISON: Yosh Nijman | TOP NEWS | NFL Not Investigating Mike Vrabel | Jeremiyah Love on Giants' Radar | Mock NFL Expansion Draft 📋","Height: 6'6"" Weight: 321 Length: 33 ⅞"" Hand: 9"" | 40-Yard Dash: 4.91 10-Yard Split: 1.73 Vertical: 30 ½"" Broad: 9'7"" Shuttle: NA 3-Cone: NA Bench: 25","7.4 (High-Level Backup/Starter Upside — 3rd Round)","Kiran Amegadjie (6.4 in 2024), Nicholas Petit-Frere (7.2 in 2022), Spencer Brown (7.5 in 2021)","67","OT6","Yosh Nijman","6'6"" Weight: 321 Length: 33 ⅞"" Hand: 9""","321 Length: 33 ⅞"" Hand: 9""",NA,NA,NA,"4.91 10-Yard Split: 1.73 Vertical: 30 ½"" Broad: 9'7"" Shuttle: NA 3-Cone: NA Bench: 25","1.73 Vertical: 30 ½"" Broad: 9'7"" Shuttle: NA 3-Cone: NA Bench: 25","30 ½"" Broad: 9'7"" Shuttle: NA 3-Cone: NA Bench: 25","9'7"" Shuttle: NA 3-Cone: NA Bench: 25","NA Bench: 25","NA 3-Cone: NA Bench: 25","25"
"113","https://bleacherreport.com/articles/25248553-nfl-draft-2026-scouting-report-penn-state-qb-drew-allar","NFL Draft 2026 Scouting Report for Penn State QB Drew Allar","NFL Draft 2026 Scouting Report for Penn State QB Drew Allar","Drew Allar",NA,"- Allar has immense strength, generating outstanding velocity and RPMs on those with little to no effort. | - Is capable of making ""wow"" throws with touch and arm strength to power the ball whereever he desires. | - He is a pocket-style quarterback who excels on drive throws and can fit passes into tight windows. | - Flashes anticipation to get the football out early and beat the coverage. | - Allar has the traditional and ideal size to sit in the pocket and survey the field for open receivers. | - He has a great competitive nature and drive, willing to put his body on the line and lower his shoulder to finish runs. | - Allar displays good touch on his throws when his base is solidified. | - He layers the ball over defenders and drops it in the bucket to his receiver in the middle of the field. | - He possesses high-end arm talent; he is a multi-speed pitcher with more than a fastball in his repertoire.","- Inconsistent mechanics continue to be an issue; he needs to refine his footwork to throw from clean and sound bases. | - His accuracy and ball placement suffer due to a lack of focus on his footwork. | - Allar needs to throw with his body aligned with his intended target for optimal ball placement. | - Mechanics go awry versus defensive pressure; he throws from a flatfooted base and doesn't step into his throws. | - Decision-making is poor under pressure; he throws off his back foot, failing to climb the pocket to evade pressure, and throws risky passes into coverage. | - Specifically struggles against the interior pressure in his face, forcing him off his spot and drifting backwards. | - Allar lacks situational awareness in late-game moments. His processing is questionable for a senior prospect. | - Chases the big, splash plays on 1st-and-10 instead of making the right read. | - If the pocket collapses, he does not offer much creativity to beat the pressure with his feet. | - Allar must improve his efficiency in making the ""lay-up"" throws. Not setting his feet leads to off-target and sloppy throws in the quick game.",NA,"Height: 6'5"" Weight: 228 HAND: 9⅞"" ARM: 32.css-13b3v7v{margin:0;font:inherit;font-size:inherit;}¾"" Wingspan: 79⅝"" | 40-YARD DASH: N/A Vertical: N/A Broad Jump: N/A 3-Cone Drill: N/A 20-Yard Shuttle: N/A Bench Press: N/A","7.09 (High-Level Backup/Starter Upside — 3rd Round)","Bo Nix (7.2 in 2024), Spencer Rattler (7.2 in 2024), Tanner McKee (7.0 in 2023)","103","QB3","Daniel Jones with Joe Flacco's arm talent","6'5"" Weight: 228 HAND: 9⅞"" ARM: 32.css-13b3v7v{margin:0;font:inherit;font-size:inherit;}¾"" Wingspan: 79⅝""","228 HAND: 9⅞"" ARM: 32.css-13b3v7v{margin:0;font:inherit;font-size:inherit;}¾"" Wingspan: 79⅝""",NA,NA,"79⅝""",NA,NA,"N/A Broad Jump: N/A 3-Cone Drill: N/A 20-Yard Shuttle: N/A Bench Press: N/A",NA,NA,"N/A Bench Press: N/A",NA
"114","https://bleacherreport.com/articles/25296059-nfl-draft-2026-scouting-report-iowa-iol-beau-stephens","NFL Draft 2026 Scouting Report for Iowa IOL Beau Stephens","NFL Draft 2026 Scouting Report for Iowa IOL Beau Stephens","Beau Stephens",NA,"— Surges off the ball with good pop during his second and third steps to uproot defenders on combination and angle-drive blocks. | — Strains and works hard to close space on blocks to sustain control and create a seal. | — Flashes necessary power on climbs against standstill targets to jolt them out of the lane. | — Has a potent snatch-trap technique to combat and flip the script against power down the middle of his frame. | — Brings a physical, chippy demeanor to deliver body blows and finish with intent.","— Light in the pants against power down the middle of his frame. | — Limited range on the move to line up shifty, slippery second-level defenders.",".css-1582m2i{margin:0;font:inherit;font-weight:700;}GRADE: 6.9 (Role Player/Part-Time Contributor — 4th Round) | COMPARABLE GRADE: Zak Zinter (6.5 in 2024), Sean Rhyan (6.4 in 2022), Jared Hocker (6.9 in 2021) | OVERALL RANK: 127 | POSITION RANK: IOL12 | PRO COMPARISON: Jarrett Patterson | TOP NEWS | Mock NFL Expansion Draft 📋 | Breaking News | Jeremiyah Love on Giants' Radar","Height: 6'5"" Weight: 315 Arm: 31 ⅛"" Hand: 9 ¼"" | 40-Yard Dash: 5.35 10-Yard Split: 1.82 Vertical: 28"" Broad: 8'6"" Shuttle: NA 3-Cone: NA Bench: NA","6.9 (Role Player/Part-Time Contributor — 4th Round)","Zak Zinter (6.5 in 2024), Sean Rhyan (6.4 in 2022), Jared Hocker (6.9 in 2021)","127","IOL12","Jarrett Patterson","6'5"" Weight: 315 Arm: 31 ⅛"" Hand: 9 ¼""","315 Arm: 31 ⅛"" Hand: 9 ¼""",NA,NA,NA,"5.35 10-Yard Split: 1.82 Vertical: 28"" Broad: 8'6"" Shuttle: NA 3-Cone: NA Bench: NA","1.82 Vertical: 28"" Broad: 8'6"" Shuttle: NA 3-Cone: NA Bench: NA","28"" Broad: 8'6"" Shuttle: NA 3-Cone: NA Bench: NA","8'6"" Shuttle: NA 3-Cone: NA Bench: NA","NA Bench: NA","NA 3-Cone: NA Bench: NA","NA"
"115","https://bleacherreport.com/articles/25274674-nfl-draft-2026-scouting-report-washington-rb-jonah-coleman","NFL Draft 2026 Scouting Report for Washington RB Jonah Coleman","NFL Draft 2026 Scouting Report for Washington RB Jonah Coleman","Jonah Coleman",NA,"- Coleman's contact balance is one of his best traits. He uses that bowling ball frame to his advantage, absorbing and pinballing off initial contact. The Huskies' RB1 is hard to tackle and possesses the leg strength to stay on his feet. | - He runs with patience and vision. Coleman's eyes and feet are paired together to find and hit open lanes quickly and with intent. He follows the lead blockers to maximize his offensive line's efforts. He sets defenders up with subtle movements as he presses the line of scrimmage. Coleman's feet never stop moving as he's searching for space to work. | - Gaining yards after contact is where he excels. Coleman's lateral footwork and frame density make it difficult for opponents to execute arm tackles. He possesses lateral cuts to force missed tackles and the run physicality to power through defenders for more yards. | - Coleman offers value on passing downs as both a functional receiving option and in pass protection. He catches the ball well as an underneath/check-down receiver out of the backfield. The former 3-star recruit is a reliable pass protector. He is fearless, stepping up in the pocket to take on free runners.","- Top-end speed is average at best. Coleman lacks the open-field speed to generate explosive plays and pull away from pursuing defenders. He will get caught from behind. | - Coleman is not an explosive athlete. He will not burst past first and second-level defenders in proximity. He wins with patience and the craftiness of letting his blocks set up and spring him into daylight. | - He is not a weapon out of the backfield as a pass catcher. His best work will be underneath and on shallow routes. Coleman does not possess a well-rounded route tree to attack the defense. | Grade, Rank, and Pro Comparison | .css-1582m2i{margin:0;font:inherit;font-weight:700;}GRADE: 6.7 (Role Player/Part-Time Contributor — 4th Round) | COMPARABLE GRADE: Tyler Allgeier (7.2 in 2022), Rachaad White (7.4 in 2022), Kenneth Gainwell (7.4 in 2021) | OVERALL RANK: 127 | POSITION RANK: RB6 | PRO COMPARISON: Mike Davis",NA,"Height: 5'9"" Weight: 220 HAND: 9⅛ Arm: 28 ⅞"" | Vertical Jump: N/A 40-Yard DASH: N/A Broad Jump: N/A 3-Cone Drill: N/A 20-Yard Shuttle: N/A Bench Press: N/A","6.7 (Role Player/Part-Time Contributor — 4th Round)","Tyler Allgeier (7.2 in 2022), Rachaad White (7.4 in 2022), Kenneth Gainwell (7.4 in 2021)","127","RB6","Mike Davis","5'9"" Weight: 220 HAND: 9⅛ Arm: 28 ⅞""","220 HAND: 9⅛ Arm: 28 ⅞""",NA,NA,NA,NA,NA,NA,NA,NA,"N/A Bench Press: N/A",NA
"116","https://bleacherreport.com/articles/25263640-nfl-draft-2026-scouting-report-boston-college-iol-logan-taylor","NFL Draft 2026 Scouting Report for Boston College IOL Logan Taylor","NFL Draft 2026 Scouting Report for Boston College IOL Logan Taylor","Logan Taylor",NA,"— Broad frame with a thick, well-rounded build, good arm length and large hands. | — Sturdy presence at the point of attack with good power to create displacement during base, down and kick-out blocks. | — Plays with a flat-back posture and patient hands in pass protection to stay inside-out against stutters and set-up moves. | — Delivers a tight, jarring punch with a potent double-under technique to create lift in his anchor.","— Average athletic ability with an upright playing style. | — Base will widen when bull-rushed, leaving Taylor vulnerable to getting overextended by the push-pull technique. | — Middling lateral quickness leaves him tardy to redirect and widen defenders off his edges.",".css-1582m2i{margin:0;font:inherit;font-weight:700;}GRADE: 6.7 (Role Player/Part-Time Contributor - Round 4) | COMPARABLE GRADE: Isaiah Adams (7.2 in 2024), Delmar Glaze (6.7 in 2024), William Sherman (6.8 in 2021) | OVERALL RANK: 143 | POSITION RANK: IOL14 | PRO COMPARISON: Brandon Linder | TOP NEWS | Mock NFL Expansion Draft 📋 | Report: Falcons, Jags Make DT Trade | Every Team's Ideal 1st-Round Pick 👌","Height: 6'7"" Weight: 314 Arm: 33 ⅞"" Hand: 10 ½"" | 40-Yard Dash: 5.19 10-Yard Split: 1.82 Vertical: 31"" Broad: 9'0"" Shuttle: 4.84 3-Cone: 7.75 Bench: NA","6.7 (Role Player/Part-Time Contributor - Round 4)","Isaiah Adams (7.2 in 2024), Delmar Glaze (6.7 in 2024), William Sherman (6.8 in 2021)","143","IOL14","Brandon Linder","6'7"" Weight: 314 Arm: 33 ⅞"" Hand: 10 ½""","314 Arm: 33 ⅞"" Hand: 10 ½""",NA,NA,NA,"5.19 10-Yard Split: 1.82 Vertical: 31"" Broad: 9'0"" Shuttle: 4.84 3-Cone: 7.75 Bench: NA","1.82 Vertical: 31"" Broad: 9'0"" Shuttle: 4.84 3-Cone: 7.75 Bench: NA","31"" Broad: 9'0"" Shuttle: 4.84 3-Cone: 7.75 Bench: NA","9'0"" Shuttle: 4.84 3-Cone: 7.75 Bench: NA","7.75 Bench: NA","4.84 3-Cone: 7.75 Bench: NA","NA"
"117","https://bleacherreport.com/articles/25326612-nfl-draft-2026-scouting-report-oregon-cb-jadon-canady","NFL Draft 2026 Scouting Report for Oregon CB Jadon Canady","NFL Draft 2026 Scouting Report for Oregon CB Jadon Canady","Jadon Canady",NA,"— Canady's biggest weapon is his versatility to play anywhere in the defensive backfield and whatever coverage is asked of him. His experience as a boundary corner in the past pops off the screen when aligned as a nickel. | — The 5'10"", 181-pound defensive back may be undersized, but he plays bigger and brings a lot of energy. He's physical in man coverage and at the top of routes to throw off timing and stay in phase to impact the play. | — He reads out and recognizes plays quickly in off coverage while using speed and fluid hips to get in the proper position. He triggers downhill quickly and tries to dislodge any ball from the hands of pass catchers. | — The ball skills are there, and the timing to impact the catch point matches. He uses what length he has to swipe or chop at the football while tracking it well downfield.","— Canady is an undersized defender who consistently triggers to the football, but his tackling angles with high and low attack points on the ball carrier see him miss a lot of tackles. | — He tends to be overly aggressive and will open up quickly in man coverage and trigger on manipulation tactics from receivers, leaving him susceptible to double moves and release packages. | — While a willing participant as a downhill defender, he struggles to get off blocks and resorts to undercutting offensive linemen. He can be attacked in the run game.",".css-1582m2i{margin:0;font:inherit;font-weight:700;}GRADE: 7.0 (High-Level Backup/Starter Upside — Third Round) | COMPARABLE GRADE: CB Jermari Harris, Iowa (6.9 in 2025), CB Mike Sainristil, Michigan (6.9 in 2024), CB Rejzohn Wright, Oregon State (6.9 in 2023) | OVERALL RANK: 106 | POSITION RANK: CB16 | PRO COMPARISON: Jourdan Lewis | TOP NEWS | Every Team's Ideal 1st-Round Pick 👌 | Report: Falcons, Jags Make DT Trade | Brissett Wants Starter Money","Height: 5'10 ½"" Weight: 181 Hand Size: 9 ¼"" Arm Length: 30"" Wingspan: N/A 40-yard dash: N/A 10-yard split: N/A Vertical: N/A Broad: N/A 3 cone: N/A Shuttle: N/A Bench: N/A","7.0 (High-Level Backup/Starter Upside — Third Round)","CB Jermari Harris, Iowa (6.9 in 2025), CB Mike Sainristil, Michigan (6.9 in 2024), CB Rejzohn Wright, Oregon State (6.9 in 2023)","106","CB16","Jourdan Lewis","5'10 ½"" Weight: 181 Hand Size: 9 ¼"" Arm Length: 30"" Wingspan: N/A 40-yard dash: N/A 10-yard split: N/A Vertical: N/A Broad: N/A 3 cone: N/A Shuttle: N/A Bench: N/A","181 Hand Size: 9 ¼"" Arm Length: 30"" Wingspan: N/A 40-yard dash: N/A 10-yard split: N/A Vertical: N/A Broad: N/A 3 cone: N/A Shuttle: N/A Bench: N/A","9 ¼"" Arm Length: 30"" Wingspan: N/A 40-yard dash: N/A 10-yard split: N/A Vertical: N/A Broad: N/A 3 cone: N/A Shuttle: N/A Bench: N/A","30"" Wingspan: N/A 40-yard dash: N/A 10-yard split: N/A Vertical: N/A Broad: N/A 3 cone: N/A Shuttle: N/A Bench: N/A","N/A 40-yard dash: N/A 10-yard split: N/A Vertical: N/A Broad: N/A 3 cone: N/A Shuttle: N/A Bench: N/A",NA,NA,"N/A Broad: N/A 3 cone: N/A Shuttle: N/A Bench: N/A","N/A 3 cone: N/A Shuttle: N/A Bench: N/A",NA,"N/A Bench: N/A","N/A"
"118","https://bleacherreport.com/articles/25316051-nfl-draft-2026-scouting-report-houston-te-tanner-koziol","NFL Draft 2026 Scouting Report for Houston TE Tanner Koziol","NFL Draft 2026 Scouting Report for Houston TE Tanner Koziol","Tanner Koziol",NA,"— Koziol is an offensive weapon with mismatch potential wherever he's lined up. He's a smooth mover who uses route intention and manipulation tactics to move defenders. | — The 6'7"", 250-pound TE manipulates space and uses his natural height advantage to pluck the ball out of the air and over defenders. He attacks the ball with good timing and strong hands away from his frame. | — At the top of routes, he uses head fakes and body intention to force defenders to hesitate in space and give him quick separation. He uses his hands throughout his route stem to keep defenders at bay and to stay on course. | — His strong hands allow him to catch the ball through contact and with defenders crowding his space. The catch radius is impressive to go with his excellent ball skills.","—Koziol doesn't offer much upside as an in-line tight end with his poor natural leverage, wide base at the point of attack, and inability to anchor. Adding more functional strength and attacking with his hands can help his overall technique. | — Adding more physicality to his game in every phase will positively change the impact he can have on an every-down basis, from staying on blocks to breaking tackles. | — He lacks explosive movements in his routes and after the catch, limiting his ability to detach from technically sound defenders. He will need to keep adding manipulation tactics to create separation against man coverage at the next level.",".css-1582m2i{margin:0;font:inherit;font-weight:700;}GRADE: 6.5 (Role Player/Part-Time Contributor — 4th Round) | COMPARABLE GRADE: TE Jalin Conyers, Texas Tech (6.4 in 2025), TE AJ Barner, Michigan (6.4 in 2024), TE Brenton Strange, Penn State (6.5 in 2023) | OVERALL RANK: 169 | POSITION RANK: TE17 | PRO COMPARISON: Nuanced Ryan Griffin | TOP NEWS | NFL Not Investigating Mike Vrabel | Jeremiyah Love on Giants' Radar | Mock NFL Expansion Draft 📋","Height: 6'6 ½"" Weight: 247 Hand Size: 9 ¾"" Arm Length: 33 ¾' Wingspan: N/A 40-yard dash: 4.7 10-yard split: 1.63 Vertical: 36.5"" Broad: 10'2"" 3 cone: N/A Shuttle: N/A Bench: N/A","6.5 (Role Player/Part-Time Contributor — 4th Round)","TE Jalin Conyers, Texas Tech (6.4 in 2025), TE AJ Barner, Michigan (6.4 in 2024), TE Brenton Strange, Penn State (6.5 in 2023)","169","TE17","Nuanced Ryan Griffin","6'6 ½"" Weight: 247 Hand Size: 9 ¾"" Arm Length: 33 ¾' Wingspan: N/A 40-yard dash: 4.7 10-yard split: 1.63 Vertical: 36.5"" Broad: 10'2"" 3 cone: N/A Shuttle: N/A Bench: N/A","247 Hand Size: 9 ¾"" Arm Length: 33 ¾' Wingspan: N/A 40-yard dash: 4.7 10-yard split: 1.63 Vertical: 36.5"" Broad: 10'2"" 3 cone: N/A Shuttle: N/A Bench: N/A","9 ¾"" Arm Length: 33 ¾' Wingspan: N/A 40-yard dash: 4.7 10-yard split: 1.63 Vertical: 36.5"" Broad: 10'2"" 3 cone: N/A Shuttle: N/A Bench: N/A","33 ¾' Wingspan: N/A 40-yard dash: 4.7 10-yard split: 1.63 Vertical: 36.5"" Broad: 10'2"" 3 cone: N/A Shuttle: N/A Bench: N/A","N/A 40-yard dash: 4.7 10-yard split: 1.63 Vertical: 36.5"" Broad: 10'2"" 3 cone: N/A Shuttle: N/A Bench: N/A",NA,NA,"36.5"" Broad: 10'2"" 3 cone: N/A Shuttle: N/A Bench: N/A","10'2"" 3 cone: N/A Shuttle: N/A Bench: N/A",NA,"N/A Bench: N/A","N/A"
"119","https://bleacherreport.com/articles/25283754-nfl-draft-2026-scouting-report-mississippi-state-wr-brenen-thompson","NFL Draft 2026 Scouting Report for Mississippi State WR Brenen Thompson","NFL Draft 2026 Scouting Report for Mississippi State WR Brenen Thompson","Brenen Thompson",NA,"- Thompson easily takes the top of the defense with his elite deep speed. He has the acceleration to shift gears and keep cornerbacks on their toes. Whether facing press man or zone coverage, he is a threat to get over the top in a hurry. His acceleration is electric and instantaneous. | - The former 4-star recruit is a gifted stop/start mover. He decelerates and recelerates with great suddenness to make the defense pay if caught napping. Thompson is effective at running double moves like stutter-and-go, out-and-up, etc. | - He is a fluid mover with great change-of-direction ability. This shows up in his route running. Thompson will break off his route suddenly to generate enough space for his quarterback. After the catch, he makes defenders miss with his lateral agility. | - Thompson displays the movement skills and release intelligence to defeat press corners quickly. His use of the hands helps clear the corners of his hands in the contact window, creating easier paths into his routes. His lateral agility and short-area quickness make it difficult for corners to land their punches and to reroute him. | - Mississippi State's leading receiver uses the fear of his speed wisely. Selling the vertical routes and pushing the cornerback up the field, opening a pocket to sink into on hitches, curls, and comeback routes.","- Thompson is good about being hard to touch at the line of scrimmage. If bigger corners get their hands on him, route timing will be disrupted. Winning early in reps or being aligned off the ball will be critical for his NFL success against man coverage. | - He is a smaller wide receiver with limited mass on his frame. This can lead to injuries and questions regarding his ability to hold up at the next level. | - Mississippi State's top pass-catcher's limited frame creates other issues with playing through contact and winning contested catches. He has a small catch radius and will struggle to pluck the ball with a cornerback in his hip pocket. | - Thompson gives high effort in the run game as a blocker. His blocks are not sustainable due to his frame and lack of ideal play strength. Teams should stray away from using him as a lead blocker on the perimeter; defenders will overpower him at the POA. Potentially blowing up the progress of the play design.",NA,"Height: 5'9"" Weight: 164 HAND: 9"" Arm: 29 ⅜"" Vertical Jump: N/A 40-Yard DASH: 4.26"" Broad Jump: N/A 3-Cone Drill: N/A 20-Yard Shuttle: N/A Bench Press: N/A","6.88 (Role Player/Part-Time Contributor — 4th Round)","Jamari Thrash (6.9 in 2024), Malik Washington (6.9 in 2024), Devontez Walker (6.8 in 2024)","134","WR21","Shades of Tank Dell","5'9"" Weight: 164 HAND: 9"" Arm: 29 ⅜"" Vertical Jump: N/A 40-Yard DASH: 4.26"" Broad Jump: N/A 3-Cone Drill: N/A 20-Yard Shuttle: N/A Bench Press: N/A","164 HAND: 9"" Arm: 29 ⅜"" Vertical Jump: N/A 40-Yard DASH: 4.26"" Broad Jump: N/A 3-Cone Drill: N/A 20-Yard Shuttle: N/A Bench Press: N/A",NA,NA,NA,NA,NA,NA,NA,NA,"N/A Bench Press: N/A",NA
"120","https://bleacherreport.com/articles/25252279-nfl-draft-2026-scouting-report-boston-college-ot-jude-bowry","NFL Draft 2026 Scouting Report for Boston College OT Jude Bowry","NFL Draft 2026 Scouting Report for Boston College OT Jude Bowry","Jude Bowry",NA,"- Twitchy, explosive mover who flies out of his stance to beat rushers to the spot while remaining square to the line of scrimmage. | - Firm anchor when his hands land inside and able to immediately clamp inside the frame of rushers. | - Shows the range and fluidity to expand his set points, widen rushers off of his edge and protect the corner on an island. | - Good burst on the move to intersect targets on screens and climbs.","- Inconsistent with positional leverage in pass protection leads to floating off of his spot into oversets, opening too soon and creating a soft inside shoulder. | - Erratic strike timing and placement results in a boom-or-bust element to his game when on an island in pass protection. | - Plays passive on angle-drive blocks looking to get into position and hold ground rather than uproot and displace, ultimately sapping his power and ability to sustain.",".css-1582m2i{margin:0;font:inherit;font-weight:700;}GRADE: 7.0 (High-Level Backup/Starter Upside - 3rd Round) | COMPARABLE GRADE: Marcus Mbow (7.3 in 2025), Blake Fisher (6.9 in 2024), Carter Warren (7.0 in 2023) | OVERALL RANK: 117 | POSITION RANK: OT11 | PRO COMPARISON: Austin Jackson | TOP NEWS | Report: Falcons, Jags Make DT Trade | Brissett Wants Starter Money | Every Team's Ideal 1st-Round Pick 👌","Height: 6'5"" Weight: 314 Arm: 33 ¾"" Hand: 10 ¾"" | 40-Yard Dash: 5.08 10-Yard Split: 1.75 Vertical: 34 ½"" Broad: 9'7"" Shuttle: NA 3-Cone: NA Bench: NA","7.0 (High-Level Backup/Starter Upside - 3rd Round)","Marcus Mbow (7.3 in 2025), Blake Fisher (6.9 in 2024), Carter Warren (7.0 in 2023)","117","OT11","Austin Jackson","6'5"" Weight: 314 Arm: 33 ¾"" Hand: 10 ¾""","314 Arm: 33 ¾"" Hand: 10 ¾""",NA,NA,NA,"5.08 10-Yard Split: 1.75 Vertical: 34 ½"" Broad: 9'7"" Shuttle: NA 3-Cone: NA Bench: NA","1.75 Vertical: 34 ½"" Broad: 9'7"" Shuttle: NA 3-Cone: NA Bench: NA","34 ½"" Broad: 9'7"" Shuttle: NA 3-Cone: NA Bench: NA","9'7"" Shuttle: NA 3-Cone: NA Bench: NA","NA Bench: NA","NA 3-Cone: NA Bench: NA","NA"
"121","https://bleacherreport.com/articles/25260751-nfl-draft-2026-scouting-report-florida-edge-tyreak-sapp","NFL Draft 2026 Scouting Report for Florida Edge Tyreak Sapp","NFL Draft 2026 Scouting Report for Florida Edge Tyreak Sapp","Tyreak Sapp",NA,"- Thick build and carries his frame well with little-to-no bad weight. | - Very good upper body strength to get extension on blocks and stand up offensive tackles. Also, Sapp is quick to get his hands up as a run defender and can knock linemen climbing to the second level off their path to help free up linebackers. | - Takes on blocks with a wide base and is hard to move one-on-one against the run. He can set the edge against tackles and create stalemates against interior offensive linemen in short-yardage situations. | - Good block recognition to avoid getting washed inside by down blocks, getting reached or get underneath pullers as the spill player in run fits. | - Quick first step and a decent rip move to help get penetration when slanting. | - Has shown flashes of being able to win as a power rusher with decent long-arm and push-pull moves.","- Not twitchy and lacks explosiveness off the line of scrimmage to threaten offensive tackles with speed as a pass-rusher. | - Subpar explosiveness and change of direction skills hinder his effectiveness at turning speed to power and when bull rushing. | - Use of hands as a pass-rusher is poor; Sapp either drops his hands, is very inaccurate or doesn't have good timing to win the hand fight against offensive tackles. | - Lacks the ideal height for an NFL defensive end and has shorter arms, which also impacts his use of hands and allows offensive linemen to make the first significant contact. | - Could afford to be more violent when shedding to get off blocks. | Grade, Rank, and Pro Comparison | .css-1582m2i{margin:0;font:inherit;font-weight:700;}GRADE: 6.8 (Role Player/Part-Time Contributor — 4th Round) | COMPARABLE GRADE: Ashton Gillotte, Louisville (6.8 in 2025), Adisa Isaac, Penn State (6.8 in 2024), KJ Henry, Clemson (6.8 in 2023) | OVERALL RANK: 155 | POSITION RANK: EDGE15 | PRO COMPARISON: Sawed-off Michael Clemons",NA,"Height: 6'2"" Weight: 273 Hand: 9½"" Arm: 32"" Wingspan: N/A | 40-Yard Dash: N/A 10-Yard Split: N/A 3-Cone: N/A Shuttle: N/A Vertical: N/A Broad: N/A","6.8 (Role Player/Part-Time Contributor — 4th Round)","Ashton Gillotte, Louisville (6.8 in 2025), Adisa Isaac, Penn State (6.8 in 2024), KJ Henry, Clemson (6.8 in 2023)","155","EDGE15","Sawed-off Michael Clemons","6'2"" Weight: 273 Hand: 9½"" Arm: 32"" Wingspan: N/A","273 Hand: 9½"" Arm: 32"" Wingspan: N/A",NA,NA,"N/A","N/A 10-Yard Split: N/A 3-Cone: N/A Shuttle: N/A Vertical: N/A Broad: N/A","N/A 3-Cone: N/A Shuttle: N/A Vertical: N/A Broad: N/A","N/A Broad: N/A","N/A","N/A Shuttle: N/A Vertical: N/A Broad: N/A","N/A Vertical: N/A Broad: N/A",NA
"122","https://bleacherreport.com/articles/25252270-nfl-draft-2026-scouting-report-boise-state-ot-kage-casey","NFL Draft 2026 Scouting Report for Boise State OT Kage Casey","NFL Draft 2026 Scouting Report for Boise State OT Kage Casey","Kage Casey",NA,"- Good play strength with a stiff punch and strong core to brace and anchor on command. | - Good hand placement using a high-low clamp or double-under to quickly latch rushers once they're within reach. | - Does a good job lining up and digging out defenders on angle-drive blocks and covering up and pinning defenders on down blocks to solidify lanes off of his backside. | - Takes good angles with the right timing and tempo on the move to intersect targets. | - Sawed off build but understands how to play long to maximize his length.","- Shows some stiffness in his lower half that results in adequate recovery skills. | - Will float off of his spot in pass protection when facing tempo or lag time between contact, creating creases for penetrators on stunts and a soft inside shoulder against counters. | - Upright playing style with a sawed off build can make it a chore for him to regain leverage and control defenders through the whistle once they get on his edges. | - Struggled to find consistency during practice at the Senior Bowl.",".css-1582m2i{margin:0;font:inherit;font-weight:700;}GRADE: 6.8 (Role Player/Part-Time Contributor - 4th Round) | COMPARABLE GRADE: Wyatt Milum (7.1 in 2025), Ozzy Trapillo (7.4 in 2025), Luke Goedeke (7.3 in 2022) | OVERALL RANK: 135 | POSITION RANK: OT13 | PRO COMPARISON: Wyatt Milum | TOP NEWS | Breaking News | Jeremiyah Love on Giants' Radar | Mock NFL Expansion Draft 📋","Height: 6'6"" Weight: 310 Arm: 32 ¾"" Hand: 10 ¼"" | 40-Yard Dash: 5.2 10-Yard Split: 1.85 Vertical: NA Broad: NA Shuttle: NA 3-Cone: 8.01 Bench: NA","6.8 (Role Player/Part-Time Contributor - 4th Round)","Wyatt Milum (7.1 in 2025), Ozzy Trapillo (7.4 in 2025), Luke Goedeke (7.3 in 2022)","135","OT13","Wyatt Milum","6'6"" Weight: 310 Arm: 32 ¾"" Hand: 10 ¼""","310 Arm: 32 ¾"" Hand: 10 ¼""",NA,NA,NA,"5.2 10-Yard Split: 1.85 Vertical: NA Broad: NA Shuttle: NA 3-Cone: 8.01 Bench: NA","1.85 Vertical: NA Broad: NA Shuttle: NA 3-Cone: 8.01 Bench: NA","NA Broad: NA Shuttle: NA 3-Cone: 8.01 Bench: NA","NA Shuttle: NA 3-Cone: 8.01 Bench: NA","8.01 Bench: NA","NA 3-Cone: 8.01 Bench: NA","NA"
"123","https://bleacherreport.com/articles/25358964-nfl-draft-2026-scouting-report-texas-s-michael-taaffe","NFL Draft 2026 Scouting Report for Texas S Michael Taaffe","NFL Draft 2026 Scouting Report for Texas S Michael Taaffe","Michael Taaffe",NA,"— Taaffe is an excellent communicator in the defense pre- and post-snap. He lines up his teammates, passes off routes, and handles motions with ease. He's a leader on and off the field, and it shows. | — Smooth backpedal and change of direction athletic ability shows up every snap with his quarterback mirroring and handling of defensive rotations. He's a well-studied player who excels at handling zone-matching concepts. | — The 6'0"", 189-pound safety keeps his head on a swivel and navigates traffic underneath as a robber or nickel well while recognizing route concepts from a single-high or two-high alignment. | — He possesses an excellent work ethic and will bring an added special teams floor with over 500 special teams snaps in his collegiate career. He's a glue guy.","— Taaffe struggles to tackle one-on-one in space, and with his size, doesn't have the consistency to drive through powerful runners. He overruns pursuit angles in the box, which creates easy-to-break arm tackles. | — He lacks recovery speed when beaten downfield and in man coverage; that translates to his range as a post safety and trigger downhill. | — Not an overly explosive mover, he needs to rely on anticipation and the quarterback's eyes to take him to the ball, and his instincts are still a work in progress. | — While he recognizes run concepts well and isn't afraid to mix it up in the box, he lacks the physicality to contribute in the run game. He gets swallowed up by blocks and falls to the ground too often.",".css-1582m2i{margin:0;font:inherit;font-weight:700;}GRADE: 6.5 (Role Player/Part-Time Contributor — 4th Round) | COMPARABLE GRADE: CB Jabbar Muhammad, Oregon (6.5 in 2025), S Tykee Smith, Georgia (6.5 in 2024), S Jay Ward, LSU (6.5 in 2023) | OVERALL RANK: 178 | POSITION RANK: S15 | PRO COMPARISON: Julian Blackmon | TOP NEWS | NFL Not Investigating Mike Vrabel | Jeremiyah Love on Giants' Radar | Mock NFL Expansion Draft 📋","Height: 5'11 ⅞"" Weight: 190 Hand Size: 9 ⅜"" Arm Length: 29 ¼"" Wingspan: N/A 40-yard dash: 4.5 10-yard split: 1.58 Vertical: N/A Broad: N/A 3 cone: N/A Shuttle: N/A Bench: N/A","6.5 (Role Player/Part-Time Contributor — 4th Round)","CB Jabbar Muhammad, Oregon (6.5 in 2025), S Tykee Smith, Georgia (6.5 in 2024), S Jay Ward, LSU (6.5 in 2023)","178","S15","Julian Blackmon","5'11 ⅞"" Weight: 190 Hand Size: 9 ⅜"" Arm Length: 29 ¼"" Wingspan: N/A 40-yard dash: 4.5 10-yard split: 1.58 Vertical: N/A Broad: N/A 3 cone: N/A Shuttle: N/A Bench: N/A","190 Hand Size: 9 ⅜"" Arm Length: 29 ¼"" Wingspan: N/A 40-yard dash: 4.5 10-yard split: 1.58 Vertical: N/A Broad: N/A 3 cone: N/A Shuttle: N/A Bench: N/A","9 ⅜"" Arm Length: 29 ¼"" Wingspan: N/A 40-yard dash: 4.5 10-yard split: 1.58 Vertical: N/A Broad: N/A 3 cone: N/A Shuttle: N/A Bench: N/A","29 ¼"" Wingspan: N/A 40-yard dash: 4.5 10-yard split: 1.58 Vertical: N/A Broad: N/A 3 cone: N/A Shuttle: N/A Bench: N/A","N/A 40-yard dash: 4.5 10-yard split: 1.58 Vertical: N/A Broad: N/A 3 cone: N/A Shuttle: N/A Bench: N/A",NA,NA,"N/A Broad: N/A 3 cone: N/A Shuttle: N/A Bench: N/A","N/A 3 cone: N/A Shuttle: N/A Bench: N/A",NA,"N/A Bench: N/A","N/A"
"124","https://bleacherreport.com/articles/25263024-nfl-draft-2026-scouting-report-texas-am-rb-leveon-moss","NFL Draft 2026 Scouting Report for Texas A&M RB Le'Veon Moss","NFL Draft 2026 Scouting Report for Texas A&M RB Le'Veon Moss","Le'Veon Moss",NA,"- Gap scheme and downhill running concepts. Moss is a tough runner who excels when his shoulders are squared to the line of scrimmage, working downhill. He runs well behind his pads between the tackles. He powers through arm tackles and pushes piles with his strong leg drive. | - He has a nose for the endzone with 22 rushing touchdowns during his career. Moss is built for goal-line and short-yardage work on key downs. He has a compact build/frame to handle the physicality between the tackles. His feet rarely stop upon first contact. | - Moss has good short-area quickness and suddenness to take advantage of lanes opening quickly. He will accelerate quickly through lanes and climb into the second level of the defense. | - Moss understands how to get skinny/small to fit through a small crease at the line of scrimmage. He is a disciplined runner who stays on the designated run path. He will take what the defense gives him and get what his offensive line blocks up. | - He combines vision and patience as a runner. Moss is patient when pressing the line of scrimmage before hitting it with suddenness. He has the vision necessary for finding lanes between the tackles and adjusting his path if one gap closes.","- Moss has a high and upright running style. He consistently limits his ability to convert speed-to-power and fall forward at the point of attack. He needs to run with a lower pad level and a forward lean to dish out punishment on second- and third-level defenders. | - His top-end speed is questionable. Despite his track and field background as a sprinter, Moss' top speed does not allow him to rip off big, explosive plays down the field. He is caught from behind more times than you'd like to see. | - His balance is susceptible to shoestring and fingertip tackles. Moss has lost balance before breaking away from the defense due to inconsistent balance. If he improves this aspect of his game, it will result in bigger plays. | - Battled injuries consistently through college. | Grade, Rank, and Pro Comparison | .css-1582m2i{margin:0;font:inherit;font-weight:700;}GRADE: 6.8 (Role Player/Part-Time Contributor — 4th round) | COMPARABLE GRADE: TreVeyon Henderson (7.5 in 2025), Damien Martinez (7.4 in 2025), Trey Benson (7.4 in 2024) | OVERALL RANK: 143 | POSITION RANK: RB7 | PRO COMPARISON: Less-explosive Josh Jacobs",NA,"Height: 5'11"" Weight: 203 HAND: 9½"" Arm: 31"" Vertical Jump: N/A 40-Yard DASH: N/A Broad Jump: N/A 3-Cone Drill: N/A 20-Yard Shuttle: N/A Bench Press: N/A","6.8 (Role Player/Part-Time Contributor — 4th round)","TreVeyon Henderson (7.5 in 2025), Damien Martinez (7.4 in 2025), Trey Benson (7.4 in 2024)","143","RB7","Less-explosive Josh Jacobs","5'11"" Weight: 203 HAND: 9½"" Arm: 31"" Vertical Jump: N/A 40-Yard DASH: N/A Broad Jump: N/A 3-Cone Drill: N/A 20-Yard Shuttle: N/A Bench Press: N/A","203 HAND: 9½"" Arm: 31"" Vertical Jump: N/A 40-Yard DASH: N/A Broad Jump: N/A 3-Cone Drill: N/A 20-Yard Shuttle: N/A Bench Press: N/A",NA,NA,NA,NA,NA,NA,NA,NA,"N/A Bench Press: N/A",NA
"125","https://bleacherreport.com/articles/25354469-nfl-draft-2026-scouting-report-miami-cb-keionte-scott","NFL Draft 2026 Scouting Report for Miami CB Keionte Scott","NFL Draft 2026 Scouting Report for Miami CB Keionte Scott","Keionte Scott",NA,"— Scott makes a living triggering downhill, using his foot-speed and explosiveness to limit runs and screens. He knifes his way under and around blocks to generate negative plays. | — He plays with an aggressive mindset from the slot and a shows a willingness to not only help out in the run game but to also take on blocks. His physical presence is noticeable on a down-by-down basis. | — Gets the job done as a zone-match defender with good depth and stays responsibility sound. Scott is at his best as a shallow zone defender aligned close to the line of scrimmage. | — The 5'11"", 193-pound nickel is the class's best blitzing defensive back. He can be used as part of disguised blitzes up the middle or off the edge, thanks to excellent timing and speed toward the quarterback.","— Scott's coverage capabilities are limited, with average instincts to feel route concepts unfold and deter quarterbacks from throwing the football, resulting in lower ball production numbers. | — In man coverage, he struggles to mirror receivers' movements, opens his hips too quickly against good releases or stems and displays a slight hitch during route breaks, which creates unwanted separation. | — He looks uncomfortable turning and running with receivers, then locating the football down the field at the same time. Subpar recovery athleticism and a lack of length hinder his ability to make plays on the football at the catch point.",".css-1582m2i{margin:0;font:inherit;font-weight:700;}GRADE: 6.8 (Role Player/Part-Time Contributor - Fourth Round) | COMPARABLE GRADE: S R.J. Mickens, Clemson (6.8 in 2025), CB Ennis Rakestraw III, Missouri (6.8 in 2024), CB Jaylon Jones, Texas A&M (6.8 in 2023) | OVERALL RANK: 133 | POSITION RANK: CB19 | PRO COMPARISON: Alontae Taylor | TOP NEWS | Report: Falcons, Jags Make DT Trade | Re-Drafting Every Team's Worst Draft Pick of the Century 😡 | Every Team's Ideal 1st-Round Pick 👌","Height: 5'11 ¼"" Weight: 193 Hand Size: 9 ⅝"" Arm Length: 31 ⅜"" Wingspan: 76 ⅝"" 40-yard dash: N/A 10-yard split: N/A Vertical: N/A Broad: N/A 3 cone: N/A Shuttle: N/A Bench: N/A","6.8 (Role Player/Part-Time Contributor - Fourth Round)","S R.J. Mickens, Clemson (6.8 in 2025), CB Ennis Rakestraw III, Missouri (6.8 in 2024), CB Jaylon Jones, Texas A&M (6.8 in 2023)","133","CB19","Alontae Taylor","5'11 ¼"" Weight: 193 Hand Size: 9 ⅝"" Arm Length: 31 ⅜"" Wingspan: 76 ⅝"" 40-yard dash: N/A 10-yard split: N/A Vertical: N/A Broad: N/A 3 cone: N/A Shuttle: N/A Bench: N/A","193 Hand Size: 9 ⅝"" Arm Length: 31 ⅜"" Wingspan: 76 ⅝"" 40-yard dash: N/A 10-yard split: N/A Vertical: N/A Broad: N/A 3 cone: N/A Shuttle: N/A Bench: N/A","9 ⅝"" Arm Length: 31 ⅜"" Wingspan: 76 ⅝"" 40-yard dash: N/A 10-yard split: N/A Vertical: N/A Broad: N/A 3 cone: N/A Shuttle: N/A Bench: N/A","31 ⅜"" Wingspan: 76 ⅝"" 40-yard dash: N/A 10-yard split: N/A Vertical: N/A Broad: N/A 3 cone: N/A Shuttle: N/A Bench: N/A","76 ⅝"" 40-yard dash: N/A 10-yard split: N/A Vertical: N/A Broad: N/A 3 cone: N/A Shuttle: N/A Bench: N/A",NA,NA,"N/A Broad: N/A 3 cone: N/A Shuttle: N/A Bench: N/A","N/A 3 cone: N/A Shuttle: N/A Bench: N/A",NA,"N/A Bench: N/A","N/A"
"126","https://bleacherreport.com/articles/25361043-nfl-draft-2026-scouting-report-alabama-te-josh-cuevas","NFL Draft 2026 Scouting Report for Alabama TE Josh Cuevas","NFL Draft 2026 Scouting Report for Alabama TE Josh Cuevas","Josh Cuevas",NA,"— Cuevas exhibits the versatility to play multiple positions and execute blocks/routes from various alignments. He's a functional blocker and works to keep his hands inside and technique clean. | — A smooth route runner, he showcases manipulation tactics in off-man coverage with speed dialation, route intention, and body language. He can create space and move defenders away from his target area. | — The 6'3"", 256-pound tight end has good speed up the seam and can separate early with lateral burst and first-step quickness. He consistently looks for space post-route to become available for his quarterback. | — A reliable pass catcher, he has soft hands and tracks the ball well to all areas of the field. As soon as the pass is caught, he looks to get upfield quickly and into space to maximize yards after the catch.","— Cuevas will need to get stronger at the point of attack and maintain blocks longer to have a better in-line impact at the next level. His feet get heavy when engaged, making it easier for defenders to shed. | — Adding more physicality in his game will help as a blocker and create separation against sticky linebackers and safeties. It could lead to more broken tackles in the passing game, resulting in more yards after the catch. | — He's not the best athlete in space and often goes down on first contact. He'll need to speed up his spatial recognition against zone defenders to maximize his burst after the catch.",".css-1582m2i{margin:0;font:inherit;font-weight:700;}GRADE: 6.7 (Role Player/Part-Time Contributor — 4th Round) | COMPARABLE GRADE: TE Gunnar Helm, Texas (6.7 in 2025), TE Jared Wiley, TCU (6.6 in 2024), TE Josh Whyle, Cincinnati (6.6 in 2023) | OVERALL RANK: 140 | POSITION RANK: TE13 | PRO COMPARISON: Cade Otton | TOP NEWS | Report: Falcons, Jags Make DT Trade | Brissett Wants Starter Money | Every Team's Ideal 1st-Round Pick 👌","Height: 6'3"" Weight: 245 Hand Size: 9 ⅝"" Arm Length: 30 ⅝"" Wingspan: N/A 40-yard dash: 4.65 10-yard split: 1.65 Vertical: 34"" Broad: 9'10"" 3 cone: 7.37 Shuttle: 4.38 Bench: N/A","6.7 (Role Player/Part-Time Contributor — 4th Round)","TE Gunnar Helm, Texas (6.7 in 2025), TE Jared Wiley, TCU (6.6 in 2024), TE Josh Whyle, Cincinnati (6.6 in 2023)","140","TE13","Cade Otton","6'3"" Weight: 245 Hand Size: 9 ⅝"" Arm Length: 30 ⅝"" Wingspan: N/A 40-yard dash: 4.65 10-yard split: 1.65 Vertical: 34"" Broad: 9'10"" 3 cone: 7.37 Shuttle: 4.38 Bench: N/A","245 Hand Size: 9 ⅝"" Arm Length: 30 ⅝"" Wingspan: N/A 40-yard dash: 4.65 10-yard split: 1.65 Vertical: 34"" Broad: 9'10"" 3 cone: 7.37 Shuttle: 4.38 Bench: N/A","9 ⅝"" Arm Length: 30 ⅝"" Wingspan: N/A 40-yard dash: 4.65 10-yard split: 1.65 Vertical: 34"" Broad: 9'10"" 3 cone: 7.37 Shuttle: 4.38 Bench: N/A","30 ⅝"" Wingspan: N/A 40-yard dash: 4.65 10-yard split: 1.65 Vertical: 34"" Broad: 9'10"" 3 cone: 7.37 Shuttle: 4.38 Bench: N/A","N/A 40-yard dash: 4.65 10-yard split: 1.65 Vertical: 34"" Broad: 9'10"" 3 cone: 7.37 Shuttle: 4.38 Bench: N/A",NA,NA,"34"" Broad: 9'10"" 3 cone: 7.37 Shuttle: 4.38 Bench: N/A","9'10"" 3 cone: 7.37 Shuttle: 4.38 Bench: N/A",NA,"4.38 Bench: N/A","N/A"
"127","https://bleacherreport.com/articles/25253272-nfl-draft-2026-scouting-report-iowa-c-logan-jones","NFL Draft 2026 Scouting Report for Iowa C Logan Jones","NFL Draft 2026 Scouting Report for Iowa C Logan Jones","Logan Jones",NA,"— Very good initial quickness and burst to close space and establish first meaningful contact on defenders in the zone run game and on back blocks. | — Can hook shades, complete overtakes on combination blocks and transition into the drive-phase late in the rep to steer and widen defenders out of lanes. | — Takes adequate angles on climbs but closes space very quickly to square up, latch and steer slow-trigger backers away from the ball. | — Fluidly shifts his weight and redirects to mirror and slow down counter moves across his face. | — Can work his way around power moves in pass protection using jump sets to eliminate the rusher's runway, gain quick control and die slowly in his anchor.","— Below average mass, length and play strength leave him routinely stalemated and pried open on base blocks. | — Will get lifted, pressed and walked back in his anchor against the bull-rush from head-up rushers.",".css-1582m2i{margin:0;font:inherit;font-weight:700;}GRADE: 6.5 (Role Player/Part-time Contributor - 4th Round) | COMPARABLE GRADE: Matthew Lee (6.6 in 2024), Luke Wypler (6.6 in 2023), Jarrett Patterson (6.8 in 2023) | OVERALL RANK: 170 | POSITION RANK: IOL20 | PRO COMPARISON: Diet Coke Tyler Linderbaum | TOP NEWS | Report: Falcons, Jags Make DT Trade | Every Team's Ideal 1st-Round Pick 👌 | Re-Drafting Every Team's Worst Draft Pick of the Century 😡","Height: 6'3"" Weight: 299 Arm: 30 ¾"" Hand: 9 ½"" | 40-Yard Dash: 4.9 10-Yard Split: 1.75 Vertical: 32"" Broad: 9'2"" Shuttle: 4.59 3-Cone: 7.46 Bench: NA","6.5 (Role Player/Part-time Contributor - 4th Round)","Matthew Lee (6.6 in 2024), Luke Wypler (6.6 in 2023), Jarrett Patterson (6.8 in 2023)","170","IOL20","Diet Coke Tyler Linderbaum","6'3"" Weight: 299 Arm: 30 ¾"" Hand: 9 ½""","299 Arm: 30 ¾"" Hand: 9 ½""",NA,NA,NA,"4.9 10-Yard Split: 1.75 Vertical: 32"" Broad: 9'2"" Shuttle: 4.59 3-Cone: 7.46 Bench: NA","1.75 Vertical: 32"" Broad: 9'2"" Shuttle: 4.59 3-Cone: 7.46 Bench: NA","32"" Broad: 9'2"" Shuttle: 4.59 3-Cone: 7.46 Bench: NA","9'2"" Shuttle: 4.59 3-Cone: 7.46 Bench: NA","7.46 Bench: NA","4.59 3-Cone: 7.46 Bench: NA","NA"
"128","https://bleacherreport.com/articles/25356962-nfl-draft-2026-scouting-report-penn-state-dl-zane-durant","NFL Draft 2026 Scouting Report for Penn State DL Zane Durant","NFL Draft 2026 Scouting Report for Penn State DL Zane Durant","Zane Durant",NA,"- Durant is quick off the ball with good agility to get penetration on run stunts. | - Good strength at the point of attack to stand up offensive linemen and gain leverage advantage against base blocks. | - Plays with a wide base, natural leverage and solid strength to hold his gap when left one-on-one. | - Against down blocks or when slanting, he sinks his hips well to fight back against pressure and avoid getting washed out of the play. | - Flashes the ability to escape blocks with quickness and athleticism.","- Durant is undersized and has short arms, limiting the amount of extension he can get on blocks and making it difficult for him to beat offensive linemen with good length. | - Lacks the mass to anchor and hold his gap against double-teams and combo blocks. | - Size also impacts his ability to win when bull-rushing as a pass-rusher. | - Stiff hips prevent him from clearing his lower half when working finesse moves and limit his bend or ability to corner at the top of the rush. | Grade, Rank, and Pro Comparison | .css-1582m2i{margin:0;font:inherit;font-weight:700;}GRADE: 6.9 (Role Player/Part-Time Contributor — 4th Round) | COMPARABLE GRADE: Joshua Farmer, Florida State (6.9 in 2025), T'Vondre Sweat, Texas (6.8 in 2024), Colby Wooden, Auburn (6.9 in 2023) | OVERALL RANK: 121 | POSITION RANK: DL10 | PRO COMPARISON: Tyler Davis",NA,"Height: 6'1"" Weight: 290 Hand: 10⅝"" Arm: 31⅞"" Wingspan: N/A | 40-Yard Dash: 4.75 10-Yard Split: 1.66 3-Cone: N/A Shuttle: N/A Vertical: 33.5"" Broad: 9'4""","6.9 (Role Player/Part-Time Contributor — 4th Round)","Joshua Farmer, Florida State (6.9 in 2025), T'Vondre Sweat, Texas (6.8 in 2024), Colby Wooden, Auburn (6.9 in 2023)","121","DL10","Tyler Davis","6'1"" Weight: 290 Hand: 10⅝"" Arm: 31⅞"" Wingspan: N/A","290 Hand: 10⅝"" Arm: 31⅞"" Wingspan: N/A",NA,NA,"N/A","4.75 10-Yard Split: 1.66 3-Cone: N/A Shuttle: N/A Vertical: 33.5"" Broad: 9'4""","1.66 3-Cone: N/A Shuttle: N/A Vertical: 33.5"" Broad: 9'4""","33.5"" Broad: 9'4""","9'4""","N/A Shuttle: N/A Vertical: 33.5"" Broad: 9'4""","N/A Vertical: 33.5"" Broad: 9'4""",NA
"129","https://bleacherreport.com/articles/25326454-nfl-draft-2026-scouting-report-oregon-rb-noah-whittington","NFL Draft 2026 Scouting Report for Oregon RB Noah Whittington","NFL Draft 2026 Scouting Report for Oregon RB Noah Whittington","Noah Whittington",NA,"- Whittington runs hard with a low center of gravity. He lowers his shoulder and charges downhill, driven by momentum, his strong lower half carrying him through arm tackles. | - Oregon's RB plays with good vision and quick processing. He reads leverage well when pressing the line of scrimmage. Whittington's abilities work well in both gap and zone-schemed concepts. | - He is a patient runner who sticks behind his lead blockers. His shorter stature is used to his advantage, allowing him to hide behind his OL before making his move into the open field. His eyes and feet are paired together as he navigates the line of scrimmage. | - Whittington's lateral agility is impressive. He strings together jukes and patterns to force missed tackles against alley defenders and get out of the backfield. | - The Ducks' versatile RB is a former high school wide receiver, and it shows up when he is asked to run routes out of the backfield. His quick footwork helps freeze second-level defenders on option routes and in/out-breaking routes. He has displayed great hands, plucking the ball away from his frame.","- Whittington is not a big-bodied runner and will not check the boxes for some NFL teams. He will need to be paired with a bigger back for those short-yardage situations against NFL defenses. | - Despite a few long runs this season, he is not a breakaway runner with outstanding top-end speed. His acceleration is above average at best; he wins with nuance and not elite athleticism. | - Love his effort in pass protection, but his technique needs to be refined. He will lunge and bend at the waist over his toes, giving up leverage at the POA. Cleaning this up will solidify him as a reliable third-down option in pass pro. | Grade, Rank, and Pro Comparison | .css-1582m2i{margin:0;font:inherit;font-weight:700;}GRADE: 6.7 (Role Player/Part-Time Contributor — 4th Round) | COMPARABLE GRADE: Ray Davis (6.8 in 2024), Blake Corum (6.7 in 2024), Bucky Irving (6.5 in 2024) | OVERALL RANK: 153 | POSITION RANK: RB8 | PRO COMPARISON: Ray Davis",NA,"Height: 5'8"" Weight: 205 HAND: 8¼ Arm: 29 ⅛"" Vertical Jump: N/A 40-Yard DASH: N/A Broad Jump: N/A 3-Cone Drill: N/A 20-Yard Shuttle: N/A Bench Press: 24","6.7 (Role Player/Part-Time Contributor — 4th Round)","Ray Davis (6.8 in 2024), Blake Corum (6.7 in 2024), Bucky Irving (6.5 in 2024)","153","RB8","Ray Davis","5'8"" Weight: 205 HAND: 8¼ Arm: 29 ⅛"" Vertical Jump: N/A 40-Yard DASH: N/A Broad Jump: N/A 3-Cone Drill: N/A 20-Yard Shuttle: N/A Bench Press: 24","205 HAND: 8¼ Arm: 29 ⅛"" Vertical Jump: N/A 40-Yard DASH: N/A Broad Jump: N/A 3-Cone Drill: N/A 20-Yard Shuttle: N/A Bench Press: 24",NA,NA,NA,NA,NA,NA,NA,NA,"N/A Bench Press: 24",NA
"130","https://bleacherreport.com/articles/25358098-nfl-draft-2026-scouting-report-kentucky-iol-jalen-farmer","NFL Draft 2026 Scouting Report for Kentucky IOL Jalen Farmer","NFL Draft 2026 Scouting Report for Kentucky IOL Jalen Farmer","Jalen Farmer",NA,"— Stout, sturdy build with good length and heavy hands. | — Very good play strength to lift and displace down linemen on double-teams and base blocks. | — Delivers jolt on contact and sets a firm anchor once latched. | — Effective puller using force and grip strength to uproot and overrun targets.","— Erratic snap timing results in being tardy to spots and landmarks on backside cut-offs and widely-aligned rushers. | — Soft edges in pass protection due to a wide base paired with late hands. | — Will take the cheese when being set up with marginal recovery skills to get out of compromising positions.","GRADE: 6.8 (Role Player/Part-Time Contributor — 4th Round) | COMPARABLE GRADE: Jalen Rivers (7.1 in 2025), Anthony Bradford (6.6 in 2023), Justin Shaffer (6.5 in 2022) | OVERALL RANK: 130 | POSITION RANK: IOL13 | PRO COMPARISON: Chris Paul | TOP NEWS | Mock NFL Expansion Draft 📋 | Breaking News | Jeremiyah Love on Giants' Radar","Height: 6'5"" Weight: 312 Arm: 34 ¼"" Hand: 9 ¼"" | 40-Yard Dash: 4.93 10-Yard Split: 1.75 Vertical: 27"" Broad: 9'0"" Shuttle: NA 3-Cone: NA Bench: NA","6.8 (Role Player/Part-Time Contributor — 4th Round)","Jalen Rivers (7.1 in 2025), Anthony Bradford (6.6 in 2023), Justin Shaffer (6.5 in 2022)","130","IOL13","Chris Paul","6'5"" Weight: 312 Arm: 34 ¼"" Hand: 9 ¼""","312 Arm: 34 ¼"" Hand: 9 ¼""",NA,NA,NA,"4.93 10-Yard Split: 1.75 Vertical: 27"" Broad: 9'0"" Shuttle: NA 3-Cone: NA Bench: NA","1.75 Vertical: 27"" Broad: 9'0"" Shuttle: NA 3-Cone: NA Bench: NA","27"" Broad: 9'0"" Shuttle: NA 3-Cone: NA Bench: NA","9'0"" Shuttle: NA 3-Cone: NA Bench: NA","NA Bench: NA","NA 3-Cone: NA Bench: NA","NA"
"131","https://bleacherreport.com/articles/25359119-nfl-draft-2026-scouting-report-utah-lb-lander-barton","NFL Draft 2026 Scouting Report for Utah LB Lander Barton","NFL Draft 2026 Scouting Report for Utah LB Lander Barton","Lander Barton",NA,"- The 6'5"" Barton has good frame with room to add weight. | - Impressive overall athlete with fluid hips and the speed to match tight ends in man coverage. | - Movement skills also allow him to tighten throwing windows or make plays on the ball in zone coverage. | - Uses his hands well in coverage to help reroute receivers. | - Displays some burst to him to click and close. | - Against the run, the senior prospect has decent instincts to key and diagnose, with the athleticism to avoid trash and get to the right spot. He's also patient to let the play develop, too. | - Good agility to execute gap exchanges post-snap or match running backs' paths in the backfield. | - Has the size and enough strength to beat running backs in pass protection when blitzing.","- Barton shows subpar strength as a run-defender, leading to him getting pushed around by offensive linemen. | - Struggles to stack and shed and doesn't use his athletic ability to make linemen miss on the second level, leading to him getting stuck on blocks. | - Could afford to be more physical when taking on blocks in general. | - Likes to take on blocks square instead of working half-a-man, causing him to lose gap control. | - Angles in pursuit are often too deep, leading him to overpursue. | - Below-average awareness in zone coverage. He gets caught staring into the backfield too often and leaves threats in his area or even vacates his area. | Grade, Rank, and Pro Comparison | .css-1582m2i{margin:0;font:inherit;font-weight:700;}GRADE: 6.7 (Role Player/Part-Time Contributor — 4th Round) | COMPARABLE GRADE: Cedric Gray, North Carolina (6.6 in 2024), Henry To'oTo'o, Alabama (6.7 in 2023), Troy Andersen, Montana State (6.6 in 2022) | OVERALL RANK: 142 | POSITION RANK: LB10 | PRO COMPARISON: Justin Strnad",NA,"Height: 6'5"" Weight: 233 Hand: 9½"" Arm: 32¼"" Wingspan: N/A | 40-Yard Dash: N/A 10-Yard Dash: N/A 3-Cone: N/A Shuttle: N/A Vertical: N/A Broad: N/A","6.7 (Role Player/Part-Time Contributor — 4th Round)","Cedric Gray, North Carolina (6.6 in 2024), Henry To'oTo'o, Alabama (6.7 in 2023), Troy Andersen, Montana State (6.6 in 2022)","142","LB10","Justin Strnad","6'5"" Weight: 233 Hand: 9½"" Arm: 32¼"" Wingspan: N/A","233 Hand: 9½"" Arm: 32¼"" Wingspan: N/A",NA,NA,"N/A","N/A 10-Yard Dash: N/A 3-Cone: N/A Shuttle: N/A Vertical: N/A Broad: N/A",NA,"N/A Broad: N/A","N/A","N/A Shuttle: N/A Vertical: N/A Broad: N/A","N/A Vertical: N/A Broad: N/A",NA
"132","https://bleacherreport.com/articles/25359055-nfl-draft-2026-scouting-report-miami-wr-keelan-marion","NFL Draft 2026 Scouting Report for Miami WR Keelan Marion","NFL Draft 2026 Scouting Report for Miami WR Keelan Marion","Keelan Marion",NA,"- Marion stems his routes well to attack angles and leverages to set up his route breaks. He is adept at locating and working into the defender's blind spot in bail technique (cover 3 drop). | - He possesses enough build-up speed and stride length to eat up grass before running past indecisive corners. He tracks the ball fairly well, making him an effective deep-threat receiver. | - The former BYU Cougar uses quick plant and open movements to run successful curls/hitches, in and out-breaking routes. Adding his sharp cuts to those routes helps create separation. | - He is a high motor player who gives full effort until the whistle is blown. | - Crossers and mesh concepts are good for Marion as they create easy run-after-catch transitions for him. | - Carries a compact build and frame, plays with good strength after the catch.","- Marion needs to add more to his approach versus press corners. He relies too often on fighting through contact instead of quick, clean wins at the line of scrimmage. | - Lacks creativity after the catch. He is more of a run-to-the-void player with the football. | - He is not a high-pointing, contested catch receiver. Marion tends to wait for the ball to descend and drop into his pads.",NA,"Height: 6'0"" Weight: 195 | Workout numbers and data will be added at a later date.","6.65 (Role Player/Part-Time Contributor — 4th Round)","Ainias Smith (6.6 in 2024), Javon Baker (6.5 in 2024), Kayshon Boutte (6.6 in 2023)","139","WR21","Jermaine Burton","6'0"" Weight: 195","195",NA,NA,NA,NA,NA,NA,NA,NA,NA,NA
"133","https://bleacherreport.com/articles/25266098-nfl-draft-2026-scouting-report-cincinnati-te-joe-royer","NFL Draft 2026 Scouting Report Cincinnati TE Joe Royer","NFL Draft 2026 Scouting Report Cincinnati TE Joe Royer","Joe Royer",NA,"— Royer displays excellent football IQ to locate space in zone coverage. He's a trusted safety valve over the middle of the field. | — He manipulates defenders with route intention, head usage and speed variation. His sell on the vertical stem is a big part of his game, and he plays with good timing. | — The first-team All-Big 12 performer is a vacuum when the ball is anywhere near him. He displays strong hands through contact and plucks the ball out of the air. | — He's an alignment versatile tight end, who has plenty of in-line reps, but does his best blocking work in pass protection. When blocking down in the run game, he consistently creates rushing lanes.","— Royer needs to add functional strength as a blocker to be more effective. By playing with better hand location and not letting defenders inside his chest, Royer can improve in this area. | — His overall blocking technique needs work. He leads with his shoulder, is too passive and gets out-leveraged by defenders. He needs to play with a stronger base and better leverage. | — He's a limited athlete, which impairs his ability to separate against man coverage and consistently create after the catch.",".css-1582m2i{margin:0;font:inherit;font-weight:700;}GRADE: 6.6 (4th round - Role Player/Part-Time Contributor) | COMPARABLE GRADE: TE Brenton Strange, Penn State (6.5 in 2023), TE Jared Wiley, TCU (6.6 in 2024), TE Gunnar Helm, Texas (6.7 in 2025) | OVERALL RANK: 154 | POSITION RANK: TE16 | PRO COMPARISON: Noah Gray | TOP NEWS | Report: Falcons, Jags Make DT Trade | Fans' picks for NFL mock draft | Every Team's Ideal 1st-Round Pick 👌","Height: 6'5"" Weight: 247 Hand Size: 10 ¾"" Arm Length: 31 ½"" Wingspan: N/A 40-yard dash: N/A 10-yard split: N/A Vertical: N/A Broad: N/A 3 cone: N/A Shuttle: N/A Bench: N/A","6.6 (4th round - Role Player/Part-Time Contributor)","TE Brenton Strange, Penn State (6.5 in 2023), TE Jared Wiley, TCU (6.6 in 2024), TE Gunnar Helm, Texas (6.7 in 2025)","154","TE16","Noah Gray","6'5"" Weight: 247 Hand Size: 10 ¾"" Arm Length: 31 ½"" Wingspan: N/A 40-yard dash: N/A 10-yard split: N/A Vertical: N/A Broad: N/A 3 cone: N/A Shuttle: N/A Bench: N/A","247 Hand Size: 10 ¾"" Arm Length: 31 ½"" Wingspan: N/A 40-yard dash: N/A 10-yard split: N/A Vertical: N/A Broad: N/A 3 cone: N/A Shuttle: N/A Bench: N/A","10 ¾"" Arm Length: 31 ½"" Wingspan: N/A 40-yard dash: N/A 10-yard split: N/A Vertical: N/A Broad: N/A 3 cone: N/A Shuttle: N/A Bench: N/A","31 ½"" Wingspan: N/A 40-yard dash: N/A 10-yard split: N/A Vertical: N/A Broad: N/A 3 cone: N/A Shuttle: N/A Bench: N/A","N/A 40-yard dash: N/A 10-yard split: N/A Vertical: N/A Broad: N/A 3 cone: N/A Shuttle: N/A Bench: N/A",NA,NA,"N/A Broad: N/A 3 cone: N/A Shuttle: N/A Bench: N/A","N/A 3 cone: N/A Shuttle: N/A Bench: N/A",NA,"N/A Bench: N/A","N/A"
"134","https://bleacherreport.com/articles/25342623-nfl-draft-2026-scouting-report-cincinnati-dl-dontay-corleone","NFL Draft 2026 Scouting Report for Cincinnati DL Dontay Corleone","NFL Draft 2026 Scouting Report for Cincinnati DL Dontay Corleone","Dontay Corleone",NA,"- Corleone has impressive upper body strength and shoots his hands quickly, allowing him to generate knockback power and reset the line of scrimmage when taking on base blocks. These traits also allow him to disrupt offensive linemen's paths to the second level and free up linebackers. | - Takes on blocks with a wide base to hold his gap consistently when left one-on-one and is solid against double-teams when he keeps his pads down. | - Attacks and defeats the man he's lined up across from when taking on doubles. | - Quick to recognize down blocks by shifting his eyes and hands to the linemen coming down on him to avoid getting washed inside. | - Listed as the No. 14 player on Bruce Feldman's list of extraordinary athletes prior to the 2025 campaign by bench pressing 485 pounds, squatting 615 and sumo deadlifting 585 pounds, while clocking 1.71-second 10-yard split and 7.44-second three-cone times.","- Corleone carries a good amount of bad weight, negatively impacting his quickness and athleticism. This issue shows up the most as a pass-rusher, limiting his ability to win, and projects him as a two-down player at the professional level. | - Has a bad habit of standing up out of his stance, which makes his bull-rush ineffective and causes issues against double-teams. | - Has shorter arms, limiting his ability to extend and disengage from blocks. | - Lacks some rotational strength to keep his shoulders square against scoop blocks. | - Medical red flags will be a significant part of his overall evaluation after suffering a knee injury in 2022, a lower-body injury kept him out of two games in 2025 and the aforementioned case of blood clots could scare some NFL teams. His medical evaluations during the combine and pre-draft visits will play a large role in his overall standing. | Grade, Rank, and Pro Comparison | .css-1582m2i{margin:0;font:inherit;font-weight:700;}GRADE: 6.6 (Role Player/Part-Time Contributor — 4th Round) | COMPARABLE GRADE: Tyler Davis, Clemson (6.6 in 2024), John Ridgeway, Arkansas (6.6 in 2022), Ta'Quon Graham, Texas (6.5 in 2021) | OVERALL RANK: 156 | POSITION RANK: DL13 | PRO COMPARISON: Andrew Billings",NA,"Height: 6'1"" Weight: 340 Hand: 9½"" Arm: 31⅞"" Wingspan: N/A | 40-Yard Dash: N/A 10-Yard Split: N/A 3-Cone: N/A Shuttle: N/A Vertical: N/A Broad: N/A","6.6 (Role Player/Part-Time Contributor — 4th Round)","Tyler Davis, Clemson (6.6 in 2024), John Ridgeway, Arkansas (6.6 in 2022), Ta'Quon Graham, Texas (6.5 in 2021)","156","DL13","Andrew Billings","6'1"" Weight: 340 Hand: 9½"" Arm: 31⅞"" Wingspan: N/A","340 Hand: 9½"" Arm: 31⅞"" Wingspan: N/A",NA,NA,"N/A","N/A 10-Yard Split: N/A 3-Cone: N/A Shuttle: N/A Vertical: N/A Broad: N/A","N/A 3-Cone: N/A Shuttle: N/A Vertical: N/A Broad: N/A","N/A Broad: N/A","N/A","N/A Shuttle: N/A Vertical: N/A Broad: N/A","N/A Vertical: N/A Broad: N/A",NA
"135","https://bleacherreport.com/articles/25328605-nfl-draft-2026-scouting-report-texas-am-dametrious-crownover","NFL Draft 2026 Scouting Report for Texas A&M Dametrious Crownover","NFL Draft 2026 Scouting Report for Texas A&M Dametrious Crownover","Dametrious Crownover",NA,"— Massive frame with excellent length and wingspan. | — Casts a wide net with his length in pass protection that can make it a chore for basic high-side pass-rush moves to work. | — Plays hard, runs his feet and strains to finish blocks. | — Excels covering up and feeding defensive tackles over during double-teams.","— Poor lateral quickness when stepping under himself to redirect and regularly falling behind moves across his face. | — Upright play-style with wide hand-placement exposes his chest and results in a soft, tardy anchor. | — Marginal use of hands leaves him late, off-target and scrambling too often.",".css-1582m2i{margin:0;font:inherit;font-weight:700;}GRADE: 6.3 (Developmental Prospect - Round 5) | COMPARABLE GRADE: Logan Brown (6.2 in 2025), Kiran Amegadjie (6.4 in 2024), Warren McClendon (6.5 in 2023) | OVERALL RANK: 187 | POSITION RANK: OT15 | PRO COMPARISON: Kiran Amegadjie | TOP NEWS | NFL Not Investigating Mike Vrabel | Jeremiyah Love on Giants' Radar | Mock NFL Expansion Draft 📋","Height: 6'7"" Weight: 319 Arm: 35 ⅜"" Hand: 10"" | 40-Yard Dash: 5.14 10-Yard Split: 1.79 Vertical: NA Broad: NA Shuttle: NA 3-Cone: NA Bench: NA","6.3 (Developmental Prospect - Round 5)","Logan Brown (6.2 in 2025), Kiran Amegadjie (6.4 in 2024), Warren McClendon (6.5 in 2023)","187","OT15","Kiran Amegadjie","6'7"" Weight: 319 Arm: 35 ⅜"" Hand: 10""","319 Arm: 35 ⅜"" Hand: 10""",NA,NA,NA,"5.14 10-Yard Split: 1.79 Vertical: NA Broad: NA Shuttle: NA 3-Cone: NA Bench: NA","1.79 Vertical: NA Broad: NA Shuttle: NA 3-Cone: NA Bench: NA","NA Broad: NA Shuttle: NA 3-Cone: NA Bench: NA","NA Shuttle: NA 3-Cone: NA Bench: NA","NA Bench: NA","NA 3-Cone: NA Bench: NA","NA"
"136","https://bleacherreport.com/articles/25328806-nfl-draft-2026-scouting-report-oklahoma-dl-gracen-halton","NFL Draft 2026 Scouting Report for Oklahoma DL Gracen Halton","NFL Draft 2026 Scouting Report for Oklahoma DL Gracen Halton","Gracen Halton",NA,"- Halton shows good overall quickness and athleticism for an interior defensive lineman. | - Quickness and agility allow him to be an effective looper in line games, testing opposing offensive linemen's reaction times and taking efficient paths to the quarterback. | - Has show a solid swim move that he can win with as a pass-rusher. | - Good motor as a pass-rusher to get coverage/clean up sacks. | - Impressive upper body strength and pop in his hands to stun offensive linemen when he uses his hands to take on blocks against the run.","- Halton lacks the ideal length for an NFL defensive tackle, measuring in just under 6'3"" and with short arms. | - Often false steps out of his stance, leading to inefficient initial footwork. | - Late to recognize reach blocks, frequently getting scooped out of his gap despite the impressive movement skills. | - Plays high and takes on blocks with a narrow base, causing him issues anchoring against double teams/combos, base blocks from stronger offensive linemen and down blocks. | - Pad level issues also make it difficult for him to consistently collapse the pocket when bull rushing. | - Accuracy with his hands as a pass-rusher is inconsistent; he'll often miss with his initial chops and has issues playing the offensive lineman's hands. | Grade, Rank, and Pro Comparison | .css-1582m2i{margin:0;font:inherit;font-weight:700;}GRADE: 6.8 (Role Player/Part-Time Contributor — 4th Round) | COMPARABLE GRADE: Shemar Turner, Texas A&M (6.8 in 2025), Jaquelin Roy (6.8 in 2023), Matthew Butler, Tennessee (6.8 in 2022) | OVERALL RANK: 132 | POSITION RANK: DL11 | PRO COMPARISON: Colby Wooden",NA,"Height: 6'3"" Weight: 293 Hand: 10"" Arm: 31⅛"" Wingspan: 77¾"" | 40-Yard Dash: 4.82 10-Yard Split: 1.70 3-Cone: 8.09 Shuttle: 4.79 Vertical: 36.5"" Broad: 9'6""","6.8 (Role Player/Part-Time Contributor — 4th Round)","Shemar Turner, Texas A&M (6.8 in 2025), Jaquelin Roy (6.8 in 2023), Matthew Butler, Tennessee (6.8 in 2022)","132","DL11","Colby Wooden","6'3"" Weight: 293 Hand: 10"" Arm: 31⅛"" Wingspan: 77¾""","293 Hand: 10"" Arm: 31⅛"" Wingspan: 77¾""",NA,NA,"77¾""","4.82 10-Yard Split: 1.70 3-Cone: 8.09 Shuttle: 4.79 Vertical: 36.5"" Broad: 9'6""","1.70 3-Cone: 8.09 Shuttle: 4.79 Vertical: 36.5"" Broad: 9'6""","36.5"" Broad: 9'6""","9'6""","8.09 Shuttle: 4.79 Vertical: 36.5"" Broad: 9'6""","4.79 Vertical: 36.5"" Broad: 9'6""",NA
"137","https://bleacherreport.com/articles/25360394-nfl-draft-2026-scouting-report-boston-college-wr-lewis-bond","NFL Draft 2026 Scouting Report for Boston College WR Lewis Bond","NFL Draft 2026 Scouting Report for Boston College WR Lewis Bond","Lewis Bond",NA,"- Has a compact frame and plays with a fearless demeanor to operate in high-traffic areas and occupy the middle of the field. | - Finds grass quickly versus zone defenses and settles into the void. Processes second- and third-level defenders' drops in zone and adjusts his routes on the fly. | - Excels at running routes suited for quick passing concepts, like sticks, spot, mesh, Texas (RB alignment) and option routes, which highlight his feel for space and chain-moving ability. | - Quick and fluid mover with the hip swivel to change directions and separate from the defense quickly. Decisive and quick transitioning from receiver to runner for yards after the catch. | - Displays good balance through contact after the catch with the leg drive to continue forward momentum.","- Vertical athleticism and speed appear to be below-average. Cornerbacks will feel comfortable running stride for stride with Bond. | - Lacks the hand-fighting consistency to fend off handy and physical press corners. Improving this aspect of his game will help him get open more quickly. | - Does not offer a large catch radius to out-position longer-limbed defensive backs at the catch point.",".css-1582m2i{margin:0;font:inherit;font-weight:700;}GRADE: 6.55 (Role Player/Part-Time Contributor — 4th Round) | COMPARABLE GRADE: Kayshon Boutte (6.6 in 2023), Xavier Hutchinson (6.6 in 2023), Ronnie Bell (6.4 in 2023) | OVERALL RANK: 148 | POSITION RANK: WR23 | PRO COMPARISON: K.J. Osborn","Height: 5'11"" Weight: 190 | Workout numbers and data will be added at a later date.","6.55 (Role Player/Part-Time Contributor — 4th Round)","Kayshon Boutte (6.6 in 2023), Xavier Hutchinson (6.6 in 2023), Ronnie Bell (6.4 in 2023)","148","WR23","K.J. Osborn","5'11"" Weight: 190","190",NA,NA,NA,NA,NA,NA,NA,NA,NA,NA
"138","https://bleacherreport.com/articles/25298011-nfl-draft-2026-scouting-report-texas-am-iol-trey-zuhn-iii","NFL Draft 2026 Scouting Report for Texas A&M IOL Trey Zuhn III","NFL Draft 2026 Scouting Report for Texas A&M IOL Trey Zuhn III","Trey Zuhn III",NA,"— Efficient, deliberate mover who operates on time and with a purpose in all phases. | — Good short-area quickness to arrive at landmarks and hit aiming points. | — Shoots hands with accuracy and conviction. | — Maximizes modest physical size and power with technique, effort and processing skills. | — Two-time team captain who brings high-end football character and intangibles.","— Sawed-off frame which limits his reach and strike radius. | — Stiff lower half lead to middling recovery and redirect skills.",".css-1582m2i{margin:0;font:inherit;font-weight:700;}GRADE: 6.5 (Role Player/Part-Time Contributor — 4th Round) | COMPARABLE GRADE: Jonah Monheim (6.4 in 2025), Jarrett Patterson (6.8 in 2023), Logan Bruss (6.5 in 2022) | OVERALL RANK: 163 | POSITION RANK: IOL18 | PRO COMPARISON: Tom Compton | TOP NEWS | Mock NFL Expansion Draft 📋 | Breaking News | Every Team's Ideal 1st-Round Pick 👌","Height: 6'6"" Weight: 312 Arm: 32 ½"" Hand: 10"" | 40-Yard Dash: NA 10-Yard Split: NA Vertical: NA Broad: NA Shuttle: NA 3-Cone: NA Bench: 33","6.5 (Role Player/Part-Time Contributor — 4th Round)","Jonah Monheim (6.4 in 2025), Jarrett Patterson (6.8 in 2023), Logan Bruss (6.5 in 2022)","163","IOL18","Tom Compton","6'6"" Weight: 312 Arm: 32 ½"" Hand: 10""","312 Arm: 32 ½"" Hand: 10""",NA,NA,NA,"NA 10-Yard Split: NA Vertical: NA Broad: NA Shuttle: NA 3-Cone: NA Bench: 33","NA Vertical: NA Broad: NA Shuttle: NA 3-Cone: NA Bench: 33","NA Broad: NA Shuttle: NA 3-Cone: NA Bench: 33","NA Shuttle: NA 3-Cone: NA Bench: 33","NA Bench: 33","NA 3-Cone: NA Bench: 33","33"
"139","https://bleacherreport.com/articles/25328377-nfl-draft-2026-scouting-report-ucla-iol-garrett-digiorgio","NFL Draft 2026 Scouting Report for UCLA IOL Garrett DiGiorgio","NFL Draft 2026 Scouting Report for UCLA IOL Garrett DiGiorgio","Garrett DiGiorgio",NA,"— Clear eyes with good spatial awareness lead to consistent inside-out positional leverage in pass protection. | — Takes the fight to defenders and strikes with purpose using an aggressive, assertive playing style. | — Runs his feet through contact and strains to uproot, shield, and finish defenders away from the ball. | — Proven versatility, experience and makeup to carve out space in the O-line room.","— Middling foot quickness and redirect skills leave him scrambling to sustain when defenders get on his edges. | — Won't provide much juice or impact when intersecting second- and third-level targets in the run game. | — Below average range at tackle signals more of a guard who can get a team out of a pinch at tackle rather than a full-time player there.",".css-1582m2i{margin:0;font:inherit;font-weight:700;}GRADE: 6.5 (Role Player/Part-Time Contributor — 4th Round) | COMPARABLE GRADE: Hayden Conner (6.3 in 2025), Zak Zinter (6.5 in 2024), Jake Curhan (6.3 in 2021) | OVERALL RANK: 173 | POSITION RANK: IOL21 | PRO COMPARISON: Oday Aboushi | TOP NEWS | NFL Not Investigating Mike Vrabel | Jeremiyah Love on Giants' Radar | Mock NFL Expansion Draft 📋","Height: 6'7"" Weight: 319 Arm: 32 ⅝"" Hand: 10 ⅛"" | 40-Yard Dash: 5.36 10-Yard Split: 1.86 Vertical: 29 ½"" Broad: 8'10"" Shuttle: NA 3-Cone: NA Bench: 24","6.5 (Role Player/Part-Time Contributor — 4th Round)","Hayden Conner (6.3 in 2025), Zak Zinter (6.5 in 2024), Jake Curhan (6.3 in 2021)","173","IOL21","Oday Aboushi","6'7"" Weight: 319 Arm: 32 ⅝"" Hand: 10 ⅛""","319 Arm: 32 ⅝"" Hand: 10 ⅛""",NA,NA,NA,"5.36 10-Yard Split: 1.86 Vertical: 29 ½"" Broad: 8'10"" Shuttle: NA 3-Cone: NA Bench: 24","1.86 Vertical: 29 ½"" Broad: 8'10"" Shuttle: NA 3-Cone: NA Bench: 24","29 ½"" Broad: 8'10"" Shuttle: NA 3-Cone: NA Bench: 24","8'10"" Shuttle: NA 3-Cone: NA Bench: 24","NA Bench: 24","NA 3-Cone: NA Bench: 24","24"
"140","https://bleacherreport.com/articles/25350368-nfl-draft-2026-scouting-report-lsu-lb-harold-perkins","NFL Draft 2026 Scouting Report for LSU LB Harold Perkins","NFL Draft 2026 Scouting Report for LSU LB Harold Perkins","Harold Perkins",NA,"- Perkins is a good all-around athlete, which helps him cover tight ends. | - His lateral movement skills and short-area quickness help tighten throwing windows and allow him make plays on the ball in zone coverage. | - Good speed to carry the seam in Tampa 2 or click-and-close against checkdowns when playing underneath coverage. | - When blitzing, he finds pass-rush lanes well, with the speed to close on the quarterback. Also, Perkins has enough strength to occasionally beat running backs with power. | - Physical and takes on blocks with his hands as a run-defender, allowing him to defeat blocks from bigger wide receivers and tight ends. | - Hustle player, who doesn't quit on plays. As a result, he will make touchdown-saving tackles. | - Versatile after being used all over the field, with the ability to contribute at multiple levels and several different spots in a pinch.","- Perkins is undersized by NFL linebacker standards. He could add extra mass to hold his ground when taking on blocks and increase effectiveness/consistency as a pass-rusher. | - Instincts are lacking as a run-defender. He's a little slow to diagnose plays. Also, he has issues locating the ball in the backfield against read options. | - Often gets stuck on blocks in the run game. | - Experienced several mental lapses in coverage where he'll lose his man, cover the wrong receiver or drift out of his area. Also, he has slow run-pass transitions against play-action and tends to leave his man instead of plastering during scramble drills. | - Angles in pursuit are inconsistent, often being too shallow. | - Pad-level when tackling is a problem. He's frequently too high or likes to dive at ankles, leading to a lot of misses. | Grade, Rank, and Pro Comparison | .css-1582m2i{margin:0;font:inherit;font-weight:700;}GRADE: 6.6 (Role Player/Part-Time Contributor — 4th Round) | COMPARABLE GRADE: Ivan Pace Jr., Cincinnati (6.4 in 2023), Smael Mondon Jr., Georgia (6.5 in 2025), JoJo Domann, Nebraska (6.5 in 2022) | OVERALL RANK: 157 | POSITION RANK: LB11 | PRO COMPARISON: Christian Elliss",NA,"Height: 6'1"" Weight: 223 Hand: 8⅛"" Arm: 31⅜"" Wingspan: N/A | 40-Yard Dash: N/A 10-Yard Split: N/A 3-Cone: N/A Shuttle: N/A Vertical: N/A Broad: N/A","6.6 (Role Player/Part-Time Contributor — 4th Round)","Ivan Pace Jr., Cincinnati (6.4 in 2023), Smael Mondon Jr., Georgia (6.5 in 2025), JoJo Domann, Nebraska (6.5 in 2022)","157","LB11","Christian Elliss","6'1"" Weight: 223 Hand: 8⅛"" Arm: 31⅜"" Wingspan: N/A","223 Hand: 8⅛"" Arm: 31⅜"" Wingspan: N/A",NA,NA,"N/A","N/A 10-Yard Split: N/A 3-Cone: N/A Shuttle: N/A Vertical: N/A Broad: N/A","N/A 3-Cone: N/A Shuttle: N/A Vertical: N/A Broad: N/A","N/A Broad: N/A","N/A","N/A Shuttle: N/A Vertical: N/A Broad: N/A","N/A Vertical: N/A Broad: N/A",NA
"141","https://bleacherreport.com/articles/25358112-nfl-draft-2026-scouting-report-miami-iol-anez-cooper","NFL Draft 2026 Scouting Report for Miami IOL Anez Cooper","NFL Draft 2026 Scouting Report for Miami IOL Anez Cooper","Anez Cooper",NA,"— Wide-bodied frame with a dense, thick build and great length. | — Plays long to maximize reach and establish first meaningful contact. | — Active feet paired with his mass result in functional positional leverage to wall off defenders. | — Good power and jolt to feed down linemen on double-teams and jar rushers during jump-sets. | — Brings a physical, chippy demeanor and enjoys imposing his will.","— Upright playing style, with middling reactionary and lateral quickness. | — Struggles to adapt, re-leverage and sustain late in reps as a run-blocker when the back changes course and he's forced to adjust. | — Will take the cheese when being set up as a pass-protector, especially against wide alignments, exposing his edges and leaving him vulnerable to clean losses.",".css-1582m2i{margin:0;font:inherit;font-weight:700;}GRADE: 6.5 (Role Player/Part-Time Contributor — 4th Round) | COMPARABLE GRADE: Hayden Conner (6.3 in 2025), Zak Zinter (6.5 in 2023), Andrew Vorhees (6.0 in 2022) | OVERALL RANK: 168 | POSITION RANK: IOL19 | PRO COMPARISON: Quinton Spain | TOP NEWS | Mock NFL Expansion Draft 📋 | Breaking News | Every Team's Ideal 1st-Round Pick 👌","Height: 6'6"" Weight: 334 Arm: 34"" Hand: 10"" | 40-Yard Dash: NA 10-Yard Split: NA Vertical: NA Broad: NA Shuttle: NA 3-Cone: NA Bench: NA","6.5 (Role Player/Part-Time Contributor — 4th Round)","Hayden Conner (6.3 in 2025), Zak Zinter (6.5 in 2023), Andrew Vorhees (6.0 in 2022)","168","IOL19","Quinton Spain","6'6"" Weight: 334 Arm: 34"" Hand: 10""","334 Arm: 34"" Hand: 10""",NA,NA,NA,"NA 10-Yard Split: NA Vertical: NA Broad: NA Shuttle: NA 3-Cone: NA Bench: NA","NA Vertical: NA Broad: NA Shuttle: NA 3-Cone: NA Bench: NA","NA Broad: NA Shuttle: NA 3-Cone: NA Bench: NA","NA Shuttle: NA 3-Cone: NA Bench: NA","NA Bench: NA","NA 3-Cone: NA Bench: NA","NA"
"142","https://bleacherreport.com/articles/25360316-nfl-draft-2026-scouting-report-michigan-dl-rayshaun-benny","NFL Draft 2026 Scouting Report for Michigan DL Rayshaun Benny","NFL Draft 2026 Scouting Report for Michigan DL Rayshaun Benny","Rayshaun Benny",NA,"- Benny is a solid overall athlete, showing decent quickness and agility for a defensive tackle. This profile allows him to be effective when slanting and making offensive linemen miss to get penetration. | - Decent get-off. He reacts to the snap well and has some burst when one-gapping. | - Has the strength to stack and shed when he lands his hands as a run-defender. | - Showed a good arm-over move that he can defeat blocks with in the run game. | - Good bend and flexibility in his lower body to work flat down the line of scrimmage and make tackles for loss or short gains after getting penetration.","- Benny provided limited production throughout his collegiate career, even after becoming a starter. | - Plays with high pad-level and a narrow base, making it difficult for him to anchor and stay in his gap against combo and down blocks. | - At the point of attack, he could be more physical. Matters are compounded thanks to wide hand placement that exposes his chest. | - Subpar block recognition, leading to him getting trapped and caught off guard by down blocks or reached. | - Use of hands as a pass-rusher is a big work in progress, as he's often late and misses. He doesn't have a go-to pass-rush move. | - Potential medical red flags. In addition to the broken fibula in 2023, he was in a car accident during his senior year in high school that resulted in knee surgery. | Grade, Rank, and Pro Comparison | .css-1582m2i{margin:0;font:inherit;font-weight:700;}GRADE: 6.5 (Developmental Prospect — 5th Round) | COMPARABLE GRADE: Tyler Davis, Clemson (6.6 in 2024), Isaiah McGuire, Missouri (6.6 in 2023), Haskell Garrett, Ohio State (6.5 in 2022) | OVERALL RANK: 167 | POSITION RANK: DL15 | PRO COMPARISON: Maurice Hurst (NFL version)",NA,"Height: 6'3"" Weight: 298 Hand: 9¼"" Arm: 33⅝"" Wingspan: N/A | 40-Yard Dash: N/A 10-Yard Split: N/A 3-Cone: N/A Shuttle: N/A Vertical: N/A Broad: N/A","6.5 (Developmental Prospect — 5th Round)","Tyler Davis, Clemson (6.6 in 2024), Isaiah McGuire, Missouri (6.6 in 2023), Haskell Garrett, Ohio State (6.5 in 2022)","167","DL15","Maurice Hurst (NFL version)","6'3"" Weight: 298 Hand: 9¼"" Arm: 33⅝"" Wingspan: N/A","298 Hand: 9¼"" Arm: 33⅝"" Wingspan: N/A",NA,NA,"N/A","N/A 10-Yard Split: N/A 3-Cone: N/A Shuttle: N/A Vertical: N/A Broad: N/A","N/A 3-Cone: N/A Shuttle: N/A Vertical: N/A Broad: N/A","N/A Broad: N/A","N/A","N/A Shuttle: N/A Vertical: N/A Broad: N/A","N/A Vertical: N/A Broad: N/A",NA
"143","https://bleacherreport.com/articles/25370096-nfl-draft-2026-scouting-report-alabama-lb-justin-jefferson","NFL Draft 2026 Scouting Report for Alabama LB Justin Jefferson","NFL Draft 2026 Scouting Report for Alabama LB Justin Jefferson","Justin Jefferson",NA,"- Impressive overall athlete with good speed and lateral movement skills. | - Quick to get to his area in zone coverage. Uses his hands well to disrupt the timing of routes and uses his agility well to tighten throwing windows. Also has the speed to carry the seam when playing Tampa 2. | - Solid acceleration to help click and close in coverage. | - Athleticism allows him to stay in phase against most tight ends. | - Quick to key and diagnose gap runs as a run defender and can beat offensive linemen to the spot. | - Solid at playing the receiver's hands at the catch point to force incompletions. Had good ball production for a linebacker this past season. | - Takes on blocks with his hands and has decent physicality to help get some extension on blocks. | - Consistently wraps up when tackling, leading to very few misses. | - Good closing speed on the quarterback when blitzing, allowing him to get sacks as a free rusher.","- Has a lean frame and needs to add weight to be a stouter run defender. Often gets pushed out of his gap against offensive linemen and good blocking tight ends. Will give up extra yards after contact when tackling bigger running backs. | - Also has trouble getting off blocks due to his lack of size and strength. | - Angles toward the sideline and in pursuit could use some work. Often gets caught being too deep. | - Subpar awareness and spacing in zone. Has a habit of drifting out of his area or playing too shallow to help take away crossing routes. | - Ability to read a quarterback's eyes is a work in progress. | - Doesn't plaster to his man on scramble drills and will get caught converging on the quarterback too quickly. | - Hasn't shown any pass-rush moves as a blitzer. Overly reliant on being unblocked to get pressure.",".css-1582m2i{margin:0;font:inherit;font-weight:700;}GRADE: 6.5 (Developmental Prospect – 5th Round) | COMPARABLE GRADE: Cody Simon, Ohio State (6.2 in 2025), Tyrice Knight, UTEP (6.3 in 2024), Jack Sanborn, Wisconsin (6.4 in 2022) | OVERALL RANK: 174 | POSITION RANK: LB12 | PRO COMPARISON: Jamien Sherwood | TOP NEWS | NFL Not Investigating Mike Vrabel | Jeremiyah Love on Giants' Radar | Mock NFL Expansion Draft 📋","Height: 6'0"" Weight: 223 Hand: 10"" Arm: 31⅝"" Wingspan: N/A | 40-Yard Dash: 4.57 10-Yard Split: 1.60 3-Cone: N/A Shuttle: N/A Vertical: 38.5"" Broad: 10'5""","6.5 (Developmental Prospect – 5th Round)","Cody Simon, Ohio State (6.2 in 2025), Tyrice Knight, UTEP (6.3 in 2024), Jack Sanborn, Wisconsin (6.4 in 2022)","174","LB12","Jamien Sherwood","6'0"" Weight: 223 Hand: 10"" Arm: 31⅝"" Wingspan: N/A","223 Hand: 10"" Arm: 31⅝"" Wingspan: N/A",NA,NA,"N/A","4.57 10-Yard Split: 1.60 3-Cone: N/A Shuttle: N/A Vertical: 38.5"" Broad: 10'5""","1.60 3-Cone: N/A Shuttle: N/A Vertical: 38.5"" Broad: 10'5""","38.5"" Broad: 10'5""","10'5""","N/A Shuttle: N/A Vertical: 38.5"" Broad: 10'5""","N/A Vertical: 38.5"" Broad: 10'5""",NA
"144","https://bleacherreport.com/articles/25250851-nfl-draft-2026-scouting-report-arkansas-qb-taylen-green","NFL Draft 2026 Scouting Report for Arkansas QB Taylen Green","NFL Draft 2026 Scouting Report for Arkansas QB Taylen Green","Taylen Green",NA,"- RPO and play-action passer. Green sells handoffs and runs fakes well from shotgun, pistol, and under-center formations. | - Elite height and frame to effortlessly scan the field without restrictions. | - Arm talent to access the entire field. He possesses the arm strength to power the football into most windows with little effort. | - He has the arm talent to throw with touch and arc underneath the football; he layers it well. | - One of the most dangerous running quarterbacks in college football. | - Green can terrorize a defense and has a knack for knowing when to utilize his legs, weaponizing them for significant gains and key third-down conversions. | - Green fits the current archetype of game-changing quarterbacks that we're witnessing in the NFL today, with the ability to throw the ball well enough to win and the athleticism to break the hearts of defenses on key third and fourth downs.","- Limiting turnover-worthy plays. Green leaned into the role of Arkansas's ""Superman."" | - He is still learning how to let plays die down and live to throw the next play. Risky plays are made as a result of his hero-ball mentality. | - Chasing the big plays creates head-scratching decisions that hurt the offense. | - Green needs to begin taking what the defense gives him. He must work on the check-downs as installed into the play call. | - Getting his eyes upfield quickly post-snap. Green is inconsistent when attacking the defense in the short areas of the field due to late eyes. | - Playing on time by synchronizing his drop with the receivers' route timing. | - Green's lower body mechanics are still inconsistent. He's heel-clicky and toesy in the pocket after reaching the top of his drop. | - Green needs to transition his weight properly to prevent being narrow-footed as he climbs the pocket, optimizing his accuracy and ball placement. | Grade, Rank, and Pro Comparison | .css-1582m2i{margin:0;font:inherit;font-weight:700;}GRADE: 6.80 (Role Player/Part-Time Contributor — 4th Round) | COMPARABLE GRADE: Bailey Zappe (6.8 in 2022, Michael Penix Jr (6.9 in 2024), Tanner McKee (7.0 in 2023) | OVERALL RANK: 134 | POSITION RANK: QB6 | PRO COMPARISON: Shades of Terrelle Pryor",NA,"Height: 6'6"" Weight: 227 HAND: 9⅞"" ARM: 34¾"" Wingspan: 83¾ | 40-YARD DASH: 4.36"" Vertical: 43.5"" Broad Jump: 11'2"" 3-Cone Drill: N/A 20-Yard Shuttle: N/A Bench Press: N/A","6.80 (Role Player/Part-Time Contributor — 4th Round)","Bailey Zappe (6.8 in 2022, Michael Penix Jr (6.9 in 2024), Tanner McKee (7.0 in 2023)","134","QB6","Shades of Terrelle Pryor","6'6"" Weight: 227 HAND: 9⅞"" ARM: 34¾"" Wingspan: 83¾","227 HAND: 9⅞"" ARM: 34¾"" Wingspan: 83¾",NA,NA,"83¾",NA,NA,"43.5"" Broad Jump: 11'2"" 3-Cone Drill: N/A 20-Yard Shuttle: N/A Bench Press: N/A",NA,NA,"N/A Bench Press: N/A",NA
"145","https://bleacherreport.com/articles/25248625-nfl-draft-2026-scouting-report-penn-state-rb-nicholas-singleton","NFL Draft 2026 Scouting Report for Penn State RB Nicholas Singleton","NFL Draft 2026 Scouting Report for Penn State RB Nicholas Singleton","Nicholas Singleton",NA,"- Big playmaker with the football. Singleton has great burst/acceleration to reach top speed and outrun pursuit angles to the perimeter. He puts pressure on second-level defenders to close or fill running lanes quickly before he explodes through into the open field. | - Penn State's talented RB excels as a downhill runner with his shoulders squared to the line of scrimmage. He is an aggressive runner who converts speed and acceleration to power upon contact. He is a great fit for gap/power scheme offenses in the NFL. | - Singleton is a talented pass catcher with alignment versatility. He can line up out wide and in the slot to create favorable matchups for his quarterback to exploit. He tracks the ball well for a running back on fades and downfield routes. | - His patience and vision on power concepts are keys to his ability to find daylight behind his lead blockers. Maximizing the homerun threat that his top-end speed presents to a defense.","- Singleton is a straight-line and downhill runner who lacks the wiggle to create for himself. He isn't elusive to make defenders miss in a phone booth and relies on power to get through traffic. | - Reading and processing information on zone runs is hit or miss. Penn State's dynamic back does not have a natural feel for zone concepts. There is hip tightness when he needs to rotate and become a one-cut runner. | - The inability to string together quick lateral cuts hampers his ability to negotiate quick backfield penetration. If the defense knifes into the backfield before he has forward momentum, the play will be over quickly. | Grade, Rank, and Pro Comparison | .css-1582m2i{margin:0;font:inherit;font-weight:700;}GRADE: 6.45 (Developmental Prospect — 5th Round) | COMPARABLE GRADE: James Cook (6.5 in 2022), Tyler Badie (6.4in 2022), Hassan Haskins (6.4 in 2022) | OVERALL RANK: 155 | POSITION RANK: RB9 | PRO COMPARISON: David Johnson",NA,"Height: 6'0"" Weight: 224 | Workout numbers and data will be added at a later date.","6.45 (Developmental Prospect — 5th Round)","James Cook (6.5 in 2022), Tyler Badie (6.4in 2022), Hassan Haskins (6.4 in 2022)","155","RB9","David Johnson","6'0"" Weight: 224","224",NA,NA,NA,NA,NA,NA,NA,NA,NA,NA
"146","https://bleacherreport.com/articles/25357610-nfl-draft-2026-scouting-report-usc-edge-anthony-lucas","NFL Draft 2026 Scouting Report for USC Edge Anthony Lucas","NFL Draft 2026 Scouting Report for USC Edge Anthony Lucas","Anthony Lucas",NA,"- Lucas has great frame, with little to no bad weight. He also has decent length. | - Solid athlete overall, showing good quickness and change of direction, with the chance to add a strong inside-counter as a pass-rusher if he can improve the accuracy/timing with his hands. | - Good at turning speed-to-power as a pass-rusher and flashes of a solid long-arm move. | - Active hands when rushing the passer. | - Against the run, he's quick to get his hands up with decent upper-body strength to get extension on blocks, especially with his arm length. | - Stays tight to the line of scrimmage and displays decent speed to occasionally make tackles when unblocked on the backside of zone runs.","- Lucas had minimal collegiate production. He didn't record a sack until his fourth year and posted only three in 2025. | - Lacks explosion off the line of scrimmage to threaten the edge. | - Often late and inaccurate with his hands as a pass-rusher, limiting his arsenal. | - Subpar bend to turn a tight corner at the top of the rush. | - Doesn't have the lower-body strength to anchor and set the edge against good competition. | - Lacks rotational strength to avoid getting his shoulders turned against scoop blocks, even against two tight ends. | - Block recognition is below average, and he doesn't run his feet to avoid getting reached. | Grade, Rank, and Pro Comparison | .css-1582m2i{margin:0;font:inherit;font-weight:700;}GRADE: 6.4 (Developmental Prospect — 5th Round) | COMPARABLE GRADE: Malcolm Koonce, Buffalo (6.4 in 2021), Amare Barno, Virginia Tech (6.3 in 2022), Que Robinson, Alabama (6.4 in 2025) | OVERALL RANK: 180 | POSITION RANK: EDGE17 | PRO COMPARISON: Chauncey Golston",NA,"Height: 6'5"" Weight: 256 Hand: 10¼"" Arm: 33⅜"" Wingspan: N/A | 40-Yard Dash: N/A 10-Yard Split: N/A 3-Cone: N/A Shuttle: N/A Vertical: N/A Broad: N/A","6.4 (Developmental Prospect — 5th Round)","Malcolm Koonce, Buffalo (6.4 in 2021), Amare Barno, Virginia Tech (6.3 in 2022), Que Robinson, Alabama (6.4 in 2025)","180","EDGE17","Chauncey Golston","6'5"" Weight: 256 Hand: 10¼"" Arm: 33⅜"" Wingspan: N/A","256 Hand: 10¼"" Arm: 33⅜"" Wingspan: N/A",NA,NA,"N/A","N/A 10-Yard Split: N/A 3-Cone: N/A Shuttle: N/A Vertical: N/A Broad: N/A","N/A 3-Cone: N/A Shuttle: N/A Vertical: N/A Broad: N/A","N/A Broad: N/A","N/A","N/A Shuttle: N/A Vertical: N/A Broad: N/A","N/A Vertical: N/A Broad: N/A",NA
"147","https://bleacherreport.com/articles/25322269-nfl-draft-2026-scouting-report-oregon-lb-bryce-boettcher","NFL Draft 2026 Scouting Report for Oregon LB Bryce Boettcher","NFL Draft 2026 Scouting Report for Oregon LB Bryce Boettcher","Bryce Boettcher",NA,"- Boettcher is a good overall athlete, evidenced by his success as a dual-sport college athlete. Smooth mover who has the change of direction and speed to cover tight ends man-to-man. | - Constant pre-snap communicator, takes command of the defense, and makes sure everyone is on the same page. | - Good eyes and movement skills to tighten throwing windows in zone coverage or pick up his man on scramble drills. | - Outfielder background shows up in his ball tracking skills, allowing him to bat passes out of the air. | - Decent instincts against the run, he's solid at recognizing when he can shoot gaps and at mirroring running backs in the backfield. Lateral movement skills help with the latter, too. | - Can use his athletic ability to sift through the trash or make offensive linemen miss in space. | - Solid sideline-to-sideline range.","- Boettcher is on the smaller side for an NFL linebacker and has short arms. | - Older prospect, he'll be a 24-year-old rookie. | - Lacks strength to hold his ground against offensive linemen in the running game. He's even struggled when taking on blocks from bigger tight ends. | - Below-average upper body strength and lack of length lead to limited extension and his getting stuck on blocks. | - Doesn't have much pop behind his pads when coming downhill, and often gives up extra yards after contact when tackling running backs. | - Combination of being older and lacking strength could lead to teams viewing him as a low-ceiling type of prospect. | Grade, Rank, and Pro Comparison | .css-1582m2i{margin:0;font:inherit;font-weight:700;}GRADE: 6.4 (Developmental Prospect — 5th Round) | COMPARABLE GRADE: Brian Asamoah II, Oklahoma (6.4 in 2022), Amen Ogbongbemiga, Oklahoma State (6.3 in 2021), Edefuan Ulofoshio, Washington (6.2 in 2024) | OVERALL RANK: 179 | POSITION RANK: LB13 | PRO COMPARISON: Cole Holcomb",NA,"Height: 6'1"" Weight: 233 Hand: 9"" Arm: 30⅝"" Wingspan: N/A | 40-Yard Dash: N/A 10-Yard Split: N/A 3-Cone: N/A Shuttle: N/A Vertical: N/A Broad: N/A","6.4 (Developmental Prospect — 5th Round)","Brian Asamoah II, Oklahoma (6.4 in 2022), Amen Ogbongbemiga, Oklahoma State (6.3 in 2021), Edefuan Ulofoshio, Washington (6.2 in 2024)","179","LB13","Cole Holcomb","6'1"" Weight: 233 Hand: 9"" Arm: 30⅝"" Wingspan: N/A","233 Hand: 9"" Arm: 30⅝"" Wingspan: N/A",NA,NA,"N/A","N/A 10-Yard Split: N/A 3-Cone: N/A Shuttle: N/A Vertical: N/A Broad: N/A","N/A 3-Cone: N/A Shuttle: N/A Vertical: N/A Broad: N/A","N/A Broad: N/A","N/A","N/A Shuttle: N/A Vertical: N/A Broad: N/A","N/A Vertical: N/A Broad: N/A",NA
"148","https://bleacherreport.com/articles/25358081-nfl-draft-2026-scouting-report-auburn-iol-jeremiah-wright","NFL Draft 2026 Scouting Report for Auburn IOL Jeremiah Wright","NFL Draft 2026 Scouting Report for Auburn IOL Jeremiah Wright","Jeremiah Wright",NA,"— Wide-bodied frame with good thickness throughout his build. | — Good square power to uproot and dig out targets on double-team feeds, pulls, down blocks and when looking for work in pass protection. | — Chippy, physical presence and opportunistic finisher with the size/strength combo to deliver body blows. | — Flashes ability to stay square, patient and inside-out in one-on-one pass protection situations to maximize his size and lengthen the path home for rushers.","— Marginal foot quickness and redirect skills cap his ability to recover out of compromising positions. | — Overly reliant on brute force in the run game, leading to overextension and subpar leverage and sustain skills. | — Has too much air in his footwork when using the gallop technique on double-teams, creating leakage and quick penetration.",".css-1582m2i{margin:0;font:inherit;font-weight:700;}GRADE: 6.3 (Developmental Prospect — 5th Round) | COMPARABLE GRADE: Javion Cohen (5.9 in 2024), Layden Robinson (5.9 in 2024), Justin Shaffer (6.5 in 2022) | OVERALL RANK: 192 | POSITION RANK: IOL23 | PRO COMPARISON: Anthony Belton | TOP NEWS | NFL Not Investigating Mike Vrabel | Jeremiyah Love on Giants' Radar | Mock NFL Expansion Draft 📋","Height: 6'5"" Weight: 331 Arm: 33 ⅛"" Hand: 10"" | 40-Yard Dash: NA 10-Yard Split: NA Vertical: NA Broad: NA Shuttle: NA 3-Cone: NA Bench: NA","6.3 (Developmental Prospect — 5th Round)","Javion Cohen (5.9 in 2024), Layden Robinson (5.9 in 2024), Justin Shaffer (6.5 in 2022)","192","IOL23","Anthony Belton","6'5"" Weight: 331 Arm: 33 ⅛"" Hand: 10""","331 Arm: 33 ⅛"" Hand: 10""",NA,NA,NA,"NA 10-Yard Split: NA Vertical: NA Broad: NA Shuttle: NA 3-Cone: NA Bench: NA","NA Vertical: NA Broad: NA Shuttle: NA 3-Cone: NA Bench: NA","NA Broad: NA Shuttle: NA 3-Cone: NA Bench: NA","NA Shuttle: NA 3-Cone: NA Bench: NA","NA Bench: NA","NA 3-Cone: NA Bench: NA","NA"
"149","https://bleacherreport.com/articles/25327698-nfl-draft-2026-scouting-report-james-madison-s-jacob-thomas","NFL Draft 2026 Scouting Report for James Madison S Jacob Thomas","NFL Draft 2026 Scouting Report for James Madison S Jacob Thomas","Jacob Thomas",NA,"— Thomas is a good athlete with smooth movement skills and reactive ability to make plays in a variety of ways. His versatility allows him to play all over the field, but he does his best when working in the box. | — The former walk-on has a workman's mentality and his motor runs hot. Thomas gets downhill quickly, throws his body around in the run game and chases plays down. | — Big-nickel upside with man-coverage ability against tight ends and willingness to play with physicality. | — Thomas gains depth well and tracks the football smoothly. His ball skills help him to defend the ball in the air and attack the catch-point.","— Thomas must refine his tackling technique. Wrapping up more consistently and improving pursuit angles will limit run-after-the-catch yards and make the safety prospect a more reliable run-defender. | — In zone coverage, the 6'1"", 212-pound defensive back tends to rely on mirroring the quarterback's eyes. He's a good reactive athlete, but his instincts for reading route-concepts are still developing. | — Functional strength to take on blocks and deal with physical receivers needs improved. Thomas can be bullied at the top of routes and struggle to get off blocks. | —Better athletes and offensive concepts lie ahead after playing against a lower level of competition, and his processing speed must quicken.",".css-1582m2i{margin:0;font:inherit;font-weight:700;}GRADE: 6.3 (Developmental Prospect - Fifth Round) | COMPARABLE GRADE: S Dan Jackson, Georgia (6.4 in 2025), CB Isaiah Johnson, Syracuse (6.3 in 2024), S Brandon Joseph, Notre Dame (6.4 in 2023) | OVERALL RANK: 194 | POSITION RANK: S18 | PRO COMPARISON: Ronnie Hickman | TOP NEWS | Mock NFL Expansion Draft 📋 | Report: Falcons, Jags Make DT Trade | Every Team's Ideal 1st-Round Pick 👌","Height: 6'0"" Weight: 215 Hand Size: N/A Arm Length: N/A Wingspan: N/A | 40-yard dash: 4.45 10-yard split: N/A Vertical: 36 ½"" Broad: 10'1"" 3 cone: 6.8 Shuttle: 4.21 Bench: N/A","6.3 (Developmental Prospect - Fifth Round)","S Dan Jackson, Georgia (6.4 in 2025), CB Isaiah Johnson, Syracuse (6.3 in 2024), S Brandon Joseph, Notre Dame (6.4 in 2023)","194","S18","Ronnie Hickman","6'0"" Weight: 215 Hand Size: N/A Arm Length: N/A Wingspan: N/A","215 Hand Size: N/A Arm Length: N/A Wingspan: N/A","N/A Arm Length: N/A Wingspan: N/A","N/A Wingspan: N/A","N/A",NA,NA,"36 ½"" Broad: 10'1"" 3 cone: 6.8 Shuttle: 4.21 Bench: N/A","10'1"" 3 cone: 6.8 Shuttle: 4.21 Bench: N/A",NA,"4.21 Bench: N/A","N/A"
"150","https://bleacherreport.com/articles/25263721-nfl-draft-2026-scouting-report-penn-state-ot-drew-shelton","NFL Draft 2026 Scouting Report for Penn State OT Drew Shelton","NFL Draft 2026 Scouting Report for Penn State OT Drew Shelton","Drew Shelton",NA,"— Lean, athletic build with good arm length. | — Quick-twitch mover who explodes out of his stance and looks good on the move. | — Effective snatch-technique in pass protection to combat the long-arm and gain a leverage advantage. | — Capable move-blocker with the burst and speed to track and intersect second- and third-level targets on lead blocks around the edge.","— Marginal play-strength and ability to sustain blocks. | — Prematurely turns his hips, drifts and/or shoots two-hand strikes in pass protection thus opening the door to inside counters. | — Feet die on contact during drive and base blocks creating quick stalemates and overextension.",".css-1582m2i{margin:0;font:inherit;font-weight:700;}GRADE: 6.2 (Developmental Prospect - Round 5) | COMPARABLE GRADE: Javon Foster (6.5 in 2024), Jaelyn Duncan (6.5 in 2023), Warren McClendon Jr. (6.5 in 2023) | OVERALL RANK: 202 | POSITION RANK: OT16 | PRO COMPARISON: Geron Christian | TOP NEWS | Breaking News | Mock NFL Expansion Draft 📋 | Jeremiyah Love on Giants' Radar","Height: 6'5"" Weight: 313 Arm: 33 ⅜"" Hand: 9 ⅝"" | 40-Yard Dash: 5.16 10-Yard Split: 1.79 Vertical: 31"" Broad: 9'4"" Shuttle: NA 3-Cone: NA Bench: NA","6.2 (Developmental Prospect - Round 5)","Javon Foster (6.5 in 2024), Jaelyn Duncan (6.5 in 2023), Warren McClendon Jr. (6.5 in 2023)","202","OT16","Geron Christian","6'5"" Weight: 313 Arm: 33 ⅜"" Hand: 9 ⅝""","313 Arm: 33 ⅜"" Hand: 9 ⅝""",NA,NA,NA,"5.16 10-Yard Split: 1.79 Vertical: 31"" Broad: 9'4"" Shuttle: NA 3-Cone: NA Bench: NA","1.79 Vertical: 31"" Broad: 9'4"" Shuttle: NA 3-Cone: NA Bench: NA","31"" Broad: 9'4"" Shuttle: NA 3-Cone: NA Bench: NA","9'4"" Shuttle: NA 3-Cone: NA Bench: NA","NA Bench: NA","NA 3-Cone: NA Bench: NA","NA"
"151","https://bleacherreport.com/articles/25258493-nfl-draft-2026-scouting-report-oregon-ot-isaiah-world","NFL Draft 2026 Scouting Report for Oregon OT Isaiah World","NFL Draft 2026 Scouting Report for Oregon OT Isaiah World","Isaiah World",NA,"— Good upper-body strength with heavy hands to deliver a jolt on contact. | — Explosive first step to reach his spot in his pass sets and surge into defenders on drive blocks. | — Good arm length with flashes of establishing first meaningful contact and playing long to keep rushers off of his frame. | — Has the quickness and speed to intersect targets on screens.","— Raw, unrefined hand usage, positional leverage and sustain skills. | — Slow to adapt and recover out of compromising positions. | — Overly reliant on striking with heavy hands leads to whiffs and glaring losses.",".css-1582m2i{margin:0;font:inherit;font-weight:700;}GRADE: 6.2 (Developmental Prospect - Round 5) | COMPARABLE GRADE: Carson Vinson (6.1 in 2025), Kiran Amegadjie (6.4 in 2024), James Hudson (6.9 in 2021) | OVERALL RANK: 205 | POSITION RANK: OT17 | PRO COMPARISON: Ja'Wuan James | TOP NEWS | Every Team's Ideal 1st-Round Pick 👌 | Report: Falcons, Jags Make DT Trade | Brissett Wants Starter Money","Height: 6'8"" Weight: 318 Arm: NA Hand: NA | 40-Yard Dash: NA 10-Yard Split: NA Vertical: NA Broad: NA Shuttle: NA 3-Cone: NA Bench: NA","6.2 (Developmental Prospect - Round 5)","Carson Vinson (6.1 in 2025), Kiran Amegadjie (6.4 in 2024), James Hudson (6.9 in 2021)","205","OT17","Ja'Wuan James","6'8"" Weight: 318 Arm: NA Hand: NA","318 Arm: NA Hand: NA",NA,NA,NA,"NA 10-Yard Split: NA Vertical: NA Broad: NA Shuttle: NA 3-Cone: NA Bench: NA","NA Vertical: NA Broad: NA Shuttle: NA 3-Cone: NA Bench: NA","NA Broad: NA Shuttle: NA 3-Cone: NA Bench: NA","NA Shuttle: NA 3-Cone: NA Bench: NA","NA Bench: NA","NA 3-Cone: NA Bench: NA","NA"
"152","https://bleacherreport.com/articles/25253091-nfl-draft-2026-scouting-report-alabama-iol-parker-brailsford","NFL Draft 2026 Scouting Report for Alabama IOL Parker Brailsford","NFL Draft 2026 Scouting Report for Alabama IOL Parker Brailsford","Parker Brailsford",NA,"— Twitchy, explosive mover with very good quickness, burst and change of direction. | — Uncorks on contact with jolt, tight clench and consistent leg drive to strain and stay attached to blocks. | — Can hook a shade in zone, line up a 3-technique on back blocks and intersect targets on climbs. | — Brings an attacking, junkyard dog mentality to the pivot. | — Creates space out of his stance in pass protection with his head out of the block and light, active hands to punch and mirror sub-package rushers. | — Shows good mental processing skills to avoid getting picked, sort and handle line games, stunts and late-loopers.","— Slight frame with middling sand and mass. | — Will get stoned and stacked when squared up on angle-drive and bull-rushes that lead him to getting slowly pried open. | — Frenetic playing style, with some jerky movements, lead him to overshoot his aiming point and enter scramble mode to recover positional leverage.",".css-1582m2i{margin:0;font:inherit;font-weight:700;}GRADE: 6.7 (Role Player/Part-Time Contributor - Round 4) | COMPARABLE GRADE: Beaux Limmer (6.8 in 2024), Jarrett Patterson (6.8 in 2023), Luke Wypler (6.6 in 2023) | OVERALL RANK: 147 | POSITION RANK: IOL16 | PRO COMPARISON: Coleman Shelton | TOP NEWS | NFL Not Investigating Mike Vrabel | Jeremiyah Love on Giants' Radar | Mock NFL Expansion Draft 📋","Height: 6'2"" Weight: 289 Arm: 32"" Hand: 9 ½"" | 40-Yard Dash: 4.95 10-Yard Split: 1.7 Vertical: 32 ½"" Broad: 9'10"" Shuttle: 4.72 3-Cone: NA Bench: 27","6.7 (Role Player/Part-Time Contributor - Round 4)","Beaux Limmer (6.8 in 2024), Jarrett Patterson (6.8 in 2023), Luke Wypler (6.6 in 2023)","147","IOL16","Coleman Shelton","6'2"" Weight: 289 Arm: 32"" Hand: 9 ½""","289 Arm: 32"" Hand: 9 ½""",NA,NA,NA,"4.95 10-Yard Split: 1.7 Vertical: 32 ½"" Broad: 9'10"" Shuttle: 4.72 3-Cone: NA Bench: 27","1.7 Vertical: 32 ½"" Broad: 9'10"" Shuttle: 4.72 3-Cone: NA Bench: 27","32 ½"" Broad: 9'10"" Shuttle: 4.72 3-Cone: NA Bench: 27","9'10"" Shuttle: 4.72 3-Cone: NA Bench: 27","NA Bench: 27","4.72 3-Cone: NA Bench: 27","27"
"153","https://bleacherreport.com/articles/25327024-nfl-draft-2026-scouting-report-indiana-rb-roman-hemby","NFL Draft 2026 Scouting Report for Indiana RB Roman Hemby","NFL Draft 2026 Scouting Report for Indiana RB Roman Hemby","Roman Hemby",NA,"- Hemby is a tough downhill and one-cut runner. He executes zone runs effectively, with good vision and quick processing. Identifies hard and soft edges and adjusts his run path accordingly. | - The Hoosier's leading rusher possesses enough acceleration to win the edge and get to the outside of the defense. Hemby is more of a long strider than a true sprinter, but his top-end speed is serviceable. | - He hits the running lanes and gaps with purpose and strength. He displays balance through contact and keeps his legs churning. | - Hemby does a good job protecting the football. He rarely puts the ball in harm's way or on the ground.","- Hemby is not an elusive, ""make-you-miss"" runner. Do not expect him to make defenders miss in a phone booth. | - Plays with an upright running style. He creates a bigger strike zone for defenders closing in. | - Finding consistency in pass protection. He needs to improve his formation scanning and his ability to identify the appropriate threat based on pass-protection rules for the offensive scheme. When facing simulated pressures, communicate and pick up the free runner. | - The Hoosiers' leading rusher offers a low ceiling as a pass catcher. Hemby does not run an expanded route tree out of the backfield to be deployed as a weapon in the passing game. | Grade, Rank, and Pro Comparison | .css-1582m2i{margin:0;font:inherit;font-weight:700;}GRADE: 6.3 (Developmental Prospect — 5th Round) | COMPARABLE GRADE: Chris Evans (6.4 in 2021), Hassan Haskins (6.4 in 2022), Brian Robinson (6.3 in 2022) | OVERALL RANK: 166 | POSITION RANK: RB14 | PRO COMPARISON: Shades of Rico Dowdle",NA,"Height: 6'0"" Weight: 210 | Workout numbers and data will be added at a later date.","6.3 (Developmental Prospect — 5th Round)","Chris Evans (6.4 in 2021), Hassan Haskins (6.4 in 2022), Brian Robinson (6.3 in 2022)","166","RB14","Shades of Rico Dowdle","6'0"" Weight: 210","210",NA,NA,NA,NA,NA,NA,NA,NA,NA,NA
"154","https://bleacherreport.com/articles/25353898-nfl-draft-2026-scouting-report-indiana-lb-aiden-fisher","NFL Draft 2026 Scouting Report for Indiana LB Aiden Fisher","NFL Draft 2026 Scouting Report for Indiana LB Aiden Fisher","Aiden Fisher",NA,"- Fisher takes command of the defense pre-snap, constantly communicating, pointing out potential threats, and helping get the entire defense on the same page. | - Quick to key and diagnose run plays and has decent quickness and linear speed to take advantage of his instincts by getting to the right spot. He's also good at mirror running backs against zone runs. | - Decent shoulder-dip move to occasionally make offensive linemen miss on the second level. | - Good tackler who uses good pad level and wraps up consistently, leading to very few misses. | - High football IQ allows him to recognize route concepts and effectively pattern match in zone coverage. | - Solid linear speed helps him close in coverage or on quarterbacks when blitzing.","- Fisher is on the smaller side and doesn't appear to have much room for growth on his frame. | - Lacks the strength and length to take on and disengage blocks from offensive linemen and good blocking tight ends. Also has issues holding his ground in the run game. | - Has a habit of working underneath blocks, creating rushing lanes on the second level. | - Tight hips, making it difficult for him to change directions in coverage and retrace or ROBOT against play-action. | - Not athletic enough to cover running backs on option routes in man coverage. | - Stiffness and lack of lateral movement skills will lead to misses when trying to tackle shifty running backs and wide receivers in the open field. | Grade, Rank, and Pro Comparison | .css-1582m2i{margin:0;font:inherit;font-weight:700;}GRADE: 6.2 (Developmental Prospect — 5th Round) | COMPARABLE GRADE: Ty'Ron Hopper, Missouri (6.1 in 2024), Anfernee Orji, Vanderbilt (5.9 in 2023), Micah McFadden, Indiana (6.1 in 2022) | OVERALL RANK: 196 | POSITION RANK: LB15 | PRO COMPARISON: Tommy Eichenberg",NA,"Height: 6'1"" Weight: 232 Hand: 9½"" Arm: 31⅛"" Wingspan: N/A | 40-Yard Dash: N/A 10-Yard Split: N/A 3-Cone: N/A Shuttle: N/A Vertical: N/A Broad: N/A","6.2 (Developmental Prospect — 5th Round)","Ty'Ron Hopper, Missouri (6.1 in 2024), Anfernee Orji, Vanderbilt (5.9 in 2023), Micah McFadden, Indiana (6.1 in 2022)","196","LB15","Tommy Eichenberg","6'1"" Weight: 232 Hand: 9½"" Arm: 31⅛"" Wingspan: N/A","232 Hand: 9½"" Arm: 31⅛"" Wingspan: N/A",NA,NA,"N/A","N/A 10-Yard Split: N/A 3-Cone: N/A Shuttle: N/A Vertical: N/A Broad: N/A","N/A 3-Cone: N/A Shuttle: N/A Vertical: N/A Broad: N/A","N/A Broad: N/A","N/A","N/A Shuttle: N/A Vertical: N/A Broad: N/A","N/A Vertical: N/A Broad: N/A",NA
"155","https://bleacherreport.com/articles/25295947-nfl-draft-2026-scouting-report-indiana-iol-pat-coogan","NFL Draft 2026 Scouting Report for Indiana IOL Pat Coogan","NFL Draft 2026 Scouting Report for Indiana IOL Pat Coogan","Pat Coogan",NA,"— Good mass and pop in technique to bump and feed down linemen on double-teams. | — Operates on time with feeds, releases and climbs to intersect backers at the second-level. | — Deliberate pacing, timing and depth when uncovered to sort basic lines games, stunts and locate most dangerous man. | — Tight, firm punch with the girth to strike, walk-back and lose slowly with his anchor against the bull-rush.","— Feet die quickly after initial surge leaving him stranded or overextended against slippery defenders. | — Middling twitch and short-area quickness to mirror and recover out of compromising positions.",".css-1582m2i{margin:0;font:inherit;font-weight:700;}GRADE: 5.9 (Backup/Draftable — 6th Round) | COMPARABLE GRADE: Clay Webb (6.2 in 2025), Nick Broeker (5.9 in 2023), Ben Brown (5.9 in 2022) | OVERALL RANK: 247 | POSITION RANK: IOL32 | PRO COMPARISON: Will Clapp | TOP NEWS | NFL Not Investigating Mike Vrabel | Jeremiyah Love on Giants' Radar | Mock NFL Expansion Draft 📋","Height: 6'5"" Weight: 311 Arm: 31 ⅛"" Hand: 9 ¼"" | 40-Yard Dash: 5.19 10-Yard Split: 1.87 Vertical: 29"" Broad: 8'11"" Shuttle: 4.93 3-Cone: 7.82 Bench: 22","5.9 (Backup/Draftable — 6th Round)","Clay Webb (6.2 in 2025), Nick Broeker (5.9 in 2023), Ben Brown (5.9 in 2022)","247","IOL32","Will Clapp","6'5"" Weight: 311 Arm: 31 ⅛"" Hand: 9 ¼""","311 Arm: 31 ⅛"" Hand: 9 ¼""",NA,NA,NA,"5.19 10-Yard Split: 1.87 Vertical: 29"" Broad: 8'11"" Shuttle: 4.93 3-Cone: 7.82 Bench: 22","1.87 Vertical: 29"" Broad: 8'11"" Shuttle: 4.93 3-Cone: 7.82 Bench: 22","29"" Broad: 8'11"" Shuttle: 4.93 3-Cone: 7.82 Bench: 22","8'11"" Shuttle: 4.93 3-Cone: 7.82 Bench: 22","7.82 Bench: 22","4.93 3-Cone: 7.82 Bench: 22","22"
"156","https://bleacherreport.com/articles/25354803-nfl-draft-2026-scouting-report-ole-miss-dl-zxavian-harris","NFL Draft 2026 Scouting Report for Ole Miss DL Zxavian Harris","NFL Draft 2026 Scouting Report for Ole Miss DL Zxavian Harris","Zxavian Harris",NA,"- Harris has great size and length, giving him a rare frame and unique traits to develop. | - When he does get his hands up against the run, he has the strength to hold his gap against base blocks and shed to make tackles in his gap. | - A good swim move that he defeat blocks with. | - Effective as the spike on run stunts, showing the physicality to catch offensive linemen off guard and create havoc in the backfield by picking off offensive linemen. | - When he doesn't win as a pass-rusher, he gets his hands up and bats passes down at the line of scrimmage. | - Experience playing several defensive line alignments. Ole Miss used Harris anywhere from a 4i-technique to a 0-tech nose tackle.","- During the pre-draft process, Harris must answer questions about his character and off-the-field issues after his two arrests. | - Slow off the ball. Lacks quickness and agility. Harris doesn't even have good block recognition, leading to him getting reached or scooped out of his gap. Also, he lacks the rotational strength to prevent his shoulders from getting turned against reach and scoop blocks. | - Plays tall and with little knee bend, making it difficult for him to anchor against down blocks and combo blocks. | - Doesn't have any pass-rush moves than he can win with consistently. Pad level and lack of a get-off kill his bull-rush, and he's often late with his hands when working finesse moves. | - Balance is an issue. He struggles to break down in the backfield, leading to missed tackles, and gets knocked off his path easily, ending up on the ground too much for someone of his size. | Grade, Rank, and Pro Comparison | .css-1582m2i{margin:0;font:inherit;font-weight:700;}GRADE: 6.1 (Developmental Prospect — 5th Round) | COMPARABLE GRADE: Eyioma Uwazurike, Iowa State (6.1 in 2022), Justin Eboigbe, Alabama (6.0 in 2024), Desjuan Johnson, Toledo (6.0 in 2023) | OVERALL RANK: 214 | POSITION RANK: DL19 | PRO COMPARISON: Eyioma Uwazurike",NA,"Height: 6'8"" Weight: 330 Hand: 10"" Arm: 34⅝"" Wingspan: N/A | 40-Yard Dash: N/A 10-Yard Split: N/A 3-Cone: N/A Shuttle: N/A Vertical: N/A Broad: N/A","6.1 (Developmental Prospect — 5th Round)","Eyioma Uwazurike, Iowa State (6.1 in 2022), Justin Eboigbe, Alabama (6.0 in 2024), Desjuan Johnson, Toledo (6.0 in 2023)","214","DL19","Eyioma Uwazurike","6'8"" Weight: 330 Hand: 10"" Arm: 34⅝"" Wingspan: N/A","330 Hand: 10"" Arm: 34⅝"" Wingspan: N/A",NA,NA,"N/A","N/A 10-Yard Split: N/A 3-Cone: N/A Shuttle: N/A Vertical: N/A Broad: N/A","N/A 3-Cone: N/A Shuttle: N/A Vertical: N/A Broad: N/A","N/A Broad: N/A","N/A","N/A Shuttle: N/A Vertical: N/A Broad: N/A","N/A Vertical: N/A Broad: N/A",NA
"157","https://bleacherreport.com/articles/25355455-nfl-draft-2026-scouting-report-indiana-te-riley-nowakowski","NFL Draft 2026 Scouting Report for Indiana TE Riley Nowakowski","NFL Draft 2026 Scouting Report for Indiana TE Riley Nowakowski","Riley Nowakowski",NA,"— Nowakowski is an alignment-versatile prospect. He understands leverage, keeps his elbows inside and drives on blocks, with the intent to finish. | — His timing when executing blocking schemes and running routes shows up time and time again. Paired with excellent awareness, he makes the right decision most of the time to help spring runs and screens. | — The hybrid target is a sound receiver with good hands and moves well in space after the catch. He's a functional safety valve for the offense, who can handle the occasional screen. | — The 6'2"", 250-pound H-back brings a great work ethic and special teams upside.","— Predominantly a blocking presence, Nowakowski needs to be stronger at the point of attack. Improved power will prevent him from being bent backwards, instead driving blocks forward. | — Inconsistent balance when trying to sustain blocks often leads to him pulled forward too easily. By staying sound with his technique and not getting too top-heavy, Nowakowski will sustain more blocks. | — He must work on his route-running nuance to create separation against man coverage and settling against zone to find those soft spots. He can solidify an NFL role as a more well-rounded option.",".css-1582m2i{margin:0;font:inherit;font-weight:700;}GRADE: 6.2 (Developmental Prospect - Fifth Round) | COMPARABLE GRADE: TE Jackson Hawes, Georgia Tech (6.0 in 2025), TE Jaheim Bell, Florida State (6.0 in 2024), TE Payne Durham, Purdue (6.0 in 2023) | OVERALL RANK: 200 | POSITION RANK: TE19 | PRO COMPARISON: Connor Heyward | TOP NEWS | NFL Not Investigating Mike Vrabel | Jeremiyah Love on Giants' Radar | Mock NFL Expansion Draft 📋","Height: 6'2"" Weight: 250 Hand Size: 8 ¾"" Arm Length: 31 ½"" Wingspan: N/A 40-yard dash: 4.66 10-yard split: 1.7 Vertical: 33"" Broad: 9'11"" 3 cone: N/A Shuttle: N/A Bench: N/A","6.2 (Developmental Prospect - Fifth Round)","TE Jackson Hawes, Georgia Tech (6.0 in 2025), TE Jaheim Bell, Florida State (6.0 in 2024), TE Payne Durham, Purdue (6.0 in 2023)","200","TE19","Connor Heyward","6'2"" Weight: 250 Hand Size: 8 ¾"" Arm Length: 31 ½"" Wingspan: N/A 40-yard dash: 4.66 10-yard split: 1.7 Vertical: 33"" Broad: 9'11"" 3 cone: N/A Shuttle: N/A Bench: N/A","250 Hand Size: 8 ¾"" Arm Length: 31 ½"" Wingspan: N/A 40-yard dash: 4.66 10-yard split: 1.7 Vertical: 33"" Broad: 9'11"" 3 cone: N/A Shuttle: N/A Bench: N/A","8 ¾"" Arm Length: 31 ½"" Wingspan: N/A 40-yard dash: 4.66 10-yard split: 1.7 Vertical: 33"" Broad: 9'11"" 3 cone: N/A Shuttle: N/A Bench: N/A","31 ½"" Wingspan: N/A 40-yard dash: 4.66 10-yard split: 1.7 Vertical: 33"" Broad: 9'11"" 3 cone: N/A Shuttle: N/A Bench: N/A","N/A 40-yard dash: 4.66 10-yard split: 1.7 Vertical: 33"" Broad: 9'11"" 3 cone: N/A Shuttle: N/A Bench: N/A",NA,NA,"33"" Broad: 9'11"" 3 cone: N/A Shuttle: N/A Bench: N/A","9'11"" 3 cone: N/A Shuttle: N/A Bench: N/A",NA,"N/A Bench: N/A","N/A"
"158","https://bleacherreport.com/articles/25361051-nfl-draft-2026-scouting-report-baylor-qb-sawyer-robertson","NFL Draft 2026 Scouting Report for Baylor QB Sawyer Robertson","NFL Draft 2026 Scouting Report for Baylor QB Sawyer Robertson","Sawyer Robertson",NA,"- Robertson is a plus-level athlete. He can use his legs to pick up free yards as a scrambler or extend plays to throw outside of the pocket. | - He has good physical size to operate inside the pocket, allowing him to see the field and find throwing lanes. | - Throws with good touch to layer passes. The second-team All-Big 12 performer displays good placement on back-shoulder fades to stop his receiver and pull them away from the cornerback. | - Flashes anticipation throws versus zone coverages to lead his receiver into the open voids within the coverage.","- Robertson's accuracy is spotty. He is inconsistent in placing the ball out of reach of defenders. | - Heavily reliant on hitting his first read through his progression. He struggles to distribute the ball when forced to read the full field. | - He plays with a late trigger and does not hit the open receiver quickly. He needs to be consistent with playing on time and on schedule. Robertson tends to hold the football too long if his first read is covered. | - Arm strength is only above average. His passes tend to lose steam the further he targets someone down the field. | Grade, Rank, and Pro Comparison | .css-1582m2i{margin:0;font:inherit;font-weight:700;}GRADE: 6.0 (Developmental Prospect — 5th Round) | COMPARABLE GRADE: Jaren Hall (6.1 in 2023), Dorian Thompson-Robinson (6.1 in 2023), Jack Coan (6.1 in 2022) | OVERALL RANK: 213 | POSITION RANK: QB9 | PRO COMPARISON: Blaine Gabbert",NA,"Height: 6'4"" Weight: 216 HAND: 9⅜"" Arm: 32 ⅛"" | 40-YARD DASH: 4.64"" Vertical: 37.5"" Broad Jump: 10'3"" 3-Cone Drill: 7.45 20-Yard Shuttle: 4.46 Bench Press: N/A","6.0 (Developmental Prospect — 5th Round)","Jaren Hall (6.1 in 2023), Dorian Thompson-Robinson (6.1 in 2023), Jack Coan (6.1 in 2022)","213","QB9","Blaine Gabbert","6'4"" Weight: 216 HAND: 9⅜"" Arm: 32 ⅛""","216 HAND: 9⅜"" Arm: 32 ⅛""",NA,NA,NA,NA,NA,"37.5"" Broad Jump: 10'3"" 3-Cone Drill: 7.45 20-Yard Shuttle: 4.46 Bench Press: N/A",NA,NA,"4.46 Bench Press: N/A",NA
"159","https://bleacherreport.com/articles/25309126-nfl-draft-2026-scouting-report-clemson-rb-adam-randall","NFL Draft 2026 Scouting Report for Clemson RB Adam Randall","NFL Draft 2026 Scouting Report for Clemson RB Adam Randall","Adam Randall",NA,"- Randall runs hard with a powerful, muscular frame. He excels at getting north and south quickly with his shoulders squared as he hits the line of scrimmage. | - The wide receiver-convert displays above-average patience for a first-time running back. Specifically, he follows his blocks to daylight on gap/pin-pull power schemes. | - A conversion to RB brings a pass-catching element and versatility to generate advantageous matchups. | - He offers a viable option as a kick returner. Over the last two seasons, he's averaged 23.2 yards per kick return.","- Randall's lack of reps as a running back shows up in pass protection. His technique is lacking. He can benefit by playing with the same power as his frame suggests. | - He experienced dropped passes, which became one of the few reasons why he transitioned from WR to RB. He is not a natural hands-catcher. | - His skill set is scheme-dependent. He doesn't display the stop-start ability needed to work in a zone-heavy scheme. | - Clemson's big-bodied ball-carrier lacks the wiggle and elusiveness to make defenders miss in a phone booth and create extra yards for himself if the blocking is ineffective. | Grade, Rank, and Pro Comparison | .css-1582m2i{margin:0;font:inherit;font-weight:700;}GRADE: 6.0 (Developmental Prospect — 5th Round) | COMPARABLE GRADE: Jerrion Ealy (6.0 in 2022), Ty Davis-Price (6.1 in 2022), Will Shipley (6.0 in 2024) | OVERALL RANK: 179 | POSITION RANK: RB12 | PRO COMPARISON: Kalel Mullings",NA,"Height: 6'2"" Weight: 235 | Workout numbers and data will be added at a later date.","6.0 (Developmental Prospect — 5th Round)","Jerrion Ealy (6.0 in 2022), Ty Davis-Price (6.1 in 2022), Will Shipley (6.0 in 2024)","179","RB12","Kalel Mullings","6'2"" Weight: 235","235",NA,NA,NA,NA,NA,NA,NA,NA,NA,NA
"160","https://bleacherreport.com/articles/25327683-nfl-draft-2026-scouting-report-indiana-rb-kaelon-black","NFL Draft 2026 Scouting Report for Indiana RB Kaelon Black","NFL Draft 2026 Scouting Report for Indiana RB Kaelon Black","Kaelon Black",NA,"- Pressing the line of scrimmage with patience and vision. Black is skilled at finding open lanes to attack, making quick decisions. | - He gets skinny to slip through small creases on the offensive line. | - Black earns his yards after contact. He possesses the balance required to absorb contact and stay on his feet fighting forward. He has a strong base and leg drive, refusing to go down upon first contact. | - The former JMU transfer is a low-center-of-gravity runner, and he converts speed to power at the point of attack. He will lower his shoulder and punish his way through defenders with a head of steam. It's nearly impossible to win the leverage battle against him. | - Black has quick feet and lateral agility to jump cut and exchange gaps if the initial lane is clogged. | - Fearless pass protector. Black steps up against a free runner bearing down and provides firm pass protection for his quarterback.","- Black offers a limited receiving profile. He was rarely deployed as a receiver out of the backfield. | - A shorter build/frame will limit whether he receives a full workload for NFL teams. He will benefit from being the change-of-pace option behind an established starter, who is more suited for a full-time role. | - The Hoosiers' second-leading runner lacks explosive or dynamic athletic traits to raise his ceiling as an impact contributor. He is not known for generating big, explosive game-changing plays. | Grade, Rank, and Pro Comparison | .css-1582m2i{margin:0;font:inherit;font-weight:700;}GRADE: 5.9 (Backup/Draftable — 5th Round) | COMPARABLE GRADE: Kene Nwangwu (5.9 in 2021), Jacory Croskey-Merritt (5.8 in 2025), Corey Kiner (5.7 in 2025) | OVERALL RANK: 200 | POSITION RANK: RB15 | PRO COMPARISON: Kyle Monangai",NA,"Height: 5'10"" Weight: 211 | Workout numbers and data will be added at a later date.","5.9 (Backup/Draftable — 5th Round)","Kene Nwangwu (5.9 in 2021), Jacory Croskey-Merritt (5.8 in 2025), Corey Kiner (5.7 in 2025)","200","RB15","Kyle Monangai","5'10"" Weight: 211","211",NA,NA,NA,NA,NA,NA,NA,NA,NA,NA
"161","https://bleacherreport.com/articles/25357936-nfl-draft-2026-scouting-report-illinois-ot-jc-davis","NFL Draft 2026 Scouting Report for Illinois OT J.C. Davis","NFL Draft 2026 Scouting Report for Illinois OT J.C. Davis","J.C. Davis",NA,"— Thick, well-rounded build with solid grip strength and physicality. | — Does a nice job processing and working through gap exchanges, twists and stunts. | — Has a solid snatch-trap technique to steal leverage from leaning rushers. | — Extensive experience at left tackle.","— Late, wide strike-timing and hand placement consistently exposes his chest and saps his power. | — Unstable posture and base result in him being pried open far too easily. | — Leans into contact with late feet that leads into overextension and shaky contact balance.",".css-1582m2i{margin:0;font:inherit;font-weight:700;}GRADE: 5.9 (Backup/Draftable — 6th Round) | COMPARABLE GRADE: Trevor Reid (5.2 in 2023), Richard Gouraige (5.7 in 2023), Adrian Ealy (6.3 in 2021) | OVERALL RANK: 244 | POSITION RANK: OT19 | PRO COMPARISON: Trent Scott | TOP NEWS | NFL Not Investigating Mike Vrabel | Jeremiyah Love on Giants' Radar | Mock NFL Expansion Draft 📋","Height: 6'4"" Weight: 322 Arm: 34 ½"" Hand: 10 ⅛"" | 40-Yard Dash: 5.16 10-Yard Split: 1.78 Vertical: 30 ½"" Broad: 8'3"" Shuttle: NA 3-Cone: NA Bench: NA","5.9 (Backup/Draftable — 6th Round)","Trevor Reid (5.2 in 2023), Richard Gouraige (5.7 in 2023), Adrian Ealy (6.3 in 2021)","244","OT19","Trent Scott","6'4"" Weight: 322 Arm: 34 ½"" Hand: 10 ⅛""","322 Arm: 34 ½"" Hand: 10 ⅛""",NA,NA,NA,"5.16 10-Yard Split: 1.78 Vertical: 30 ½"" Broad: 8'3"" Shuttle: NA 3-Cone: NA Bench: NA","1.78 Vertical: 30 ½"" Broad: 8'3"" Shuttle: NA 3-Cone: NA Bench: NA","30 ½"" Broad: 8'3"" Shuttle: NA 3-Cone: NA Bench: NA","8'3"" Shuttle: NA 3-Cone: NA Bench: NA","NA Bench: NA","NA 3-Cone: NA Bench: NA","NA"
"162","https://bleacherreport.com/articles/25294405-nfl-draft-2026-scouting-report-missouri-iol-keagen-trost","NFL Draft 2026 Scouting Report for Missouri IOL Keagen Trost","NFL Draft 2026 Scouting Report for Missouri IOL Keagen Trost","Keagen Trost",NA,"— Barrel-chest with good square power to create displacement on angle-drive and down blocks. | — Stays square on second-level climb to maximize power and deliver a jolt to smaller targets that cross his path. | — Enough of an initial burst getting to his spot, while staying square in pass protection and using vertical sets. | — Proactive, well-timed punch with good stopping power to stymie the bull-rush.","— Marginal redirect and reactionary quickness often leave his feet stuck and stranded when caught in space against elusive, slippery defenders. | — Will take the bait against inside-out stutters, stop his feet and strike down the middle to shorten the corner against high-side rushes.",".css-1582m2i{margin:0;font:inherit;font-weight:700;}GRADE: 6.2 (Developmental Prospect — 5th Round) | COMPARABLE GRADE: Luke Kandra (5.9 in 2025), Nick Broeker (5.9 in 2023), Chris Paul (5.9 in 2022) | OVERALL RANK: 201 | POSITION RANK: IOL24 | PRO COMPARISON: Larry Borom | TOP NEWS | NFL Not Investigating Mike Vrabel | Jeremiyah Love on Giants' Radar | Mock NFL Expansion Draft 📋","Height: 6'5"" Weight: 311 Arm: 32 ⅜"" Hand: 9 ¼"" | 40-Yard Dash: NA 10-Yard Split: NA Vertical: 31"" Broad: NA Shuttle: NA 3-Cone: NA Bench: 26","6.2 (Developmental Prospect — 5th Round)","Luke Kandra (5.9 in 2025), Nick Broeker (5.9 in 2023), Chris Paul (5.9 in 2022)","201","IOL24","Larry Borom","6'5"" Weight: 311 Arm: 32 ⅜"" Hand: 9 ¼""","311 Arm: 32 ⅜"" Hand: 9 ¼""",NA,NA,NA,"NA 10-Yard Split: NA Vertical: 31"" Broad: NA Shuttle: NA 3-Cone: NA Bench: 26","NA Vertical: 31"" Broad: NA Shuttle: NA 3-Cone: NA Bench: 26","31"" Broad: NA Shuttle: NA 3-Cone: NA Bench: 26","NA Shuttle: NA 3-Cone: NA Bench: 26","NA Bench: 26","NA 3-Cone: NA Bench: 26","26"
"163","https://bleacherreport.com/articles/25328620-nfl-draft-2026-scouting-report-wyoming-iol-caden-barnett","NFL Draft 2026 Scouting Report for Wyoming IOL Caden Barnett","NFL Draft 2026 Scouting Report for Wyoming IOL Caden Barnett","Caden Barnett",NA,"— Good square power to deliver jolt at the point of attack and dig out defenders in the post on double-teams, pulls and down blocks. | — Has the lower body strength and firm base to eat power down the middle in his anchor. | — Will overwhelm and bury smaller targets that get caught on his track. | — Flashes an effective inside/drag hand to slow down and collect counter moves across his face.","— Sawed off build with inconsistent strike timing creates soft edges and short corners. | — Struggles to stay attached, re-leverage and keep his balance against slippery defenders late in reps. | — Will play short on base blocks exposing his chest and leaving him vulnerable against the push-pull technique.",".css-1582m2i{margin:0;font:inherit;font-weight:700;}GRADE: 6.0 (Developmental Prospect - Late 5th/Early 6th Round) | COMPARABLE GRADE: KT Leveston (6.0 in 2024), Atonio Mafi (5.6 in 2023), Cordell Volson (5.7 in 2022) | OVERALL RANK: 223 | POSITION RANK: IOL26 | PRO COMPARISON: Discount Gennings Dunker | TOP NEWS | Report: Falcons, Jags Make DT Trade | Mock NFL Expansion Draft 📋 | Every Team's Ideal 1st-Round Pick 👌","Height: 6'4"" Weight: 316 Arm: 33 ⅜"" Hand: 9 ½"" | 40-Yard Dash: 5.03 10-Yard Split: 1.73 Vertical: 31"" Broad: 8'9"" Shuttle: 4.63 3-Cone: 7.65 Bench: 22","6.0 (Developmental Prospect - Late 5th/Early 6th Round)","KT Leveston (6.0 in 2024), Atonio Mafi (5.6 in 2023), Cordell Volson (5.7 in 2022)","223","IOL26","Discount Gennings Dunker","6'4"" Weight: 316 Arm: 33 ⅜"" Hand: 9 ½""","316 Arm: 33 ⅜"" Hand: 9 ½""",NA,NA,NA,"5.03 10-Yard Split: 1.73 Vertical: 31"" Broad: 8'9"" Shuttle: 4.63 3-Cone: 7.65 Bench: 22","1.73 Vertical: 31"" Broad: 8'9"" Shuttle: 4.63 3-Cone: 7.65 Bench: 22","31"" Broad: 8'9"" Shuttle: 4.63 3-Cone: 7.65 Bench: 22","8'9"" Shuttle: 4.63 3-Cone: 7.65 Bench: 22","7.65 Bench: 22","4.63 3-Cone: 7.65 Bench: 22","22"
"164","https://bleacherreport.com/articles/25325889-nfl-draft-2026-scouting-report-ucla-ot-reuben-unije","NFL Draft 2026 Scouting Report for UCLA OT Reuben Unije","NFL Draft 2026 Scouting Report for UCLA OT Reuben Unije","Reuben Unije",NA,"— Excellent length with good strike timing and placement to weaponize it and establish first meaningful contact. | — Smooth footwork to his spot in pass protection to arrive at the junction point square and under control. | — Good grip strength once latched with an aggressive mindset to 'turn the wheel', torque and use the defender's momentum against themselves. | — Throws his hips back in his anchor to brace and reduce the shock of a bull-rush with the rusher at his fingertips.","— Narrow margin for error and soft edges against rushers that can change levels mid-rush and string moves together. | — Will bite when being set up in pass protection, swinging open against high-to-low side counter moves and striking down the middle against low-to-high side counters. | — Erratic ability to intersect smaller targets on the move in the run game due to choppy feet, leaning into contact and chasing instead of bringing his feet.",".css-1582m2i{margin:0;font:inherit;font-weight:700;}GRADE: 5.3 (UDFA with Roster Potential) | COMPARABLE GRADE: Earl Bostick Jr. (5.7 in 2023), Dare Rosenthal (5.9 in 2022), Adrian Ealy (6.3 in 2021) | OVERALL RANK: 320 | POSITION RANK: OT24 | PRO COMPARISON: Justin Senior | TOP NEWS | NFL Not Investigating Mike Vrabel | Jeremiyah Love on Giants' Radar | Mock NFL Expansion Draft 📋","Height: 6'6"" Weight: 315 Workout numbers and data will be added at a later date.","5.3 (UDFA with Roster Potential)","Earl Bostick Jr. (5.7 in 2023), Dare Rosenthal (5.9 in 2022), Adrian Ealy (6.3 in 2021)","320","OT24","Justin Senior","6'6"" Weight: 315 Workout numbers and data will be added at a later date.","315 Workout numbers and data will be added at a later date.",NA,NA,NA,NA,NA,NA,NA,NA,NA,NA
"165","https://bleacherreport.com/articles/25358021-nfl-draft-2026-scouting-report-dartmouth-iol-delby-lemieux","NFL Draft 2026 Scouting Report for Dartmouth IOL Delby Lemieux","NFL Draft 2026 Scouting Report for Dartmouth IOL Delby Lemieux","Delby Lemieux",NA,"— Solid initial quickness out of his stance leads to efficient tracks and timing in Dartmouth's zone-run scheme. | — Plays with tight hand-placement and delivers decent pop at the point of attack to uproot targets on angle-drive blocks. | — Team captain as a senior in both collegiate and high school levels.","— Consistently leaves chest exposed in pass protection, which results in compression against power and an unreliable anchor. | — Regularly push-pulled into extension leading to shaky sustain skills. | — Steps in the bucket when rushers get on his edge, shortening the corner and resulting in quick, glaring losses. | — Will need to kick inside as part of his transition to the next level, though he made zero collegiate starts along the interior.",".css-1582m2i{margin:0;font:inherit;font-weight:700;}GRADE: 5.3 (UDFA with Roster Potential — UDFA) | COMPARABLE GRADE: C.J. Hanson (5.3 in 2023), Alec Lindstrom (5.3 in 2022), Jimmy Morrissey (5.8 in 2021) | OVERALL RANK: 216 | POSITION RANK: IOL28 | PRO COMPARISON: Nick Zakelj | TOP NEWS | Mock NFL Expansion Draft 📋 | Report: Falcons, Jags Make DT Trade | Every Team's Ideal 1st-Round Pick 👌","Height: 6'4"" Weight: 295 Workout numbers and data will be added at a later date.","5.3 (UDFA with Roster Potential — UDFA)","C.J. Hanson (5.3 in 2023), Alec Lindstrom (5.3 in 2022), Jimmy Morrissey (5.8 in 2021)","216","IOL28","Nick Zakelj","6'4"" Weight: 295 Workout numbers and data will be added at a later date.","295 Workout numbers and data will be added at a later date.",NA,NA,NA,NA,NA,NA,NA,NA,NA,NA
"166","https://bleacherreport.com/articles/25356883-nfl-draft-2026-scouting-report-lsu-wr-aaron-anderson","NFL Draft 2026 Scouting Report for LSU WR Aaron Anderson","NFL Draft 2026 Scouting Report for LSU WR Aaron Anderson","Aaron Anderson",NA,"- Crafty route-runner who defeats man coverage with his quickness. Runs detailed routes with little wasted motion and sharp plants at the apex of his route stem. | - Deploys varying releases to enter his route against different alignments. Able to counter press coverage with good use of hands and intentional footwork. | - Excels at attacking zone coverages. Finds open grass and settles into the voids. | - Does not provide indicators of when he'll snap or sink at the break point. | - Elusive in the open field and in a phone booth to help generate yards after the catch. Effective on short and intermediate routes, along with manufactured touches like screens.","- Will not meet the required size measurements for all 32 teams. | - Limited wingspan and catch radius. Will not win contested or high-point passes. | - Struggles to detach from physical, handsy press coverage cornerbacks. | Grade, Rank, and Pro Comparison | .css-1582m2i{margin:0;font:inherit;font-weight:700;}GRADE: 5.70 (Backup/Draftable — 6th-7th Round) | COMPARABLE GRADE: Tahj Washington (6.3 in 2024), Jacob Cowing (6.3 in 2024), Ryan Flournoy (5.9 in 2024) | OVERALL RANK: 215 | POSITION RANK: WR23 | PRO COMPARISON: Demario Douglas",NA,"Height: 5'8"" Weight: 188 | Workout numbers and data will be added at a later date.","5.70 (Backup/Draftable — 6th-7th Round)","Tahj Washington (6.3 in 2024), Jacob Cowing (6.3 in 2024), Ryan Flournoy (5.9 in 2024)","215","WR23","Demario Douglas","5'8"" Weight: 188","188",NA,NA,NA,NA,NA,NA,NA,NA,NA,NA
"167","https://bleacherreport.com/articles/25329157-nfl-draft-2026-scouting-report-arkansas-iol-fernando-carmona","NFL Draft 2026 Scouting Report for Arkansas IOL Fernando Carmona","NFL Draft 2026 Scouting Report for Arkansas IOL Fernando Carmona","Fernando Carmona",NA,"— Solid grip strength with low center of gravity to brace, absorb power and stay attached once latched. | — Clear eyes to key and process basic line games, stunts and blitzes. | — Scrappy, aggressive play style helps him die slowly and occupy defenders on double-teams and combinations. | — Extensive experience at tackle and guard with high-end leadership qualities.","— Squatty, sawed off build with middling arm length. | — Below average athletic ability and lateral quickness sap recovery skills. | — Soft edges in pass protection and against movement across his face lead to persistent leakage and color in adjacent gaps.",".css-1582m2i{margin:0;font:inherit;font-weight:700;}GRADE: 5.9 (Backup/Draftable - 6th Round) | COMPARABLE GRADE: Keaton Bills (5.6 in 2024), T.J. Bass (5.6 in 2022), James Empey (5.6 in 2022) | OVERALL RANK: 241 | POSITION RANK: IOL31 | PRO COMPARISON: Joe Looney | TOP NEWS | NFL Not Investigating Mike Vrabel | Jeremiyah Love on Giants' Radar | Mock NFL Expansion Draft 📋","Height: 6'5"" Weight: 316 Arm: 32 ⅛"" Hand: 9 ½"" | 40-Yard Dash: 5.22 10-Yard Split: 1.85 Vertical: 29"" Broad: 8'7"" Shuttle: 4.75 3-Cone: 7.5 Bench: 26","5.9 (Backup/Draftable - 6th Round)","Keaton Bills (5.6 in 2024), T.J. Bass (5.6 in 2022), James Empey (5.6 in 2022)","241","IOL31","Joe Looney","6'5"" Weight: 316 Arm: 32 ⅛"" Hand: 9 ½""","316 Arm: 32 ⅛"" Hand: 9 ½""",NA,NA,NA,"5.22 10-Yard Split: 1.85 Vertical: 29"" Broad: 8'7"" Shuttle: 4.75 3-Cone: 7.5 Bench: 26","1.85 Vertical: 29"" Broad: 8'7"" Shuttle: 4.75 3-Cone: 7.5 Bench: 26","29"" Broad: 8'7"" Shuttle: 4.75 3-Cone: 7.5 Bench: 26","8'7"" Shuttle: 4.75 3-Cone: 7.5 Bench: 26","7.5 Bench: 26","4.75 3-Cone: 7.5 Bench: 26","26"
"168","https://bleacherreport.com/articles/25328390-nfl-draft-2026-scouting-report-oregon-iol-alex-harkey","NFL Draft 2026 Scouting Report for Oregon IOL Alex Harkey","NFL Draft 2026 Scouting Report for Oregon IOL Alex Harkey","Alex Harkey",NA,"— Thick, stout build with heavy hands. | — Flashes of jarring power to uproot and torque defenders out of the lane on angle-drive blocks. | — Effective snatch-trap technique to steal leverage and earn quick wins against the bull-rush. | — Brings an edge as a finisher and is consistently running his feet with the intent of burying defenders.","— Shaky body control and sustain skills lead to a boom-or-bust down-to-down blocker. | — Susceptible to being slipped cleanly high-side in pass protection and across his face in the run game. | — Runs his feet to finish but lacks a governor to adjust and re-leverage.",".css-1582m2i{margin:0;font:inherit;font-weight:700;}GRADE: 5.8 (Backup/Draftable - 6th Round) | COMPARABLE GRADE: KT Leveston (6.0 in 2024), Atonio Mafi (5.6 in 2023), Cordell Volson (5.7 in 2022) | OVERALL RANK: 256 | POSITION RANK: IOL34 | PRO COMPARISON: Jalen Mayfield | TOP NEWS | Report: Falcons, Jags Make DT Trade | Brissett Wants Starter Money | Every Team's Ideal 1st-Round Pick 👌","Height: 6'6"" Weight: 308 Arm: 31 ¾"" Hand: 10 ⅛"" | 40-Yard Dash: 5.20 10-Yard Split: 1.79 Vertical: 31"" Broad: 8'3"" Shuttle: 4.90 3-Cone: 7.69 Bench: 21","5.8 (Backup/Draftable - 6th Round)","KT Leveston (6.0 in 2024), Atonio Mafi (5.6 in 2023), Cordell Volson (5.7 in 2022)","256","IOL34","Jalen Mayfield","6'6"" Weight: 308 Arm: 31 ¾"" Hand: 10 ⅛""","308 Arm: 31 ¾"" Hand: 10 ⅛""",NA,NA,NA,"5.20 10-Yard Split: 1.79 Vertical: 31"" Broad: 8'3"" Shuttle: 4.90 3-Cone: 7.69 Bench: 21","1.79 Vertical: 31"" Broad: 8'3"" Shuttle: 4.90 3-Cone: 7.69 Bench: 21","31"" Broad: 8'3"" Shuttle: 4.90 3-Cone: 7.69 Bench: 21","8'3"" Shuttle: 4.90 3-Cone: 7.69 Bench: 21","7.69 Bench: 21","4.90 3-Cone: 7.69 Bench: 21","21"
"169","https://bleacherreport.com/articles/25369625-nfl-draft-2026-scouting-report-iowa-dl-aaron-graves","NFL Draft 2026 Scouting Report for Iowa DL Aaron Graves","NFL Draft 2026 Scouting Report for Iowa DL Aaron Graves","Aaron Graves",NA,"- Graves has good size and appears to have long arms. Fits the physical profile for an NFL 4i-technique. | - Decent overall athlete who shows solid quickness, giving him potential to develop as a pass-rusher. | - Sets up his pass-rush moves well by stemming outside to open up an inside lane or vice versa. | - Has flashed a solid swim-move that he can win with as a pass-rusher or use to escape blocks in the run game. | - When he picks his hand straight up from the ground, he has the upper-body strength and length to get extension blocks in the run game. | - Solid at moving his feet and using his agility to avoid getting reached.","- Graves is a waist-bender, not a knee-bender, hindering his lower-body strength and ability to stay in his gap. He ends up losing gap control against one-on-one blocks from offensive linemen, who play with good leverage, and gets blown off the ball by combo blocks. | - Waist bending also causes issues with his balance, as he ends up with his nose over his toes often. | - Hands are often late and wide as a run defender, exposing his chest and leading to getting stuck on blocks often. | - Late to recognize and struggles to sink his hips against down blocks, leading to him getting washed inside. | - Use of hands as a pass-rusher is poor, showing issues with timing and accuracy, which makes it difficult for him to win consistently. | Grade, Rank, and Pro Comparison | .css-1582m2i{margin:0;font:inherit;font-weight:700;}GRADE: 5.6 (Backup/Draftable — 6th-7th Round) | COMPARABLE GRADE: Zeek Biggers, Georgia Tech (5.6 in 2025), Logan Lee, Iowa (5.6 in 2024), Cameron Young, Mississippi State (5.6 in 2023) | OVERALL RANK: 280 | POSITION RANK: DL28 | PRO COMPARISON: Matt Dickerson",NA,"HEIGHT: 6'5"" | WEIGHT: 295 | Workout numbers and data will be added at a later date.","5.6 (Backup/Draftable — 6th-7th Round)","Zeek Biggers, Georgia Tech (5.6 in 2025), Logan Lee, Iowa (5.6 in 2024), Cameron Young, Mississippi State (5.6 in 2023)","280","DL28","Matt Dickerson",NA,NA,NA,NA,NA,NA,NA,NA,NA,NA,NA,NA
